{"type":"FeatureCollection","features":[{"type":"Feature","geometry":{"type":"LineString","coordinates":[[-80.10321366666666,26.685551750000002],[-80.10321366666666,26.6866705]]},"properties":{"style":"solid","thickness":1}},{"type":"Feature","geometry":{"type":"LineString","coordinates":[[-80.10290233333333,26.68543986111111],[-80.10290230555555,26.68678236111111]]},"properties":{"style":"solid","thickness":1}},{"type":"Feature","geometry":{"type":"LineString","coordinates":[[-80.10259097222222,26.68543986111111],[-80.10259094444444,26.68678236111111]]},"properties":{"style":"solid","thickness":1}},{"type":"Feature","geometry":{"type":"LineString","coordinates":[[-80.1022796111111,26.685551722222222],[-80.10227958333333,26.68667047222222]]},"properties":{"style":"solid","thickness":1}},{"type":"Feature","geometry":{"type":"LineString","coordinates":[[-80.10196825,26.68611111111111],[-80.10197308333333,26.686190416666665],[-80.10198863888888,26.686273305555556],[-80.10201644444444,26.68635825],[-80.10205758333333,26.686443194444443],[-80.10211272222222,26.68652572222222],[-80.10218172222221,26.686603166666668],[-80.1022636111111,26.68667277777778],[-80.10235658333333,26.68673213888889],[-80.1024581111111,26.686779194444444],[-80.1025651111111,26.68681275],[-80.10267424999999,26.686832333333335],[-80.10278236111111,26.686838277777778],[-80.10288666666666,26.686831694444443],[-80.10298486111111,26.68681411111111],[-80.10307536111111,26.686787388888888],[-80.10315725,26.686753444444445],[-80.10323199999999,26.686713027777778],[-80.10330502777778,26.686662916666666],[-80.10337466666667,26.68660236111111],[-80.1034385,26.686531277777778],[-80.10349388888888,26.686450222222224],[-80.10353825,26.68636038888889],[-80.10356930555555,26.68626363888889],[-80.10358527777777,26.68616247222222],[-80.10358527777777,26.68605977777778],[-80.10356930555555,26.68595861111111],[-80.10353825,26.68586186111111],[-80.10349388888888,26.685772],[-80.1034385,26.685690944444445],[-80.10337466666667,26.68561988888889],[-80.10330502777778,26.685559305555557],[-80.10323202777778,26.685509194444446],[-80.10315725,26.68546877777778],[-80.10307538888888,26.685434861111112],[-80.10298486111111,26.685408111111112],[-80.10288666666666,26.685390527777777],[-80.10278238888888,26.685383944444446],[-80.10267427777777,26.68538988888889],[-80.1025651111111,26.685409472222222],[-80.10245813888888,26.685443],[-80.1023566111111,26.685490083333335],[-80.10226363888889,26.685549416666667],[-80.10218172222221,26.685619055555556],[-80.10211274999999,26.685696472222222],[-80.1020576111111,26.685779],[-80.10201644444444,26.685863944444446],[-80.10198863888888,26.685948888888888],[-80.10197308333333,26.686031777777778],[-80.10196825,26.68611111111111]]},"properties":{"style":"solid","thickness":1}},{"type":"Feature","geometry":{"type":"LineString","coordinates":[[-80.82495108333333,26.82045986111111],[-80.8183265,26.821223555555555]]},"properties":{"style":"solid","thickness":1}},{"type":"Feature","geometry":{"type":"LineString","coordinates":[[-80.82159888888889,26.820846361111112],[-80.82029655555556,26.811751833333336]]},"properties":{"style":"solid","thickness":1}},{"type":"Feature","geometry":{"type":"LineString","coordinates":[[-80.80823352777777,26.815325694444446],[-80.81326163888889,26.81474641666667]]},"properties":{"style":"solid","thickness":1}},{"type":"Feature","geometry":{"type":"LineString","coordinates":[[-80.81375225,26.812506111111112],[-80.81170180555556,26.821986972222223],[-80.80712805555555,26.813269305555558]]},"properties":{"style":"solid","thickness":1}},{"type":"Feature","geometry":{"type":"LineString","coordinates":[[-80.80053097222222,26.818760472222223],[-80.79755072222223,26.81437213888889]]},"properties":{"style":"solid","thickness":1}},{"type":"Feature","geometry":{"type":"LineString","coordinates":[[-80.80385580555556,26.81364616666667],[-80.80515686111112,26.82274086111111],[-80.80108616666666,26.82320961111111],[-80.79983769444445,26.82298938888889],[-80.79859524999999,26.821676583333332],[-80.79847236111111,26.82081725],[-80.79922530555555,26.819274749999998],[-80.80045113888889,26.818769666666668],[-80.80452166666666,26.818300944444445]]},"properties":{"style":"solid","thickness":1}},{"type":"Feature","geometry":{"type":"LineString","coordinates":[[-80.79557872222222,26.823843583333332],[-80.78895372222222,26.824605944444443]]},"properties":{"style":"solid","thickness":1}},{"type":"Feature","geometry":{"type":"LineString","coordinates":[[-80.79222633333333,26.824229388888888],[-80.79092627777777,26.815134583333332]]},"properties":{"style":"solid","thickness":1}},{"type":"Feature","geometry":{"type":"LineString","coordinates":[[-80.78186419444444,26.820981194444443],[-80.781189,26.816254722222222]]},"properties":{"style":"solid","thickness":1}},{"type":"Feature","geometry":{"type":"LineString","coordinates":[[-80.7856811111111,26.824982388888888],[-80.78186419444444,26.820981194444443],[-80.77929544444444,26.825716749999998]]},"properties":{"style":"solid","thickness":1}},{"type":"Feature","geometry":{"type":"LineString","coordinates":[[-80.80701063888888,26.780960194444443],[-80.80621275,26.78105213888889],[-80.80478466666666,26.78070711111111],[-80.80329302777777,26.779350305555553],[-80.80271788888889,26.77759675],[-80.80248238888889,26.775949666666666],[-80.80254555555555,26.77412261111111],[-80.80368683333333,26.7724625],[-80.80491213888888,26.77195736111111],[-80.80570997222222,26.771865444444444],[-80.80695788888889,26.77208563888889],[-80.80852927777778,26.773433194444443],[-80.80910447222222,26.77518672222222],[-80.80934008333332,26.776833805555555],[-80.80928725,26.77873247222222],[-80.808146,26.780392638888888],[-80.80701063888888,26.780960194444443]]},"properties":{"style":"solid","thickness":1}},{"type":"Feature","geometry":{"type":"LineString","coordinates":[[-80.79998925,26.781769],[-80.79709347222222,26.772857944444443],[-80.79631894444444,26.78219163888889],[-80.79294472222222,26.773335638888888],[-80.79248902777778,26.78263258333333]]},"properties":{"style":"solid","thickness":1}},{"type":"Feature","geometry":{"type":"LineString","coordinates":[[-80.78913783333333,26.783018305555554],[-80.78783852777778,26.77392338888889],[-80.782094,26.774584388888886]]},"properties":{"style":"solid","thickness":1}},{"type":"Feature","geometry":{"type":"LineString","coordinates":[[-80.78004158333333,26.784064861111112],[-80.778743,26.77496986111111],[-80.7729983611111,26.7756305]]},"properties":{"style":"solid","thickness":1}},{"type":"Feature","geometry":{"type":"LineString","coordinates":[[-80.77094516666666,26.785110861111114],[-80.76964727777778,26.77601575],[-80.76390252777777,26.77667602777778]]},"properties":{"style":"solid","thickness":1}},{"type":"Feature","geometry":{"type":"LineString","coordinates":[[-80.87597938888888,26.77562777777778],[-80.87132288888888,26.76692136111111],[-80.86935774999999,26.776393833333334]]},"properties":{"style":"solid","thickness":1}},{"type":"Feature","geometry":{"type":"LineString","coordinates":[[-80.86608677777777,26.776772138888887],[-80.86504869444444,26.76953975],[-80.8645446111111,26.768287722222222],[-80.86302647222222,26.767880916666666],[-80.86031413888888,26.7681945],[-80.85896038888889,26.76893336111111],[-80.85866666666666,26.77027763888889],[-80.8597043611111,26.777510055555556]]},"properties":{"style":"solid","thickness":1}},{"type":"Feature","geometry":{"type":"LineString","coordinates":[[-80.85635355555554,26.77789736111111],[-80.85531605555555,26.770664916666664],[-80.85481208333333,26.769412833333334],[-80.85329394444445,26.769005916666664],[-80.85058158333332,26.769319333333332],[-80.84922775,26.77005811111111],[-80.84893388888888,26.77140236111111],[-80.849971,26.77863486111111]]},"properties":{"style":"solid","thickness":1}},{"type":"Feature","geometry":{"type":"LineString","coordinates":[[-80.84662011111111,26.779021916666665],[-80.84295008333333,26.77944575],[-80.84150138888889,26.778957888888886],[-80.84039797222222,26.777483805555555],[-80.83970144444444,26.775453194444445],[-80.83981069444444,26.772819972222223],[-80.8404625,26.771143249999998],[-80.84164658333333,26.77035136111111],[-80.84531633333333,26.769927555555554],[-80.84662011111111,26.779021916666665]]},"properties":{"style":"solid","thickness":1}},{"type":"Feature","geometry":{"type":"LineString","coordinates":[[-80.83704605555555,26.78012738888889],[-80.83600975,26.772894805555556],[-80.83550597222222,26.771642666666665],[-80.83398786111111,26.771235527777776],[-80.83127538888888,26.77154858333333],[-80.82992141666666,26.772287166666665],[-80.82962733333333,26.773631388888887],[-80.83066322222221,26.780864027777778]]},"properties":{"style":"solid","thickness":1}},{"type":"Feature","geometry":{"type":"LineString","coordinates":[[-80.63738041666667,26.721653527777775],[-80.63609383333333,26.712557]]},"properties":{"style":"solid","thickness":1}},{"type":"Feature","geometry":{"type":"LineString","coordinates":[[-80.63035144444444,26.71321188888889],[-80.63163755555554,26.72230847222222]]},"properties":{"style":"solid","thickness":1}},{"type":"Feature","geometry":{"type":"LineString","coordinates":[[-80.63099952777777,26.717796],[-80.63674216666668,26.71714108333333]]},"properties":{"style":"solid","thickness":1}},{"type":"Feature","geometry":{"type":"LineString","coordinates":[[-80.62828752777777,26.722690388888886],[-80.62700166666666,26.713593805555554],[-80.62125916666666,26.714248333333334]]},"properties":{"style":"solid","thickness":1}},{"type":"Feature","geometry":{"type":"LineString","coordinates":[[-80.61790933333333,26.714630027777776],[-80.61919449999999,26.723726694444444]]},"properties":{"style":"solid","thickness":1}},{"type":"Feature","geometry":{"type":"LineString","coordinates":[[-80.6107111111111,26.720471749999998],[-80.60995508333333,26.721431194444442],[-80.60970797222221,26.722551027777776],[-80.60975855555554,26.722909166666664],[-80.61032930555555,26.724081444444444],[-80.61177636111111,26.724571666666666],[-80.61584438888889,26.72410836111111],[-80.6145595,26.71501163888889],[-80.61001322222222,26.715529416666666],[-80.60882808333332,26.716319388888888],[-80.60852144444443,26.717591555555554],[-80.60867313888889,26.71866597222222],[-80.60930341666666,26.719685916666666],[-80.6107111111111,26.720471749999998],[-80.61525755555554,26.71995394444444]]},"properties":{"style":"solid","thickness":1}},{"type":"Feature","geometry":{"type":"LineString","coordinates":[[-80.60627252777778,26.72519833333333],[-80.59965186111111,26.725951888888886]]},"properties":{"style":"solid","thickness":1}},{"type":"Feature","geometry":{"type":"LineString","coordinates":[[-80.60292230555555,26.72557969444444],[-80.60163841666666,26.71648286111111]]},"properties":{"style":"solid","thickness":1}},{"type":"Feature","geometry":{"type":"LineString","coordinates":[[-80.31983769444444,26.66369483333333],[-80.31883494444445,26.656458166666667],[-80.31914463888889,26.655186583333332],[-80.32057036111111,26.654372249999998],[-80.32144749999999,26.65427411111111],[-80.32329116666666,26.654722694444445],[-80.32384875,26.65582447222222],[-80.32400763888889,26.65697086111111]]},"properties":{"style":"solid","thickness":1}},{"type":"Feature","geometry":{"type":"LineString","coordinates":[[-80.30978394444445,26.65776136111111],[-80.31480777777777,26.657199638888887]]},"properties":{"style":"solid","thickness":1}},{"type":"Feature","geometry":{"type":"LineString","coordinates":[[-80.31530744444444,26.654960944444444],[-80.31321861111111,26.66443508333333],[-80.30868886111111,26.65570097222222]]},"properties":{"style":"solid","thickness":1}},{"type":"Feature","geometry":{"type":"LineString","coordinates":[[-80.30541938888888,26.65606644444444],[-80.30667922222221,26.66516613888889],[-80.29911966666667,26.656770388888887],[-80.30037899999999,26.665870138888888]]},"properties":{"style":"solid","thickness":1}},{"type":"Feature","geometry":{"type":"LineString","coordinates":[[-80.29710922222222,26.666235388888886],[-80.29344066666667,26.66664511111111],[-80.29199569444444,26.666151638888888],[-80.29090038888889,26.66467325],[-80.29021424999999,26.66263986111111],[-80.29033597222222,26.660006944444444],[-80.29099513888889,26.658332638888886],[-80.29218188888889,26.657545305555555],[-80.29585013888888,26.65713561111111],[-80.29710922222222,26.666235388888886]]},"properties":{"style":"solid","thickness":1}},{"type":"Feature","geometry":{"type":"LineString","coordinates":[[-80.28162794444444,26.667308916666666],[-80.28331216666666,26.667775805555557],[-80.28514647222222,26.667571083333335],[-80.28673208333333,26.66673927777778],[-80.28729133333333,26.66551272222222],[-80.28723186111111,26.665082805555553],[-80.28628575,26.664097027777775],[-80.28136305555556,26.662463694444444],[-80.28042691666667,26.661549527777776],[-80.28038780555555,26.660680805555554],[-80.28094708333333,26.65945425],[-80.28221363888889,26.65865811111111],[-80.28412755555556,26.658444499999998],[-80.28504438888889,26.658633194444445],[-80.28642930555556,26.65927894444444]]},"properties":{"style":"solid","thickness":1}},{"type":"Feature","geometry":{"type":"LineString","coordinates":[[-80.18565677777778,26.608620833333333],[-80.18489794444444,26.609578055555556],[-80.18464694444445,26.610697194444445],[-80.1846961388889,26.611055472222223],[-80.18526205555555,26.612229472222225],[-80.1867058888889,26.612724055555557],[-80.19077172222222,26.612272833333336],[-80.18952163888889,26.603172],[-80.18497783333333,26.603676250000003],[-80.18379091666667,26.604462722222223],[-80.18347986111111,26.60573402777778],[-80.18362744444445,26.60680891666667],[-80.18425336111112,26.607830777777778],[-80.18565677777778,26.608620833333333],[-80.19020077777778,26.608116555555558]]},"properties":{"style":"solid","thickness":1}},{"type":"Feature","geometry":{"type":"LineString","coordinates":[[-80.18058525000001,26.608819722222222],[-80.17643977777779,26.609279500000003]]},"properties":{"style":"solid","thickness":1}},{"type":"Feature","geometry":{"type":"LineString","coordinates":[[-80.17538519444444,26.61397977777778],[-80.18120502777778,26.613334333333334],[-80.17995566666667,26.604233444444446],[-80.17373769444445,26.60492302777778]]},"properties":{"style":"solid","thickness":1}},{"type":"Feature","geometry":{"type":"LineString","coordinates":[[-80.1721165,26.614342166666667],[-80.17086783333333,26.605241194444446]]},"properties":{"style":"solid","thickness":1}},{"type":"Feature","geometry":{"type":"LineString","coordinates":[[-80.16725325,26.614881222222223],[-80.17132008333334,26.608537611111114]]},"properties":{"style":"solid","thickness":1}},{"type":"Feature","geometry":{"type":"LineString","coordinates":[[-80.16998127777778,26.610577555555558],[-80.16512808333334,26.60587738888889]]},"properties":{"style":"solid","thickness":1}},{"type":"Feature","geometry":{"type":"LineString","coordinates":[[-80.15625494444446,26.60904288888889],[-80.16127741666668,26.608486555555558]]},"properties":{"style":"solid","thickness":1}},{"type":"Feature","geometry":{"type":"LineString","coordinates":[[-80.16177986111111,26.60624838888889],[-80.15967927777778,26.61572038888889],[-80.15516305555556,26.606981305555557]]},"properties":{"style":"solid","thickness":1}},{"type":"Feature","geometry":{"type":"LineString","coordinates":[[-80.15314166666667,26.61644438888889],[-80.15189450000001,26.607343250000003]]},"properties":{"style":"solid","thickness":1}},{"type":"Feature","geometry":{"type":"LineString","coordinates":[[-80.14615452777778,26.607978666666668],[-80.14740125,26.61707986111111]]},"properties":{"style":"solid","thickness":1}},{"type":"Feature","geometry":{"type":"LineString","coordinates":[[-80.14678277777779,26.612565111111113],[-80.15252297222223,26.61192966666667]]},"properties":{"style":"solid","thickness":1}},{"type":"Feature","geometry":{"type":"LineString","coordinates":[[-80.5735855,26.55347627777778],[-80.5733373611111,26.55171222222222]]},"properties":{"style":"solid","thickness":1}},{"type":"Feature","geometry":{"type":"LineString","coordinates":[[-80.57310922222221,26.553743472222223],[-80.5728021111111,26.55156011111111]]},"properties":{"style":"solid","thickness":1}},{"type":"Feature","geometry":{"type":"LineString","coordinates":[[-80.57260344444444,26.553801],[-80.57229633333333,26.55161763888889]]},"properties":{"style":"solid","thickness":1}},{"type":"Feature","geometry":{"type":"LineString","coordinates":[[-80.57206816666667,26.55364888888889],[-80.57182005555555,26.551884833333332]]},"properties":{"style":"solid","thickness":1}},{"type":"Feature","geometry":{"type":"LineString","coordinates":[[-80.57138775,26.55283013888889],[-80.57143858333333,26.55303891666667],[-80.57153005555556,26.553236166666668],[-80.57165919444444,26.553415555555556],[-80.57182191666666,26.553571333333334],[-80.57201291666667,26.553698472222223],[-80.5722261111111,26.55379288888889],[-80.57245461111111,26.553851555555557],[-80.57269108333332,26.553872583333334],[-80.57292794444444,26.553855305555555],[-80.57315758333333,26.55380027777778],[-80.57337258333332,26.55370925],[-80.57356605555555,26.553585138888888],[-80.57373177777778,26.553432],[-80.57386441666667,26.553254666666668],[-80.57395975,26.553058888888888],[-80.57401466666666,26.552850972222224],[-80.57402741666667,26.552637555555556],[-80.57399758333332,26.55242552777778],[-80.57392613888888,26.552221694444444],[-80.57381538888889,26.55203263888889],[-80.5736688611111,26.55186436111111],[-80.57349130555555,26.551722333333334],[-80.57328838888888,26.55161111111111],[-80.57306663888889,26.55153427777778],[-80.57283322222221,26.55149425],[-80.57259558333332,26.551492361111112],[-80.57236141666667,26.551528666666666],[-80.57213822222222,26.551602],[-80.57193313888888,26.55171],[-80.57175283333333,26.551849194444443],[-80.57160302777777,26.552015083333334],[-80.57148858333333,26.55220238888889],[-80.57141316666666,26.552405055555557],[-80.57137919444445,26.552616583333332],[-80.57138775,26.55283013888889]]},"properties":{"style":"solid","thickness":1}},{"type":"Feature","geometry":{"type":"LineString","coordinates":[[-80.55563333333333,26.54915038888889],[-80.5553855,26.547386305555555]]},"properties":{"style":"solid","thickness":1}},{"type":"Feature","geometry":{"type":"LineString","coordinates":[[-80.55515702777778,26.54941752777778],[-80.55485027777777,26.547234111111113]]},"properties":{"style":"solid","thickness":1}},{"type":"Feature","geometry":{"type":"LineString","coordinates":[[-80.55465124999999,26.549475],[-80.55434452777777,26.547291583333337]]},"properties":{"style":"solid","thickness":1}},{"type":"Feature","geometry":{"type":"LineString","coordinates":[[-80.55411602777778,26.54932280555556],[-80.55386819444445,26.547558722222224]]},"properties":{"style":"solid","thickness":1}},{"type":"Feature","geometry":{"type":"LineString","coordinates":[[-80.55343577777778,26.548503972222225],[-80.55348658333332,26.54871275],[-80.553578,26.54891002777778],[-80.55370713888888,26.549089416666668],[-80.55386980555555,26.549245222222225],[-80.55406077777778,26.54937238888889],[-80.55427394444445,26.549466833333334],[-80.55450244444444,26.549525527777778],[-80.55473891666666,26.549546583333335],[-80.55497575,26.549529333333336],[-80.55520538888888,26.549474333333336],[-80.55542038888889,26.549383333333335],[-80.55561386111111,26.549259250000002],[-80.5557796111111,26.54910611111111],[-80.55591230555555,26.54892880555556],[-80.55600763888889,26.54873305555556],[-80.55606258333333,26.54852513888889],[-80.55607536111111,26.548311722222223],[-80.55604558333333,26.548099694444446],[-80.55597416666666,26.54789586111111],[-80.55586344444444,26.547706750000003],[-80.55571694444444,26.5475385],[-80.55553941666666,26.547396444444445],[-80.55533652777777,26.547285194444445],[-80.55511480555555,26.547208305555557],[-80.55488138888889,26.54716827777778],[-80.55464377777777,26.547166361111113],[-80.55440961111111,26.54720263888889],[-80.55418638888888,26.547275944444447],[-80.55398133333333,26.54738388888889],[-80.55380097222222,26.54752305555556],[-80.55365116666667,26.547688944444445],[-80.55353669444445,26.547876222222225],[-80.55346125,26.54807888888889],[-80.55342725,26.548290416666667],[-80.55343577777778,26.548503972222225]]},"properties":{"style":"solid","thickness":1}},{"type":"Feature","geometry":{"type":"LineString","coordinates":[[-80.5376825,26.544822222222223],[-80.53743494444444,26.54305811111111]]},"properties":{"style":"solid","thickness":1}},{"type":"Feature","geometry":{"type":"LineString","coordinates":[[-80.53720616666666,26.545089305555557],[-80.53689977777778,26.542905861111112]]},"properties":{"style":"solid","thickness":1}},{"type":"Feature","geometry":{"type":"LineString","coordinates":[[-80.53670041666666,26.545146722222224],[-80.53639402777777,26.542963250000003]]},"properties":{"style":"solid","thickness":1}},{"type":"Feature","geometry":{"type":"LineString","coordinates":[[-80.53616522222222,26.544994472222225],[-80.53591769444444,26.543230333333334]]},"properties":{"style":"solid","thickness":1}},{"type":"Feature","geometry":{"type":"LineString","coordinates":[[-80.53548511111111,26.544175555555558],[-80.53553588888889,26.544384333333333],[-80.53562727777778,26.544581611111113],[-80.53575636111111,26.544761027777778],[-80.53591899999999,26.544916833333335],[-80.53610997222222,26.54504402777778],[-80.53632311111112,26.5451385],[-80.53655158333333,26.545197222222225],[-80.53678802777777,26.545218333333334],[-80.5370248888889,26.545201111111112],[-80.5372545,26.545146111111112],[-80.53746952777777,26.54505513888889],[-80.53766302777778,26.54493111111111],[-80.53782877777778,26.544777972222224],[-80.53796147222222,26.544600694444448],[-80.53805686111112,26.544404944444445],[-80.53811183333333,26.54419702777778],[-80.53812463888889,26.543983611111113],[-80.53809488888889,26.543771583333335],[-80.53802352777778,26.54356775],[-80.53791283333334,26.54337863888889],[-80.53776636111111,26.543210333333334],[-80.5375888611111,26.54306827777778],[-80.537386,26.542957],[-80.53716430555555,26.542880083333333],[-80.53693088888889,26.54284002777778],[-80.53669327777777,26.542838083333336],[-80.53645911111111,26.542874305555557],[-80.53623591666667,26.542947583333333],[-80.53603083333333,26.543055527777778],[-80.53585047222222,26.54319466666667],[-80.53570063888888,26.54336055555556],[-80.53558613888889,26.54354780555556],[-80.53551066666667,26.543750472222225],[-80.53547661111111,26.543961972222224],[-80.53548511111111,26.544175555555558]]},"properties":{"style":"solid","thickness":1}},{"type":"Feature","geometry":{"type":"LineString","coordinates":[[-80.519733,26.540491805555558],[-80.51948572222223,26.53872763888889]]},"properties":{"style":"solid","thickness":1}},{"type":"Feature","geometry":{"type":"LineString","coordinates":[[-80.51925663888889,26.540758833333335],[-80.51895058333334,26.538575333333334]]},"properties":{"style":"solid","thickness":1}},{"type":"Feature","geometry":{"type":"LineString","coordinates":[[-80.51875088888889,26.54081616666667],[-80.51844483333333,26.53863266666667]]},"properties":{"style":"solid","thickness":1}},{"type":"Feature","geometry":{"type":"LineString","coordinates":[[-80.51821575,26.540663861111113],[-80.5179685,26.538899694444446]]},"properties":{"style":"solid","thickness":1}},{"type":"Feature","geometry":{"type":"LineString","coordinates":[[-80.51753580555555,26.539844861111114],[-80.51758652777778,26.54005363888889],[-80.51767788888888,26.54025091666667],[-80.51780694444444,26.540430361111113],[-80.51796955555555,26.540586194444447],[-80.5181605,26.54071341666667],[-80.51837361111112,26.54080791666667],[-80.51860205555556,26.54086666666667],[-80.5188385,26.54088777777778],[-80.51907533333333,26.540870611111114],[-80.51930497222222,26.54081563888889],[-80.51952,26.540724694444446],[-80.5197135,26.54060066666667],[-80.51987927777778,26.540447583333336],[-80.520012,26.540270305555556],[-80.52010738888889,26.540074583333336],[-80.52016241666666,26.53986666666667],[-80.52017525,26.53965325],[-80.52014552777777,26.539441222222223],[-80.52007419444445,26.539237361111113],[-80.51996352777778,26.53904825],[-80.51981711111111,26.53887991666667],[-80.51963961111112,26.538737833333336],[-80.51943677777777,26.53862652777778],[-80.51921511111111,26.538549583333335],[-80.51898172222222,26.5385095],[-80.51874413888889,26.538507527777778],[-80.51850997222222,26.538543750000002],[-80.51828675,26.538616972222226],[-80.51808166666666,26.53872488888889],[-80.51790127777778,26.53886402777778],[-80.51775141666667,26.539029861111114],[-80.51763691666666,26.53921713888889],[-80.5175613888889,26.53941975],[-80.51752733333333,26.53963127777778],[-80.51753580555555,26.539844861111114]]},"properties":{"style":"solid","thickness":1}},{"type":"Feature","geometry":{"type":"LineString","coordinates":[[-80.50178483333333,26.53615911111111],[-80.50153783333333,26.534394944444447]]},"properties":{"style":"solid","thickness":1}},{"type":"Feature","geometry":{"type":"LineString","coordinates":[[-80.50130844444445,26.536426083333335],[-80.50100275,26.534242527777778]]},"properties":{"style":"solid","thickness":1}},{"type":"Feature","geometry":{"type":"LineString","coordinates":[[-80.50080269444445,26.536483361111113],[-80.500497,26.534299833333336]]},"properties":{"style":"solid","thickness":1}},{"type":"Feature","geometry":{"type":"LineString","coordinates":[[-80.50026761111111,26.536330972222224],[-80.50002061111111,26.53456677777778]]},"properties":{"style":"solid","thickness":1}},{"type":"Feature","geometry":{"type":"LineString","coordinates":[[-80.49958780555556,26.53551188888889],[-80.4996385,26.535720694444446],[-80.49972983333333,26.535917972222222],[-80.49985886111111,26.536097444444447],[-80.50002141666667,26.536253305555558],[-80.50021233333334,26.53638052777778],[-80.50042541666667,26.536475055555556],[-80.50065386111112,26.536533833333333],[-80.50089030555556,26.536555],[-80.50112713888889,26.536537833333334],[-80.50135675,26.536482916666667],[-80.50157177777778,26.536392000000003],[-80.50176530555555,26.536268000000003],[-80.5019311111111,26.53611491666667],[-80.50206386111111,26.53593766666667],[-80.50215927777778,26.535741944444446],[-80.50221430555555,26.53553402777778],[-80.50222719444444,26.53532063888889],[-80.5021975,26.535108583333336],[-80.50212619444444,26.534904722222223],[-80.50201558333333,26.534715583333334],[-80.50186916666667,26.534547250000003],[-80.50169172222222,26.53440513888889],[-80.50148891666667,26.534293805555556],[-80.50126725,26.534216833333335],[-80.50103388888888,26.534176722222224],[-80.50079630555555,26.534174722222225],[-80.5005621388889,26.53421088888889],[-80.50033891666666,26.534284111111113],[-80.50013380555555,26.534392],[-80.49995341666667,26.534531111111114],[-80.49980355555556,26.534696944444445],[-80.499689,26.534884166666668],[-80.49961347222222,26.535086805555558],[-80.49957936111112,26.535298305555557],[-80.49958780555556,26.53551188888889]]},"properties":{"style":"solid","thickness":1}},{"type":"Feature","geometry":{"type":"LineString","coordinates":[[-80.48383797222222,26.531824166666667],[-80.48359127777778,26.530059944444442]]},"properties":{"style":"solid","thickness":1}},{"type":"Feature","geometry":{"type":"LineString","coordinates":[[-80.48336158333333,26.53209108333333],[-80.48305622222223,26.5299075]]},"properties":{"style":"solid","thickness":1}},{"type":"Feature","geometry":{"type":"LineString","coordinates":[[-80.48285583333333,26.532148305555555],[-80.4825505,26.52996472222222]]},"properties":{"style":"solid","thickness":1}},{"type":"Feature","geometry":{"type":"LineString","coordinates":[[-80.48232077777779,26.531995833333333],[-80.48207408333333,26.53023161111111]]},"properties":{"style":"solid","thickness":1}},{"type":"Feature","geometry":{"type":"LineString","coordinates":[[-80.48164113888889,26.531176666666667],[-80.48169180555556,26.531385472222222],[-80.48178308333334,26.53158277777778],[-80.48191208333334,26.53176225],[-80.48207463888889,26.53191811111111],[-80.4822655,26.53204538888889],[-80.48247858333333,26.532139944444445],[-80.482707,26.53219875],[-80.48294341666667,26.532219944444442],[-80.48318025,26.532202805555556],[-80.48340986111111,26.532147916666666],[-80.48362491666667,26.532057],[-80.48381844444445,26.531933027777775],[-80.48398425,26.53177997222222],[-80.48411702777778,26.531602749999998],[-80.48421247222223,26.531407027777778],[-80.48426755555556,26.531199138888887],[-80.48428044444445,26.530985722222223],[-80.48425080555556,26.530773694444445],[-80.48417952777778,26.530569805555555],[-80.48406894444445,26.530380666666666],[-80.48392258333334,26.530212305555555],[-80.48374513888889,26.530070166666665],[-80.4835423611111,26.529958805555555],[-80.48332072222222,26.52988183333333],[-80.48308736111112,26.529841666666666],[-80.48284980555556,26.529839638888888],[-80.48261563888889,26.529875805555555],[-80.48239241666667,26.529948972222222],[-80.48218730555556,26.530056833333333],[-80.48200688888889,26.530195916666667],[-80.481857,26.53036172222222],[-80.48174244444445,26.53054897222222],[-80.48166686111111,26.530751583333334],[-80.48163272222223,26.530963083333333],[-80.48164113888889,26.531176666666667]]},"properties":{"style":"solid","thickness":1}},{"type":"Feature","geometry":{"type":"LineString","coordinates":[[-80.69819744444445,26.68269066666667],[-80.69794711111112,26.68092688888889]]},"properties":{"style":"solid","thickness":1}},{"type":"Feature","geometry":{"type":"LineString","coordinates":[[-80.69772091666667,26.68295827777778],[-80.69741108333334,26.680775222222223]]},"properties":{"style":"solid","thickness":1}},{"type":"Feature","geometry":{"type":"LineString","coordinates":[[-80.6972146388889,26.68301625],[-80.69690483333333,26.680833222222223]]},"properties":{"style":"solid","thickness":1}},{"type":"Feature","geometry":{"type":"LineString","coordinates":[[-80.69667861111111,26.682864611111114],[-80.69642830555556,26.681100833333335]]},"properties":{"style":"solid","thickness":1}},{"type":"Feature","geometry":{"type":"LineString","coordinates":[[-80.69599655555555,26.682046500000002],[-80.69604766666667,26.682255222222224],[-80.69613944444446,26.682452361111114],[-80.69626894444445,26.68263163888889],[-80.696432,26.68278727777778],[-80.69662336111111,26.682914222222223],[-80.6968368888889,26.683008472222223],[-80.69706569444445,26.683066944444445],[-80.69730247222222,26.683087750000002],[-80.69753958333334,26.68307027777778],[-80.69776938888889,26.683015027777778],[-80.69798452777778,26.682923805555557],[-80.69817808333333,26.682799555555558],[-80.69834383333334,26.68264625],[-80.69847644444445,26.68246880555556],[-80.6985716388889,26.682272972222222],[-80.6986263888889,26.682065],[-80.69863891666667,26.681851583333334],[-80.69860883333334,26.681639583333336],[-80.69853711111111,26.681435833333335],[-80.698426,26.681246861111113],[-80.69827913888889,26.681078722222225],[-80.69810122222222,26.680936861111114],[-80.69789797222222,26.680825833333333],[-80.6976758888889,26.68074916666667],[-80.69744216666668,26.680709361111113],[-80.69720427777779,26.680707694444447],[-80.69696986111111,26.680744194444447],[-80.6967465,26.680817722222223],[-80.69654133333334,26.68092588888889],[-80.69636094444445,26.68106525],[-80.69621116666667,26.68123127777778],[-80.69609680555556,26.68141866666667],[-80.69602152777779,26.68162138888889],[-80.69598775,26.681832944444444],[-80.69599655555555,26.682046500000002]]},"properties":{"style":"solid","thickness":1}},{"type":"Feature","geometry":{"type":"LineString","coordinates":[[-80.70667788888889,26.697568194444443],[-80.7064273888889,26.695804444444445]]},"properties":{"style":"solid","thickness":1}},{"type":"Feature","geometry":{"type":"LineString","coordinates":[[-80.70620133333334,26.697835833333333],[-80.70589130555555,26.695652833333334]]},"properties":{"style":"solid","thickness":1}},{"type":"Feature","geometry":{"type":"LineString","coordinates":[[-80.705695,26.697893861111112],[-80.70538497222222,26.69571086111111]]},"properties":{"style":"solid","thickness":1}},{"type":"Feature","geometry":{"type":"LineString","coordinates":[[-80.70515888888889,26.69774225],[-80.7049083888889,26.6959785]]},"properties":{"style":"solid","thickness":1}},{"type":"Feature","geometry":{"type":"LineString","coordinates":[[-80.70447666666666,26.696924166666665],[-80.70452780555556,26.697132888888888],[-80.70461961111111,26.697330055555557],[-80.70474913888889,26.697509305555556],[-80.70491222222222,26.697664916666668],[-80.70510361111111,26.69779188888889],[-80.70531719444445,26.697886083333334],[-80.70554602777779,26.697944555555555],[-80.70578283333333,26.697965361111113],[-80.70601997222222,26.69794786111111],[-80.70624980555556,26.69789261111111],[-80.70646497222222,26.69780136111111],[-80.70665855555556,26.697677111111112],[-80.70682430555556,26.69752377777778],[-80.70695691666667,26.697346361111112],[-80.70705211111111,26.6971505],[-80.70710686111111,26.69694252777778],[-80.70711936111111,26.69672911111111],[-80.70708927777778,26.69651711111111],[-80.7070175,26.696313361111113],[-80.7069063888889,26.69612438888889],[-80.70675947222223,26.69595627777778],[-80.70658152777779,26.695814444444444],[-80.70637822222223,26.69570338888889],[-80.70615613888889,26.69562675],[-80.70592236111112,26.695586972222223],[-80.70568444444444,26.695585305555557],[-80.70545002777779,26.695621833333334],[-80.70522661111112,26.69569536111111],[-80.70502144444444,26.695803555555557],[-80.70484105555556,26.695942916666667],[-80.70469125,26.696108944444443],[-80.7045768888889,26.696296333333333],[-80.70450161111111,26.696499083333332],[-80.70446783333334,26.69671061111111],[-80.70447666666666,26.696924166666665]]},"properties":{"style":"solid","thickness":1}},{"type":"Feature","geometry":{"type":"LineString","coordinates":[[-80.7321325,26.742197472222223],[-80.7318815,26.740433777777778]]},"properties":{"style":"solid","thickness":1}},{"type":"Feature","geometry":{"type":"LineString","coordinates":[[-80.73165580555556,26.742465194444446],[-80.73134516666667,26.74028225]]},"properties":{"style":"solid","thickness":1}},{"type":"Feature","geometry":{"type":"LineString","coordinates":[[-80.73114927777777,26.742523305555558],[-80.7308386388889,26.740340361111112]]},"properties":{"style":"solid","thickness":1}},{"type":"Feature","geometry":{"type":"LineString","coordinates":[[-80.73061291666667,26.74237177777778],[-80.73036194444444,26.740608083333335]]},"properties":{"style":"solid","thickness":1}},{"type":"Feature","geometry":{"type":"LineString","coordinates":[[-80.72993027777778,26.741553833333334],[-80.72998147222222,26.741762555555557],[-80.73007336111111,26.741959694444446],[-80.73020297222223,26.74213891666667],[-80.73036616666667,26.7422945],[-80.73055766666667,26.74242141666667],[-80.73077133333334,26.742515611111113],[-80.73100027777778,26.742574],[-80.73123716666667,26.74259477777778],[-80.73147438888888,26.742577222222224],[-80.73170430555555,26.742521944444444],[-80.73191952777778,26.742430666666667],[-80.73211316666666,26.742306361111112],[-80.73227894444445,26.74215302777778],[-80.73241155555556,26.741975555555555],[-80.73250675,26.741779694444446],[-80.73256147222223,26.741571722222222],[-80.73257394444444,26.741358305555558],[-80.73254377777778,26.741146305555556],[-80.73247194444444,26.740942583333336],[-80.73236075,26.74075363888889],[-80.73221375,26.74058555555556],[-80.73203569444445,26.740443722222224],[-80.73183227777778,26.740332722222224],[-80.73161008333334,26.74025613888889],[-80.73137622222222,26.74021638888889],[-80.73113822222223,26.74021477777778],[-80.73090369444445,26.740251333333333],[-80.73068025,26.74032491666667],[-80.730475,26.74043313888889],[-80.73029455555556,26.740572500000003],[-80.73014475000001,26.740738583333336],[-80.73003038888889,26.740926],[-80.72995511111111,26.74112875],[-80.7299213888889,26.74134027777778],[-80.72993027777778,26.741553833333334]]},"properties":{"style":"solid","thickness":1}},{"type":"Feature","geometry":{"type":"LineString","coordinates":[[-80.72364541666667,26.72732161111111],[-80.72339458333333,26.725557888888886]]},"properties":{"style":"solid","thickness":1}},{"type":"Feature","geometry":{"type":"LineString","coordinates":[[-80.72316877777779,26.727589305555554],[-80.72285833333333,26.72540636111111]]},"properties":{"style":"solid","thickness":1}},{"type":"Feature","geometry":{"type":"LineString","coordinates":[[-80.72266230555556,26.727647388888887],[-80.7223518888889,26.725464416666664]]},"properties":{"style":"solid","thickness":1}},{"type":"Feature","geometry":{"type":"LineString","coordinates":[[-80.72212602777778,26.727495833333332],[-80.72187522222222,26.72573211111111]]},"properties":{"style":"solid","thickness":1}},{"type":"Feature","geometry":{"type":"LineString","coordinates":[[-80.72144352777778,26.72667786111111],[-80.72149469444444,26.726886555555552],[-80.72158658333333,26.727083694444442],[-80.72171616666667,26.727262944444444],[-80.72187930555556,26.727418555555555],[-80.72207077777777,26.72754547222222],[-80.7222843888889,26.727639666666665],[-80.72251333333334,26.727698083333333],[-80.72275019444444,26.72771886111111],[-80.7229873888889,26.727701333333332],[-80.72321727777778,26.727646055555553],[-80.72343247222223,26.727554805555553],[-80.72362608333333,26.727430499999997],[-80.72379186111111,26.727277166666664],[-80.72392447222222,26.72709972222222],[-80.72401966666666,26.726903861111108],[-80.7240743888889,26.726695888888887],[-80.72408688888889,26.72648247222222],[-80.72405672222223,26.72627047222222],[-80.72398491666667,26.726066749999998],[-80.72387375,26.725877777777775],[-80.72372677777778,26.725709694444443],[-80.72354875,26.72556786111111],[-80.72334538888889,26.72545686111111],[-80.72312322222223,26.725380249999997],[-80.72288938888889,26.72534047222222],[-80.72265141666666,26.72533886111111],[-80.72241694444445,26.72537538888889],[-80.7221935,26.72544897222222],[-80.72198827777778,26.725557166666665],[-80.72180786111112,26.725696555555555],[-80.72165805555555,26.725862611111108],[-80.72154366666666,26.726049999999997],[-80.72146841666667,26.726252749999997],[-80.72143466666667,26.726464305555552],[-80.72144352777778,26.72667786111111]]},"properties":{"style":"solid","thickness":1}},{"type":"Feature","geometry":{"type":"LineString","coordinates":[[-80.71516055555556,26.712445194444445],[-80.7149098888889,26.710681444444443]]},"properties":{"style":"solid","thickness":1}},{"type":"Feature","geometry":{"type":"LineString","coordinates":[[-80.71468394444445,26.71271286111111],[-80.71437372222222,26.71052988888889]]},"properties":{"style":"solid","thickness":1}},{"type":"Feature","geometry":{"type":"LineString","coordinates":[[-80.71417755555557,26.712770916666667],[-80.71386730555555,26.710587916666665]]},"properties":{"style":"solid","thickness":1}},{"type":"Feature","geometry":{"type":"LineString","coordinates":[[-80.71364136111112,26.712619333333333],[-80.71339072222223,26.710855583333334]]},"properties":{"style":"solid","thickness":1}},{"type":"Feature","geometry":{"type":"LineString","coordinates":[[-80.712959,26.711801305555554],[-80.71301013888889,26.71201],[-80.713102,26.712207166666666],[-80.71323155555555,26.712386416666664],[-80.71339466666667,26.712542027777776],[-80.71358608333334,26.712668944444445],[-80.71379969444445,26.712763166666665],[-80.71402858333333,26.71282161111111],[-80.71426541666666,26.712842388888888],[-80.71450258333334,26.71282488888889],[-80.71473244444445,26.71276961111111],[-80.71494761111111,26.71267836111111],[-80.71514119444444,26.712554083333334],[-80.71530697222222,26.71240075],[-80.71543958333334,26.712223305555554],[-80.71553477777778,26.71202747222222],[-80.71558952777778,26.71181947222222],[-80.71560202777778,26.711606083333333],[-80.71557188888889,26.71139408333333],[-80.71550011111111,26.71119033333333],[-80.71538894444444,26.711001361111112],[-80.71524202777778,26.710833277777777],[-80.71506402777779,26.710691416666666],[-80.71486072222223,26.710580416666666],[-80.71463858333334,26.710503777777777],[-80.71440477777779,26.710463999999998],[-80.71416683333334,26.71046236111111],[-80.71393236111112,26.71049888888889],[-80.71370894444445,26.710572444444445],[-80.71350375,26.71068063888889],[-80.71332333333334,26.71082],[-80.71317355555556,26.710986055555555],[-80.71305919444444,26.71117347222222],[-80.71298391666667,26.711376194444444],[-80.71295013888889,26.71158775],[-80.712959,26.711801305555554]]},"properties":{"style":"solid","thickness":1}},{"type":"Feature","geometry":{"type":"LineString","coordinates":[[-80.66429500000001,26.623170138888888],[-80.66404533333333,26.62140627777778]]},"properties":{"style":"solid","thickness":1}},{"type":"Feature","geometry":{"type":"LineString","coordinates":[[-80.6638186388889,26.623437638888888],[-80.66350961111112,26.6212545]]},"properties":{"style":"solid","thickness":1}},{"type":"Feature","geometry":{"type":"LineString","coordinates":[[-80.66331258333334,26.6234955],[-80.66300358333334,26.621312361111112]]},"properties":{"style":"solid","thickness":1}},{"type":"Feature","geometry":{"type":"LineString","coordinates":[[-80.6627768888889,26.623343722222224],[-80.66252722222222,26.621579861111112]]},"properties":{"style":"solid","thickness":1}},{"type":"Feature","geometry":{"type":"LineString","coordinates":[[-80.66209541666667,26.622525444444445],[-80.66214644444445,26.622734166666667],[-80.66223811111112,26.62293136111111],[-80.6623675,26.623110666666665],[-80.66253041666667,26.623266333333333],[-80.6627216388889,26.623393333333333],[-80.66293502777778,26.623487611111113],[-80.66316372222222,26.62354613888889],[-80.66340036111112,26.623567027777778],[-80.66363736111111,26.623549583333332],[-80.66386705555556,26.623494416666666],[-80.66408211111111,26.62340325],[-80.66427561111112,26.623279027777777],[-80.66444130555556,26.62312575],[-80.66457391666667,26.62294836111111],[-80.6646691388889,26.622752527777777],[-80.66472391666667,26.622544583333333],[-80.6647365,26.62233116666667],[-80.66470650000001,26.622119166666668],[-80.66463483333334,26.62191538888889],[-80.66452386111112,26.62172636111111],[-80.6643771388889,26.621558222222223],[-80.66419933333334,26.621416305555556],[-80.66399622222222,26.621305222222222],[-80.66377427777779,26.6212285],[-80.66354069444445,26.62118863888889],[-80.66330291666667,26.621186916666666],[-80.66306863888889,26.621223361111113],[-80.66284536111111,26.621296833333332],[-80.66264025000001,26.621404944444446],[-80.66245994444445,26.62154425],[-80.66231016666667,26.62171025],[-80.66219580555556,26.621897611111113],[-80.6621205,26.622100333333332],[-80.66208666666667,26.62231186111111],[-80.66209541666667,26.622525444444445]]},"properties":{"style":"solid","thickness":1}},{"type":"Feature","geometry":{"type":"LineString","coordinates":[[-80.67276930555556,26.63805463888889],[-80.67251947222222,26.636290805555554]]},"properties":{"style":"solid","thickness":1}},{"type":"Feature","geometry":{"type":"LineString","coordinates":[[-80.67229291666668,26.638322166666665],[-80.67198369444445,26.636139055555557]]},"properties":{"style":"solid","thickness":1}},{"type":"Feature","geometry":{"type":"LineString","coordinates":[[-80.67178680555556,26.638380055555555],[-80.67147761111111,26.636196944444443]]},"properties":{"style":"solid","thickness":1}},{"type":"Feature","geometry":{"type":"LineString","coordinates":[[-80.67125102777779,26.638228305555554],[-80.67100119444444,26.636464472222222]]},"properties":{"style":"solid","thickness":1}},{"type":"Feature","geometry":{"type":"LineString","coordinates":[[-80.67056941666667,26.637410055555556],[-80.67062044444445,26.637618805555555],[-80.67071216666668,26.63781597222222],[-80.67084155555555,26.637995277777776],[-80.67100452777778,26.638150916666667],[-80.67119577777778,26.638277916666667],[-80.67140919444445,26.638372194444443],[-80.67163791666667,26.638430694444445],[-80.67187461111112,26.63845158333333],[-80.67211161111112,26.63843413888889],[-80.67234136111112,26.638378916666667],[-80.67255644444445,26.63828775],[-80.67274994444445,26.638163527777778],[-80.6729156388889,26.63801025],[-80.67304825000001,26.637832833333334],[-80.67314347222222,26.637636999999998],[-80.67319825,26.637429055555554],[-80.67321080555556,26.63721563888889],[-80.67318077777779,26.63700363888889],[-80.67310911111112,26.63679986111111],[-80.67299811111111,26.636610861111112],[-80.67285133333334,26.63644272222222],[-80.67267352777779,26.636300805555557],[-80.67247036111111,26.636189722222223],[-80.67224838888889,26.63611302777778],[-80.67201477777779,26.636073194444442],[-80.67177697222223,26.636071472222223],[-80.6715426388889,26.636107944444444],[-80.67131936111112,26.636181416666666],[-80.67111422222223,26.636289555555557],[-80.6709338888889,26.63642886111111],[-80.67078413888889,26.63659486111111],[-80.67066977777779,26.63678225],[-80.67059447222222,26.636984972222223],[-80.67056063888889,26.637196499999998],[-80.67056941666667,26.637410055555556]]},"properties":{"style":"solid","thickness":1}},{"type":"Feature","geometry":{"type":"LineString","coordinates":[[-80.68124316666668,26.65293386111111],[-80.68099316666667,26.651170055555554]]},"properties":{"style":"solid","thickness":1}},{"type":"Feature","geometry":{"type":"LineString","coordinates":[[-80.68076672222223,26.653201416666665],[-80.68045727777778,26.651018333333333]]},"properties":{"style":"solid","thickness":1}},{"type":"Feature","geometry":{"type":"LineString","coordinates":[[-80.68026055555556,26.65325936111111],[-80.6799511388889,26.65107625]]},"properties":{"style":"solid","thickness":1}},{"type":"Feature","geometry":{"type":"LineString","coordinates":[[-80.67972466666667,26.653107638888887],[-80.67947469444445,26.651343805555555]]},"properties":{"style":"solid","thickness":1}},{"type":"Feature","geometry":{"type":"LineString","coordinates":[[-80.67904291666667,26.652289444444442],[-80.679094,26.652498166666664],[-80.67918572222223,26.65269533333333],[-80.67931516666667,26.65287463888889],[-80.6794781388889,26.653030277777777],[-80.67966944444444,26.65315725],[-80.6798828888889,26.653251527777776],[-80.68011163888889,26.653309999999998],[-80.68034836111111,26.653330861111108],[-80.6805853888889,26.653313388888886],[-80.68081516666668,26.653258194444444],[-80.68103025,26.653167],[-80.68122377777779,26.653042777777777],[-80.68138950000001,26.65288947222222],[-80.68152211111112,26.652712055555554],[-80.68161733333334,26.65251622222222],[-80.68167208333334,26.652308249999997],[-80.6816846388889,26.652094833333333],[-80.68165461111111,26.65188286111111],[-80.68158291666667,26.65167908333333],[-80.6814718888889,26.651490083333332],[-80.68132508333333,26.651321944444444],[-80.68114722222222,26.651180055555553],[-80.68094402777778,26.651069],[-80.68072202777778,26.650992305555555],[-80.68048836111112,26.650952472222222],[-80.68025052777779,26.650950777777776],[-80.68001619444445,26.65098725],[-80.67979286111111,26.65106075],[-80.67958772222222,26.651168888888886],[-80.67940738888889,26.65130822222222],[-80.67925761111111,26.65147422222222],[-80.67914325000001,26.65166161111111],[-80.67906794444445,26.651864333333332],[-80.6790341388889,26.65207586111111],[-80.67904291666667,26.652289444444442]]},"properties":{"style":"solid","thickness":1}},{"type":"Feature","geometry":{"type":"LineString","coordinates":[[-80.68971919444445,26.66781252777778],[-80.68946902777778,26.666048749999998]]},"properties":{"style":"solid","thickness":1}},{"type":"Feature","geometry":{"type":"LineString","coordinates":[[-80.68924272222223,26.66808013888889],[-80.68893308333334,26.665897055555554]]},"properties":{"style":"solid","thickness":1}},{"type":"Feature","geometry":{"type":"LineString","coordinates":[[-80.6887365,26.668138083333336],[-80.6884268888889,26.665955027777777]]},"properties":{"style":"solid","thickness":1}},{"type":"Feature","geometry":{"type":"LineString","coordinates":[[-80.68820055555555,26.66798638888889],[-80.6879503888889,26.66622261111111]]},"properties":{"style":"solid","thickness":1}},{"type":"Feature","geometry":{"type":"LineString","coordinates":[[-80.68751863888889,26.66716825],[-80.68756972222222,26.667376972222222],[-80.68766147222223,26.66757413888889],[-80.68779094444444,26.667753416666667],[-80.68795397222223,26.66790905555556],[-80.68814530555557,26.668036027777777],[-80.68835877777778,26.668130277777777],[-80.68858758333333,26.668188750000002],[-80.68882430555556,26.668209583333333],[-80.68906138888889,26.66819211111111],[-80.68929116666666,26.66813688888889],[-80.68950630555555,26.668045694444444],[-80.68969983333334,26.667921444444445],[-80.68986558333334,26.66776813888889],[-80.68999816666667,26.667590722222222],[-80.6900933888889,26.66739488888889],[-80.69014813888889,26.66718691666667],[-80.69016069444444,26.6669735],[-80.69013061111112,26.6667615],[-80.6900588888889,26.66655775],[-80.68994783333333,26.66636875],[-80.689801,26.66620061111111],[-80.68962311111112,26.666058749999998],[-80.68941988888889,26.665947694444444],[-80.68919786111111,26.665871027777776],[-80.68896416666666,26.665831194444443],[-80.68872630555556,26.665829527777777],[-80.68849194444445,26.665865999999998],[-80.68826858333334,26.665939527777777],[-80.68806341666667,26.666047666666664],[-80.68788305555556,26.666186999999997],[-80.68773330555555,26.666353027777777],[-80.68761891666666,26.666540416666667],[-80.6875436388889,26.66674313888889],[-80.68750983333334,26.666954694444446],[-80.68751863888889,26.66716825]]},"properties":{"style":"solid","thickness":1}},{"type":"Feature","geometry":{"type":"LineString","coordinates":[[-80.66646311111111,26.807025638888888],[-80.66621297222223,26.805261861111113]]},"properties":{"style":"solid","thickness":1}},{"type":"Feature","geometry":{"type":"LineString","coordinates":[[-80.665986,26.80729313888889],[-80.66567641666667,26.805110083333336]]},"properties":{"style":"solid","thickness":1}},{"type":"Feature","geometry":{"type":"LineString","coordinates":[[-80.6654791388889,26.807351027777777],[-80.66516955555556,26.805167972222222]]},"properties":{"style":"solid","thickness":1}},{"type":"Feature","geometry":{"type":"LineString","coordinates":[[-80.66494255555556,26.80719925],[-80.66469244444446,26.80543547222222]]},"properties":{"style":"solid","thickness":1}},{"type":"Feature","geometry":{"type":"LineString","coordinates":[[-80.66426,26.80638102777778],[-80.66431111111112,26.80658975],[-80.66440294444445,26.806786916666667],[-80.66453252777778,26.806966222222222],[-80.66469572222223,26.807121861111114],[-80.66488725,26.807248861111113],[-80.66510097222223,26.80734313888889],[-80.66533002777778,26.807401666666667],[-80.66556705555556,26.807422527777778],[-80.66580441666667,26.807405111111112],[-80.66603450000001,26.807349916666666],[-80.6662498888889,26.80725875],[-80.66644369444445,26.80713452777778],[-80.66660966666667,26.80698125],[-80.66674244444445,26.806803861111113],[-80.66683780555556,26.806608027777777],[-80.66689269444444,26.806400083333333],[-80.66690527777779,26.80618666666667],[-80.66687522222223,26.805974694444444],[-80.66680344444445,26.805770916666667],[-80.66669230555556,26.805581916666668],[-80.66654530555556,26.80541377777778],[-80.66636722222223,26.805271861111112],[-80.66616377777778,26.80516077777778],[-80.6659415,26.805084083333334],[-80.66570752777778,26.80504422222222],[-80.6654693888889,26.8050425],[-80.66523472222222,26.805078972222223],[-80.66501108333334,26.805152444444445],[-80.66480566666667,26.805260555555556],[-80.66462505555556,26.805399861111113],[-80.66447505555556,26.805565861111113],[-80.66436052777779,26.805753222222222],[-80.66428511111111,26.80595591666667],[-80.66425122222223,26.806167472222224],[-80.66426,26.80638102777778]]},"properties":{"style":"solid","thickness":1}},{"type":"Feature","geometry":{"type":"LineString","coordinates":[[-80.6479363888889,26.808754944444445],[-80.64768652777778,26.80699113888889]]},"properties":{"style":"solid","thickness":1}},{"type":"Feature","geometry":{"type":"LineString","coordinates":[[-80.64745922222222,26.809022388888888],[-80.64714997222222,26.806839305555556]]},"properties":{"style":"solid","thickness":1}},{"type":"Feature","geometry":{"type":"LineString","coordinates":[[-80.64695236111112,26.809080194444444],[-80.64664313888889,26.806897111111113]]},"properties":{"style":"solid","thickness":1}},{"type":"Feature","geometry":{"type":"LineString","coordinates":[[-80.64641580555556,26.80892838888889],[-80.64616597222224,26.807164555555556]]},"properties":{"style":"solid","thickness":1}},{"type":"Feature","geometry":{"type":"LineString","coordinates":[[-80.64573333333334,26.808110055555556],[-80.64578441666667,26.808318777777778],[-80.64587622222223,26.808515972222224],[-80.64600577777779,26.80869527777778],[-80.64616894444445,26.808850944444444],[-80.64636047222223,26.808977972222223],[-80.64657419444445,26.80907227777778],[-80.64680322222223,26.809130833333334],[-80.64704025,26.80915175],[-80.6472776388889,26.809134333333333],[-80.64750772222223,26.809079166666667],[-80.64772313888889,26.80898802777778],[-80.64791694444445,26.808863833333334],[-80.64808294444445,26.808710583333333],[-80.64821577777778,26.808533222222223],[-80.64831116666667,26.808337416666667],[-80.64836608333334,26.808129444444447],[-80.64837869444445,26.807916055555555],[-80.64834866666668,26.807704055555558],[-80.64827694444445,26.807500277777777],[-80.64816580555556,26.80731125],[-80.64801886111111,26.807143083333333],[-80.64784080555556,26.807001166666666],[-80.64763736111112,26.806890055555556],[-80.64741508333334,26.806813333333334],[-80.64718111111112,26.806773444444445],[-80.64694297222223,26.806771694444446],[-80.64670827777779,26.806808111111113],[-80.6464846388889,26.806881555555556],[-80.64627919444445,26.806989666666666],[-80.64609855555557,26.807128944444447],[-80.64594855555556,26.807294916666667],[-80.64583397222223,26.80748227777778],[-80.64575852777779,26.807684972222223],[-80.64572461111112,26.807896500000002],[-80.64573333333334,26.808110055555556]]},"properties":{"style":"solid","thickness":1}},{"type":"Feature","geometry":{"type":"LineString","coordinates":[[-80.62940908333333,26.81048186111111],[-80.6291595,26.808718]]},"properties":{"style":"solid","thickness":1}},{"type":"Feature","geometry":{"type":"LineString","coordinates":[[-80.6289318611111,26.81074925],[-80.62862297222222,26.808566111111112]]},"properties":{"style":"solid","thickness":1}},{"type":"Feature","geometry":{"type":"LineString","coordinates":[[-80.62842497222222,26.810807],[-80.6281161111111,26.808623861111112]]},"properties":{"style":"solid","thickness":1}},{"type":"Feature","geometry":{"type":"LineString","coordinates":[[-80.62788844444444,26.810655083333334],[-80.62763888888888,26.808891222222222]]},"properties":{"style":"solid","thickness":1}},{"type":"Feature","geometry":{"type":"LineString","coordinates":[[-80.62720611111111,26.809836666666666],[-80.62725713888888,26.810045416666668],[-80.62734891666666,26.81024261111111],[-80.62747844444444,26.810421944444446],[-80.6276416111111,26.81057763888889],[-80.6278331111111,26.810704694444446],[-80.62804680555556,26.81079902777778],[-80.6282758611111,26.81085761111111],[-80.62851288888888,26.810878527777778],[-80.62875025,26.81086116666667],[-80.6289803611111,26.81080602777778],[-80.62919580555555,26.81071491666667],[-80.62938963888888,26.81059075],[-80.62955566666666,26.81043752777778],[-80.6296885,26.810260166666666],[-80.62978394444444,26.810064361111113],[-80.62983888888888,26.80985641666667],[-80.62985155555555,26.809643027777778],[-80.62982155555555,26.80943102777778],[-80.62974983333332,26.809227222222223],[-80.62963875,26.809038194444444],[-80.62949180555555,26.80887002777778],[-80.62931377777777,26.808728083333335],[-80.6291103611111,26.808616944444445],[-80.62888808333332,26.808540166666667],[-80.6286541111111,26.80850025],[-80.62841597222221,26.808498472222222],[-80.62818127777777,26.808534861111113],[-80.6279576111111,26.80860827777778],[-80.62775213888888,26.808716361111113],[-80.62757149999999,26.808855611111113],[-80.62742144444444,26.809021583333333],[-80.62730683333332,26.809208916666666],[-80.6272313611111,26.809411583333333],[-80.62719741666666,26.80962311111111],[-80.62720611111111,26.809836666666666]]},"properties":{"style":"solid","thickness":1}},{"type":"Feature","geometry":{"type":"LineString","coordinates":[[-80.61088119444445,26.812206361111112],[-80.61063191666666,26.810442472222224]]},"properties":{"style":"solid","thickness":1}},{"type":"Feature","geometry":{"type":"LineString","coordinates":[[-80.61040394444444,26.812473694444446],[-80.61009538888888,26.810290527777777]]},"properties":{"style":"solid","thickness":1}},{"type":"Feature","geometry":{"type":"LineString","coordinates":[[-80.60989702777778,26.812531361111112],[-80.6095885,26.810348194444444]]},"properties":{"style":"solid","thickness":1}},{"type":"Feature","geometry":{"type":"LineString","coordinates":[[-80.6093605,26.81237941666667],[-80.60911125,26.8106155]]},"properties":{"style":"solid","thickness":1}},{"type":"Feature","geometry":{"type":"LineString","coordinates":[[-80.60867827777777,26.811560888888888],[-80.60872930555556,26.81176963888889],[-80.60882105555555,26.811966861111113],[-80.60895055555555,26.812146194444445],[-80.60911366666666,26.812301916666666],[-80.60930516666666,26.812429],[-80.6095188611111,26.81252336111111],[-80.60974788888889,26.812581972222223],[-80.60998491666666,26.812602916666666],[-80.61022230555555,26.812585583333334],[-80.61045241666666,26.812530472222225],[-80.61066786111111,26.81243938888889],[-80.61086175,26.81231525],[-80.61102777777778,26.812162055555557],[-80.61116066666666,26.811984722222224],[-80.61125613888888,26.811788916666668],[-80.6113111111111,26.811581],[-80.61132380555554,26.811367583333332],[-80.61129383333333,26.811155583333335],[-80.61122216666666,26.810951777777777],[-80.6111111111111,26.810762750000002],[-80.61096419444443,26.810594527777777],[-80.61078616666666,26.810452555555557],[-80.61058277777778,26.810341416666667],[-80.6103605,26.810264611111112],[-80.61012655555555,26.810224666666667],[-80.60988838888888,26.81022286111111],[-80.60965369444443,26.81025922222222],[-80.60942999999999,26.81033261111111],[-80.60922452777777,26.81044063888889],[-80.60904383333333,26.81057988888889],[-80.60889377777777,26.810745833333335],[-80.60877913888888,26.81093313888889],[-80.60870361111111,26.811135805555555],[-80.60866963888888,26.811347333333334],[-80.60867827777777,26.811560888888888]]},"properties":{"style":"solid","thickness":1}},{"type":"Feature","geometry":{"type":"LineString","coordinates":[[-80.73012505555556,26.860503],[-80.72987383333333,26.858739361111112]]},"properties":{"style":"solid","thickness":1}},{"type":"Feature","geometry":{"type":"LineString","coordinates":[[-80.72964788888889,26.860770722222224],[-80.72933694444444,26.858587833333335]]},"properties":{"style":"solid","thickness":1}},{"type":"Feature","geometry":{"type":"LineString","coordinates":[[-80.72914083333333,26.860828833333336],[-80.7288298888889,26.858645944444447]]},"properties":{"style":"solid","thickness":1}},{"type":"Feature","geometry":{"type":"LineString","coordinates":[[-80.72860391666667,26.86067730555556],[-80.72835272222223,26.85891366666667]]},"properties":{"style":"solid","thickness":1}},{"type":"Feature","geometry":{"type":"LineString","coordinates":[[-80.72792058333333,26.85985938888889],[-80.72797183333334,26.860068083333335],[-80.72806380555556,26.860265222222225],[-80.72819355555556,26.860444444444447],[-80.72835691666667,26.860600027777778],[-80.72854861111111,26.860726944444448],[-80.7287625,26.86082111111111],[-80.72899169444445,26.86087952777778],[-80.72922883333334,26.860900305555557],[-80.72946627777777,26.860882750000002],[-80.72969644444444,26.860827472222223],[-80.72991188888889,26.860736194444446],[-80.73010572222222,26.86061188888889],[-80.73027166666667,26.860458555555557],[-80.73040441666667,26.860281111111114],[-80.73049972222222,26.86008525],[-80.7305545,26.85987727777778],[-80.73056697222222,26.859663861111112],[-80.73053677777779,26.85945188888889],[-80.73046486111112,26.85924813888889],[-80.73035355555555,26.859059194444445],[-80.73020641666668,26.858891111111113],[-80.73002816666667,26.858749305555556],[-80.72982455555555,26.85863830555556],[-80.7296021388889,26.858561722222223],[-80.72936802777778,26.858521972222224],[-80.72912977777779,26.85852036111111],[-80.72889502777778,26.858556916666668],[-80.72867133333334,26.8586305],[-80.72846586111112,26.858738694444448],[-80.72828525,26.858878083333334],[-80.72813530555555,26.85904413888889],[-80.72802080555556,26.859231555555557],[-80.72794547222223,26.859434305555556],[-80.72791169444444,26.859645833333335],[-80.72792058333333,26.85985938888889]]},"properties":{"style":"solid","thickness":1}},{"type":"Feature","geometry":{"type":"LineString","coordinates":[[-80.7382296388889,26.845452916666666],[-80.73797830555556,26.843689277777777]]},"properties":{"style":"solid","thickness":1}},{"type":"Feature","geometry":{"type":"LineString","coordinates":[[-80.73775252777777,26.845720666666665],[-80.73744147222223,26.843537777777776]]},"properties":{"style":"solid","thickness":1}},{"type":"Feature","geometry":{"type":"LineString","coordinates":[[-80.73724555555556,26.845778777777777],[-80.7369345,26.843595916666665]]},"properties":{"style":"solid","thickness":1}},{"type":"Feature","geometry":{"type":"LineString","coordinates":[[-80.73670872222222,26.845627305555553],[-80.73645741666667,26.843863666666664]]},"properties":{"style":"solid","thickness":1}},{"type":"Feature","geometry":{"type":"LineString","coordinates":[[-80.73602538888889,26.844809416666667],[-80.73607666666666,26.84501811111111],[-80.73616863888888,26.84521525],[-80.73629838888888,26.84539447222222],[-80.73646172222222,26.845550027777776],[-80.7366533888889,26.845676944444442],[-80.73686725,26.84577111111111],[-80.73709641666667,26.845829499999997],[-80.73733352777778,26.845850249999998],[-80.73757097222223,26.845832694444443],[-80.73780108333334,26.845777388888887],[-80.7380165,26.84568611111111],[-80.73821027777778,26.845561805555555],[-80.73837622222223,26.84540847222222],[-80.73850894444445,26.845231],[-80.73860422222222,26.84503513888889],[-80.73865897222223,26.84482713888889],[-80.73867144444445,26.844613749999997],[-80.73864122222223,26.844401777777776],[-80.73856930555556,26.844198027777775],[-80.738458,26.844009083333333],[-80.73831086111112,26.843841027777778],[-80.73813263888889,26.84369922222222],[-80.73792905555555,26.84358825],[-80.7377066388889,26.843511638888888],[-80.73747255555556,26.843471916666665],[-80.73723433333333,26.843470305555556],[-80.73699961111112,26.84350688888889],[-80.73677594444445,26.84358047222222],[-80.73657052777777,26.84368869444444],[-80.73638994444444,26.84382808333333],[-80.73624002777778,26.843994166666665],[-80.73612555555556,26.84418158333333],[-80.73605025,26.84438433333333],[-80.7360165,26.84459586111111],[-80.73602538888889,26.844809416666667]]},"properties":{"style":"solid","thickness":1}},{"type":"Feature","geometry":{"type":"LineString","coordinates":[[-80.74633208333333,26.830402333333332],[-80.74608066666667,26.828638694444443]]},"properties":{"style":"solid","thickness":1}},{"type":"Feature","geometry":{"type":"LineString","coordinates":[[-80.74585508333334,26.83067011111111],[-80.74554388888889,26.82848725]]},"properties":{"style":"solid","thickness":1}},{"type":"Feature","geometry":{"type":"LineString","coordinates":[[-80.74534816666667,26.83072825],[-80.745037,26.828545416666667]]},"properties":{"style":"solid","thickness":1}},{"type":"Feature","geometry":{"type":"LineString","coordinates":[[-80.74481138888889,26.830576805555555],[-80.74456,26.828813166666666]]},"properties":{"style":"solid","thickness":1}},{"type":"Feature","geometry":{"type":"LineString","coordinates":[[-80.74412808333334,26.829758944444443],[-80.74417936111111,26.82996763888889],[-80.74427136111112,26.830164777777778],[-80.74440108333333,26.830344],[-80.74456441666666,26.830499555555555],[-80.74475608333333,26.830626444444444],[-80.74496991666666,26.83072061111111],[-80.74519905555556,26.830779],[-80.74543613888889,26.83079972222222],[-80.74567355555556,26.830782166666665],[-80.74590363888889,26.830726833333333],[-80.74611900000001,26.830635555555556],[-80.74631275,26.83051122222222],[-80.74647863888889,26.83035786111111],[-80.74661133333333,26.830180388888888],[-80.74670658333334,26.82998452777778],[-80.74676133333334,26.829776527777778],[-80.74677377777778,26.82956313888889],[-80.74674355555555,26.829351166666665],[-80.74667163888888,26.829147416666668],[-80.74656033333333,26.8289585],[-80.74641319444444,26.828790444444444],[-80.74623497222223,26.82864863888889],[-80.74603141666667,26.828537666666666],[-80.74580902777778,26.828461083333334],[-80.74557497222223,26.82842136111111],[-80.74533677777778,26.82841977777778],[-80.74510211111111,26.82845636111111],[-80.74487847222223,26.82852997222222],[-80.74467308333334,26.828638194444444],[-80.74449255555555,26.82877761111111],[-80.7443426388889,26.828943694444444],[-80.74422819444445,26.82913111111111],[-80.74415291666666,26.82933386111111],[-80.74411916666666,26.829545416666665],[-80.74412808333334,26.829758944444443]]},"properties":{"style":"solid","thickness":1}},{"type":"Feature","geometry":{"type":"LineString","coordinates":[[-80.63739522222222,27.032525777777778],[-80.637145,27.030762027777776]]},"properties":{"style":"solid","thickness":1}},{"type":"Feature","geometry":{"type":"LineString","coordinates":[[-80.63691711111112,27.032793166666664],[-80.63660741666668,27.030610166666666]]},"properties":{"style":"solid","thickness":1}},{"type":"Feature","geometry":{"type":"LineString","coordinates":[[-80.63640925,27.032850944444444],[-80.63609955555556,27.030667944444442]]},"properties":{"style":"solid","thickness":1}},{"type":"Feature","geometry":{"type":"LineString","coordinates":[[-80.6358716388889,27.032699083333334],[-80.63562144444445,27.030935333333332]]},"properties":{"style":"solid","thickness":1}},{"type":"Feature","geometry":{"type":"LineString","coordinates":[[-80.63518791666667,27.03188075],[-80.63523908333335,27.03208947222222],[-80.63533102777778,27.032286666666664],[-80.63546083333334,27.032465972222223],[-80.63562430555557,27.032621666666667],[-80.63581619444444,27.032748694444443],[-80.63603033333334,27.032843],[-80.63625983333334,27.032901555555554],[-80.63649730555557,27.03292247222222],[-80.6367351388889,27.032905083333333],[-80.63696569444446,27.032849944444443],[-80.63718152777778,27.032758805555556],[-80.63737575,27.032634638888887],[-80.63754208333334,27.032481416666666],[-80.63767516666667,27.032304055555553],[-80.63777077777779,27.03210825],[-80.63782580555556,27.031900333333333],[-80.63783847222223,27.031686944444445],[-80.6378083888889,27.031474944444444],[-80.63773652777779,27.031271166666667],[-80.63762519444445,27.031082166666664],[-80.63747797222223,27.030914],[-80.63729958333334,27.030772055555556],[-80.63709575,27.030660944444442],[-80.63687302777778,27.03058422222222],[-80.63663861111112,27.030544305555555],[-80.63640000000001,27.030542555555556],[-80.63616486111111,27.030578944444443],[-80.63594077777779,27.03065238888889],[-80.63573491666668,27.030760472222223],[-80.63555391666668,27.03089972222222],[-80.63540361111112,27.031065694444443],[-80.63528877777779,27.031253027777776],[-80.63521316666667,27.031455694444443],[-80.63517916666667,27.03166722222222],[-80.63518791666667,27.03188075]]},"properties":{"style":"solid","thickness":1}},{"type":"Feature","geometry":{"type":"LineString","coordinates":[[-80.63739522222222,27.032525777777778],[-80.637145,27.030762027777776]]},"properties":{"style":"solid","thickness":1}},{"type":"Feature","geometry":{"type":"LineString","coordinates":[[-80.63691711111112,27.032793166666664],[-80.63660741666668,27.030610166666666]]},"properties":{"style":"solid","thickness":1}},{"type":"Feature","geometry":{"type":"LineString","coordinates":[[-80.63640925,27.032850944444444],[-80.63609955555556,27.030667944444442]]},"properties":{"style":"solid","thickness":1}},{"type":"Feature","geometry":{"type":"LineString","coordinates":[[-80.6358716388889,27.032699083333334],[-80.63562144444445,27.030935333333332]]},"properties":{"style":"solid","thickness":1}},{"type":"Feature","geometry":{"type":"LineString","coordinates":[[-80.63518791666667,27.03188075],[-80.63523908333335,27.03208947222222],[-80.63533102777778,27.032286666666664],[-80.63546083333334,27.032465972222223],[-80.63562430555557,27.032621666666667],[-80.63581619444444,27.032748694444443],[-80.63603033333334,27.032843],[-80.63625983333334,27.032901555555554],[-80.63649730555557,27.03292247222222],[-80.6367351388889,27.032905083333333],[-80.63696569444446,27.032849944444443],[-80.63718152777778,27.032758805555556],[-80.63737575,27.032634638888887],[-80.63754208333334,27.032481416666666],[-80.63767516666667,27.032304055555553],[-80.63777077777779,27.03210825],[-80.63782580555556,27.031900333333333],[-80.63783847222223,27.031686944444445],[-80.6378083888889,27.031474944444444],[-80.63773652777779,27.031271166666667],[-80.63762519444445,27.031082166666664],[-80.63747797222223,27.030914],[-80.63729958333334,27.030772055555556],[-80.63709575,27.030660944444442],[-80.63687302777778,27.03058422222222],[-80.63663861111112,27.030544305555555],[-80.63640000000001,27.030542555555556],[-80.63616486111111,27.030578944444443],[-80.63594077777779,27.03065238888889],[-80.63573491666668,27.030760472222223],[-80.63555391666668,27.03089972222222],[-80.63540361111112,27.031065694444443],[-80.63528877777779,27.031253027777776],[-80.63521316666667,27.031455694444443],[-80.63517916666667,27.03166722222222],[-80.63518791666667,27.03188075]]},"properties":{"style":"solid","thickness":1}},{"type":"Feature","geometry":{"type":"LineString","coordinates":[[-80.64552052777779,27.01747286111111],[-80.64527022222222,27.01570911111111]]},"properties":{"style":"solid","thickness":1}},{"type":"Feature","geometry":{"type":"LineString","coordinates":[[-80.6450425,27.017740277777776],[-80.64473269444446,27.015557305555557]]},"properties":{"style":"solid","thickness":1}},{"type":"Feature","geometry":{"type":"LineString","coordinates":[[-80.64453472222223,27.017798083333332],[-80.64422491666667,27.01561511111111]]},"properties":{"style":"solid","thickness":1}},{"type":"Feature","geometry":{"type":"LineString","coordinates":[[-80.64399716666668,27.017646277777775],[-80.6437468888889,27.015882527777777]]},"properties":{"style":"solid","thickness":1}},{"type":"Feature","geometry":{"type":"LineString","coordinates":[[-80.64331347222223,27.01682797222222],[-80.6433646388889,27.017036694444442],[-80.64345661111112,27.01723388888889],[-80.64358641666668,27.017413194444444],[-80.64374986111112,27.01756886111111],[-80.64394175000001,27.017695888888888],[-80.64415586111112,27.017790166666664],[-80.64438533333335,27.017848722222222],[-80.64462277777778,27.01786961111111],[-80.64486058333334,27.01785222222222],[-80.64509108333334,27.017797055555555],[-80.6453068888889,27.017705916666667],[-80.64550108333334,27.017581749999998],[-80.64566736111112,27.017428499999998],[-80.64580044444445,27.017251138888888],[-80.64589600000001,27.01705533333333],[-80.64595100000001,27.016847388888888],[-80.64596366666667,27.016634],[-80.64593358333335,27.016422],[-80.64586172222224,27.01621825],[-80.6457503888889,27.016029222222222],[-80.64560316666667,27.015861083333334],[-80.64542477777779,27.015719166666667],[-80.64522097222223,27.015608055555557],[-80.64499830555556,27.015531333333332],[-80.64476388888889,27.015491444444443],[-80.64452530555556,27.015489694444444],[-80.64429022222222,27.01552611111111],[-80.64406613888889,27.015599555555557],[-80.64386033333334,27.015707638888887],[-80.64367936111111,27.015846916666668],[-80.64352908333333,27.016012888888888],[-80.64341430555557,27.01620022222222],[-80.64333869444445,27.016402916666667],[-80.64330472222223,27.016614416666666],[-80.64331347222223,27.01682797222222]]},"properties":{"style":"solid","thickness":1}},{"type":"Feature","geometry":{"type":"LineString","coordinates":[[-80.65364066666667,27.002425111111112],[-80.65339027777779,27.00066138888889]]},"properties":{"style":"solid","thickness":1}},{"type":"Feature","geometry":{"type":"LineString","coordinates":[[-80.65316272222223,27.002692555555555],[-80.65285280555557,27.000509583333333]]},"properties":{"style":"solid","thickness":1}},{"type":"Feature","geometry":{"type":"LineString","coordinates":[[-80.65265500000001,27.002750388888888],[-80.65234511111112,27.000567416666666]]},"properties":{"style":"solid","thickness":1}},{"type":"Feature","geometry":{"type":"LineString","coordinates":[[-80.65211752777779,27.00259861111111],[-80.65186716666668,27.000834861111112]]},"properties":{"style":"solid","thickness":1}},{"type":"Feature","geometry":{"type":"LineString","coordinates":[[-80.65143386111112,27.001780361111113],[-80.65148502777778,27.001989083333335],[-80.651577,27.00218625],[-80.65170680555556,27.002365555555556],[-80.65187025,27.002521194444444],[-80.65206211111112,27.002648222222223],[-80.65227619444445,27.0027425],[-80.6525056388889,27.002801027777778],[-80.65274305555556,27.002821916666665],[-80.65298083333334,27.0028045],[-80.65321130555556,27.002749333333334],[-80.65342708333334,27.002658194444443],[-80.65362122222223,27.002534],[-80.65378747222223,27.00238075],[-80.65392052777779,27.00220336111111],[-80.65401605555556,27.002007555555554],[-80.65407105555556,27.00179961111111],[-80.65408369444445,27.001586222222222],[-80.65405358333334,27.00137425],[-80.65398172222223,27.00117047222222],[-80.65387038888889,27.00098147222222],[-80.65372316666667,27.000813305555557],[-80.65354480555555,27.000671416666666],[-80.65334102777778,27.000560305555556],[-80.65311836111111,27.00048361111111],[-80.652884,27.000443722222222],[-80.65264544444445,27.000442],[-80.65241036111112,27.000478416666667],[-80.65218636111112,27.00055188888889],[-80.65198055555557,27.000659972222223],[-80.65179963888889,27.000799277777777],[-80.6516493888889,27.00096525],[-80.65153461111112,27.001152583333333],[-80.65145905555556,27.001355277777776],[-80.65142511111112,27.001566805555555],[-80.65143386111112,27.001780361111113]]},"properties":{"style":"solid","thickness":1}},{"type":"Feature","geometry":{"type":"LineString","coordinates":[[-80.66987458333334,26.97232811111111],[-80.669624,26.97056438888889]]},"properties":{"style":"solid","thickness":1}},{"type":"Feature","geometry":{"type":"LineString","coordinates":[[-80.66939677777778,26.972595638888887],[-80.66908666666667,26.970412666666665]]},"properties":{"style":"solid","thickness":1}},{"type":"Feature","geometry":{"type":"LineString","coordinates":[[-80.66888922222223,26.972653527777776],[-80.66857908333334,26.970470555555554]]},"properties":{"style":"solid","thickness":1}},{"type":"Feature","geometry":{"type":"LineString","coordinates":[[-80.66835186111112,26.972501777777776],[-80.66810130555557,26.97073808333333]]},"properties":{"style":"solid","thickness":1}},{"type":"Feature","geometry":{"type":"LineString","coordinates":[[-80.66766825,26.97168361111111],[-80.66771944444444,26.971892305555553],[-80.66781141666667,26.97208947222222],[-80.66794122222223,26.972268777777778],[-80.66810463888889,26.972424416666666],[-80.66829644444445,26.972551416666665],[-80.66851050000001,26.972645666666665],[-80.6687398888889,26.972704166666666],[-80.66897725000001,26.972725027777777],[-80.66921497222222,26.97270758333333],[-80.66944536111112,26.972652388888886],[-80.66966108333334,26.97256122222222],[-80.66985513888889,26.972437],[-80.67002133333334,26.97228375],[-80.67015433333334,26.972106333333333],[-80.67024980555556,26.971910527777776],[-80.67030475,26.971702583333332],[-80.67031736111112,26.971489166666665],[-80.67028725,26.971277194444443],[-80.67021536111112,26.971073416666666],[-80.67010402777778,26.970884444444444],[-80.66995683333334,26.970716305555555],[-80.6697785,26.970574416666665],[-80.66957475000001,26.970463361111108],[-80.6693521388889,26.970386666666666],[-80.66911783333333,26.970346805555554],[-80.66887933333334,26.97034508333333],[-80.66864433333333,26.970381555555555],[-80.66842038888889,26.970455027777778],[-80.66821466666667,26.970563166666665],[-80.66803380555557,26.97070247222222],[-80.66788361111112,26.97086847222222],[-80.66776891666667,26.97105583333333],[-80.66769338888889,26.971258527777778],[-80.66765947222223,26.971470055555553],[-80.66766825,26.97168361111111]]},"properties":{"style":"solid","thickness":1}},{"type":"Feature","geometry":{"type":"LineString","coordinates":[[-80.66175869444444,26.987376861111112],[-80.66150819444445,26.98561313888889]]},"properties":{"style":"solid","thickness":1}},{"type":"Feature","geometry":{"type":"LineString","coordinates":[[-80.66128080555556,26.987644361111112],[-80.66097080555556,26.98546138888889]]},"properties":{"style":"solid","thickness":1}},{"type":"Feature","geometry":{"type":"LineString","coordinates":[[-80.66077316666667,26.98770222222222],[-80.66046316666667,26.98551925]]},"properties":{"style":"solid","thickness":1}},{"type":"Feature","geometry":{"type":"LineString","coordinates":[[-80.66023575000001,26.987550444444445],[-80.65998530555557,26.985786722222223]]},"properties":{"style":"solid","thickness":1}},{"type":"Feature","geometry":{"type":"LineString","coordinates":[[-80.65955211111111,26.986732222222223],[-80.65960330555556,26.986940944444445],[-80.65969527777779,26.98713811111111],[-80.65982505555556,26.987317416666667],[-80.65998850000001,26.987473055555558],[-80.66018033333334,26.987600055555557],[-80.66039441666668,26.987694333333334],[-80.66062383333333,26.98775286111111],[-80.66086122222222,26.987773722222222],[-80.66109894444445,26.987756305555557],[-80.66132938888889,26.98770111111111],[-80.6615451388889,26.987609944444447],[-80.66173925000001,26.98748575],[-80.66190547222223,26.9873325],[-80.66203847222222,26.98715511111111],[-80.66213400000001,26.986959305555555],[-80.66218897222222,26.986751333333334],[-80.66220158333334,26.986537944444446],[-80.66217147222223,26.98632597222222],[-80.66209961111112,26.986122194444444],[-80.66198827777778,26.985933194444446],[-80.66184105555556,26.985765055555557],[-80.66166272222223,26.985623166666667],[-80.66145894444445,26.985512083333333],[-80.66123630555556,26.98543538888889],[-80.66100197222222,26.98539552777778],[-80.66076344444446,26.985393805555557],[-80.66052841666668,26.98543025],[-80.66030441666668,26.985503722222223],[-80.66009866666667,26.985611833333333],[-80.65991777777778,26.985751111111114],[-80.65976755555556,26.985917111111114],[-80.65965283333334,26.986104472222223],[-80.65957727777779,26.986307166666666],[-80.65954333333335,26.98651866666667],[-80.65955211111111,26.986732222222223]]},"properties":{"style":"solid","thickness":1}},{"type":"Feature","geometry":{"type":"LineString","coordinates":[[-80.68610000000001,26.94222913888889],[-80.68584925,26.940465444444445]]},"properties":{"style":"solid","thickness":1}},{"type":"Feature","geometry":{"type":"LineString","coordinates":[[-80.68562236111111,26.942496694444444],[-80.68531202777778,26.94031375]]},"properties":{"style":"solid","thickness":1}},{"type":"Feature","geometry":{"type":"LineString","coordinates":[[-80.68511494444445,26.94255463888889],[-80.68480461111112,26.940371722222224]]},"properties":{"style":"solid","thickness":1}},{"type":"Feature","geometry":{"type":"LineString","coordinates":[[-80.68457769444444,26.942402972222222],[-80.68432697222222,26.940639277777777]]},"properties":{"style":"solid","thickness":1}},{"type":"Feature","geometry":{"type":"LineString","coordinates":[[-80.68389416666668,26.94158486111111],[-80.68394538888889,26.941793583333332],[-80.68403736111111,26.941990722222222],[-80.6841671388889,26.94217],[-80.68433052777777,26.94232563888889],[-80.68452233333333,26.942452583333335],[-80.68473633333333,26.942546833333335],[-80.68496566666667,26.942605305555556],[-80.68520297222223,26.942626166666667],[-80.68544061111112,26.942608694444445],[-80.68567094444445,26.942553472222222],[-80.68588658333334,26.942462250000002],[-80.68608058333334,26.94233802777778],[-80.68624672222222,26.94218475],[-80.6863796388889,26.942007333333333],[-80.68647508333333,26.9418115],[-80.68652997222223,26.94160352777778],[-80.68654255555556,26.941390138888888],[-80.68651241666667,26.941178166666667],[-80.68644052777778,26.94097438888889],[-80.68632919444445,26.940785416666667],[-80.686182,26.940617305555556],[-80.68600369444445,26.940475444444445],[-80.68579997222223,26.940364388888888],[-80.68557741666667,26.940287722222223],[-80.68534316666667,26.94024788888889],[-80.68510475000001,26.94024622222222],[-80.68486980555556,26.940282694444445],[-80.68464591666667,26.940356194444444],[-80.68444027777778,26.94046436111111],[-80.68425947222222,26.940603694444444],[-80.68410936111111,26.940769694444445],[-80.68399469444445,26.940957083333334],[-80.68391922222223,26.941159777777777],[-80.68388536111111,26.941371305555556],[-80.68389416666668,26.94158486111111]]},"properties":{"style":"solid","thickness":1}},{"type":"Feature","geometry":{"type":"LineString","coordinates":[[-80.67798833333333,26.95727886111111],[-80.67773769444445,26.955515166666665]]},"properties":{"style":"solid","thickness":1}},{"type":"Feature","geometry":{"type":"LineString","coordinates":[[-80.67751063888889,26.957546416666666],[-80.67720038888889,26.95536347222222]]},"properties":{"style":"solid","thickness":1}},{"type":"Feature","geometry":{"type":"LineString","coordinates":[[-80.67700313888889,26.957604333333332],[-80.67669291666667,26.955421388888887]]},"properties":{"style":"solid","thickness":1}},{"type":"Feature","geometry":{"type":"LineString","coordinates":[[-80.67646583333334,26.95745263888889],[-80.67621519444445,26.955688916666666]]},"properties":{"style":"solid","thickness":1}},{"type":"Feature","geometry":{"type":"LineString","coordinates":[[-80.67578227777778,26.95663447222222],[-80.67583347222222,26.956843194444442],[-80.67592544444445,26.957040361111112],[-80.67605522222223,26.957219638888887],[-80.6762186388889,26.95737527777778],[-80.67641044444444,26.95750225],[-80.67662447222223,26.957596499999998],[-80.67685383333334,26.957655],[-80.67709116666667,26.957675833333333],[-80.67732883333333,26.957658388888888],[-80.67755922222223,26.957603166666665],[-80.67777488888889,26.957511999999998],[-80.67796891666667,26.95738777777778],[-80.67813508333334,26.957234472222222],[-80.67826802777778,26.957057083333332],[-80.6783635,26.95686125],[-80.67841841666667,26.956653305555555],[-80.678431,26.956439916666668],[-80.67840088888889,26.956227916666666],[-80.678329,26.956024166666666],[-80.67821766666667,26.955835194444443],[-80.67807047222223,26.955667055555555],[-80.67789216666667,26.955525166666664],[-80.67768841666667,26.95541411111111],[-80.67746583333334,26.955337444444442],[-80.67723155555557,26.95529761111111],[-80.67699308333334,26.955295888888887],[-80.6767581388889,26.955332388888888],[-80.67653419444444,26.95540586111111],[-80.67632852777778,26.955514],[-80.67614769444445,26.955653333333334],[-80.67599752777778,26.955819333333334],[-80.67588286111112,26.956006694444444],[-80.67580736111111,26.956209388888887],[-80.67577347222223,26.956420916666666],[-80.67578227777778,26.95663447222222]]},"properties":{"style":"solid","thickness":1}},{"type":"Feature","geometry":{"type":"LineString","coordinates":[[-80.69420952777779,26.92717888888889],[-80.69395869444445,26.925415194444447]]},"properties":{"style":"solid","thickness":1}},{"type":"Feature","geometry":{"type":"LineString","coordinates":[[-80.69373197222222,26.927446500000002],[-80.69342152777779,26.925263555555556]]},"properties":{"style":"solid","thickness":1}},{"type":"Feature","geometry":{"type":"LineString","coordinates":[[-80.69322461111112,26.927504472222225],[-80.69291416666667,26.92532152777778]]},"properties":{"style":"solid","thickness":1}},{"type":"Feature","geometry":{"type":"LineString","coordinates":[[-80.69268744444445,26.927352833333334],[-80.69243663888889,26.92558913888889]]},"properties":{"style":"solid","thickness":1}},{"type":"Feature","geometry":{"type":"LineString","coordinates":[[-80.69200394444445,26.926534750000002],[-80.69205516666668,26.926743444444444],[-80.6921471388889,26.926940611111114],[-80.69227691666667,26.927119861111112],[-80.69244030555556,26.9272755],[-80.69263208333334,26.927402444444446],[-80.69284605555556,26.927496666666666],[-80.69307536111111,26.92755513888889],[-80.6933126388889,26.927575972222222],[-80.69355025,26.927558472222223],[-80.69378055555556,26.92750325],[-80.69399616666666,26.92741202777778],[-80.6941901388889,26.927287777777778],[-80.69435622222223,26.9271345],[-80.69448911111111,26.926957083333335],[-80.69458452777778,26.926761222222222],[-80.69463938888889,26.926553277777778],[-80.69465197222223,26.926339861111114],[-80.69462180555556,26.92612788888889],[-80.69454991666667,26.92592413888889],[-80.69443858333334,26.92573516666667],[-80.69429141666667,26.925567055555558],[-80.69411311111112,26.925425194444447],[-80.69390941666667,26.925314166666666],[-80.69368688888889,26.9252375],[-80.69345266666667,26.925197694444446],[-80.69321425,26.92519602777778],[-80.69297936111111,26.92523252777778],[-80.69275552777778,26.925306055555556],[-80.69254991666666,26.925414222222223],[-80.69236913888889,26.925553555555556],[-80.69221905555555,26.925719555555556],[-80.69210441666667,26.925906944444446],[-80.69202897222223,26.92610966666667],[-80.69199511111111,26.926321194444444],[-80.69200394444445,26.926534750000002]]},"properties":{"style":"solid","thickness":1}},{"type":"Feature","geometry":{"type":"LineString","coordinates":[[-80.70231694444445,26.912128166666665],[-80.702066,26.91036447222222]]},"properties":{"style":"solid","thickness":1}},{"type":"Feature","geometry":{"type":"LineString","coordinates":[[-80.70183947222222,26.912395777777775],[-80.70152891666667,26.91021286111111]]},"properties":{"style":"solid","thickness":1}},{"type":"Feature","geometry":{"type":"LineString","coordinates":[[-80.70133219444445,26.912453805555554],[-80.70102163888889,26.91027086111111]]},"properties":{"style":"solid","thickness":1}},{"type":"Feature","geometry":{"type":"LineString","coordinates":[[-80.70079508333333,26.912302166666667],[-80.70054416666667,26.910538499999998]]},"properties":{"style":"solid","thickness":1}},{"type":"Feature","geometry":{"type":"LineString","coordinates":[[-80.70011161111111,26.911484138888888],[-80.70016283333334,26.911692833333333],[-80.70025480555556,26.91189],[-80.70038458333333,26.91206925],[-80.70054797222222,26.91222486111111],[-80.70073972222222,26.912351805555556],[-80.70095366666666,26.912446027777776],[-80.70118297222223,26.91250447222222],[-80.70142019444445,26.912525277777775],[-80.70165777777778,26.912507777777776],[-80.70188805555556,26.912452527777777],[-80.70210361111111,26.912361333333333],[-80.70229755555556,26.912237055555554],[-80.70246361111111,26.912083749999997],[-80.70259647222223,26.91190633333333],[-80.70269186111112,26.91171047222222],[-80.70274672222223,26.911502527777778],[-80.70275925,26.91128911111111],[-80.70272911111111,26.91107713888889],[-80.70265719444444,26.910873388888888],[-80.70254588888889,26.910684416666665],[-80.70239872222223,26.910516305555554],[-80.70222041666666,26.91037447222222],[-80.70201675,26.910263444444443],[-80.70179425,26.910186805555554],[-80.70156002777777,26.910147],[-80.70132166666667,26.910145333333332],[-80.70108680555556,26.91018186111111],[-80.700863,26.91025538888889],[-80.70065741666667,26.910363555555556],[-80.70047669444445,26.910502916666665],[-80.70032661111111,26.910668944444442],[-80.70021202777778,26.91085633333333],[-80.70013661111112,26.911059055555555],[-80.70010277777779,26.911270583333334],[-80.70011161111111,26.911484138888888]]},"properties":{"style":"solid","thickness":1}},{"type":"Feature","geometry":{"type":"LineString","coordinates":[[-80.67261561111111,26.767872833333332],[-80.67236547222222,26.766109027777777]]},"properties":{"style":"solid","thickness":1}},{"type":"Feature","geometry":{"type":"LineString","coordinates":[[-80.67213866666667,26.76814036111111],[-80.67182908333334,26.765957305555556]]},"properties":{"style":"solid","thickness":1}},{"type":"Feature","geometry":{"type":"LineString","coordinates":[[-80.671632,26.768198249999998],[-80.67132244444444,26.766015194444446]]},"properties":{"style":"solid","thickness":1}},{"type":"Feature","geometry":{"type":"LineString","coordinates":[[-80.67109561111111,26.7680465],[-80.6708455,26.766282722222222]]},"properties":{"style":"solid","thickness":1}},{"type":"Feature","geometry":{"type":"LineString","coordinates":[[-80.67041322222222,26.767228305555555],[-80.67046433333334,26.767437027777778],[-80.6705561388889,26.767634194444444],[-80.67068569444444,26.7678135],[-80.67084883333334,26.767969138888887],[-80.67104030555556,26.76809613888889],[-80.67125397222223,26.76819038888889],[-80.67148294444445,26.768248916666664],[-80.67171988888889,26.76826977777778],[-80.67195716666667,26.768252333333333],[-80.67218716666667,26.76819711111111],[-80.6724025,26.768105944444443],[-80.67259622222223,26.76798172222222],[-80.67276211111111,26.767828444444444],[-80.67289486111112,26.767651055555554],[-80.67299019444445,26.76745522222222],[-80.67304502777779,26.76724725],[-80.67305761111112,26.76703386111111],[-80.67302752777778,26.76682186111111],[-80.67295577777779,26.766618083333334],[-80.67284466666668,26.766429083333332],[-80.67269772222222,26.766260944444443],[-80.67251969444445,26.766119055555556],[-80.67231630555555,26.766007972222223],[-80.67209408333333,26.765931277777778],[-80.67186019444445,26.765891444444446],[-80.67162213888889,26.765889722222223],[-80.67138755555555,26.765926194444443],[-80.671164,26.765999666666666],[-80.67095863888889,26.766107805555556],[-80.67077811111112,26.76624711111111],[-80.67062819444445,26.76641311111111],[-80.67051369444445,26.7666005],[-80.67043830555556,26.766803194444442],[-80.67040444444444,26.76701472222222],[-80.67041322222222,26.767228305555555]]},"properties":{"style":"solid","thickness":1}},{"type":"Feature","geometry":{"type":"LineString","coordinates":[[-80.65515219444445,26.762074527777777],[-80.65490236111111,26.760310694444446]]},"properties":{"style":"solid","thickness":1}},{"type":"Feature","geometry":{"type":"LineString","coordinates":[[-80.65467525000001,26.762342],[-80.65436600000001,26.76015888888889]]},"properties":{"style":"solid","thickness":1}},{"type":"Feature","geometry":{"type":"LineString","coordinates":[[-80.65416861111112,26.762399833333333],[-80.65385936111112,26.76021672222222]]},"properties":{"style":"solid","thickness":1}},{"type":"Feature","geometry":{"type":"LineString","coordinates":[[-80.65363225,26.762248027777776],[-80.65338241666667,26.760484194444444]]},"properties":{"style":"solid","thickness":1}},{"type":"Feature","geometry":{"type":"LineString","coordinates":[[-80.65295002777778,26.76142972222222],[-80.65300108333334,26.761638444444444],[-80.65309286111112,26.76183563888889],[-80.65322238888889,26.762014944444445],[-80.6533855,26.76217061111111],[-80.65357694444445,26.76229763888889],[-80.65379058333333,26.762391916666665],[-80.65401955555556,26.762450472222223],[-80.65425647222223,26.76247136111111],[-80.65449375,26.762453944444445],[-80.65472375,26.76239875],[-80.65493905555556,26.762307611111112],[-80.65513280555557,26.762183416666666],[-80.65529872222223,26.762030166666666],[-80.65543147222223,26.76185277777778],[-80.65552683333334,26.761656944444443],[-80.65558169444445,26.761449],[-80.65559430555557,26.761235583333335],[-80.65556427777778,26.761023583333333],[-80.65549255555555,26.760819805555556],[-80.65538144444444,26.760630805555557],[-80.65523455555557,26.76046263888889],[-80.65505655555556,26.76032072222222],[-80.65485319444446,26.760209638888888],[-80.65463100000001,26.760132916666667],[-80.6543971388889,26.760093027777778],[-80.65415908333334,26.76009127777778],[-80.6539245,26.760127722222222],[-80.65370094444445,26.760201194444445],[-80.65349558333334,26.760309305555555],[-80.65331502777778,26.760448583333332],[-80.65316508333333,26.760614555555556],[-80.65305058333334,26.760801916666665],[-80.65297516666668,26.76100461111111],[-80.65294127777778,26.761216166666667],[-80.65295002777778,26.76142972222222]]},"properties":{"style":"solid","thickness":1}},{"type":"Feature","geometry":{"type":"LineString","coordinates":[[-80.63769052777778,26.756274055555554],[-80.63744097222222,26.754510194444446]]},"properties":{"style":"solid","thickness":1}},{"type":"Feature","geometry":{"type":"LineString","coordinates":[[-80.63721355555556,26.75654147222222],[-80.63690466666667,26.754358333333332]]},"properties":{"style":"solid","thickness":1}},{"type":"Feature","geometry":{"type":"LineString","coordinates":[[-80.63670694444446,26.75659925],[-80.63639805555556,26.754416083333332]]},"properties":{"style":"solid","thickness":1}},{"type":"Feature","geometry":{"type":"LineString","coordinates":[[-80.6361706388889,26.75644736111111],[-80.63592108333334,26.7546835]]},"properties":{"style":"solid","thickness":1}},{"type":"Feature","geometry":{"type":"LineString","coordinates":[[-80.63548855555557,26.755628972222222],[-80.63553961111111,26.75583772222222],[-80.63563133333334,26.756034916666668],[-80.63576083333334,26.75621425],[-80.6359238888889,26.756369916666667],[-80.63611533333334,26.756496972222223],[-80.63632894444446,26.756591305555556],[-80.6365578888889,26.75664986111111],[-80.63679477777778,26.756670777777778],[-80.63703205555557,26.75665338888889],[-80.63726205555557,26.75659825],[-80.63747736111112,26.756507111111112],[-80.63767111111112,26.756382944444443],[-80.63783705555556,26.756229722222223],[-80.63796983333334,26.756052333333333],[-80.63806519444445,26.755856527777777],[-80.63812008333333,26.755648583333333],[-80.63813275000001,26.75543516666667],[-80.63810275,26.755223166666667],[-80.63803105555556,26.75501938888889],[-80.63792000000001,26.75483036111111],[-80.63777313888889,26.754662194444446],[-80.63759516666667,26.75452025],[-80.63739183333334,26.754409111111112],[-80.63716966666668,26.75433238888889],[-80.63693580555557,26.75429247222222],[-80.63669775000001,26.754290694444446],[-80.63646319444445,26.75432711111111],[-80.6362396388889,26.75440052777778],[-80.63603427777778,26.75450861111111],[-80.63585372222222,26.75464788888889],[-80.63570375,26.75481386111111],[-80.63558919444445,26.755001194444443],[-80.63551377777779,26.75520388888889],[-80.63547986111112,26.755415416666665],[-80.63548855555557,26.755628972222222]]},"properties":{"style":"solid","thickness":1}},{"type":"Feature","geometry":{"type":"LineString","coordinates":[[-80.50259733333333,26.708026666666665],[-80.50234991666666,26.706262555555554]]},"properties":{"style":"solid","thickness":1}},{"type":"Feature","geometry":{"type":"LineString","coordinates":[[-80.50212022222222,26.70829363888889],[-80.50181402777778,26.706110166666665]]},"properties":{"style":"solid","thickness":1}},{"type":"Feature","geometry":{"type":"LineString","coordinates":[[-80.50161372222222,26.708350944444444],[-80.50130755555556,26.706167472222223]]},"properties":{"style":"solid","thickness":1}},{"type":"Feature","geometry":{"type":"LineString","coordinates":[[-80.50107783333333,26.708198555555555],[-80.50083047222222,26.706434416666667]]},"properties":{"style":"solid","thickness":1}},{"type":"Feature","geometry":{"type":"LineString","coordinates":[[-80.500397,26.7073795],[-80.50044777777778,26.707588305555554],[-80.50053925,26.707785583333333],[-80.50066847222222,26.707965027777778],[-80.50083130555555,26.70812088888889],[-80.5010225,26.70824811111111],[-80.50123588888889,26.708342638888887],[-80.50146466666666,26.708401416666668],[-80.50170147222222,26.708422555555554],[-80.50193866666666,26.708405388888888],[-80.50216861111112,26.70835047222222],[-80.50238397222222,26.708259555555554],[-80.50257777777777,26.708135555555554],[-80.50274380555555,26.70798247222222],[-80.50287675,26.70780522222222],[-80.50297230555556,26.7076095],[-80.50302744444444,26.70740161111111],[-80.50304033333333,26.70718822222222],[-80.50301058333334,26.706976166666667],[-80.50293916666666,26.706772305555553],[-80.50282838888889,26.706583194444445],[-80.50268177777778,26.70641486111111],[-80.50250405555556,26.70627275],[-80.50230091666667,26.706161444444444],[-80.50207894444445,26.706084472222223],[-80.50184522222222,26.70604436111111],[-80.50160727777778,26.70604236111111],[-80.50137277777777,26.706078527777777],[-80.50114922222222,26.70615175],[-80.50094380555555,26.706259638888888],[-80.50076316666667,26.706398749999998],[-80.50061305555556,26.706564583333332],[-80.50049836111111,26.706751805555555],[-80.50042269444444,26.706954416666665],[-80.50038855555556,26.707165916666668],[-80.500397,26.7073795]]},"properties":{"style":"solid","thickness":1}},{"type":"Feature","geometry":{"type":"LineString","coordinates":[[-80.48540086111112,26.70163661111111],[-80.48515372222222,26.69987247222222]]},"properties":{"style":"solid","thickness":1}},{"type":"Feature","geometry":{"type":"LineString","coordinates":[[-80.48492375000001,26.701903527777777],[-80.48461788888889,26.69972002777778]]},"properties":{"style":"solid","thickness":1}},{"type":"Feature","geometry":{"type":"LineString","coordinates":[[-80.48441727777778,26.701960749999998],[-80.48411141666666,26.69977725]]},"properties":{"style":"solid","thickness":1}},{"type":"Feature","geometry":{"type":"LineString","coordinates":[[-80.48388141666666,26.701808305555556],[-80.48363433333333,26.700044138888888]]},"properties":{"style":"solid","thickness":1}},{"type":"Feature","geometry":{"type":"LineString","coordinates":[[-80.48320075000001,26.700989166666666],[-80.48325150000001,26.70119797222222],[-80.48334291666667,26.701395277777777],[-80.48347211111111,26.70157475],[-80.48363491666667,26.70173061111111],[-80.48382608333334,26.70185786111111],[-80.48403947222222,26.701952416666664],[-80.48426822222223,26.70201122222222],[-80.484505,26.702032388888888],[-80.48474216666666,26.70201525],[-80.4849721111111,26.70196036111111],[-80.48518747222222,26.70186947222222],[-80.48538127777778,26.701745499999998],[-80.48554733333333,26.701592416666667],[-80.48568030555556,26.701415194444444],[-80.4857758888889,26.7012195],[-80.48583102777778,26.701011583333333],[-80.48584394444444,26.700798194444445],[-80.48581425,26.700586166666668],[-80.4857428888889,26.700382305555554],[-80.48563211111112,26.70019313888889],[-80.48548552777778,26.700024805555554],[-80.48530783333334,26.699882666666667],[-80.48510475,26.699771333333334],[-80.48488277777778,26.699694333333333],[-80.48464908333334,26.699654194444445],[-80.48441116666666,26.699652166666667],[-80.48417666666667,26.699688333333334],[-80.4839531111111,26.699761527777778],[-80.48374769444445,26.69986938888889],[-80.48356702777778,26.700008444444443],[-80.48341691666667,26.700174277777776],[-80.48330219444445,26.7003615],[-80.4832265,26.70056411111111],[-80.48319233333334,26.700775611111112],[-80.48320075000001,26.700989166666666]]},"properties":{"style":"solid","thickness":1}},{"type":"Feature","geometry":{"type":"LineString","coordinates":[[-80.46820627777778,26.69524447222222],[-80.46795944444445,26.693480277777777]]},"properties":{"style":"solid","thickness":1}},{"type":"Feature","geometry":{"type":"LineString","coordinates":[[-80.46772916666667,26.695511333333332],[-80.46742363888889,26.693327777777778]]},"properties":{"style":"solid","thickness":1}},{"type":"Feature","geometry":{"type":"LineString","coordinates":[[-80.46722269444444,26.6955685],[-80.46691719444445,26.693384944444446]]},"properties":{"style":"solid","thickness":1}},{"type":"Feature","geometry":{"type":"LineString","coordinates":[[-80.46668691666667,26.69541597222222],[-80.46644008333334,26.693651777777777]]},"properties":{"style":"solid","thickness":1}},{"type":"Feature","geometry":{"type":"LineString","coordinates":[[-80.46600638888889,26.69459675],[-80.46605711111111,26.694805555555554],[-80.4661485,26.69500288888889],[-80.46627766666667,26.69518236111111],[-80.46644041666667,26.69533825],[-80.46663155555555,26.695465527777777],[-80.46684491666667,26.695560083333334],[-80.46707363888889,26.695618916666668],[-80.46731038888889,26.69564013888889],[-80.46754755555556,26.695623027777778],[-80.46777752777778,26.695568166666668],[-80.46799286111111,26.69547727777778],[-80.46818669444444,26.695353333333333],[-80.46835277777778,26.695200305555556],[-80.46848575,26.695023083333332],[-80.46858136111112,26.69482738888889],[-80.46863652777778,26.6946195],[-80.46864947222222,26.69440611111111],[-80.46861980555556,26.694194055555556],[-80.46854847222222,26.693990194444446],[-80.46843775,26.693801027777777],[-80.46829119444445,26.693632666666666],[-80.46811352777777,26.69349052777778],[-80.46791047222223,26.69337913888889],[-80.46768852777778,26.69330213888889],[-80.46745486111111,26.693261944444444],[-80.46721694444444,26.69325988888889],[-80.46698244444444,26.693296027777777],[-80.46675888888889,26.693369194444443],[-80.46655347222223,26.693477027777778],[-80.46637280555557,26.693616083333332],[-80.46622266666667,26.69378188888889],[-80.46610791666667,26.693969083333332],[-80.46603222222222,26.694171694444446],[-80.465998,26.694383194444445],[-80.46600638888889,26.69459675]]},"properties":{"style":"solid","thickness":1}},{"type":"Feature","geometry":{"type":"LineString","coordinates":[[-80.45101361111111,26.68885022222222],[-80.45076702777779,26.687086]]},"properties":{"style":"solid","thickness":1}},{"type":"Feature","geometry":{"type":"LineString","coordinates":[[-80.45053647222223,26.68911702777778],[-80.45023130555556,26.686933444444445]]},"properties":{"style":"solid","thickness":1}},{"type":"Feature","geometry":{"type":"LineString","coordinates":[[-80.45003002777779,26.689174138888887],[-80.44972486111112,26.686990527777777]]},"properties":{"style":"solid","thickness":1}},{"type":"Feature","geometry":{"type":"LineString","coordinates":[[-80.44949427777779,26.689021555555556],[-80.44924775,26.687257333333335]]},"properties":{"style":"solid","thickness":1}},{"type":"Feature","geometry":{"type":"LineString","coordinates":[[-80.44881394444445,26.68820225],[-80.44886461111112,26.688411055555555],[-80.44895597222222,26.688608388888888],[-80.44908508333334,26.68878788888889],[-80.44924783333333,26.688943805555557],[-80.44943891666667,26.689071083333335],[-80.44965225,26.689165694444444],[-80.44988097222223,26.689224555555555],[-80.45011772222223,26.689245777777778],[-80.45035486111111,26.68922872222222],[-80.45058483333334,26.68917386111111],[-80.45080016666667,26.689083027777777],[-80.45099400000001,26.68895911111111],[-80.45116008333333,26.688806083333333],[-80.45129308333334,26.68862888888889],[-80.45138872222222,26.688433194444446],[-80.45144391666668,26.688225305555555],[-80.45145691666667,26.688011916666667],[-80.45142727777778,26.68779986111111],[-80.45135597222223,26.687596],[-80.45124527777779,26.687406805555558],[-80.45109875,26.687238444444446],[-80.45092113888889,26.687096277777776],[-80.45071808333334,26.68698486111111],[-80.45049616666667,26.686907833333333],[-80.45026252777778,26.68686761111111],[-80.45002461111112,26.68686552777778],[-80.44979011111111,26.68690163888889],[-80.44956658333334,26.686974777777777],[-80.44936116666668,26.687082583333332],[-80.44918047222222,26.687221611111113],[-80.44903033333334,26.68738738888889],[-80.44891555555556,26.687574583333333],[-80.44883983333334,26.687777194444443],[-80.44880558333334,26.687988666666666],[-80.44881394444445,26.68820225]]},"properties":{"style":"solid","thickness":1}},{"type":"Feature","geometry":{"type":"LineString","coordinates":[[-80.43382283333334,26.682453916666667],[-80.43357652777779,26.68068963888889]]},"properties":{"style":"solid","thickness":1}},{"type":"Feature","geometry":{"type":"LineString","coordinates":[[-80.43334566666667,26.682720638888892],[-80.43304086111111,26.680537]]},"properties":{"style":"solid","thickness":1}},{"type":"Feature","geometry":{"type":"LineString","coordinates":[[-80.43283925,26.682777694444447],[-80.43253444444444,26.680594055555556]]},"properties":{"style":"solid","thickness":1}},{"type":"Feature","geometry":{"type":"LineString","coordinates":[[-80.43230355555556,26.682625055555558],[-80.43205730555556,26.680860777777777]]},"properties":{"style":"solid","thickness":1}},{"type":"Feature","geometry":{"type":"LineString","coordinates":[[-80.4316233888889,26.68180566666667],[-80.43167402777779,26.682014472222225],[-80.43176533333333,26.682211805555557],[-80.43189444444445,26.682391333333335],[-80.4320571388889,26.682547250000002],[-80.43224819444445,26.682674583333334],[-80.4324615,26.682769194444447],[-80.43269019444445,26.682828111111114],[-80.43292691666667,26.682849361111113],[-80.43316408333334,26.682832305555557],[-80.43339402777778,26.6827775],[-80.43360936111111,26.68268666666667],[-80.43380322222222,26.68256277777778],[-80.43396930555556,26.682409777777778],[-80.43410233333334,26.682232583333334],[-80.43419797222222,26.682036916666668],[-80.43425322222222,26.68182902777778],[-80.43426622222222,26.68161563888889],[-80.43423663888889,26.681403583333335],[-80.43416536111111,26.681199694444445],[-80.43405469444444,26.68101052777778],[-80.43390822222223,26.68084211111111],[-80.43373061111112,26.68069991666667],[-80.43352761111112,26.680588500000002],[-80.43330572222223,26.680511444444445],[-80.43307208333334,26.680471194444447],[-80.43283419444445,26.680469083333335],[-80.43259969444445,26.680505166666666],[-80.43237616666667,26.68057827777778],[-80.43217072222222,26.680686055555558],[-80.43199002777779,26.680825083333335],[-80.43183988888889,26.680990833333336],[-80.43172508333333,26.68117802777778],[-80.43164933333334,26.681380611111113],[-80.43161505555555,26.681592083333335],[-80.4316233888889,26.68180566666667]]},"properties":{"style":"solid","thickness":1}},{"type":"Feature","geometry":{"type":"LineString","coordinates":[[-80.41663394444446,26.6760555],[-80.41638794444445,26.674291194444447]]},"properties":{"style":"solid","thickness":1}},{"type":"Feature","geometry":{"type":"LineString","coordinates":[[-80.41615677777779,26.67632216666667],[-80.41585230555556,26.6741385]]},"properties":{"style":"solid","thickness":1}},{"type":"Feature","geometry":{"type":"LineString","coordinates":[[-80.41565038888889,26.676379166666667],[-80.41534591666667,26.6741955]]},"properties":{"style":"solid","thickness":1}},{"type":"Feature","geometry":{"type":"LineString","coordinates":[[-80.41511475,26.676226444444445],[-80.41486875000001,26.674462166666668]]},"properties":{"style":"solid","thickness":1}},{"type":"Feature","geometry":{"type":"LineString","coordinates":[[-80.41443472222223,26.675407],[-80.41448530555556,26.675615805555555],[-80.41457661111112,26.675813166666668],[-80.41470566666668,26.675992694444446],[-80.41486833333335,26.67614863888889],[-80.41505938888889,26.676275972222225],[-80.41527266666667,26.67637063888889],[-80.41550133333334,26.676429555555558],[-80.41573802777778,26.676450833333334],[-80.41597516666667,26.676433833333334],[-80.41620511111111,26.676379027777777],[-80.41642047222223,26.676288250000002],[-80.41661430555556,26.676164361111113],[-80.41678041666667,26.67601138888889],[-80.41691347222223,26.675834222222225],[-80.4170091388889,26.675638555555558],[-80.41706441666668,26.675430666666667],[-80.41707744444444,26.67521727777778],[-80.41704788888889,26.675005222222225],[-80.4169766388889,26.674801333333335],[-80.41686602777779,26.67461213888889],[-80.41671958333333,26.67444372222222],[-80.416542,26.674301500000002],[-80.41633902777778,26.674190055555556],[-80.41611716666667,26.674112972222222],[-80.41588352777778,26.674072694444444],[-80.41564566666668,26.674070555555556],[-80.41541119444445,26.674106611111114],[-80.4151876388889,26.674179694444447],[-80.41498222222222,26.674287444444445],[-80.41480150000001,26.674426444444446],[-80.41465133333334,26.674592194444447],[-80.41453650000001,26.674779361111113],[-80.41446072222223,26.674981916666667],[-80.41442641666667,26.67519341666667],[-80.41443472222223,26.675407]]},"properties":{"style":"solid","thickness":1}},{"type":"Feature","geometry":{"type":"LineString","coordinates":[[-80.29027580555555,26.62922522222222],[-80.29003183333333,26.627460694444444]]},"properties":{"style":"solid","thickness":1}},{"type":"Feature","geometry":{"type":"LineString","coordinates":[[-80.28979855555555,26.6294915],[-80.28949658333333,26.627307527777777]]},"properties":{"style":"solid","thickness":1}},{"type":"Feature","geometry":{"type":"LineString","coordinates":[[-80.28929227777778,26.62954802777778],[-80.28899033333333,26.627364055555557]]},"properties":{"style":"solid","thickness":1}},{"type":"Feature","geometry":{"type":"LineString","coordinates":[[-80.28875702777778,26.629394861111113],[-80.28851308333333,26.627630305555556]]},"properties":{"style":"solid","thickness":1}},{"type":"Feature","geometry":{"type":"LineString","coordinates":[[-80.28807816666666,26.62857477777778],[-80.28812852777777,26.62878363888889],[-80.28821958333333,26.628981055555556],[-80.28834838888889,26.629160722222224],[-80.28851080555556,26.629316805555558],[-80.28870163888888,26.629444333333335],[-80.28891472222222,26.629539166666667],[-80.28914325,26.629598277777777],[-80.28937983333333,26.62961977777778],[-80.28961688888889,26.629602972222223],[-80.28984680555556,26.62954838888889],[-80.29006216666666,26.629457777777777],[-80.29025608333333,26.629334083333333],[-80.29042227777778,26.629181250000002],[-80.29055547222222,26.629004194444445],[-80.29065133333333,26.62880861111111],[-80.29070677777777,26.628600777777777],[-80.29072005555555,26.628387416666666],[-80.29069075,26.628175333333335],[-80.29061975,26.62797136111111],[-80.29050938888889,26.627782055555556],[-80.29036316666667,26.6276135],[-80.29018583333333,26.62747113888889],[-80.28998305555555,26.6273595],[-80.2897613611111,26.627282222222224],[-80.28952788888888,26.62724175],[-80.28929011111111,26.62723938888889],[-80.28905566666667,26.627275222222224],[-80.28883213888889,26.62734811111111],[-80.28862669444445,26.627455694444446],[-80.28844588888889,26.627594527777777],[-80.28829558333334,26.62776013888889],[-80.28818061111112,26.62794722222222],[-80.28810463888888,26.628149722222222],[-80.28807013888888,26.628361166666668],[-80.28807816666666,26.62857477777778]]},"properties":{"style":"solid","thickness":1}},{"type":"Feature","geometry":{"type":"LineString","coordinates":[[-80.27309097222222,26.62283502777778],[-80.27284727777777,26.621070472222222]]},"properties":{"style":"solid","thickness":1}},{"type":"Feature","geometry":{"type":"LineString","coordinates":[[-80.27261369444444,26.62310122222222],[-80.27231208333333,26.62091722222222]]},"properties":{"style":"solid","thickness":1}},{"type":"Feature","geometry":{"type":"LineString","coordinates":[[-80.27210744444444,26.623157722222224],[-80.27180583333333,26.620973694444444]]},"properties":{"style":"solid","thickness":1}},{"type":"Feature","geometry":{"type":"LineString","coordinates":[[-80.27157225,26.623004472222224],[-80.27132858333333,26.62123988888889]]},"properties":{"style":"solid","thickness":1}},{"type":"Feature","geometry":{"type":"LineString","coordinates":[[-80.27089355555556,26.622184305555557],[-80.2709438611111,26.62239316666667],[-80.27103488888889,26.62259061111111],[-80.2711636388889,26.62277027777778],[-80.27132605555555,26.62292638888889],[-80.27151683333334,26.623053944444443],[-80.27172991666667,26.623148805555555],[-80.27195841666666,26.623207944444445],[-80.27219497222222,26.623229472222224],[-80.27243202777778,26.623212694444444],[-80.27266191666666,26.62315813888889],[-80.27287730555555,26.623067555555554],[-80.27307122222223,26.62294388888889],[-80.27323744444445,26.622791055555556],[-80.27337063888889,26.62261402777778],[-80.27346652777777,26.622418444444445],[-80.273522,26.62221063888889],[-80.27353530555555,26.62199725],[-80.27350602777777,26.621785166666665],[-80.27343508333334,26.621581194444445],[-80.27332472222223,26.62139188888889],[-80.27317855555556,26.621223305555556],[-80.27300125,26.621080916666667],[-80.2727985,26.620969277777778],[-80.27257683333333,26.620891944444445],[-80.27234336111111,26.620851444444444],[-80.27210561111112,26.620849055555556],[-80.27187119444444,26.620884888888888],[-80.27164766666667,26.62095775],[-80.27144219444445,26.621065305555558],[-80.27126138888889,26.621204111111112],[-80.27111108333334,26.621369694444446],[-80.27099608333333,26.62155675],[-80.27092008333334,26.62175925],[-80.27088552777778,26.621970694444446],[-80.27089355555556,26.622184305555557]]},"properties":{"style":"solid","thickness":1}},{"type":"Feature","geometry":{"type":"LineString","coordinates":[[-80.23872697222222,26.61004838888889],[-80.23848383333333,26.60828377777778]]},"properties":{"style":"solid","thickness":1}},{"type":"Feature","geometry":{"type":"LineString","coordinates":[[-80.23824966666666,26.610314472222225],[-80.23794872222223,26.608130388888892]]},"properties":{"style":"solid","thickness":1}},{"type":"Feature","geometry":{"type":"LineString","coordinates":[[-80.23774347222222,26.610370833333334],[-80.23744252777777,26.60818675]]},"properties":{"style":"solid","thickness":1}},{"type":"Feature","geometry":{"type":"LineString","coordinates":[[-80.23720836111112,26.610217472222224],[-80.23696525,26.608452833333335]]},"properties":{"style":"solid","thickness":1}},{"type":"Feature","geometry":{"type":"LineString","coordinates":[[-80.23653,26.60939713888889],[-80.23658025,26.60960602777778],[-80.23667119444444,26.609803472222225],[-80.2367998888889,26.60998316666667],[-80.23696222222222,26.610139333333336],[-80.23715294444445,26.610266916666667],[-80.23736597222222,26.610361833333336],[-80.23759441666667,26.61042102777778],[-80.23783097222223,26.61044263888889],[-80.238068,26.61042588888889],[-80.2382978888889,26.61037138888889],[-80.23851325,26.61028086111111],[-80.23870719444444,26.610157222222224],[-80.23887344444445,26.610004444444446],[-80.23900666666667,26.609827444444445],[-80.23910261111111,26.609631916666668],[-80.2391581388889,26.609424111111114],[-80.23917152777778,26.609210722222223],[-80.23914230555556,26.60899863888889],[-80.23907141666666,26.60879463888889],[-80.2389611388889,26.608605305555557],[-80.23881502777778,26.608436694444446],[-80.23863777777778,26.60829425],[-80.23843508333333,26.60818255555556],[-80.23821347222223,26.608105194444445],[-80.23798005555555,26.60806461111111],[-80.23774230555556,26.608062194444447],[-80.23750791666667,26.608097944444445],[-80.2372843888889,26.608170750000003],[-80.23707888888889,26.60827825],[-80.23689808333333,26.60841702777778],[-80.23674772222222,26.608582583333334],[-80.23663269444445,26.608769611111114],[-80.23655663888889,26.608972083333335],[-80.23652202777778,26.60918352777778],[-80.23653,26.60939713888889]]},"properties":{"style":"solid","thickness":1}},{"type":"Feature","geometry":{"type":"LineString","coordinates":[[-80.25590802777778,26.61644275],[-80.25566458333333,26.614678166666668]]},"properties":{"style":"solid","thickness":1}},{"type":"Feature","geometry":{"type":"LineString","coordinates":[[-80.25543072222223,26.61670888888889],[-80.25512944444445,26.614524833333334]]},"properties":{"style":"solid","thickness":1}},{"type":"Feature","geometry":{"type":"LineString","coordinates":[[-80.2549245,26.616765305555557],[-80.25462325,26.61458125]]},"properties":{"style":"solid","thickness":1}},{"type":"Feature","geometry":{"type":"LineString","coordinates":[[-80.25438936111111,26.616612],[-80.25414597222222,26.614847416666667]]},"properties":{"style":"solid","thickness":1}},{"type":"Feature","geometry":{"type":"LineString","coordinates":[[-80.25371080555556,26.615791750000003],[-80.25376111111112,26.61600063888889],[-80.25385208333333,26.616198083333334],[-80.25398080555556,26.616377777777778],[-80.25414316666667,26.616533888888892],[-80.25433394444444,26.616661472222223],[-80.254547,26.61675636111111],[-80.25477547222222,26.616815527777778],[-80.25501202777778,26.616837083333333],[-80.25524905555555,26.616820333333333],[-80.25547894444445,26.616765805555556],[-80.25569433333334,26.61667525],[-80.25588825,26.616551583333333],[-80.2560545,26.61639880555556],[-80.25618769444445,26.616221777777778],[-80.25628361111112,26.616026222222224],[-80.25633913888889,26.615818416666666],[-80.25635247222222,26.61560502777778],[-80.25632322222222,26.615392944444444],[-80.25625227777778,26.615188944444444],[-80.256142,26.614999611111113],[-80.25599586111112,26.614831055555555],[-80.25581858333334,26.61468863888889],[-80.25561586111111,26.614576944444448],[-80.25539419444445,26.614499611111114],[-80.25516075,26.614459083333333],[-80.254923,26.61445666666667],[-80.2546886111111,26.614492444444444],[-80.25446505555556,26.61456527777778],[-80.25425961111111,26.614672805555557],[-80.25407877777778,26.61481161111111],[-80.25392844444444,26.61497716666667],[-80.25381344444445,26.615164222222223],[-80.25373741666667,26.615366722222223],[-80.25370283333334,26.61557816666667],[-80.25371080555556,26.615791750000003]]},"properties":{"style":"solid","thickness":1}},{"type":"Feature","geometry":{"type":"LineString","coordinates":[[-80.16653302777779,26.594903777777777],[-80.16629102777779,26.593139027777777]]},"properties":{"style":"solid","thickness":1}},{"type":"Feature","geometry":{"type":"LineString","coordinates":[[-80.16605561111112,26.595169638888887],[-80.16575608333333,26.592985388888888]]},"properties":{"style":"solid","thickness":1}},{"type":"Feature","geometry":{"type":"LineString","coordinates":[[-80.16554944444445,26.59522572222222],[-80.16524994444445,26.59304147222222]]},"properties":{"style":"solid","thickness":1}},{"type":"Feature","geometry":{"type":"LineString","coordinates":[[-80.16501452777779,26.59507208333333],[-80.16477252777779,26.593307333333332]]},"properties":{"style":"solid","thickness":1}},{"type":"Feature","geometry":{"type":"LineString","coordinates":[[-80.16433675,26.594251416666665],[-80.16438686111111,26.59446033333333],[-80.16447766666667,26.594657833333333],[-80.16460625,26.594837583333334],[-80.16476844444445,26.594993833333334],[-80.16495908333334,26.595121499999998],[-80.16517200000001,26.595216527777776],[-80.1654003888889,26.59527586111111],[-80.1656368888889,26.595297555555554],[-80.1658738888889,26.595280944444443],[-80.16610380555557,26.595226555555556],[-80.16631919444445,26.595136138888886],[-80.16651316666668,26.59501261111111],[-80.1666795,26.594859916666664],[-80.16681283333334,26.59468297222222],[-80.16690886111111,26.59448747222222],[-80.16696452777778,26.59427969444444],[-80.16697805555556,26.59406633333333],[-80.16694897222223,26.59385422222222],[-80.16687822222222,26.593650194444443],[-80.16676808333334,26.593460805555555],[-80.16662208333334,26.59329211111111],[-80.16644494444445,26.593149583333332],[-80.16624236111112,26.593037777777777],[-80.16602080555556,26.592960305555554],[-80.16578744444445,26.592919638888887],[-80.16554975000001,26.592917055555553],[-80.16531536111111,26.592952694444442],[-80.16509180555556,26.593025388888886],[-80.16488627777778,26.593132805555555],[-80.16470541666668,26.59327147222222],[-80.16455497222223,26.59343697222222],[-80.16443983333333,26.59362394444444],[-80.16436366666667,26.59382638888889],[-80.16432891666668,26.594037805555555],[-80.16433675,26.594251416666665]]},"properties":{"style":"solid","thickness":1}},{"type":"Feature","geometry":{"type":"LineString","coordinates":[[-80.14797800000001,26.593842555555554],[-80.14773627777778,26.592077777777778]]},"properties":{"style":"solid","thickness":1}},{"type":"Feature","geometry":{"type":"LineString","coordinates":[[-80.14750055555557,26.59410836111111],[-80.1472013888889,26.591924055555555]]},"properties":{"style":"solid","thickness":1}},{"type":"Feature","geometry":{"type":"LineString","coordinates":[[-80.1469943888889,26.59416438888889],[-80.14669522222223,26.59198011111111]]},"properties":{"style":"solid","thickness":1}},{"type":"Feature","geometry":{"type":"LineString","coordinates":[[-80.14645947222223,26.594010666666666],[-80.14621777777778,26.592245888888886]]},"properties":{"style":"solid","thickness":1}},{"type":"Feature","geometry":{"type":"LineString","coordinates":[[-80.14578183333334,26.593189916666667],[-80.14583191666668,26.59339883333333],[-80.14592269444445,26.59359636111111],[-80.14605125000001,26.593776138888888],[-80.14621341666667,26.593932388888888],[-80.14640402777779,26.594060083333332],[-80.14661694444445,26.594155138888887],[-80.14684533333335,26.5942145],[-80.14708180555556,26.59423622222222],[-80.14731880555556,26.594219666666664],[-80.14754872222223,26.594165305555553],[-80.1477641388889,26.594074916666667],[-80.1479581388889,26.593951388888886],[-80.14812450000001,26.59379872222222],[-80.14825783333335,26.593621805555554],[-80.14835391666668,26.593426305555553],[-80.14840961111112,26.593218555555556],[-80.14842316666667,26.593005166666664],[-80.14839411111112,26.592793055555553],[-80.1483233888889,26.592589027777777],[-80.14821327777778,26.59239961111111],[-80.14806733333334,26.592230916666665],[-80.14789022222223,26.59208836111111],[-80.1476876388889,26.591976527777778],[-80.14746611111111,26.591899027777778],[-80.14723275,26.591858305555554],[-80.14699505555556,26.59185572222222],[-80.14676063888889,26.591891333333333],[-80.14653708333334,26.591963999999997],[-80.14633155555556,26.592071388888886],[-80.14615066666667,26.592210027777778],[-80.14600019444445,26.5923755],[-80.14588502777778,26.592562444444443],[-80.14580883333333,26.592764888888887],[-80.14577405555556,26.592976305555556],[-80.14578183333334,26.593189916666667]]},"properties":{"style":"solid","thickness":1}},{"type":"Feature","geometry":{"type":"LineString","coordinates":[[-80.12942330555555,26.592778944444444],[-80.12918188888888,26.591014138888887]]},"properties":{"style":"solid","thickness":1}},{"type":"Feature","geometry":{"type":"LineString","coordinates":[[-80.12894583333333,26.593044666666664],[-80.12864702777777,26.59086033333333]]},"properties":{"style":"solid","thickness":1}},{"type":"Feature","geometry":{"type":"LineString","coordinates":[[-80.12843966666667,26.593100638888888],[-80.12814083333333,26.590916305555556]]},"properties":{"style":"solid","thickness":1}},{"type":"Feature","geometry":{"type":"LineString","coordinates":[[-80.12790477777777,26.59294686111111],[-80.1276633611111,26.591182027777776]]},"properties":{"style":"solid","thickness":1}},{"type":"Feature","geometry":{"type":"LineString","coordinates":[[-80.12722727777778,26.592126],[-80.12727733333332,26.592334916666665],[-80.12736808333332,26.59253247222222],[-80.12749658333333,26.592712249999998],[-80.12765875,26.592868527777778],[-80.12784933333333,26.59299625],[-80.12806222222221,26.593091333333334],[-80.12829058333332,26.59315072222222],[-80.12852708333332,26.593172499999998],[-80.12876408333332,26.593155944444444],[-80.12899399999999,26.59310161111111],[-80.12920941666665,26.59301125],[-80.12940344444443,26.592887777777776],[-80.12956980555555,26.59273511111111],[-80.12970319444443,26.59255822222222],[-80.12979927777778,26.59236275],[-80.12985502777777,26.59215497222222],[-80.1298686111111,26.59194161111111],[-80.12983958333332,26.5917295],[-80.12976888888888,26.591525444444443],[-80.12965883333332,26.591336027777775],[-80.12951288888888,26.591167305555555],[-80.12933580555556,26.591024722222222],[-80.12913325,26.590912888888887],[-80.12891175,26.59083533333333],[-80.12867838888889,26.59079458333333],[-80.12844069444444,26.59079197222222],[-80.12820627777778,26.590827555555553],[-80.12798272222221,26.590900194444444],[-80.12777716666666,26.591007555555553],[-80.12759625,26.591146166666665],[-80.12744577777777,26.59131161111111],[-80.12733055555555,26.591498555555553],[-80.12725433333333,26.59170097222222],[-80.12721952777777,26.591912388888886],[-80.12722727777778,26.592126]]},"properties":{"style":"solid","thickness":1}},{"type":"Feature","geometry":{"type":"LineString","coordinates":[[-80.59298469444444,27.09385675],[-80.59427238888888,27.10295288888889],[-80.58914349999999,27.094292277777775],[-80.58674944444444,27.103805722222223],[-80.58546233333333,27.094709527777777]]},"properties":{"style":"solid","thickness":1}},{"type":"Feature","geometry":{"type":"LineString","coordinates":[[-80.57745452777777,27.104203944444446],[-80.57914636111111,27.104667250000002],[-80.58098711111111,27.104458694444446],[-80.58257661111111,27.103623666666667],[-80.58313477777777,27.102396055555555],[-80.58307397222222,27.101966333333333],[-80.58212166666667,27.10098263888889],[-80.577176,27.099359805555554],[-80.57623391666667,27.09844769444444],[-80.57619238888888,27.09757913888889],[-80.57675058333334,27.09635158333333],[-80.57801988888889,27.095552833333333],[-80.57994052777778,27.095335249999998],[-80.5808613611111,27.095522],[-80.58225322222222,27.096164777777776]]},"properties":{"style":"solid","thickness":1}},{"type":"Feature","geometry":{"type":"LineString","coordinates":[[-80.56873669444444,27.096604166666665],[-80.56969702777778,27.096495444444443]]},"properties":{"style":"solid","thickness":1}},{"type":"Feature","geometry":{"type":"LineString","coordinates":[[-80.56809933333334,27.09842283333333],[-80.56577563888888,27.096939388888888]]},"properties":{"style":"solid","thickness":1}},{"type":"Feature","geometry":{"type":"LineString","coordinates":[[-80.57090288888888,27.105600861111114],[-80.57010252777778,27.105691472222222],[-80.56867108333333,27.105344138888892],[-80.56717791666667,27.103984972222225],[-80.56660472222222,27.102230583333334],[-80.56637188888888,27.100583194444447],[-80.56643897222222,27.09875633333333],[-80.56758688888888,27.097098194444442],[-80.56881672222222,27.09659511111111],[-80.569617,27.096504499999998],[-80.57086805555555,27.096726694444442],[-80.57244116666666,27.098076777777777],[-80.57301444444444,27.099831138888888],[-80.5732473611111,27.101478500000002],[-80.57319052777777,27.103377000000002],[-80.57204263888889,27.105035166666667],[-80.57090288888888,27.105600861111114]]},"properties":{"style":"solid","thickness":1}},{"type":"Feature","geometry":{"type":"LineString","coordinates":[[-80.56369972222222,27.106416222222222],[-80.55705672222221,27.10716786111111]]},"properties":{"style":"solid","thickness":1}},{"type":"Feature","geometry":{"type":"LineString","coordinates":[[-80.56033822222221,27.10679661111111],[-80.55905316666666,27.097700166666666]]},"properties":{"style":"solid","thickness":1}},{"type":"Feature","geometry":{"type":"LineString","coordinates":[[-80.5508938611111,27.10786488888889],[-80.55009347222222,27.10795538888889],[-80.54866205555555,27.107607861111113],[-80.5471691111111,27.106248500000003],[-80.54659619444445,27.10449402777778],[-80.54636366666666,27.10284661111111],[-80.54643102777777,27.101019750000003],[-80.54757927777777,27.099361777777776],[-80.54880922222222,27.09885886111111],[-80.54960955555555,27.09876836111111],[-80.55086058333333,27.09899075],[-80.55243349999999,27.10034102777778],[-80.55300647222222,27.102095472222224],[-80.55323911111111,27.10374286111111],[-80.55318194444445,27.10564136111111],[-80.55203372222222,27.10729938888889],[-80.5508938611111,27.10786488888889]]},"properties":{"style":"solid","thickness":1}},{"type":"Feature","geometry":{"type":"LineString","coordinates":[[-80.08613955555555,26.573769305555555],[-80.08762011111111,26.575133666666666],[-80.08893447222222,26.575279666666667],[-80.08981122222222,26.575182944444443],[-80.09096766666666,26.574764388888887],[-80.09211725,26.57310988888889],[-80.09216225,26.571068055555557],[-80.09201555555555,26.569993027777777],[-80.09191775,26.56927636111111],[-80.09175005555555,26.568640138888888],[-80.0913545,26.567519861111112],[-80.08980405555555,26.566235972222223],[-80.08856947222222,26.566081194444447],[-80.08785219444444,26.566160305555556],[-80.08653644444443,26.566596416666666],[-80.08537705555555,26.568179222222224]]},"properties":{"style":"solid","thickness":1}},{"type":"Feature","geometry":{"type":"LineString","coordinates":[[-80.08024666666667,26.57623772222222],[-80.0794496111111,26.576325583333333],[-80.07802622222222,26.575973277777777],[-80.07654575,26.574608805555556],[-80.07598269444443,26.57285222222222],[-80.075758,26.571203861111112],[-80.07583258333332,26.569377027777776],[-80.07698233333333,26.56772263888889],[-80.07820866666667,26.567223722222224],[-80.07900566666666,26.56713586111111],[-80.08024999999999,26.567362416666665],[-80.08181011111111,26.568718055555554],[-80.08237324999999,26.570474583333333],[-80.08259802777778,26.572122944444445],[-80.08253333333333,26.57402147222222],[-80.08138361111111,26.575675888888888],[-80.08024666666667,26.57623772222222]]},"properties":{"style":"solid","thickness":1}},{"type":"Feature","geometry":{"type":"LineString","coordinates":[[-80.07323255555555,26.577010805555556],[-80.06661686111111,26.57773963888889]]},"properties":{"style":"solid","thickness":1}},{"type":"Feature","geometry":{"type":"LineString","coordinates":[[-80.0698848611111,26.57737963888889],[-80.06864466666666,26.568277722222224]]},"properties":{"style":"solid","thickness":1}},{"type":"Feature","geometry":{"type":"LineString","coordinates":[[-80.06273386111111,26.57358438888889],[-80.05858919444444,26.574040749999998]]},"properties":{"style":"solid","thickness":1}},{"type":"Feature","geometry":{"type":"LineString","coordinates":[[-80.0575301388889,26.578740194444443],[-80.06334886111111,26.578099555555557],[-80.06210916666666,26.568997555555555],[-80.05589238888889,26.569682027777777]]},"properties":{"style":"solid","thickness":1}},{"type":"Feature","geometry":{"type":"LineString","coordinates":[[-80.04915291666667,26.575443],[-80.04839316666667,26.5763995],[-80.04814091666667,26.57751838888889],[-80.04818966666666,26.57787675],[-80.04875402777778,26.579051305555556],[-80.0501968611111,26.57954725],[-80.05426205555555,26.579099888888887],[-80.05302308333333,26.569997833333332],[-80.04847997222222,26.57049775],[-80.04729247222222,26.571283083333334],[-80.04698002777778,26.572554083333333],[-80.04712630555555,26.57362913888889],[-80.04775080555555,26.574651583333335],[-80.04915291666667,26.575443],[-80.05369619444444,26.574943055555554]]},"properties":{"style":"solid","thickness":1}},{"type":"Feature","geometry":{"type":"LineString","coordinates":[[-80.61970633333333,26.576564416666667],[-80.61507730555554,26.567849083333332],[-80.61309430555555,26.577318527777777]]},"properties":{"style":"solid","thickness":1}},{"type":"Feature","geometry":{"type":"LineString","coordinates":[[-80.60919175,26.57317822222222],[-80.6050493611111,26.573650416666666]]},"properties":{"style":"solid","thickness":1}},{"type":"Feature","geometry":{"type":"LineString","coordinates":[[-80.60401255555556,26.578353805555555],[-80.60982808333333,26.577690916666665],[-80.60854538888888,26.568593916666668],[-80.60233202777778,26.56930211111111]]},"properties":{"style":"solid","thickness":1}},{"type":"Feature","geometry":{"type":"LineString","coordinates":[[-80.60074627777777,26.578726],[-80.59413397222222,26.57947925]]},"properties":{"style":"solid","thickness":1}},{"type":"Feature","geometry":{"type":"LineString","coordinates":[[-80.59740030555555,26.579107194444443],[-80.59611858333332,26.570010055555557]]},"properties":{"style":"solid","thickness":1}},{"type":"Feature","geometry":{"type":"LineString","coordinates":[[-80.58432175,26.578776916666666],[-80.58580822222221,26.58013611111111],[-80.58712324999999,26.580277527777778],[-80.5879996111111,26.58017775],[-80.58915427777778,26.579755166666665],[-80.59029675,26.578096722222224],[-80.59033291666667,26.57605475],[-80.5901816111111,26.574980277777776],[-80.59008072222221,26.574263944444443],[-80.58991024999999,26.573628333333332],[-80.58950986111111,26.572509444444446],[-80.5879538611111,26.571231],[-80.58671861111111,26.571080527777777],[-80.58600163888889,26.571162138888887],[-80.58468772222221,26.571602833333333],[-80.58353516666666,26.573189638888888]]},"properties":{"style":"solid","thickness":1}},{"type":"Feature","geometry":{"type":"LineString","coordinates":[[-80.58130747222222,26.580939472222223],[-80.58002697222221,26.571842194444443]]},"properties":{"style":"solid","thickness":1}},{"type":"Feature","geometry":{"type":"LineString","coordinates":[[-80.57429125,26.572494777777777],[-80.57557127777777,26.58159213888889]]},"properties":{"style":"solid","thickness":1}},{"type":"Feature","geometry":{"type":"LineString","coordinates":[[-80.57493627777778,26.577079277777777],[-80.58067224999999,26.57642663888889]]},"properties":{"style":"solid","thickness":1}},{"type":"Feature","geometry":{"type":"LineString","coordinates":[[-80.31950138888888,26.501016333333332],[-80.31583816666667,26.50142661111111],[-80.31439516666667,26.500933361111112],[-80.31330113888889,26.499455083333334],[-80.31261558333333,26.49742175],[-80.3127366388889,26.49478875],[-80.31339458333333,26.493114305555558],[-80.31457947222222,26.49232675],[-80.31824238888889,26.491916500000002],[-80.31950138888888,26.501016333333332]]},"properties":{"style":"solid","thickness":1}},{"type":"Feature","geometry":{"type":"LineString","coordinates":[[-80.30868683333333,26.492986527777777],[-80.3099451111111,26.502086444444444]]},"properties":{"style":"solid","thickness":1}},{"type":"Feature","geometry":{"type":"LineString","coordinates":[[-80.30660036111111,26.502460833333334],[-80.30199783333333,26.493735166666667],[-80.29999044444445,26.503200472222222]]},"properties":{"style":"solid","thickness":1}},{"type":"Feature","geometry":{"type":"LineString","coordinates":[[-80.29212966666667,26.499568500000002],[-80.28917702777778,26.495169194444447]]},"properties":{"style":"solid","thickness":1}},{"type":"Feature","geometry":{"type":"LineString","coordinates":[[-80.29546802777777,26.494465694444447],[-80.29672525,26.503565722222223],[-80.29266366666667,26.50401997222222],[-80.29141961111111,26.50379525],[-80.29018636111111,26.502477944444443],[-80.29006761111111,26.501618083333334],[-80.29082533333333,26.500078138888888],[-80.29205002777778,26.499577416666668],[-80.29611147222222,26.499123194444444]]},"properties":{"style":"solid","thickness":1}},{"type":"Feature","geometry":{"type":"LineString","coordinates":[[-80.28257322222223,26.50063677777778],[-80.27962091666667,26.49623727777778]]},"properties":{"style":"solid","thickness":1}},{"type":"Feature","geometry":{"type":"LineString","coordinates":[[-80.28591205555556,26.495534194444446],[-80.28716852777778,26.504634333333332],[-80.2831068888889,26.505088277777777],[-80.28186280555555,26.5048635],[-80.28062966666667,26.503546083333333],[-80.280511,26.502686222222223],[-80.28126883333333,26.50114636111111],[-80.28249361111111,26.500645694444444],[-80.28655511111111,26.50019175]]},"properties":{"style":"solid","thickness":1}},{"type":"Feature","geometry":{"type":"LineString","coordinates":[[-80.42879505555555,26.500493944444443],[-80.43047741666668,26.50095911111111],[-80.43230880555556,26.5007525],[-80.43389108333334,26.499919055555555],[-80.43444794444444,26.49869188888889],[-80.43438802777779,26.498262027777777],[-80.43344202777779,26.497277194444447],[-80.42852441666668,26.49564886111111],[-80.42758847222223,26.49473563888889],[-80.42754833333333,26.49386691666667],[-80.42810522222223,26.49263977777778],[-80.42936894444445,26.491842305555558],[-80.43127980555556,26.491626750000002],[-80.43219555555557,26.4918145],[-80.43357930555555,26.49245886111111]]},"properties":{"style":"solid","thickness":1}},{"type":"Feature","geometry":{"type":"LineString","coordinates":[[-80.41860247222223,26.50047888888889],[-80.420086,26.501839805555555],[-80.42139994444445,26.501982777777776],[-80.42227586111112,26.501884027777777],[-80.42343033333334,26.50146277777778],[-80.42457444444445,26.499805583333334],[-80.42461352777778,26.49776363888889],[-80.42446386111112,26.496688972222223],[-80.42436405555556,26.4959725],[-80.42419463888889,26.495336694444447],[-80.42379611111112,26.494217305555555],[-80.42224300000001,26.492937027777778],[-80.42100877777779,26.49278511111111],[-80.42029219444444,26.49286588888889],[-80.41897852777778,26.493305083333333],[-80.41782441666668,26.494890555555557]]},"properties":{"style":"solid","thickness":1}},{"type":"Feature","geometry":{"type":"LineString","coordinates":[[-80.40880713888889,26.496343305555556],[-80.41382347222223,26.49577811111111]]},"properties":{"style":"solid","thickness":1}},{"type":"Feature","geometry":{"type":"LineString","coordinates":[[-80.41432052777779,26.493539000000002],[-80.41224269444444,26.503014833333335],[-80.40771183333334,26.49428361111111]]},"properties":{"style":"solid","thickness":1}},{"type":"Feature","geometry":{"type":"LineString","coordinates":[[-80.40571305555557,26.50375038888889],[-80.40444727777778,26.494651333333334],[-80.39871430555556,26.49529688888889]]},"properties":{"style":"solid","thickness":1}},{"type":"Feature","geometry":{"type":"LineString","coordinates":[[-80.39600755555556,26.500258722222224],[-80.39186686111111,26.50072475]]},"properties":{"style":"solid","thickness":1}},{"type":"Feature","geometry":{"type":"LineString","coordinates":[[-80.39082202777779,26.505426666666665],[-80.39663516666667,26.50477247222222],[-80.39537005555556,26.495673333333333],[-80.38915925,26.49637227777778]]},"properties":{"style":"solid","thickness":1}},{"type":"Feature","geometry":{"type":"LineString","coordinates":[[-80.99861952777778,26.949486444444446],[-80.99198875,26.950258277777777]]},"properties":{"style":"solid","thickness":1}},{"type":"Feature","geometry":{"type":"LineString","coordinates":[[-80.99526419444445,26.949877055555557],[-80.9939465,26.940784555555556]]},"properties":{"style":"solid","thickness":1}},{"type":"Feature","geometry":{"type":"LineString","coordinates":[[-80.98871327777778,26.950639416666665],[-80.98208238888888,26.951410805555554]]},"properties":{"style":"solid","thickness":1}},{"type":"Feature","geometry":{"type":"LineString","coordinates":[[-80.98535791666667,26.951029805555557],[-80.98404097222222,26.941937194444446]]},"properties":{"style":"solid","thickness":1}},{"type":"Feature","geometry":{"type":"LineString","coordinates":[[-80.97497897222222,26.947795916666667],[-80.974295,26.943070583333334]]},"properties":{"style":"solid","thickness":1}},{"type":"Feature","geometry":{"type":"LineString","coordinates":[[-80.97880686111111,26.95179172222222],[-80.97497897222222,26.947795916666667],[-80.9724155,26.952534777777778]]},"properties":{"style":"solid","thickness":1}},{"type":"Feature","geometry":{"type":"LineString","coordinates":[[-80.96906,26.952924749999998],[-80.96774433333333,26.943832],[-80.96199244444445,26.944500305555557]]},"properties":{"style":"solid","thickness":1}},{"type":"Feature","geometry":{"type":"LineString","coordinates":[[-80.95531552777778,26.950007777777778],[-80.95232591666667,26.945622916666668]]},"properties":{"style":"solid","thickness":1}},{"type":"Feature","geometry":{"type":"LineString","coordinates":[[-80.95863713888889,26.944890055555557],[-80.95995208333333,26.953982888888888],[-80.95587744444445,26.954456083333334],[-80.95462725,26.95423725],[-80.95338158333334,26.95292588888889],[-80.95325738888889,26.95206672222222],[-80.95400911111112,26.950523444444443],[-80.95523561111112,26.950017055555556],[-80.95931011111111,26.94954386111111]]},"properties":{"style":"solid","thickness":1}}]}
