{
"type": "FeatureCollection",
"name": "rsw180sgp",
"features": [
{ "type": "Feature", "properties": { "style": "solid", "thickness": 1 }, "geometry": { "type": "LineString", "coordinates": [ [ -81.179798694444443, 25.712384444444442 ], [ -81.181892861111109, 25.711722833333333 ] ] } },
{ "type": "Feature", "properties": { "style": "solid", "thickness": 1 }, "geometry": { "type": "LineString", "coordinates": [ [ -81.179784611111117, 25.7128745 ], [ -81.18224027777778, 25.712098694444443 ] ] } },
{ "type": "Feature", "properties": { "style": "solid", "thickness": 1 }, "geometry": { "type": "LineString", "coordinates": [ [ -81.179970055555557, 25.713301555555553 ], [ -81.182388194444442, 25.712537555555556 ] ] } },
{ "type": "Feature", "properties": { "style": "solid", "thickness": 1 }, "geometry": { "type": "LineString", "coordinates": [ [ -81.180389944444443, 25.7136545 ], [ -81.182325277777778, 25.713043083333332 ] ] } },
{ "type": "Feature", "properties": { "style": "solid", "thickness": 1 }, "geometry": { "type": "LineString", "coordinates": [ [ -81.181512500000011, 25.71378547222222 ], [ -81.182266611111118, 25.713173666666666 ], [ -81.182318055555555, 25.712257777777776 ], [ -81.181636416666677, 25.711579777777779 ], [ -81.180625027777779, 25.711540805555554 ], [ -81.179882333333339, 25.712163972222221 ], [ -81.17984777777778, 25.7130805 ], [ -81.180541833333336, 25.713748083333332 ], [ -81.181512500000011, 25.71378547222222 ] ] } },
{ "type": "Feature", "properties": { "style": "solid", "thickness": 1 }, "geometry": { "type": "LineString", "coordinates": [ [ -81.185875694444448, 25.728168444444442 ], [ -81.187970111111113, 25.72750672222222 ] ] } },
{ "type": "Feature", "properties": { "style": "solid", "thickness": 1 }, "geometry": { "type": "LineString", "coordinates": [ [ -81.185861666666668, 25.7286585 ], [ -81.188317583333344, 25.727882583333333 ] ] } },
{ "type": "Feature", "properties": { "style": "solid", "thickness": 1 }, "geometry": { "type": "LineString", "coordinates": [ [ -81.186047111111108, 25.729085527777777 ], [ -81.188465555555553, 25.728321444444443 ] ] } },
{ "type": "Feature", "properties": { "style": "solid", "thickness": 1 }, "geometry": { "type": "LineString", "coordinates": [ [ -81.186467083333341, 25.72943847222222 ], [ -81.188402666666676, 25.728826944444442 ] ] } },
{ "type": "Feature", "properties": { "style": "solid", "thickness": 1 }, "geometry": { "type": "LineString", "coordinates": [ [ -81.187589805555561, 25.729569416666664 ], [ -81.188343972222228, 25.728957555555553 ], [ -81.188395416666665, 25.728041666666666 ], [ -81.187713638888894, 25.727363694444442 ], [ -81.186702111111117, 25.727324777777778 ], [ -81.185959333333344, 25.727947944444441 ], [ -81.185924805555558, 25.72886447222222 ], [ -81.186619, 25.729532055555556 ], [ -81.187589805555561, 25.729569416666664 ] ] } },
{ "type": "Feature", "properties": { "style": "solid", "thickness": 1 }, "geometry": { "type": "LineString", "coordinates": [ [ -81.191954305555555, 25.743952166666666 ], [ -81.19404897222222, 25.743290361111111 ] ] } },
{ "type": "Feature", "properties": { "style": "solid", "thickness": 1 }, "geometry": { "type": "LineString", "coordinates": [ [ -81.191940277777775, 25.744442222222222 ], [ -81.194396500000011, 25.743666194444444 ] ] } },
{ "type": "Feature", "properties": { "style": "solid", "thickness": 1 }, "geometry": { "type": "LineString", "coordinates": [ [ -81.192125805555563, 25.74486925 ], [ -81.194544527777779, 25.744105083333334 ] ] } },
{ "type": "Feature", "properties": { "style": "solid", "thickness": 1 }, "geometry": { "type": "LineString", "coordinates": [ [ -81.192545833333341, 25.745222194444445 ], [ -81.194481638888888, 25.744610583333333 ] ] } },
{ "type": "Feature", "properties": { "style": "solid", "thickness": 1 }, "geometry": { "type": "LineString", "coordinates": [ [ -81.193668694444455, 25.745353055555558 ], [ -81.194422972222227, 25.744741194444444 ], [ -81.194474333333332, 25.743825305555557 ], [ -81.193792444444455, 25.743147333333333 ], [ -81.192780777777784, 25.743108472222222 ], [ -81.192037944444451, 25.743731666666669 ], [ -81.192003472222225, 25.744648222222224 ], [ -81.192697777777781, 25.74531575 ], [ -81.193668694444455, 25.745353055555558 ] ] } },
{ "type": "Feature", "properties": { "style": "solid", "thickness": 1 }, "geometry": { "type": "LineString", "coordinates": [ [ -81.1980345, 25.759735638888888 ], [ -81.20012941666667, 25.75907375 ] ] } },
{ "type": "Feature", "properties": { "style": "solid", "thickness": 1 }, "geometry": { "type": "LineString", "coordinates": [ [ -81.198020527777786, 25.760225694444443 ], [ -81.200477027777779, 25.759449583333332 ] ] } },
{ "type": "Feature", "properties": { "style": "solid", "thickness": 1 }, "geometry": { "type": "LineString", "coordinates": [ [ -81.198206083333332, 25.760652722222222 ], [ -81.200625083333335, 25.759888444444446 ] ] } },
{ "type": "Feature", "properties": { "style": "solid", "thickness": 1 }, "geometry": { "type": "LineString", "coordinates": [ [ -81.198626194444444, 25.761005638888889 ], [ -81.200562222222231, 25.760393944444445 ] ] } },
{ "type": "Feature", "properties": { "style": "solid", "thickness": 1 }, "geometry": { "type": "LineString", "coordinates": [ [ -81.199749222222223, 25.761136472222223 ], [ -81.200503527777784, 25.760524555555556 ], [ -81.200554888888888, 25.759608666666665 ], [ -81.199872861111118, 25.75893075 ], [ -81.198861055555554, 25.758891916666666 ], [ -81.198118138888887, 25.75951513888889 ], [ -81.198083722222222, 25.760431694444446 ], [ -81.198778166666671, 25.761099194444444 ], [ -81.199749222222223, 25.761136472222223 ] ] } },
{ "type": "Feature", "properties": { "style": "solid", "thickness": 1 }, "geometry": { "type": "LineString", "coordinates": [ [ -81.204116333333332, 25.775518861111109 ], [ -81.206211472222222, 25.774856888888888 ] ] } },
{ "type": "Feature", "properties": { "style": "solid", "thickness": 1 }, "geometry": { "type": "LineString", "coordinates": [ [ -81.204102361111111, 25.776008916666665 ], [ -81.206559166666665, 25.775232694444444 ] ] } },
{ "type": "Feature", "properties": { "style": "solid", "thickness": 1 }, "geometry": { "type": "LineString", "coordinates": [ [ -81.204287944444445, 25.776435916666667 ], [ -81.20670725, 25.775671555555554 ] ] } },
{ "type": "Feature", "properties": { "style": "solid", "thickness": 1 }, "geometry": { "type": "LineString", "coordinates": [ [ -81.20470813888889, 25.776788833333331 ], [ -81.20664438888889, 25.776177055555554 ] ] } },
{ "type": "Feature", "properties": { "style": "solid", "thickness": 1 }, "geometry": { "type": "LineString", "coordinates": [ [ -81.205831333333336, 25.776919611111111 ], [ -81.206585722222229, 25.776307666666664 ], [ -81.206637027777774, 25.775391777777777 ], [ -81.205954888888897, 25.774713888888886 ], [ -81.204942944444454, 25.774675083333332 ], [ -81.204199944444454, 25.775298361111108 ], [ -81.204165583333335, 25.776214888888887 ], [ -81.20486013888889, 25.77688238888889 ], [ -81.205831333333336, 25.776919611111111 ] ] } },
{ "type": "Feature", "properties": { "style": "solid", "thickness": 1 }, "geometry": { "type": "LineString", "coordinates": [ [ -81.209506805555563, 25.79106613888889 ], [ -81.211726166666665, 25.791068416666668 ] ] } },
{ "type": "Feature", "properties": { "style": "solid", "thickness": 1 }, "geometry": { "type": "LineString", "coordinates": [ [ -81.209314694444444, 25.791524472222225 ], [ -81.21191711111112, 25.791527138888892 ] ] } },
{ "type": "Feature", "properties": { "style": "solid", "thickness": 1 }, "geometry": { "type": "LineString", "coordinates": [ [ -81.209333972222225, 25.791983027777778 ], [ -81.211896694444448, 25.791985638888889 ] ] } },
{ "type": "Feature", "properties": { "style": "solid", "thickness": 1 }, "geometry": { "type": "LineString", "coordinates": [ [ -81.20960175, 25.792441833333335 ], [ -81.211652777777786, 25.792443944444447 ] ] } },
{ "type": "Feature", "properties": { "style": "solid", "thickness": 1 }, "geometry": { "type": "LineString", "coordinates": [ [ -81.210614194444446, 25.79290141666667 ], [ -81.21154972222223, 25.79254963888889 ], [ -81.211932527777776, 25.791700583333334 ], [ -81.211536166666676, 25.79085663888889 ], [ -81.210595111111118, 25.790517166666667 ], [ -81.20966625, 25.790883055555557 ], [ -81.209299166666668, 25.791737805555556 ], [ -81.209711055555559, 25.792575638888891 ], [ -81.210614194444446, 25.79290141666667 ] ] } },
{ "type": "Feature", "properties": { "style": "solid", "thickness": 1 }, "geometry": { "type": "LineString", "coordinates": [ [ -81.209485777777786, 25.807782472222222 ], [ -81.211705472222221, 25.80778475 ] ] } },
{ "type": "Feature", "properties": { "style": "solid", "thickness": 1 }, "geometry": { "type": "LineString", "coordinates": [ [ -81.209293638888894, 25.808240805555556 ], [ -81.211896472222222, 25.808243472222223 ] ] } },
{ "type": "Feature", "properties": { "style": "solid", "thickness": 1 }, "geometry": { "type": "LineString", "coordinates": [ [ -81.209312944444449, 25.808699361111113 ], [ -81.211876027777777, 25.808701972222224 ] ] } },
{ "type": "Feature", "properties": { "style": "solid", "thickness": 1 }, "geometry": { "type": "LineString", "coordinates": [ [ -81.20958075, 25.809158166666666 ], [ -81.211632083333342, 25.809160277777778 ] ] } },
{ "type": "Feature", "properties": { "style": "solid", "thickness": 1 }, "geometry": { "type": "LineString", "coordinates": [ [ -81.210593333333335, 25.80961775 ], [ -81.211529, 25.809265972222224 ], [ -81.211911888888892, 25.808416916666669 ], [ -81.211515444444444, 25.807572972222221 ], [ -81.210574277777781, 25.8072335 ], [ -81.209645277777781, 25.807599388888889 ], [ -81.209278111111118, 25.808454138888891 ], [ -81.209690083333342, 25.809291972222223 ], [ -81.210593333333335, 25.80961775 ] ] } },
{ "type": "Feature", "properties": { "style": "solid", "thickness": 1 }, "geometry": { "type": "LineString", "coordinates": [ [ -81.20946475, 25.824498777777777 ], [ -81.21168475, 25.824501055555555 ] ] } },
{ "type": "Feature", "properties": { "style": "solid", "thickness": 1 }, "geometry": { "type": "LineString", "coordinates": [ [ -81.20927258333333, 25.824957111111111 ], [ -81.211875777777777, 25.824959777777778 ] ] } },
{ "type": "Feature", "properties": { "style": "solid", "thickness": 1 }, "geometry": { "type": "LineString", "coordinates": [ [ -81.209291888888899, 25.825415666666668 ], [ -81.211855333333332, 25.825418305555555 ] ] } },
{ "type": "Feature", "properties": { "style": "solid", "thickness": 1 }, "geometry": { "type": "LineString", "coordinates": [ [ -81.20955975, 25.825874472222221 ], [ -81.211611333333337, 25.825876583333333 ] ] } },
{ "type": "Feature", "properties": { "style": "solid", "thickness": 1 }, "geometry": { "type": "LineString", "coordinates": [ [ -81.210572444444452, 25.826334055555556 ], [ -81.21150825, 25.825982305555556 ], [ -81.211891194444448, 25.82513322222222 ], [ -81.211494694444454, 25.824289277777776 ], [ -81.210553388888897, 25.823949833333334 ], [ -81.20962425, 25.824315694444444 ], [ -81.209257055555554, 25.825170444444446 ], [ -81.209669083333338, 25.826008277777778 ], [ -81.210572444444452, 25.826334055555556 ] ] } },
{ "type": "Feature", "properties": { "style": "solid", "thickness": 1 }, "geometry": { "type": "LineString", "coordinates": [ [ -81.209443694444445, 25.841215083333331 ], [ -81.211664, 25.841217333333333 ] ] } },
{ "type": "Feature", "properties": { "style": "solid", "thickness": 1 }, "geometry": { "type": "LineString", "coordinates": [ [ -81.2092515, 25.841673416666666 ], [ -81.211855027777787, 25.841676083333333 ] ] } },
{ "type": "Feature", "properties": { "style": "solid", "thickness": 1 }, "geometry": { "type": "LineString", "coordinates": [ [ -81.209270805555562, 25.842131972222219 ], [ -81.211834583333342, 25.842134583333333 ] ] } },
{ "type": "Feature", "properties": { "style": "solid", "thickness": 1 }, "geometry": { "type": "LineString", "coordinates": [ [ -81.209538694444447, 25.842590777777776 ], [ -81.211590583333333, 25.842592861111111 ] ] } },
{ "type": "Feature", "properties": { "style": "solid", "thickness": 1 }, "geometry": { "type": "LineString", "coordinates": [ [ -81.210551555555554, 25.843050333333331 ], [ -81.211487472222231, 25.84269858333333 ], [ -81.21187047222223, 25.841849527777775 ], [ -81.211473916666677, 25.841005583333331 ], [ -81.210532472222226, 25.840666111111108 ], [ -81.209603222222228, 25.841032 ], [ -81.209235972222231, 25.84188672222222 ], [ -81.209648055555562, 25.842724555555556 ], [ -81.210551555555554, 25.843050333333331 ] ] } },
{ "type": "Feature", "properties": { "style": "solid", "thickness": 1 }, "geometry": { "type": "LineString", "coordinates": [ [ -81.209422611111108, 25.857931333333333 ], [ -81.211643222222222, 25.857933611111111 ] ] } },
{ "type": "Feature", "properties": { "style": "solid", "thickness": 1 }, "geometry": { "type": "LineString", "coordinates": [ [ -81.209230388888898, 25.858389666666667 ], [ -81.211834277777783, 25.858392333333335 ] ] } },
{ "type": "Feature", "properties": { "style": "solid", "thickness": 1 }, "geometry": { "type": "LineString", "coordinates": [ [ -81.209249666666665, 25.858848222222225 ], [ -81.211813833333338, 25.858850861111112 ] ] } },
{ "type": "Feature", "properties": { "style": "solid", "thickness": 1 }, "geometry": { "type": "LineString", "coordinates": [ [ -81.20951761111111, 25.859307027777778 ], [ -81.211569805555555, 25.859309138888889 ] ] } },
{ "type": "Feature", "properties": { "style": "solid", "thickness": 1 }, "geometry": { "type": "LineString", "coordinates": [ [ -81.21053061111111, 25.859766611111112 ], [ -81.211466666666666, 25.859414861111112 ], [ -81.211849722222226, 25.858565805555557 ], [ -81.211453111111112, 25.857721861111113 ], [ -81.210511555555556, 25.85738238888889 ], [ -81.209582138888891, 25.85774827777778 ], [ -81.209214833333334, 25.858603 ], [ -81.209626972222225, 25.859440833333334 ], [ -81.21053061111111, 25.859766611111112 ] ] } },
{ "type": "Feature", "properties": { "style": "solid", "thickness": 1 }, "geometry": { "type": "LineString", "coordinates": [ [ -81.209401472222225, 25.874647583333335 ], [ -81.211622416666671, 25.874649861111113 ] ] } },
{ "type": "Feature", "properties": { "style": "solid", "thickness": 1 }, "geometry": { "type": "LineString", "coordinates": [ [ -81.209209222222228, 25.875105916666666 ], [ -81.2118135, 25.875108583333333 ] ] } },
{ "type": "Feature", "properties": { "style": "solid", "thickness": 1 }, "geometry": { "type": "LineString", "coordinates": [ [ -81.209228527777782, 25.875564472222223 ], [ -81.21179305555556, 25.87556711111111 ] ] } },
{ "type": "Feature", "properties": { "style": "solid", "thickness": 1 }, "geometry": { "type": "LineString", "coordinates": [ [ -81.2094965, 25.876023277777779 ], [ -81.211548972222232, 25.876025388888888 ] ] } },
{ "type": "Feature", "properties": { "style": "solid", "thickness": 1 }, "geometry": { "type": "LineString", "coordinates": [ [ -81.210509638888894, 25.876482861111111 ], [ -81.211445833333343, 25.876131111111111 ], [ -81.211828944444449, 25.875282055555555 ], [ -81.211432277777774, 25.874438111111111 ], [ -81.210490583333339, 25.874098638888889 ], [ -81.209561055555554, 25.874464527777778 ], [ -81.209193694444451, 25.87531925 ], [ -81.209605888888888, 25.876157083333332 ], [ -81.210509638888894, 25.876482861111111 ] ] } },
{ "type": "Feature", "properties": { "style": "solid", "thickness": 1 }, "geometry": { "type": "LineString", "coordinates": [ [ -81.209380333333343, 25.891363805555557 ], [ -81.211601555555561, 25.891366083333335 ] ] } },
{ "type": "Feature", "properties": { "style": "solid", "thickness": 1 }, "geometry": { "type": "LineString", "coordinates": [ [ -81.209188055555558, 25.891822138888887 ], [ -81.211792694444441, 25.891824833333335 ] ] } },
{ "type": "Feature", "properties": { "style": "solid", "thickness": 1 }, "geometry": { "type": "LineString", "coordinates": [ [ -81.209207361111112, 25.892280694444445 ], [ -81.21177225000001, 25.892283333333332 ] ] } },
{ "type": "Feature", "properties": { "style": "solid", "thickness": 1 }, "geometry": { "type": "LineString", "coordinates": [ [ -81.209475361111117, 25.8927395 ], [ -81.211528111111107, 25.892741611111109 ] ] } },
{ "type": "Feature", "properties": { "style": "solid", "thickness": 1 }, "geometry": { "type": "LineString", "coordinates": [ [ -81.21048863888889, 25.893199083333332 ], [ -81.211424972222218, 25.892847333333332 ], [ -81.211808111111111, 25.891998277777777 ], [ -81.211411416666664, 25.891154333333333 ], [ -81.210469583333335, 25.89081486111111 ], [ -81.209539916666671, 25.89118075 ], [ -81.2091725, 25.892035472222222 ], [ -81.20958475, 25.892873277777777 ], [ -81.21048863888889, 25.893199083333332 ] ] } },
{ "type": "Feature", "properties": { "style": "solid", "thickness": 1 }, "geometry": { "type": "LineString", "coordinates": [ [ -81.209359138888885, 25.908080027777775 ], [ -81.21158069444445, 25.908082277777776 ] ] } },
{ "type": "Feature", "properties": { "style": "solid", "thickness": 1 }, "geometry": { "type": "LineString", "coordinates": [ [ -81.209166833333342, 25.908538361111109 ], [ -81.211771861111117, 25.908541 ] ] } },
{ "type": "Feature", "properties": { "style": "solid", "thickness": 1 }, "geometry": { "type": "LineString", "coordinates": [ [ -81.209186138888896, 25.908996916666666 ], [ -81.211751416666672, 25.908999527777777 ] ] } },
{ "type": "Feature", "properties": { "style": "solid", "thickness": 1 }, "geometry": { "type": "LineString", "coordinates": [ [ -81.209454194444447, 25.909455722222219 ], [ -81.21150725, 25.909457805555554 ] ] } },
{ "type": "Feature", "properties": { "style": "solid", "thickness": 1 }, "geometry": { "type": "LineString", "coordinates": [ [ -81.210467638888886, 25.909915277777777 ], [ -81.211404083333335, 25.9095635 ], [ -81.211787305555561, 25.908714472222222 ], [ -81.21139052777778, 25.907870527777778 ], [ -81.210448555555558, 25.907531055555555 ], [ -81.20951875, 25.907896944444442 ], [ -81.209151305555565, 25.908751666666664 ], [ -81.209563611111108, 25.9095895 ], [ -81.210467638888886, 25.909915277777777 ] ] } },
{ "type": "Feature", "properties": { "style": "solid", "thickness": 1 }, "geometry": { "type": "LineString", "coordinates": [ [ -81.209338166666669, 25.924796194444447 ], [ -81.211560055555552, 25.924798472222225 ] ] } },
{ "type": "Feature", "properties": { "style": "solid", "thickness": 1 }, "geometry": { "type": "LineString", "coordinates": [ [ -81.209145861111111, 25.925254527777778 ], [ -81.21175125, 25.925257194444445 ] ] } },
{ "type": "Feature", "properties": { "style": "solid", "thickness": 1 }, "geometry": { "type": "LineString", "coordinates": [ [ -81.209165166666665, 25.925713083333335 ], [ -81.211730777777774, 25.925715694444445 ] ] } },
{ "type": "Feature", "properties": { "style": "solid", "thickness": 1 }, "geometry": { "type": "LineString", "coordinates": [ [ -81.20943325, 25.926171888888891 ], [ -81.211486611111113, 25.926173972222223 ] ] } },
{ "type": "Feature", "properties": { "style": "solid", "thickness": 1 }, "geometry": { "type": "LineString", "coordinates": [ [ -81.210446833333336, 25.926631444444446 ], [ -81.211383416666663, 25.926279694444446 ], [ -81.211766666666676, 25.925430638888891 ], [ -81.211369833333336, 25.924586694444447 ], [ -81.21042775, 25.92424725 ], [ -81.209497805555557, 25.924613138888891 ], [ -81.209130305555561, 25.925467861111112 ], [ -81.209542694444451, 25.926305666666668 ], [ -81.210446833333336, 25.926631444444446 ] ] } },
{ "type": "Feature", "properties": { "style": "solid", "thickness": 1 }, "geometry": { "type": "LineString", "coordinates": [ [ -81.209317194444452, 25.941512361111112 ], [ -81.211539388888895, 25.94151461111111 ] ] } },
{ "type": "Feature", "properties": { "style": "solid", "thickness": 1 }, "geometry": { "type": "LineString", "coordinates": [ [ -81.209124833333334, 25.941970694444446 ], [ -81.211730583333335, 25.941973333333333 ] ] } },
{ "type": "Feature", "properties": { "style": "solid", "thickness": 1 }, "geometry": { "type": "LineString", "coordinates": [ [ -81.209144138888888, 25.942429222222223 ], [ -81.21171013888889, 25.942431833333334 ] ] } },
{ "type": "Feature", "properties": { "style": "solid", "thickness": 1 }, "geometry": { "type": "LineString", "coordinates": [ [ -81.209412277777787, 25.942888027777776 ], [ -81.211465916666668, 25.942890138888888 ] ] } },
{ "type": "Feature", "properties": { "style": "solid", "thickness": 1 }, "geometry": { "type": "LineString", "coordinates": [ [ -81.210426, 25.943347611111111 ], [ -81.211362722222219, 25.942995833333335 ], [ -81.211746027777778, 25.942146777777779 ], [ -81.211349138888892, 25.941302861111112 ], [ -81.210406888888897, 25.940963388888889 ], [ -81.209476833333341, 25.941329277777779 ], [ -81.209109277777785, 25.942184 ], [ -81.20952172222222, 25.943021833333333 ], [ -81.210426, 25.943347611111111 ] ] } },
{ "type": "Feature", "properties": { "style": "solid", "thickness": 1 }, "geometry": { "type": "LineString", "coordinates": [ [ -81.209296166666675, 25.958228472222221 ], [ -81.211518666666663, 25.95823075 ] ] } },
{ "type": "Feature", "properties": { "style": "solid", "thickness": 1 }, "geometry": { "type": "LineString", "coordinates": [ [ -81.209103777777784, 25.958686805555555 ], [ -81.211709916666663, 25.958689472222222 ] ] } },
{ "type": "Feature", "properties": { "style": "solid", "thickness": 1 }, "geometry": { "type": "LineString", "coordinates": [ [ -81.209123111111111, 25.959145361111112 ], [ -81.211689444444445, 25.959147972222222 ] ] } },
{ "type": "Feature", "properties": { "style": "solid", "thickness": 1 }, "geometry": { "type": "LineString", "coordinates": [ [ -81.20939125, 25.959604166666665 ], [ -81.211445194444451, 25.95960625 ] ] } },
{ "type": "Feature", "properties": { "style": "solid", "thickness": 1 }, "geometry": { "type": "LineString", "coordinates": [ [ -81.210405138888888, 25.960063722222223 ], [ -81.211341972222229, 25.959711972222223 ], [ -81.211725361111121, 25.958862916666664 ], [ -81.211328416666674, 25.95801897222222 ], [ -81.210386027777787, 25.957679527777778 ], [ -81.209455833333337, 25.958045388888888 ], [ -81.209088222222221, 25.95890013888889 ], [ -81.209500722222231, 25.959737944444445 ], [ -81.210405138888888, 25.960063722222223 ] ] } },
{ "type": "Feature", "properties": { "style": "solid", "thickness": 1 }, "geometry": { "type": "LineString", "coordinates": [ [ -81.209275111111111, 25.974944583333333 ], [ -81.211497944444446, 25.97494683333333 ] ] } },
{ "type": "Feature", "properties": { "style": "solid", "thickness": 1 }, "geometry": { "type": "LineString", "coordinates": [ [ -81.209082694444447, 25.975402888888887 ], [ -81.211689194444446, 25.975405555555554 ] ] } },
{ "type": "Feature", "properties": { "style": "solid", "thickness": 1 }, "geometry": { "type": "LineString", "coordinates": [ [ -81.209102027777774, 25.975861444444444 ], [ -81.21166875, 25.975864083333331 ] ] } },
{ "type": "Feature", "properties": { "style": "solid", "thickness": 1 }, "geometry": { "type": "LineString", "coordinates": [ [ -81.209370222222219, 25.97632025 ], [ -81.211424444444447, 25.976322361111109 ] ] } },
{ "type": "Feature", "properties": { "style": "solid", "thickness": 1 }, "geometry": { "type": "LineString", "coordinates": [ [ -81.210384222222231, 25.976779833333332 ], [ -81.211321222222224, 25.976428055555555 ], [ -81.211704638888889, 25.975579027777776 ], [ -81.211307638888897, 25.974735083333332 ], [ -81.210365138888889, 25.97439561111111 ], [ -81.20943480555556, 25.9747615 ], [ -81.209067138888898, 25.975616222222222 ], [ -81.209479694444454, 25.976454027777777 ], [ -81.210384222222231, 25.976779833333332 ] ] } },
{ "type": "Feature", "properties": { "style": "solid", "thickness": 1 }, "geometry": { "type": "LineString", "coordinates": [ [ -81.209254027777774, 25.991660638888892 ], [ -81.211477166666668, 25.991662916666666 ] ] } },
{ "type": "Feature", "properties": { "style": "solid", "thickness": 1 }, "geometry": { "type": "LineString", "coordinates": [ [ -81.209061583333337, 25.992118972222222 ], [ -81.211668472222229, 25.992121638888889 ] ] } },
{ "type": "Feature", "properties": { "style": "solid", "thickness": 1 }, "geometry": { "type": "LineString", "coordinates": [ [ -81.209080916666665, 25.99257752777778 ], [ -81.211648, 25.99258013888889 ] ] } },
{ "type": "Feature", "properties": { "style": "solid", "thickness": 1 }, "geometry": { "type": "LineString", "coordinates": [ [ -81.209349138888896, 25.993036333333333 ], [ -81.211403666666669, 25.993038416666668 ] ] } },
{ "type": "Feature", "properties": { "style": "solid", "thickness": 1 }, "geometry": { "type": "LineString", "coordinates": [ [ -81.21036330555556, 25.993495888888891 ], [ -81.211300416666674, 25.993144138888891 ], [ -81.211683916666672, 25.992295083333335 ], [ -81.21128686111112, 25.991451166666668 ], [ -81.210344222222218, 25.991111694444445 ], [ -81.20941375, 25.991477583333335 ], [ -81.209046027777774, 25.992332277777777 ], [ -81.20945863888889, 25.993170111111112 ], [ -81.21036330555556, 25.993495888888891 ] ] } },
{ "type": "Feature", "properties": { "style": "solid", "thickness": 1 }, "geometry": { "type": "LineString", "coordinates": [ [ -81.209232916666664, 26.008376694444443 ], [ -81.211456388888891, 26.008378972222221 ] ] } },
{ "type": "Feature", "properties": { "style": "solid", "thickness": 1 }, "geometry": { "type": "LineString", "coordinates": [ [ -81.209040472222227, 26.008835 ], [ -81.211647694444451, 26.008837694444445 ] ] } },
{ "type": "Feature", "properties": { "style": "solid", "thickness": 1 }, "geometry": { "type": "LineString", "coordinates": [ [ -81.209059777777782, 26.009293555555555 ], [ -81.211627222222219, 26.009296194444445 ] ] } },
{ "type": "Feature", "properties": { "style": "solid", "thickness": 1 }, "geometry": { "type": "LineString", "coordinates": [ [ -81.209328055555559, 26.009752361111111 ], [ -81.211382861111119, 26.009754472222223 ] ] } },
{ "type": "Feature", "properties": { "style": "solid", "thickness": 1 }, "geometry": { "type": "LineString", "coordinates": [ [ -81.210342361111117, 26.010211944444446 ], [ -81.211279611111109, 26.009860166666666 ], [ -81.211663138888895, 26.009011138888887 ], [ -81.211266027777782, 26.008167194444443 ], [ -81.210323277777775, 26.00782775 ], [ -81.209392666666673, 26.00819361111111 ], [ -81.209024888888891, 26.009048333333332 ], [ -81.209437555555553, 26.009886138888888 ], [ -81.210342361111117, 26.010211944444446 ] ] } },
{ "type": "Feature", "properties": { "style": "solid", "thickness": 1 }, "geometry": { "type": "LineString", "coordinates": [ [ -81.209211777777782, 26.025092694444442 ], [ -81.211435555555553, 26.02509497222222 ] ] } },
{ "type": "Feature", "properties": { "style": "solid", "thickness": 1 }, "geometry": { "type": "LineString", "coordinates": [ [ -81.209019305555557, 26.025551027777777 ], [ -81.211626888888887, 26.025553694444444 ] ] } },
{ "type": "Feature", "properties": { "style": "solid", "thickness": 1 }, "geometry": { "type": "LineString", "coordinates": [ [ -81.209038611111112, 26.026009583333334 ], [ -81.211606416666669, 26.026012194444444 ] ] } },
{ "type": "Feature", "properties": { "style": "solid", "thickness": 1 }, "geometry": { "type": "LineString", "coordinates": [ [ -81.209306916666677, 26.02646836111111 ], [ -81.211362027777781, 26.026470472222222 ] ] } },
{ "type": "Feature", "properties": { "style": "solid", "thickness": 1 }, "geometry": { "type": "LineString", "coordinates": [ [ -81.210321361111113, 26.026927944444445 ], [ -81.21125875, 26.026576194444445 ], [ -81.211642361111117, 26.02572713888889 ], [ -81.211245194444444, 26.024883222222222 ], [ -81.210302277777785, 26.02454375 ], [ -81.209371555555563, 26.024909638888889 ], [ -81.209003722222221, 26.025764333333331 ], [ -81.209416444444443, 26.026602166666667 ], [ -81.210321361111113, 26.026927944444445 ] ] } },
{ "type": "Feature", "properties": { "style": "solid", "thickness": 1 }, "geometry": { "type": "LineString", "coordinates": [ [ -81.209190611111111, 26.041808694444445 ], [ -81.211414694444443, 26.041810972222223 ] ] } },
{ "type": "Feature", "properties": { "style": "solid", "thickness": 1 }, "geometry": { "type": "LineString", "coordinates": [ [ -81.208998083333341, 26.042267 ], [ -81.211606083333336, 26.042269694444446 ] ] } },
{ "type": "Feature", "properties": { "style": "solid", "thickness": 1 }, "geometry": { "type": "LineString", "coordinates": [ [ -81.209017416666669, 26.042725555555556 ], [ -81.211585583333331, 26.042728194444447 ] ] } },
{ "type": "Feature", "properties": { "style": "solid", "thickness": 1 }, "geometry": { "type": "LineString", "coordinates": [ [ -81.209285777777779, 26.043184361111113 ], [ -81.211341166666671, 26.043186472222224 ] ] } },
{ "type": "Feature", "properties": { "style": "solid", "thickness": 1 }, "geometry": { "type": "LineString", "coordinates": [ [ -81.210300361111109, 26.043643916666667 ], [ -81.211237861111115, 26.043292166666667 ], [ -81.21162152777778, 26.042443138888892 ], [ -81.211224305555561, 26.041599194444448 ], [ -81.210281277777781, 26.04125975 ], [ -81.209350416666666, 26.041625611111112 ], [ -81.208982527777778, 26.042480333333334 ], [ -81.20939530555556, 26.043318138888889 ], [ -81.210300361111109, 26.043643916666667 ] ] } },
{ "type": "Feature", "properties": { "style": "solid", "thickness": 1 }, "geometry": { "type": "LineString", "coordinates": [ [ -81.209169416666668, 26.05852463888889 ], [ -81.211393833333332, 26.058526916666668 ] ] } },
{ "type": "Feature", "properties": { "style": "solid", "thickness": 1 }, "geometry": { "type": "LineString", "coordinates": [ [ -81.208976861111111, 26.058982972222221 ], [ -81.211585222222226, 26.058985638888888 ] ] } },
{ "type": "Feature", "properties": { "style": "solid", "thickness": 1 }, "geometry": { "type": "LineString", "coordinates": [ [ -81.208996194444452, 26.0594415 ], [ -81.21156475, 26.059444138888889 ] ] } },
{ "type": "Feature", "properties": { "style": "solid", "thickness": 1 }, "geometry": { "type": "LineString", "coordinates": [ [ -81.209264583333336, 26.059900305555555 ], [ -81.211320277777787, 26.059902416666667 ] ] } },
{ "type": "Feature", "properties": { "style": "solid", "thickness": 1 }, "geometry": { "type": "LineString", "coordinates": [ [ -81.210279305555559, 26.06035988888889 ], [ -81.211216972222232, 26.06000813888889 ], [ -81.211600666666669, 26.059159083333334 ], [ -81.21120338888889, 26.058315166666667 ], [ -81.210260222222232, 26.057975694444444 ], [ -81.20932925, 26.058341555555558 ], [ -81.208961305555562, 26.059196277777779 ], [ -81.20937413888889, 26.060034083333335 ], [ -81.210279305555559, 26.06035988888889 ] ] } },
{ "type": "Feature", "properties": { "style": "solid", "thickness": 1 }, "geometry": { "type": "LineString", "coordinates": [ [ -81.209148194444452, 26.075240555555556 ], [ -81.211372916666676, 26.075242833333334 ] ] } },
{ "type": "Feature", "properties": { "style": "solid", "thickness": 1 }, "geometry": { "type": "LineString", "coordinates": [ [ -81.208955611111108, 26.075698888888887 ], [ -81.211564333333342, 26.075701555555554 ] ] } },
{ "type": "Feature", "properties": { "style": "solid", "thickness": 1 }, "geometry": { "type": "LineString", "coordinates": [ [ -81.208974944444449, 26.076157416666668 ], [ -81.21154386111111, 26.076160055555555 ] ] } },
{ "type": "Feature", "properties": { "style": "solid", "thickness": 1 }, "geometry": { "type": "LineString", "coordinates": [ [ -81.20924336111112, 26.076616222222221 ], [ -81.211299361111116, 26.076618333333332 ] ] } },
{ "type": "Feature", "properties": { "style": "solid", "thickness": 1 }, "geometry": { "type": "LineString", "coordinates": [ [ -81.21025825000001, 26.077075805555555 ], [ -81.211196027777774, 26.076724055555555 ], [ -81.211579777777786, 26.075875027777776 ], [ -81.21118247222222, 26.075031083333332 ], [ -81.210239166666668, 26.07469161111111 ], [ -81.20930802777778, 26.0750575 ], [ -81.208940055555559, 26.075912194444445 ], [ -81.209352944444447, 26.07675 ], [ -81.21025825000001, 26.077075805555555 ] ] } },
{ "type": "Feature", "properties": { "style": "solid", "thickness": 1 }, "geometry": { "type": "LineString", "coordinates": [ [ -81.209126944444449, 26.091956444444442 ], [ -81.211351972222232, 26.09195875 ] ] } },
{ "type": "Feature", "properties": { "style": "solid", "thickness": 1 }, "geometry": { "type": "LineString", "coordinates": [ [ -81.208934333333332, 26.092414777777776 ], [ -81.211543416666672, 26.092417444444443 ] ] } },
{ "type": "Feature", "properties": { "style": "solid", "thickness": 1 }, "geometry": { "type": "LineString", "coordinates": [ [ -81.208953666666673, 26.092873305555553 ], [ -81.211522944444454, 26.09287597222222 ] ] } },
{ "type": "Feature", "properties": { "style": "solid", "thickness": 1 }, "geometry": { "type": "LineString", "coordinates": [ [ -81.209222111111117, 26.09333211111111 ], [ -81.211278388888886, 26.093334222222222 ] ] } },
{ "type": "Feature", "properties": { "style": "solid", "thickness": 1 }, "geometry": { "type": "LineString", "coordinates": [ [ -81.210237138888886, 26.093791694444445 ], [ -81.211175055555557, 26.093439944444444 ], [ -81.211558888888888, 26.092590916666666 ], [ -81.2111615, 26.091746972222222 ], [ -81.210218055555558, 26.091407527777775 ], [ -81.209286805555564, 26.091773388888889 ], [ -81.20891875, 26.092628083333331 ], [ -81.209331722222231, 26.093465888888886 ], [ -81.210237138888886, 26.093791694444445 ] ] } },
{ "type": "Feature", "properties": { "style": "solid", "thickness": 1 }, "geometry": { "type": "LineString", "coordinates": [ [ -81.209105638888886, 26.108672305555558 ], [ -81.211331, 26.108674611111113 ] ] } },
{ "type": "Feature", "properties": { "style": "solid", "thickness": 1 }, "geometry": { "type": "LineString", "coordinates": [ [ -81.208913027777783, 26.109130638888889 ], [ -81.211522472222228, 26.109133305555556 ] ] } },
{ "type": "Feature", "properties": { "style": "solid", "thickness": 1 }, "geometry": { "type": "LineString", "coordinates": [ [ -81.20893236111111, 26.10958916666667 ], [ -81.211501972222223, 26.109591805555556 ] ] } },
{ "type": "Feature", "properties": { "style": "solid", "thickness": 1 }, "geometry": { "type": "LineString", "coordinates": [ [ -81.209200833333341, 26.110047972222223 ], [ -81.211257416666669, 26.110050083333334 ] ] } },
{ "type": "Feature", "properties": { "style": "solid", "thickness": 1 }, "geometry": { "type": "LineString", "coordinates": [ [ -81.210216, 26.110507555555557 ], [ -81.211154055555554, 26.110155805555557 ], [ -81.211537944444444, 26.109306777777778 ], [ -81.2111405, 26.108462833333334 ], [ -81.210196916666675, 26.108123388888892 ], [ -81.209265527777774, 26.10848925 ], [ -81.208897444444446, 26.109343944444447 ], [ -81.209310444444441, 26.11018175 ], [ -81.210216, 26.110507555555557 ] ] } },
{ "type": "Feature", "properties": { "style": "solid", "thickness": 1 }, "geometry": { "type": "LineString", "coordinates": [ [ -81.209084333333337, 26.125388138888891 ], [ -81.21131, 26.125390416666669 ] ] } },
{ "type": "Feature", "properties": { "style": "solid", "thickness": 1 }, "geometry": { "type": "LineString", "coordinates": [ [ -81.208891666666673, 26.125846444444445 ], [ -81.2115015, 26.125849138888888 ] ] } },
{ "type": "Feature", "properties": { "style": "solid", "thickness": 1 }, "geometry": { "type": "LineString", "coordinates": [ [ -81.208911, 26.126305 ], [ -81.211481, 26.126307638888889 ] ] } },
{ "type": "Feature", "properties": { "style": "solid", "thickness": 1 }, "geometry": { "type": "LineString", "coordinates": [ [ -81.209179555555565, 26.126763805555555 ], [ -81.211236388888892, 26.126765916666667 ] ] } },
{ "type": "Feature", "properties": { "style": "solid", "thickness": 1 }, "geometry": { "type": "LineString", "coordinates": [ [ -81.21019486111112, 26.127223361111113 ], [ -81.211133027777777, 26.126871611111113 ], [ -81.211516972222228, 26.126022583333334 ], [ -81.211119472222222, 26.125178666666667 ], [ -81.210175777777778, 26.124839194444444 ], [ -81.20924425, 26.125205055555558 ], [ -81.208876083333337, 26.12605977777778 ], [ -81.209289166666665, 26.126897583333335 ], [ -81.21019486111112, 26.127223361111113 ] ] } },
{ "type": "Feature", "properties": { "style": "solid", "thickness": 1 }, "geometry": { "type": "LineString", "coordinates": [ [ -81.209063, 26.142103916666667 ], [ -81.211288972222221, 26.142106222222221 ] ] } },
{ "type": "Feature", "properties": { "style": "solid", "thickness": 1 }, "geometry": { "type": "LineString", "coordinates": [ [ -81.208870305555564, 26.14256225 ], [ -81.2114805, 26.142564944444445 ] ] } },
{ "type": "Feature", "properties": { "style": "solid", "thickness": 1 }, "geometry": { "type": "LineString", "coordinates": [ [ -81.208889638888891, 26.143020777777778 ], [ -81.21146, 26.143023444444445 ] ] } },
{ "type": "Feature", "properties": { "style": "solid", "thickness": 1 }, "geometry": { "type": "LineString", "coordinates": [ [ -81.209158194444441, 26.143479583333331 ], [ -81.211215361111115, 26.143481694444443 ] ] } },
{ "type": "Feature", "properties": { "style": "solid", "thickness": 1 }, "geometry": { "type": "LineString", "coordinates": [ [ -81.210173666666662, 26.143939166666666 ], [ -81.211111972222227, 26.143587416666666 ], [ -81.211495972222224, 26.142738388888887 ], [ -81.211098416666673, 26.141894472222223 ], [ -81.210154583333335, 26.141555 ], [ -81.209222916666675, 26.14192086111111 ], [ -81.208854722222227, 26.142775555555556 ], [ -81.209267833333342, 26.143613361111111 ], [ -81.210173666666662, 26.143939166666666 ] ] } },
{ "type": "Feature", "properties": { "style": "solid", "thickness": 1 }, "geometry": { "type": "LineString", "coordinates": [ [ -81.209041611111118, 26.158819666666666 ], [ -81.211267916666671, 26.158821972222221 ] ] } },
{ "type": "Feature", "properties": { "style": "solid", "thickness": 1 }, "geometry": { "type": "LineString", "coordinates": [ [ -81.208848888888895, 26.159278 ], [ -81.211459472222231, 26.159280694444444 ] ] } },
{ "type": "Feature", "properties": { "style": "solid", "thickness": 1 }, "geometry": { "type": "LineString", "coordinates": [ [ -81.208868222222222, 26.159736527777778 ], [ -81.211438972222226, 26.159739194444445 ] ] } },
{ "type": "Feature", "properties": { "style": "solid", "thickness": 1 }, "geometry": { "type": "LineString", "coordinates": [ [ -81.209136833333332, 26.160195333333331 ], [ -81.211194277777778, 26.160197472222222 ] ] } },
{ "type": "Feature", "properties": { "style": "solid", "thickness": 1 }, "geometry": { "type": "LineString", "coordinates": [ [ -81.210152444444446, 26.160654916666665 ], [ -81.21109088888889, 26.160303166666665 ], [ -81.211474944444447, 26.159454138888886 ], [ -81.211077333333336, 26.158610222222222 ], [ -81.210133361111119, 26.15827075 ], [ -81.209201555555552, 26.15863661111111 ], [ -81.208833305555558, 26.159491305555555 ], [ -81.2092465, 26.16032911111111 ], [ -81.210152444444446, 26.160654916666665 ] ] } },
{ "type": "Feature", "properties": { "style": "solid", "thickness": 1 }, "geometry": { "type": "LineString", "coordinates": [ [ -81.209020222222222, 26.175535388888889 ], [ -81.211246833333334, 26.175537694444447 ] ] } },
{ "type": "Feature", "properties": { "style": "solid", "thickness": 1 }, "geometry": { "type": "LineString", "coordinates": [ [ -81.208827472222225, 26.175993722222223 ], [ -81.211438416666667, 26.175996416666667 ] ] } },
{ "type": "Feature", "properties": { "style": "solid", "thickness": 1 }, "geometry": { "type": "LineString", "coordinates": [ [ -81.208846805555552, 26.17645225 ], [ -81.211417916666676, 26.176454916666668 ] ] } },
{ "type": "Feature", "properties": { "style": "solid", "thickness": 1 }, "geometry": { "type": "LineString", "coordinates": [ [ -81.20911544444445, 26.176911055555557 ], [ -81.211173194444441, 26.176913194444445 ] ] } },
{ "type": "Feature", "properties": { "style": "solid", "thickness": 1 }, "geometry": { "type": "LineString", "coordinates": [ [ -81.210131194444443, 26.177370638888892 ], [ -81.21106977777778, 26.177018888888892 ], [ -81.211453888888897, 26.176169861111113 ], [ -81.211056222222226, 26.175325944444445 ], [ -81.210112111111115, 26.174986472222223 ], [ -81.209180194444443, 26.175352333333336 ], [ -81.208811861111116, 26.176207027777778 ], [ -81.20922511111111, 26.177044833333333 ], [ -81.210131194444443, 26.177370638888892 ] ] } },
{ "type": "Feature", "properties": { "style": "solid", "thickness": 1 }, "geometry": { "type": "LineString", "coordinates": [ [ -81.208998777777779, 26.192251083333332 ], [ -81.211225722222224, 26.19225338888889 ] ] } },
{ "type": "Feature", "properties": { "style": "solid", "thickness": 1 }, "geometry": { "type": "LineString", "coordinates": [ [ -81.208806, 26.19270938888889 ], [ -81.21141733333333, 26.19271211111111 ] ] } },
{ "type": "Feature", "properties": { "style": "solid", "thickness": 1 }, "geometry": { "type": "LineString", "coordinates": [ [ -81.208825333333337, 26.193167944444443 ], [ -81.211396805555552, 26.19317061111111 ] ] } },
{ "type": "Feature", "properties": { "style": "solid", "thickness": 1 }, "geometry": { "type": "LineString", "coordinates": [ [ -81.20909402777778, 26.193626722222223 ], [ -81.211152055555559, 26.193628861111112 ] ] } },
{ "type": "Feature", "properties": { "style": "solid", "thickness": 1 }, "geometry": { "type": "LineString", "coordinates": [ [ -81.210109916666667, 26.194086305555555 ], [ -81.211048638888897, 26.193734583333335 ], [ -81.211432777777787, 26.192885555555556 ], [ -81.211035083333343, 26.192041638888888 ], [ -81.210090833333339, 26.191702166666666 ], [ -81.209158777777787, 26.192068027777779 ], [ -81.208790416666673, 26.192922722222221 ], [ -81.209203722222227, 26.193760527777776 ], [ -81.210109916666667, 26.194086305555555 ] ] } },
{ "type": "Feature", "properties": { "style": "solid", "thickness": 1 }, "geometry": { "type": "LineString", "coordinates": [ [ -81.208977305555564, 26.208966722222222 ], [ -81.211204555555554, 26.208969055555556 ] ] } },
{ "type": "Feature", "properties": { "style": "solid", "thickness": 1 }, "geometry": { "type": "LineString", "coordinates": [ [ -81.2087845, 26.209425055555556 ], [ -81.211396194444447, 26.20942775 ] ] } },
{ "type": "Feature", "properties": { "style": "solid", "thickness": 1 }, "geometry": { "type": "LineString", "coordinates": [ [ -81.208803861111107, 26.209883583333333 ], [ -81.211375694444442, 26.20988625 ] ] } },
{ "type": "Feature", "properties": { "style": "solid", "thickness": 1 }, "geometry": { "type": "LineString", "coordinates": [ [ -81.209072583333338, 26.21034238888889 ], [ -81.211130888888889, 26.210344527777778 ] ] } },
{ "type": "Feature", "properties": { "style": "solid", "thickness": 1 }, "geometry": { "type": "LineString", "coordinates": [ [ -81.210088611111118, 26.210801944444444 ], [ -81.211027472222227, 26.210450222222221 ], [ -81.211411666666663, 26.209601194444442 ], [ -81.211013888888886, 26.208757277777778 ], [ -81.210069527777776, 26.208417805555555 ], [ -81.209137333333331, 26.208783666666665 ], [ -81.208768916666671, 26.209638361111111 ], [ -81.209182277777785, 26.210476166666666 ], [ -81.210088611111118, 26.210801944444444 ] ] } },
{ "type": "Feature", "properties": { "style": "solid", "thickness": 1 }, "geometry": { "type": "LineString", "coordinates": [ [ -81.208955805555561, 26.225682333333332 ], [ -81.211183388888898, 26.225684666666666 ] ] } },
{ "type": "Feature", "properties": { "style": "solid", "thickness": 1 }, "geometry": { "type": "LineString", "coordinates": [ [ -81.208762972222232, 26.226140666666666 ], [ -81.211375055555564, 26.226143361111109 ] ] } },
{ "type": "Feature", "properties": { "style": "solid", "thickness": 1 }, "geometry": { "type": "LineString", "coordinates": [ [ -81.208782333333332, 26.226599194444443 ], [ -81.211354527777786, 26.22660186111111 ] ] } },
{ "type": "Feature", "properties": { "style": "solid", "thickness": 1 }, "geometry": { "type": "LineString", "coordinates": [ [ -81.209051083333335, 26.227058 ], [ -81.211109722222218, 26.227060138888888 ] ] } },
{ "type": "Feature", "properties": { "style": "solid", "thickness": 1 }, "geometry": { "type": "LineString", "coordinates": [ [ -81.21006725, 26.227517555555554 ], [ -81.21100625, 26.227165833333331 ], [ -81.21139052777778, 26.226316805555555 ], [ -81.210992694444442, 26.225472888888888 ], [ -81.210048194444454, 26.225133444444442 ], [ -81.209115861111115, 26.225499277777775 ], [ -81.208747388888895, 26.226353972222221 ], [ -81.209160805555555, 26.227191777777776 ], [ -81.21006725, 26.227517555555554 ] ] } },
{ "type": "Feature", "properties": { "style": "solid", "thickness": 1 }, "geometry": { "type": "LineString", "coordinates": [ [ -81.207172555555559, 26.241995861111111 ], [ -81.209345444444452, 26.242439583333333 ] ] } },
{ "type": "Feature", "properties": { "style": "solid", "thickness": 1 }, "geometry": { "type": "LineString", "coordinates": [ [ -81.20687275, 26.24240475 ], [ -81.209420666666674, 26.242925083333333 ] ] } },
{ "type": "Feature", "properties": { "style": "solid", "thickness": 1 }, "geometry": { "type": "LineString", "coordinates": [ [ -81.206779888888889, 26.242855916666667 ], [ -81.209288944444452, 26.243368305555556 ] ] } },
{ "type": "Feature", "properties": { "style": "solid", "thickness": 1 }, "geometry": { "type": "LineString", "coordinates": [ [ -81.206930333333332, 26.24335677777778 ], [ -81.208938388888896, 26.243766833333336 ] ] } },
{ "type": "Feature", "properties": { "style": "solid", "thickness": 1 }, "geometry": { "type": "LineString", "coordinates": [ [ -81.207809805555556, 26.2440065 ], [ -81.208811694444449, 26.243849444444447 ], [ -81.2093935, 26.243097333333335 ], [ -81.209210972222223, 26.242195222222222 ], [ -81.20837213888889, 26.241676861111113 ], [ -81.207373333333337, 26.241849 ], [ -81.206805555555562, 26.24260977777778 ], [ -81.207004777777783, 26.24350902777778 ], [ -81.207809805555556, 26.2440065 ] ] } },
{ "type": "Feature", "properties": { "style": "solid", "thickness": 1 }, "geometry": { "type": "LineString", "coordinates": [ [ -81.203078083333338, 26.258298555555555 ], [ -81.20525125, 26.258742333333334 ] ] } },
{ "type": "Feature", "properties": { "style": "solid", "thickness": 1 }, "geometry": { "type": "LineString", "coordinates": [ [ -81.202778194444448, 26.258707444444443 ], [ -81.205326472222225, 26.259227833333334 ] ] } },
{ "type": "Feature", "properties": { "style": "solid", "thickness": 1 }, "geometry": { "type": "LineString", "coordinates": [ [ -81.202685333333335, 26.259158583333335 ], [ -81.205194694444444, 26.259671027777777 ] ] } },
{ "type": "Feature", "properties": { "style": "solid", "thickness": 1 }, "geometry": { "type": "LineString", "coordinates": [ [ -81.20283575, 26.259659444444445 ], [ -81.204844083333342, 26.260069555555557 ] ] } },
{ "type": "Feature", "properties": { "style": "solid", "thickness": 1 }, "geometry": { "type": "LineString", "coordinates": [ [ -81.203715361111108, 26.260309194444446 ], [ -81.204717388888895, 26.260152166666668 ], [ -81.205299305555556, 26.259400083333333 ], [ -81.205116777777775, 26.258497944444443 ], [ -81.204277833333336, 26.257979583333334 ], [ -81.203278861111116, 26.258151694444443 ], [ -81.202711, 26.258912444444444 ], [ -81.202910222222229, 26.259811694444444 ], [ -81.203715361111108, 26.260309194444446 ] ] } },
{ "type": "Feature", "properties": { "style": "solid", "thickness": 1 }, "geometry": { "type": "LineString", "coordinates": [ [ -81.197379777777783, 26.272812166666665 ], [ -81.198697333333342, 26.2744325 ] ] } },
{ "type": "Feature", "properties": { "style": "solid", "thickness": 1 }, "geometry": { "type": "LineString", "coordinates": [ [ -81.196855888888891, 26.272943416666667 ], [ -81.198400888888898, 26.274843416666666 ] ] } },
{ "type": "Feature", "properties": { "style": "solid", "thickness": 1 }, "geometry": { "type": "LineString", "coordinates": [ [ -81.196457527777781, 26.273229 ], [ -81.197978916666671, 26.2751 ] ] } },
{ "type": "Feature", "properties": { "style": "solid", "thickness": 1 }, "geometry": { "type": "LineString", "coordinates": [ [ -81.196206666666669, 26.273696027777778 ], [ -81.197424277777785, 26.275193444444444 ] ] } },
{ "type": "Feature", "properties": { "style": "solid", "thickness": 1 }, "geometry": { "type": "LineString", "coordinates": [ [ -81.196397861111109, 26.274706694444443 ], [ -81.1972685, 26.27518086111111 ], [ -81.198255027777776, 26.27495738888889 ], [ -81.198773638888895, 26.2741685 ], [ -81.198517527777781, 26.273281027777777 ], [ -81.197638194444451, 26.272820083333333 ], [ -81.196656, 26.273058416666665 ], [ -81.196152083333331, 26.273854972222221 ], [ -81.196397861111109, 26.274706694444443 ] ] } },
{ "type": "Feature", "properties": { "style": "solid", "thickness": 1 }, "geometry": { "type": "LineString", "coordinates": [ [ -81.182425444444448, 26.282694166666666 ], [ -81.183742916666674, 26.28431463888889 ] ] } },
{ "type": "Feature", "properties": { "style": "solid", "thickness": 1 }, "geometry": { "type": "LineString", "coordinates": [ [ -81.181901527777782, 26.282825361111112 ], [ -81.183446388888896, 26.28472552777778 ] ] } },
{ "type": "Feature", "properties": { "style": "solid", "thickness": 1 }, "geometry": { "type": "LineString", "coordinates": [ [ -81.18150308333334, 26.283110916666665 ], [ -81.183024361111123, 26.284982055555556 ] ] } },
{ "type": "Feature", "properties": { "style": "solid", "thickness": 1 }, "geometry": { "type": "LineString", "coordinates": [ [ -81.181252138888894, 26.283577888888889 ], [ -81.182469666666677, 26.285075444444445 ] ] } },
{ "type": "Feature", "properties": { "style": "solid", "thickness": 1 }, "geometry": { "type": "LineString", "coordinates": [ [ -81.181443222222228, 26.284588583333335 ], [ -81.182313888888899, 26.285062833333335 ], [ -81.1833005, 26.284839472222224 ], [ -81.183819277777786, 26.284050638888889 ], [ -81.18356325, 26.283163166666665 ], [ -81.182683916666676, 26.28270211111111 ], [ -81.181701583333336, 26.282940333333332 ], [ -81.181197527777783, 26.283736861111112 ], [ -81.181443222222228, 26.284588583333335 ] ] } },
{ "type": "Feature", "properties": { "style": "solid", "thickness": 1 }, "geometry": { "type": "LineString", "coordinates": [ [ -81.167468611111119, 26.292574583333334 ], [ -81.168786, 26.294195166666668 ] ] } },
{ "type": "Feature", "properties": { "style": "solid", "thickness": 1 }, "geometry": { "type": "LineString", "coordinates": [ [ -81.16694461111112, 26.292705722222223 ], [ -81.168489388888887, 26.294606027777778 ] ] } },
{ "type": "Feature", "properties": { "style": "solid", "thickness": 1 }, "geometry": { "type": "LineString", "coordinates": [ [ -81.166546111111117, 26.292991222222224 ], [ -81.16806727777778, 26.294862527777781 ] ] } },
{ "type": "Feature", "properties": { "style": "solid", "thickness": 1 }, "geometry": { "type": "LineString", "coordinates": [ [ -81.166295083333338, 26.293458166666667 ], [ -81.167512527777788, 26.294955833333336 ] ] } },
{ "type": "Feature", "properties": { "style": "solid", "thickness": 1 }, "geometry": { "type": "LineString", "coordinates": [ [ -81.166486055555566, 26.29446888888889 ], [ -81.167356722222223, 26.294943222222223 ], [ -81.168343472222233, 26.294719944444445 ], [ -81.168862388888897, 26.293931194444447 ], [ -81.16860644444445, 26.293043666666669 ], [ -81.167727083333332, 26.292582555555558 ], [ -81.166744666666673, 26.292820666666668 ], [ -81.166240444444455, 26.293617111111114 ], [ -81.166486055555566, 26.29446888888889 ] ] } },
{ "type": "Feature", "properties": { "style": "solid", "thickness": 1 }, "geometry": { "type": "LineString", "coordinates": [ [ -81.15250925, 26.302453388888889 ], [ -81.153826527777781, 26.304074111111113 ] ] } },
{ "type": "Feature", "properties": { "style": "solid", "thickness": 1 }, "geometry": { "type": "LineString", "coordinates": [ [ -81.15198519444445, 26.302584472222222 ], [ -81.153529833333337, 26.304484944444447 ] ] } },
{ "type": "Feature", "properties": { "style": "solid", "thickness": 1 }, "geometry": { "type": "LineString", "coordinates": [ [ -81.151586611111114, 26.302869944444446 ], [ -81.153107666666671, 26.304741388888889 ] ] } },
{ "type": "Feature", "properties": { "style": "solid", "thickness": 1 }, "geometry": { "type": "LineString", "coordinates": [ [ -81.1513355, 26.303336861111113 ], [ -81.152552861111118, 26.304834666666668 ] ] } },
{ "type": "Feature", "properties": { "style": "solid", "thickness": 1 }, "geometry": { "type": "LineString", "coordinates": [ [ -81.151526361111124, 26.304347583333335 ], [ -81.152397055555568, 26.304822 ], [ -81.153383888888897, 26.304598861111113 ], [ -81.153902972222227, 26.303810166666668 ], [ -81.153647111111113, 26.302922611111111 ], [ -81.15276775000001, 26.30246138888889 ], [ -81.151785194444443, 26.30269938888889 ], [ -81.151280861111118, 26.303495805555556 ], [ -81.151526361111124, 26.304347583333335 ] ] } },
{ "type": "Feature", "properties": { "style": "solid", "thickness": 1 }, "geometry": { "type": "LineString", "coordinates": [ [ -81.137547361111118, 26.312330611111111 ], [ -81.138864555555557, 26.313951472222222 ] ] } },
{ "type": "Feature", "properties": { "style": "solid", "thickness": 1 }, "geometry": { "type": "LineString", "coordinates": [ [ -81.137023250000013, 26.312461638888891 ], [ -81.13856777777778, 26.314362277777779 ] ] } },
{ "type": "Feature", "properties": { "style": "solid", "thickness": 1 }, "geometry": { "type": "LineString", "coordinates": [ [ -81.136624583333344, 26.312747055555555 ], [ -81.13814552777778, 26.314618666666668 ] ] } },
{ "type": "Feature", "properties": { "style": "solid", "thickness": 1 }, "geometry": { "type": "LineString", "coordinates": [ [ -81.136373416666672, 26.313213944444446 ], [ -81.137590666666668, 26.31471186111111 ] ] } },
{ "type": "Feature", "properties": { "style": "solid", "thickness": 1 }, "geometry": { "type": "LineString", "coordinates": [ [ -81.136564166666673, 26.314224694444444 ], [ -81.137434861111117, 26.314699222222224 ], [ -81.138421805555566, 26.314476166666669 ], [ -81.138941, 26.313687527777777 ], [ -81.13868525, 26.312799944444446 ], [ -81.137805888888892, 26.312338638888889 ], [ -81.136823222222233, 26.312576527777779 ], [ -81.136318722222228, 26.313372888888889 ], [ -81.136564166666673, 26.314224694444444 ] ] } },
{ "type": "Feature", "properties": { "style": "solid", "thickness": 1 }, "geometry": { "type": "LineString", "coordinates": [ [ -81.122582972222219, 26.322206222222221 ], [ -81.123900027777765, 26.323827222222221 ] ] } },
{ "type": "Feature", "properties": { "style": "solid", "thickness": 1 }, "geometry": { "type": "LineString", "coordinates": [ [ -81.122058777777767, 26.322337194444444 ], [ -81.123603194444442, 26.324238 ] ] } },
{ "type": "Feature", "properties": { "style": "solid", "thickness": 1 }, "geometry": { "type": "LineString", "coordinates": [ [ -81.121660055555552, 26.322622583333334 ], [ -81.123180888888882, 26.32449436111111 ] ] } },
{ "type": "Feature", "properties": { "style": "solid", "thickness": 1 }, "geometry": { "type": "LineString", "coordinates": [ [ -81.121408777777773, 26.323089444444445 ], [ -81.122625944444437, 26.3245875 ] ] } },
{ "type": "Feature", "properties": { "style": "solid", "thickness": 1 }, "geometry": { "type": "LineString", "coordinates": [ [ -81.121599416666655, 26.324100194444444 ], [ -81.122470111111099, 26.324574805555557 ], [ -81.123457194444441, 26.324351861111111 ], [ -81.123976555555544, 26.323563277777776 ], [ -81.123720888888883, 26.322675694444445 ], [ -81.1228415, 26.322214277777778 ], [ -81.121858722222214, 26.322452083333332 ], [ -81.12135408333333, 26.323248388888889 ], [ -81.121599416666655, 26.324100194444444 ] ] } },
{ "type": "Feature", "properties": { "style": "solid", "thickness": 1 }, "geometry": { "type": "LineString", "coordinates": [ [ -81.107616027777766, 26.33208025 ], [ -81.108933, 26.333701388888887 ] ] } },
{ "type": "Feature", "properties": { "style": "solid", "thickness": 1 }, "geometry": { "type": "LineString", "coordinates": [ [ -81.107091777777768, 26.332211166666667 ], [ -81.108636083333323, 26.334112111111111 ] ] } },
{ "type": "Feature", "properties": { "style": "solid", "thickness": 1 }, "geometry": { "type": "LineString", "coordinates": [ [ -81.10669297222222, 26.3324965 ], [ -81.108213694444444, 26.334368444444443 ] ] } },
{ "type": "Feature", "properties": { "style": "solid", "thickness": 1 }, "geometry": { "type": "LineString", "coordinates": [ [ -81.106441638888882, 26.332963361111112 ], [ -81.107658694444439, 26.3344615 ] ] } },
{ "type": "Feature", "properties": { "style": "solid", "thickness": 1 }, "geometry": { "type": "LineString", "coordinates": [ [ -81.106632138888884, 26.333974111111111 ], [ -81.107502861111101, 26.334448833333333 ], [ -81.108490055555549, 26.334225972222221 ], [ -81.109009555555545, 26.333437444444442 ], [ -81.108753972222217, 26.332549833333331 ], [ -81.107874583333327, 26.332088333333331 ], [ -81.106891694444442, 26.332326027777778 ], [ -81.106386888888878, 26.333122277777779 ], [ -81.106632138888884, 26.333974111111111 ] ] } },
{ "type": "Feature", "properties": { "style": "solid", "thickness": 1 }, "geometry": { "type": "LineString", "coordinates": [ [ -81.092646555555547, 26.341952666666664 ], [ -81.093963444444441, 26.343573944444444 ] ] } },
{ "type": "Feature", "properties": { "style": "solid", "thickness": 1 }, "geometry": { "type": "LineString", "coordinates": [ [ -81.092122249999989, 26.342083527777778 ], [ -81.093666416666665, 26.343984638888887 ] ] } },
{ "type": "Feature", "properties": { "style": "solid", "thickness": 1 }, "geometry": { "type": "LineString", "coordinates": [ [ -81.09172338888888, 26.342368833333332 ], [ -81.093243972222211, 26.344240916666667 ] ] } },
{ "type": "Feature", "properties": { "style": "solid", "thickness": 1 }, "geometry": { "type": "LineString", "coordinates": [ [ -81.091471944444436, 26.342835638888889 ], [ -81.092688944444433, 26.344333944444443 ] ] } },
{ "type": "Feature", "properties": { "style": "solid", "thickness": 1 }, "geometry": { "type": "LineString", "coordinates": [ [ -81.091662361111105, 26.343846444444445 ], [ -81.092533083333322, 26.34432122222222 ], [ -81.093520361111104, 26.344098472222221 ], [ -81.09404002777778, 26.34331 ], [ -81.093784555555544, 26.342422361111112 ], [ -81.092905138888881, 26.341960777777775 ], [ -81.09192213888889, 26.342198361111109 ], [ -81.091417194444446, 26.342994555555553 ], [ -81.091662361111105, 26.343846444444445 ] ] } },
{ "type": "Feature", "properties": { "style": "solid", "thickness": 1 }, "geometry": { "type": "LineString", "coordinates": [ [ -81.077674555555546, 26.3518235 ], [ -81.078991333333335, 26.353444888888891 ] ] } },
{ "type": "Feature", "properties": { "style": "solid", "thickness": 1 }, "geometry": { "type": "LineString", "coordinates": [ [ -81.077150194444442, 26.351954305555559 ], [ -81.07869425, 26.353855555555558 ] ] } },
{ "type": "Feature", "properties": { "style": "solid", "thickness": 1 }, "geometry": { "type": "LineString", "coordinates": [ [ -81.07675125, 26.352239555555556 ], [ -81.07827175, 26.354111805555558 ] ] } },
{ "type": "Feature", "properties": { "style": "solid", "thickness": 1 }, "geometry": { "type": "LineString", "coordinates": [ [ -81.07649975, 26.352706333333334 ], [ -81.077716638888887, 26.35420475 ] ] } },
{ "type": "Feature", "properties": { "style": "solid", "thickness": 1 }, "geometry": { "type": "LineString", "coordinates": [ [ -81.076690027777772, 26.353717138888889 ], [ -81.077560777777776, 26.354192027777778 ], [ -81.078548166666664, 26.353969388888892 ], [ -81.079067972222219, 26.353180972222223 ], [ -81.078812583333331, 26.352293305555555 ], [ -81.077933166666668, 26.351831638888889 ], [ -81.076950055555557, 26.352069111111113 ], [ -81.07644497222222, 26.35286525 ], [ -81.076690027777772, 26.353717138888889 ] ] } },
{ "type": "Feature", "properties": { "style": "solid", "thickness": 1 }, "geometry": { "type": "LineString", "coordinates": [ [ -81.06270002777778, 26.361692722222223 ], [ -81.06401672222222, 26.36331425 ] ] } },
{ "type": "Feature", "properties": { "style": "solid", "thickness": 1 }, "geometry": { "type": "LineString", "coordinates": [ [ -81.062175611111115, 26.361823472222223 ], [ -81.063719555555551, 26.363724888888889 ] ] } },
{ "type": "Feature", "properties": { "style": "solid", "thickness": 1 }, "geometry": { "type": "LineString", "coordinates": [ [ -81.061776611111114, 26.362108666666668 ], [ -81.063296972222219, 26.363981055555556 ] ] } },
{ "type": "Feature", "properties": { "style": "solid", "thickness": 1 }, "geometry": { "type": "LineString", "coordinates": [ [ -81.061525027777776, 26.362575444444445 ], [ -81.062741805555547, 26.364073972222222 ] ] } },
{ "type": "Feature", "properties": { "style": "solid", "thickness": 1 }, "geometry": { "type": "LineString", "coordinates": [ [ -81.061715194444446, 26.36358625 ], [ -81.062585944444436, 26.364061222222222 ], [ -81.063573444444444, 26.363838694444446 ], [ -81.064093388888892, 26.363050333333334 ], [ -81.06383811111111, 26.36216263888889 ], [ -81.06295866666666, 26.36170088888889 ], [ -81.061975444444442, 26.36193825 ], [ -81.061470222222226, 26.362734333333336 ], [ -81.061715194444446, 26.36358625 ] ] } },
{ "type": "Feature", "properties": { "style": "solid", "thickness": 1 }, "geometry": { "type": "LineString", "coordinates": [ [ -81.047723, 26.371560333333335 ], [ -81.049039555555552, 26.373182 ] ] } },
{ "type": "Feature", "properties": { "style": "solid", "thickness": 1 }, "geometry": { "type": "LineString", "coordinates": [ [ -81.0471985, 26.371691027777779 ], [ -81.048742333333337, 26.373592611111111 ] ] } },
{ "type": "Feature", "properties": { "style": "solid", "thickness": 1 }, "geometry": { "type": "LineString", "coordinates": [ [ -81.046799444444446, 26.371976194444446 ], [ -81.048319666666671, 26.37384875 ] ] } },
{ "type": "Feature", "properties": { "style": "solid", "thickness": 1 }, "geometry": { "type": "LineString", "coordinates": [ [ -81.04654775, 26.372442916666667 ], [ -81.047764444444439, 26.373941583333334 ] ] } },
{ "type": "Feature", "properties": { "style": "solid", "thickness": 1 }, "geometry": { "type": "LineString", "coordinates": [ [ -81.046737805555551, 26.37345377777778 ], [ -81.047608583333329, 26.373928833333334 ], [ -81.048596194444443, 26.373706388888888 ], [ -81.04911627777777, 26.372918111111112 ], [ -81.048861083333335, 26.372030388888888 ], [ -81.047981638888885, 26.371568527777779 ], [ -81.046998305555547, 26.371805805555557 ], [ -81.046492916666665, 26.372601833333334 ], [ -81.046737805555551, 26.37345377777778 ] ] } },
{ "type": "Feature", "properties": { "style": "solid", "thickness": 1 }, "geometry": { "type": "LineString", "coordinates": [ [ -81.032743416666662, 26.38142636111111 ], [ -81.034059888888891, 26.383048138888888 ] ] } },
{ "type": "Feature", "properties": { "style": "solid", "thickness": 1 }, "geometry": { "type": "LineString", "coordinates": [ [ -81.032218861111105, 26.381557 ], [ -81.033762583333328, 26.383458722222223 ] ] } },
{ "type": "Feature", "properties": { "style": "solid", "thickness": 1 }, "geometry": { "type": "LineString", "coordinates": [ [ -81.031819722222224, 26.381842111111112 ], [ -81.033339861111102, 26.383714805555556 ] ] } },
{ "type": "Feature", "properties": { "style": "solid", "thickness": 1 }, "geometry": { "type": "LineString", "coordinates": [ [ -81.03156797222222, 26.382308805555557 ], [ -81.032784583333338, 26.383807611111109 ] ] } },
{ "type": "Feature", "properties": { "style": "solid", "thickness": 1 }, "geometry": { "type": "LineString", "coordinates": [ [ -81.031757916666663, 26.383319666666669 ], [ -81.032628666666668, 26.383794833333333 ], [ -81.033616416666661, 26.3835725 ], [ -81.034136638888882, 26.38278425 ], [ -81.03388152777778, 26.3818965 ], [ -81.033002083333329, 26.381434555555558 ], [ -81.032018611111113, 26.38167175 ], [ -81.03151311111111, 26.382467694444443 ], [ -81.031757916666663, 26.383319666666669 ] ] } },
{ "type": "Feature", "properties": { "style": "solid", "thickness": 1 }, "geometry": { "type": "LineString", "coordinates": [ [ -81.017761305555553, 26.39129075 ], [ -81.019077694444448, 26.392912694444444 ] ] } },
{ "type": "Feature", "properties": { "style": "solid", "thickness": 1 }, "geometry": { "type": "LineString", "coordinates": [ [ -81.017236694444449, 26.391421333333334 ], [ -81.018780277777779, 26.393323222222222 ] ] } },
{ "type": "Feature", "properties": { "style": "solid", "thickness": 1 }, "geometry": { "type": "LineString", "coordinates": [ [ -81.016837472222221, 26.391706416666665 ], [ -81.0183575, 26.393579277777778 ] ] } },
{ "type": "Feature", "properties": { "style": "solid", "thickness": 1 }, "geometry": { "type": "LineString", "coordinates": [ [ -81.016585638888884, 26.392173083333333 ], [ -81.017802166666669, 26.393672 ] ] } },
{ "type": "Feature", "properties": { "style": "solid", "thickness": 1 }, "geometry": { "type": "LineString", "coordinates": [ [ -81.016775472222221, 26.393183972222221 ], [ -81.01764625, 26.393659222222222 ], [ -81.018634111111112, 26.393437 ], [ -81.019154472222226, 26.392648805555556 ], [ -81.018899472222216, 26.391761027777779 ], [ -81.01801997222222, 26.391299 ], [ -81.01703641666667, 26.391536055555555 ], [ -81.01653075, 26.392331972222223 ], [ -81.016775472222221, 26.393183972222221 ] ] } },
{ "type": "Feature", "properties": { "style": "solid", "thickness": 1 }, "geometry": { "type": "LineString", "coordinates": [ [ -81.002776666666662, 26.401153555555553 ], [ -81.004092944444452, 26.40277561111111 ] ] } },
{ "type": "Feature", "properties": { "style": "solid", "thickness": 1 }, "geometry": { "type": "LineString", "coordinates": [ [ -81.002252, 26.401284083333334 ], [ -81.003795472222222, 26.403186138888888 ] ] } },
{ "type": "Feature", "properties": { "style": "solid", "thickness": 1 }, "geometry": { "type": "LineString", "coordinates": [ [ -81.001852722222225, 26.401569111111108 ], [ -81.003372611111118, 26.403442138888888 ] ] } },
{ "type": "Feature", "properties": { "style": "solid", "thickness": 1 }, "geometry": { "type": "LineString", "coordinates": [ [ -81.001600805555555, 26.402035777777776 ], [ -81.00281722222222, 26.403534805555555 ] ] } },
{ "type": "Feature", "properties": { "style": "solid", "thickness": 1 }, "geometry": { "type": "LineString", "coordinates": [ [ -81.0017905, 26.403046666666665 ], [ -81.002661305555549, 26.403522 ], [ -81.00364925, 26.403299888888888 ], [ -81.004169777777776, 26.40251175 ], [ -81.003914861111113, 26.401623944444442 ], [ -81.003035361111117, 26.401161833333333 ], [ -81.002051694444447, 26.401398777777775 ], [ -81.001545888888884, 26.402194638888886 ], [ -81.0017905, 26.403046666666665 ] ] } },
{ "type": "Feature", "properties": { "style": "solid", "thickness": 1 }, "geometry": { "type": "LineString", "coordinates": [ [ -80.9877895, 26.41101475 ], [ -80.989105666666674, 26.412636944444444 ] ] } },
{ "type": "Feature", "properties": { "style": "solid", "thickness": 1 }, "geometry": { "type": "LineString", "coordinates": [ [ -80.987264777777781, 26.41114522222222 ], [ -80.988808111111112, 26.413047416666664 ] ] } },
{ "type": "Feature", "properties": { "style": "solid", "thickness": 1 }, "geometry": { "type": "LineString", "coordinates": [ [ -80.986865416666674, 26.411430222222222 ], [ -80.988385194444447, 26.413303361111108 ] ] } },
{ "type": "Feature", "properties": { "style": "solid", "thickness": 1 }, "geometry": { "type": "LineString", "coordinates": [ [ -80.986613416666671, 26.411896833333333 ], [ -80.98782975, 26.413395972222222 ] ] } },
{ "type": "Feature", "properties": { "style": "solid", "thickness": 1 }, "geometry": { "type": "LineString", "coordinates": [ [ -80.986803, 26.41290775 ], [ -80.987673805555559, 26.413383166666666 ], [ -80.988661888888885, 26.413161138888889 ], [ -80.989182555555558, 26.412373083333332 ], [ -80.988927722222229, 26.411485277777775 ], [ -80.988048222222218, 26.411023027777777 ], [ -80.987064444444442, 26.411259888888889 ], [ -80.986558472222228, 26.412055694444444 ], [ -80.986803, 26.41290775 ] ] } },
{ "type": "Feature", "properties": { "style": "solid", "thickness": 1 }, "geometry": { "type": "LineString", "coordinates": [ [ -80.972799805555553, 26.420874333333334 ], [ -80.974115888888889, 26.422496666666667 ] ] } },
{ "type": "Feature", "properties": { "style": "solid", "thickness": 1 }, "geometry": { "type": "LineString", "coordinates": [ [ -80.972275027777783, 26.42100475 ], [ -80.97381825, 26.422907111111112 ] ] } },
{ "type": "Feature", "properties": { "style": "solid", "thickness": 1 }, "geometry": { "type": "LineString", "coordinates": [ [ -80.971875583333329, 26.421289694444447 ], [ -80.97339525, 26.423163 ] ] } },
{ "type": "Feature", "properties": { "style": "solid", "thickness": 1 }, "geometry": { "type": "LineString", "coordinates": [ [ -80.9716235, 26.421756277777778 ], [ -80.97283975, 26.423255555555556 ] ] } },
{ "type": "Feature", "properties": { "style": "solid", "thickness": 1 }, "geometry": { "type": "LineString", "coordinates": [ [ -80.971813, 26.422767222222223 ], [ -80.972683805555562, 26.423242722222223 ], [ -80.97367197222222, 26.423020805555556 ], [ -80.974192777777773, 26.422232805555556 ], [ -80.973938055555564, 26.421344972222222 ], [ -80.973058555555554, 26.420882638888891 ], [ -80.972074638888884, 26.421119416666667 ], [ -80.971568555555564, 26.421915138888892 ], [ -80.971813, 26.422767222222223 ] ] } },
{ "type": "Feature", "properties": { "style": "solid", "thickness": 1 }, "geometry": { "type": "LineString", "coordinates": [ [ -80.957807583333334, 26.430732305555555 ], [ -80.959123555555564, 26.43235475 ] ] } },
{ "type": "Feature", "properties": { "style": "solid", "thickness": 1 }, "geometry": { "type": "LineString", "coordinates": [ [ -80.957282722222232, 26.430862666666666 ], [ -80.958825833333336, 26.432765166666666 ] ] } },
{ "type": "Feature", "properties": { "style": "solid", "thickness": 1 }, "geometry": { "type": "LineString", "coordinates": [ [ -80.956883222222231, 26.431147555555558 ], [ -80.958402777777778, 26.43302102777778 ] ] } },
{ "type": "Feature", "properties": { "style": "solid", "thickness": 1 }, "geometry": { "type": "LineString", "coordinates": [ [ -80.956631055555562, 26.431614138888889 ], [ -80.95784719444444, 26.433113527777778 ] ] } },
{ "type": "Feature", "properties": { "style": "solid", "thickness": 1 }, "geometry": { "type": "LineString", "coordinates": [ [ -80.956820416666673, 26.432625055555558 ], [ -80.95769125, 26.433100666666668 ], [ -80.958679555555563, 26.432878861111114 ], [ -80.9592005, 26.432090916666667 ], [ -80.958945861111118, 26.431203055555557 ], [ -80.958066333333335, 26.430740638888889 ], [ -80.957082333333332, 26.430977305555558 ], [ -80.956576083333331, 26.431772972222223 ], [ -80.956820416666673, 26.432625055555558 ] ] } },
{ "type": "Feature", "properties": { "style": "solid", "thickness": 1 }, "geometry": { "type": "LineString", "coordinates": [ [ -80.942812805555562, 26.44058863888889 ], [ -80.944128694444444, 26.44221125 ] ] } },
{ "type": "Feature", "properties": { "style": "solid", "thickness": 1 }, "geometry": { "type": "LineString", "coordinates": [ [ -80.942287916666672, 26.440718944444445 ], [ -80.943830888888897, 26.442621638888888 ] ] } },
{ "type": "Feature", "properties": { "style": "solid", "thickness": 1 }, "geometry": { "type": "LineString", "coordinates": [ [ -80.941888333333338, 26.441003805555557 ], [ -80.943407777777779, 26.442877444444445 ] ] } },
{ "type": "Feature", "properties": { "style": "solid", "thickness": 1 }, "geometry": { "type": "LineString", "coordinates": [ [ -80.941636083333336, 26.441470361111111 ], [ -80.942852138888895, 26.442969888888889 ] ] } },
{ "type": "Feature", "properties": { "style": "solid", "thickness": 1 }, "geometry": { "type": "LineString", "coordinates": [ [ -80.941825333333341, 26.442481305555557 ], [ -80.942696166666664, 26.442957 ], [ -80.943684583333336, 26.442735305555555 ], [ -80.944205666666676, 26.441947416666668 ], [ -80.943951138888892, 26.441059527777778 ], [ -80.943071583333335, 26.440597027777777 ], [ -80.942087472222227, 26.440833583333333 ], [ -80.941581083333332, 26.441629222222222 ], [ -80.941825333333341, 26.442481305555557 ] ] } },
{ "type": "Feature", "properties": { "style": "solid", "thickness": 1 }, "geometry": { "type": "LineString", "coordinates": [ [ -80.927815527777781, 26.450443388888889 ], [ -80.929131277777785, 26.452066138888888 ] ] } },
{ "type": "Feature", "properties": { "style": "solid", "thickness": 1 }, "geometry": { "type": "LineString", "coordinates": [ [ -80.927290555555558, 26.450573638888887 ], [ -80.928833416666677, 26.452476472222223 ] ] } },
{ "type": "Feature", "properties": { "style": "solid", "thickness": 1 }, "geometry": { "type": "LineString", "coordinates": [ [ -80.926890916666665, 26.450858472222222 ], [ -80.928410222222226, 26.45273225 ] ] } },
{ "type": "Feature", "properties": { "style": "solid", "thickness": 1 }, "geometry": { "type": "LineString", "coordinates": [ [ -80.926638583333343, 26.451324972222221 ], [ -80.927854527777782, 26.452824611111112 ] ] } },
{ "type": "Feature", "properties": { "style": "solid", "thickness": 1 }, "geometry": { "type": "LineString", "coordinates": [ [ -80.926827722222228, 26.452335944444442 ], [ -80.927698555555565, 26.452811722222222 ], [ -80.928687083333344, 26.452590138888887 ], [ -80.929208333333335, 26.451802305555553 ], [ -80.928953888888898, 26.450914388888886 ], [ -80.928074333333342, 26.450451805555556 ], [ -80.92709008333334, 26.45068825 ], [ -80.926583555555567, 26.451483805555554 ], [ -80.926827722222228, 26.452335944444442 ] ] } },
{ "type": "Feature", "properties": { "style": "solid", "thickness": 1 }, "geometry": { "type": "LineString", "coordinates": [ [ -80.912815694444447, 26.460296527777778 ], [ -80.914131361111117, 26.461919388888887 ] ] } },
{ "type": "Feature", "properties": { "style": "solid", "thickness": 1 }, "geometry": { "type": "LineString", "coordinates": [ [ -80.912290666666678, 26.46042672222222 ], [ -80.913833416666677, 26.462329694444445 ] ] } },
{ "type": "Feature", "properties": { "style": "solid", "thickness": 1 }, "geometry": { "type": "LineString", "coordinates": [ [ -80.911890944444451, 26.4607115 ], [ -80.913410138888892, 26.462585416666666 ] ] } },
{ "type": "Feature", "properties": { "style": "solid", "thickness": 1 }, "geometry": { "type": "LineString", "coordinates": [ [ -80.911638555555555, 26.46117797222222 ], [ -80.912854416666676, 26.46267775 ] ] } },
{ "type": "Feature", "properties": { "style": "solid", "thickness": 1 }, "geometry": { "type": "LineString", "coordinates": [ [ -80.911827555555561, 26.462188972222222 ], [ -80.912698416666672, 26.462664833333331 ], [ -80.913687055555556, 26.462443361111109 ], [ -80.914208444444455, 26.461655555555556 ], [ -80.913954083333337, 26.460767638888889 ], [ -80.913074527777781, 26.460304944444445 ], [ -80.912090166666673, 26.460541277777779 ], [ -80.9115835, 26.461336805555554 ], [ -80.911827555555561, 26.462188972222222 ] ] } },
{ "type": "Feature", "properties": { "style": "solid", "thickness": 1 }, "geometry": { "type": "LineString", "coordinates": [ [ -80.897813333333346, 26.470148027777775 ], [ -80.899128888888896, 26.471771027777777 ] ] } },
{ "type": "Feature", "properties": { "style": "solid", "thickness": 1 }, "geometry": { "type": "LineString", "coordinates": [ [ -80.89728825, 26.470278166666667 ], [ -80.898830888888895, 26.472181305555555 ] ] } },
{ "type": "Feature", "properties": { "style": "solid", "thickness": 1 }, "geometry": { "type": "LineString", "coordinates": [ [ -80.89688847222223, 26.470562888888889 ], [ -80.898407555555565, 26.472437 ] ] } },
{ "type": "Feature", "properties": { "style": "solid", "thickness": 1 }, "geometry": { "type": "LineString", "coordinates": [ [ -80.896635972222228, 26.47102936111111 ], [ -80.89785175, 26.47252925 ] ] } },
{ "type": "Feature", "properties": { "style": "solid", "thickness": 1 }, "geometry": { "type": "LineString", "coordinates": [ [ -80.896824888888901, 26.472040361111109 ], [ -80.897695750000011, 26.472516333333331 ], [ -80.898684472222229, 26.472294944444442 ], [ -80.89920602777778, 26.471507222222222 ], [ -80.898951777777782, 26.47061925 ], [ -80.898072194444453, 26.470156472222222 ], [ -80.897087722222224, 26.470392722222222 ], [ -80.896580888888892, 26.471188194444444 ], [ -80.896824888888901, 26.472040361111109 ] ] } },
{ "type": "Feature", "properties": { "style": "solid", "thickness": 1 }, "geometry": { "type": "LineString", "coordinates": [ [ -80.882808444444436, 26.479997916666665 ], [ -80.884123916666667, 26.481621055555554 ] ] } },
{ "type": "Feature", "properties": { "style": "solid", "thickness": 1 }, "geometry": { "type": "LineString", "coordinates": [ [ -80.882283305555546, 26.480128 ], [ -80.88382580555556, 26.482031305555555 ] ] } },
{ "type": "Feature", "properties": { "style": "solid", "thickness": 1 }, "geometry": { "type": "LineString", "coordinates": [ [ -80.881883444444441, 26.480412694444443 ], [ -80.883402388888896, 26.482286944444443 ] ] } },
{ "type": "Feature", "properties": { "style": "solid", "thickness": 1 }, "geometry": { "type": "LineString", "coordinates": [ [ -80.881630861111105, 26.480879111111108 ], [ -80.882846527777772, 26.482379138888888 ] ] } },
{ "type": "Feature", "properties": { "style": "solid", "thickness": 1 }, "geometry": { "type": "LineString", "coordinates": [ [ -80.881819666666658, 26.481890138888886 ], [ -80.882690527777768, 26.482366194444442 ], [ -80.883679388888893, 26.482144916666666 ], [ -80.884201055555565, 26.48135725 ], [ -80.883946916666673, 26.480469277777775 ], [ -80.883067305555542, 26.480006388888889 ], [ -80.882082722222222, 26.480242527777776 ], [ -80.88157575, 26.481037944444441 ], [ -80.881819666666658, 26.481890138888886 ] ] } },
{ "type": "Feature", "properties": { "style": "solid", "thickness": 1 }, "geometry": { "type": "LineString", "coordinates": [ [ -80.867801027777773, 26.489846194444446 ], [ -80.869116388888884, 26.491469472222224 ] ] } },
{ "type": "Feature", "properties": { "style": "solid", "thickness": 1 }, "geometry": { "type": "LineString", "coordinates": [ [ -80.867275805555551, 26.489976222222221 ], [ -80.868818194444444, 26.491879666666669 ] ] } },
{ "type": "Feature", "properties": { "style": "solid", "thickness": 1 }, "geometry": { "type": "LineString", "coordinates": [ [ -80.866875888888885, 26.490260861111111 ], [ -80.86839472222222, 26.49213525 ] ] } },
{ "type": "Feature", "properties": { "style": "solid", "thickness": 1 }, "geometry": { "type": "LineString", "coordinates": [ [ -80.866623222222216, 26.49072725 ], [ -80.86783880555555, 26.492227388888889 ] ] } },
{ "type": "Feature", "properties": { "style": "solid", "thickness": 1 }, "geometry": { "type": "LineString", "coordinates": [ [ -80.866811888888876, 26.491738305555558 ], [ -80.867682777777773, 26.492214444444446 ], [ -80.86867175, 26.49199327777778 ], [ -80.869193583333328, 26.491205666666669 ], [ -80.868939527777769, 26.490317666666666 ], [ -80.868059916666667, 26.489854694444446 ], [ -80.867075222222212, 26.490090722222224 ], [ -80.866568083333334, 26.490886083333333 ], [ -80.866811888888876, 26.491738305555558 ] ] } },
{ "type": "Feature", "properties": { "style": "solid", "thickness": 1 }, "geometry": { "type": "LineString", "coordinates": [ [ -80.852791055555556, 26.499692833333334 ], [ -80.854106305555547, 26.50131625 ] ] } },
{ "type": "Feature", "properties": { "style": "solid", "thickness": 1 }, "geometry": { "type": "LineString", "coordinates": [ [ -80.852265777777774, 26.499822805555556 ], [ -80.853808055555547, 26.501726416666667 ] ] } },
{ "type": "Feature", "properties": { "style": "solid", "thickness": 1 }, "geometry": { "type": "LineString", "coordinates": [ [ -80.851865805555548, 26.500107416666665 ], [ -80.853384527777777, 26.501981972222222 ] ] } },
{ "type": "Feature", "properties": { "style": "solid", "thickness": 1 }, "geometry": { "type": "LineString", "coordinates": [ [ -80.851613055555546, 26.500573777777777 ], [ -80.852828527777774, 26.502074055555557 ] ] } },
{ "type": "Feature", "properties": { "style": "solid", "thickness": 1 }, "geometry": { "type": "LineString", "coordinates": [ [ -80.8518016111111, 26.501584833333332 ], [ -80.8526725, 26.502061083333334 ], [ -80.853661583333334, 26.50184 ], [ -80.854183555555551, 26.501052472222224 ], [ -80.853929583333326, 26.500164416666667 ], [ -80.853049972222223, 26.499701388888891 ], [ -80.852065166666662, 26.499937305555555 ], [ -80.851557888888877, 26.500732583333335 ], [ -80.8518016111111, 26.501584833333332 ] ] } },
{ "type": "Feature", "properties": { "style": "solid", "thickness": 1 }, "geometry": { "type": "LineString", "coordinates": [ [ -80.837778555555545, 26.509537861111109 ], [ -80.839093722222216, 26.511161416666667 ] ] } },
{ "type": "Feature", "properties": { "style": "solid", "thickness": 1 }, "geometry": { "type": "LineString", "coordinates": [ [ -80.837253222222216, 26.509667777777778 ], [ -80.838795388888883, 26.511571555555555 ] ] } },
{ "type": "Feature", "properties": { "style": "solid", "thickness": 1 }, "geometry": { "type": "LineString", "coordinates": [ [ -80.836853166666657, 26.509952333333334 ], [ -80.838371777777766, 26.511827055555557 ] ] } },
{ "type": "Feature", "properties": { "style": "solid", "thickness": 1 }, "geometry": { "type": "LineString", "coordinates": [ [ -80.83660036111111, 26.510418694444443 ], [ -80.837815722222217, 26.511919083333332 ] ] } },
{ "type": "Feature", "properties": { "style": "solid", "thickness": 1 }, "geometry": { "type": "LineString", "coordinates": [ [ -80.83678877777777, 26.51142975 ], [ -80.83765969444444, 26.511906083333333 ], [ -80.83864886111111, 26.51168513888889 ], [ -80.839171, 26.510897638888888 ], [ -80.838917111111101, 26.510009583333332 ], [ -80.8380375, 26.509546444444446 ], [ -80.837052583333332, 26.50978225 ], [ -80.836545166666667, 26.5105775 ], [ -80.83678877777777, 26.51142975 ] ] } },
{ "type": "Feature", "properties": { "style": "solid", "thickness": 1 }, "geometry": { "type": "LineString", "coordinates": [ [ -80.822763527777781, 26.519381277777775 ], [ -80.824078583333332, 26.521004944444442 ] ] } },
{ "type": "Feature", "properties": { "style": "solid", "thickness": 1 }, "geometry": { "type": "LineString", "coordinates": [ [ -80.822238138888892, 26.519511138888888 ], [ -80.823780166666666, 26.521415055555554 ] ] } },
{ "type": "Feature", "properties": { "style": "solid", "thickness": 1 }, "geometry": { "type": "LineString", "coordinates": [ [ -80.821838, 26.519795638888887 ], [ -80.8233565, 26.5216705 ] ] } },
{ "type": "Feature", "properties": { "style": "solid", "thickness": 1 }, "geometry": { "type": "LineString", "coordinates": [ [ -80.821585111111105, 26.520261972222222 ], [ -80.822800388888879, 26.521762472222221 ] ] } },
{ "type": "Feature", "properties": { "style": "solid", "thickness": 1 }, "geometry": { "type": "LineString", "coordinates": [ [ -80.821773416666659, 26.521273055555554 ], [ -80.822644333333329, 26.521749472222222 ], [ -80.823633638888879, 26.521528611111112 ], [ -80.824155888888882, 26.520741166666667 ], [ -80.823902138888883, 26.519853111111111 ], [ -80.82302247222222, 26.519389861111112 ], [ -80.822037444444447, 26.519625583333333 ], [ -80.82152988888889, 26.52042075 ], [ -80.821773416666659, 26.521273055555554 ] ] } },
{ "type": "Feature", "properties": { "style": "solid", "thickness": 1 }, "geometry": { "type": "LineString", "coordinates": [ [ -80.806338805555555, 26.53002475 ], [ -80.807642166666668, 26.531656083333331 ] ] } },
{ "type": "Feature", "properties": { "style": "solid", "thickness": 1 }, "geometry": { "type": "LineString", "coordinates": [ [ -80.805812444444442, 26.530151527777775 ], [ -80.807340777777782, 26.532064444444444 ] ] } },
{ "type": "Feature", "properties": { "style": "solid", "thickness": 1 }, "geometry": { "type": "LineString", "coordinates": [ [ -80.805410222222221, 26.530433694444444 ], [ -80.806915222222216, 26.532317416666665 ] ] } },
{ "type": "Feature", "properties": { "style": "solid", "thickness": 1 }, "geometry": { "type": "LineString", "coordinates": [ [ -80.805153916666669, 26.5308985 ], [ -80.806358416666669, 26.532406111111111 ] ] } },
{ "type": "Feature", "properties": { "style": "solid", "thickness": 1 }, "geometry": { "type": "LineString", "coordinates": [ [ -80.805334916666666, 26.531910666666665 ], [ -80.806202444444438, 26.532392194444444 ], [ -80.807193388888891, 26.532177138888887 ], [ -80.807721416666666, 26.531392777777778 ], [ -80.807474055555559, 26.53050325 ], [ -80.806597722222222, 26.530034861111112 ], [ -80.805610916666666, 26.530264777777777 ], [ -80.805097555555548, 26.53105697222222 ], [ -80.805334916666666, 26.531910666666665 ] ] } },
{ "type": "Feature", "properties": { "style": "solid", "thickness": 1 }, "geometry": { "type": "LineString", "coordinates": [ [ -80.791248861111114, 26.539778194444445 ], [ -80.792552138888894, 26.541409666666667 ] ] } },
{ "type": "Feature", "properties": { "style": "solid", "thickness": 1 }, "geometry": { "type": "LineString", "coordinates": [ [ -80.790722444444441, 26.539904888888891 ], [ -80.792250638888888, 26.541817972222223 ] ] } },
{ "type": "Feature", "properties": { "style": "solid", "thickness": 1 }, "geometry": { "type": "LineString", "coordinates": [ [ -80.790320138888887, 26.54018702777778 ], [ -80.791825027777776, 26.54207088888889 ] ] } },
{ "type": "Feature", "properties": { "style": "solid", "thickness": 1 }, "geometry": { "type": "LineString", "coordinates": [ [ -80.790063777777775, 26.540651805555559 ], [ -80.791268166666669, 26.54215952777778 ] ] } },
{ "type": "Feature", "properties": { "style": "solid", "thickness": 1 }, "geometry": { "type": "LineString", "coordinates": [ [ -80.790244638888893, 26.541664 ], [ -80.791112166666665, 26.542145611111113 ], [ -80.79210325, 26.541930666666669 ], [ -80.792631416666666, 26.541146361111114 ], [ -80.792384138888892, 26.540256805555558 ], [ -80.791507777777781, 26.539788333333334 ], [ -80.790520888888892, 26.54001813888889 ], [ -80.790007361111108, 26.54081027777778 ], [ -80.790244638888893, 26.541664 ] ] } },
{ "type": "Feature", "properties": { "style": "solid", "thickness": 1 }, "geometry": { "type": "LineString", "coordinates": [ [ -80.776156388888893, 26.549529972222224 ], [ -80.777459555555552, 26.551161583333332 ] ] } },
{ "type": "Feature", "properties": { "style": "solid", "thickness": 1 }, "geometry": { "type": "LineString", "coordinates": [ [ -80.775629916666659, 26.549656638888891 ], [ -80.777158, 26.551569888888888 ] ] } },
{ "type": "Feature", "properties": { "style": "solid", "thickness": 1 }, "geometry": { "type": "LineString", "coordinates": [ [ -80.77522755555556, 26.549938722222223 ], [ -80.776732305555555, 26.55182275 ] ] } },
{ "type": "Feature", "properties": { "style": "solid", "thickness": 1 }, "geometry": { "type": "LineString", "coordinates": [ [ -80.774971083333327, 26.550403472222222 ], [ -80.776175388888888, 26.551911333333333 ] ] } },
{ "type": "Feature", "properties": { "style": "solid", "thickness": 1 }, "geometry": { "type": "LineString", "coordinates": [ [ -80.775151861111112, 26.551415666666667 ], [ -80.776019388888884, 26.551897361111113 ], [ -80.777010555555549, 26.551682527777778 ], [ -80.777538888888884, 26.550898305555556 ], [ -80.777291722222216, 26.550008722222223 ], [ -80.776415333333333, 26.54954013888889 ], [ -80.77542830555555, 26.549769861111113 ], [ -80.77491466666666, 26.550561944444446 ], [ -80.775151861111112, 26.551415666666667 ] ] } },
{ "type": "Feature", "properties": { "style": "solid", "thickness": 1 }, "geometry": { "type": "LineString", "coordinates": [ [ -80.761061416666664, 26.559280138888891 ], [ -80.762364444444444, 26.560911861111112 ] ] } },
{ "type": "Feature", "properties": { "style": "solid", "thickness": 1 }, "geometry": { "type": "LineString", "coordinates": [ [ -80.760534861111111, 26.559406722222224 ], [ -80.762062805555558, 26.561320138888888 ] ] } },
{ "type": "Feature", "properties": { "style": "solid", "thickness": 1 }, "geometry": { "type": "LineString", "coordinates": [ [ -80.760132416666664, 26.559688777777779 ], [ -80.761637055555553, 26.561572944444446 ] ] } },
{ "type": "Feature", "properties": { "style": "solid", "thickness": 1 }, "geometry": { "type": "LineString", "coordinates": [ [ -80.759875888888885, 26.5601535 ], [ -80.76108008333334, 26.561661472222223 ] ] } },
{ "type": "Feature", "properties": { "style": "solid", "thickness": 1 }, "geometry": { "type": "LineString", "coordinates": [ [ -80.760056527777778, 26.561165722222224 ], [ -80.760924083333336, 26.5616475 ], [ -80.761915361111107, 26.561432777777778 ], [ -80.762443805555549, 26.560648583333332 ], [ -80.76219675, 26.559758972222223 ], [ -80.761320361111117, 26.559290333333333 ], [ -80.760333222222229, 26.559519944444446 ], [ -80.759819444444446, 26.560311944444447 ], [ -80.760056527777778, 26.561165722222224 ] ] } },
{ "type": "Feature", "properties": { "style": "solid", "thickness": 1 }, "geometry": { "type": "LineString", "coordinates": [ [ -80.745963888888895, 26.569028638888888 ], [ -80.747266833333327, 26.570660527777779 ] ] } },
{ "type": "Feature", "properties": { "style": "solid", "thickness": 1 }, "geometry": { "type": "LineString", "coordinates": [ [ -80.745437277777782, 26.569155194444445 ], [ -80.746965111111109, 26.571068722222222 ] ] } },
{ "type": "Feature", "properties": { "style": "solid", "thickness": 1 }, "geometry": { "type": "LineString", "coordinates": [ [ -80.745034777777775, 26.569437166666667 ], [ -80.746539277777785, 26.5713215 ] ] } },
{ "type": "Feature", "properties": { "style": "solid", "thickness": 1 }, "geometry": { "type": "LineString", "coordinates": [ [ -80.74477813888889, 26.569901861111109 ], [ -80.74598225, 26.571409972222224 ] ] } },
{ "type": "Feature", "properties": { "style": "solid", "thickness": 1 }, "geometry": { "type": "LineString", "coordinates": [ [ -80.744958666666662, 26.570914111111112 ], [ -80.74582622222222, 26.571395972222223 ], [ -80.746817638888885, 26.571181361111112 ], [ -80.74734622222222, 26.57039725 ], [ -80.74709925, 26.56950761111111 ], [ -80.746222861111107, 26.56903886111111 ], [ -80.745235611111113, 26.56926836111111 ], [ -80.744721666666663, 26.570060333333334 ], [ -80.744958666666662, 26.570914111111112 ] ] } },
{ "type": "Feature", "properties": { "style": "solid", "thickness": 1 }, "geometry": { "type": "LineString", "coordinates": [ [ -80.730863833333331, 26.5787755 ], [ -80.732166666666672, 26.5804075 ] ] } },
{ "type": "Feature", "properties": { "style": "solid", "thickness": 1 }, "geometry": { "type": "LineString", "coordinates": [ [ -80.730337166666672, 26.578902 ], [ -80.73186486111112, 26.580815694444443 ] ] } },
{ "type": "Feature", "properties": { "style": "solid", "thickness": 1 }, "geometry": { "type": "LineString", "coordinates": [ [ -80.729934611111119, 26.579183944444445 ], [ -80.731438972222222, 26.581068416666668 ] ] } },
{ "type": "Feature", "properties": { "style": "solid", "thickness": 1 }, "geometry": { "type": "LineString", "coordinates": [ [ -80.729677888888887, 26.579648611111111 ], [ -80.730881888888888, 26.581156833333335 ] ] } },
{ "type": "Feature", "properties": { "style": "solid", "thickness": 1 }, "geometry": { "type": "LineString", "coordinates": [ [ -80.729858305555553, 26.580660861111109 ], [ -80.730725861111111, 26.581142805555555 ], [ -80.731717361111109, 26.580928305555556 ], [ -80.73224611111111, 26.58014425 ], [ -80.73199925, 26.579254583333334 ], [ -80.73112283333333, 26.57878575 ], [ -80.73013547222223, 26.579015138888888 ], [ -80.729621388888887, 26.579807055555555 ], [ -80.729858305555553, 26.580660861111109 ] ] } },
{ "type": "Feature", "properties": { "style": "solid", "thickness": 1 }, "geometry": { "type": "LineString", "coordinates": [ [ -80.715761277777787, 26.588520722222221 ], [ -80.717064, 26.590152861111111 ] ] } },
{ "type": "Feature", "properties": { "style": "solid", "thickness": 1 }, "geometry": { "type": "LineString", "coordinates": [ [ -80.715234527777781, 26.588647138888888 ], [ -80.716762111111109, 26.590561 ] ] } },
{ "type": "Feature", "properties": { "style": "solid", "thickness": 1 }, "geometry": { "type": "LineString", "coordinates": [ [ -80.714831888888895, 26.588929055555553 ], [ -80.716336138888892, 26.590813694444442 ] ] } },
{ "type": "Feature", "properties": { "style": "solid", "thickness": 1 }, "geometry": { "type": "LineString", "coordinates": [ [ -80.714575111111117, 26.589393694444443 ], [ -80.715779, 26.590902027777776 ] ] } },
{ "type": "Feature", "properties": { "style": "solid", "thickness": 1 }, "geometry": { "type": "LineString", "coordinates": [ [ -80.714755388888889, 26.590405944444445 ], [ -80.715622972222221, 26.590888 ], [ -80.716614583333339, 26.590673611111111 ], [ -80.717143472222219, 26.589889611111111 ], [ -80.716896694444443, 26.588999916666666 ], [ -80.716020277777787, 26.588531 ], [ -80.715032805555552, 26.588760277777777 ], [ -80.71451858333333, 26.589552111111111 ], [ -80.714755388888889, 26.590405944444445 ] ] } },
{ "type": "Feature", "properties": { "style": "solid", "thickness": 1 }, "geometry": { "type": "LineString", "coordinates": [ [ -80.700656166666676, 26.598264277777776 ], [ -80.701958777777776, 26.599896555555553 ] ] } },
{ "type": "Feature", "properties": { "style": "solid", "thickness": 1 }, "geometry": { "type": "LineString", "coordinates": [ [ -80.700129388888897, 26.598390666666667 ], [ -80.701656833333331, 26.60030466666667 ] ] } },
{ "type": "Feature", "properties": { "style": "solid", "thickness": 1 }, "geometry": { "type": "LineString", "coordinates": [ [ -80.699726666666677, 26.5986725 ], [ -80.701230777777781, 26.600557305555558 ] ] } },
{ "type": "Feature", "properties": { "style": "solid", "thickness": 1 }, "geometry": { "type": "LineString", "coordinates": [ [ -80.699469777777779, 26.599137111111109 ], [ -80.700673583333341, 26.600645583333336 ] ] } },
{ "type": "Feature", "properties": { "style": "solid", "thickness": 1 }, "geometry": { "type": "LineString", "coordinates": [ [ -80.699649944444445, 26.600149388888891 ], [ -80.700517527777777, 26.600631555555555 ], [ -80.70150925, 26.60041725 ], [ -80.702038305555561, 26.599633305555553 ], [ -80.701791638888892, 26.598743611111111 ], [ -80.700915194444448, 26.598274583333332 ], [ -80.699927611111121, 26.598503777777776 ], [ -80.69941325, 26.599295555555553 ], [ -80.699649944444445, 26.600149388888891 ] ] } },
{ "type": "Feature", "properties": { "style": "solid", "thickness": 1 }, "geometry": { "type": "LineString", "coordinates": [ [ -80.685548527777783, 26.608006194444446 ], [ -80.686851055555564, 26.609638611111112 ] ] } },
{ "type": "Feature", "properties": { "style": "solid", "thickness": 1 }, "geometry": { "type": "LineString", "coordinates": [ [ -80.685021694444444, 26.6081325 ], [ -80.686549, 26.610046694444446 ] ] } },
{ "type": "Feature", "properties": { "style": "solid", "thickness": 1 }, "geometry": { "type": "LineString", "coordinates": [ [ -80.684618888888892, 26.608414333333336 ], [ -80.686122888888889, 26.610299277777781 ] ] } },
{ "type": "Feature", "properties": { "style": "solid", "thickness": 1 }, "geometry": { "type": "LineString", "coordinates": [ [ -80.684361944444447, 26.608878916666669 ], [ -80.685565638888889, 26.6103875 ] ] } },
{ "type": "Feature", "properties": { "style": "solid", "thickness": 1 }, "geometry": { "type": "LineString", "coordinates": [ [ -80.684542, 26.609891194444447 ], [ -80.685409583333339, 26.610373444444445 ], [ -80.686401416666669, 26.61015925 ], [ -80.686930611111109, 26.609375361111113 ], [ -80.686684027777787, 26.60848563888889 ], [ -80.685807583333343, 26.608016527777778 ], [ -80.684819916666669, 26.608245611111112 ], [ -80.684305361111115, 26.609037333333333 ], [ -80.684542, 26.609891194444447 ] ] } },
{ "type": "Feature", "properties": { "style": "solid", "thickness": 1 }, "geometry": { "type": "LineString", "coordinates": [ [ -80.670438388888897, 26.617746444444446 ], [ -80.671740777777785, 26.619379 ] ] } },
{ "type": "Feature", "properties": { "style": "solid", "thickness": 1 }, "geometry": { "type": "LineString", "coordinates": [ [ -80.669911472222225, 26.617872722222224 ], [ -80.671438666666674, 26.619787055555555 ] ] } },
{ "type": "Feature", "properties": { "style": "solid", "thickness": 1 }, "geometry": { "type": "LineString", "coordinates": [ [ -80.669508611111112, 26.618154472222223 ], [ -80.67101247222223, 26.620039583333334 ] ] } },
{ "type": "Feature", "properties": { "style": "solid", "thickness": 1 }, "geometry": { "type": "LineString", "coordinates": [ [ -80.669251583333335, 26.618619027777779 ], [ -80.67045516666667, 26.62012775 ] ] } },
{ "type": "Feature", "properties": { "style": "solid", "thickness": 1 }, "geometry": { "type": "LineString", "coordinates": [ [ -80.6694315, 26.619631333333334 ], [ -80.67029911111112, 26.620113666666668 ], [ -80.671291055555557, 26.619899583333332 ], [ -80.671820388888889, 26.619115777777779 ], [ -80.671573888888901, 26.61822602777778 ], [ -80.670697444444443, 26.617756805555555 ], [ -80.669709638888889, 26.617985777777779 ], [ -80.669194972222229, 26.618777444444444 ], [ -80.6694315, 26.619631333333334 ] ] } },
{ "type": "Feature", "properties": { "style": "solid", "thickness": 1 }, "geometry": { "type": "LineString", "coordinates": [ [ -81.048584194444445, 26.936842305555555 ], [ -81.050698555555556, 26.936175916666667 ] ] } },
{ "type": "Feature", "properties": { "style": "solid", "thickness": 1 }, "geometry": { "type": "LineString", "coordinates": [ [ -81.048571416666661, 26.937332305555557 ], [ -81.051050694444442, 26.936550861111112 ] ] } },
{ "type": "Feature", "properties": { "style": "solid", "thickness": 1 }, "geometry": { "type": "LineString", "coordinates": [ [ -81.048760027777774, 26.937758833333334 ], [ -81.051201472222218, 26.936989333333333 ] ] } },
{ "type": "Feature", "properties": { "style": "solid", "thickness": 1 }, "geometry": { "type": "LineString", "coordinates": [ [ -81.049185361111114, 26.93811075 ], [ -81.051139333333325, 26.937494861111112 ] ] } },
{ "type": "Feature", "properties": { "style": "solid", "thickness": 1 }, "geometry": { "type": "LineString", "coordinates": [ [ -81.050320138888893, 26.938239055555556 ], [ -81.051080444444437, 26.937625583333332 ], [ -81.051129777777774, 26.93670975 ], [ -81.050439, 26.936033472222224 ], [ -81.049416833333325, 26.935996916666667 ], [ -81.048668083333325, 26.936621694444444 ], [ -81.048635833333336, 26.93753811111111 ], [ -81.049339138888882, 26.938203944444446 ], [ -81.050320138888893, 26.938239055555556 ] ] } },
{ "type": "Feature", "properties": { "style": "solid", "thickness": 1 }, "geometry": { "type": "LineString", "coordinates": [ [ -81.054771, 26.952608833333333 ], [ -81.056885583333326, 26.951942333333331 ] ] } },
{ "type": "Feature", "properties": { "style": "solid", "thickness": 1 }, "geometry": { "type": "LineString", "coordinates": [ [ -81.054758222222219, 26.953098833333332 ], [ -81.057237833333332, 26.952317277777777 ] ] } },
{ "type": "Feature", "properties": { "style": "solid", "thickness": 1 }, "geometry": { "type": "LineString", "coordinates": [ [ -81.054946888888892, 26.953525333333332 ], [ -81.057388638888881, 26.952755722222221 ] ] } },
{ "type": "Feature", "properties": { "style": "solid", "thickness": 1 }, "geometry": { "type": "LineString", "coordinates": [ [ -81.055372305555551, 26.953877222222221 ], [ -81.057326527777775, 26.953261277777777 ] ] } },
{ "type": "Feature", "properties": { "style": "solid", "thickness": 1 }, "geometry": { "type": "LineString", "coordinates": [ [ -81.05650725, 26.9540055 ], [ -81.057267611111115, 26.953392 ], [ -81.057316916666664, 26.952476166666667 ], [ -81.056626, 26.951799916666666 ], [ -81.055603694444443, 26.951763388888889 ], [ -81.054854888888883, 26.952388194444445 ], [ -81.054822666666666, 26.953304638888888 ], [ -81.055526111111107, 26.953970416666667 ], [ -81.05650725, 26.9540055 ] ] } },
{ "type": "Feature", "properties": { "style": "solid", "thickness": 1 }, "geometry": { "type": "LineString", "coordinates": [ [ -81.060959472222223, 26.968375027777775 ], [ -81.063074333333333, 26.967708444444444 ] ] } },
{ "type": "Feature", "properties": { "style": "solid", "thickness": 1 }, "geometry": { "type": "LineString", "coordinates": [ [ -81.060946722222226, 26.968865027777777 ], [ -81.063426611111112, 26.968083388888886 ] ] } },
{ "type": "Feature", "properties": { "style": "solid", "thickness": 1 }, "geometry": { "type": "LineString", "coordinates": [ [ -81.061135444444446, 26.969291527777777 ], [ -81.063577472222221, 26.96852183333333 ] ] } },
{ "type": "Feature", "properties": { "style": "solid", "thickness": 1 }, "geometry": { "type": "LineString", "coordinates": [ [ -81.061560944444437, 26.969643388888887 ], [ -81.063515388888888, 26.969027388888886 ] ] } },
{ "type": "Feature", "properties": { "style": "solid", "thickness": 1 }, "geometry": { "type": "LineString", "coordinates": [ [ -81.062696027777775, 26.96977161111111 ], [ -81.063456472222214, 26.969158083333333 ], [ -81.06350575, 26.968242277777776 ], [ -81.062814694444441, 26.967566055555555 ], [ -81.061792222222223, 26.967529555555554 ], [ -81.061043361111103, 26.968154388888887 ], [ -81.06101116666666, 26.969070833333333 ], [ -81.06171475, 26.969736583333333 ], [ -81.062696027777775, 26.96977161111111 ] ] } },
{ "type": "Feature", "properties": { "style": "solid", "thickness": 1 }, "geometry": { "type": "LineString", "coordinates": [ [ -81.067149611111105, 26.984140916666668 ], [ -81.069264722222215, 26.98347425 ] ] } },
{ "type": "Feature", "properties": { "style": "solid", "thickness": 1 }, "geometry": { "type": "LineString", "coordinates": [ [ -81.067136916666669, 26.984630916666667 ], [ -81.069617111111114, 26.983849166666669 ] ] } },
{ "type": "Feature", "properties": { "style": "solid", "thickness": 1 }, "geometry": { "type": "LineString", "coordinates": [ [ -81.067325666666662, 26.985057416666667 ], [ -81.069768, 26.98428761111111 ] ] } },
{ "type": "Feature", "properties": { "style": "solid", "thickness": 1 }, "geometry": { "type": "LineString", "coordinates": [ [ -81.06775125, 26.98540925 ], [ -81.069705916666663, 26.984793166666666 ] ] } },
{ "type": "Feature", "properties": { "style": "solid", "thickness": 1 }, "geometry": { "type": "LineString", "coordinates": [ [ -81.0688865, 26.985537416666666 ], [ -81.069647, 26.98492388888889 ], [ -81.06969622222222, 26.984008055555556 ], [ -81.06900505555555, 26.983331861111111 ], [ -81.067982444444439, 26.983295416666664 ], [ -81.0672335, 26.983920277777777 ], [ -81.067201361111103, 26.984836722222223 ], [ -81.067905083333329, 26.985502444444446 ], [ -81.0688865, 26.985537416666666 ] ] } },
{ "type": "Feature", "properties": { "style": "solid", "thickness": 1 }, "geometry": { "type": "LineString", "coordinates": [ [ -81.073341444444438, 26.9999065 ], [ -81.075456833333334, 26.99923975 ] ] } },
{ "type": "Feature", "properties": { "style": "solid", "thickness": 1 }, "geometry": { "type": "LineString", "coordinates": [ [ -81.07332875, 27.0003965 ], [ -81.07580925, 26.99961463888889 ] ] } },
{ "type": "Feature", "properties": { "style": "solid", "thickness": 1 }, "geometry": { "type": "LineString", "coordinates": [ [ -81.073517555555554, 27.000822972222224 ], [ -81.075960194444434, 27.000053055555554 ] ] } },
{ "type": "Feature", "properties": { "style": "solid", "thickness": 1 }, "geometry": { "type": "LineString", "coordinates": [ [ -81.073943222222212, 27.001174805555557 ], [ -81.075898138888888, 27.00055861111111 ] ] } },
{ "type": "Feature", "properties": { "style": "solid", "thickness": 1 }, "geometry": { "type": "LineString", "coordinates": [ [ -81.075078638888883, 27.001302916666667 ], [ -81.075839222222214, 27.000689333333334 ], [ -81.075888416666658, 26.99977352777778 ], [ -81.075197111111109, 26.999097361111112 ], [ -81.074174361111105, 26.999060972222225 ], [ -81.073425333333333, 26.999685861111111 ], [ -81.07339325, 27.000602277777777 ], [ -81.074097083333328, 27.001268 ], [ -81.075078638888883, 27.001302916666667 ] ] } },
{ "type": "Feature", "properties": { "style": "solid", "thickness": 1 }, "geometry": { "type": "LineString", "coordinates": [ [ -81.079521861111104, 27.015675055555555 ], [ -81.081638083333331, 27.015009694444444 ] ] } },
{ "type": "Feature", "properties": { "style": "solid", "thickness": 1 }, "geometry": { "type": "LineString", "coordinates": [ [ -81.079508777777775, 27.016165027777777 ], [ -81.08199025, 27.015384805555556 ] ] } },
{ "type": "Feature", "properties": { "style": "solid", "thickness": 1 }, "geometry": { "type": "LineString", "coordinates": [ [ -81.079697277777768, 27.01659163888889 ], [ -81.082140861111114, 27.015823333333334 ] ] } },
{ "type": "Feature", "properties": { "style": "solid", "thickness": 1 }, "geometry": { "type": "LineString", "coordinates": [ [ -81.080122694444441, 27.01694375 ], [ -81.082078388888888, 27.016328833333333 ] ] } },
{ "type": "Feature", "properties": { "style": "solid", "thickness": 1 }, "geometry": { "type": "LineString", "coordinates": [ [ -81.081258166666657, 27.017072611111111 ], [ -81.082019361111108, 27.016459527777776 ], [ -81.082069277777777, 27.01554375 ], [ -81.081378444444439, 27.014867138888889 ], [ -81.080355583333329, 27.014830055555556 ], [ -81.079605944444438, 27.015454472222221 ], [ -81.079573111111102, 27.01637086111111 ], [ -81.0802765, 27.017037027777778 ], [ -81.081258166666657, 27.017072611111111 ] ] } },
{ "type": "Feature", "properties": { "style": "solid", "thickness": 1 }, "geometry": { "type": "LineString", "coordinates": [ [ -81.085703444444434, 27.031444277777776 ], [ -81.08781991666666, 27.030778833333333 ] ] } },
{ "type": "Feature", "properties": { "style": "solid", "thickness": 1 }, "geometry": { "type": "LineString", "coordinates": [ [ -81.085690388888878, 27.031934277777776 ], [ -81.088172138888879, 27.031153944444444 ] ] } },
{ "type": "Feature", "properties": { "style": "solid", "thickness": 1 }, "geometry": { "type": "LineString", "coordinates": [ [ -81.085878916666658, 27.032360861111112 ], [ -81.088322805555549, 27.031592444444442 ] ] } },
{ "type": "Feature", "properties": { "style": "solid", "thickness": 1 }, "geometry": { "type": "LineString", "coordinates": [ [ -81.086304416666664, 27.032712944444445 ], [ -81.088260333333324, 27.032097972222221 ] ] } },
{ "type": "Feature", "properties": { "style": "solid", "thickness": 1 }, "geometry": { "type": "LineString", "coordinates": [ [ -81.087440055555547, 27.03284175 ], [ -81.088201305555557, 27.032228638888888 ], [ -81.088251194444439, 27.031312861111111 ], [ -81.087560222222223, 27.030636277777777 ], [ -81.086537222222219, 27.030599277777778 ], [ -81.085787527777768, 27.031223694444442 ], [ -81.085754722222219, 27.032140083333331 ], [ -81.08645825, 27.03280622222222 ], [ -81.087440055555547, 27.03284175 ] ] } },
{ "type": "Feature", "properties": { "style": "solid", "thickness": 1 }, "geometry": { "type": "LineString", "coordinates": [ [ -81.09188669444444, 27.047213194444446 ], [ -81.094003416666666, 27.046547638888889 ] ] } },
{ "type": "Feature", "properties": { "style": "solid", "thickness": 1 }, "geometry": { "type": "LineString", "coordinates": [ [ -81.091873666666658, 27.047703194444445 ], [ -81.094355722222218, 27.04692275 ] ] } },
{ "type": "Feature", "properties": { "style": "solid", "thickness": 1 }, "geometry": { "type": "LineString", "coordinates": [ [ -81.092062222222211, 27.048129777777781 ], [ -81.094506416666661, 27.04736125 ] ] } },
{ "type": "Feature", "properties": { "style": "solid", "thickness": 1 }, "geometry": { "type": "LineString", "coordinates": [ [ -81.09248780555555, 27.048481833333334 ], [ -81.094443972222223, 27.04786675 ] ] } },
{ "type": "Feature", "properties": { "style": "solid", "thickness": 1 }, "geometry": { "type": "LineString", "coordinates": [ [ -81.093623611111113, 27.048610583333335 ], [ -81.094384944444442, 27.047997444444444 ], [ -81.094434805555551, 27.047081666666667 ], [ -81.093743694444441, 27.04640513888889 ], [ -81.092720555555545, 27.046368138888891 ], [ -81.091970777777775, 27.046992611111111 ], [ -81.091938027777772, 27.047909 ], [ -81.092641694444438, 27.048575111111113 ], [ -81.093623611111113, 27.048610583333335 ] ] } },
{ "type": "Feature", "properties": { "style": "solid", "thickness": 1 }, "geometry": { "type": "LineString", "coordinates": [ [ -81.098071638888882, 27.062981805555555 ], [ -81.100188611111108, 27.062316166666669 ] ] } },
{ "type": "Feature", "properties": { "style": "solid", "thickness": 1 }, "geometry": { "type": "LineString", "coordinates": [ [ -81.098058611111099, 27.063471777777778 ], [ -81.100541, 27.06269125 ] ] } },
{ "type": "Feature", "properties": { "style": "solid", "thickness": 1 }, "geometry": { "type": "LineString", "coordinates": [ [ -81.09824725, 27.063898361111111 ], [ -81.100691722222223, 27.063129722222222 ] ] } },
{ "type": "Feature", "properties": { "style": "solid", "thickness": 1 }, "geometry": { "type": "LineString", "coordinates": [ [ -81.098672888888885, 27.06425038888889 ], [ -81.100629305555543, 27.06363525 ] ] } },
{ "type": "Feature", "properties": { "style": "solid", "thickness": 1 }, "geometry": { "type": "LineString", "coordinates": [ [ -81.0998088611111, 27.064379111111112 ], [ -81.100570277777777, 27.063765944444445 ], [ -81.100620083333325, 27.062850166666667 ], [ -81.099928833333323, 27.06217363888889 ], [ -81.098905555555547, 27.062136722222224 ], [ -81.098155694444443, 27.062761194444445 ], [ -81.098123, 27.063677583333334 ], [ -81.098826805555547, 27.064343666666666 ], [ -81.0998088611111, 27.064379111111112 ] ] } },
{ "type": "Feature", "properties": { "style": "solid", "thickness": 1 }, "geometry": { "type": "LineString", "coordinates": [ [ -81.10425825, 27.078750083333333 ], [ -81.1063755, 27.07808436111111 ] ] } },
{ "type": "Feature", "properties": { "style": "solid", "thickness": 1 }, "geometry": { "type": "LineString", "coordinates": [ [ -81.10424525, 27.079240055555555 ], [ -81.106727944444444, 27.078459416666668 ] ] } },
{ "type": "Feature", "properties": { "style": "solid", "thickness": 1 }, "geometry": { "type": "LineString", "coordinates": [ [ -81.104433944444438, 27.079666611111112 ], [ -81.10687872222222, 27.078897888888889 ] ] } },
{ "type": "Feature", "properties": { "style": "solid", "thickness": 1 }, "geometry": { "type": "LineString", "coordinates": [ [ -81.104859666666655, 27.080018638888887 ], [ -81.106816305555554, 27.079403416666665 ] ] } },
{ "type": "Feature", "properties": { "style": "solid", "thickness": 1 }, "geometry": { "type": "LineString", "coordinates": [ [ -81.105995805555551, 27.080147305555556 ], [ -81.106757277777774, 27.079534111111112 ], [ -81.106807055555549, 27.078618333333335 ], [ -81.106115666666668, 27.07794186111111 ], [ -81.10509225, 27.077904944444445 ], [ -81.104342333333321, 27.078529472222222 ], [ -81.104309666666666, 27.079445861111111 ], [ -81.105013583333331, 27.08011188888889 ], [ -81.105995805555551, 27.080147305555556 ] ] } },
{ "type": "Feature", "properties": { "style": "solid", "thickness": 1 }, "geometry": { "type": "LineString", "coordinates": [ [ -81.110446555555555, 27.094518027777777 ], [ -81.112564055555552, 27.093852222222221 ] ] } },
{ "type": "Feature", "properties": { "style": "solid", "thickness": 1 }, "geometry": { "type": "LineString", "coordinates": [ [ -81.110433583333332, 27.095008 ], [ -81.11291658333333, 27.094227277777776 ] ] } },
{ "type": "Feature", "properties": { "style": "solid", "thickness": 1 }, "geometry": { "type": "LineString", "coordinates": [ [ -81.110622305555552, 27.095434555555553 ], [ -81.113067388888879, 27.09466575 ] ] } },
{ "type": "Feature", "properties": { "style": "solid", "thickness": 1 }, "geometry": { "type": "LineString", "coordinates": [ [ -81.11104813888889, 27.095786583333332 ], [ -81.113005, 27.09517125 ] ] } },
{ "type": "Feature", "properties": { "style": "solid", "thickness": 1 }, "geometry": { "type": "LineString", "coordinates": [ [ -81.112184416666665, 27.095915194444444 ], [ -81.112945972222221, 27.095301944444444 ], [ -81.112995694444436, 27.094386166666666 ], [ -81.112304194444434, 27.093709722222222 ], [ -81.111280611111098, 27.093672888888889 ], [ -81.110530638888889, 27.094297416666667 ], [ -81.110498, 27.095213833333332 ], [ -81.111202083333325, 27.095879805555555 ], [ -81.112184416666665, 27.095915194444444 ] ] } },
{ "type": "Feature", "properties": { "style": "solid", "thickness": 1 }, "geometry": { "type": "LineString", "coordinates": [ [ -81.116636555555544, 27.11028566666667 ], [ -81.118754305555555, 27.10961977777778 ] ] } },
{ "type": "Feature", "properties": { "style": "solid", "thickness": 1 }, "geometry": { "type": "LineString", "coordinates": [ [ -81.116623611111109, 27.110775638888889 ], [ -81.119106888888879, 27.109994805555559 ] ] } },
{ "type": "Feature", "properties": { "style": "solid", "thickness": 1 }, "geometry": { "type": "LineString", "coordinates": [ [ -81.116812388888889, 27.111202194444445 ], [ -81.119257749999989, 27.11043327777778 ] ] } },
{ "type": "Feature", "properties": { "style": "solid", "thickness": 1 }, "geometry": { "type": "LineString", "coordinates": [ [ -81.117238277777773, 27.111554166666668 ], [ -81.119195388888883, 27.110938777777779 ] ] } },
{ "type": "Feature", "properties": { "style": "solid", "thickness": 1 }, "geometry": { "type": "LineString", "coordinates": [ [ -81.118374722222214, 27.11168275 ], [ -81.119136361111103, 27.111069472222223 ], [ -81.119186027777772, 27.110153694444445 ], [ -81.118494388888877, 27.109477305555558 ], [ -81.117470666666662, 27.109440472222225 ], [ -81.116720611111106, 27.110065055555555 ], [ -81.116688055555542, 27.110981444444445 ], [ -81.11739225, 27.111647416666667 ], [ -81.118374722222214, 27.11168275 ] ] } },
{ "type": "Feature", "properties": { "style": "solid", "thickness": 1 }, "geometry": { "type": "LineString", "coordinates": [ [ -81.122828222222211, 27.126052972222222 ], [ -81.12494625, 27.125387 ] ] } },
{ "type": "Feature", "properties": { "style": "solid", "thickness": 1 }, "geometry": { "type": "LineString", "coordinates": [ [ -81.122815305555548, 27.126542944444445 ], [ -81.125298888888878, 27.125762027777778 ] ] } },
{ "type": "Feature", "properties": { "style": "solid", "thickness": 1 }, "geometry": { "type": "LineString", "coordinates": [ [ -81.123004138888888, 27.1269695 ], [ -81.125449805555547, 27.126200472222223 ] ] } },
{ "type": "Feature", "properties": { "style": "solid", "thickness": 1 }, "geometry": { "type": "LineString", "coordinates": [ [ -81.123430083333332, 27.127321472222224 ], [ -81.125387444444442, 27.126706 ] ] } },
{ "type": "Feature", "properties": { "style": "solid", "thickness": 1 }, "geometry": { "type": "LineString", "coordinates": [ [ -81.124566722222212, 27.127449972222223 ], [ -81.125328416666662, 27.126836694444446 ], [ -81.125378055555544, 27.125920916666669 ], [ -81.124686277777769, 27.125244527777777 ], [ -81.123662416666662, 27.125207777777778 ], [ -81.122912305555545, 27.125832361111112 ], [ -81.122879777777769, 27.12674875 ], [ -81.1235841111111, 27.127414694444443 ], [ -81.124566722222212, 27.127449972222223 ] ] } },
{ "type": "Feature", "properties": { "style": "solid", "thickness": 1 }, "geometry": { "type": "LineString", "coordinates": [ [ -81.129021611111099, 27.141819972222223 ], [ -81.131139861111109, 27.141153888888887 ] ] } },
{ "type": "Feature", "properties": { "style": "solid", "thickness": 1 }, "geometry": { "type": "LineString", "coordinates": [ [ -81.129008694444437, 27.142309944444445 ], [ -81.131492583333326, 27.141528916666665 ] ] } },
{ "type": "Feature", "properties": { "style": "solid", "thickness": 1 }, "geometry": { "type": "LineString", "coordinates": [ [ -81.12919755555555, 27.142736472222222 ], [ -81.131643555555556, 27.14196736111111 ] ] } },
{ "type": "Feature", "properties": { "style": "solid", "thickness": 1 }, "geometry": { "type": "LineString", "coordinates": [ [ -81.1296236111111, 27.143088416666668 ], [ -81.131581222222209, 27.142472861111109 ] ] } },
{ "type": "Feature", "properties": { "style": "solid", "thickness": 1 }, "geometry": { "type": "LineString", "coordinates": [ [ -81.130760388888888, 27.143216888888887 ], [ -81.131522166666656, 27.142603583333333 ], [ -81.131571777777765, 27.141687805555556 ], [ -81.130879861111111, 27.141011444444445 ], [ -81.12985586111111, 27.140974722222222 ], [ -81.129105666666661, 27.141599361111112 ], [ -81.129073166666657, 27.14251575 ], [ -81.129777638888882, 27.143181638888887 ], [ -81.130760388888888, 27.143216888888887 ] ] } },
{ "type": "Feature", "properties": { "style": "solid", "thickness": 1 }, "geometry": { "type": "LineString", "coordinates": [ [ -81.135216666666679, 27.157586638888887 ], [ -81.137335166666674, 27.156920472222222 ] ] } },
{ "type": "Feature", "properties": { "style": "solid", "thickness": 1 }, "geometry": { "type": "LineString", "coordinates": [ [ -81.135203777777789, 27.15807661111111 ], [ -81.137687972222224, 27.15729547222222 ] ] } },
{ "type": "Feature", "properties": { "style": "solid", "thickness": 1 }, "geometry": { "type": "LineString", "coordinates": [ [ -81.135392694444448, 27.158503138888886 ], [ -81.137838972222227, 27.157733916666665 ] ] } },
{ "type": "Feature", "properties": { "style": "solid", "thickness": 1 }, "geometry": { "type": "LineString", "coordinates": [ [ -81.135818833333346, 27.158855055555556 ], [ -81.137776666666667, 27.158239416666664 ] ] } },
{ "type": "Feature", "properties": { "style": "solid", "thickness": 1 }, "geometry": { "type": "LineString", "coordinates": [ [ -81.136955777777786, 27.158983472222221 ], [ -81.137717611111114, 27.158370138888888 ], [ -81.13776719444445, 27.15745436111111 ], [ -81.137075138888889, 27.156778055555556 ], [ -81.136051, 27.156741361111109 ], [ -81.135300722222226, 27.157366027777776 ], [ -81.135268277777783, 27.158282416666665 ], [ -81.135972888888901, 27.158948277777775 ], [ -81.136955777777786, 27.158983472222221 ] ] } },
{ "type": "Feature", "properties": { "style": "solid", "thickness": 1 }, "geometry": { "type": "LineString", "coordinates": [ [ -81.14141341666668, 27.173353 ], [ -81.143532194444447, 27.17268675 ] ] } },
{ "type": "Feature", "properties": { "style": "solid", "thickness": 1 }, "geometry": { "type": "LineString", "coordinates": [ [ -81.141400555555563, 27.173842944444445 ], [ -81.143885055555558, 27.173061722222222 ] ] } },
{ "type": "Feature", "properties": { "style": "solid", "thickness": 1 }, "geometry": { "type": "LineString", "coordinates": [ [ -81.141589527777782, 27.174269472222225 ], [ -81.144036083333333, 27.17350013888889 ] ] } },
{ "type": "Feature", "properties": { "style": "solid", "thickness": 1 }, "geometry": { "type": "LineString", "coordinates": [ [ -81.142015722222226, 27.174621388888891 ], [ -81.143973805555561, 27.17400566666667 ] ] } },
{ "type": "Feature", "properties": { "style": "solid", "thickness": 1 }, "geometry": { "type": "LineString", "coordinates": [ [ -81.143152833333346, 27.17474975 ], [ -81.14391475, 27.174136361111113 ], [ -81.143964277777783, 27.173220583333336 ], [ -81.143272111111116, 27.172544305555558 ], [ -81.142247805555556, 27.172507666666668 ], [ -81.141497472222227, 27.173132361111112 ], [ -81.141465083333344, 27.17404875 ], [ -81.142169805555568, 27.174714583333333 ], [ -81.143152833333346, 27.17474975 ] ] } },
{ "type": "Feature", "properties": { "style": "solid", "thickness": 1 }, "geometry": { "type": "LineString", "coordinates": [ [ -81.147611861111116, 27.189119 ], [ -81.149730888888897, 27.188452666666667 ] ] } },
{ "type": "Feature", "properties": { "style": "solid", "thickness": 1 }, "geometry": { "type": "LineString", "coordinates": [ [ -81.147599027777787, 27.189608972222221 ], [ -81.150083833333341, 27.188827638888888 ] ] } },
{ "type": "Feature", "properties": { "style": "solid", "thickness": 1 }, "geometry": { "type": "LineString", "coordinates": [ [ -81.147788027777779, 27.190035472222224 ], [ -81.150234916666676, 27.189266055555557 ] ] } },
{ "type": "Feature", "properties": { "style": "solid", "thickness": 1 }, "geometry": { "type": "LineString", "coordinates": [ [ -81.148214305555555, 27.19038736111111 ], [ -81.15017263888889, 27.189771583333332 ] ] } },
{ "type": "Feature", "properties": { "style": "solid", "thickness": 1 }, "geometry": { "type": "LineString", "coordinates": [ [ -81.149351583333342, 27.190515694444446 ], [ -81.150113583333336, 27.189902277777779 ], [ -81.150163083333339, 27.1889865 ], [ -81.149470777777779, 27.18831025 ], [ -81.148446333333339, 27.188273666666667 ], [ -81.147695916666677, 27.188898388888891 ], [ -81.147663555555567, 27.189814777777777 ], [ -81.148368416666671, 27.190480555555556 ], [ -81.149351583333342, 27.190515694444446 ] ] } },
{ "type": "Feature", "properties": { "style": "solid", "thickness": 1 }, "geometry": { "type": "LineString", "coordinates": [ [ -81.133599333333336, 27.194638888888889 ], [ -81.134344250000012, 27.196533916666667 ] ] } },
{ "type": "Feature", "properties": { "style": "solid", "thickness": 1 }, "geometry": { "type": "LineString", "coordinates": [ [ -81.133051388888887, 27.194627361111113 ], [ -81.133924888888899, 27.196849472222222 ] ] } },
{ "type": "Feature", "properties": { "style": "solid", "thickness": 1 }, "geometry": { "type": "LineString", "coordinates": [ [ -81.132574416666657, 27.194796333333333 ], [ -81.133434555555567, 27.196984527777779 ] ] } },
{ "type": "Feature", "properties": { "style": "solid", "thickness": 1 }, "geometry": { "type": "LineString", "coordinates": [ [ -81.132180833333322, 27.1951775 ], [ -81.132869222222212, 27.196928777777778 ] ] } },
{ "type": "Feature", "properties": { "style": "solid", "thickness": 1 }, "geometry": { "type": "LineString", "coordinates": [ [ -81.132037166666663, 27.196194472222224 ], [ -81.132723055555545, 27.196875944444443 ], [ -81.133747194444453, 27.196920333333335 ], [ -81.134503555555568, 27.196301305555554 ], [ -81.134544583333337, 27.195385222222221 ], [ -81.133846055555566, 27.194714083333334 ], [ -81.13282125, 27.194685055555556 ], [ -81.13207658333333, 27.195315277777777 ], [ -81.132037166666663, 27.196194472222224 ] ] } },
{ "type": "Feature", "properties": { "style": "solid", "thickness": 1 }, "geometry": { "type": "LineString", "coordinates": [ [ -81.114800138888882, 27.2014395 ], [ -81.116748527777773, 27.200439638888888 ] ] } },
{ "type": "Feature", "properties": { "style": "solid", "thickness": 1 }, "geometry": { "type": "LineString", "coordinates": [ [ -81.114887194444435, 27.20192338888889 ], [ -81.117171888888876, 27.200750944444444 ] ] } },
{ "type": "Feature", "properties": { "style": "solid", "thickness": 1 }, "geometry": { "type": "LineString", "coordinates": [ [ -81.115159833333323, 27.202312027777776 ], [ -81.117409638888887, 27.201157472222221 ] ] } },
{ "type": "Feature", "properties": { "style": "solid", "thickness": 1 }, "geometry": { "type": "LineString", "coordinates": [ [ -81.115650611111107, 27.20258872222222 ], [ -81.117451222222215, 27.201664694444442 ] ] } },
{ "type": "Feature", "properties": { "style": "solid", "thickness": 1 }, "geometry": { "type": "LineString", "coordinates": [ [ -81.116795138888875, 27.202529944444443 ], [ -81.11741975, 27.201802833333332 ], [ -81.117282138888882, 27.200894277777778 ], [ -81.11646375, 27.200341916666666 ], [ -81.115448861111105, 27.200472555555553 ], [ -81.114837944444446, 27.201208888888889 ], [ -81.114992527777773, 27.20211525 ], [ -81.11582113888889, 27.202655305555556 ], [ -81.116795138888875, 27.202529944444443 ] ] } },
{ "type": "Feature", "properties": { "style": "solid", "thickness": 1 }, "geometry": { "type": "LineString", "coordinates": [ [ -81.124104722222214, 27.21593375 ], [ -81.126053277777771, 27.214933777777777 ] ] } },
{ "type": "Feature", "properties": { "style": "solid", "thickness": 1 }, "geometry": { "type": "LineString", "coordinates": [ [ -81.124191805555554, 27.216417611111112 ], [ -81.126476694444435, 27.215245027777776 ] ] } },
{ "type": "Feature", "properties": { "style": "solid", "thickness": 1 }, "geometry": { "type": "LineString", "coordinates": [ [ -81.124464499999988, 27.21680625 ], [ -81.126714527777764, 27.215651555555556 ] ] } },
{ "type": "Feature", "properties": { "style": "solid", "thickness": 1 }, "geometry": { "type": "LineString", "coordinates": [ [ -81.124955388888878, 27.217082888888886 ], [ -81.126756138888879, 27.216158777777778 ] ] } },
{ "type": "Feature", "properties": { "style": "solid", "thickness": 1 }, "geometry": { "type": "LineString", "coordinates": [ [ -81.126100055555554, 27.217024027777775 ], [ -81.126724666666661, 27.216296888888888 ], [ -81.126586972222213, 27.21538836111111 ], [ -81.125768444444432, 27.214836055555555 ], [ -81.124753416666664, 27.21496675 ], [ -81.1241425, 27.215703138888887 ], [ -81.124297166666665, 27.21660947222222 ], [ -81.125125916666661, 27.217149472222221 ], [ -81.126100055555554, 27.217024027777775 ] ] } },
{ "type": "Feature", "properties": { "style": "solid", "thickness": 1 }, "geometry": { "type": "LineString", "coordinates": [ [ -81.133409222222227, 27.23042825 ], [ -81.13535825000001, 27.229428638888887 ] ] } },
{ "type": "Feature", "properties": { "style": "solid", "thickness": 1 }, "geometry": { "type": "LineString", "coordinates": [ [ -81.133496194444447, 27.230912138888886 ], [ -81.135781666666674, 27.22974 ] ] } },
{ "type": "Feature", "properties": { "style": "solid", "thickness": 1 }, "geometry": { "type": "LineString", "coordinates": [ [ -81.133768861111122, 27.231300805555556 ], [ -81.13601941666667, 27.230146555555553 ] ] } },
{ "type": "Feature", "properties": { "style": "solid", "thickness": 1 }, "geometry": { "type": "LineString", "coordinates": [ [ -81.134259722222225, 27.231577555555553 ], [ -81.136060916666679, 27.230653777777775 ] ] } },
{ "type": "Feature", "properties": { "style": "solid", "thickness": 1 }, "geometry": { "type": "LineString", "coordinates": [ [ -81.135404555555567, 27.231518916666666 ], [ -81.136029416666673, 27.230791888888888 ], [ -81.135891916666679, 27.22988336111111 ], [ -81.135073416666671, 27.229330861111109 ], [ -81.13405825000001, 27.229461388888886 ], [ -81.133447055555564, 27.230197638888889 ], [ -81.133601527777785, 27.231104 ], [ -81.134430277777781, 27.231644166666666 ], [ -81.135404555555567, 27.231518916666666 ] ] } },
{ "type": "Feature", "properties": { "style": "solid", "thickness": 1 }, "geometry": { "type": "LineString", "coordinates": [ [ -81.142713833333346, 27.244923583333335 ], [ -81.144663027777781, 27.243923861111114 ] ] } },
{ "type": "Feature", "properties": { "style": "solid", "thickness": 1 }, "geometry": { "type": "LineString", "coordinates": [ [ -81.142800861111112, 27.245407472222222 ], [ -81.145086527777778, 27.244235194444446 ] ] } },
{ "type": "Feature", "properties": { "style": "solid", "thickness": 1 }, "geometry": { "type": "LineString", "coordinates": [ [ -81.143073583333333, 27.245796111111112 ], [ -81.145324333333335, 27.244641722222223 ] ] } },
{ "type": "Feature", "properties": { "style": "solid", "thickness": 1 }, "geometry": { "type": "LineString", "coordinates": [ [ -81.143564527777784, 27.246072833333333 ], [ -81.14536588888889, 27.245148944444445 ] ] } },
{ "type": "Feature", "properties": { "style": "solid", "thickness": 1 }, "geometry": { "type": "LineString", "coordinates": [ [ -81.1447095, 27.246014138888889 ], [ -81.145334388888898, 27.245287055555558 ], [ -81.145196805555557, 27.24437852777778 ], [ -81.144378166666669, 27.243826111111112 ], [ -81.143362861111115, 27.243956666666669 ], [ -81.142751666666669, 27.244692972222222 ], [ -81.142906222222223, 27.245599333333335 ], [ -81.143735111111113, 27.246139444444445 ], [ -81.1447095, 27.246014138888889 ] ] } },
{ "type": "Feature", "properties": { "style": "solid", "thickness": 1 }, "geometry": { "type": "LineString", "coordinates": [ [ -81.136959666666669, 27.254302027777779 ], [ -81.138078194444446, 27.256044277777779 ] ] } },
{ "type": "Feature", "properties": { "style": "solid", "thickness": 1 }, "geometry": { "type": "LineString", "coordinates": [ [ -81.13641825, 27.254379805555555 ], [ -81.137729833333339, 27.25642275 ] ] } },
{ "type": "Feature", "properties": { "style": "solid", "thickness": 1 }, "geometry": { "type": "LineString", "coordinates": [ [ -81.135983361111116, 27.254623527777778 ], [ -81.137274916666669, 27.256635305555555 ] ] } },
{ "type": "Feature", "properties": { "style": "solid", "thickness": 1 }, "geometry": { "type": "LineString", "coordinates": [ [ -81.135673694444449, 27.255062305555555 ], [ -81.136707361111121, 27.256672388888887 ] ] } },
{ "type": "Feature", "properties": { "style": "solid", "thickness": 1 }, "geometry": { "type": "LineString", "coordinates": [ [ -81.13573930555556, 27.256085666666667 ], [ -81.136552805555567, 27.25664425 ], [ -81.137569416666679, 27.256521333333332 ], [ -81.138187583333334, 27.255789638888889 ], [ -81.138041527777787, 27.254882166666668 ], [ -81.137217694444445, 27.254335861111112 ], [ -81.136203555555568, 27.254473944444445 ], [ -81.13559916666668, 27.25521475 ], [ -81.13573930555556, 27.256085666666667 ] ] } },
{ "type": "Feature", "properties": { "style": "solid", "thickness": 1 }, "geometry": { "type": "LineString", "coordinates": [ [ -81.120739333333333, 27.262617833333334 ], [ -81.121857694444444, 27.264360194444443 ] ] } },
{ "type": "Feature", "properties": { "style": "solid", "thickness": 1 }, "geometry": { "type": "LineString", "coordinates": [ [ -81.120197861111109, 27.262695555555556 ], [ -81.121509222222215, 27.264738666666666 ] ] } },
{ "type": "Feature", "properties": { "style": "solid", "thickness": 1 }, "geometry": { "type": "LineString", "coordinates": [ [ -81.119762916666659, 27.262939222222222 ], [ -81.12105425, 27.26495113888889 ] ] } },
{ "type": "Feature", "properties": { "style": "solid", "thickness": 1 }, "geometry": { "type": "LineString", "coordinates": [ [ -81.119453166666659, 27.263377972222223 ], [ -81.120486666666665, 27.264988166666665 ] ] } },
{ "type": "Feature", "properties": { "style": "solid", "thickness": 1 }, "geometry": { "type": "LineString", "coordinates": [ [ -81.119518638888877, 27.264401333333332 ], [ -81.120332111111111, 27.26496 ], [ -81.121348805555556, 27.264837194444443 ], [ -81.121967111111104, 27.264105611111113 ], [ -81.121821194444436, 27.263198111111112 ], [ -81.120997388888881, 27.262651694444443 ], [ -81.119983138888884, 27.262789666666666 ], [ -81.119378611111102, 27.263530416666665 ], [ -81.119518638888877, 27.264401333333332 ] ] } },
{ "type": "Feature", "properties": { "style": "solid", "thickness": 1 }, "geometry": { "type": "LineString", "coordinates": [ [ -81.104516638888882, 27.27093175 ], [ -81.105634805555553, 27.27267425 ] ] } },
{ "type": "Feature", "properties": { "style": "solid", "thickness": 1 }, "geometry": { "type": "LineString", "coordinates": [ [ -81.103975111111112, 27.271009416666665 ], [ -81.105286277777779, 27.273052666666665 ] ] } },
{ "type": "Feature", "properties": { "style": "solid", "thickness": 1 }, "geometry": { "type": "LineString", "coordinates": [ [ -81.103540083333328, 27.271253027777778 ], [ -81.104831249999989, 27.273265083333332 ] ] } },
{ "type": "Feature", "properties": { "style": "solid", "thickness": 1 }, "geometry": { "type": "LineString", "coordinates": [ [ -81.103230277777769, 27.27169175 ], [ -81.104263611111108, 27.273302055555554 ] ] } },
{ "type": "Feature", "properties": { "style": "solid", "thickness": 1 }, "geometry": { "type": "LineString", "coordinates": [ [ -81.103295583333335, 27.272715111111111 ], [ -81.104109055555554, 27.273273861111111 ], [ -81.105125833333332, 27.273151194444445 ], [ -81.105744305555547, 27.272419666666664 ], [ -81.1055985, 27.271512138888887 ], [ -81.104774694444444, 27.270965638888889 ], [ -81.1037603611111, 27.271103527777775 ], [ -81.103155694444439, 27.271844194444444 ], [ -81.103295583333335, 27.272715111111111 ] ] } },
{ "type": "Feature", "properties": { "style": "solid", "thickness": 1 }, "geometry": { "type": "LineString", "coordinates": [ [ -81.08829158333333, 27.279243805555556 ], [ -81.089409583333335, 27.280986416666664 ] ] } },
{ "type": "Feature", "properties": { "style": "solid", "thickness": 1 }, "geometry": { "type": "LineString", "coordinates": [ [ -81.08775, 27.279321388888889 ], [ -81.089060972222214, 27.281364777777778 ] ] } },
{ "type": "Feature", "properties": { "style": "solid", "thickness": 1 }, "geometry": { "type": "LineString", "coordinates": [ [ -81.087314916666656, 27.279564944444445 ], [ -81.088605888888878, 27.281577166666665 ] ] } },
{ "type": "Feature", "properties": { "style": "solid", "thickness": 1 }, "geometry": { "type": "LineString", "coordinates": [ [ -81.087005, 27.280003638888889 ], [ -81.088038194444437, 27.281614055555554 ] ] } },
{ "type": "Feature", "properties": { "style": "solid", "thickness": 1 }, "geometry": { "type": "LineString", "coordinates": [ [ -81.087070194444436, 27.281027 ], [ -81.08788361111111, 27.281585861111111 ], [ -81.0889005, 27.281463277777778 ], [ -81.089519111111102, 27.280731833333331 ], [ -81.089373444444433, 27.279824305555554 ], [ -81.088549666666665, 27.279277722222222 ], [ -81.08753525, 27.279415472222222 ], [ -81.086930388888888, 27.280156055555555 ], [ -81.087070194444436, 27.281027 ] ] } },
{ "type": "Feature", "properties": { "style": "solid", "thickness": 1 }, "geometry": { "type": "LineString", "coordinates": [ [ -81.072064166666664, 27.287553944444447 ], [ -81.073182, 27.289296666666669 ] ] } },
{ "type": "Feature", "properties": { "style": "solid", "thickness": 1 }, "geometry": { "type": "LineString", "coordinates": [ [ -81.071522555555546, 27.287631472222223 ], [ -81.072833333333335, 27.289675 ] ] } },
{ "type": "Feature", "properties": { "style": "solid", "thickness": 1 }, "geometry": { "type": "LineString", "coordinates": [ [ -81.071087388888884, 27.287875 ], [ -81.072378166666667, 27.289887333333336 ] ] } },
{ "type": "Feature", "properties": { "style": "solid", "thickness": 1 }, "geometry": { "type": "LineString", "coordinates": [ [ -81.070777388888885, 27.288313638888891 ], [ -81.071810416666665, 27.289924166666669 ] ] } },
{ "type": "Feature", "properties": { "style": "solid", "thickness": 1 }, "geometry": { "type": "LineString", "coordinates": [ [ -81.070842444444438, 27.289337 ], [ -81.071655861111111, 27.289895944444446 ], [ -81.072672805555555, 27.2897735 ], [ -81.073291583333329, 27.289042111111112 ], [ -81.073146027777767, 27.288134583333335 ], [ -81.07232225, 27.28758788888889 ], [ -81.07130775, 27.287725527777781 ], [ -81.07070275, 27.288466055555556 ], [ -81.070842444444438, 27.289337 ] ] } },
{ "type": "Feature", "properties": { "style": "solid", "thickness": 1 }, "geometry": { "type": "LineString", "coordinates": [ [ -81.05583441666667, 27.295862194444446 ], [ -81.056952083333329, 27.297605055555557 ] ] } },
{ "type": "Feature", "properties": { "style": "solid", "thickness": 1 }, "geometry": { "type": "LineString", "coordinates": [ [ -81.055292722222219, 27.295939666666669 ], [ -81.056603305555555, 27.297983333333335 ] ] } },
{ "type": "Feature", "properties": { "style": "solid", "thickness": 1 }, "geometry": { "type": "LineString", "coordinates": [ [ -81.05485752777777, 27.296183111111112 ], [ -81.056148083333326, 27.298195611111112 ] ] } },
{ "type": "Feature", "properties": { "style": "solid", "thickness": 1 }, "geometry": { "type": "LineString", "coordinates": [ [ -81.054547416666665, 27.296621722222223 ], [ -81.055580305555551, 27.298232388888891 ] ] } },
{ "type": "Feature", "properties": { "style": "solid", "thickness": 1 }, "geometry": { "type": "LineString", "coordinates": [ [ -81.054612333333324, 27.297645111111112 ], [ -81.055425722222225, 27.298204138888892 ], [ -81.056442777777775, 27.298081805555558 ], [ -81.057061694444442, 27.2973505 ], [ -81.05691625, 27.296442944444447 ], [ -81.0560925, 27.295896166666669 ], [ -81.055077888888889, 27.296033694444446 ], [ -81.054472777777775, 27.296774138888889 ], [ -81.054612333333324, 27.297645111111112 ] ] } },
{ "type": "Feature", "properties": { "style": "solid", "thickness": 1 }, "geometry": { "type": "LineString", "coordinates": [ [ -81.446318944444442, 25.592922138888888 ], [ -81.448409527777784, 25.592256611111111 ] ] } },
{ "type": "Feature", "properties": { "style": "solid", "thickness": 1 }, "geometry": { "type": "LineString", "coordinates": [ [ -81.446306, 25.59341222222222 ], [ -81.448757444444453, 25.592631833333332 ] ] } },
{ "type": "Feature", "properties": { "style": "solid", "thickness": 1 }, "geometry": { "type": "LineString", "coordinates": [ [ -81.446492194444446, 25.593838916666666 ], [ -81.44890622222222, 25.59307047222222 ] ] } },
{ "type": "Feature", "properties": { "style": "solid", "thickness": 1 }, "geometry": { "type": "LineString", "coordinates": [ [ -81.446912472222223, 25.594191111111108 ], [ -81.4488445, 25.593576083333332 ] ] } },
{ "type": "Feature", "properties": { "style": "solid", "thickness": 1 }, "geometry": { "type": "LineString", "coordinates": [ [ -81.448034194444446, 25.594320027777776 ], [ -81.448786194444452, 25.593706805555556 ], [ -81.448835527777788, 25.592790805555556 ], [ -81.448153027777778, 25.592114027777775 ], [ -81.447142555555558, 25.592076944444443 ], [ -81.446402, 25.59270147222222 ], [ -81.446369527777776, 25.593618111111109 ], [ -81.447064416666677, 25.594284416666664 ], [ -81.448034194444446, 25.594320027777776 ] ] } },
{ "type": "Feature", "properties": { "style": "solid", "thickness": 1 }, "geometry": { "type": "LineString", "coordinates": [ [ -81.452425472222231, 25.608695166666667 ], [ -81.454516305555558, 25.608029555555557 ] ] } },
{ "type": "Feature", "properties": { "style": "solid", "thickness": 1 }, "geometry": { "type": "LineString", "coordinates": [ [ -81.452412555555554, 25.60918525 ], [ -81.45486430555556, 25.608404777777778 ] ] } },
{ "type": "Feature", "properties": { "style": "solid", "thickness": 1 }, "geometry": { "type": "LineString", "coordinates": [ [ -81.452598805555553, 25.609611944444445 ], [ -81.455013111111114, 25.608843388888889 ] ] } },
{ "type": "Feature", "properties": { "style": "solid", "thickness": 1 }, "geometry": { "type": "LineString", "coordinates": [ [ -81.453019138888891, 25.609964138888891 ], [ -81.454951416666674, 25.609349027777778 ] ] } },
{ "type": "Feature", "properties": { "style": "solid", "thickness": 1 }, "geometry": { "type": "LineString", "coordinates": [ [ -81.45414102777778, 25.610092972222223 ], [ -81.454893083333332, 25.60947975 ], [ -81.454942388888895, 25.608563722222225 ], [ -81.454259777777779, 25.607887 ], [ -81.453249166666666, 25.607849944444446 ], [ -81.452508527777781, 25.60847452777778 ], [ -81.45247611111111, 25.609391138888892 ], [ -81.453171111111118, 25.610057444444447 ], [ -81.45414102777778, 25.610092972222223 ] ] } },
{ "type": "Feature", "properties": { "style": "solid", "thickness": 1 }, "geometry": { "type": "LineString", "coordinates": [ [ -81.458533611111108, 25.624467944444444 ], [ -81.460624694444448, 25.62380225 ] ] } },
{ "type": "Feature", "properties": { "style": "solid", "thickness": 1 }, "geometry": { "type": "LineString", "coordinates": [ [ -81.458520722222218, 25.62495802777778 ], [ -81.46097275, 25.624177444444445 ] ] } },
{ "type": "Feature", "properties": { "style": "solid", "thickness": 1 }, "geometry": { "type": "LineString", "coordinates": [ [ -81.458707, 25.625384722222222 ], [ -81.46112161111111, 25.624616055555556 ] ] } },
{ "type": "Feature", "properties": { "style": "solid", "thickness": 1 }, "geometry": { "type": "LineString", "coordinates": [ [ -81.459127416666675, 25.625736888888888 ], [ -81.46105991666667, 25.625121694444445 ] ] } },
{ "type": "Feature", "properties": { "style": "solid", "thickness": 1 }, "geometry": { "type": "LineString", "coordinates": [ [ -81.46024947222223, 25.625865694444446 ], [ -81.461001611111115, 25.625252416666669 ], [ -81.461050861111119, 25.624336416666669 ], [ -81.460368138888896, 25.623659694444445 ], [ -81.459357361111117, 25.623622694444446 ], [ -81.458616666666671, 25.62424727777778 ], [ -81.458584305555561, 25.625163916666668 ], [ -81.459279444444448, 25.625830166666667 ], [ -81.46024947222223, 25.625865694444446 ] ] } },
{ "type": "Feature", "properties": { "style": "solid", "thickness": 1 }, "geometry": { "type": "LineString", "coordinates": [ [ -81.464643361111115, 25.640240444444444 ], [ -81.466734722222228, 25.639574694444445 ] ] } },
{ "type": "Feature", "properties": { "style": "solid", "thickness": 1 }, "geometry": { "type": "LineString", "coordinates": [ [ -81.4646305, 25.640730555555557 ], [ -81.467082805555563, 25.639949861111109 ] ] } },
{ "type": "Feature", "properties": { "style": "solid", "thickness": 1 }, "geometry": { "type": "LineString", "coordinates": [ [ -81.46481683333333, 25.641157222222223 ], [ -81.467231722222223, 25.64038847222222 ] ] } },
{ "type": "Feature", "properties": { "style": "solid", "thickness": 1 }, "geometry": { "type": "LineString", "coordinates": [ [ -81.465237333333334, 25.641509361111112 ], [ -81.467170055555556, 25.640894111111109 ] ] } },
{ "type": "Feature", "properties": { "style": "solid", "thickness": 1 }, "geometry": { "type": "LineString", "coordinates": [ [ -81.466359527777783, 25.64163813888889 ], [ -81.467111722222228, 25.641024805555556 ], [ -81.467160944444444, 25.640108805555556 ], [ -81.466478083333342, 25.639432138888889 ], [ -81.465467194444443, 25.639395166666667 ], [ -81.464726416666664, 25.640019805555553 ], [ -81.464694111111115, 25.640936416666666 ], [ -81.465389361111107, 25.641602666666667 ], [ -81.466359527777783, 25.64163813888889 ] ] } },
{ "type": "Feature", "properties": { "style": "solid", "thickness": 1 }, "geometry": { "type": "LineString", "coordinates": [ [ -81.47075475, 25.656012694444442 ], [ -81.472846333333337, 25.655346833333333 ] ] } },
{ "type": "Feature", "properties": { "style": "solid", "thickness": 1 }, "geometry": { "type": "LineString", "coordinates": [ [ -81.470741888888895, 25.656502805555554 ], [ -81.4731945, 25.655722 ] ] } },
{ "type": "Feature", "properties": { "style": "solid", "thickness": 1 }, "geometry": { "type": "LineString", "coordinates": [ [ -81.470928277777773, 25.65692947222222 ], [ -81.473343444444453, 25.656160611111108 ] ] } },
{ "type": "Feature", "properties": { "style": "solid", "thickness": 1 }, "geometry": { "type": "LineString", "coordinates": [ [ -81.471348833333337, 25.657281611111109 ], [ -81.473281777777785, 25.65666625 ] ] } },
{ "type": "Feature", "properties": { "style": "solid", "thickness": 1 }, "geometry": { "type": "LineString", "coordinates": [ [ -81.472471194444452, 25.657410305555555 ], [ -81.47322347222223, 25.656796972222221 ], [ -81.473272638888886, 25.655880972222221 ], [ -81.472589666666664, 25.655204305555554 ], [ -81.471578638888886, 25.655167388888888 ], [ -81.470837805555561, 25.655792055555555 ], [ -81.4708055, 25.656708666666667 ], [ -81.471500888888897, 25.657374888888889 ], [ -81.472471194444452, 25.657410305555555 ] ] } },
{ "type": "Feature", "properties": { "style": "solid", "thickness": 1 }, "geometry": { "type": "LineString", "coordinates": [ [ -81.476867722222224, 25.671784694444444 ], [ -81.478959555555562, 25.67111875 ] ] } },
{ "type": "Feature", "properties": { "style": "solid", "thickness": 1 }, "geometry": { "type": "LineString", "coordinates": [ [ -81.476854888888894, 25.67227477777778 ], [ -81.479307805555564, 25.67149388888889 ] ] } },
{ "type": "Feature", "properties": { "style": "solid", "thickness": 1 }, "geometry": { "type": "LineString", "coordinates": [ [ -81.477041333333332, 25.672701444444446 ], [ -81.479456777777784, 25.671932472222224 ] ] } },
{ "type": "Feature", "properties": { "style": "solid", "thickness": 1 }, "geometry": { "type": "LineString", "coordinates": [ [ -81.47746197222223, 25.673053555555558 ], [ -81.47939513888889, 25.672438138888889 ] ] } },
{ "type": "Feature", "properties": { "style": "solid", "thickness": 1 }, "geometry": { "type": "LineString", "coordinates": [ [ -81.478584472222224, 25.673182222222223 ], [ -81.479336805555562, 25.672568861111113 ], [ -81.479385972222218, 25.671652833333333 ], [ -81.478702861111117, 25.670976222222222 ], [ -81.477691694444445, 25.670939333333333 ], [ -81.476950777777773, 25.67156402777778 ], [ -81.476918527777784, 25.672480666666669 ], [ -81.477614055555563, 25.673146833333334 ], [ -81.478584472222224, 25.673182222222223 ] ] } },
{ "type": "Feature", "properties": { "style": "solid", "thickness": 1 }, "geometry": { "type": "LineString", "coordinates": [ [ -81.482982333333339, 25.687556416666666 ], [ -81.48507438888889, 25.686890388888891 ] ] } },
{ "type": "Feature", "properties": { "style": "solid", "thickness": 1 }, "geometry": { "type": "LineString", "coordinates": [ [ -81.482969527777783, 25.6880465 ], [ -81.485422694444452, 25.687265527777779 ] ] } },
{ "type": "Feature", "properties": { "style": "solid", "thickness": 1 }, "geometry": { "type": "LineString", "coordinates": [ [ -81.483156, 25.688473166666668 ], [ -81.48557175, 25.68770411111111 ] ] } },
{ "type": "Feature", "properties": { "style": "solid", "thickness": 1 }, "geometry": { "type": "LineString", "coordinates": [ [ -81.483576722222224, 25.68882525 ], [ -81.485510111111111, 25.68820975 ] ] } },
{ "type": "Feature", "properties": { "style": "solid", "thickness": 1 }, "geometry": { "type": "LineString", "coordinates": [ [ -81.484699388888885, 25.688953888888889 ], [ -81.485451777777783, 25.688340472222222 ], [ -81.485500888888893, 25.687424472222222 ], [ -81.484817666666672, 25.686747861111112 ], [ -81.483806361111107, 25.686711027777779 ], [ -81.483065388888889, 25.68733575 ], [ -81.483033194444445, 25.688252388888888 ], [ -81.48372883333333, 25.688918527777776 ], [ -81.484699388888885, 25.688953888888889 ] ] } },
{ "type": "Feature", "properties": { "style": "solid", "thickness": 1 }, "geometry": { "type": "LineString", "coordinates": [ [ -81.489098555555557, 25.703327861111109 ], [ -81.491190861111107, 25.70266175 ] ] } },
{ "type": "Feature", "properties": { "style": "solid", "thickness": 1 }, "geometry": { "type": "LineString", "coordinates": [ [ -81.489085777777774, 25.703817972222222 ], [ -81.49153925, 25.703036861111109 ] ] } },
{ "type": "Feature", "properties": { "style": "solid", "thickness": 1 }, "geometry": { "type": "LineString", "coordinates": [ [ -81.489272305555559, 25.704244611111111 ], [ -81.491688305555556, 25.703475444444443 ] ] } },
{ "type": "Feature", "properties": { "style": "solid", "thickness": 1 }, "geometry": { "type": "LineString", "coordinates": [ [ -81.489693083333336, 25.704596694444444 ], [ -81.491626694444449, 25.703981083333332 ] ] } },
{ "type": "Feature", "properties": { "style": "solid", "thickness": 1 }, "geometry": { "type": "LineString", "coordinates": [ [ -81.490815888888889, 25.70472525 ], [ -81.491568388888894, 25.704111833333332 ], [ -81.491617444444444, 25.703195805555556 ], [ -81.490934083333329, 25.70251925 ], [ -81.489922638888885, 25.702482444444442 ], [ -81.489181611111107, 25.703107194444442 ], [ -81.48914944444445, 25.704023833333334 ], [ -81.489845222222229, 25.704689944444443 ], [ -81.490815888888889, 25.70472525 ] ] } },
{ "type": "Feature", "properties": { "style": "solid", "thickness": 1 }, "geometry": { "type": "LineString", "coordinates": [ [ -81.495216388888892, 25.719099055555553 ], [ -81.497308944444441, 25.718432861111108 ] ] } },
{ "type": "Feature", "properties": { "style": "solid", "thickness": 1 }, "geometry": { "type": "LineString", "coordinates": [ [ -81.495203638888896, 25.719589166666665 ], [ -81.497657388888896, 25.718807972222219 ] ] } },
{ "type": "Feature", "properties": { "style": "solid", "thickness": 1 }, "geometry": { "type": "LineString", "coordinates": [ [ -81.49539019444444, 25.720015805555555 ], [ -81.4978065, 25.719246527777777 ] ] } },
{ "type": "Feature", "properties": { "style": "solid", "thickness": 1 }, "geometry": { "type": "LineString", "coordinates": [ [ -81.495811055555563, 25.720367861111111 ], [ -81.497744916666662, 25.719752166666666 ] ] } },
{ "type": "Feature", "properties": { "style": "solid", "thickness": 1 }, "geometry": { "type": "LineString", "coordinates": [ [ -81.496934027777783, 25.720496388888886 ], [ -81.497686583333333, 25.719882916666666 ], [ -81.497735611111111, 25.718966888888886 ], [ -81.497052111111117, 25.718290361111109 ], [ -81.496040555555552, 25.718253611111109 ], [ -81.495299444444441, 25.718878388888886 ], [ -81.495267333333331, 25.719795027777778 ], [ -81.49596322222223, 25.72046111111111 ], [ -81.496934027777783, 25.720496388888886 ] ] } },
{ "type": "Feature", "properties": { "style": "solid", "thickness": 1 }, "geometry": { "type": "LineString", "coordinates": [ [ -81.501335833333329, 25.73487 ], [ -81.503428666666665, 25.734203694444446 ] ] } },
{ "type": "Feature", "properties": { "style": "solid", "thickness": 1 }, "geometry": { "type": "LineString", "coordinates": [ [ -81.501323111111105, 25.735360083333333 ], [ -81.503777166666666, 25.734578777777777 ] ] } },
{ "type": "Feature", "properties": { "style": "solid", "thickness": 1 }, "geometry": { "type": "LineString", "coordinates": [ [ -81.501509722222224, 25.735786722222223 ], [ -81.503926305555552, 25.735017333333335 ] ] } },
{ "type": "Feature", "properties": { "style": "solid", "thickness": 1 }, "geometry": { "type": "LineString", "coordinates": [ [ -81.501930666666667, 25.73613875 ], [ -81.50386475, 25.735523 ] ] } },
{ "type": "Feature", "properties": { "style": "solid", "thickness": 1 }, "geometry": { "type": "LineString", "coordinates": [ [ -81.503053805555552, 25.736267222222224 ], [ -81.503806416666663, 25.735653722222224 ], [ -81.503855388888894, 25.734737722222224 ], [ -81.50317177777778, 25.734061222222223 ], [ -81.502160083333337, 25.7340245 ], [ -81.501418888888892, 25.734649305555557 ], [ -81.501386833333328, 25.735565944444446 ], [ -81.502082861111106, 25.736232 ], [ -81.503053805555552, 25.736267222222224 ] ] } },
{ "type": "Feature", "properties": { "style": "solid", "thickness": 1 }, "geometry": { "type": "LineString", "coordinates": [ [ -81.50489694444444, 25.750695861111112 ], [ -81.507115583333331, 25.750693583333334 ] ] } },
{ "type": "Feature", "properties": { "style": "solid", "thickness": 1 }, "geometry": { "type": "LineString", "coordinates": [ [ -81.504706055555559, 25.751154583333335 ], [ -81.507307638888889, 25.751151916666668 ] ] } },
{ "type": "Feature", "properties": { "style": "solid", "thickness": 1 }, "geometry": { "type": "LineString", "coordinates": [ [ -81.504726472222217, 25.751613111111112 ], [ -81.507288361111108, 25.7516105 ] ] } },
{ "type": "Feature", "properties": { "style": "solid", "thickness": 1 }, "geometry": { "type": "LineString", "coordinates": [ [ -81.504995333333326, 25.75207138888889 ], [ -81.50704566666667, 25.752069277777778 ] ] } },
{ "type": "Feature", "properties": { "style": "solid", "thickness": 1 }, "geometry": { "type": "LineString", "coordinates": [ [ -81.50600858333334, 25.752528888888889 ], [ -81.506942916666674, 25.752175194444444 ], [ -81.5073235, 25.75132536111111 ], [ -81.506925138888889, 25.750482194444444 ], [ -81.505983555555559, 25.750144666666667 ], [ -81.50505588888889, 25.750512444444446 ], [ -81.504691055555554, 25.751367944444443 ], [ -81.50510494444444, 25.752204944444443 ], [ -81.50600858333334, 25.752528888888889 ] ] } },
{ "type": "Feature", "properties": { "style": "solid", "thickness": 1 }, "geometry": { "type": "LineString", "coordinates": [ [ -81.50491775, 25.767412472222222 ], [ -81.507136694444441, 25.767410194444444 ] ] } },
{ "type": "Feature", "properties": { "style": "solid", "thickness": 1 }, "geometry": { "type": "LineString", "coordinates": [ [ -81.504726805555549, 25.767871222222222 ], [ -81.507328777777772, 25.767868555555555 ] ] } },
{ "type": "Feature", "properties": { "style": "solid", "thickness": 1 }, "geometry": { "type": "LineString", "coordinates": [ [ -81.50474725, 25.76832975 ], [ -81.507309472222218, 25.768327111111109 ] ] } },
{ "type": "Feature", "properties": { "style": "solid", "thickness": 1 }, "geometry": { "type": "LineString", "coordinates": [ [ -81.505016111111118, 25.768788 ], [ -81.50706677777778, 25.768785916666666 ] ] } },
{ "type": "Feature", "properties": { "style": "solid", "thickness": 1 }, "geometry": { "type": "LineString", "coordinates": [ [ -81.5060295, 25.769245527777777 ], [ -81.506963972222223, 25.768891833333331 ], [ -81.507344611111108, 25.768041972222221 ], [ -81.506946194444438, 25.767198833333332 ], [ -81.5060045, 25.766861277777778 ], [ -81.50507669444444, 25.767229083333334 ], [ -81.504711805555559, 25.768084583333334 ], [ -81.50512575, 25.768921583333331 ], [ -81.5060295, 25.769245527777777 ] ] } },
{ "type": "Feature", "properties": { "style": "solid", "thickness": 1 }, "geometry": { "type": "LineString", "coordinates": [ [ -81.504938527777782, 25.784129083333337 ], [ -81.507157777777778, 25.784126805555559 ] ] } },
{ "type": "Feature", "properties": { "style": "solid", "thickness": 1 }, "geometry": { "type": "LineString", "coordinates": [ [ -81.504747555555554, 25.784587833333337 ], [ -81.507349888888882, 25.78458516666667 ] ] } },
{ "type": "Feature", "properties": { "style": "solid", "thickness": 1 }, "geometry": { "type": "LineString", "coordinates": [ [ -81.504768, 25.785046361111114 ], [ -81.507330583333328, 25.785043722222223 ] ] } },
{ "type": "Feature", "properties": { "style": "solid", "thickness": 1 }, "geometry": { "type": "LineString", "coordinates": [ [ -81.505036916666668, 25.785504611111111 ], [ -81.50708783333333, 25.78550252777778 ] ] } },
{ "type": "Feature", "properties": { "style": "solid", "thickness": 1 }, "geometry": { "type": "LineString", "coordinates": [ [ -81.50605044444444, 25.785962138888891 ], [ -81.50698505555556, 25.785608444444446 ], [ -81.507365722222218, 25.784758583333335 ], [ -81.50696725, 25.783915444444446 ], [ -81.50602541666666, 25.783577888888889 ], [ -81.5050975, 25.783945694444448 ], [ -81.504732555555549, 25.784801194444444 ], [ -81.505146555555555, 25.785638194444445 ], [ -81.50605044444444, 25.785962138888891 ] ] } },
{ "type": "Feature", "properties": { "style": "solid", "thickness": 1 }, "geometry": { "type": "LineString", "coordinates": [ [ -81.504959277777772, 25.800845694444444 ], [ -81.507178861111115, 25.800843416666666 ] ] } },
{ "type": "Feature", "properties": { "style": "solid", "thickness": 1 }, "geometry": { "type": "LineString", "coordinates": [ [ -81.504768305555558, 25.801304416666667 ], [ -81.507371, 25.80130175 ] ] } },
{ "type": "Feature", "properties": { "style": "solid", "thickness": 1 }, "geometry": { "type": "LineString", "coordinates": [ [ -81.50478875, 25.801762944444445 ], [ -81.507351694444438, 25.801760305555558 ] ] } },
{ "type": "Feature", "properties": { "style": "solid", "thickness": 1 }, "geometry": { "type": "LineString", "coordinates": [ [ -81.505057694444446, 25.802221222222222 ], [ -81.507108916666667, 25.802219111111111 ] ] } },
{ "type": "Feature", "properties": { "style": "solid", "thickness": 1 }, "geometry": { "type": "LineString", "coordinates": [ [ -81.506071361111111, 25.802678722222222 ], [ -81.50700611111111, 25.80232502777778 ], [ -81.507386861111115, 25.801475166666666 ], [ -81.506988333333339, 25.800632027777777 ], [ -81.506046361111117, 25.8002945 ], [ -81.505118305555555, 25.800662277777779 ], [ -81.504753305555553, 25.801517777777779 ], [ -81.505167361111106, 25.802354777777779 ], [ -81.506071361111111, 25.802678722222222 ] ] } },
{ "type": "Feature", "properties": { "style": "solid", "thickness": 1 }, "geometry": { "type": "LineString", "coordinates": [ [ -81.504980055555549, 25.81756225 ], [ -81.507199944444451, 25.81755997222222 ] ] } },
{ "type": "Feature", "properties": { "style": "solid", "thickness": 1 }, "geometry": { "type": "LineString", "coordinates": [ [ -81.504789055555563, 25.818021 ], [ -81.507392111111116, 25.818018333333335 ] ] } },
{ "type": "Feature", "properties": { "style": "solid", "thickness": 1 }, "geometry": { "type": "LineString", "coordinates": [ [ -81.5048095, 25.8184795 ], [ -81.507372805555562, 25.818476888888888 ] ] } },
{ "type": "Feature", "properties": { "style": "solid", "thickness": 1 }, "geometry": { "type": "LineString", "coordinates": [ [ -81.505078472222223, 25.818937777777776 ], [ -81.50713, 25.818935666666665 ] ] } },
{ "type": "Feature", "properties": { "style": "solid", "thickness": 1 }, "geometry": { "type": "LineString", "coordinates": [ [ -81.506092305555555, 25.819395277777776 ], [ -81.50702716666666, 25.819041611111111 ], [ -81.507407972222225, 25.81819175 ], [ -81.507009388888889, 25.817348611111111 ], [ -81.506067277777774, 25.817011055555554 ], [ -81.505139083333333, 25.817378861111109 ], [ -81.504774055555558, 25.818234361111109 ], [ -81.505188138888883, 25.819071333333333 ], [ -81.506092305555555, 25.819395277777776 ] ] } },
{ "type": "Feature", "properties": { "style": "solid", "thickness": 1 }, "geometry": { "type": "LineString", "coordinates": [ [ -81.505000833333327, 25.834278805555556 ], [ -81.507221027777774, 25.834276527777778 ] ] } },
{ "type": "Feature", "properties": { "style": "solid", "thickness": 1 }, "geometry": { "type": "LineString", "coordinates": [ [ -81.50480977777778, 25.834737527777776 ], [ -81.507413222222226, 25.834734861111109 ] ] } },
{ "type": "Feature", "properties": { "style": "solid", "thickness": 1 }, "geometry": { "type": "LineString", "coordinates": [ [ -81.504830222222225, 25.835196055555553 ], [ -81.507393916666672, 25.835193444444442 ] ] } },
{ "type": "Feature", "properties": { "style": "solid", "thickness": 1 }, "geometry": { "type": "LineString", "coordinates": [ [ -81.50509925, 25.835654333333331 ], [ -81.507151055555553, 25.835652222222222 ] ] } },
{ "type": "Feature", "properties": { "style": "solid", "thickness": 1 }, "geometry": { "type": "LineString", "coordinates": [ [ -81.506113222222226, 25.836111833333334 ], [ -81.507048222222224, 25.835758138888888 ], [ -81.507429055555562, 25.834908305555555 ], [ -81.507030416666666, 25.834065138888889 ], [ -81.506088194444445, 25.833727611111112 ], [ -81.50515986111111, 25.834095388888887 ], [ -81.504794777777775, 25.834950888888887 ], [ -81.505208944444448, 25.835787888888888 ], [ -81.506113222222226, 25.836111833333334 ] ] } },
{ "type": "Feature", "properties": { "style": "solid", "thickness": 1 }, "geometry": { "type": "LineString", "coordinates": [ [ -81.505021583333331, 25.850995333333334 ], [ -81.507242083333338, 25.850993055555556 ] ] } },
{ "type": "Feature", "properties": { "style": "solid", "thickness": 1 }, "geometry": { "type": "LineString", "coordinates": [ [ -81.5048305, 25.851454055555557 ], [ -81.507434305555549, 25.85145138888889 ] ] } },
{ "type": "Feature", "properties": { "style": "solid", "thickness": 1 }, "geometry": { "type": "LineString", "coordinates": [ [ -81.504850944444442, 25.851912583333334 ], [ -81.507415, 25.851909972222224 ] ] } },
{ "type": "Feature", "properties": { "style": "solid", "thickness": 1 }, "geometry": { "type": "LineString", "coordinates": [ [ -81.505120027777778, 25.852370861111112 ], [ -81.507172111111117, 25.85236875 ] ] } },
{ "type": "Feature", "properties": { "style": "solid", "thickness": 1 }, "geometry": { "type": "LineString", "coordinates": [ [ -81.506134138888882, 25.852828361111111 ], [ -81.50706925, 25.852474666666669 ], [ -81.507450166666672, 25.851624833333336 ], [ -81.507051472222216, 25.850781666666666 ], [ -81.506109111111115, 25.850444138888889 ], [ -81.505180666666661, 25.850811916666668 ], [ -81.5048155, 25.851667416666668 ], [ -81.505229722222225, 25.852504416666669 ], [ -81.506134138888882, 25.852828361111111 ] ] } },
{ "type": "Feature", "properties": { "style": "solid", "thickness": 1 }, "geometry": { "type": "LineString", "coordinates": [ [ -81.505042333333336, 25.867711833333335 ], [ -81.507263166666661, 25.867709555555557 ] ] } },
{ "type": "Feature", "properties": { "style": "solid", "thickness": 1 }, "geometry": { "type": "LineString", "coordinates": [ [ -81.504851222222229, 25.868170583333335 ], [ -81.507455388888886, 25.868167916666668 ] ] } },
{ "type": "Feature", "properties": { "style": "solid", "thickness": 1 }, "geometry": { "type": "LineString", "coordinates": [ [ -81.504871694444446, 25.868629083333335 ], [ -81.507436111111105, 25.868626472222221 ] ] } },
{ "type": "Feature", "properties": { "style": "solid", "thickness": 1 }, "geometry": { "type": "LineString", "coordinates": [ [ -81.505140777777783, 25.869087361111113 ], [ -81.507193166666667, 25.86908525 ] ] } },
{ "type": "Feature", "properties": { "style": "solid", "thickness": 1 }, "geometry": { "type": "LineString", "coordinates": [ [ -81.50615502777778, 25.869544861111113 ], [ -81.50709030555555, 25.869191166666667 ], [ -81.50747125, 25.868341333333333 ], [ -81.5070725, 25.867498194444444 ], [ -81.50613, 25.86716063888889 ], [ -81.505201416666665, 25.867528444444446 ], [ -81.504836222222224, 25.868383916666666 ], [ -81.5052505, 25.869220916666666 ], [ -81.50615502777778, 25.869544861111113 ] ] } },
{ "type": "Feature", "properties": { "style": "solid", "thickness": 1 }, "geometry": { "type": "LineString", "coordinates": [ [ -81.50506308333334, 25.884428333333332 ], [ -81.507284222222225, 25.884426055555554 ] ] } },
{ "type": "Feature", "properties": { "style": "solid", "thickness": 1 }, "geometry": { "type": "LineString", "coordinates": [ [ -81.504871944444446, 25.884887055555556 ], [ -81.5074765, 25.884884388888889 ] ] } },
{ "type": "Feature", "properties": { "style": "solid", "thickness": 1 }, "geometry": { "type": "LineString", "coordinates": [ [ -81.504892416666664, 25.885345583333333 ], [ -81.507457194444441, 25.885342944444442 ] ] } },
{ "type": "Feature", "properties": { "style": "solid", "thickness": 1 }, "geometry": { "type": "LineString", "coordinates": [ [ -81.50516155555556, 25.885803833333334 ], [ -81.507214222222217, 25.88580175 ] ] } },
{ "type": "Feature", "properties": { "style": "solid", "thickness": 1 }, "geometry": { "type": "LineString", "coordinates": [ [ -81.50617594444445, 25.886261333333334 ], [ -81.507111333333327, 25.885907666666665 ], [ -81.507492361111105, 25.885057805555554 ], [ -81.507093555555556, 25.884214666666665 ], [ -81.50615091666667, 25.883877138888888 ], [ -81.505222194444443, 25.884244916666667 ], [ -81.504856944444441, 25.885100416666667 ], [ -81.50527127777778, 25.885937416666668 ], [ -81.50617594444445, 25.886261333333334 ] ] } },
{ "type": "Feature", "properties": { "style": "solid", "thickness": 1 }, "geometry": { "type": "LineString", "coordinates": [ [ -81.505083805555557, 25.901144777777777 ], [ -81.507305277777775, 25.9011425 ] ] } },
{ "type": "Feature", "properties": { "style": "solid", "thickness": 1 }, "geometry": { "type": "LineString", "coordinates": [ [ -81.504892666666663, 25.901603527777777 ], [ -81.507497583333333, 25.90160086111111 ] ] } },
{ "type": "Feature", "properties": { "style": "solid", "thickness": 1 }, "geometry": { "type": "LineString", "coordinates": [ [ -81.504913111111108, 25.902062027777777 ], [ -81.507478277777778, 25.902059416666667 ] ] } },
{ "type": "Feature", "properties": { "style": "solid", "thickness": 1 }, "geometry": { "type": "LineString", "coordinates": [ [ -81.50518230555555, 25.902520305555555 ], [ -81.507235277777781, 25.902518194444443 ] ] } },
{ "type": "Feature", "properties": { "style": "solid", "thickness": 1 }, "geometry": { "type": "LineString", "coordinates": [ [ -81.506196833333334, 25.902977805555555 ], [ -81.507132361111104, 25.902624111111109 ], [ -81.507513444444442, 25.901774277777776 ], [ -81.507114583333333, 25.900931138888886 ], [ -81.506171805555553, 25.900593583333333 ], [ -81.50524297222222, 25.900961388888888 ], [ -81.504877666666673, 25.901816861111108 ], [ -81.505292055555557, 25.902653861111109 ], [ -81.506196833333334, 25.902977805555555 ] ] } },
{ "type": "Feature", "properties": { "style": "solid", "thickness": 1 }, "geometry": { "type": "LineString", "coordinates": [ [ -81.505104694444441, 25.917861222222225 ], [ -81.507326472222218, 25.917858944444447 ] ] } },
{ "type": "Feature", "properties": { "style": "solid", "thickness": 1 }, "geometry": { "type": "LineString", "coordinates": [ [ -81.504913527777774, 25.918319972222225 ], [ -81.507518805555549, 25.918317277777778 ] ] } },
{ "type": "Feature", "properties": { "style": "solid", "thickness": 1 }, "geometry": { "type": "LineString", "coordinates": [ [ -81.504934, 25.918778472222222 ], [ -81.5074995, 25.918775833333335 ] ] } },
{ "type": "Feature", "properties": { "style": "solid", "thickness": 1 }, "geometry": { "type": "LineString", "coordinates": [ [ -81.505203222222221, 25.91923675 ], [ -81.507256472222224, 25.919234611111111 ] ] } },
{ "type": "Feature", "properties": { "style": "solid", "thickness": 1 }, "geometry": { "type": "LineString", "coordinates": [ [ -81.506217916666671, 25.919694222222223 ], [ -81.507153555555561, 25.919340555555557 ], [ -81.507534666666672, 25.918490694444447 ], [ -81.50713575, 25.917647555555558 ], [ -81.50619283333333, 25.917310027777781 ], [ -81.505263861111118, 25.917677833333336 ], [ -81.504898527777783, 25.918533333333336 ], [ -81.505312972222228, 25.919370305555557 ], [ -81.506217916666671, 25.919694222222223 ] ] } },
{ "type": "Feature", "properties": { "style": "solid", "thickness": 1 }, "geometry": { "type": "LineString", "coordinates": [ [ -81.505125666666672, 25.934577638888889 ], [ -81.507347777777781, 25.934575333333335 ] ] } },
{ "type": "Feature", "properties": { "style": "solid", "thickness": 1 }, "geometry": { "type": "LineString", "coordinates": [ [ -81.504934472222217, 25.935036388888889 ], [ -81.507540138888885, 25.935033694444446 ] ] } },
{ "type": "Feature", "properties": { "style": "solid", "thickness": 1 }, "geometry": { "type": "LineString", "coordinates": [ [ -81.504954944444449, 25.93549488888889 ], [ -81.507520805555558, 25.93549225 ] ] } },
{ "type": "Feature", "properties": { "style": "solid", "thickness": 1 }, "geometry": { "type": "LineString", "coordinates": [ [ -81.505224222222225, 25.935953166666668 ], [ -81.50727775, 25.935951027777779 ] ] } },
{ "type": "Feature", "properties": { "style": "solid", "thickness": 1 }, "geometry": { "type": "LineString", "coordinates": [ [ -81.506239055555554, 25.936410638888891 ], [ -81.507174833333337, 25.936056944444445 ], [ -81.507556, 25.935207111111112 ], [ -81.507157, 25.934363972222222 ], [ -81.506213972222227, 25.934026444444445 ], [ -81.505284861111107, 25.93439425 ], [ -81.504919472222227, 25.935249722222224 ], [ -81.505334, 25.936086722222221 ], [ -81.506239055555554, 25.936410638888891 ] ] } },
{ "type": "Feature", "properties": { "style": "solid", "thickness": 1 }, "geometry": { "type": "LineString", "coordinates": [ [ -81.505146666666661, 25.951294027777777 ], [ -81.507369055555557, 25.951291722222223 ] ] } },
{ "type": "Feature", "properties": { "style": "solid", "thickness": 1 }, "geometry": { "type": "LineString", "coordinates": [ [ -81.504955416666661, 25.95175275 ], [ -81.507561444444448, 25.951750055555554 ] ] } },
{ "type": "Feature", "properties": { "style": "solid", "thickness": 1 }, "geometry": { "type": "LineString", "coordinates": [ [ -81.504975888888893, 25.952211277777778 ], [ -81.507542138888894, 25.952208638888887 ] ] } },
{ "type": "Feature", "properties": { "style": "solid", "thickness": 1 }, "geometry": { "type": "LineString", "coordinates": [ [ -81.505245194444441, 25.952669527777775 ], [ -81.507299055555549, 25.952667416666667 ] ] } },
{ "type": "Feature", "properties": { "style": "solid", "thickness": 1 }, "geometry": { "type": "LineString", "coordinates": [ [ -81.506260166666664, 25.953127027777779 ], [ -81.507196111111114, 25.952773333333333 ], [ -81.507577305555557, 25.9519235 ], [ -81.507178277777783, 25.95108036111111 ], [ -81.506235083333337, 25.950742833333333 ], [ -81.505305861111111, 25.951110638888888 ], [ -81.50494041666667, 25.951966111111112 ], [ -81.505355, 25.952803111111109 ], [ -81.506260166666664, 25.953127027777779 ] ] } },
{ "type": "Feature", "properties": { "style": "solid", "thickness": 1 }, "geometry": { "type": "LineString", "coordinates": [ [ -81.505167611111105, 25.968010388888889 ], [ -81.507390333333333, 25.968008083333331 ] ] } },
{ "type": "Feature", "properties": { "style": "solid", "thickness": 1 }, "geometry": { "type": "LineString", "coordinates": [ [ -81.504976361111105, 25.968469111111109 ], [ -81.50758275, 25.968466416666665 ] ] } },
{ "type": "Feature", "properties": { "style": "solid", "thickness": 1 }, "geometry": { "type": "LineString", "coordinates": [ [ -81.504996833333337, 25.968927638888886 ], [ -81.507563444444443, 25.968924972222222 ] ] } },
{ "type": "Feature", "properties": { "style": "solid", "thickness": 1 }, "geometry": { "type": "LineString", "coordinates": [ [ -81.505266194444445, 25.969385888888887 ], [ -81.50732033333334, 25.969383777777775 ] ] } },
{ "type": "Feature", "properties": { "style": "solid", "thickness": 1 }, "geometry": { "type": "LineString", "coordinates": [ [ -81.506281305555561, 25.969843388888886 ], [ -81.507217361111117, 25.969489694444444 ], [ -81.507598638888894, 25.968639861111111 ], [ -81.507199527777772, 25.967796722222221 ], [ -81.50625622222222, 25.967459194444444 ], [ -81.505326861111115, 25.967827 ], [ -81.504961361111114, 25.96868247222222 ], [ -81.505376, 25.969519444444444 ], [ -81.506281305555561, 25.969843388888886 ] ] } },
{ "type": "Feature", "properties": { "style": "solid", "thickness": 1 }, "geometry": { "type": "LineString", "coordinates": [ [ -81.505188583333336, 25.984726722222224 ], [ -81.507411638888883, 25.984724416666669 ] ] } },
{ "type": "Feature", "properties": { "style": "solid", "thickness": 1 }, "geometry": { "type": "LineString", "coordinates": [ [ -81.504997305555563, 25.985185444444447 ], [ -81.507604055555561, 25.98518275 ] ] } },
{ "type": "Feature", "properties": { "style": "solid", "thickness": 1 }, "geometry": { "type": "LineString", "coordinates": [ [ -81.50501777777778, 25.985643972222224 ], [ -81.50758475, 25.985641305555557 ] ] } },
{ "type": "Feature", "properties": { "style": "solid", "thickness": 1 }, "geometry": { "type": "LineString", "coordinates": [ [ -81.505287166666662, 25.986102222222222 ], [ -81.507341583333329, 25.986100111111114 ] ] } },
{ "type": "Feature", "properties": { "style": "solid", "thickness": 1 }, "geometry": { "type": "LineString", "coordinates": [ [ -81.506302416666671, 25.986559722222225 ], [ -81.507238611111106, 25.986206027777779 ], [ -81.507619944444443, 25.985356194444446 ], [ -81.507220777777775, 25.984513055555556 ], [ -81.50627733333333, 25.984175527777779 ], [ -81.505347833333332, 25.984543333333335 ], [ -81.504982277777785, 25.985398805555558 ], [ -81.505397, 25.986235777777779 ], [ -81.506302416666671, 25.986559722222225 ] ] } },
{ "type": "Feature", "properties": { "style": "solid", "thickness": 1 }, "geometry": { "type": "LineString", "coordinates": [ [ -81.505209555555552, 26.001443027777778 ], [ -81.507432916666673, 26.001440722222224 ] ] } },
{ "type": "Feature", "properties": { "style": "solid", "thickness": 1 }, "geometry": { "type": "LineString", "coordinates": [ [ -81.50501825, 26.00190175 ], [ -81.50762536111111, 26.001899055555555 ] ] } },
{ "type": "Feature", "properties": { "style": "solid", "thickness": 1 }, "geometry": { "type": "LineString", "coordinates": [ [ -81.505038722222224, 26.002360277777779 ], [ -81.507606055555556, 26.002357611111112 ] ] } },
{ "type": "Feature", "properties": { "style": "solid", "thickness": 1 }, "geometry": { "type": "LineString", "coordinates": [ [ -81.505308138888893, 26.002818527777777 ], [ -81.507362861111105, 26.002816416666668 ] ] } },
{ "type": "Feature", "properties": { "style": "solid", "thickness": 1 }, "geometry": { "type": "LineString", "coordinates": [ [ -81.506323555555554, 26.003276027777776 ], [ -81.507259861111109, 26.002922333333334 ], [ -81.50764125, 26.0020725 ], [ -81.507242027777778, 26.001229361111111 ], [ -81.50629844444444, 26.000891833333334 ], [ -81.505368833333335, 26.001259611111109 ], [ -81.505003222222228, 26.00211511111111 ], [ -81.505417972222219, 26.002952083333334 ], [ -81.506323555555554, 26.003276027777776 ] ] } },
{ "type": "Feature", "properties": { "style": "solid", "thickness": 1 }, "geometry": { "type": "LineString", "coordinates": [ [ -81.5052305, 26.018159305555553 ], [ -81.507454166666662, 26.018157 ] ] } },
{ "type": "Feature", "properties": { "style": "solid", "thickness": 1 }, "geometry": { "type": "LineString", "coordinates": [ [ -81.505039166666663, 26.018618027777777 ], [ -81.507646666666673, 26.018615333333333 ] ] } },
{ "type": "Feature", "properties": { "style": "solid", "thickness": 1 }, "geometry": { "type": "LineString", "coordinates": [ [ -81.505059638888895, 26.019076555555554 ], [ -81.507627333333332, 26.019073888888887 ] ] } },
{ "type": "Feature", "properties": { "style": "solid", "thickness": 1 }, "geometry": { "type": "LineString", "coordinates": [ [ -81.505329111111109, 26.019534805555555 ], [ -81.507384111111108, 26.019532694444443 ] ] } },
{ "type": "Feature", "properties": { "style": "solid", "thickness": 1 }, "geometry": { "type": "LineString", "coordinates": [ [ -81.506344666666664, 26.019992277777778 ], [ -81.507281111111112, 26.019638611111109 ], [ -81.507662555555555, 26.01878875 ], [ -81.507263277777781, 26.017945638888889 ], [ -81.50631955555555, 26.017608111111109 ], [ -81.505389805555552, 26.017975888888888 ], [ -81.505024138888885, 26.018831388888888 ], [ -81.505438972222223, 26.019668361111112 ], [ -81.506344666666664, 26.019992277777778 ] ] } },
{ "type": "Feature", "properties": { "style": "solid", "thickness": 1 }, "geometry": { "type": "LineString", "coordinates": [ [ -81.50525144444444, 26.034875555555558 ], [ -81.507475444444438, 26.03487325 ] ] } },
{ "type": "Feature", "properties": { "style": "solid", "thickness": 1 }, "geometry": { "type": "LineString", "coordinates": [ [ -81.505060083333333, 26.035334277777778 ], [ -81.507667972222222, 26.035331583333335 ] ] } },
{ "type": "Feature", "properties": { "style": "solid", "thickness": 1 }, "geometry": { "type": "LineString", "coordinates": [ [ -81.505080583333338, 26.035792777777779 ], [ -81.507648638888895, 26.035790138888892 ] ] } },
{ "type": "Feature", "properties": { "style": "solid", "thickness": 1 }, "geometry": { "type": "LineString", "coordinates": [ [ -81.505350055555553, 26.036251055555557 ], [ -81.507405361111111, 26.036248916666668 ] ] } },
{ "type": "Feature", "properties": { "style": "solid", "thickness": 1 }, "geometry": { "type": "LineString", "coordinates": [ [ -81.506365777777773, 26.03670852777778 ], [ -81.507302361111115, 26.036354861111114 ], [ -81.507683833333331, 26.035505 ], [ -81.507284527777784, 26.034661888888891 ], [ -81.506340666666674, 26.034324361111114 ], [ -81.505410777777783, 26.034692138888889 ], [ -81.505045055555556, 26.03554763888889 ], [ -81.505459944444439, 26.036384611111114 ], [ -81.506365777777773, 26.03670852777778 ] ] } },
{ "type": "Feature", "properties": { "style": "solid", "thickness": 1 }, "geometry": { "type": "LineString", "coordinates": [ [ -81.505272388888883, 26.05159177777778 ], [ -81.507496694444441, 26.051589472222222 ] ] } },
{ "type": "Feature", "properties": { "style": "solid", "thickness": 1 }, "geometry": { "type": "LineString", "coordinates": [ [ -81.505081, 26.0520505 ], [ -81.50768925, 26.052047805555556 ] ] } },
{ "type": "Feature", "properties": { "style": "solid", "thickness": 1 }, "geometry": { "type": "LineString", "coordinates": [ [ -81.5051015, 26.052509 ], [ -81.507669916666671, 26.05250636111111 ] ] } },
{ "type": "Feature", "properties": { "style": "solid", "thickness": 1 }, "geometry": { "type": "LineString", "coordinates": [ [ -81.505371027777784, 26.05296725 ], [ -81.507426611111114, 26.05296513888889 ] ] } },
{ "type": "Feature", "properties": { "style": "solid", "thickness": 1 }, "geometry": { "type": "LineString", "coordinates": [ [ -81.50638686111111, 26.05342475 ], [ -81.507323583333331, 26.053071055555556 ], [ -81.507705138888895, 26.052221222222222 ], [ -81.50730575, 26.051378111111113 ], [ -81.506361777777784, 26.051040583333332 ], [ -81.50543175, 26.051408361111111 ], [ -81.505065972222226, 26.052263833333335 ], [ -81.50548091666667, 26.053100833333335 ], [ -81.50638686111111, 26.05342475 ] ] } },
{ "type": "Feature", "properties": { "style": "solid", "thickness": 1 }, "geometry": { "type": "LineString", "coordinates": [ [ -81.505293333333327, 26.068307944444445 ], [ -81.507517972222217, 26.068305666666667 ] ] } },
{ "type": "Feature", "properties": { "style": "solid", "thickness": 1 }, "geometry": { "type": "LineString", "coordinates": [ [ -81.505101916666661, 26.068766666666665 ], [ -81.507710527777775, 26.068764 ] ] } },
{ "type": "Feature", "properties": { "style": "solid", "thickness": 1 }, "geometry": { "type": "LineString", "coordinates": [ [ -81.505122416666666, 26.069225194444446 ], [ -81.507691194444448, 26.069222555555555 ] ] } },
{ "type": "Feature", "properties": { "style": "solid", "thickness": 1 }, "geometry": { "type": "LineString", "coordinates": [ [ -81.505391972222228, 26.069683444444443 ], [ -81.507447861111118, 26.069681333333332 ] ] } },
{ "type": "Feature", "properties": { "style": "solid", "thickness": 1 }, "geometry": { "type": "LineString", "coordinates": [ [ -81.50640797222222, 26.070140916666666 ], [ -81.507344805555562, 26.06978725 ], [ -81.507726416666671, 26.068937416666667 ], [ -81.507326972222216, 26.068094277777778 ], [ -81.506382861111106, 26.06775675 ], [ -81.505452694444443, 26.068124555555556 ], [ -81.505086888888883, 26.068980027777776 ], [ -81.505501888888887, 26.069817 ], [ -81.50640797222222, 26.070140916666666 ] ] } },
{ "type": "Feature", "properties": { "style": "solid", "thickness": 1 }, "geometry": { "type": "LineString", "coordinates": [ [ -81.505314277777771, 26.08502411111111 ], [ -81.507539222222221, 26.085021805555556 ] ] } },
{ "type": "Feature", "properties": { "style": "solid", "thickness": 1 }, "geometry": { "type": "LineString", "coordinates": [ [ -81.505122833333331, 26.085482833333334 ], [ -81.507731805555551, 26.085480138888887 ] ] } },
{ "type": "Feature", "properties": { "style": "solid", "thickness": 1 }, "geometry": { "type": "LineString", "coordinates": [ [ -81.505143333333336, 26.085941333333331 ], [ -81.507712472222224, 26.085938694444444 ] ] } },
{ "type": "Feature", "properties": { "style": "solid", "thickness": 1 }, "geometry": { "type": "LineString", "coordinates": [ [ -81.505412916666671, 26.086399583333332 ], [ -81.507469111111106, 26.08639747222222 ] ] } },
{ "type": "Feature", "properties": { "style": "solid", "thickness": 1 }, "geometry": { "type": "LineString", "coordinates": [ [ -81.506429055555557, 26.086857083333332 ], [ -81.507366055555551, 26.086503388888886 ], [ -81.507747694444447, 26.085653555555556 ], [ -81.507348194444447, 26.084810444444443 ], [ -81.506403944444443, 26.084472916666666 ], [ -81.50547366666666, 26.084840694444445 ], [ -81.505107805555554, 26.085696194444445 ], [ -81.505522861111118, 26.086533166666666 ], [ -81.506429055555557, 26.086857083333332 ] ] } },
{ "type": "Feature", "properties": { "style": "solid", "thickness": 1 }, "geometry": { "type": "LineString", "coordinates": [ [ -81.505335194444442, 26.101740222222222 ], [ -81.507560444444451, 26.101737944444444 ] ] } },
{ "type": "Feature", "properties": { "style": "solid", "thickness": 1 }, "geometry": { "type": "LineString", "coordinates": [ [ -81.505143722222229, 26.102198944444446 ], [ -81.507753083333327, 26.102196277777779 ] ] } },
{ "type": "Feature", "properties": { "style": "solid", "thickness": 1 }, "geometry": { "type": "LineString", "coordinates": [ [ -81.50516422222222, 26.102657472222223 ], [ -81.50773375, 26.102654805555556 ] ] } },
{ "type": "Feature", "properties": { "style": "solid", "thickness": 1 }, "geometry": { "type": "LineString", "coordinates": [ [ -81.505433861111115, 26.103115722222224 ], [ -81.507490333333337, 26.103113611111112 ] ] } },
{ "type": "Feature", "properties": { "style": "solid", "thickness": 1 }, "geometry": { "type": "LineString", "coordinates": [ [ -81.506450138888894, 26.103573194444447 ], [ -81.507387277777781, 26.103219527777778 ], [ -81.507768972222223, 26.102369694444445 ], [ -81.507369416666663, 26.101526555555559 ], [ -81.50642502777778, 26.101189055555558 ], [ -81.505494611111118, 26.101556833333333 ], [ -81.505128694444451, 26.102412305555557 ], [ -81.505543805555561, 26.103249277777778 ], [ -81.506450138888894, 26.103573194444447 ] ] } },
{ "type": "Feature", "properties": { "style": "solid", "thickness": 1 }, "geometry": { "type": "LineString", "coordinates": [ [ -81.505356138888885, 26.118456305555554 ], [ -81.50758169444444, 26.11845402777778 ] ] } },
{ "type": "Feature", "properties": { "style": "solid", "thickness": 1 }, "geometry": { "type": "LineString", "coordinates": [ [ -81.505164638888886, 26.118915027777778 ], [ -81.507774361111117, 26.118912361111111 ] ] } },
{ "type": "Feature", "properties": { "style": "solid", "thickness": 1 }, "geometry": { "type": "LineString", "coordinates": [ [ -81.505185138888891, 26.119373555555555 ], [ -81.507755, 26.119370916666668 ] ] } },
{ "type": "Feature", "properties": { "style": "solid", "thickness": 1 }, "geometry": { "type": "LineString", "coordinates": [ [ -81.505454805555559, 26.119831805555556 ], [ -81.50751158333334, 26.119829694444444 ] ] } },
{ "type": "Feature", "properties": { "style": "solid", "thickness": 1 }, "geometry": { "type": "LineString", "coordinates": [ [ -81.506471222222217, 26.120289277777779 ], [ -81.507408472222224, 26.11993561111111 ], [ -81.50779025, 26.119085777777777 ], [ -81.507390638888893, 26.118242666666667 ], [ -81.506446111111117, 26.11790513888889 ], [ -81.505515555555561, 26.118272916666665 ], [ -81.505149583333335, 26.119128388888889 ], [ -81.50556475, 26.119965361111113 ], [ -81.506471222222217, 26.120289277777779 ] ] } },
{ "type": "Feature", "properties": { "style": "solid", "thickness": 1 }, "geometry": { "type": "LineString", "coordinates": [ [ -81.505377055555556, 26.13517236111111 ], [ -81.507602944444443, 26.135170083333332 ] ] } },
{ "type": "Feature", "properties": { "style": "solid", "thickness": 1 }, "geometry": { "type": "LineString", "coordinates": [ [ -81.505185527777783, 26.135631083333333 ], [ -81.507795611111106, 26.135628416666666 ] ] } },
{ "type": "Feature", "properties": { "style": "solid", "thickness": 1 }, "geometry": { "type": "LineString", "coordinates": [ [ -81.505206027777774, 26.13608961111111 ], [ -81.507776277777779, 26.136086972222223 ] ] } },
{ "type": "Feature", "properties": { "style": "solid", "thickness": 1 }, "geometry": { "type": "LineString", "coordinates": [ [ -81.50547575, 26.136547861111112 ], [ -81.507532805555556, 26.13654575 ] ] } },
{ "type": "Feature", "properties": { "style": "solid", "thickness": 1 }, "geometry": { "type": "LineString", "coordinates": [ [ -81.506492305555554, 26.137005333333335 ], [ -81.50742969444444, 26.136651666666666 ], [ -81.507811527777775, 26.135801833333332 ], [ -81.507411861111109, 26.134958722222223 ], [ -81.50646719444444, 26.134621194444446 ], [ -81.5055365, 26.134988972222221 ], [ -81.505170472222218, 26.135844444444444 ], [ -81.505585722222222, 26.136681416666665 ], [ -81.506492305555554, 26.137005333333335 ] ] } },
{ "type": "Feature", "properties": { "style": "solid", "thickness": 1 }, "geometry": { "type": "LineString", "coordinates": [ [ -81.505397972222227, 26.151888388888889 ], [ -81.507624166666673, 26.151886111111111 ] ] } },
{ "type": "Feature", "properties": { "style": "solid", "thickness": 1 }, "geometry": { "type": "LineString", "coordinates": [ [ -81.505206416666667, 26.152347111111109 ], [ -81.507816888888883, 26.152344444444442 ] ] } },
{ "type": "Feature", "properties": { "style": "solid", "thickness": 1 }, "geometry": { "type": "LineString", "coordinates": [ [ -81.505226916666672, 26.152805611111109 ], [ -81.507797527777782, 26.152802972222222 ] ] } },
{ "type": "Feature", "properties": { "style": "solid", "thickness": 1 }, "geometry": { "type": "LineString", "coordinates": [ [ -81.505496666666673, 26.15326386111111 ], [ -81.507554027777772, 26.15326175 ] ] } },
{ "type": "Feature", "properties": { "style": "solid", "thickness": 1 }, "geometry": { "type": "LineString", "coordinates": [ [ -81.506513388888891, 26.15372136111111 ], [ -81.507450888888883, 26.153367666666664 ], [ -81.507832777777779, 26.152517861111111 ], [ -81.507433055555552, 26.15167475 ], [ -81.50648825, 26.151337222222221 ], [ -81.505557444444449, 26.151705 ], [ -81.505191361111116, 26.15256047222222 ], [ -81.505606638888892, 26.153397444444444 ], [ -81.506513388888891, 26.15372136111111 ] ] } },
{ "type": "Feature", "properties": { "style": "solid", "thickness": 1 }, "geometry": { "type": "LineString", "coordinates": [ [ -81.50541886111111, 26.168604388888891 ], [ -81.507645388888889, 26.168602083333333 ] ] } },
{ "type": "Feature", "properties": { "style": "solid", "thickness": 1 }, "geometry": { "type": "LineString", "coordinates": [ [ -81.505227277777777, 26.169063111111111 ], [ -81.507838138888886, 26.169060416666667 ] ] } },
{ "type": "Feature", "properties": { "style": "solid", "thickness": 1 }, "geometry": { "type": "LineString", "coordinates": [ [ -81.505247805555555, 26.169521611111112 ], [ -81.507818777777771, 26.169518972222225 ] ] } },
{ "type": "Feature", "properties": { "style": "solid", "thickness": 1 }, "geometry": { "type": "LineString", "coordinates": [ [ -81.505517583333329, 26.169979861111113 ], [ -81.50757525, 26.16997775 ] ] } },
{ "type": "Feature", "properties": { "style": "solid", "thickness": 1 }, "geometry": { "type": "LineString", "coordinates": [ [ -81.506534444444441, 26.170437333333336 ], [ -81.507472111111113, 26.170083666666667 ], [ -81.507854027777782, 26.169233833333333 ], [ -81.50745425, 26.168390722222224 ], [ -81.506509333333327, 26.168053194444447 ], [ -81.505578361111105, 26.168420972222222 ], [ -81.50521225, 26.169276444444446 ], [ -81.505627583333336, 26.170113416666666 ], [ -81.506534444444441, 26.170437333333336 ] ] } },
{ "type": "Feature", "properties": { "style": "solid", "thickness": 1 }, "geometry": { "type": "LineString", "coordinates": [ [ -81.505439777777781, 26.185320333333333 ], [ -81.507666611111105, 26.185318055555555 ] ] } },
{ "type": "Feature", "properties": { "style": "solid", "thickness": 1 }, "geometry": { "type": "LineString", "coordinates": [ [ -81.505248166666661, 26.185779055555557 ], [ -81.507859388888889, 26.18577636111111 ] ] } },
{ "type": "Feature", "properties": { "style": "solid", "thickness": 1 }, "geometry": { "type": "LineString", "coordinates": [ [ -81.505268666666666, 26.186237555555557 ], [ -81.507840027777775, 26.186234916666667 ] ] } },
{ "type": "Feature", "properties": { "style": "solid", "thickness": 1 }, "geometry": { "type": "LineString", "coordinates": [ [ -81.5055385, 26.186695805555555 ], [ -81.507596444444445, 26.186693694444443 ] ] } },
{ "type": "Feature", "properties": { "style": "solid", "thickness": 1 }, "geometry": { "type": "LineString", "coordinates": [ [ -81.5065555, 26.187153277777778 ], [ -81.507493305555556, 26.186799611111113 ], [ -81.507875277777771, 26.185949777777779 ], [ -81.507475444444438, 26.185106666666666 ], [ -81.506530388888891, 26.184769166666666 ], [ -81.505599305555549, 26.185136944444444 ], [ -81.50523311111111, 26.185992388888888 ], [ -81.50564852777778, 26.186829361111112 ], [ -81.5065555, 26.187153277777778 ] ] } },
{ "type": "Feature", "properties": { "style": "solid", "thickness": 1 }, "geometry": { "type": "LineString", "coordinates": [ [ -81.505460666666664, 26.20203625 ], [ -81.507687833333335, 26.202033972222221 ] ] } },
{ "type": "Feature", "properties": { "style": "solid", "thickness": 1 }, "geometry": { "type": "LineString", "coordinates": [ [ -81.505269027777771, 26.202494972222222 ], [ -81.507880611111105, 26.202492277777775 ] ] } },
{ "type": "Feature", "properties": { "style": "solid", "thickness": 1 }, "geometry": { "type": "LineString", "coordinates": [ [ -81.505289555555549, 26.202953472222223 ], [ -81.507861277777778, 26.202950833333333 ] ] } },
{ "type": "Feature", "properties": { "style": "solid", "thickness": 1 }, "geometry": { "type": "LineString", "coordinates": [ [ -81.505559416666671, 26.203411722222221 ], [ -81.507617666666661, 26.203409611111109 ] ] } },
{ "type": "Feature", "properties": { "style": "solid", "thickness": 1 }, "geometry": { "type": "LineString", "coordinates": [ [ -81.506576555555554, 26.203869194444444 ], [ -81.5075145, 26.203515527777778 ], [ -81.507896527777774, 26.202665694444445 ], [ -81.507496638888895, 26.201822583333332 ], [ -81.50655144444444, 26.201485083333331 ], [ -81.50562022222222, 26.20185286111111 ], [ -81.505254, 26.202708305555554 ], [ -81.50566944444445, 26.203545277777778 ], [ -81.506576555555554, 26.203869194444444 ] ] } },
{ "type": "Feature", "properties": { "style": "solid", "thickness": 1 }, "geometry": { "type": "LineString", "coordinates": [ [ -81.505481555555562, 26.218752111111108 ], [ -81.507709055555551, 26.21874983333333 ] ] } },
{ "type": "Feature", "properties": { "style": "solid", "thickness": 1 }, "geometry": { "type": "LineString", "coordinates": [ [ -81.505289888888882, 26.219210833333332 ], [ -81.507901861111108, 26.219208166666665 ] ] } },
{ "type": "Feature", "properties": { "style": "solid", "thickness": 1 }, "geometry": { "type": "LineString", "coordinates": [ [ -81.50531041666666, 26.219669333333332 ], [ -81.5078825, 26.219666694444442 ] ] } },
{ "type": "Feature", "properties": { "style": "solid", "thickness": 1 }, "geometry": { "type": "LineString", "coordinates": [ [ -81.505580333333327, 26.220127583333333 ], [ -81.507638861111104, 26.220125472222222 ] ] } },
{ "type": "Feature", "properties": { "style": "solid", "thickness": 1 }, "geometry": { "type": "LineString", "coordinates": [ [ -81.506597611111104, 26.220585083333333 ], [ -81.507535666666669, 26.220231388888887 ], [ -81.507917777777777, 26.21938158333333 ], [ -81.507517833333338, 26.218538472222221 ], [ -81.5065725, 26.218200944444444 ], [ -81.50564113888889, 26.218568722222219 ], [ -81.505274861111104, 26.219424194444443 ], [ -81.505690361111107, 26.220261138888887 ], [ -81.506597611111104, 26.220585083333333 ] ] } },
{ "type": "Feature", "properties": { "style": "solid", "thickness": 1 }, "geometry": { "type": "LineString", "coordinates": [ [ -81.505502444444446, 26.235467972222224 ], [ -81.50773025, 26.235465694444446 ] ] } },
{ "type": "Feature", "properties": { "style": "solid", "thickness": 1 }, "geometry": { "type": "LineString", "coordinates": [ [ -81.50531075, 26.235926666666668 ], [ -81.507923083333338, 26.235924 ] ] } },
{ "type": "Feature", "properties": { "style": "solid", "thickness": 1 }, "geometry": { "type": "LineString", "coordinates": [ [ -81.505331277777785, 26.236385166666668 ], [ -81.50790375, 26.236382555555558 ] ] } },
{ "type": "Feature", "properties": { "style": "solid", "thickness": 1 }, "geometry": { "type": "LineString", "coordinates": [ [ -81.505601222222225, 26.236843416666666 ], [ -81.507660055555561, 26.236841305555558 ] ] } },
{ "type": "Feature", "properties": { "style": "solid", "thickness": 1 }, "geometry": { "type": "LineString", "coordinates": [ [ -81.506618666666668, 26.237300916666669 ], [ -81.507556861111112, 26.236947222222224 ], [ -81.507939, 26.236097416666667 ], [ -81.507539, 26.235254305555557 ], [ -81.506593527777781, 26.23491677777778 ], [ -81.505662055555561, 26.235284555555555 ], [ -81.505295694444442, 26.236140027777779 ], [ -81.505711277777777, 26.236976972222223 ], [ -81.506618666666668, 26.237300916666669 ] ] } },
{ "type": "Feature", "properties": { "style": "solid", "thickness": 1 }, "geometry": { "type": "LineString", "coordinates": [ [ -81.505523333333329, 26.25218375 ], [ -81.507751444444438, 26.252181472222222 ] ] } },
{ "type": "Feature", "properties": { "style": "solid", "thickness": 1 }, "geometry": { "type": "LineString", "coordinates": [ [ -81.505331611111117, 26.252642472222224 ], [ -81.507944333333327, 26.252639805555557 ] ] } },
{ "type": "Feature", "properties": { "style": "solid", "thickness": 1 }, "geometry": { "type": "LineString", "coordinates": [ [ -81.505352138888895, 26.253100972222221 ], [ -81.507924972222227, 26.253098333333334 ] ] } },
{ "type": "Feature", "properties": { "style": "solid", "thickness": 1 }, "geometry": { "type": "LineString", "coordinates": [ [ -81.505622111111109, 26.253559222222222 ], [ -81.50768125, 26.25355711111111 ] ] } },
{ "type": "Feature", "properties": { "style": "solid", "thickness": 1 }, "geometry": { "type": "LineString", "coordinates": [ [ -81.506639694444445, 26.254016694444445 ], [ -81.507578027777782, 26.253663027777776 ], [ -81.50796025, 26.252813222222223 ], [ -81.507560166666664, 26.25197011111111 ], [ -81.506614583333331, 26.251632583333333 ], [ -81.505682944444445, 26.252000361111111 ], [ -81.505316555555552, 26.252855833333335 ], [ -81.505732194444448, 26.253692777777779 ], [ -81.506639694444445, 26.254016694444445 ] ] } },
{ "type": "Feature", "properties": { "style": "solid", "thickness": 1 }, "geometry": { "type": "LineString", "coordinates": [ [ -81.504572805555554, 26.268579694444444 ], [ -81.506747333333337, 26.269018916666667 ] ] } },
{ "type": "Feature", "properties": { "style": "solid", "thickness": 1 }, "geometry": { "type": "LineString", "coordinates": [ [ -81.504273944444449, 26.268989194444444 ], [ -81.506823833333328, 26.26950425 ] ] } },
{ "type": "Feature", "properties": { "style": "solid", "thickness": 1 }, "geometry": { "type": "LineString", "coordinates": [ [ -81.504182222222227, 26.269440555555555 ], [ -81.506693166666665, 26.26994775 ] ] } },
{ "type": "Feature", "properties": { "style": "solid", "thickness": 1 }, "geometry": { "type": "LineString", "coordinates": [ [ -81.504333972222227, 26.269941111111109 ], [ -81.506343583333333, 26.270347027777778 ] ] } },
{ "type": "Feature", "properties": { "style": "solid", "thickness": 1 }, "geometry": { "type": "LineString", "coordinates": [ [ -81.505215333333339, 26.270589027777778 ], [ -81.506217055555553, 26.270429888888888 ], [ -81.506797083333339, 26.269676583333332 ], [ -81.506612222222216, 26.268774833333332 ], [ -81.505771861111114, 26.268258194444442 ], [ -81.50477325, 26.268432416666666 ], [ -81.50420727777778, 26.269194361111111 ], [ -81.504408833333329, 26.270093222222222 ], [ -81.505215333333339, 26.270589027777778 ] ] } },
{ "type": "Feature", "properties": { "style": "solid", "thickness": 1 }, "geometry": { "type": "LineString", "coordinates": [ [ -81.500518833333331, 26.284891 ], [ -81.502693638888886, 26.285330277777778 ] ] } },
{ "type": "Feature", "properties": { "style": "solid", "thickness": 1 }, "geometry": { "type": "LineString", "coordinates": [ [ -81.500219916666666, 26.2853005 ], [ -81.502770138888891, 26.285815611111111 ] ] } },
{ "type": "Feature", "properties": { "style": "solid", "thickness": 1 }, "geometry": { "type": "LineString", "coordinates": [ [ -81.50012816666667, 26.285751861111113 ], [ -81.502639444444441, 26.286259111111114 ] ] } },
{ "type": "Feature", "properties": { "style": "solid", "thickness": 1 }, "geometry": { "type": "LineString", "coordinates": [ [ -81.50027991666667, 26.28625238888889 ], [ -81.502289777777776, 26.286658361111112 ] ] } },
{ "type": "Feature", "properties": { "style": "solid", "thickness": 1 }, "geometry": { "type": "LineString", "coordinates": [ [ -81.501161388888889, 26.286900333333335 ], [ -81.50216325, 26.28674125 ], [ -81.502743388888888, 26.285987944444447 ], [ -81.502558527777779, 26.28508616666667 ], [ -81.501718055555557, 26.28456952777778 ], [ -81.500719305555549, 26.284743694444447 ], [ -81.500153222222224, 26.285505638888889 ], [ -81.500354777777773, 26.2864045 ], [ -81.501161388888889, 26.286900333333335 ] ] } },
{ "type": "Feature", "properties": { "style": "solid", "thickness": 1 }, "geometry": { "type": "LineString", "coordinates": [ [ -81.496463722222217, 26.30120213888889 ], [ -81.498638833333331, 26.301641472222222 ] ] } },
{ "type": "Feature", "properties": { "style": "solid", "thickness": 1 }, "geometry": { "type": "LineString", "coordinates": [ [ -81.49616475, 26.30161163888889 ], [ -81.49871530555555, 26.302126805555556 ] ] } },
{ "type": "Feature", "properties": { "style": "solid", "thickness": 1 }, "geometry": { "type": "LineString", "coordinates": [ [ -81.496072972222223, 26.302062972222224 ], [ -81.49858458333334, 26.302570305555555 ] ] } },
{ "type": "Feature", "properties": { "style": "solid", "thickness": 1 }, "geometry": { "type": "LineString", "coordinates": [ [ -81.496224722222223, 26.302563527777778 ], [ -81.498234861111115, 26.302969555555556 ] ] } },
{ "type": "Feature", "properties": { "style": "solid", "thickness": 1 }, "geometry": { "type": "LineString", "coordinates": [ [ -81.497106277777775, 26.303211472222223 ], [ -81.498108305555562, 26.303052416666667 ], [ -81.49868855555556, 26.302299138888891 ], [ -81.498503694444452, 26.30139736111111 ], [ -81.497663111111109, 26.300880694444444 ], [ -81.496664222222222, 26.301054861111112 ], [ -81.496098027777776, 26.301816777777777 ], [ -81.496299583333339, 26.302715638888891 ], [ -81.497106277777775, 26.303211472222223 ] ] } },
{ "type": "Feature", "properties": { "style": "solid", "thickness": 1 }, "geometry": { "type": "LineString", "coordinates": [ [ -81.492407472222226, 26.317513111111111 ], [ -81.494582861111112, 26.317952527777777 ] ] } },
{ "type": "Feature", "properties": { "style": "solid", "thickness": 1 }, "geometry": { "type": "LineString", "coordinates": [ [ -81.49210844444444, 26.317922583333335 ], [ -81.494659333333331, 26.318437861111111 ] ] } },
{ "type": "Feature", "properties": { "style": "solid", "thickness": 1 }, "geometry": { "type": "LineString", "coordinates": [ [ -81.492016638888884, 26.318373944444446 ], [ -81.494528583333334, 26.318881333333334 ] ] } },
{ "type": "Feature", "properties": { "style": "solid", "thickness": 1 }, "geometry": { "type": "LineString", "coordinates": [ [ -81.492168388888885, 26.3188745 ], [ -81.494178777777776, 26.319280583333335 ] ] } },
{ "type": "Feature", "properties": { "style": "solid", "thickness": 1 }, "geometry": { "type": "LineString", "coordinates": [ [ -81.493050055555557, 26.319522472222221 ], [ -81.49405219444445, 26.319363444444445 ], [ -81.494632555555555, 26.318610194444446 ], [ -81.494447694444446, 26.317708416666665 ], [ -81.493607055555557, 26.317191722222223 ], [ -81.492608, 26.317365833333334 ], [ -81.492041694444438, 26.31812775 ], [ -81.49224325, 26.319026611111109 ], [ -81.493050055555557, 26.319522472222221 ] ] } },
{ "type": "Feature", "properties": { "style": "solid", "thickness": 1 }, "geometry": { "type": "LineString", "coordinates": [ [ -81.488350055555557, 26.333823916666667 ], [ -81.49052575, 26.334263416666666 ] ] } },
{ "type": "Feature", "properties": { "style": "solid", "thickness": 1 }, "geometry": { "type": "LineString", "coordinates": [ [ -81.488050972222226, 26.334233416666667 ], [ -81.490602194444449, 26.33474875 ] ] } },
{ "type": "Feature", "properties": { "style": "solid", "thickness": 1 }, "geometry": { "type": "LineString", "coordinates": [ [ -81.487959138888897, 26.33468475 ], [ -81.490471416666665, 26.335192222222222 ] ] } },
{ "type": "Feature", "properties": { "style": "solid", "thickness": 1 }, "geometry": { "type": "LineString", "coordinates": [ [ -81.488110888888883, 26.335185305555555 ], [ -81.490121555555561, 26.335591444444443 ] ] } },
{ "type": "Feature", "properties": { "style": "solid", "thickness": 1 }, "geometry": { "type": "LineString", "coordinates": [ [ -81.488992666666661, 26.335833305555553 ], [ -81.48999497222222, 26.335674305555553 ], [ -81.490575416666672, 26.334921055555554 ], [ -81.490390583333337, 26.334019305555554 ], [ -81.489549805555555, 26.333502583333331 ], [ -81.488550611111108, 26.333676666666666 ], [ -81.487984222222224, 26.334438555555554 ], [ -81.488185777777773, 26.335337416666665 ], [ -81.488992666666661, 26.335833305555553 ] ] } },
{ "type": "Feature", "properties": { "style": "solid", "thickness": 1 }, "geometry": { "type": "LineString", "coordinates": [ [ -81.4842915, 26.350134583333336 ], [ -81.486467472222216, 26.350574138888891 ] ] } },
{ "type": "Feature", "properties": { "style": "solid", "thickness": 1 }, "geometry": { "type": "LineString", "coordinates": [ [ -81.483992361111106, 26.350544055555556 ], [ -81.486543944444449, 26.351059472222225 ] ] } },
{ "type": "Feature", "properties": { "style": "solid", "thickness": 1 }, "geometry": { "type": "LineString", "coordinates": [ [ -81.4839005, 26.35099538888889 ], [ -81.486413111111105, 26.351502944444444 ] ] } },
{ "type": "Feature", "properties": { "style": "solid", "thickness": 1 }, "geometry": { "type": "LineString", "coordinates": [ [ -81.484052277777778, 26.351495944444444 ], [ -81.486063194444441, 26.351902166666669 ] ] } },
{ "type": "Feature", "properties": { "style": "solid", "thickness": 1 }, "geometry": { "type": "LineString", "coordinates": [ [ -81.484934111111116, 26.352143972222223 ], [ -81.485936583333341, 26.351985027777779 ], [ -81.486517138888885, 26.35123177777778 ], [ -81.48633230555555, 26.35033 ], [ -81.485491444444449, 26.349813277777777 ], [ -81.484492111111109, 26.349987333333331 ], [ -81.483925611111118, 26.350749194444447 ], [ -81.484127138888894, 26.351648055555557 ], [ -81.484934111111116, 26.352143972222223 ] ] } },
{ "type": "Feature", "properties": { "style": "solid", "thickness": 1 }, "geometry": { "type": "LineString", "coordinates": [ [ -81.480231805555562, 26.366445083333335 ], [ -81.482408055555553, 26.366884694444444 ] ] } },
{ "type": "Feature", "properties": { "style": "solid", "thickness": 1 }, "geometry": { "type": "LineString", "coordinates": [ [ -81.47993261111111, 26.366854555555555 ], [ -81.482484527777785, 26.367370027777778 ] ] } },
{ "type": "Feature", "properties": { "style": "solid", "thickness": 1 }, "geometry": { "type": "LineString", "coordinates": [ [ -81.479840722222221, 26.36730588888889 ], [ -81.482353666666668, 26.3678135 ] ] } },
{ "type": "Feature", "properties": { "style": "solid", "thickness": 1 }, "geometry": { "type": "LineString", "coordinates": [ [ -81.4799925, 26.367806444444444 ], [ -81.482003694444444, 26.368212694444445 ] ] } },
{ "type": "Feature", "properties": { "style": "solid", "thickness": 1 }, "geometry": { "type": "LineString", "coordinates": [ [ -81.480874444444453, 26.3684545 ], [ -81.481877027777784, 26.368295555555555 ], [ -81.482457722222222, 26.367542361111113 ], [ -81.482272888888886, 26.366640583333336 ], [ -81.481431916666665, 26.366123805555556 ], [ -81.480432444444446, 26.366297833333334 ], [ -81.479865833333335, 26.367059694444446 ], [ -81.480067361111111, 26.367958555555557 ], [ -81.480874444444453, 26.3684545 ] ] } },
{ "type": "Feature", "properties": { "style": "solid", "thickness": 1 }, "geometry": { "type": "LineString", "coordinates": [ [ -81.476170972222221, 26.382755416666669 ], [ -81.4783475, 26.383195083333334 ] ] } },
{ "type": "Feature", "properties": { "style": "solid", "thickness": 1 }, "geometry": { "type": "LineString", "coordinates": [ [ -81.475871722222223, 26.383164888888889 ], [ -81.478423944444444, 26.383680416666667 ] ] } },
{ "type": "Feature", "properties": { "style": "solid", "thickness": 1 }, "geometry": { "type": "LineString", "coordinates": [ [ -81.475779777777774, 26.383616222222223 ], [ -81.478293055555554, 26.384123888888887 ] ] } },
{ "type": "Feature", "properties": { "style": "solid", "thickness": 1 }, "geometry": { "type": "LineString", "coordinates": [ [ -81.475931555555562, 26.384116777777777 ], [ -81.477943027777783, 26.384523083333335 ] ] } },
{ "type": "Feature", "properties": { "style": "solid", "thickness": 1 }, "geometry": { "type": "LineString", "coordinates": [ [ -81.476813611111112, 26.384764861111112 ], [ -81.47781636111111, 26.384605944444445 ], [ -81.478397138888894, 26.38385275 ], [ -81.478212333333332, 26.382950972222222 ], [ -81.47737125, 26.382434194444446 ], [ -81.476371638888892, 26.382608194444444 ], [ -81.475804916666675, 26.38337 ], [ -81.476006444444451, 26.38426888888889 ], [ -81.476813611111112, 26.384764861111112 ] ] } },
{ "type": "Feature", "properties": { "style": "solid", "thickness": 1 }, "geometry": { "type": "LineString", "coordinates": [ [ -81.47210897222223, 26.399065611111112 ], [ -81.474285805555553, 26.399505333333334 ] ] } },
{ "type": "Feature", "properties": { "style": "solid", "thickness": 1 }, "geometry": { "type": "LineString", "coordinates": [ [ -81.471809666666672, 26.399475055555556 ], [ -81.47436225, 26.399990666666667 ] ] } },
{ "type": "Feature", "properties": { "style": "solid", "thickness": 1 }, "geometry": { "type": "LineString", "coordinates": [ [ -81.47171769444445, 26.39992636111111 ], [ -81.474231333333336, 26.40043411111111 ] ] } },
{ "type": "Feature", "properties": { "style": "solid", "thickness": 1 }, "geometry": { "type": "LineString", "coordinates": [ [ -81.471869472222224, 26.400426944444444 ], [ -81.473881222222218, 26.400833305555555 ] ] } },
{ "type": "Feature", "properties": { "style": "solid", "thickness": 1 }, "geometry": { "type": "LineString", "coordinates": [ [ -81.472751638888894, 26.401075027777775 ], [ -81.473754527777785, 26.400916166666665 ], [ -81.474335416666662, 26.400163 ], [ -81.474150611111114, 26.399261194444446 ], [ -81.473309444444453, 26.39874438888889 ], [ -81.472309666666675, 26.398918361111111 ], [ -81.471742833333337, 26.399680166666666 ], [ -81.471944388888886, 26.400579055555554 ], [ -81.472751638888894, 26.401075027777775 ] ] } },
{ "type": "Feature", "properties": { "style": "solid", "thickness": 1 }, "geometry": { "type": "LineString", "coordinates": [ [ -81.468045805555562, 26.415375611111109 ], [ -81.470222944444444, 26.415815388888888 ] ] } },
{ "type": "Feature", "properties": { "style": "solid", "thickness": 1 }, "geometry": { "type": "LineString", "coordinates": [ [ -81.467746472222231, 26.415785055555553 ], [ -81.47029938888889, 26.41630075 ] ] } },
{ "type": "Feature", "properties": { "style": "solid", "thickness": 1 }, "geometry": { "type": "LineString", "coordinates": [ [ -81.467654472222222, 26.41623636111111 ], [ -81.470168416666667, 26.416744194444444 ] ] } },
{ "type": "Feature", "properties": { "style": "solid", "thickness": 1 }, "geometry": { "type": "LineString", "coordinates": [ [ -81.46780625, 26.416736944444445 ], [ -81.46981825, 26.417143361111112 ] ] } },
{ "type": "Feature", "properties": { "style": "solid", "thickness": 1 }, "geometry": { "type": "LineString", "coordinates": [ [ -81.4686885, 26.417385055555556 ], [ -81.469691555555556, 26.417226222222222 ], [ -81.470272555555553, 26.416473055555553 ], [ -81.47008775, 26.415571277777776 ], [ -81.469246472222224, 26.415054444444444 ], [ -81.468246555555552, 26.415228388888888 ], [ -81.467679611111109, 26.415990166666667 ], [ -81.467881166666672, 26.416889055555558 ], [ -81.4686885, 26.417385055555556 ] ] } },
{ "type": "Feature", "properties": { "style": "solid", "thickness": 1 }, "geometry": { "type": "LineString", "coordinates": [ [ -81.461877722222226, 26.429608611111114 ], [ -81.46320075, 26.4312265 ] ] } },
{ "type": "Feature", "properties": { "style": "solid", "thickness": 1 }, "geometry": { "type": "LineString", "coordinates": [ [ -81.461353444444441, 26.429740805555557 ], [ -81.462904805555553, 26.431637944444446 ] ] } },
{ "type": "Feature", "properties": { "style": "solid", "thickness": 1 }, "geometry": { "type": "LineString", "coordinates": [ [ -81.460955166666665, 26.430027138888889 ], [ -81.462482861111113, 26.431895305555557 ] ] } },
{ "type": "Feature", "properties": { "style": "solid", "thickness": 1 }, "geometry": { "type": "LineString", "coordinates": [ [ -81.460705027777777, 26.430494583333335 ], [ -81.461927666666668, 26.43198975 ] ] } },
{ "type": "Feature", "properties": { "style": "solid", "thickness": 1 }, "geometry": { "type": "LineString", "coordinates": [ [ -81.460898777777786, 26.431504888888892 ], [ -81.461771666666664, 26.431977444444446 ], [ -81.462759, 26.431752166666669 ], [ -81.463276555555552, 26.430962361111114 ], [ -81.463018083333338, 26.430075361111111 ], [ -81.462136527777787, 26.429616027777779 ], [ -81.461153527777782, 26.429856166666667 ], [ -81.460650722222226, 26.430653638888892 ], [ -81.460898777777786, 26.431504888888892 ] ] } },
{ "type": "Feature", "properties": { "style": "solid", "thickness": 1 }, "geometry": { "type": "LineString", "coordinates": [ [ -81.446925444444446, 26.439517916666667 ], [ -81.448248361111112, 26.441135944444444 ] ] } },
{ "type": "Feature", "properties": { "style": "solid", "thickness": 1 }, "geometry": { "type": "LineString", "coordinates": [ [ -81.446401083333342, 26.439650083333333 ], [ -81.44795236111112, 26.441547388888889 ] ] } },
{ "type": "Feature", "properties": { "style": "solid", "thickness": 1 }, "geometry": { "type": "LineString", "coordinates": [ [ -81.44600275, 26.439936361111112 ], [ -81.447530333333333, 26.441804694444446 ] ] } },
{ "type": "Feature", "properties": { "style": "solid", "thickness": 1 }, "geometry": { "type": "LineString", "coordinates": [ [ -81.4457525, 26.440403777777778 ], [ -81.446975083333342, 26.441899083333332 ] ] } },
{ "type": "Feature", "properties": { "style": "solid", "thickness": 1 }, "geometry": { "type": "LineString", "coordinates": [ [ -81.4459461388889, 26.441414111111111 ], [ -81.446819055555565, 26.44188675 ], [ -81.447806527777786, 26.441661583333335 ], [ -81.448324222222226, 26.440871833333333 ], [ -81.448065833333331, 26.439984805555557 ], [ -81.44718425, 26.439525388888889 ], [ -81.446201138888895, 26.439765416666667 ], [ -81.445698194444446, 26.440562833333335 ], [ -81.4459461388889, 26.441414111111111 ] ] } },
{ "type": "Feature", "properties": { "style": "solid", "thickness": 1 }, "geometry": { "type": "LineString", "coordinates": [ [ -81.431970583333339, 26.449425666666667 ], [ -81.433293416666672, 26.451043805555553 ] ] } },
{ "type": "Feature", "properties": { "style": "solid", "thickness": 1 }, "geometry": { "type": "LineString", "coordinates": [ [ -81.431446166666674, 26.44955775 ], [ -81.432997333333333, 26.451455222222222 ] ] } },
{ "type": "Feature", "properties": { "style": "solid", "thickness": 1 }, "geometry": { "type": "LineString", "coordinates": [ [ -81.431047777777778, 26.449844 ], [ -81.43257525, 26.451712472222223 ] ] } },
{ "type": "Feature", "properties": { "style": "solid", "thickness": 1 }, "geometry": { "type": "LineString", "coordinates": [ [ -81.430797472222224, 26.450311388888888 ], [ -81.432019944444448, 26.451806805555556 ] ] } },
{ "type": "Feature", "properties": { "style": "solid", "thickness": 1 }, "geometry": { "type": "LineString", "coordinates": [ [ -81.430990972222233, 26.451321722222222 ], [ -81.431863916666671, 26.451794472222222 ], [ -81.432851472222225, 26.451569388888888 ], [ -81.433369305555559, 26.450779694444442 ], [ -81.433111027777784, 26.449892666666667 ], [ -81.432229444444445, 26.449433138888889 ], [ -81.431246194444455, 26.449673055555557 ], [ -81.430743111111113, 26.450470444444445 ], [ -81.430990972222233, 26.451321722222222 ] ] } },
{ "type": "Feature", "properties": { "style": "solid", "thickness": 1 }, "geometry": { "type": "LineString", "coordinates": [ [ -81.417013222222224, 26.459331805555554 ], [ -81.418335944444451, 26.460950083333334 ] ] } },
{ "type": "Feature", "properties": { "style": "solid", "thickness": 1 }, "geometry": { "type": "LineString", "coordinates": [ [ -81.416488722222226, 26.459463833333334 ], [ -81.418039777777778, 26.461361472222222 ] ] } },
{ "type": "Feature", "properties": { "style": "solid", "thickness": 1 }, "geometry": { "type": "LineString", "coordinates": [ [ -81.416090250000011, 26.459750027777776 ], [ -81.417617611111112, 26.461618694444443 ] ] } },
{ "type": "Feature", "properties": { "style": "solid", "thickness": 1 }, "geometry": { "type": "LineString", "coordinates": [ [ -81.415839861111124, 26.460217416666666 ], [ -81.41706225, 26.461712972222223 ] ] } },
{ "type": "Feature", "properties": { "style": "solid", "thickness": 1 }, "geometry": { "type": "LineString", "coordinates": [ [ -81.416033277777785, 26.461227777777776 ], [ -81.416906194444451, 26.461700611111109 ], [ -81.417893888888898, 26.461475638888889 ], [ -81.418411888888897, 26.460686 ], [ -81.418153666666669, 26.459798916666667 ], [ -81.417272083333344, 26.459339333333332 ], [ -81.416288722222234, 26.459579138888888 ], [ -81.415785500000013, 26.460376444444442 ], [ -81.416033277777785, 26.461227777777776 ] ] } },
{ "type": "Feature", "properties": { "style": "solid", "thickness": 1 }, "geometry": { "type": "LineString", "coordinates": [ [ -81.402053277777782, 26.469236361111111 ], [ -81.403375916666675, 26.470854777777777 ] ] } },
{ "type": "Feature", "properties": { "style": "solid", "thickness": 1 }, "geometry": { "type": "LineString", "coordinates": [ [ -81.401528750000011, 26.469368333333332 ], [ -81.40307966666667, 26.47126611111111 ] ] } },
{ "type": "Feature", "properties": { "style": "solid", "thickness": 1 }, "geometry": { "type": "LineString", "coordinates": [ [ -81.401130194444448, 26.4696545 ], [ -81.402657444444444, 26.471523305555554 ] ] } },
{ "type": "Feature", "properties": { "style": "solid", "thickness": 1 }, "geometry": { "type": "LineString", "coordinates": [ [ -81.400879722222228, 26.47012186111111 ], [ -81.402102027777786, 26.471617527777777 ] ] } },
{ "type": "Feature", "properties": { "style": "solid", "thickness": 1 }, "geometry": { "type": "LineString", "coordinates": [ [ -81.401073, 26.47113222222222 ], [ -81.401945972222222, 26.471605138888886 ], [ -81.40293375, 26.471380277777776 ], [ -81.403451888888895, 26.470590694444443 ], [ -81.403193777777787, 26.469703611111111 ], [ -81.402312166666675, 26.469243916666667 ], [ -81.401328694444445, 26.469483611111109 ], [ -81.400825305555557, 26.470280888888887 ], [ -81.401073, 26.47113222222222 ] ] } },
{ "type": "Feature", "properties": { "style": "solid", "thickness": 1 }, "geometry": { "type": "LineString", "coordinates": [ [ -81.387090805555559, 26.479139333333332 ], [ -81.388413333333347, 26.480757888888888 ] ] } },
{ "type": "Feature", "properties": { "style": "solid", "thickness": 1 }, "geometry": { "type": "LineString", "coordinates": [ [ -81.386566194444455, 26.47927125 ], [ -81.388117027777781, 26.481169194444444 ] ] } },
{ "type": "Feature", "properties": { "style": "solid", "thickness": 1 }, "geometry": { "type": "LineString", "coordinates": [ [ -81.386167583333346, 26.479557361111109 ], [ -81.387694722222236, 26.481426333333332 ] ] } },
{ "type": "Feature", "properties": { "style": "solid", "thickness": 1 }, "geometry": { "type": "LineString", "coordinates": [ [ -81.385917027777779, 26.480024694444442 ], [ -81.38713925, 26.481520472222222 ] ] } },
{ "type": "Feature", "properties": { "style": "solid", "thickness": 1 }, "geometry": { "type": "LineString", "coordinates": [ [ -81.386110194444456, 26.481035083333332 ], [ -81.386983166666667, 26.481508083333331 ], [ -81.387971083333341, 26.48128333333333 ], [ -81.388489361111112, 26.480493805555554 ], [ -81.388231333333337, 26.479606694444442 ], [ -81.387349722222226, 26.479146888888888 ], [ -81.386366138888889, 26.4793865 ], [ -81.385862611111122, 26.480183722222222 ], [ -81.386110194444456, 26.481035083333332 ] ] } },
{ "type": "Feature", "properties": { "style": "solid", "thickness": 1 }, "geometry": { "type": "LineString", "coordinates": [ [ -81.372125777777768, 26.489040694444444 ], [ -81.373448222222223, 26.49065938888889 ] ] } },
{ "type": "Feature", "properties": { "style": "solid", "thickness": 1 }, "geometry": { "type": "LineString", "coordinates": [ [ -81.371601111111104, 26.489172583333335 ], [ -81.373151833333324, 26.491070666666669 ] ] } },
{ "type": "Feature", "properties": { "style": "solid", "thickness": 1 }, "geometry": { "type": "LineString", "coordinates": [ [ -81.371202416666662, 26.489458638888891 ], [ -81.372729444444431, 26.49132775 ] ] } },
{ "type": "Feature", "properties": { "style": "solid", "thickness": 1 }, "geometry": { "type": "LineString", "coordinates": [ [ -81.370951777777776, 26.489925944444444 ], [ -81.372173916666654, 26.49142186111111 ] ] } },
{ "type": "Feature", "properties": { "style": "solid", "thickness": 1 }, "geometry": { "type": "LineString", "coordinates": [ [ -81.371144861111105, 26.490936333333334 ], [ -81.372017833333331, 26.491409444444447 ], [ -81.37300586111111, 26.491184777777779 ], [ -81.373524277777776, 26.490395305555555 ], [ -81.373266361111106, 26.489508166666667 ], [ -81.372384694444435, 26.489048305555556 ], [ -81.371401027777765, 26.489287805555556 ], [ -81.370897333333332, 26.490084944444444 ], [ -81.371144861111105, 26.490936333333334 ] ] } },
{ "type": "Feature", "properties": { "style": "solid", "thickness": 1 }, "geometry": { "type": "LineString", "coordinates": [ [ -81.35715822222221, 26.498940472222223 ], [ -81.358480555555545, 26.500559305555555 ] ] } },
{ "type": "Feature", "properties": { "style": "solid", "thickness": 1 }, "geometry": { "type": "LineString", "coordinates": [ [ -81.3566335, 26.499072305555558 ], [ -81.358184083333327, 26.500970555555554 ] ] } },
{ "type": "Feature", "properties": { "style": "solid", "thickness": 1 }, "geometry": { "type": "LineString", "coordinates": [ [ -81.356234722222212, 26.499358305555557 ], [ -81.357761638888888, 26.501227583333332 ] ] } },
{ "type": "Feature", "properties": { "style": "solid", "thickness": 1 }, "geometry": { "type": "LineString", "coordinates": [ [ -81.355984, 26.499825583333333 ], [ -81.357206027777778, 26.501321638888889 ] ] } },
{ "type": "Feature", "properties": { "style": "solid", "thickness": 1 }, "geometry": { "type": "LineString", "coordinates": [ [ -81.356176944444442, 26.500836027777776 ], [ -81.357049944444441, 26.501309194444445 ], [ -81.358038083333327, 26.501084666666667 ], [ -81.358556638888885, 26.50029525 ], [ -81.358298805555549, 26.499408083333336 ], [ -81.357417166666664, 26.498948111111112 ], [ -81.356433361111101, 26.4991875 ], [ -81.355929527777775, 26.499984611111113 ], [ -81.356176944444442, 26.500836027777776 ] ] } },
{ "type": "Feature", "properties": { "style": "solid", "thickness": 1 }, "geometry": { "type": "LineString", "coordinates": [ [ -81.342188083333326, 26.508838666666666 ], [ -81.343510333333327, 26.510457611111111 ] ] } },
{ "type": "Feature", "properties": { "style": "solid", "thickness": 1 }, "geometry": { "type": "LineString", "coordinates": [ [ -81.341663305555556, 26.508970416666667 ], [ -81.343213777777777, 26.510868833333333 ] ] } },
{ "type": "Feature", "properties": { "style": "solid", "thickness": 1 }, "geometry": { "type": "LineString", "coordinates": [ [ -81.341264472222221, 26.50925638888889 ], [ -81.342791277777778, 26.511125833333335 ] ] } },
{ "type": "Feature", "properties": { "style": "solid", "thickness": 1 }, "geometry": { "type": "LineString", "coordinates": [ [ -81.341013666666669, 26.509723638888889 ], [ -81.342235611111107, 26.511219805555555 ] ] } },
{ "type": "Feature", "properties": { "style": "solid", "thickness": 1 }, "geometry": { "type": "LineString", "coordinates": [ [ -81.3412065, 26.510734083333332 ], [ -81.3420795, 26.511207361111111 ], [ -81.343067749999989, 26.510982916666666 ], [ -81.343586472222214, 26.510193555555556 ], [ -81.343328722222211, 26.509306361111111 ], [ -81.342447055555553, 26.508846305555554 ], [ -81.341463138888884, 26.509085611111111 ], [ -81.340959166666664, 26.509882666666666 ], [ -81.3412065, 26.510734083333332 ] ] } },
{ "type": "Feature", "properties": { "style": "solid", "thickness": 1 }, "geometry": { "type": "LineString", "coordinates": [ [ -81.327215416666661, 26.51873525 ], [ -81.328537583333329, 26.520354333333334 ] ] } },
{ "type": "Feature", "properties": { "style": "solid", "thickness": 1 }, "geometry": { "type": "LineString", "coordinates": [ [ -81.326690583333331, 26.518866944444444 ], [ -81.328240944444445, 26.520765527777776 ] ] } },
{ "type": "Feature", "properties": { "style": "solid", "thickness": 1 }, "geometry": { "type": "LineString", "coordinates": [ [ -81.326291666666663, 26.51915288888889 ], [ -81.327818361111113, 26.521022472222221 ] ] } },
{ "type": "Feature", "properties": { "style": "solid", "thickness": 1 }, "geometry": { "type": "LineString", "coordinates": [ [ -81.326040777777777, 26.519620111111109 ], [ -81.327262638888882, 26.521116388888888 ] ] } },
{ "type": "Feature", "properties": { "style": "solid", "thickness": 1 }, "geometry": { "type": "LineString", "coordinates": [ [ -81.3262335, 26.520630555555556 ], [ -81.327106527777772, 26.521103944444445 ], [ -81.328094888888884, 26.520879583333333 ], [ -81.32861375, 26.520090305555556 ], [ -81.328356111111106, 26.519203083333334 ], [ -81.327474416666661, 26.518742916666664 ], [ -81.326490388888885, 26.518982111111111 ], [ -81.325986277777773, 26.519779111111109 ], [ -81.3262335, 26.520630555555556 ] ] } },
{ "type": "Feature", "properties": { "style": "solid", "thickness": 1 }, "geometry": { "type": "LineString", "coordinates": [ [ -81.312240194444442, 26.528630222222223 ], [ -81.31356225, 26.53024947222222 ] ] } },
{ "type": "Feature", "properties": { "style": "solid", "thickness": 1 }, "geometry": { "type": "LineString", "coordinates": [ [ -81.311715305555552, 26.528761888888887 ], [ -81.313265527777773, 26.530660611111109 ] ] } },
{ "type": "Feature", "properties": { "style": "solid", "thickness": 1 }, "geometry": { "type": "LineString", "coordinates": [ [ -81.311316333333338, 26.529047777777777 ], [ -81.312842888888881, 26.530917527777778 ] ] } },
{ "type": "Feature", "properties": { "style": "solid", "thickness": 1 }, "geometry": { "type": "LineString", "coordinates": [ [ -81.311065361111105, 26.52951497222222 ], [ -81.312287111111104, 26.531011388888889 ] ] } },
{ "type": "Feature", "properties": { "style": "solid", "thickness": 1 }, "geometry": { "type": "LineString", "coordinates": [ [ -81.311257972222222, 26.530525444444443 ], [ -81.312131, 26.530998916666665 ], [ -81.313119472222226, 26.530774666666666 ], [ -81.313638472222223, 26.529985416666666 ], [ -81.313380916666659, 26.529098194444444 ], [ -81.312499222222215, 26.528637944444444 ], [ -81.311515083333333, 26.528877027777778 ], [ -81.311010805555554, 26.52967397222222 ], [ -81.311257972222222, 26.530525444444443 ] ] } },
{ "type": "Feature", "properties": { "style": "solid", "thickness": 1 }, "geometry": { "type": "LineString", "coordinates": [ [ -81.297262444444442, 26.538523611111113 ], [ -81.298584388888884, 26.540142972222224 ] ] } },
{ "type": "Feature", "properties": { "style": "solid", "thickness": 1 }, "geometry": { "type": "LineString", "coordinates": [ [ -81.296737472222219, 26.538655222222225 ], [ -81.298287611111107, 26.540554111111113 ] ] } },
{ "type": "Feature", "properties": { "style": "solid", "thickness": 1 }, "geometry": { "type": "LineString", "coordinates": [ [ -81.296338416666671, 26.538941055555558 ], [ -81.297864888888881, 26.540810972222225 ] ] } },
{ "type": "Feature", "properties": { "style": "solid", "thickness": 1 }, "geometry": { "type": "LineString", "coordinates": [ [ -81.296087388888893, 26.539408222222225 ], [ -81.297309055555559, 26.540904777777779 ] ] } },
{ "type": "Feature", "properties": { "style": "solid", "thickness": 1 }, "geometry": { "type": "LineString", "coordinates": [ [ -81.296279861111103, 26.540418722222224 ], [ -81.297152916666661, 26.540892277777779 ], [ -81.2981415, 26.54066813888889 ], [ -81.29866063888889, 26.539878944444446 ], [ -81.298403194444447, 26.538991694444444 ], [ -81.297521472222215, 26.538531361111112 ], [ -81.296537222222227, 26.538770333333336 ], [ -81.296032805555555, 26.539567222222225 ], [ -81.296279861111103, 26.540418722222224 ] ] } },
{ "type": "Feature", "properties": { "style": "solid", "thickness": 1 }, "geometry": { "type": "LineString", "coordinates": [ [ -81.282282138888888, 26.548415416666668 ], [ -81.283603972222224, 26.550034916666668 ] ] } },
{ "type": "Feature", "properties": { "style": "solid", "thickness": 1 }, "geometry": { "type": "LineString", "coordinates": [ [ -81.281757111111105, 26.548546944444446 ], [ -81.283307111111114, 26.550446 ] ] } },
{ "type": "Feature", "properties": { "style": "solid", "thickness": 1 }, "geometry": { "type": "LineString", "coordinates": [ [ -81.281357972222224, 26.54883275 ], [ -81.282884305555555, 26.550702805555556 ] ] } },
{ "type": "Feature", "properties": { "style": "solid", "thickness": 1 }, "geometry": { "type": "LineString", "coordinates": [ [ -81.281106861111112, 26.549299888888889 ], [ -81.282328416666672, 26.550796555555557 ] ] } },
{ "type": "Feature", "properties": { "style": "solid", "thickness": 1 }, "geometry": { "type": "LineString", "coordinates": [ [ -81.281299222222216, 26.550310416666669 ], [ -81.282172277777775, 26.550784055555557 ], [ -81.28316097222222, 26.550560027777777 ], [ -81.283680277777776, 26.54977088888889 ], [ -81.283422916666666, 26.548883583333335 ], [ -81.282541166666661, 26.548423166666669 ], [ -81.281556805555553, 26.548662055555557 ], [ -81.28105225, 26.549458888888889 ], [ -81.281299222222216, 26.550310416666669 ] ] } },
{ "type": "Feature", "properties": { "style": "solid", "thickness": 1 }, "geometry": { "type": "LineString", "coordinates": [ [ -81.26729925, 26.558305583333333 ], [ -81.268621, 26.559925222222223 ] ] } },
{ "type": "Feature", "properties": { "style": "solid", "thickness": 1 }, "geometry": { "type": "LineString", "coordinates": [ [ -81.266774166666664, 26.558437083333335 ], [ -81.268324055555553, 26.560336277777779 ] ] } },
{ "type": "Feature", "properties": { "style": "solid", "thickness": 1 }, "geometry": { "type": "LineString", "coordinates": [ [ -81.266374972222224, 26.558722833333334 ], [ -81.267901194444448, 26.560593055555557 ] ] } },
{ "type": "Feature", "properties": { "style": "solid", "thickness": 1 }, "geometry": { "type": "LineString", "coordinates": [ [ -81.266123777777779, 26.559189944444444 ], [ -81.26734525, 26.56068675 ] ] } },
{ "type": "Feature", "properties": { "style": "solid", "thickness": 1 }, "geometry": { "type": "LineString", "coordinates": [ [ -81.266316027777776, 26.560200472222224 ], [ -81.267189083333335, 26.560674222222222 ], [ -81.268177916666659, 26.560450305555555 ], [ -81.268697361111109, 26.559661222222221 ], [ -81.268440083333331, 26.55877388888889 ], [ -81.267558333333326, 26.558313388888891 ], [ -81.266573833333339, 26.558552138888889 ], [ -81.266069138888895, 26.559348916666668 ], [ -81.266316027777776, 26.560200472222224 ] ] } },
{ "type": "Feature", "properties": { "style": "solid", "thickness": 1 }, "geometry": { "type": "LineString", "coordinates": [ [ -81.252313833333332, 26.568194166666668 ], [ -81.2536355, 26.569813944444444 ] ] } },
{ "type": "Feature", "properties": { "style": "solid", "thickness": 1 }, "geometry": { "type": "LineString", "coordinates": [ [ -81.251788694444443, 26.56832561111111 ], [ -81.253338472222225, 26.570224972222221 ] ] } },
{ "type": "Feature", "properties": { "style": "solid", "thickness": 1 }, "geometry": { "type": "LineString", "coordinates": [ [ -81.251389416666669, 26.568611333333333 ], [ -81.252915527777773, 26.570481694444446 ] ] } },
{ "type": "Feature", "properties": { "style": "solid", "thickness": 1 }, "geometry": { "type": "LineString", "coordinates": [ [ -81.251138138888891, 26.569078416666667 ], [ -81.252359527777784, 26.570575305555554 ] ] } },
{ "type": "Feature", "properties": { "style": "solid", "thickness": 1 }, "geometry": { "type": "LineString", "coordinates": [ [ -81.251330277777782, 26.570088944444443 ], [ -81.252203361111114, 26.570562777777777 ], [ -81.253192277777771, 26.570338972222221 ], [ -81.253711888888887, 26.569549944444443 ], [ -81.253454694444443, 26.568662611111112 ], [ -81.252572944444438, 26.568202 ], [ -81.251588333333331, 26.568440666666667 ], [ -81.2510835, 26.56923738888889 ], [ -81.251330277777782, 26.570088944444443 ] ] } },
{ "type": "Feature", "properties": { "style": "solid", "thickness": 1 }, "geometry": { "type": "LineString", "coordinates": [ [ -81.237325861111117, 26.578081138888887 ], [ -81.238647416666666, 26.579701055555557 ] ] } },
{ "type": "Feature", "properties": { "style": "solid", "thickness": 1 }, "geometry": { "type": "LineString", "coordinates": [ [ -81.236800666666667, 26.578212527777776 ], [ -81.238350333333329, 26.580112027777776 ] ] } },
{ "type": "Feature", "properties": { "style": "solid", "thickness": 1 }, "geometry": { "type": "LineString", "coordinates": [ [ -81.236401333333333, 26.578498194444443 ], [ -81.237927333333332, 26.580368722222222 ] ] } },
{ "type": "Feature", "properties": { "style": "solid", "thickness": 1 }, "geometry": { "type": "LineString", "coordinates": [ [ -81.236149944444449, 26.57896525 ], [ -81.23737125, 26.580462305555557 ] ] } },
{ "type": "Feature", "properties": { "style": "solid", "thickness": 1 }, "geometry": { "type": "LineString", "coordinates": [ [ -81.236342, 26.579975833333332 ], [ -81.237215083333339, 26.58044975 ], [ -81.238204111111116, 26.580226027777776 ], [ -81.238723861111112, 26.579437055555555 ], [ -81.238466777777774, 26.578549694444444 ], [ -81.237585, 26.578089 ], [ -81.236600277777782, 26.578327555555557 ], [ -81.236095277777778, 26.579124222222223 ], [ -81.236342, 26.579975833333332 ] ] } },
{ "type": "Feature", "properties": { "style": "solid", "thickness": 1 }, "geometry": { "type": "LineString", "coordinates": [ [ -81.222335361111107, 26.587966527777777 ], [ -81.223656805555564, 26.589586555555556 ] ] } },
{ "type": "Feature", "properties": { "style": "solid", "thickness": 1 }, "geometry": { "type": "LineString", "coordinates": [ [ -81.221810083333338, 26.588097833333332 ], [ -81.223359611111107, 26.589997527777776 ] ] } },
{ "type": "Feature", "properties": { "style": "solid", "thickness": 1 }, "geometry": { "type": "LineString", "coordinates": [ [ -81.221410666666671, 26.588383472222223 ], [ -81.222936555555563, 26.590254138888888 ] ] } },
{ "type": "Feature", "properties": { "style": "solid", "thickness": 1 }, "geometry": { "type": "LineString", "coordinates": [ [ -81.221159222222227, 26.5888505 ], [ -81.222380416666667, 26.590347666666666 ] ] } },
{ "type": "Feature", "properties": { "style": "solid", "thickness": 1 }, "geometry": { "type": "LineString", "coordinates": [ [ -81.221351138888892, 26.589861083333332 ], [ -81.22222425, 26.590335083333333 ], [ -81.223213388888894, 26.590111472222222 ], [ -81.223733277777782, 26.589322583333331 ], [ -81.223476277777777, 26.588435194444443 ], [ -81.2225945, 26.587974388888888 ], [ -81.221609666666666, 26.58821286111111 ], [ -81.221104527777783, 26.589009472222219 ], [ -81.221351138888892, 26.589861083333332 ] ] } },
{ "type": "Feature", "properties": { "style": "solid", "thickness": 1 }, "geometry": { "type": "LineString", "coordinates": [ [ -81.207342277777784, 26.597850277777777 ], [ -81.208663638888893, 26.599470472222222 ] ] } },
{ "type": "Feature", "properties": { "style": "solid", "thickness": 1 }, "geometry": { "type": "LineString", "coordinates": [ [ -81.206816944444441, 26.597981555555556 ], [ -81.208366361111118, 26.599881388888889 ] ] } },
{ "type": "Feature", "properties": { "style": "solid", "thickness": 1 }, "geometry": { "type": "LineString", "coordinates": [ [ -81.206417472222228, 26.598267138888886 ], [ -81.20794325, 26.600137972222225 ] ] } },
{ "type": "Feature", "properties": { "style": "solid", "thickness": 1 }, "geometry": { "type": "LineString", "coordinates": [ [ -81.20616594444445, 26.598734138888886 ], [ -81.207387055555557, 26.600231416666666 ] ] } },
{ "type": "Feature", "properties": { "style": "solid", "thickness": 1 }, "geometry": { "type": "LineString", "coordinates": [ [ -81.206357722222222, 26.59974475 ], [ -81.207230833333341, 26.600218833333336 ], [ -81.208220111111117, 26.599995333333332 ], [ -81.208740138888885, 26.599206472222221 ], [ -81.20848325, 26.598319055555553 ], [ -81.20760144444445, 26.597858194444445 ], [ -81.20661650000001, 26.598096527777777 ], [ -81.206111222222219, 26.598893083333333 ], [ -81.206357722222222, 26.59974475 ] ] } },
{ "type": "Feature", "properties": { "style": "solid", "thickness": 1 }, "geometry": { "type": "LineString", "coordinates": [ [ -81.192346666666666, 26.607732444444444 ], [ -81.193667916666669, 26.60935275 ] ] } },
{ "type": "Feature", "properties": { "style": "solid", "thickness": 1 }, "geometry": { "type": "LineString", "coordinates": [ [ -81.19182125, 26.60786363888889 ], [ -81.19337055555556, 26.609763638888889 ] ] } },
{ "type": "Feature", "properties": { "style": "solid", "thickness": 1 }, "geometry": { "type": "LineString", "coordinates": [ [ -81.191421722222231, 26.608149194444447 ], [ -81.192947361111109, 26.610020194444445 ] ] } },
{ "type": "Feature", "properties": { "style": "solid", "thickness": 1 }, "geometry": { "type": "LineString", "coordinates": [ [ -81.191170083333333, 26.608616166666668 ], [ -81.192391111111121, 26.610113583333334 ] ] } },
{ "type": "Feature", "properties": { "style": "solid", "thickness": 1 }, "geometry": { "type": "LineString", "coordinates": [ [ -81.191361777777786, 26.60962677777778 ], [ -81.192234888888891, 26.610100972222224 ], [ -81.193224277777787, 26.609877583333336 ], [ -81.193744444444448, 26.609088777777778 ], [ -81.19348766666667, 26.608201333333334 ], [ -81.192605833333332, 26.607740361111112 ], [ -81.191620777777786, 26.607978611111111 ], [ -81.191115333333343, 26.608775111111111 ], [ -81.191361777777786, 26.60962677777778 ] ] } },
{ "type": "Feature", "properties": { "style": "solid", "thickness": 1 }, "geometry": { "type": "LineString", "coordinates": [ [ -81.177348472222221, 26.617612972222222 ], [ -81.178669638888891, 26.619233416666667 ] ] } },
{ "type": "Feature", "properties": { "style": "solid", "thickness": 1 }, "geometry": { "type": "LineString", "coordinates": [ [ -81.176823027777786, 26.617744138888888 ], [ -81.178372222222222, 26.619644277777777 ] ] } },
{ "type": "Feature", "properties": { "style": "solid", "thickness": 1 }, "geometry": { "type": "LineString", "coordinates": [ [ -81.176423416666665, 26.618029638888888 ], [ -81.177948944444452, 26.619900777777779 ] ] } },
{ "type": "Feature", "properties": { "style": "solid", "thickness": 1 }, "geometry": { "type": "LineString", "coordinates": [ [ -81.176171694444449, 26.618496583333332 ], [ -81.17739263888889, 26.619994111111112 ] ] } },
{ "type": "Feature", "properties": { "style": "solid", "thickness": 1 }, "geometry": { "type": "LineString", "coordinates": [ [ -81.176363277777781, 26.619507222222222 ], [ -81.177236416666673, 26.6199815 ], [ -81.178225888888889, 26.619758194444444 ], [ -81.17874622222223, 26.618969472222222 ], [ -81.1784895, 26.618082 ], [ -81.177607666666674, 26.617620944444443 ], [ -81.1766225, 26.617859083333332 ], [ -81.176116916666672, 26.618655527777779 ], [ -81.176363277777781, 26.619507222222222 ] ] } },
{ "type": "Feature", "properties": { "style": "solid", "thickness": 1 }, "geometry": { "type": "LineString", "coordinates": [ [ -81.16234775, 26.627491916666667 ], [ -81.16366880555556, 26.6291125 ] ] } },
{ "type": "Feature", "properties": { "style": "solid", "thickness": 1 }, "geometry": { "type": "LineString", "coordinates": [ [ -81.161822222222227, 26.62762302777778 ], [ -81.163371305555557, 26.629523305555555 ] ] } },
{ "type": "Feature", "properties": { "style": "solid", "thickness": 1 }, "geometry": { "type": "LineString", "coordinates": [ [ -81.161422527777788, 26.627908472222224 ], [ -81.162947944444454, 26.629779777777777 ] ] } },
{ "type": "Feature", "properties": { "style": "solid", "thickness": 1 }, "geometry": { "type": "LineString", "coordinates": [ [ -81.161170750000011, 26.628375388888891 ], [ -81.162391583333346, 26.629873055555557 ] ] } },
{ "type": "Feature", "properties": { "style": "solid", "thickness": 1 }, "geometry": { "type": "LineString", "coordinates": [ [ -81.16136219444445, 26.629386055555557 ], [ -81.162235361111115, 26.629860416666666 ], [ -81.163224944444451, 26.629637222222222 ], [ -81.163745416666671, 26.628848555555557 ], [ -81.163488805555559, 26.627961055555556 ], [ -81.162606972222221, 26.627499888888888 ], [ -81.161621666666676, 26.627737944444444 ], [ -81.161115944444447, 26.628534333333334 ], [ -81.16136219444445, 26.629386055555557 ] ] } },
{ "type": "Feature", "properties": { "style": "solid", "thickness": 1 }, "geometry": { "type": "LineString", "coordinates": [ [ -81.147344444444457, 26.637369222222222 ], [ -81.148665416666674, 26.638989944444443 ] ] } },
{ "type": "Feature", "properties": { "style": "solid", "thickness": 1 }, "geometry": { "type": "LineString", "coordinates": [ [ -81.146818888888902, 26.637500277777779 ], [ -81.148367833333339, 26.63940075 ] ] } },
{ "type": "Feature", "properties": { "style": "solid", "thickness": 1 }, "geometry": { "type": "LineString", "coordinates": [ [ -81.146419111111115, 26.637785694444442 ], [ -81.147944416666675, 26.639657138888889 ] ] } },
{ "type": "Feature", "properties": { "style": "solid", "thickness": 1 }, "geometry": { "type": "LineString", "coordinates": [ [ -81.14616725, 26.638252583333333 ], [ -81.147388, 26.639750361111112 ] ] } },
{ "type": "Feature", "properties": { "style": "solid", "thickness": 1 }, "geometry": { "type": "LineString", "coordinates": [ [ -81.146358583333338, 26.63926325 ], [ -81.14723175, 26.639737722222222 ], [ -81.148221444444445, 26.639514638888887 ], [ -81.148742083333346, 26.638726 ], [ -81.148485555555567, 26.6378385 ], [ -81.147603694444456, 26.63737725 ], [ -81.146618305555563, 26.637615166666667 ], [ -81.146112416666668, 26.6384115 ], [ -81.146358583333338, 26.63926325 ] ] } },
{ "type": "Feature", "properties": { "style": "solid", "thickness": 1 }, "geometry": { "type": "LineString", "coordinates": [ [ -81.132338611111109, 26.647244944444445 ], [ -81.133659472222234, 26.648865777777779 ] ] } },
{ "type": "Feature", "properties": { "style": "solid", "thickness": 1 }, "geometry": { "type": "LineString", "coordinates": [ [ -81.131812972222221, 26.647375916666665 ], [ -81.133361805555566, 26.649276555555556 ] ] } },
{ "type": "Feature", "properties": { "style": "solid", "thickness": 1 }, "geometry": { "type": "LineString", "coordinates": [ [ -81.131413138888888, 26.647661305555555 ], [ -81.132938333333328, 26.649532916666665 ] ] } },
{ "type": "Feature", "properties": { "style": "solid", "thickness": 1 }, "geometry": { "type": "LineString", "coordinates": [ [ -81.131161194444431, 26.648128166666666 ], [ -81.132381861111099, 26.649626055555554 ] ] } },
{ "type": "Feature", "properties": { "style": "solid", "thickness": 1 }, "geometry": { "type": "LineString", "coordinates": [ [ -81.131352416666658, 26.649138861111112 ], [ -81.132225583333323, 26.649613388888888 ], [ -81.133215416666658, 26.649390416666666 ], [ -81.133736166666679, 26.648601861111111 ], [ -81.13347975, 26.647714333333333 ], [ -81.132597888888881, 26.647252972222223 ], [ -81.13161236111111, 26.647490805555556 ], [ -81.131106333333321, 26.648287083333333 ], [ -81.131352416666658, 26.649138861111112 ] ] } },
{ "type": "Feature", "properties": { "style": "solid", "thickness": 1 }, "geometry": { "type": "LineString", "coordinates": [ [ -81.117330222222222, 26.657119027777778 ], [ -81.118650972222213, 26.65874 ] ] } },
{ "type": "Feature", "properties": { "style": "solid", "thickness": 1 }, "geometry": { "type": "LineString", "coordinates": [ [ -81.116804499999986, 26.657249972222221 ], [ -81.118353222222211, 26.659150722222222 ] ] } },
{ "type": "Feature", "properties": { "style": "solid", "thickness": 1 }, "geometry": { "type": "LineString", "coordinates": [ [ -81.116404611111108, 26.657535305555555 ], [ -81.117929694444442, 26.659407055555555 ] ] } },
{ "type": "Feature", "properties": { "style": "solid", "thickness": 1 }, "geometry": { "type": "LineString", "coordinates": [ [ -81.116152583333331, 26.658002111111109 ], [ -81.11737313888888, 26.659500166666664 ] ] } },
{ "type": "Feature", "properties": { "style": "solid", "thickness": 1 }, "geometry": { "type": "LineString", "coordinates": [ [ -81.116343694444438, 26.659012833333332 ], [ -81.117216861111103, 26.659487472222221 ], [ -81.118206805555545, 26.659264583333332 ], [ -81.118727722222218, 26.658476083333333 ], [ -81.118471388888878, 26.657588527777776 ], [ -81.1175895, 26.657127083333332 ], [ -81.116603861111102, 26.657364833333332 ], [ -81.116097694444434, 26.658161027777776 ], [ -81.116343694444438, 26.659012833333332 ] ] } },
{ "type": "Feature", "properties": { "style": "solid", "thickness": 1 }, "geometry": { "type": "LineString", "coordinates": [ [ -81.10231925, 26.6669915 ], [ -81.103639916666665, 26.668612611111111 ] ] } },
{ "type": "Feature", "properties": { "style": "solid", "thickness": 1 }, "geometry": { "type": "LineString", "coordinates": [ [ -81.1017935, 26.667122388888892 ], [ -81.103342111111104, 26.669023305555555 ] ] } },
{ "type": "Feature", "properties": { "style": "solid", "thickness": 1 }, "geometry": { "type": "LineString", "coordinates": [ [ -81.101393527777773, 26.667407666666669 ], [ -81.102918472222214, 26.669279583333335 ] ] } },
{ "type": "Feature", "properties": { "style": "solid", "thickness": 1 }, "geometry": { "type": "LineString", "coordinates": [ [ -81.101141416666664, 26.667874472222223 ], [ -81.102361888888879, 26.669372611111111 ] ] } },
{ "type": "Feature", "properties": { "style": "solid", "thickness": 1 }, "geometry": { "type": "LineString", "coordinates": [ [ -81.101332416666665, 26.668885194444446 ], [ -81.10220558333333, 26.669359916666668 ], [ -81.103195638888877, 26.669137138888889 ], [ -81.103716694444444, 26.668348694444447 ], [ -81.10346047222221, 26.667461111111113 ], [ -81.102578555555553, 26.666999583333336 ], [ -81.101592833333328, 26.667237222222223 ], [ -81.1010865, 26.66803338888889 ], [ -81.101332416666665, 26.668885194444446 ] ] } },
{ "type": "Feature", "properties": { "style": "solid", "thickness": 1 }, "geometry": { "type": "LineString", "coordinates": [ [ -81.08730575, 26.676862361111112 ], [ -81.08862630555555, 26.678483611111112 ] ] } },
{ "type": "Feature", "properties": { "style": "solid", "thickness": 1 }, "geometry": { "type": "LineString", "coordinates": [ [ -81.086779916666657, 26.676993166666669 ], [ -81.088328416666656, 26.678894277777779 ] ] } },
{ "type": "Feature", "properties": { "style": "solid", "thickness": 1 }, "geometry": { "type": "LineString", "coordinates": [ [ -81.086379888888885, 26.677278416666667 ], [ -81.08790472222222, 26.6791505 ] ] } },
{ "type": "Feature", "properties": { "style": "solid", "thickness": 1 }, "geometry": { "type": "LineString", "coordinates": [ [ -81.086127694444443, 26.677745194444444 ], [ -81.087348055555552, 26.679243472222222 ] ] } },
{ "type": "Feature", "properties": { "style": "solid", "thickness": 1 }, "geometry": { "type": "LineString", "coordinates": [ [ -81.08631855555555, 26.678755944444447 ], [ -81.087191777777775, 26.67923075 ], [ -81.088181916666656, 26.679008083333336 ], [ -81.088703138888889, 26.678219694444447 ], [ -81.088447, 26.677332083333333 ], [ -81.087565083333331, 26.676870472222223 ], [ -81.086579222222213, 26.677108 ], [ -81.08607275, 26.677904111111111 ], [ -81.08631855555555, 26.678755944444447 ] ] } },
{ "type": "Feature", "properties": { "style": "solid", "thickness": 1 }, "geometry": { "type": "LineString", "coordinates": [ [ -81.072289694444436, 26.686731583333334 ], [ -81.073610138888881, 26.688352972222223 ] ] } },
{ "type": "Feature", "properties": { "style": "solid", "thickness": 1 }, "geometry": { "type": "LineString", "coordinates": [ [ -81.071763805555548, 26.68686236111111 ], [ -81.073312166666668, 26.68876361111111 ] ] } },
{ "type": "Feature", "properties": { "style": "solid", "thickness": 1 }, "geometry": { "type": "LineString", "coordinates": [ [ -81.071363694444443, 26.687147555555555 ], [ -81.072888416666657, 26.689019777777776 ] ] } },
{ "type": "Feature", "properties": { "style": "solid", "thickness": 1 }, "geometry": { "type": "LineString", "coordinates": [ [ -81.071111416666668, 26.687614305555556 ], [ -81.072331694444443, 26.689112694444443 ] ] } },
{ "type": "Feature", "properties": { "style": "solid", "thickness": 1 }, "geometry": { "type": "LineString", "coordinates": [ [ -81.071302166666669, 26.688625055555555 ], [ -81.07217538888888, 26.689099972222223 ], [ -81.073165638888881, 26.688877416666667 ], [ -81.073687, 26.688089083333335 ], [ -81.073430972222212, 26.687201444444444 ], [ -81.072549027777768, 26.68673975 ], [ -81.071563055555558, 26.686977138888889 ], [ -81.071056444444437, 26.687773194444446 ], [ -81.071302166666669, 26.688625055555555 ] ] } },
{ "type": "Feature", "properties": { "style": "solid", "thickness": 1 }, "geometry": { "type": "LineString", "coordinates": [ [ -81.057271055555546, 26.696599194444445 ], [ -81.058591416666658, 26.698220722222221 ] ] } },
{ "type": "Feature", "properties": { "style": "solid", "thickness": 1 }, "geometry": { "type": "LineString", "coordinates": [ [ -81.056745111111113, 26.696729916666666 ], [ -81.058293361111112, 26.698631305555555 ] ] } },
{ "type": "Feature", "properties": { "style": "solid", "thickness": 1 }, "geometry": { "type": "LineString", "coordinates": [ [ -81.056344944444447, 26.697015083333334 ], [ -81.057869527777768, 26.698887444444445 ] ] } },
{ "type": "Feature", "properties": { "style": "solid", "thickness": 1 }, "geometry": { "type": "LineString", "coordinates": [ [ -81.056092583333324, 26.697481777777778 ], [ -81.05731275, 26.698980305555555 ] ] } },
{ "type": "Feature", "properties": { "style": "solid", "thickness": 1 }, "geometry": { "type": "LineString", "coordinates": [ [ -81.05628322222222, 26.698492555555557 ], [ -81.057156444444445, 26.698967555555555 ], [ -81.058146833333325, 26.698745111111112 ], [ -81.05866833333333, 26.697956833333333 ], [ -81.05841236111111, 26.697069166666665 ], [ -81.057530416666665, 26.696607388888889 ], [ -81.056544333333335, 26.696844694444444 ], [ -81.056037583333335, 26.697640666666668 ], [ -81.05628322222222, 26.698492555555557 ] ] } },
{ "type": "Feature", "properties": { "style": "solid", "thickness": 1 }, "geometry": { "type": "LineString", "coordinates": [ [ -81.04224988888889, 26.706465194444444 ], [ -81.043570138888882, 26.708086861111109 ] ] } },
{ "type": "Feature", "properties": { "style": "solid", "thickness": 1 }, "geometry": { "type": "LineString", "coordinates": [ [ -81.041723861111109, 26.706595861111111 ], [ -81.043272, 26.708497416666667 ] ] } },
{ "type": "Feature", "properties": { "style": "solid", "thickness": 1 }, "geometry": { "type": "LineString", "coordinates": [ [ -81.04132361111111, 26.706880972222223 ], [ -81.042848111111113, 26.7087535 ] ] } },
{ "type": "Feature", "properties": { "style": "solid", "thickness": 1 }, "geometry": { "type": "LineString", "coordinates": [ [ -81.041071166666669, 26.707347666666667 ], [ -81.042291277777778, 26.708846305555554 ] ] } },
{ "type": "Feature", "properties": { "style": "solid", "thickness": 1 }, "geometry": { "type": "LineString", "coordinates": [ [ -81.041261694444444, 26.708358444444443 ], [ -81.042134944444442, 26.708833527777777 ], [ -81.043125444444442, 26.708611194444444 ], [ -81.043647083333326, 26.707822972222221 ], [ -81.043391222222226, 26.706935277777777 ], [ -81.042509277777782, 26.706473388888888 ], [ -81.041523083333331, 26.706710611111109 ], [ -81.041016166666665, 26.707506527777777 ], [ -81.041261694444444, 26.708358444444443 ] ] } },
{ "type": "Feature", "properties": { "style": "solid", "thickness": 1 }, "geometry": { "type": "LineString", "coordinates": [ [ -81.027226138888892, 26.716329555555554 ], [ -81.028546277777778, 26.717951361111108 ] ] } },
{ "type": "Feature", "properties": { "style": "solid", "thickness": 1 }, "geometry": { "type": "LineString", "coordinates": [ [ -81.026700083333338, 26.716460166666668 ], [ -81.028248083333338, 26.718361888888886 ] ] } },
{ "type": "Feature", "properties": { "style": "solid", "thickness": 1 }, "geometry": { "type": "LineString", "coordinates": [ [ -81.02629975, 26.716745222222219 ], [ -81.027824111111116, 26.718617916666666 ] ] } },
{ "type": "Feature", "properties": { "style": "solid", "thickness": 1 }, "geometry": { "type": "LineString", "coordinates": [ [ -81.026047222222218, 26.717211888888887 ], [ -81.027267222222221, 26.718710666666666 ] ] } },
{ "type": "Feature", "properties": { "style": "solid", "thickness": 1 }, "geometry": { "type": "LineString", "coordinates": [ [ -81.026237638888887, 26.718222694444442 ], [ -81.027110861111112, 26.718697888888887 ], [ -81.028101472222218, 26.718475638888886 ], [ -81.028623277777783, 26.71768747222222 ], [ -81.028367527777775, 26.716799777777776 ], [ -81.027485555555558, 26.716337805555554 ], [ -81.02649925, 26.716574888888889 ], [ -81.025992194444441, 26.717370777777777 ], [ -81.026237638888887, 26.718222694444442 ] ] } },
{ "type": "Feature", "properties": { "style": "solid", "thickness": 1 }, "geometry": { "type": "LineString", "coordinates": [ [ -81.012199833333327, 26.726192305555553 ], [ -81.013519888888894, 26.727814222222221 ] ] } },
{ "type": "Feature", "properties": { "style": "solid", "thickness": 1 }, "geometry": { "type": "LineString", "coordinates": [ [ -81.011673722222227, 26.726322833333331 ], [ -81.013221611111106, 26.728224722222219 ] ] } },
{ "type": "Feature", "properties": { "style": "solid", "thickness": 1 }, "geometry": { "type": "LineString", "coordinates": [ [ -81.011273305555562, 26.726607888888886 ], [ -81.012797555555551, 26.728480722222219 ] ] } },
{ "type": "Feature", "properties": { "style": "solid", "thickness": 1 }, "geometry": { "type": "LineString", "coordinates": [ [ -81.01102069444444, 26.7270745 ], [ -81.01224061111111, 26.728573416666666 ] ] } },
{ "type": "Feature", "properties": { "style": "solid", "thickness": 1 }, "geometry": { "type": "LineString", "coordinates": [ [ -81.011211, 26.728085333333333 ], [ -81.01208425, 26.72856061111111 ], [ -81.013074972222228, 26.728338472222219 ], [ -81.013596916666671, 26.72755036111111 ], [ -81.01334125, 26.726662638888886 ], [ -81.012459277777779, 26.726200555555554 ], [ -81.011472833333329, 26.726437555555552 ], [ -81.010965638888891, 26.727233388888887 ], [ -81.011211, 26.728085333333333 ] ] } },
{ "type": "Feature", "properties": { "style": "solid", "thickness": 1 }, "geometry": { "type": "LineString", "coordinates": [ [ -80.997170972222222, 26.736053416666667 ], [ -80.998490916666668, 26.737675472222222 ] ] } },
{ "type": "Feature", "properties": { "style": "solid", "thickness": 1 }, "geometry": { "type": "LineString", "coordinates": [ [ -80.996644777777774, 26.736183916666668 ], [ -80.998192555555562, 26.738085944444446 ] ] } },
{ "type": "Feature", "properties": { "style": "solid", "thickness": 1 }, "geometry": { "type": "LineString", "coordinates": [ [ -80.996244333333337, 26.73646888888889 ], [ -80.997768444444446, 26.73834188888889 ] ] } },
{ "type": "Feature", "properties": { "style": "solid", "thickness": 1 }, "geometry": { "type": "LineString", "coordinates": [ [ -80.995991638888896, 26.7369355 ], [ -80.997211444444446, 26.73843452777778 ] ] } },
{ "type": "Feature", "properties": { "style": "solid", "thickness": 1 }, "geometry": { "type": "LineString", "coordinates": [ [ -80.996181805555551, 26.737946333333333 ], [ -80.997055083333336, 26.738421694444444 ], [ -80.998045916666669, 26.738199666666667 ], [ -80.998568, 26.737411611111114 ], [ -80.998312444444451, 26.736523861111113 ], [ -80.997430444444447, 26.736061694444444 ], [ -80.996443888888891, 26.736298583333333 ], [ -80.995936555555559, 26.737094361111112 ], [ -80.996181805555551, 26.737946333333333 ] ] } },
{ "type": "Feature", "properties": { "style": "solid", "thickness": 1 }, "geometry": { "type": "LineString", "coordinates": [ [ -80.982139555555563, 26.745912916666668 ], [ -80.983459416666662, 26.747535083333336 ] ] } },
{ "type": "Feature", "properties": { "style": "solid", "thickness": 1 }, "geometry": { "type": "LineString", "coordinates": [ [ -80.981613305555555, 26.746043333333333 ], [ -80.983160972222223, 26.74794552777778 ] ] } },
{ "type": "Feature", "properties": { "style": "solid", "thickness": 1 }, "geometry": { "type": "LineString", "coordinates": [ [ -80.981212777777785, 26.746328277777778 ], [ -80.982736777777774, 26.748201444444444 ] ] } },
{ "type": "Feature", "properties": { "style": "solid", "thickness": 1 }, "geometry": { "type": "LineString", "coordinates": [ [ -80.98096, 26.746794861111113 ], [ -80.982179722222227, 26.748294 ] ] } },
{ "type": "Feature", "properties": { "style": "solid", "thickness": 1 }, "geometry": { "type": "LineString", "coordinates": [ [ -80.98115005555556, 26.747805694444445 ], [ -80.982023333333331, 26.748281166666668 ], [ -80.983014277777784, 26.74805925 ], [ -80.983536527777773, 26.74727125 ], [ -80.983281055555551, 26.746383472222224 ], [ -80.982399027777774, 26.745921222222222 ], [ -80.981412388888884, 26.746158 ], [ -80.980904888888887, 26.746953722222223 ], [ -80.98115005555556, 26.747805694444445 ] ] } },
{ "type": "Feature", "properties": { "style": "solid", "thickness": 1 }, "geometry": { "type": "LineString", "coordinates": [ [ -80.98000997222222, 26.760636305555554 ], [ -80.982123083333335, 26.759975027777777 ] ] } },
{ "type": "Feature", "properties": { "style": "solid", "thickness": 1 }, "geometry": { "type": "LineString", "coordinates": [ [ -80.979995722222228, 26.761126277777777 ], [ -80.982473555555558, 26.76035086111111 ] ] } },
{ "type": "Feature", "properties": { "style": "solid", "thickness": 1 }, "geometry": { "type": "LineString", "coordinates": [ [ -80.98018275, 26.761553277777779 ], [ -80.982622777777777, 26.760789694444444 ] ] } },
{ "type": "Feature", "properties": { "style": "solid", "thickness": 1 }, "geometry": { "type": "LineString", "coordinates": [ [ -80.980606361111114, 26.76190625 ], [ -80.982559194444448, 26.76129511111111 ] ] } },
{ "type": "Feature", "properties": { "style": "solid", "thickness": 1 }, "geometry": { "type": "LineString", "coordinates": [ [ -80.981739, 26.762037305555555 ], [ -80.9825, 26.761425694444444 ], [ -80.982552027777785, 26.760509972222223 ], [ -80.981864361111107, 26.759831972222223 ], [ -80.980843888888884, 26.759792916666665 ], [ -80.980094388888887, 26.76041586111111 ], [ -80.980059416666663, 26.76133225 ], [ -80.980759611111111, 26.761999833333334 ], [ -80.981739, 26.762037305555555 ] ] } },
{ "type": "Feature", "properties": { "style": "solid", "thickness": 1 }, "geometry": { "type": "LineString", "coordinates": [ [ -80.986139444444447, 26.776418416666665 ], [ -80.988252777777774, 26.775757055555555 ] ] } },
{ "type": "Feature", "properties": { "style": "solid", "thickness": 1 }, "geometry": { "type": "LineString", "coordinates": [ [ -80.98612519444444, 26.776908388888888 ], [ -80.98860333333333, 26.776132888888888 ] ] } },
{ "type": "Feature", "properties": { "style": "solid", "thickness": 1 }, "geometry": { "type": "LineString", "coordinates": [ [ -80.986312277777785, 26.777335388888886 ], [ -80.988752583333337, 26.776571694444442 ] ] } },
{ "type": "Feature", "properties": { "style": "solid", "thickness": 1 }, "geometry": { "type": "LineString", "coordinates": [ [ -80.98673597222222, 26.777688305555554 ], [ -80.988689027777781, 26.777077111111112 ] ] } },
{ "type": "Feature", "properties": { "style": "solid", "thickness": 1 }, "geometry": { "type": "LineString", "coordinates": [ [ -80.98786875, 26.77781936111111 ], [ -80.988629833333334, 26.777207694444442 ], [ -80.988681833333331, 26.776291972222221 ], [ -80.987994027777773, 26.775614 ], [ -80.986973388888885, 26.77557497222222 ], [ -80.986223861111114, 26.776197972222221 ], [ -80.986188916666663, 26.77711436111111 ], [ -80.98688925, 26.777781888888889 ], [ -80.98786875, 26.77781936111111 ] ] } },
{ "type": "Feature", "properties": { "style": "solid", "thickness": 1 }, "geometry": { "type": "LineString", "coordinates": [ [ -80.992270527777777, 26.792200222222224 ], [ -80.994384166666663, 26.791538777777781 ] ] } },
{ "type": "Feature", "properties": { "style": "solid", "thickness": 1 }, "geometry": { "type": "LineString", "coordinates": [ [ -80.99225633333333, 26.792690194444447 ], [ -80.994734777777779, 26.791914583333334 ] ] } },
{ "type": "Feature", "properties": { "style": "solid", "thickness": 1 }, "geometry": { "type": "LineString", "coordinates": [ [ -80.992443444444447, 26.793117166666669 ], [ -80.994884055555559, 26.792353388888891 ] ] } },
{ "type": "Feature", "properties": { "style": "solid", "thickness": 1 }, "geometry": { "type": "LineString", "coordinates": [ [ -80.992867222222216, 26.793470083333336 ], [ -80.994820527777776, 26.792858805555557 ] ] } },
{ "type": "Feature", "properties": { "style": "solid", "thickness": 1 }, "geometry": { "type": "LineString", "coordinates": [ [ -80.994000166666666, 26.793601083333336 ], [ -80.994761305555556, 26.792989388888891 ], [ -80.99481327777778, 26.792073666666667 ], [ -80.994125361111116, 26.791395722222223 ], [ -80.993104583333334, 26.79135675 ], [ -80.992354944444443, 26.79197977777778 ], [ -80.992320055555552, 26.792896166666669 ], [ -80.993020527777773, 26.793563666666667 ], [ -80.994000166666666, 26.793601083333336 ] ] } },
{ "type": "Feature", "properties": { "style": "solid", "thickness": 1 }, "geometry": { "type": "LineString", "coordinates": [ [ -80.998403305555556, 26.807981722222223 ], [ -81.000517166666668, 26.807320194444443 ] ] } },
{ "type": "Feature", "properties": { "style": "solid", "thickness": 1 }, "geometry": { "type": "LineString", "coordinates": [ [ -80.998389111111109, 26.808471694444446 ], [ -81.000867861111118, 26.807695972222223 ] ] } },
{ "type": "Feature", "properties": { "style": "solid", "thickness": 1 }, "geometry": { "type": "LineString", "coordinates": [ [ -80.998576277777772, 26.808898666666668 ], [ -81.001017194444444, 26.808134777777777 ] ] } },
{ "type": "Feature", "properties": { "style": "solid", "thickness": 1 }, "geometry": { "type": "LineString", "coordinates": [ [ -80.999000138888889, 26.809251555555555 ], [ -81.000953666666661, 26.808640222222223 ] ] } },
{ "type": "Feature", "properties": { "style": "solid", "thickness": 1 }, "geometry": { "type": "LineString", "coordinates": [ [ -81.00013325, 26.8093825 ], [ -81.000894444444441, 26.808770777777777 ], [ -81.000946388888892, 26.807855055555557 ], [ -81.000258333333335, 26.807177166666666 ], [ -80.999237416666674, 26.807138222222221 ], [ -80.998487722222222, 26.807761277777779 ], [ -80.998452861111119, 26.808677666666668 ], [ -80.999153472222218, 26.80934513888889 ], [ -81.00013325, 26.8093825 ] ] } },
{ "type": "Feature", "properties": { "style": "solid", "thickness": 1 }, "geometry": { "type": "LineString", "coordinates": [ [ -81.004537722222224, 26.823762916666666 ], [ -81.006651833333336, 26.823101305555554 ] ] } },
{ "type": "Feature", "properties": { "style": "solid", "thickness": 1 }, "geometry": { "type": "LineString", "coordinates": [ [ -81.004523555555551, 26.824252916666666 ], [ -81.007002611111105, 26.823477083333334 ] ] } },
{ "type": "Feature", "properties": { "style": "solid", "thickness": 1 }, "geometry": { "type": "LineString", "coordinates": [ [ -81.004710777777774, 26.824679861111111 ], [ -81.007151972222218, 26.823915888888887 ] ] } },
{ "type": "Feature", "properties": { "style": "solid", "thickness": 1 }, "geometry": { "type": "LineString", "coordinates": [ [ -81.00513469444445, 26.82503275 ], [ -81.007088472222222, 26.824421305555557 ] ] } },
{ "type": "Feature", "properties": { "style": "solid", "thickness": 1 }, "geometry": { "type": "LineString", "coordinates": [ [ -81.006267972222219, 26.825163638888888 ], [ -81.00702925, 26.824551888888887 ], [ -81.007081138888893, 26.823636166666667 ], [ -81.006392944444443, 26.822958305555556 ], [ -81.005371888888888, 26.822919388888888 ], [ -81.004622138888891, 26.823542472222222 ], [ -81.00458730555556, 26.824458861111111 ], [ -81.005288055555553, 26.825126305555557 ], [ -81.006267972222219, 26.825163638888888 ] ] } },
{ "type": "Feature", "properties": { "style": "solid", "thickness": 1 }, "geometry": { "type": "LineString", "coordinates": [ [ -81.010673777777782, 26.839543833333334 ], [ -81.012788166666667, 26.838882111111111 ] ] } },
{ "type": "Feature", "properties": { "style": "solid", "thickness": 1 }, "geometry": { "type": "LineString", "coordinates": [ [ -81.010659638888896, 26.840033805555553 ], [ -81.013139, 26.839257888888888 ] ] } },
{ "type": "Feature", "properties": { "style": "solid", "thickness": 1 }, "geometry": { "type": "LineString", "coordinates": [ [ -81.010846916666665, 26.84046075 ], [ -81.013288416666668, 26.839696666666665 ] ] } },
{ "type": "Feature", "properties": { "style": "solid", "thickness": 1 }, "geometry": { "type": "LineString", "coordinates": [ [ -81.01127091666666, 26.840813611111109 ], [ -81.013224944444445, 26.840202083333331 ] ] } },
{ "type": "Feature", "properties": { "style": "solid", "thickness": 1 }, "geometry": { "type": "LineString", "coordinates": [ [ -81.012404361111109, 26.840944444444442 ], [ -81.013165722222226, 26.840332694444442 ], [ -81.013217555555556, 26.839416944444444 ], [ -81.01252925, 26.83873911111111 ], [ -81.011508055555552, 26.83870025 ], [ -81.010758222222222, 26.839323361111109 ], [ -81.010723444444452, 26.84023975 ], [ -81.011424305555551, 26.840907166666664 ], [ -81.012404361111109, 26.840944444444442 ] ] } },
{ "type": "Feature", "properties": { "style": "solid", "thickness": 1 }, "geometry": { "type": "LineString", "coordinates": [ [ -81.016811527777776, 26.855324416666669 ], [ -81.01892616666666, 26.85466263888889 ] ] } },
{ "type": "Feature", "properties": { "style": "solid", "thickness": 1 }, "geometry": { "type": "LineString", "coordinates": [ [ -81.016797416666662, 26.855814388888891 ], [ -81.019277055555548, 26.85503838888889 ] ] } },
{ "type": "Feature", "properties": { "style": "solid", "thickness": 1 }, "geometry": { "type": "LineString", "coordinates": [ [ -81.016984722222219, 26.856241333333333 ], [ -81.019426527777782, 26.855477166666667 ] ] } },
{ "type": "Feature", "properties": { "style": "solid", "thickness": 1 }, "geometry": { "type": "LineString", "coordinates": [ [ -81.017408805555561, 26.856594166666667 ], [ -81.019363055555559, 26.855982583333336 ] ] } },
{ "type": "Feature", "properties": { "style": "solid", "thickness": 1 }, "geometry": { "type": "LineString", "coordinates": [ [ -81.018542416666662, 26.856724972222224 ], [ -81.019303833333339, 26.856113166666667 ], [ -81.019355638888882, 26.855197444444446 ], [ -81.018667194444447, 26.854519638888892 ], [ -81.017645861111106, 26.854480833333334 ], [ -81.016895944444443, 26.855103972222224 ], [ -81.016861194444445, 26.856020333333333 ], [ -81.017562194444437, 26.856687722222222 ], [ -81.018542416666662, 26.856724972222224 ] ] } },
{ "type": "Feature", "properties": { "style": "solid", "thickness": 1 }, "geometry": { "type": "LineString", "coordinates": [ [ -81.022950916666659, 26.871104722222224 ], [ -81.025065805555556, 26.870442833333335 ] ] } },
{ "type": "Feature", "properties": { "style": "solid", "thickness": 1 }, "geometry": { "type": "LineString", "coordinates": [ [ -81.022936833333333, 26.871594694444443 ], [ -81.025416777777778, 26.870818555555555 ] ] } },
{ "type": "Feature", "properties": { "style": "solid", "thickness": 1 }, "geometry": { "type": "LineString", "coordinates": [ [ -81.023124194444449, 26.872021611111112 ], [ -81.02556627777777, 26.871257333333332 ] ] } },
{ "type": "Feature", "properties": { "style": "solid", "thickness": 1 }, "geometry": { "type": "LineString", "coordinates": [ [ -81.023548333333338, 26.872374444444446 ], [ -81.025502833333334, 26.871762777777779 ] ] } },
{ "type": "Feature", "properties": { "style": "solid", "thickness": 1 }, "geometry": { "type": "LineString", "coordinates": [ [ -81.024682111111105, 26.872505194444447 ], [ -81.025443611111115, 26.871893361111113 ], [ -81.025495388888885, 26.870977638888888 ], [ -81.024806805555556, 26.870299861111111 ], [ -81.023785305555549, 26.870261083333332 ], [ -81.023035333333326, 26.87088425 ], [ -81.023000638888888, 26.871800638888889 ], [ -81.023701777777774, 26.872467972222221 ], [ -81.024682111111105, 26.872505194444447 ] ] } },
{ "type": "Feature", "properties": { "style": "solid", "thickness": 1 }, "geometry": { "type": "LineString", "coordinates": [ [ -81.029091972222218, 26.886884694444444 ], [ -81.031207138888888, 26.88622275 ] ] } },
{ "type": "Feature", "properties": { "style": "solid", "thickness": 1 }, "geometry": { "type": "LineString", "coordinates": [ [ -81.029077888888892, 26.887374666666666 ], [ -81.031558138888883, 26.886598444444445 ] ] } },
{ "type": "Feature", "properties": { "style": "solid", "thickness": 1 }, "geometry": { "type": "LineString", "coordinates": [ [ -81.029265305555555, 26.887801583333331 ], [ -81.031707694444449, 26.887037222222222 ] ] } },
{ "type": "Feature", "properties": { "style": "solid", "thickness": 1 }, "geometry": { "type": "LineString", "coordinates": [ [ -81.029689555555549, 26.888154388888889 ], [ -81.031644277777772, 26.887542638888888 ] ] } },
{ "type": "Feature", "properties": { "style": "solid", "thickness": 1 }, "geometry": { "type": "LineString", "coordinates": [ [ -81.030823472222224, 26.888285111111109 ], [ -81.031585055555553, 26.88767325 ], [ -81.031636777777777, 26.8867575 ], [ -81.030948055555555, 26.886079777777777 ], [ -81.029926444444442, 26.886041055555555 ], [ -81.029176388888885, 26.88666425 ], [ -81.02914175, 26.887580611111112 ], [ -81.029843, 26.888247944444444 ], [ -81.030823472222224, 26.888285111111109 ] ] } },
{ "type": "Feature", "properties": { "style": "solid", "thickness": 1 }, "geometry": { "type": "LineString", "coordinates": [ [ -81.035234694444441, 26.902664388888887 ], [ -81.03735011111111, 26.902002333333332 ] ] } },
{ "type": "Feature", "properties": { "style": "solid", "thickness": 1 }, "geometry": { "type": "LineString", "coordinates": [ [ -81.035220638888887, 26.90315436111111 ], [ -81.037701194444438, 26.902378027777775 ] ] } },
{ "type": "Feature", "properties": { "style": "solid", "thickness": 1 }, "geometry": { "type": "LineString", "coordinates": [ [ -81.03540811111111, 26.903581277777775 ], [ -81.037850777777777, 26.902816805555553 ] ] } },
{ "type": "Feature", "properties": { "style": "solid", "thickness": 1 }, "geometry": { "type": "LineString", "coordinates": [ [ -81.035832416666665, 26.903934055555553 ], [ -81.037787361111114, 26.903322222222222 ] ] } },
{ "type": "Feature", "properties": { "style": "solid", "thickness": 1 }, "geometry": { "type": "LineString", "coordinates": [ [ -81.0369665, 26.904064694444443 ], [ -81.03772813888888, 26.903452805555553 ], [ -81.037779833333332, 26.902537083333332 ], [ -81.037091, 26.901859388888887 ], [ -81.036069222222224, 26.901820694444442 ], [ -81.035319111111107, 26.902443916666666 ], [ -81.0352845, 26.903360277777775 ], [ -81.035985888888888, 26.904027583333331 ], [ -81.0369665, 26.904064694444443 ] ] } },
{ "type": "Feature", "properties": { "style": "solid", "thickness": 1 }, "geometry": { "type": "LineString", "coordinates": [ [ -81.041379055555552, 26.91844375 ], [ -81.04349475, 26.917781611111113 ] ] } },
{ "type": "Feature", "properties": { "style": "solid", "thickness": 1 }, "geometry": { "type": "LineString", "coordinates": [ [ -81.041365055555559, 26.918933722222224 ], [ -81.043845888888882, 26.918157305555557 ] ] } },
{ "type": "Feature", "properties": { "style": "solid", "thickness": 1 }, "geometry": { "type": "LineString", "coordinates": [ [ -81.041552555555555, 26.91936063888889 ], [ -81.043995527777781, 26.918596055555557 ] ] } },
{ "type": "Feature", "properties": { "style": "solid", "thickness": 1 }, "geometry": { "type": "LineString", "coordinates": [ [ -81.041976944444443, 26.919713388888891 ], [ -81.043932138888891, 26.919101472222223 ] ] } },
{ "type": "Feature", "properties": { "style": "solid", "thickness": 1 }, "geometry": { "type": "LineString", "coordinates": [ [ -81.04311119444445, 26.919844 ], [ -81.043872916666672, 26.919232083333334 ], [ -81.043924555555549, 26.918316361111113 ], [ -81.043235583333328, 26.917638666666669 ], [ -81.042213666666669, 26.91760002777778 ], [ -81.0414635, 26.918223277777781 ], [ -81.041428916666661, 26.919139666666666 ], [ -81.042130444444439, 26.919806916666669 ], [ -81.04311119444445, 26.919844 ] ] } },
{ "type": "Feature", "properties": { "style": "solid", "thickness": 1 }, "geometry": { "type": "LineString", "coordinates": [ [ -81.031406027777777, 27.271003805555555 ], [ -81.0128185, 27.242000972222222 ] ] } },
{ "type": "Feature", "properties": { "style": "solid", "thickness": 1 }, "geometry": { "type": "LineString", "coordinates": [ [ -80.998949055555556, 27.211072194444444 ], [ -80.986584861111112, 27.17953 ] ] } },
{ "type": "Feature", "properties": { "style": "solid", "thickness": 1 }, "geometry": { "type": "LineString", "coordinates": [ [ -80.974227416666665, 27.147986527777778 ], [ -80.961876694444442, 27.11644175 ] ] } },
{ "type": "Feature", "properties": { "style": "solid", "thickness": 1 }, "geometry": { "type": "LineString", "coordinates": [ [ -80.94953266666667, 27.08489575 ], [ -80.937195361111108, 27.053348472222222 ] ] } },
{ "type": "Feature", "properties": { "style": "solid", "thickness": 1 }, "geometry": { "type": "LineString", "coordinates": [ [ -80.924864750000012, 27.021799944444442 ], [ -80.912540805555565, 26.990250166666666 ] ] } },
{ "type": "Feature", "properties": { "style": "solid", "thickness": 1 }, "geometry": { "type": "LineString", "coordinates": [ [ -80.900236972222231, 26.958694944444442 ], [ -80.8879795, 26.927126083333334 ] ] } },
{ "type": "Feature", "properties": { "style": "solid", "thickness": 1 }, "geometry": { "type": "LineString", "coordinates": [ [ -80.875728694444433, 26.895556027777776 ], [ -80.863484472222211, 26.86398475 ] ] } },
{ "type": "Feature", "properties": { "style": "solid", "thickness": 1 }, "geometry": { "type": "LineString", "coordinates": [ [ -80.851246833333335, 26.832412277777777 ], [ -80.839015833333335, 26.800838611111111 ] ] } },
{ "type": "Feature", "properties": { "style": "solid", "thickness": 1 }, "geometry": { "type": "LineString", "coordinates": [ [ -80.826791388888878, 26.76926375 ], [ -80.814573527777782, 26.737687722222223 ] ] } },
{ "type": "Feature", "properties": { "style": "solid", "thickness": 1 }, "geometry": { "type": "LineString", "coordinates": [ [ -80.8545821111111, 26.664752694444442 ], [ -80.88478225, 26.645232 ] ] } },
{ "type": "Feature", "properties": { "style": "solid", "thickness": 1 }, "geometry": { "type": "LineString", "coordinates": [ [ -80.914941500000012, 26.625666583333334 ], [ -80.944981444444451, 26.605959333333335 ] ] } },
{ "type": "Feature", "properties": { "style": "solid", "thickness": 1 }, "geometry": { "type": "LineString", "coordinates": [ [ -80.975011194444448, 26.586245583333334 ], [ -81.005030777777776, 26.566525333333335 ] ] } },
{ "type": "Feature", "properties": { "style": "solid", "thickness": 1 }, "geometry": { "type": "LineString", "coordinates": [ [ -81.035040166666661, 26.546798638888891 ], [ -81.065039388888891, 26.527065472222223 ] ] } },
{ "type": "Feature", "properties": { "style": "solid", "thickness": 1 }, "geometry": { "type": "LineString", "coordinates": [ [ -81.095028416666665, 26.507325861111113 ], [ -81.125007305555542, 26.487579805555555 ] ] } },
{ "type": "Feature", "properties": { "style": "solid", "thickness": 1 }, "geometry": { "type": "LineString", "coordinates": [ [ -81.154976027777778, 26.467827333333332 ], [ -81.18493458333333, 26.448068416666668 ] ] } },
{ "type": "Feature", "properties": { "style": "solid", "thickness": 1 }, "geometry": { "type": "LineString", "coordinates": [ [ -81.214882972222227, 26.428303111111113 ], [ -81.244821222222228, 26.408531416666666 ] ] } },
{ "type": "Feature", "properties": { "style": "solid", "thickness": 1 }, "geometry": { "type": "LineString", "coordinates": [ [ -81.274749305555559, 26.388753333333334 ], [ -81.304667277777781, 26.36896886111111 ] ] } },
{ "type": "Feature", "properties": { "style": "solid", "thickness": 1 }, "geometry": { "type": "LineString", "coordinates": [ [ -81.33391530555555, 26.347674111111111 ], [ -81.341830138888881, 26.316033 ] ] } },
{ "type": "Feature", "properties": { "style": "solid", "thickness": 1 }, "geometry": { "type": "LineString", "coordinates": [ [ -81.349983444444433, 26.283419583333334 ], [ -81.357752333333323, 26.252326027777777 ] ] } },
{ "type": "Feature", "properties": { "style": "solid", "thickness": 1 }, "geometry": { "type": "LineString", "coordinates": [ [ -81.35833363888888, 26.217394277777775 ], [ -81.358333888888879, 26.183962666666666 ] ] } },
{ "type": "Feature", "properties": { "style": "solid", "thickness": 1 }, "geometry": { "type": "LineString", "coordinates": [ [ -81.358334083333332, 26.150530888888888 ], [ -81.358334194444438, 26.117099 ] ] } },
{ "type": "Feature", "properties": { "style": "solid", "thickness": 1 }, "geometry": { "type": "LineString", "coordinates": [ [ -81.358334222222211, 26.083666972222222 ], [ -81.358334194444438, 26.050234805555558 ] ] } },
{ "type": "Feature", "properties": { "style": "solid", "thickness": 1 }, "geometry": { "type": "LineString", "coordinates": [ [ -81.358334111111105, 26.0168025 ], [ -81.358333944444439, 25.98337011111111 ] ] } },
{ "type": "Feature", "properties": { "style": "solid", "thickness": 1 }, "geometry": { "type": "LineString", "coordinates": [ [ -81.358333722222213, 25.949937583333334 ], [ -81.358333416666667, 25.916504972222221 ] ] } },
{ "type": "Feature", "properties": { "style": "solid", "thickness": 1 }, "geometry": { "type": "LineString", "coordinates": [ [ -81.358333416666667, 25.88307225 ], [ -81.358333472222213, 25.849639444444442 ] ] } },
{ "type": "Feature", "properties": { "style": "solid", "thickness": 1 }, "geometry": { "type": "LineString", "coordinates": [ [ -81.358333472222213, 25.816206555555556 ], [ -81.35833338888888, 25.782773555555554 ] ] } },
{ "type": "Feature", "properties": { "style": "solid", "thickness": 1 }, "geometry": { "type": "LineString", "coordinates": [ [ -81.351997222222224, 25.75031813888889 ], [ -81.339775777777774, 25.718770722222221 ] ] } },
{ "type": "Feature", "properties": { "style": "solid", "thickness": 1 }, "geometry": { "type": "LineString", "coordinates": [ [ -81.327560805555549, 25.687222277777778 ], [ -81.31535225, 25.65567275 ] ] } },
{ "type": "Feature", "properties": { "style": "solid", "thickness": 1 }, "geometry": { "type": "LineString", "coordinates": [ [ -80.802362194444441, 26.706110527777778 ], [ -80.800870583333335, 26.702252111111111 ] ] } },
{ "type": "Feature", "properties": { "style": "solid", "thickness": 1 }, "geometry": { "type": "LineString", "coordinates": [ [ -80.802155472222225, 26.698608861111111 ], [ -80.824371805555558, 26.684266805555556 ] ] } },
{ "type": "Feature", "properties": { "style": "solid", "thickness": 1 }, "geometry": { "type": "LineString", "coordinates": [ [ -81.769880333333333, 26.543527444444447 ], [ -81.769880361111106, 26.545361444444445 ] ] } },
{ "type": "Feature", "properties": { "style": "solid", "thickness": 1 }, "geometry": { "type": "LineString", "coordinates": [ [ -81.769370583333327, 26.543344055555558 ], [ -81.769370583333327, 26.545544833333334 ] ] } },
{ "type": "Feature", "properties": { "style": "solid", "thickness": 1 }, "geometry": { "type": "LineString", "coordinates": [ [ -81.768860805555548, 26.543344055555558 ], [ -81.768860805555548, 26.545544833333334 ] ] } },
{ "type": "Feature", "properties": { "style": "solid", "thickness": 1 }, "geometry": { "type": "LineString", "coordinates": [ [ -81.768351027777783, 26.543527444444447 ], [ -81.768351027777783, 26.545361444444445 ] ] } },
{ "type": "Feature", "properties": { "style": "solid", "thickness": 1 }, "geometry": { "type": "LineString", "coordinates": [ [ -81.76784125, 26.544444444444448 ], [ -81.767849138888892, 26.544574444444446 ], [ -81.767874638888884, 26.544710361111111 ], [ -81.767920138888883, 26.544849611111111 ], [ -81.767987527777777, 26.544988861111111 ], [ -81.768077805555549, 26.545124138888891 ], [ -81.76819075, 26.545251083333333 ], [ -81.768324833333338, 26.545365222222223 ], [ -81.768477083333337, 26.5454625 ], [ -81.768643305555557, 26.54553966666667 ], [ -81.768818472222222, 26.54559466666667 ], [ -81.768997166666665, 26.54562675 ], [ -81.769174194444446, 26.545636527777781 ], [ -81.769344944444441, 26.545625694444446 ], [ -81.76950572222222, 26.545596861111111 ], [ -81.76965391666667, 26.545553055555558 ], [ -81.769787972222218, 26.545497444444447 ], [ -81.769910388888889, 26.545431194444447 ], [ -81.770029916666672, 26.545349027777778 ], [ -81.770143944444442, 26.545249722222223 ], [ -81.770248444444448, 26.545133222222223 ], [ -81.770339138888886, 26.545000333333334 ], [ -81.770411777777781, 26.544853055555556 ], [ -81.770462611111114, 26.544694444444445 ], [ -81.770488777777771, 26.544528611111112 ], [ -81.770488777777771, 26.544360277777781 ], [ -81.770462611111114, 26.544194416666667 ], [ -81.770411777777781, 26.544035833333336 ], [ -81.770339138888886, 26.543888527777778 ], [ -81.770248444444448, 26.543755666666669 ], [ -81.770143944444442, 26.543639138888892 ], [ -81.770029916666672, 26.543539861111114 ], [ -81.769910361111116, 26.543457694444445 ], [ -81.769787972222218, 26.543391444444445 ], [ -81.76965391666667, 26.543335833333334 ], [ -81.76950572222222, 26.543292 ], [ -81.769344944444441, 26.543263166666669 ], [ -81.769174194444446, 26.543252361111112 ], [ -81.768997194444438, 26.543262138888892 ], [ -81.768818472222222, 26.543294222222222 ], [ -81.76864333333333, 26.543349222222226 ], [ -81.76847711111111, 26.543426388888889 ], [ -81.768324861111111, 26.543523666666669 ], [ -81.768190777777775, 26.543637805555559 ], [ -81.768077805555549, 26.543764722222225 ], [ -81.76798755555555, 26.543900027777781 ], [ -81.767920138888883, 26.544039277777781 ], [ -81.767874638888884, 26.5441785 ], [ -81.767849166666664, 26.544314416666669 ], [ -81.76784125, 26.544444444444448 ] ] } },
{ "type": "Feature", "properties": { "style": "solid", "thickness": 1 }, "geometry": { "type": "LineString", "coordinates": [ [ -80.850426222222211, 26.888105222222222 ], [ -80.862249722222217, 26.918394694444444 ] ] } },
{ "type": "Feature", "properties": { "style": "solid", "thickness": 1 }, "geometry": { "type": "LineString", "coordinates": [ [ -80.863878527777771, 26.909383638888887 ], [ -80.862249722222217, 26.918394694444444 ], [ -80.854707916666655, 26.91226108333333 ] ] } },
{ "type": "Feature", "properties": { "style": "solid", "thickness": 1 }, "geometry": { "type": "LineString", "coordinates": [ [ -80.855293055555549, 26.876198583333334 ], [ -80.837453388888889, 26.881756361111112 ] ] } },
{ "type": "Feature", "properties": { "style": "solid", "thickness": 1 }, "geometry": { "type": "LineString", "coordinates": [ [ -80.842149583333324, 26.867870805555555 ], [ -80.848802305555552, 26.859445333333333 ] ] } },
{ "type": "Feature", "properties": { "style": "solid", "thickness": 1 }, "geometry": { "type": "LineString", "coordinates": [ [ -80.852755111111108, 26.869648472222224 ], [ -80.834916333333325, 26.875205972222222 ], [ -80.832477138888891, 26.868907444444446 ], [ -80.832562944444447, 26.868316083333333 ], [ -80.83268575, 26.86700736111111 ], [ -80.833651305555549, 26.865436111111112 ], [ -80.83486075, 26.86449475 ], [ -80.836546222222211, 26.863969722222222 ], [ -80.838145916666662, 26.864036055555555 ], [ -80.839989527777774, 26.864732222222223 ], [ -80.840990444444444, 26.865690916666669 ], [ -80.841466527777769, 26.86610725 ], [ -80.843906166666656, 26.872405611111112 ] ] } },
{ "type": "Feature", "properties": { "style": "solid", "thickness": 1 }, "geometry": { "type": "LineString", "coordinates": [ [ -80.83307522222222, 26.8578515 ], [ -80.831902861111104, 26.858075527777778 ], [ -80.831103055555545, 26.858042333333334 ], [ -80.829497583333335, 26.85755425 ], [ -80.828643166666666, 26.856973388888889 ], [ -80.827788722222223, 26.856392527777778 ], [ -80.827068888888888, 26.85534627777778 ], [ -80.826825055555545, 26.854716416666669 ], [ -80.826569472222218, 26.853243222222222 ], [ -80.827113666666662, 26.85180327777778 ], [ -80.827804166666667, 26.850741222222222 ], [ -80.828598027777772, 26.850352777777779 ], [ -80.831406833333332, 26.849477861111112 ], [ -80.832444555555554, 26.84971925 ], [ -80.83376905555555, 26.85029477777778 ], [ -80.835331555555555, 26.8510785 ], [ -80.835673, 26.851960305555558 ] ] } },
{ "type": "Feature", "properties": { "style": "solid", "thickness": 1 }, "geometry": { "type": "LineString", "coordinates": [ [ -80.835331555555555, 26.8510785 ], [ -80.835729305555546, 26.849260611111109 ], [ -80.836095944444438, 26.848581722222221 ], [ -80.8368351111111, 26.847645611111108 ], [ -80.837207638888884, 26.847388361111111 ], [ -80.83842275, 26.846868611111109 ], [ -80.838844055555555, 26.846737333333333 ], [ -80.840016305555551, 26.846513277777778 ], [ -80.840956444444444, 26.846502666666666 ], [ -80.842183388888884, 26.846826194444443 ], [ -80.84317825, 26.847363194444444 ], [ -80.844508694444443, 26.848360305555556 ], [ -80.845630805555544, 26.851257555555556 ], [ -80.845551027777773, 26.852270611111113 ], [ -80.844964194444444, 26.854006333333334 ], [ -80.844780888888877, 26.85434577777778 ], [ -80.843522861111111, 26.855161305555558 ], [ -80.842961083333336, 26.855336333333334 ] ] } },
{ "type": "Feature", "properties": { "style": "solid", "thickness": 1 }, "geometry": { "type": "LineString", "coordinates": [ [ -80.83413225, 26.832535916666668 ], [ -80.837546305555549, 26.841353833333333 ], [ -80.82076675, 26.838252333333333 ], [ -80.838179166666663, 26.83282775 ] ] } },
{ "type": "Feature", "properties": { "style": "solid", "thickness": 1 }, "geometry": { "type": "LineString", "coordinates": [ [ -81.118879222222219, 26.502119055555557 ], [ -81.130000777777767, 26.515784833333335 ] ] } },
{ "type": "Feature", "properties": { "style": "solid", "thickness": 1 }, "geometry": { "type": "LineString", "coordinates": [ [ -81.113870333333324, 26.515831138888888 ], [ -81.102971277777769, 26.51259625 ] ] } },
{ "type": "Feature", "properties": { "style": "solid", "thickness": 1 }, "geometry": { "type": "LineString", "coordinates": [ [ -81.112659916666658, 26.506215611111109 ], [ -81.1237811111111, 26.519881861111109 ], [ -81.117800249999988, 26.523821055555555 ], [ -81.11714661111111, 26.523920972222221 ], [ -81.115719694444437, 26.524199555555555 ], [ -81.113767361111101, 26.523832472222221 ], [ -81.112413166666656, 26.52307147222222 ], [ -81.111362333333332, 26.521780111111109 ], [ -81.110965138888886, 26.520388888888888 ], [ -81.111166055555543, 26.518603777777777 ], [ -81.111892361111103, 26.517464333333333 ], [ -81.112195722222211, 26.516934027777776 ], [ -81.118176388888884, 26.512995055555557 ] ] } },
{ "type": "Feature", "properties": { "style": "solid", "thickness": 1 }, "geometry": { "type": "LineString", "coordinates": [ [ -81.105874277777772, 26.526550861111112 ], [ -81.106455194444436, 26.527490555555556 ], [ -81.106653777777765, 26.528186194444444 ], [ -81.106604444444443, 26.529706111111111 ], [ -81.10623691666666, 26.530609222222221 ], [ -81.105869388888877, 26.531512305555555 ], [ -81.104967777777773, 26.532436472222223 ], [ -81.104369583333323, 26.532830305555553 ], [ -81.102878416666655, 26.533481555555557 ], [ -81.101188638888885, 26.533437138888889 ], [ -81.099857833333331, 26.533156388888887 ], [ -81.09921277777778, 26.532589444444444 ], [ -81.097461527777767, 26.530437055555556 ], [ -81.097414722222211, 26.529476277777778 ], [ -81.097639277777773, 26.528171583333332 ], [ -81.098015527777775, 26.52660175 ], [ -81.098853, 26.526050388888887 ] ] } },
{ "type": "Feature", "properties": { "style": "solid", "thickness": 1 }, "geometry": { "type": "LineString", "coordinates": [ [ -81.098015527777775, 26.52660175 ], [ -81.095966972222215, 26.526793555555553 ], [ -81.095138166666658, 26.52667811111111 ], [ -81.093927083333327, 26.526318583333332 ], [ -81.09354477777778, 26.52607447222222 ], [ -81.09263713888889, 26.525184611111111 ], [ -81.0923745, 26.52486175 ], [ -81.091793722222221, 26.523922 ], [ -81.091507666666658, 26.523118722222222 ], [ -81.091493, 26.521971555555556 ], [ -81.091773083333322, 26.520960888888887 ], [ -81.092444138888879, 26.519527555555555 ], [ -81.095195666666669, 26.517716027777777 ], [ -81.096295722222223, 26.517487555555554 ], [ -81.098312055555553, 26.517482111111111 ], [ -81.098726416666665, 26.517539833333334 ], [ -81.099960833333327, 26.518379722222221 ], [ -81.100311055555551, 26.518810194444445 ] ] } },
{ "type": "Feature", "properties": { "style": "solid", "thickness": 1 }, "geometry": { "type": "LineString", "coordinates": [ [ -81.078655805555556, 26.533065305555553 ], [ -81.087031388888889, 26.527552694444445 ], [ -81.088639944444438, 26.542854277777778 ], [ -81.077783388888889, 26.529508277777776 ] ] } },
{ "type": "Feature", "properties": { "style": "solid", "thickness": 1 }, "geometry": { "type": "LineString", "coordinates": [ [ -81.365243194444446, 26.023340972222222 ], [ -81.383988833333333, 26.023600916666666 ] ] } },
{ "type": "Feature", "properties": { "style": "solid", "thickness": 1 }, "geometry": { "type": "LineString", "coordinates": [ [ -81.374342805555543, 26.035205944444446 ], [ -81.364940416666656, 26.041077861111113 ] ] } },
{ "type": "Feature", "properties": { "style": "solid", "thickness": 1 }, "geometry": { "type": "LineString", "coordinates": [ [ -81.365124805555553, 26.030275694444445 ], [ -81.383871583333345, 26.030535666666665 ], [ -81.383758805555559, 26.037203694444447 ], [ -81.383454555555559, 26.037733055555556 ], [ -81.38284375, 26.038925166666669 ], [ -81.381347194444444, 26.040105 ], [ -81.379861916666655, 26.040618027777779 ], [ -81.378090416666666, 26.04059352777778 ], [ -81.376623222222221, 26.040039638888892 ], [ -81.37516736111111, 26.038818944444447 ], [ -81.37459725, 26.03761052777778 ], [ -81.374311083333325, 26.037072972222223 ], [ -81.374424388888883, 26.030404972222222 ] ] } },
{ "type": "Feature", "properties": { "style": "solid", "thickness": 1 }, "geometry": { "type": "LineString", "coordinates": [ [ -81.37900847222221, 26.047409222222225 ], [ -81.380187277777765, 26.047558916666667 ], [ -81.380920944444441, 26.047835833333334 ], [ -81.382233861111104, 26.048787722222222 ], [ -81.382810861111111, 26.049596027777781 ], [ -81.383387861111117, 26.050404333333333 ], [ -81.383662833333346, 26.051608666666667 ], [ -81.383651555555559, 26.052275472222224 ], [ -81.383331444444437, 26.053738361111112 ], [ -81.38227763888888, 26.054924333333336 ], [ -81.38123058333332, 26.055710194444444 ], [ -81.38034247222221, 26.055831333333334 ], [ -81.377389583333326, 26.055790472222224 ], [ -81.376512777777776, 26.05524475 ], [ -81.375495111111107, 26.054296916666669 ], [ -81.374334388888883, 26.053080305555557 ], [ -81.37435025, 26.052146777777779 ] ] } },
{ "type": "Feature", "properties": { "style": "solid", "thickness": 1 }, "geometry": { "type": "LineString", "coordinates": [ [ -81.374334388888883, 26.053080305555557 ], [ -81.373273694444435, 26.054666305555557 ], [ -81.372674027777776, 26.055191527777779 ], [ -81.371629194444438, 26.055844 ], [ -81.371184, 26.055971194444446 ], [ -81.369852916666659, 26.05608611111111 ], [ -81.369409972222215, 26.056079944444445 ], [ -81.368231111111101, 26.055930166666666 ], [ -81.367349777777775, 26.055651111111111 ], [ -81.366327666666663, 26.054969944444444 ], [ -81.365603111111099, 26.0541595 ], [ -81.364740027777771, 26.052813555555556 ], [ -81.36479241666666, 26.049746277777778 ], [ -81.36525125, 26.048818916666669 ], [ -81.366457361111102, 26.047368416666668 ], [ -81.366757166666659, 26.047105805555557 ], [ -81.368240333333333, 26.046726277777779 ], [ -81.368830861111107, 26.046734472222223 ] ] } },
{ "type": "Feature", "properties": { "style": "solid", "thickness": 1 }, "geometry": { "type": "LineString", "coordinates": [ [ -81.368419416666654, 26.07087261111111 ], [ -81.368578555555544, 26.061537444444443 ], [ -81.38306291666666, 26.069608222222222 ], [ -81.364752888888887, 26.069354277777776 ] ] } },
{ "type": "Feature", "properties": { "style": "solid", "thickness": 1 }, "geometry": { "type": "LineString", "coordinates": [ [ -81.07339675, 26.540838833333336 ], [ -81.044593777777777, 26.559785555555557 ] ] } },
{ "type": "Feature", "properties": { "style": "solid", "thickness": 1 }, "geometry": { "type": "LineString", "coordinates": [ [ -81.054654444444438, 26.558565138888891 ], [ -81.044593777777777, 26.559785555555557 ], [ -81.048936527777769, 26.551533666666668 ] ] } },
{ "type": "Feature", "properties": { "style": "solid", "thickness": 1 }, "geometry": { "type": "LineString", "coordinates": [ [ -81.373523583333323, 26.079548916666667 ], [ -81.373527694444434, 26.111645694444444 ] ] } },
{ "type": "Feature", "properties": { "style": "solid", "thickness": 1 }, "geometry": { "type": "LineString", "coordinates": [ [ -81.378351222222221, 26.103620944444447 ], [ -81.373527694444434, 26.111645694444444 ], [ -81.368702111111105, 26.103621944444445 ] ] } },
{ "type": "Feature", "properties": { "style": "solid", "thickness": 1 }, "geometry": { "type": "LineString", "coordinates": [ [ -81.37529372222221, 25.77084425 ], [ -81.376214916666655, 25.771323166666665 ], [ -81.377263416666665, 25.771527 ], [ -81.380790861111109, 25.771313222222222 ], [ -81.382093972222222, 25.770966888888889 ], [ -81.382525055555547, 25.770807083333331 ], [ -81.384641111111122, 25.769475666666665 ], [ -81.385865444444448, 25.768064638888887 ], [ -81.386207916666677, 25.766707083333333 ], [ -81.387059472222234, 25.764249222222222 ], [ -81.386833055555556, 25.76118836111111 ], [ -81.386430833333335, 25.759742305555555 ], [ -81.385901361111124, 25.758571333333332 ], [ -81.385215083333335, 25.757276166666667 ], [ -81.38363725, 25.755901388888891 ], [ -81.380746666666667, 25.754739861111112 ], [ -81.37880675, 25.754456416666667 ], [ -81.377190222222211, 25.754554388888888 ], [ -81.375162333333321, 25.755078305555557 ], [ -81.374457027777765, 25.755522055555556 ], [ -81.373888861111098, 25.755823833333334 ] ] } },
{ "type": "Feature", "properties": { "style": "solid", "thickness": 1 }, "geometry": { "type": "LineString", "coordinates": [ [ -81.384631361111119, 25.897768222222222 ], [ -81.385882805555568, 25.914669333333332 ], [ -81.379407972222211, 25.91506136111111 ], [ -81.377622416666654, 25.914902055555554 ], [ -81.37685708333332, 25.914547333333331 ], [ -81.375610944444432, 25.913687 ], [ -81.373736833333325, 25.912329916666664 ], [ -81.372431694444444, 25.91067108333333 ], [ -81.372039, 25.909358055555554 ], [ -81.371714305555543, 25.904966416666664 ], [ -81.371920055555549, 25.903750888888887 ], [ -81.372684833333324, 25.902100527777776 ], [ -81.373645916666661, 25.901106666666664 ], [ -81.374587333333324, 25.899846638888889 ], [ -81.375989805555548, 25.898826055555556 ], [ -81.377725888888875, 25.898319972222222 ], [ -81.378746, 25.898124555555555 ], [ -81.384631361111119, 25.897768222222222 ] ] } },
{ "type": "Feature", "properties": { "style": "solid", "thickness": 1 }, "geometry": { "type": "LineString", "coordinates": [ [ -81.375136, 26.256180333333333 ], [ -81.384138638888899, 26.255637222222223 ], [ -81.38288411111111, 26.238736722222225 ], [ -81.373735222222209, 26.239288666666667 ] ] } },
{ "type": "Feature", "properties": { "style": "solid", "thickness": 1 }, "geometry": { "type": "LineString", "coordinates": [ [ -81.38350638888889, 26.247120444444445 ], [ -81.374799555555555, 26.247645722222224 ] ] } },
{ "type": "Feature", "properties": { "style": "solid", "thickness": 1 }, "geometry": { "type": "LineString", "coordinates": [ [ -81.359175944444445, 26.361700638888891 ], [ -81.350755888888884, 26.362206638888889 ] ] } },
{ "type": "Feature", "properties": { "style": "solid", "thickness": 1 }, "geometry": { "type": "LineString", "coordinates": [ [ -81.350943111111107, 26.370750027777778 ], [ -81.359806944444443, 26.370217361111113 ], [ -81.358554861111102, 26.353316944444448 ] ] } },
{ "type": "Feature", "properties": { "style": "solid", "thickness": 1 }, "geometry": { "type": "LineString", "coordinates": [ [ -80.909791361111118, 26.653914583333332 ], [ -80.910440027777781, 26.65467947222222 ], [ -80.911829333333344, 26.655402305555555 ], [ -80.912736805555568, 26.655618 ], [ -80.915283, 26.655874166666667 ], [ -80.916171722222231, 26.655823638888887 ], [ -80.917930444444451, 26.655456388888886 ], [ -80.919383555555555, 26.654972888888889 ], [ -80.919670416666676, 26.654822944444444 ], [ -80.920660388888891, 26.654098527777776 ], [ -80.921640944444448, 26.653240972222221 ], [ -80.923258944444456, 26.650877305555554 ], [ -80.923849444444443, 26.648705666666665 ], [ -80.923643083333332, 26.645777638888887 ], [ -80.92323433333334, 26.644197388888887 ], [ -80.922557500000011, 26.643033277777779 ], [ -80.921593833333333, 26.642019083333334 ], [ -80.920787694444442, 26.641129583333331 ], [ -80.9195185, 26.639999138888889 ], [ -80.918296194444451, 26.639534166666667 ], [ -80.917073888888893, 26.639069166666665 ], [ -80.916018444444447, 26.638861916666666 ], [ -80.913352611111122, 26.639013472222221 ], [ -80.911890333333332, 26.639363833333334 ], [ -80.910742972222224, 26.639963527777777 ], [ -80.90945686111111, 26.640704722222221 ], [ -80.908615055555558, 26.641420666666665 ], [ -80.907246333333333, 26.643101916666666 ], [ -80.906441916666665, 26.644350194444446 ], [ -80.906201861111114, 26.645165583333334 ], [ -80.90635161111112, 26.647295083333333 ], [ -80.912572305555557, 26.646941722222223 ] ] } },
{ "type": "Feature", "properties": { "style": "solid", "thickness": 1 }, "geometry": { "type": "LineString", "coordinates": [ [ -80.834839444444441, 26.713698027777777 ], [ -80.833670194444437, 26.696928027777776 ] ] } },
{ "type": "Feature", "properties": { "style": "solid", "thickness": 1 }, "geometry": { "type": "LineString", "coordinates": [ [ -80.82224225, 26.71440597222222 ], [ -80.821074805555554, 26.69763588888889 ] ] } },
{ "type": "Feature", "properties": { "style": "solid", "thickness": 1 }, "geometry": { "type": "LineString", "coordinates": [ [ -80.834291916666658, 26.705845416666666 ], [ -80.82169555555555, 26.706553305555556 ] ] } },
{ "type": "Feature", "properties": { "style": "solid", "thickness": 1 }, "geometry": { "type": "LineString", "coordinates": [ [ -80.924998861111121, 26.953883027777778 ], [ -80.926192916666665, 26.97078458333333 ] ] } },
{ "type": "Feature", "properties": { "style": "solid", "thickness": 1 }, "geometry": { "type": "LineString", "coordinates": [ [ -81.023454222222227, 27.236430527777777 ], [ -81.02243416666667, 27.222192194444442 ], [ -81.022525833333333, 27.221385277777777 ], [ -81.023212888888892, 27.22054425 ], [ -81.024058305555556, 27.219827777777777 ], [ -81.024634611111111, 27.219527527777775 ], [ -81.025518166666672, 27.219343333333331 ], [ -81.027006611111105, 27.219258083333333 ], [ -81.02790922222222, 27.219339972222219 ], [ -81.029315611111116, 27.220194694444444 ], [ -81.02964194444445, 27.220576861111109 ] ] } },
{ "type": "Feature", "properties": { "style": "solid", "thickness": 1 }, "geometry": { "type": "LineString", "coordinates": [ [ -81.077781305555547, 27.320353777777779 ], [ -81.076561777777769, 27.30345488888889 ] ] } },
{ "type": "Feature", "properties": { "style": "solid", "thickness": 1 }, "geometry": { "type": "LineString", "coordinates": [ [ -81.067492361111107, 27.320812222222223 ], [ -81.077166694444443, 27.311837805555555 ], [ -81.066135027777776, 27.304054888888889 ] ] } },
{ "type": "Feature", "properties": { "style": "solid", "thickness": 1 }, "geometry": { "type": "LineString", "coordinates": [ [ -81.35984636111111, 25.76844925 ], [ -81.359858666666668, 25.764892722222221 ] ] } },
{ "type": "Feature", "properties": { "style": "solid", "thickness": 1 }, "geometry": { "type": "LineString", "coordinates": [ [ -81.358832083333326, 25.768869083333332 ], [ -81.358847361111103, 25.76446713888889 ] ] } },
{ "type": "Feature", "properties": { "style": "solid", "thickness": 1 }, "geometry": { "type": "LineString", "coordinates": [ [ -81.357819277777779, 25.768866194444442 ], [ -81.357834583333329, 25.76446425 ] ] } },
{ "type": "Feature", "properties": { "style": "solid", "thickness": 1 }, "geometry": { "type": "LineString", "coordinates": [ [ -81.356807944444441, 25.76844061111111 ], [ -81.356820333333332, 25.764884055555555 ] ] } },
{ "type": "Feature", "properties": { "style": "solid", "thickness": 1 }, "geometry": { "type": "LineString", "coordinates": [ [ -81.355700083333332, 25.76665913888889 ], [ -81.356093, 25.76791975 ], [ -81.357162027777775, 25.768802194444444 ], [ -81.358584527777765, 25.769040194444443 ], [ -81.359931222222215, 25.76856188888889 ], [ -81.360795694444434, 25.767511666666667 ], [ -81.360917055555547, 25.766206416666666 ], [ -81.360258722222213, 25.765040083333332 ], [ -81.359019388888882, 25.764364611111112 ], [ -81.357573, 25.764383833333333 ], [ -81.356356055555551, 25.765091916666666 ], [ -81.355735805555554, 25.76627525 ], [ -81.355700083333332, 25.76665913888889 ] ] } },
{ "type": "Feature", "properties": { "style": "solid", "thickness": 1 }, "geometry": { "type": "LineString", "coordinates": [ [ -81.359848166666666, 25.910115916666665 ], [ -81.3598605, 25.906559416666664 ] ] } },
{ "type": "Feature", "properties": { "style": "solid", "thickness": 1 }, "geometry": { "type": "LineString", "coordinates": [ [ -81.358832666666657, 25.910535722222221 ], [ -81.358848, 25.906133833333332 ] ] } },
{ "type": "Feature", "properties": { "style": "solid", "thickness": 1 }, "geometry": { "type": "LineString", "coordinates": [ [ -81.357818638888887, 25.910532833333331 ], [ -81.357834, 25.906130944444442 ] ] } },
{ "type": "Feature", "properties": { "style": "solid", "thickness": 1 }, "geometry": { "type": "LineString", "coordinates": [ [ -81.356806111111112, 25.91010725 ], [ -81.356818555555549, 25.90655075 ] ] } },
{ "type": "Feature", "properties": { "style": "solid", "thickness": 1 }, "geometry": { "type": "LineString", "coordinates": [ [ -81.355696916666659, 25.908325805555553 ], [ -81.356090305555554, 25.909586388888886 ], [ -81.357160611111112, 25.910468833333333 ], [ -81.358584833333325, 25.910706833333332 ], [ -81.359933138888877, 25.910228555555555 ], [ -81.36079863888888, 25.909178333333333 ], [ -81.360920166666659, 25.907873111111108 ], [ -81.360261055555554, 25.906706777777778 ], [ -81.359020222222213, 25.906031305555555 ], [ -81.357572111111111, 25.9060505 ], [ -81.356353694444437, 25.906758611111108 ], [ -81.355732694444441, 25.907941888888889 ], [ -81.355696916666659, 25.908325805555553 ] ] } },
{ "type": "Feature", "properties": { "style": "solid", "thickness": 1 }, "geometry": { "type": "LineString", "coordinates": [ [ -81.359852527777775, 26.251782527777777 ], [ -81.359865, 26.248226166666669 ] ] } },
{ "type": "Feature", "properties": { "style": "solid", "thickness": 1 }, "geometry": { "type": "LineString", "coordinates": [ [ -81.358834083333321, 26.252202305555556 ], [ -81.358849527777778, 26.247800583333333 ] ] } },
{ "type": "Feature", "properties": { "style": "solid", "thickness": 1 }, "geometry": { "type": "LineString", "coordinates": [ [ -81.357817111111103, 26.252199416666667 ], [ -81.357832611111107, 26.247797666666667 ] ] } },
{ "type": "Feature", "properties": { "style": "solid", "thickness": 1 }, "geometry": { "type": "LineString", "coordinates": [ [ -81.356801611111109, 26.251773805555555 ], [ -81.356814166666666, 26.248217444444446 ] ] } },
{ "type": "Feature", "properties": { "style": "solid", "thickness": 1 }, "geometry": { "type": "LineString", "coordinates": [ [ -81.35568922222221, 26.249992416666668 ], [ -81.35608375, 26.251252972222222 ], [ -81.35715713888888, 26.252135388888888 ], [ -81.3585855, 26.252373416666668 ], [ -81.35993775, 26.251895166666667 ], [ -81.360805805555543, 26.250845 ], [ -81.360927722222215, 26.249539861111113 ], [ -81.360266722222221, 26.248373555555556 ], [ -81.359022277777768, 26.247698083333333 ], [ -81.357569944444435, 26.24771725 ], [ -81.35634797222221, 26.248425305555557 ], [ -81.355725111111099, 26.249608527777777 ], [ -81.35568922222221, 26.249992416666668 ] ] } },
{ "type": "Feature", "properties": { "style": "solid", "thickness": 1 }, "geometry": { "type": "LineString", "coordinates": [ [ -81.334853444444434, 26.351782777777778 ], [ -81.334866694444443, 26.348226472222223 ] ] } },
{ "type": "Feature", "properties": { "style": "solid", "thickness": 1 }, "geometry": { "type": "LineString", "coordinates": [ [ -81.333834027777769, 26.352202361111111 ], [ -81.333850472222224, 26.347800722222221 ] ] } },
{ "type": "Feature", "properties": { "style": "solid", "thickness": 1 }, "geometry": { "type": "LineString", "coordinates": [ [ -81.33281616666666, 26.352199277777778 ], [ -81.332832666666661, 26.347797611111108 ] ] } },
{ "type": "Feature", "properties": { "style": "solid", "thickness": 1 }, "geometry": { "type": "LineString", "coordinates": [ [ -81.331799916666668, 26.3517735 ], [ -81.33181325, 26.348217194444445 ] ] } },
{ "type": "Feature", "properties": { "style": "solid", "thickness": 1 }, "geometry": { "type": "LineString", "coordinates": [ [ -81.330686972222225, 26.349991944444444 ], [ -81.331081555555556, 26.351252527777778 ], [ -81.332155666666665, 26.352135166666667 ], [ -81.333585194444439, 26.352373416666669 ], [ -81.334938722222219, 26.351895444444445 ], [ -81.33580775, 26.350845444444445 ], [ -81.335930055555551, 26.349540333333334 ], [ -81.335268722222224, 26.348373916666667 ], [ -81.334023361111107, 26.34769822222222 ], [ -81.332569777777778, 26.347717138888889 ], [ -81.331346611111101, 26.348424972222222 ], [ -81.330722972222219, 26.349608083333333 ], [ -81.330686972222225, 26.349991944444444 ] ] } },
{ "type": "Feature", "properties": { "style": "solid", "thickness": 1 }, "geometry": { "type": "LineString", "coordinates": [ [ -80.909850472222232, 26.631787166666665 ], [ -80.909876888888888, 26.628231222222222 ] ] } },
{ "type": "Feature", "properties": { "style": "solid", "thickness": 1 }, "geometry": { "type": "LineString", "coordinates": [ [ -80.908827083333335, 26.632203666666665 ], [ -80.908859805555565, 26.627802444444445 ] ] } },
{ "type": "Feature", "properties": { "style": "solid", "thickness": 1 }, "geometry": { "type": "LineString", "coordinates": [ [ -80.907806833333339, 26.632197527777777 ], [ -80.907839611111115, 26.627796333333333 ] ] } },
{ "type": "Feature", "properties": { "style": "solid", "thickness": 1 }, "geometry": { "type": "LineString", "coordinates": [ [ -80.906789722222229, 26.631768777777779 ], [ -80.906816222222233, 26.628212805555556 ] ] } },
{ "type": "Feature", "properties": { "style": "solid", "thickness": 1 }, "geometry": { "type": "LineString", "coordinates": [ [ -80.905680722222229, 26.629984027777777 ], [ -80.906071555555556, 26.631245694444445 ], [ -80.907144972222227, 26.632131444444443 ], [ -80.908577027777781, 26.632373972222222 ], [ -80.90993552777779, 26.631900055555555 ], [ -80.910810500000011, 26.630852777777779 ], [ -80.910937916666668, 26.629548111111113 ], [ -80.910279333333335, 26.62837986111111 ], [ -80.9090335, 26.6277005 ], [ -80.907576416666672, 26.627715083333335 ], [ -80.906347722222222, 26.628419166666667 ], [ -80.905718194444447, 26.629600305555556 ], [ -80.905680722222229, 26.629984027777777 ] ] } },
{ "type": "Feature", "properties": { "style": "solid", "thickness": 1 }, "geometry": { "type": "LineString", "coordinates": [ [ -80.801516361111112, 26.701788277777776 ], [ -80.801546138888881, 26.698232444444443 ] ] } },
{ "type": "Feature", "properties": { "style": "solid", "thickness": 1 }, "geometry": { "type": "LineString", "coordinates": [ [ -80.800491944444445, 26.702204 ], [ -80.800528861111104, 26.697802916666667 ] ] } },
{ "type": "Feature", "properties": { "style": "solid", "thickness": 1 }, "geometry": { "type": "LineString", "coordinates": [ [ -80.79947108333333, 26.702197083333331 ], [ -80.799508055555549, 26.697796 ] ] } },
{ "type": "Feature", "properties": { "style": "solid", "thickness": 1 }, "geometry": { "type": "LineString", "coordinates": [ [ -80.798453805555553, 26.701767527777776 ], [ -80.798483694444442, 26.698211694444446 ] ] } },
{ "type": "Feature", "properties": { "style": "solid", "thickness": 1 }, "geometry": { "type": "LineString", "coordinates": [ [ -80.797345833333338, 26.699982 ], [ -80.797735722222214, 26.701243944444442 ], [ -80.798808916666658, 26.702130472222223 ], [ -80.800241583333332, 26.702374083333332 ], [ -80.801601361111111, 26.70190125 ], [ -80.802477833333327, 26.700854638888888 ], [ -80.802606555555556, 26.699550138888888 ], [ -80.801948694444448, 26.69838138888889 ], [ -80.800702777777772, 26.697701111111112 ], [ -80.799244777777773, 26.697714555555557 ], [ -80.798014694444447, 26.698417694444444 ], [ -80.797383694444449, 26.699598305555554 ], [ -80.797345833333338, 26.699982 ] ] } },
{ "type": "Feature", "properties": { "style": "solid", "thickness": 1 }, "geometry": { "type": "LineString", "coordinates": [ [ -80.904854750000013, 26.968453805555555 ], [ -80.904881555555562, 26.964898138888888 ] ] } },
{ "type": "Feature", "properties": { "style": "solid", "thickness": 1 }, "geometry": { "type": "LineString", "coordinates": [ [ -80.903828333333337, 26.968870194444442 ], [ -80.903861555555565, 26.964469333333334 ] ] } },
{ "type": "Feature", "properties": { "style": "solid", "thickness": 1 }, "geometry": { "type": "LineString", "coordinates": [ [ -80.902805083333334, 26.968864 ], [ -80.902838333333335, 26.964463111111112 ] ] } },
{ "type": "Feature", "properties": { "style": "solid", "thickness": 1 }, "geometry": { "type": "LineString", "coordinates": [ [ -80.901785055555564, 26.968435194444442 ], [ -80.901811944444447, 26.9648795 ] ] } },
{ "type": "Feature", "properties": { "style": "solid", "thickness": 1 }, "geometry": { "type": "LineString", "coordinates": [ [ -80.900672944444452, 26.9666505 ], [ -80.901064833333336, 26.967912111111108 ], [ -80.90214130555556, 26.96879786111111 ], [ -80.903577527777784, 26.969040472222222 ], [ -80.904940055555556, 26.968566694444444 ], [ -80.905817666666678, 26.967519527777775 ], [ -80.905945583333335, 26.966215 ], [ -80.905285166666673, 26.965046777777776 ], [ -80.90403575, 26.964367388888888 ], [ -80.902574388888894, 26.964381861111111 ], [ -80.901342027777787, 26.965085805555553 ], [ -80.900710583333336, 26.966266833333332 ], [ -80.900672944444452, 26.9666505 ] ] } },
{ "type": "Feature", "properties": { "style": "solid", "thickness": 1 }, "geometry": { "type": "LineString", "coordinates": [ [ -81.009859944444443, 27.236785944444446 ], [ -81.009883638888894, 27.233230472222221 ] ] } },
{ "type": "Feature", "properties": { "style": "solid", "thickness": 1 }, "geometry": { "type": "LineString", "coordinates": [ [ -81.008831444444439, 27.237203055555558 ], [ -81.00886083333333, 27.232802416666665 ] ] } },
{ "type": "Feature", "properties": { "style": "solid", "thickness": 1 }, "geometry": { "type": "LineString", "coordinates": [ [ -81.007805777777776, 27.237197555555557 ], [ -81.007835222222226, 27.232796944444441 ] ] } },
{ "type": "Feature", "properties": { "style": "solid", "thickness": 1 }, "geometry": { "type": "LineString", "coordinates": [ [ -81.006782972222226, 27.2367695 ], [ -81.006806777777783, 27.233214027777777 ] ] } },
{ "type": "Feature", "properties": { "style": "solid", "thickness": 1 }, "geometry": { "type": "LineString", "coordinates": [ [ -81.00566666666667, 27.234985722222223 ], [ -81.006060583333337, 27.236246972222222 ], [ -81.007140388888885, 27.237131916666666 ], [ -81.008580222222221, 27.237373472222224 ], [ -81.009945527777774, 27.236898777777778 ], [ -81.010824305555559, 27.235851055555557 ], [ -81.010951333333338, 27.234546527777777 ], [ -81.010288333333335, 27.233378833333333 ], [ -81.00903538888889, 27.23270036111111 ], [ -81.007570583333333, 27.232715888888887 ], [ -81.006335944444444, 27.233420666666667 ], [ -81.005704027777782, 27.234602055555555 ], [ -81.00566666666667, 27.234985722222223 ] ] } },
{ "type": "Feature", "properties": { "style": "solid", "thickness": 1 }, "geometry": { "type": "LineString", "coordinates": [ [ -81.051528111111111, 27.301785472222225 ], [ -81.051550583333324, 27.298230055555557 ] ] } },
{ "type": "Feature", "properties": { "style": "solid", "thickness": 1 }, "geometry": { "type": "LineString", "coordinates": [ [ -81.050499194444441, 27.302202861111112 ], [ -81.050527027777775, 27.297802305555557 ] ] } },
{ "type": "Feature", "properties": { "style": "solid", "thickness": 1 }, "geometry": { "type": "LineString", "coordinates": [ [ -81.049472944444446, 27.302197694444445 ], [ -81.049500805555553, 27.297797111111112 ] ] } },
{ "type": "Feature", "properties": { "style": "solid", "thickness": 1 }, "geometry": { "type": "LineString", "coordinates": [ [ -81.048449361111111, 27.301769916666668 ], [ -81.048471916666671, 27.2982145 ] ] } },
{ "type": "Feature", "properties": { "style": "solid", "thickness": 1 }, "geometry": { "type": "LineString", "coordinates": [ [ -81.047331777777771, 27.2999865 ], [ -81.04772638888889, 27.301247611111112 ], [ -81.04880713888889, 27.302132222222223 ], [ -81.05024788888889, 27.302373361111112 ], [ -81.051613805555547, 27.301898277777777 ], [ -81.052492722222226, 27.300850333333333 ], [ -81.052619361111113, 27.29954577777778 ], [ -81.051955555555551, 27.298378305555556 ], [ -81.050701611111108, 27.297700222222225 ], [ -81.04923597222222, 27.297716138888891 ], [ -81.048000888888893, 27.29842125 ], [ -81.047369055555549, 27.299602805555558 ], [ -81.047331777777771, 27.2999865 ] ] } },
{ "type": "Feature", "properties": { "style": "solid", "thickness": 1 }, "geometry": { "type": "LineString", "coordinates": [ [ -81.339095833333332, 26.02257825 ], [ -81.339981527777766, 26.022678416666665 ], [ -81.340535083333322, 26.022878527777777 ], [ -81.341531416666669, 26.023578888888888 ], [ -81.341974194444447, 26.02417911111111 ], [ -81.342416972222225, 26.024779361111111 ], [ -81.342638305555553, 26.025679666666665 ], [ -81.34263822222222, 26.026179833333334 ], [ -81.342416638888878, 26.027280166666667 ], [ -81.3416415, 26.028180361111112 ], [ -81.340866361111111, 26.02878047222222 ], [ -81.340202027777778, 26.028880416666667 ], [ -81.337987611111103, 26.028880138888887 ], [ -81.337323361111103, 26.028479916666665 ], [ -81.336548444444446, 26.027779555555554 ], [ -81.335662861111103, 26.026879138888887 ], [ -81.335663, 26.026178916666666 ] ] } },
{ "type": "Feature", "properties": { "style": "solid", "thickness": 1 }, "geometry": { "type": "LineString", "coordinates": [ [ -81.335662861111103, 26.026879138888887 ], [ -81.334887583333327, 26.028079416666667 ], [ -81.334444638888883, 26.028479472222223 ], [ -81.3336695, 26.0289795 ], [ -81.333337305555546, 26.029079472222222 ], [ -81.332340805555546, 26.029179333333332 ], [ -81.33200863888888, 26.029179277777775 ], [ -81.331122888888885, 26.029079083333333 ], [ -81.330458611111112, 26.028878888888887 ], [ -81.329683694444441, 26.028378583333332 ], [ -81.32913025, 26.027778277777777 ], [ -81.328466166666658, 26.026777833333334 ], [ -81.32846675, 26.024477083333334 ], [ -81.328799083333323, 26.023776916666666 ], [ -81.329685055555558, 26.02267675 ], [ -81.32990652777778, 26.022476722222223 ], [ -81.33101375, 26.02217686111111 ], [ -81.331456611111108, 26.022176944444443 ] ] } },
{ "type": "Feature", "properties": { "style": "solid", "thickness": 1 }, "geometry": { "type": "LineString", "coordinates": [ [ -81.333777916666662, 26.040083055555556 ], [ -81.337099861111113, 26.040083583333335 ], [ -81.338982333333334, 26.03978375 ], [ -81.339868222222222, 26.039583777777779 ], [ -81.340532638888888, 26.039283777777779 ], [ -81.341861555555553, 26.038083555555556 ], [ -81.342415388888881, 26.036883222222222 ], [ -81.342415416666668, 26.036483111111114 ], [ -81.341861944444446, 26.035282666666667 ], [ -81.340533388888886, 26.034182138888891 ], [ -81.339869111111113, 26.033781944444446 ], [ -81.338983333333331, 26.03358175 ], [ -81.33710105555555, 26.033281416666664 ], [ -81.333779333333325, 26.033280888888889 ], [ -81.331896944444438, 26.033580638888889 ], [ -81.331011083333323, 26.033780555555555 ], [ -81.330346638888884, 26.034180555555558 ], [ -81.329017666666658, 26.035280638888892 ], [ -81.328463722222224, 26.036480916666669 ], [ -81.328463638888891, 26.036881027777781 ], [ -81.32901697222222, 26.038081527777781 ], [ -81.330345444444447, 26.03928216666667 ], [ -81.33100975, 26.039582388888892 ], [ -81.331895555555548, 26.039782638888891 ], [ -81.333777916666662, 26.040083055555556 ] ] } },
{ "type": "Feature", "properties": { "style": "solid", "thickness": 1 }, "geometry": { "type": "LineString", "coordinates": [ [ -81.335323972222213, 26.061590111111112 ], [ -81.330672916666657, 26.05948863888889 ], [ -81.328458444444436, 26.057387527777777 ], [ -81.328459, 26.05528686111111 ], [ -81.330674361111107, 26.053286694444445 ], [ -81.332999972222225, 26.053287111111111 ], [ -81.338204055555551, 26.058489555555557 ], [ -81.34030827777778, 26.058489833333333 ], [ -81.342523444444438, 26.05698963888889 ], [ -81.342523611111105, 26.05578925 ], [ -81.340308916666658, 26.054188472222222 ], [ -81.338204777777776, 26.054188194444446 ], [ -81.328457055555546, 26.062889277777778 ] ] } },
{ "type": "Feature", "properties": { "style": "solid", "thickness": 1 }, "geometry": { "type": "LineString", "coordinates": [ [ -81.328453722222221, 26.076093416666666 ], [ -81.342520888888885, 26.076095666666667 ], [ -81.342520305555553, 26.080296972222222 ], [ -81.342520194444447, 26.08119725 ], [ -81.341855472222221, 26.081897416666667 ], [ -81.34108, 26.082397472222222 ], [ -81.340636916666668, 26.082397416666666 ], [ -81.3384215, 26.08239713888889 ], [ -81.338089194444436, 26.082297055555554 ], [ -81.337203083333335, 26.081996833333331 ], [ -81.336095583333332, 26.080996333333331 ], [ -81.33543075, 26.081996555555556 ], [ -81.335098361111108, 26.082496666666668 ], [ -81.334544388888887, 26.082996722222223 ], [ -81.333547388888888, 26.083296638888889 ], [ -81.330667305555551, 26.08329613888889 ], [ -81.329891972222214, 26.082995888888888 ], [ -81.329227527777775, 26.082295527777777 ], [ -81.328784583333331, 26.081795277777779 ], [ -81.328452388888891, 26.081295055555554 ], [ -81.328453722222221, 26.076093416666666 ] ] } },
{ "type": "Feature", "properties": { "style": "solid", "thickness": 1 }, "geometry": { "type": "LineString", "coordinates": [ [ -81.3360965, 26.076094805555556 ], [ -81.336095583333332, 26.080996333333331 ] ] } },
{ "type": "Feature", "properties": { "style": "solid", "thickness": 1 }, "geometry": { "type": "LineString", "coordinates": [ [ -81.342519333333328, 26.08749922222222 ], [ -81.328450805555548, 26.087497 ], [ -81.328449555555551, 26.092398527777778 ] ] } },
{ "type": "Feature", "properties": { "style": "solid", "thickness": 1 }, "geometry": { "type": "LineString", "coordinates": [ [ -81.342517166666667, 26.10360427777778 ], [ -81.342517388888879, 26.101803694444445 ], [ -81.342406722222222, 26.100903416666668 ], [ -81.34140988888889, 26.09910272222222 ], [ -81.33952680555555, 26.097401972222222 ], [ -81.338086694444442, 26.096801583333331 ], [ -81.336314194444441, 26.096501222222223 ], [ -81.334874, 26.096501 ], [ -81.333544555555548, 26.096700833333333 ], [ -81.332104222222213, 26.09720075 ], [ -81.330331416666667, 26.09830075 ], [ -81.329777388888886, 26.09870075 ], [ -81.329112472222221, 26.09950086111111 ], [ -81.328447305555557, 26.101201277777779 ], [ -81.32844675, 26.10330191666667 ], [ -81.328668083333326, 26.10430227777778 ], [ -81.329111, 26.105302666666667 ], [ -81.329443222222224, 26.105902944444445 ], [ -81.330329333333324, 26.106903416666668 ], [ -81.331658666666669, 26.107803944444445 ], [ -81.332544944444436, 26.108104194444447 ], [ -81.334206833333326, 26.108404583333336 ], [ -81.336865916666667, 26.108405027777778 ], [ -81.339525166666661, 26.107505111111113 ], [ -81.340411611111108, 26.106905027777778 ], [ -81.341187277777777, 26.10620491666667 ], [ -81.341741333333331, 26.105504777777778 ], [ -81.341852166666655, 26.105304722222222 ], [ -81.342517166666667, 26.10360427777778 ] ] } },
{ "type": "Feature", "properties": { "style": "solid", "thickness": 1 }, "geometry": { "type": "LineString", "coordinates": [ [ -81.107042222222219, 26.474409444444444 ], [ -81.107477722222214, 26.475114222222221 ], [ -81.107626583333328, 26.475635944444441 ], [ -81.107589638888882, 26.476775888888888 ], [ -81.107314138888881, 26.47745322222222 ], [ -81.107038611111108, 26.478130555555556 ], [ -81.106362722222215, 26.478823694444444 ], [ -81.105914305555544, 26.47911908333333 ], [ -81.104796444444432, 26.479607527777777 ], [ -81.10352972222222, 26.47957425 ], [ -81.102532055555557, 26.479363722222221 ], [ -81.1020485, 26.478938527777775 ], [ -81.100735583333332, 26.47732425 ], [ -81.100700472222215, 26.476603666666666 ], [ -81.100868777777777, 26.475625138888887 ], [ -81.101150805555548, 26.474447722222219 ], [ -81.101778611111101, 26.474034194444442 ] ] } },
{ "type": "Feature", "properties": { "style": "solid", "thickness": 1 }, "geometry": { "type": "LineString", "coordinates": [ [ -81.101150805555548, 26.474447722222219 ], [ -81.099615083333333, 26.474591638888889 ], [ -81.098993777777778, 26.47450508333333 ], [ -81.098085861111102, 26.474235444444442 ], [ -81.09779925, 26.474052388888886 ], [ -81.097118805555553, 26.473385027777777 ], [ -81.096921888888886, 26.473142861111111 ], [ -81.096486444444437, 26.47243808333333 ], [ -81.096272, 26.471835638888887 ], [ -81.096260972222211, 26.47097525 ], [ -81.096470888888888, 26.470217222222221 ], [ -81.096973916666656, 26.469142194444444 ], [ -81.099036611111103, 26.467783472222219 ], [ -81.099861277777777, 26.467612083333332 ], [ -81.101372888888889, 26.467607972222222 ], [ -81.101683527777766, 26.467651222222219 ], [ -81.102608972222214, 26.468281138888887 ], [ -81.102871527777779, 26.468604 ] ] } },
{ "type": "Feature", "properties": { "style": "solid", "thickness": 1 }, "geometry": { "type": "LineString", "coordinates": [ [ -81.088195666666664, 26.480873111111109 ], [ -81.090164833333333, 26.483294694444442 ], [ -81.091549805555545, 26.484489694444445 ], [ -81.092254333333329, 26.485017277777779 ], [ -81.092917305555545, 26.485324388888891 ], [ -81.09478138888889, 26.485584138888889 ], [ -81.096186, 26.485278833333336 ], [ -81.09654477777778, 26.485042527777779 ], [ -81.097292888888887, 26.483930083333334 ], [ -81.097491805555549, 26.482311666666664 ], [ -81.097456694444446, 26.481591083333331 ], [ -81.097110944444438, 26.480827222222221 ], [ -81.096264083333324, 26.479277833333331 ], [ -81.094294861111109, 26.47685633333333 ], [ -81.092909944444443, 26.475661361111108 ], [ -81.092205444444446, 26.47513375 ], [ -81.091452861111108, 26.474885722222222 ], [ -81.089678638888884, 26.474566861111111 ], [ -81.088274166666665, 26.474872111111111 ], [ -81.087915388888888, 26.475108361111108 ], [ -81.08716725, 26.476220777777776 ], [ -81.08687852777777, 26.47789825 ], [ -81.08700325, 26.478559777777775 ], [ -81.087348944444443, 26.479323666666666 ], [ -81.088195666666664, 26.480873111111109 ] ] } },
{ "type": "Feature", "properties": { "style": "solid", "thickness": 1 }, "geometry": { "type": "LineString", "coordinates": [ [ -81.0698275, 26.494701638888891 ], [ -81.068955055555548, 26.490070888888891 ], [ -81.069526444444435, 26.48721613888889 ], [ -81.071410388888879, 26.485975944444444 ], [ -81.074517138888879, 26.486409305555558 ], [ -81.075895416666668, 26.488104527777779 ], [ -81.074315194444438, 26.49496975 ], [ -81.075562277777777, 26.496503527777779 ], [ -81.078220777777773, 26.497232111111114 ], [ -81.079297333333329, 26.496523361111112 ], [ -81.079419972222212, 26.493963888888889 ], [ -81.078172861111113, 26.492430138888889 ], [ -81.064592194444444, 26.490464166666669 ] ] } },
{ "type": "Feature", "properties": { "style": "solid", "thickness": 1 }, "geometry": { "type": "LineString", "coordinates": [ [ -81.052748833333325, 26.498258666666668 ], [ -81.061083555555555, 26.508511833333333 ], [ -81.057314722222216, 26.510991916666665 ], [ -81.056507111111102, 26.511523361111109 ], [ -81.055485138888884, 26.511452277777778 ], [ -81.054577055555555, 26.511182388888887 ], [ -81.054314527777777, 26.510859444444446 ], [ -81.053001944444446, 26.50924475 ], [ -81.05289477777778, 26.508943472222221 ], [ -81.052638972222226, 26.508120472222224 ], [ -81.052880055555548, 26.506722666666668 ], [ -81.051588944444447, 26.506828694444444 ], [ -81.050943388888882, 26.506881722222221 ], [ -81.050166583333336, 26.50677325 ], [ -81.04930675, 26.50622375 ], [ -81.047600555555547, 26.504124583333333 ], [ -81.047410416666665, 26.503382277777778 ], [ -81.047644833333337, 26.502484555555554 ], [ -81.047831, 26.501866388888889 ], [ -81.048082805555552, 26.501328972222222 ], [ -81.052748833333325, 26.498258666666668 ] ] } },
{ "type": "Feature", "properties": { "style": "solid", "thickness": 1 }, "geometry": { "type": "LineString", "coordinates": [ [ -81.057276972222226, 26.503829361111112 ], [ -81.052880055555548, 26.506722666666668 ] ] } },
{ "type": "Feature", "properties": { "style": "solid", "thickness": 1 }, "geometry": { "type": "LineString", "coordinates": [ [ -81.0508535, 26.51524325 ], [ -81.042519194444438, 26.5049895 ], [ -81.038121861111108, 26.507882333333335 ] ] } },
{ "type": "Feature", "properties": { "style": "solid", "thickness": 1 }, "geometry": { "type": "LineString", "coordinates": [ [ -81.03640375, 26.524748583333331 ], [ -81.038019361111111, 26.523685972222221 ], [ -81.03876152777778, 26.523073888888888 ], [ -81.039786472222218, 26.521284555555553 ], [ -81.040196611111114, 26.518908333333332 ], [ -81.039882, 26.517504472222221 ], [ -81.039101277777775, 26.5160355 ], [ -81.038248194444449, 26.514985861111111 ], [ -81.03728125, 26.514135027777776 ], [ -81.035979444444436, 26.513380555555557 ], [ -81.033942333333329, 26.512738027777779 ], [ -81.03325525, 26.512570444444446 ], [ -81.03214355555555, 26.51255825 ], [ -81.03022411111111, 26.513077305555555 ], [ -81.028339305555548, 26.514316944444445 ], [ -81.027573, 26.515068722222221 ], [ -81.026937916666668, 26.515982027777778 ], [ -81.026596222222224, 26.516578416666668 ], [ -81.026223555555561, 26.517814694444443 ], [ -81.026203111111116, 26.519314916666666 ], [ -81.026458777777776, 26.520137972222223 ], [ -81.02717375, 26.521526277777777 ], [ -81.028748583333339, 26.523464194444443 ], [ -81.031131305555562, 26.524870805555555 ], [ -81.032194861111108, 26.525162583333334 ], [ -81.033282527777772, 26.525314555555553 ], [ -81.034238972222226, 26.525305027777776 ], [ -81.034484111111112, 26.525267722222221 ], [ -81.03640375, 26.524748583333331 ] ] } },
{ "type": "Feature", "properties": { "style": "solid", "thickness": 1 }, "geometry": { "type": "LineString", "coordinates": [ [ -80.898051361111115, 26.890544138888888 ], [ -80.897419305555559, 26.890741388888888 ], [ -80.896608583333347, 26.890782583333333 ], [ -80.895513861111112, 26.890700611111111 ], [ -80.89473513888889, 26.89052 ], [ -80.894093805555556, 26.89008475 ], [ -80.893589861111124, 26.889394833333334 ], [ -80.89304, 26.887977944444444 ], [ -80.892847444444456, 26.886873166666668 ], [ -80.892980166666675, 26.886302277777776 ], [ -80.893460972222229, 26.885411 ], [ -80.893914333333342, 26.885057722222221 ], [ -80.894683722222226, 26.884605833333332 ], [ -80.8963691388889, 26.884079888888888 ], [ -80.8970745, 26.884071583333334 ], [ -80.8996165, 26.884231333333332 ], [ -80.901531194444445, 26.884904555555554 ], [ -80.904229222222227, 26.886074527777776 ], [ -80.907706027777778, 26.887425 ], [ -80.90539594444445, 26.881474361111113 ] ] } },
{ "type": "Feature", "properties": { "style": "solid", "thickness": 1 }, "geometry": { "type": "LineString", "coordinates": [ [ -80.896270805555559, 26.872567777777778 ], [ -80.893110972222232, 26.873553916666665 ], [ -80.891430305555559, 26.874396083333334 ], [ -80.890660972222236, 26.874847944444443 ], [ -80.890138944444445, 26.875328527777778 ], [ -80.889314777777784, 26.876856444444446 ], [ -80.88922791666667, 26.878154277777778 ], [ -80.88937452777779, 26.878532111111113 ], [ -80.890341027777779, 26.879501277777777 ], [ -80.89200825, 26.880145916666667 ], [ -80.892786861111119, 26.880326527777779 ], [ -80.893702861111123, 26.880252472222224 ], [ -80.8956035, 26.879977055555557 ], [ -80.8987635, 26.878990861111113 ], [ -80.900444166666674, 26.878148611111111 ], [ -80.901213472222224, 26.877696694444445 ], [ -80.901698833333342, 26.877121611111111 ], [ -80.90255950000001, 26.875688083333333 ], [ -80.902646194444443, 26.874390222222221 ], [ -80.902499555555565, 26.874012416666666 ], [ -80.901533, 26.873043305555555 ], [ -80.899829166666677, 26.872304361111112 ], [ -80.89908725, 26.872218222222223 ], [ -80.898171305555564, 26.872292305555558 ], [ -80.896270805555559, 26.872567777777778 ] ] } },
{ "type": "Feature", "properties": { "style": "solid", "thickness": 1 }, "geometry": { "type": "LineString", "coordinates": [ [ -80.886916888888891, 26.852719361111113 ], [ -80.892109472222231, 26.853322555555557 ], [ -80.894985277777778, 26.85464875 ], [ -80.895754916666675, 26.856632361111114 ], [ -80.894381638888902, 26.859178972222225 ], [ -80.89217, 26.85986925 ], [ -80.8853146388889, 26.856502111111112 ], [ -80.883313638888879, 26.85712652777778 ], [ -80.881756888888887, 26.859200694444446 ], [ -80.882196555555552, 26.860334222222225 ], [ -80.884889194444455, 26.861188333333335 ], [ -80.886890277777781, 26.86056388888889 ], [ -80.892969666666673, 26.849453555555556 ] ] } },
{ "type": "Feature", "properties": { "style": "solid", "thickness": 1 }, "geometry": { "type": "LineString", "coordinates": [ [ -80.888132972222223, 26.836984944444442 ], [ -80.874759833333329, 26.841158416666666 ], [ -80.8732215, 26.837190944444444 ], [ -80.8728918611111, 26.836340777777778 ], [ -80.873267305555544, 26.835482388888888 ], [ -80.87382125, 26.834780083333332 ], [ -80.874242444444434, 26.834648666666666 ], [ -80.876348416666659, 26.8339915 ], [ -80.876700916666664, 26.833987388888886 ], [ -80.877653166666661, 26.834007916666664 ], [ -80.879072444444432, 26.834623944444445 ], [ -80.879337916666657, 26.833482166666666 ], [ -80.879470666666663, 26.83291125 ], [ -80.879813972222209, 26.83227463888889 ], [ -80.88065175, 26.8316955 ], [ -80.883389361111114, 26.830841083333333 ], [ -80.884236305555561, 26.830894416666666 ], [ -80.88512447222223, 26.831358444444444 ], [ -80.885728833333346, 26.831699305555556 ], [ -80.886227861111124, 26.832073 ], [ -80.888132972222223, 26.836984944444442 ] ] } },
{ "type": "Feature", "properties": { "style": "solid", "thickness": 1 }, "geometry": { "type": "LineString", "coordinates": [ [ -80.8808673611111, 26.839252583333334 ], [ -80.879072444444432, 26.834623944444445 ] ] } },
{ "type": "Feature", "properties": { "style": "solid", "thickness": 1 }, "geometry": { "type": "LineString", "coordinates": [ [ -80.870584611111099, 26.830389555555556 ], [ -80.88395663888889, 26.826216416666668 ], [ -80.882161777777767, 26.821587833333332 ] ] } },
{ "type": "Feature", "properties": { "style": "solid", "thickness": 1 }, "geometry": { "type": "LineString", "coordinates": [ [ -80.864689333333331, 26.81518063888889 ], [ -80.865348361111103, 26.816881027777779 ], [ -80.86578316666666, 26.817698388888889 ], [ -80.867389777777774, 26.819103083333331 ], [ -80.869802138888886, 26.8201505 ], [ -80.87139055555555, 26.820290166666666 ], [ -80.873184972222219, 26.82004788888889 ], [ -80.874553666666657, 26.81962075 ], [ -80.875743833333331, 26.819037527777777 ], [ -80.876929416666655, 26.818138027777778 ], [ -80.878211055555553, 26.816573194444445 ], [ -80.87859094444444, 26.816031055555555 ], [ -80.878929638888877, 26.815078166666666 ], [ -80.878938722222216, 26.813275138888891 ], [ -80.878169638888878, 26.811291444444446 ], [ -80.877592888888884, 26.810412527777778 ], [ -80.876805583333322, 26.809599333333335 ], [ -80.876270027777778, 26.80913113888889 ], [ -80.875061666666653, 26.808449361111112 ], [ -80.873468805555547, 26.807993472222222 ], [ -80.872516777777776, 26.807972944444444 ], [ -80.87082780555555, 26.808182361111111 ], [ -80.868301194444442, 26.808970861111113 ], [ -80.866104055555553, 26.8106095 ], [ -80.8654815, 26.811439111111113 ], [ -80.865000805555553, 26.812330333333335 ], [ -80.864730694444432, 26.813155833333333 ], [ -80.864698638888882, 26.813377611111111 ], [ -80.864689333333331, 26.81518063888889 ] ] } },
{ "type": "Feature", "properties": { "style": "solid", "thickness": 1 }, "geometry": { "type": "LineString", "coordinates": [ [ -81.001545694444445, 27.155057138888889 ], [ -81.000912694444438, 27.155255666666665 ], [ -81.00010016666667, 27.155298527777777 ], [ -80.999002694444442, 27.155218805555553 ], [ -80.998221722222226, 27.155039805555553 ], [ -80.997577777777778, 27.154605888888888 ], [ -80.997070888888885, 27.153917055555553 ], [ -80.996516111111106, 27.152501388888886 ], [ -80.996320305555557, 27.151397083333332 ], [ -80.996451888888885, 27.150825944444442 ], [ -80.9969315, 27.149933722222222 ], [ -80.997385027777781, 27.149579555555555 ], [ -80.998155055555557, 27.149126111111112 ], [ -80.999843027777786, 27.14859675 ], [ -81.00055, 27.148586972222223 ], [ -81.003098333333327, 27.1487415 ], [ -81.005019166666671, 27.14941075 ], [ -81.007726444444444, 27.15057511111111 ], [ -81.011214777777781, 27.151918388888888 ], [ -81.008884111111115, 27.145972833333332 ] ] } },
{ "type": "Feature", "properties": { "style": "solid", "thickness": 1 }, "geometry": { "type": "LineString", "coordinates": [ [ -80.999715, 27.137085527777778 ], [ -80.996550361111119, 27.138078083333333 ], [ -80.994867972222224, 27.138923638888887 ], [ -80.994098, 27.139377055555556 ], [ -80.993575972222217, 27.139858694444445 ], [ -80.992753805555552, 27.141388194444446 ], [ -80.992670083333337, 27.142686138888887 ], [ -80.992818, 27.143063666666666 ], [ -80.993789222222219, 27.144030777777779 ], [ -80.995461944444443, 27.144671944444443 ], [ -80.996242833333341, 27.144850944444443 ], [ -80.99716075, 27.144775027777776 ], [ -80.999065111111108, 27.144495722222221 ], [ -81.002229916666664, 27.143503083333332 ], [ -81.003912333333332, 27.142657444444446 ], [ -81.004682277777775, 27.142204 ], [ -81.005167277777772, 27.141627944444444 ], [ -81.00602625, 27.140192722222221 ], [ -81.006109833333326, 27.138894777777779 ], [ -81.005961888888891, 27.138517277777776 ], [ -81.004990611111111, 27.13755022222222 ], [ -81.003280944444441, 27.136814805555556 ], [ -81.002537083333337, 27.136730222222223 ], [ -81.001619222222217, 27.136806166666666 ], [ -80.999715, 27.137085527777778 ] ] } },
{ "type": "Feature", "properties": { "style": "solid", "thickness": 1 }, "geometry": { "type": "LineString", "coordinates": [ [ -80.990288638888885, 27.117257472222224 ], [ -80.995494777777779, 27.11785 ], [ -80.998380666666662, 27.119170222222223 ], [ -80.999157166666663, 27.121152138888888 ], [ -80.997787222222229, 27.12370138888889 ], [ -80.995572222222222, 27.124396166666667 ], [ -80.988692333333333, 27.121043305555556 ], [ -80.986688277777773, 27.121671777777777 ], [ -80.985133222222217, 27.123749027777777 ], [ -80.985576805555553, 27.124881583333334 ], [ -80.988277888888888, 27.12573011111111 ], [ -80.990282, 27.125101611111113 ], [ -80.996347111111106, 27.113979472222223 ] ] } },
{ "type": "Feature", "properties": { "style": "solid", "thickness": 1 }, "geometry": { "type": "LineString", "coordinates": [ [ -80.99146730555556, 27.1015215 ], [ -80.97807383333334, 27.105722194444446 ], [ -80.976521805555564, 27.101758111111113 ], [ -80.97618925, 27.100908666666669 ], [ -80.976563333333331, 27.100049555555557 ], [ -80.977116805555553, 27.099346166666667 ], [ -80.977538638888888, 27.09921386111111 ], [ -80.979647777777785, 27.098552444444444 ], [ -80.980001111111108, 27.098547611111108 ], [ -80.980955638888886, 27.098566166666664 ], [ -80.98237975, 27.09917925 ], [ -80.982642916666663, 27.098036972222221 ], [ -80.9827745, 27.097465833333331 ], [ -80.983117, 27.096828555555554 ], [ -80.983955222222221, 27.09624775 ], [ -80.986697, 27.09538775 ], [ -80.987546055555555, 27.095439333333331 ], [ -80.988437472222216, 27.095901527777777 ], [ -80.98904408333334, 27.096241111111109 ], [ -80.98954525, 27.096613777777776 ], [ -80.99146730555556, 27.1015215 ] ] } },
{ "type": "Feature", "properties": { "style": "solid", "thickness": 1 }, "geometry": { "type": "LineString", "coordinates": [ [ -80.984190666666663, 27.103803916666667 ], [ -80.98237975, 27.09917925 ] ] } },
{ "type": "Feature", "properties": { "style": "solid", "thickness": 1 }, "geometry": { "type": "LineString", "coordinates": [ [ -80.973861416666665, 27.0949625 ], [ -80.987253777777781, 27.090762194444444 ], [ -80.985442944444443, 27.086137555555556 ] ] } },
{ "type": "Feature", "properties": { "style": "solid", "thickness": 1 }, "geometry": { "type": "LineString", "coordinates": [ [ -80.967913638888888, 27.079766583333335 ], [ -80.968578555555553, 27.081465527777777 ], [ -80.969016444444449, 27.082281916666666 ], [ -80.970630388888893, 27.08368325 ], [ -80.973050972222225, 27.084725666666664 ], [ -80.974643444444453, 27.084862083333331 ], [ -80.976441416666674, 27.08461611111111 ], [ -80.977812194444439, 27.084186194444442 ], [ -80.979003611111111, 27.083600555555556 ], [ -80.980189638888888, 27.082698694444446 ], [ -80.98147025, 27.081131333333332 ], [ -80.981849666666662, 27.080588416666668 ], [ -80.982186694444451, 27.079634916666667 ], [ -80.982191194444439, 27.077831972222221 ], [ -80.981415277777785, 27.075849944444442 ], [ -80.980834916666666, 27.074972277777778 ], [ -80.98004372222222, 27.07416075 ], [ -80.97950575, 27.073693666666667 ], [ -80.978292805555554, 27.073014416666666 ], [ -80.976695111111113, 27.072561805555555 ], [ -80.975740833333333, 27.072543222222222 ], [ -80.974048472222222, 27.072756111111111 ], [ -80.971518027777776, 27.07354975 ], [ -80.969319972222223, 27.075192805555556 ], [ -80.968698083333337, 27.076023638888888 ], [ -80.968218583333339, 27.076915777777778 ], [ -80.967949944444442, 27.077741805555554 ], [ -80.967918361111117, 27.077963638888889 ], [ -80.967913638888888, 27.079766583333335 ] ] } },
{ "type": "Feature", "properties": { "style": "solid", "thickness": 1 }, "geometry": { "type": "LineString", "coordinates": [ [ -80.964626416666675, 27.07136622222222 ], [ -80.976760305555558, 27.063957694444444 ], [ -80.961819722222231, 27.064192805555557 ], [ -80.973916083333336, 27.056690111111113 ], [ -80.959161055555555, 27.057396888888888 ] ] } }
]
}
