{
"type": "FeatureCollection",
"name": "rsw118smvagp",
"features": [
{ "type": "Feature", "properties": { "style": "solid", "thickness": 1 }, "geometry": { "type": "LineString", "coordinates": [ [ -81.487448694444439, 26.433537611111113 ], [ -81.484396138888883, 26.431696666666667 ], [ -81.481548194444443, 26.429580833333336 ], [ -81.479819361111112, 26.428201194444444 ], [ -81.477177, 26.425443472222224 ], [ -81.476468166666663, 26.42369891666667 ], [ -81.476474722222221, 26.421130138888891 ], [ -81.47699, 26.418837611111112 ], [ -81.477705555555559, 26.417921666666668 ], [ -81.479951027777773, 26.416366638888888 ], [ -81.481480055555551, 26.416094527777776 ], [ -81.482908972222219, 26.41508825 ], [ -81.483934444444444, 26.412429777777778 ], [ -81.484146638888888, 26.409035722222221 ], [ -81.484457055555552, 26.40710972222222 ], [ -81.485783277777784, 26.406378444444442 ], [ -81.48792475, 26.405557027777775 ], [ -81.49057225, 26.406112722222222 ], [ -81.49331925, 26.407677722222221 ], [ -81.496065, 26.40979311111111 ], [ -81.498607944444444, 26.411541083333333 ], [ -81.50156063888889, 26.412372388888887 ], [ -81.504109222222226, 26.41173497222222 ], [ -81.506350222222224, 26.411922638888889 ], [ -81.507464055555559, 26.414952194444442 ], [ -81.508064972222229, 26.419540444444447 ], [ -81.508261666666669, 26.422660055555557 ], [ -81.508257083333334, 26.424678388888889 ], [ -81.507336277777782, 26.426328055555558 ], [ -81.5036625, 26.428706527777781 ], [ -81.502232916666671, 26.42998825 ], [ -81.500190416666669, 26.431911 ], [ -81.498555666666661, 26.433742722222224 ], [ -81.496515, 26.43483975 ], [ -81.494679638888883, 26.435294916666667 ], [ -81.492437944444447, 26.435198805555554 ], [ -81.490197611111114, 26.434552222222223 ], [ -81.487448694444439, 26.433537611111113 ] ] } },
{ "type": "Feature", "properties": { "style": "solid", "thickness": 1 }, "geometry": { "type": "LineString", "coordinates": [ [ -82.535540166666664, 27.272340944444444 ], [ -82.53322875, 27.264464527777779 ], [ -82.528648555555549, 27.254949 ], [ -82.52091375, 27.249394472222225 ], [ -82.513700638888892, 27.245029277777778 ], [ -82.506257833333336, 27.236812194444447 ], [ -82.503753444444442, 27.230403916666663 ], [ -82.500225555555559, 27.224367805555556 ], [ -82.497739416666661, 27.220711277777777 ], [ -82.496175666666673, 27.216866527777775 ], [ -82.49521708333333, 27.211367472222221 ], [ -82.494982583333339, 27.206782055555554 ], [ -82.493928, 27.202292527777779 ], [ -82.490479083333341, 27.192311194444446 ], [ -82.489327444444442, 27.188647722222221 ], [ -82.489081055555559, 27.182135916666667 ], [ -82.487582444444442, 27.172236305555558 ], [ -82.484765888888887, 27.164728388888886 ], [ -82.481765888888887, 27.160615444444442 ], [ -82.474521222222222, 27.15001047222222 ], [ -82.471409805555552, 27.144338388888887 ], [ -82.465183222222223, 27.115472722222222 ], [ -82.45963483333334, 27.096510694444444 ], [ -82.455987722222218, 27.086620972222221 ], [ -82.450480138888892, 27.073988027777776 ] ] } },
{ "type": "Feature", "properties": { "style": "solid", "thickness": 1 }, "geometry": { "type": "LineString", "coordinates": [ [ -82.062599555555551, 26.952669388888889 ], [ -82.053146972222223, 26.938744638888888 ] ] } },
{ "type": "Feature", "properties": { "style": "solid", "thickness": 1 }, "geometry": { "type": "LineString", "coordinates": [ [ -82.28550966666667, 26.806993694444444 ], [ -82.284898722222223, 26.807546361111111 ], [ -82.282853611111108, 26.807462055555558 ], [ -82.27793480555556, 26.80491111111111 ], [ -82.274541972222224, 26.8006115 ], [ -82.271962361111107, 26.795208027777779 ], [ -82.268978138888883, 26.790723333333336 ], [ -82.263944222222221, 26.784961388888892 ], [ -82.263419222222225, 26.781752333333333 ], [ -82.263503527777772, 26.77762372222222 ], [ -82.263998277777773, 26.773860638888888 ], [ -82.264188333333337, 26.770557333333333 ], [ -82.26365941666667, 26.766430861111111 ], [ -82.262323694444447, 26.764784194444445 ], [ -82.260997111111109, 26.765247527777777 ], [ -82.258150888888892, 26.76883525 ], [ -82.25641541666667, 26.769299944444445 ], [ -82.254879277777775, 26.768571305555554 ], [ -82.25446186111111, 26.766554444444445 ], [ -82.2555755, 26.764073638888888 ], [ -82.257505083333328, 26.761223027777778 ], [ -82.257902833333333, 26.758652944444446 ], [ -82.257274777777781, 26.755168972222222 ], [ -82.256239555555553, 26.752053361111113 ], [ -82.255516416666666, 26.750221027777776 ], [ -82.255405638888888, 26.748203111111113 ], [ -82.25662125, 26.745721944444444 ], [ -82.258447138888883, 26.742596472222225 ], [ -82.25955452777778, 26.738739527777778 ], [ -82.26053675, 26.729562055555554 ], [ -82.261830444444442, 26.721576111111109 ], [ -82.263249166666668, 26.718910666666666 ], [ -82.264570416666672, 26.717346444444441 ], [ -82.267325, 26.71651111111111 ], [ -82.269164194444443, 26.716596361111112 ], [ -82.270395694444446, 26.717876388888886 ], [ -82.27142775, 26.720257972222221 ], [ -82.271335694444446, 26.722551833333331 ], [ -82.270046666666673, 26.73145525 ], [ -82.269895083333338, 26.743473833333333 ], [ -82.269831166666663, 26.752189416666667 ], [ -82.270165527777777, 26.758518305555555 ], [ -82.271220166666666, 26.765945555555554 ], [ -82.272782305555552, 26.772545305555553 ], [ -82.275059694444437, 26.77905075 ], [ -82.280742611111108, 26.792699583333334 ], [ -82.285087833333336, 26.804151305555557 ], [ -82.285402027777778, 26.805801472222225 ], [ -82.28550966666667, 26.806993694444444 ] ] } },
{ "type": "Feature", "properties": { "style": "solid", "thickness": 1 }, "geometry": { "type": "LineString", "coordinates": [ [ -81.884695, 26.661104888888886 ], [ -81.876822666666655, 26.650377444444445 ] ] } },
{ "type": "Feature", "properties": { "style": "solid", "thickness": 1 }, "geometry": { "type": "LineString", "coordinates": [ [ -81.877349583333327, 26.667624333333336 ], [ -81.868557444444434, 26.655612777777776 ] ] } },
{ "type": "Feature", "properties": { "style": "solid", "thickness": 1 }, "geometry": { "type": "LineString", "coordinates": [ [ -82.228614611111112, 26.61673575 ], [ -82.230678527777783, 26.622325277777779 ], [ -82.233253055555551, 26.627913111111113 ], [ -82.23500555555556, 26.632127472222223 ], [ -82.236147194444442, 26.636710777777779 ], [ -82.242599, 26.641643388888888 ], [ -82.247421333333335, 26.647406861111111 ], [ -82.25010705555556, 26.654828833333333 ], [ -82.251961916666673, 26.658859138888886 ], [ -82.252282611111113, 26.662252472222221 ], [ -82.255171666666669, 26.669306666666667 ], [ -82.256915416666672, 26.6711355 ], [ -82.259888555555563, 26.673877444444447 ], [ -82.26153705555555, 26.677266166666669 ], [ -82.261144, 26.680845444444447 ], [ -82.26044375, 26.684242305555557 ], [ -82.25913227777778, 26.68800825 ], [ -82.25853602777778, 26.691863444444444 ], [ -82.258261083333338, 26.699203694444446 ], [ -82.256639, 26.70205325 ], [ -82.25531622222222, 26.703250444444443 ], [ -82.251227027777773, 26.702438777777775 ], [ -82.248767138888894, 26.700428833333334 ], [ -82.247417777777784, 26.695295888888889 ], [ -82.246375694444438, 26.69034538888889 ], [ -82.24565044444445, 26.687870833333335 ] ] } },
{ "type": "Feature", "properties": { "style": "solid", "thickness": 1 }, "geometry": { "type": "LineString", "coordinates": [ [ -81.884663472222229, 26.630096444444444 ], [ -81.887817055555558, 26.619727055555558 ], [ -81.892703888888889, 26.608255194444446 ], [ -81.895045361111116, 26.602932111111112 ], [ -81.896363111111114, 26.594949416666665 ], [ -81.896764916666669, 26.589261055555554 ], [ -81.896553333333344, 26.582564111111111 ], [ -81.896856861111118, 26.580270305555555 ], [ -81.897975916666667, 26.577333555555555 ], [ -81.900114972222227, 26.574212361111112 ], [ -81.904497388888899, 26.570171583333334 ], [ -81.914183555555567, 26.565299611111111 ], [ -81.9201985, 26.562082333333333 ], [ -81.922032083333335, 26.560062027777779 ], [ -81.923557361111122, 26.556390694444445 ], [ -81.926093, 26.545745833333335 ], [ -81.928231472222222, 26.543174638888889 ], [ -81.931390888888899, 26.541336194444447 ], [ -81.935264444444442, 26.539680333333337 ], [ -81.938321361111122, 26.537658361111113 ], [ -81.942191916666673, 26.534167472222222 ], [ -81.944229638888899, 26.532788805555555 ], [ -81.95350641666667, 26.530024722222223 ], [ -81.957175305555552, 26.5283685 ], [ -81.960332138888887, 26.52552025 ], [ -81.96236858333333, 26.523590888888886 ], [ -81.965221722222225, 26.522210805555556 ], [ -81.97256213888889, 26.520916027777776 ], [ -81.974191027777778, 26.519354027777776 ], [ -81.97489927777778, 26.516233777777778 ], [ -81.97612, 26.514580638888887 ], [ -81.982233861111112, 26.512094472222223 ], [ -81.988865833333335, 26.51401086111111 ], [ -81.991724333333337, 26.51565775 ], [ -81.996219694444449, 26.519870722222223 ], [ -81.999285944444452, 26.523260194444443 ], [ -82.000920638888886, 26.524725388888889 ], [ -82.001736694444446, 26.524815805555555 ], [ -82.00550575, 26.522699472222222 ], [ -82.008149222222215, 26.518841833333333 ], [ -82.010896611111107, 26.515993138888888 ], [ -82.01333975, 26.513970611111112 ], [ -82.014759277777785, 26.510206694444445 ], [ -82.012812638888889, 26.505898194444445 ], [ -82.010256472222224, 26.502599861111111 ], [ -82.00494825, 26.499673083333334 ], [ -81.999125861111111, 26.494453388888889 ], [ -81.995349444444443, 26.492441194444446 ], [ -81.995346361111118, 26.490881555555557 ], [ -81.997995138888896, 26.489868111111111 ], [ -82.011559194444445, 26.49186377777778 ], [ -82.014512527777782, 26.490299055555557 ], [ -82.015831777777777, 26.487452722222223 ], [ -82.014806166666673, 26.4846105 ], [ -82.010111305555554, 26.482141555555554 ], [ -82.00592977777778, 26.48132297222222 ], [ -82.004298833333337, 26.481417444444443 ], [ -82.002566333333334, 26.481695555555554 ], [ -81.990737222222222, 26.479971555555554 ], [ -81.98553875, 26.480346611111109 ], [ -81.977890555555561, 26.47907375 ], [ -81.96830144444445, 26.475417944444441 ], [ -81.962993222222224, 26.471113444444441 ], [ -81.961049333333335, 26.466895972222222 ], [ -81.952891, 26.464613277777776 ] ] } },
{ "type": "Feature", "properties": { "style": "solid", "thickness": 1 }, "geometry": { "type": "LineString", "coordinates": [ [ -81.962654083333334, 26.451481027777778 ], [ -81.964592611111115, 26.452671 ], [ -81.966533361111118, 26.455145333333334 ], [ -81.966841527777774, 26.456521055555555 ], [ -81.966639416666666, 26.4575305 ], [ -81.964602027777786, 26.458175527777776 ], [ -81.962869138888891, 26.458086194444444 ], [ -81.961237111111117, 26.4573545 ], [ -81.958073805555557, 26.455156944444443 ], [ -81.951953777777774, 26.452229277777779 ], [ -81.938390805555557, 26.447108666666669 ], [ -81.931660361111113, 26.444272583333333 ], [ -81.928804888888891, 26.442899722222222 ], [ -81.924112694444446, 26.439785722222222 ], [ -81.921562055555555, 26.437586694444445 ], [ -81.918604472222228, 26.43584675 ], [ -81.916360416666677, 26.43419775 ], [ -81.912789027777777, 26.43044 ], [ -81.910034888888902, 26.428149222222224 ], [ -81.908299805555558, 26.42585738888889 ], [ -81.906872611111112, 26.425308333333334 ], [ -81.904123361111118, 26.426962388888889 ], [ -81.901880888888897, 26.426322333333335 ], [ -81.900655166666667, 26.423754694444444 ], [ -81.898307305555562, 26.419995416666669 ], [ -81.891674222222235, 26.410551861111109 ], [ -81.889325194444453, 26.405141083333334 ], [ -81.88830325, 26.402114444444443 ], [ -81.88840425, 26.401288694444442 ], [ -81.888913333333335, 26.401013027777775 ], [ -81.890543333333341, 26.401011638888889 ], [ -81.8938045, 26.402109666666664 ], [ -81.899309972222227, 26.405774388888887 ], [ -81.901247777777783, 26.407607416666664 ], [ -81.902880666666675, 26.409991194444444 ], [ -81.903902638888894, 26.41265075 ], [ -81.906250194444453, 26.416134694444445 ], [ -81.909005083333341, 26.419342972222225 ], [ -81.912473166666672, 26.422366972222225 ], [ -81.918491611111122, 26.427498305555556 ], [ -81.921042722222225, 26.430247833333336 ], [ -81.924715388888899, 26.433363083333333 ], [ -81.932569666666666, 26.438766972222222 ], [ -81.93736233333334, 26.440779666666668 ], [ -81.948682083333338, 26.445719777777779 ], [ -81.953882805555565, 26.447639638888891 ], [ -81.962654083333334, 26.451481027777778 ] ] } },
{ "type": "Feature", "properties": { "style": "solid", "thickness": 1 }, "geometry": { "type": "LineString", "coordinates": [ [ -81.937642, 26.56105336111111 ], [ -81.9229473888889, 26.557950972222223 ] ] } },
{ "type": "Feature", "properties": { "style": "solid", "thickness": 1 }, "geometry": { "type": "LineString", "coordinates": [ [ -81.933057055555565, 26.565095416666669 ], [ -81.920096583333333, 26.562174166666669 ] ] } },
{ "type": "Feature", "properties": { "style": "solid", "thickness": 1 }, "geometry": { "type": "LineString", "coordinates": [ [ -81.953547527777786, 26.807540527777778 ], [ -81.942272666666668, 26.7886565 ], [ -81.933259166666673, 26.776098972222222 ], [ -81.9105195, 26.736492 ], [ -81.908163666666667, 26.73172386111111 ], [ -81.906112888888899, 26.725579277777776 ], [ -81.908025722222234, 26.702458861111111 ], [ -81.906794444444444, 26.697873027777778 ], [ -81.90341747222223, 26.692463611111112 ], [ -81.899836027777781, 26.686595583333332 ], [ -81.875192027777771, 26.653497888888886 ] ] } },
{ "type": "Feature", "properties": { "style": "solid", "thickness": 1 }, "geometry": { "type": "LineString", "coordinates": [ [ -82.08499883333333, 27.056374527777777 ], [ -82.07185880555555, 27.0469545 ], [ -82.057984027777778, 27.02973725 ], [ -82.044623305555547, 27.011600194444444 ], [ -82.036696611111111, 26.994460777777778 ], [ -82.029694, 26.977410916666663 ], [ -82.02454075, 26.9623755 ], [ -82.023813833333335, 26.95779 ], [ -82.019873527777776, 26.93504625 ], [ -82.01842111111111, 26.926150305555556 ], [ -82.016353111111115, 26.916429777777775 ], [ -82.010800916666668, 26.904146527777776 ], [ -82.005360444444449, 26.895807583333333 ], [ -82.00043622222222, 26.889394083333332 ], [ -81.993057083333341, 26.882892555555557 ], [ -81.989881361111117, 26.880695833333334 ], [ -81.981882722222224, 26.870525166666667 ], [ -81.977776527777777, 26.862641805555558 ], [ -81.972239972222226, 26.855310805555558 ], [ -81.96486525, 26.849174722222219 ], [ -81.956162444444445, 26.843406972222223 ], [ -81.949608777777783, 26.838094666666667 ], [ -81.942441194444442, 26.832140638888887 ], [ -81.936604861111121, 26.827010305555554 ], [ -81.927701055555559, 26.82151625 ], [ -81.921968916666671, 26.816935638888889 ], [ -81.917669472222229, 26.812995444444446 ], [ -81.908148166666678, 26.802546888888891 ], [ -81.90302886111111, 26.796038361111112 ], [ -81.883687111111115, 26.775322333333332 ], [ -81.854129333333333, 26.749197472222225 ], [ -81.844724583333331, 26.743606722222225 ], [ -81.834910805555552, 26.735813777777778 ], [ -81.825098916666661, 26.729212777777775 ], [ -81.817535861111111, 26.722885527777777 ], [ -81.811505944444448, 26.716557416666667 ], [ -81.806907, 26.710779111111112 ], [ -81.801490527777773, 26.702156888888886 ], [ -81.79893463888888, 26.69353386111111 ], [ -81.798319527777778, 26.684726916666666 ], [ -81.799338388888884, 26.675827833333333 ], [ -81.799232805555548, 26.663075888888887 ], [ -81.80025219444444, 26.657020777777777 ], [ -81.803005666666664, 26.646194694444443 ], [ -81.804229194444446, 26.64114863888889 ], [ -81.80412469444444, 26.633442416666668 ], [ -81.803713666666667, 26.624727111111113 ], [ -81.801872972222213, 26.613168138888891 ], [ -81.800135583333329, 26.604911833333336 ], [ -81.797071722222213, 26.596197055555553 ], [ -81.7956415, 26.589683694444442 ], [ -81.794515305555549, 26.573445638888888 ], [ -81.794103833333338, 26.558491805555555 ], [ -81.794917194444437, 26.546748722222222 ], [ -81.797359666666665, 26.524546694444442 ], [ -81.798377777777773, 26.517941055555553 ], [ -81.797251444444441, 26.499868083333336 ], [ -81.794188888888883, 26.483630305555558 ], [ -81.78806897222222, 26.465833305555556 ], [ -81.785111388888893, 26.455375055555553 ], [ -81.777261944444447, 26.437486 ], [ -81.775528972222219, 26.428678805555556 ], [ -81.773082611111107, 26.409688222222222 ], [ -81.773897194444444, 26.40014697222222 ], [ -81.773794583333327, 26.3842755 ], [ -81.772571972222224, 26.376385666666668 ], [ -81.770025527777776, 26.367945388888888 ], [ -81.76279513888889, 26.35565177777778 ], [ -81.757093138888891, 26.348220277777777 ], [ -81.74986575, 26.333540694444444 ], [ -81.745592916666666, 26.316567666666668 ], [ -81.74305183333334, 26.298860888888889 ], [ -81.741124194444438, 26.272530361111109 ], [ -81.741233555555553, 26.240236944444444 ], [ -81.742046722222227, 26.205502138888889 ] ] } },
{ "type": "Feature", "properties": { "style": "solid", "thickness": 1 }, "geometry": { "type": "LineString", "coordinates": [ [ -81.7416485, 26.205494555555553 ], [ -81.741245722222217, 26.188677555555557 ], [ -81.7424695, 26.172898083333333 ], [ -81.741556527777774, 26.163907138888888 ], [ -81.735254361111117, 26.160419583333333 ], [ -81.72498775, 26.157389305555554 ], [ -81.681174388888891, 26.155625944444441 ], [ -81.654541916666673, 26.154047333333331 ], [ -81.636954305555562, 26.155132972222219 ], [ -81.60829008333333, 26.153085027777777 ], [ -81.58023425, 26.152591694444443 ], [ -81.48610469444445, 26.151700805555553 ], [ -81.420433361111122, 26.152746777777775 ], [ -81.377025083333322, 26.15327522222222 ], [ -81.33504925, 26.151225916666665 ], [ -81.316851361111105, 26.151719277777776 ], [ -81.283717694444448, 26.150416666666665 ], [ -81.258909916666667, 26.151430166666664 ], [ -81.249339694444444, 26.154698027777776 ], [ -81.241389138888891, 26.159347444444442 ], [ -81.216780166666666, 26.160813 ], [ -81.168282055555565, 26.161807666666665 ], [ -80.987185222222223, 26.166792583333333 ], [ -80.900657916666674, 26.16775477777778 ], [ -80.861912777777775, 26.168887277777777 ] ] } },
{ "type": "Feature", "properties": { "style": "solid", "thickness": 1 }, "geometry": { "type": "LineString", "coordinates": [ [ -81.952891, 26.464613277777776 ], [ -81.939135694444445, 26.468208527777776 ], [ -81.935260333333332, 26.46692875 ], [ -81.933422888888899, 26.465096083333332 ], [ -81.9311735, 26.460236333333334 ], [ -81.931166833333336, 26.455557472222221 ], [ -81.930650861111118, 26.451062694444445 ], [ -81.92850775, 26.449046805555557 ], [ -81.927489083333342, 26.449414916666665 ], [ -81.925758888888893, 26.451159972222221 ], [ -81.924436944444452, 26.45336325 ], [ -81.923622555555554, 26.454098083333331 ], [ -81.92005566666667, 26.454377194444444 ], [ -81.91689683333334, 26.454931 ], [ -81.908035972222223, 26.46016936111111 ], [ -81.90671125, 26.460445888888888 ], [ -81.905793583333335, 26.460171555555554 ], [ -81.904975861111112, 26.45824575 ], [ -81.905176638888889, 26.455676777777779 ], [ -81.906700388888893, 26.451455138888889 ], [ -81.907205972222229, 26.448151916666667 ], [ -81.906693638888896, 26.445858833333332 ], [ -81.903835055555561, 26.441641472222223 ], [ -81.901794388888888, 26.439533333333333 ], [ -81.898635, 26.439352777777778 ], [ -81.894355361111124, 26.439815388888888 ], [ -81.889974833333341, 26.441287111111112 ], [ -81.885593944444452, 26.442483444444445 ], [ -81.881925583333327, 26.442945166666668 ], [ -81.878256861111097, 26.443039805555557 ], [ -81.875709833333332, 26.443867444444443 ], [ -81.874387194444438, 26.44625375 ], [ -81.874600638888879, 26.456620472222223 ], [ -81.87439908333333, 26.459097666666665 ], [ -81.872769777777776, 26.46075025 ], [ -81.870324166666663, 26.461485972222221 ], [ -81.867369833333328, 26.463322916666666 ], [ -81.866248, 26.462589777777776 ], [ -81.866651777777776, 26.458002361111109 ], [ -81.86654575, 26.453231833333334 ], [ -81.864096444444442, 26.449380333333334 ], [ -81.860322333333329, 26.445437916666666 ], [ -81.857362972222219, 26.440485722222224 ], [ -81.856034777777765, 26.436082916666667 ], [ -81.855929499999988, 26.431679333333335 ], [ -81.856639, 26.426724805555558 ], [ -81.853678777777773, 26.419754194444447 ], [ -81.85163702777777, 26.41434261111111 ], [ -81.849900666666656, 26.408288611111111 ], [ -81.845310611111103, 26.400217833333333 ], [ -81.841630166666661, 26.379944666666667 ], [ -81.838558722222217, 26.354166527777778 ], [ -81.842007694444433, 26.333430916666664 ], [ -81.84129013888888, 26.325816638888888 ], [ -81.834147972222212, 26.298572555555559 ], [ -81.817935277777778, 26.231240027777776 ], [ -81.807557666666668, 26.15992822222222 ] ] } },
{ "type": "Feature", "properties": { "style": "solid", "thickness": 1 }, "geometry": { "type": "LineString", "coordinates": [ [ -81.785862611111114, 26.70160925 ], [ -81.786066833333336, 26.701242277777776 ], [ -81.787598694444441, 26.699682472222221 ], [ -81.789641194444442, 26.697939111111111 ], [ -81.792398611111111, 26.696379083333333 ], [ -81.796381555555556, 26.694727027777777 ], [ -81.803427805555557, 26.690964083333334 ], [ -81.80853325, 26.687568333333335 ], [ -81.815782166666665, 26.682061666666669 ], [ -81.824868805555553, 26.677104333333336 ], [ -81.837119972222212, 26.671686194444444 ], [ -81.842223138888883, 26.667647027777779 ], [ -81.847325111111104, 26.662415055555556 ], [ -81.853857166666657, 26.658649888888888 ], [ -81.858857638888878, 26.655344083333333 ], [ -81.860083055555549, 26.655618527777776 ], [ -81.861907916666667, 26.653246388888888 ] ] } },
{ "type": "Feature", "properties": { "style": "solid", "thickness": 1 }, "geometry": { "type": "LineString", "coordinates": [ [ -82.131320111111108, 26.608945361111111 ], [ -82.132562916666657, 26.614630138888892 ], [ -82.140391694444446, 26.636719527777778 ], [ -82.149923444444454, 26.648070083333334 ], [ -82.156273194444452, 26.653924277777776 ], [ -82.166015027777789, 26.666098861111109 ], [ -82.166636, 26.66848238888889 ], [ -82.166647194444451, 26.671693305555557 ], [ -82.163804777777784, 26.676563555555557 ], [ -82.165445694444443, 26.67857725 ], [ -82.167692694444455, 26.678662694444444 ], [ -82.174730555555556, 26.676257416666669 ], [ -82.178100833333332, 26.676339444444444 ], [ -82.179840805555557, 26.677435277777779 ], [ -82.180561944444449, 26.679176277777778 ], [ -82.178327444444449, 26.682577166666668 ], [ -82.1684435, 26.688935555555556 ], [ -82.162427611111113, 26.691796388888889 ], [ -82.158863305555556, 26.694833722222221 ], [ -82.155397222222234, 26.696769805555554 ], [ -82.153151416666674, 26.697142861111111 ], [ -82.149981777777782, 26.696142305555554 ], [ -82.146605194444447, 26.694316527777779 ], [ -82.142004027777787, 26.692769138888888 ], [ -82.137712611111112, 26.692229944444446 ], [ -82.13383155555556, 26.692240027777778 ], [ -82.1293455, 26.694728527777777 ], [ -82.123829333333333, 26.69446725 ], [ -82.122190611111108, 26.6930035 ], [ -82.120856916666654, 26.691080277777779 ], [ -82.119619777777771, 26.687321972222222 ], [ -82.119505527777775, 26.683377388888889 ], [ -82.118576277777777, 26.680077 ], [ -82.11569872222222, 26.674120916666666 ], [ -82.111482472222221, 26.664314916666665 ], [ -82.110035388888889, 26.658446972222222 ], [ -82.109922055555543, 26.654685861111108 ], [ -82.111131305555546, 26.649361944444443 ], [ -82.116289305555554, 26.633294611111111 ], [ -82.11534247222221, 26.624031055555555 ], [ -82.110704444444437, 26.609088444444446 ], [ -82.10690625, 26.6016665 ], [ -82.103405333333328, 26.592379277777777 ] ] } },
{ "type": "Feature", "properties": { "style": "solid", "thickness": 1 }, "geometry": { "type": "LineString", "coordinates": [ [ -82.090223861111113, 26.574996111111112 ], [ -82.08835363888889, 26.57271925 ], [ -82.079743694444446, 26.558151472222224 ], [ -82.075007277777772, 26.541831722222224 ], [ -82.07347019444444, 26.539174527777778 ], [ -82.073055611111101, 26.53669838888889 ], [ -82.073147111111112, 26.532753277777775 ], [ -82.072932638888886, 26.528808805555556 ], [ -82.071185972222224, 26.523950222222222 ], [ -82.067187555555549, 26.515885416666666 ], [ -82.064423277777777, 26.511671083333333 ], [ -82.060629222222218, 26.503422166666667 ], [ -82.058883944444446, 26.498746888888888 ], [ -82.058774527777771, 26.495811361111112 ], [ -82.059486138888886, 26.494984222222222 ], [ -82.061929833333338, 26.49369477777778 ], [ -82.068555083333337, 26.492946916666668 ], [ -82.075381694444445, 26.491280888888891 ], [ -82.083330333333336, 26.489887277777779 ], [ -82.088632388888882, 26.490058861111113 ], [ -82.093635138888885, 26.4925245 ], [ -82.097211222222214, 26.49517675 ], [ -82.09977, 26.49856525 ], [ -82.100499138888878, 26.503884611111111 ], [ -82.099597111111109, 26.509299527777777 ], [ -82.101145333333321, 26.51571786111111 ], [ -82.10760925, 26.529005138888888 ], [ -82.113666111111101, 26.542109611111112 ], [ -82.118496555555552, 26.554024222222225 ], [ -82.119744055555543, 26.56163575 ], [ -82.123551722222217, 26.572268305555557 ], [ -82.124296722222212, 26.582174583333334 ], [ -82.125747583333322, 26.589326777777778 ] ] } },
{ "type": "Feature", "properties": { "style": "solid", "thickness": 1 }, "geometry": { "type": "LineString", "coordinates": [ [ -82.10016063888888, 26.595773194444444 ], [ -82.100461222222222, 26.596269 ], [ -82.102326749999989, 26.606081 ], [ -82.103359666666663, 26.610298666666669 ], [ -82.103164138888886, 26.613234861111113 ], [ -82.104297333333321, 26.616810111111111 ], [ -82.107581138888889, 26.622765472222223 ], [ -82.109016972222221, 26.625055555555555 ], [ -82.110349416666665, 26.626887194444446 ], [ -82.110969, 26.629270972222223 ], [ -82.111078777777777, 26.631839444444445 ], [ -82.110880111111101, 26.633674777777777 ], [ -82.10904977777777, 26.636064472222223 ], [ -82.106809083333332, 26.637812916666665 ], [ -82.10517872222222, 26.638825972222222 ], [ -82.101602777777771, 26.637825277777779 ], [ -82.098944583333335, 26.636455388888887 ], [ -82.096080722222212, 26.634535472222222 ], [ -82.091787555555555, 26.63252702777778 ], [ -82.08678308333333, 26.631620944444446 ], [ -82.082900527777781, 26.63034525 ] ] } },
{ "type": "Feature", "properties": { "style": "solid", "thickness": 1 }, "geometry": { "type": "LineString", "coordinates": [ [ -82.082900527777781, 26.63034525 ], [ -82.076043277777771, 26.623663194444443 ], [ -82.067654388888883, 26.616433611111113 ], [ -82.066113611111106, 26.612675444444445 ], [ -82.066308888888884, 26.609280583333334 ], [ -82.06955522222222, 26.60184266666667 ], [ -82.070851111111111, 26.590188694444443 ], [ -82.071962611111104, 26.586057916666665 ], [ -82.076543222222213, 26.581919638888888 ], [ -82.07807152777778, 26.581090638888888 ], [ -82.08205236111111, 26.581632305555555 ], [ -82.082571361111107, 26.584842138888888 ], [ -82.0815565, 26.586862694444442 ], [ -82.080953055555554, 26.590075 ], [ -82.081878472222215, 26.592641722222222 ], [ -82.085142888888882, 26.592267472222222 ], [ -82.087075333333331, 26.589969611111108 ], [ -82.087475305555557, 26.587032972222222 ], [ -82.087413361111103, 26.586660694444443 ] ] } },
{ "type": "Feature", "properties": { "style": "solid", "thickness": 1 }, "geometry": { "type": "LineString", "coordinates": [ [ -82.24565044444445, 26.687870833333335 ], [ -82.246356527777778, 26.685758388888889 ], [ -82.246960055555562, 26.683554555555556 ], [ -82.246438305555557, 26.680895833333334 ], [ -82.244592055555557, 26.678975472222223 ], [ -82.240189861111105, 26.676329722222224 ], [ -82.239060527777781, 26.674865611111112 ], [ -82.2389535, 26.673673333333333 ], [ -82.239762111111105, 26.671652333333334 ], [ -82.243420333333333, 26.66732825 ], [ -82.244634194444444, 26.664571944444443 ], [ -82.244115638888886, 26.662647111111109 ], [ -82.242473944444441, 26.660726055555553 ], [ -82.24194858333334, 26.657149888888888 ], [ -82.24203283333334, 26.65283775 ], [ -82.241612277777776, 26.649903416666668 ], [ -82.240784138888884, 26.647153944444444 ], [ -82.239042166666664, 26.645600138888888 ], [ -82.238122583333336, 26.645419694444445 ], [ -82.237410583333329, 26.64606425 ], [ -82.237110694444439, 26.647624861111112 ], [ -82.23701875, 26.650102194444443 ], [ -82.23641255555556, 26.651663805555554 ], [ -82.235599166666674, 26.652492166666665 ], [ -82.234472722222222, 26.651670194444442 ], [ -82.23282313888889, 26.647730722222221 ], [ -82.232598472222222, 26.642685666666665 ], [ -82.231968083333342, 26.638284138888888 ], [ -82.231240861111118, 26.635167305555555 ], [ -82.228664444444448, 26.62912075 ], [ -82.22671286111111, 26.626099583333335 ], [ -82.22393675, 26.62106275 ], [ -82.2233225, 26.620606027777779 ], [ -82.221896805555559, 26.621436277777779 ], [ -82.220982555555551, 26.62254011111111 ], [ -82.220062444444451, 26.622176083333333 ], [ -82.218932083333328, 26.620253083333335 ], [ -82.219245, 26.618917583333335 ] ] } },
{ "type": "Feature", "properties": { "style": "solid", "thickness": 1 }, "geometry": { "type": "LineString", "coordinates": [ [ -82.226301166666673, 26.613485027777781 ], [ -82.228614611111112, 26.61673575 ] ] } },
{ "type": "Feature", "properties": { "style": "solid", "thickness": 1 }, "geometry": { "type": "LineString", "coordinates": [ [ -81.99514122222223, 27.056454583333334 ], [ -81.995144527777782, 27.058105805555556 ], [ -81.994018, 27.058382805555556 ], [ -81.990219222222223, 27.054444194444446 ], [ -81.988673833333337, 27.050043333333335 ], [ -81.986916805555552, 27.042065111111114 ], [ -81.986909583333329, 27.038303972222224 ], [ -81.982078027777774, 27.029413 ], [ -81.980937027777784, 27.021800694444444 ], [ -81.981847388888895, 27.015653055555557 ], [ -81.982237777777783, 27.005378055555557 ], [ -81.982728305555554, 26.993910333333336 ], [ -81.984762083333337, 26.986384888888889 ], [ -81.988224305555562, 26.976380333333331 ], [ -81.99373530555556, 26.967289777777776 ], [ -81.997003916666671, 26.963523361111111 ], [ -82.001705166666667, 26.959571027777777 ], [ -82.007123055555553, 26.955800833333331 ], [ -82.013155777777783, 26.952488027777775 ], [ -82.025124972222216, 26.948433722222223 ] ] } },
{ "type": "Feature", "properties": { "style": "solid", "thickness": 1 }, "geometry": { "type": "LineString", "coordinates": [ [ -82.051288111111106, 26.939898666666668 ], [ -82.051921, 26.939664472222223 ], [ -82.054271027777773, 26.938008472222222 ], [ -82.062439694444436, 26.930377611111112 ], [ -82.085767333333322, 26.927666972222223 ], [ -82.088523916666659, 26.925275611111111 ], [ -82.088919888888881, 26.920504361111114 ], [ -82.088088333333332, 26.915919361111111 ], [ -82.0859288611111, 26.91216297222222 ], [ -82.084997944444439, 26.908587277777777 ], [ -82.084887222222221, 26.905560194444444 ], [ -82.084163833333335, 26.902993138888888 ], [ -82.081290777777781, 26.900063888888887 ], [ -82.07524602777778, 26.897141472222224 ], [ -82.071044944444438, 26.894857055555555 ], [ -82.066840444444438, 26.891196444444443 ], [ -82.064375666666663, 26.887623833333333 ], [ -82.062625777777768, 26.88349925 ], [ -82.063742583333337, 26.880194361111112 ], [ -82.062507388888889, 26.877261305555557 ], [ -82.058816694444445, 26.874149805555557 ], [ -82.056964694444446, 26.869933611111112 ], [ -82.0555155, 26.863147916666669 ], [ -82.055399388888887, 26.857643833333334 ], [ -82.05579625, 26.852780888888891 ], [ -82.057831555555552, 26.84874025 ], [ -82.059143583333324, 26.841857166666667 ], [ -82.0589255, 26.836536777777777 ], [ -82.056656277777776, 26.828835333333334 ], [ -82.052121222222226, 26.814441444444444 ], [ -82.050976111111112, 26.806187194444444 ], [ -82.051064277777769, 26.800499194444445 ], [ -82.059606222222214, 26.782684444444442 ], [ -82.064169277777779, 26.768547055555555 ], [ -82.065976638888884, 26.756158388888888 ], [ -82.067282055555552, 26.747348611111111 ], [ -82.069914611111102, 26.738169 ], [ -82.071427027777773, 26.730551333333331 ], [ -82.073252583333328, 26.725501694444443 ], [ -82.078949027777767, 26.716407027777777 ], [ -82.079831666666664, 26.702919222222221 ], [ -82.08063277777778, 26.697046055555557 ], [ -82.081414194444434, 26.68401713888889 ], [ -82.080985111111104, 26.676495333333335 ], [ -82.079725194444435, 26.663837833333332 ], [ -82.077056027777772, 26.658522694444443 ], [ -82.07347138888889, 26.654402111111111 ], [ -82.062912805555555, 26.638002777777778 ], [ -82.054906027777776, 26.620404861111112 ], [ -82.049259555555551, 26.607113666666667 ], [ -82.047509777777776, 26.601062166666669 ], [ -82.046257527777769, 26.589688666666664 ], [ -82.050111166666667, 26.579956416666665 ], [ -82.055498444444439, 26.571780555555556 ], [ -82.061301722222225, 26.566998083333335 ], [ -82.062823555555553, 26.563692222222222 ], [ -82.062815527777772, 26.560573 ], [ -82.058206666666663, 26.55342663888889 ], [ -82.057269138888884, 26.545722222222224 ], [ -82.054916166666658, 26.54297475 ], [ -82.047782861111102, 26.545741277777779 ], [ -82.044620111111115, 26.54547227777778 ], [ -82.042268333333325, 26.543091555555556 ], [ -82.040719333333328, 26.535112972222223 ], [ -82.0373445, 26.53126625 ], [ -82.032541861111113, 26.527330388888888 ], [ -82.028971083333332, 26.526786583333333 ], [ -82.024995083333337, 26.527436027777778 ], [ -82.019491611111107, 26.529189027777775 ], [ -82.016640527777781, 26.531304111111112 ], [ -82.012868861111116, 26.53222811111111 ], [ -82.002055194444438, 26.530962 ], [ -81.995223888888887, 26.531982277777775 ], [ -81.987986944444444, 26.53428725 ], [ -81.982891444444448, 26.536496888888891 ], [ -81.974031416666662, 26.544032888888889 ], [ -81.967302361111109, 26.545785611111114 ], [ -81.96291325, 26.544048611111112 ], [ -81.95394025, 26.54598725 ], [ -81.946296583333336, 26.550217194444446 ] ] } },
{ "type": "Feature", "properties": { "style": "solid", "thickness": 1 }, "geometry": { "type": "LineString", "coordinates": [ [ -82.05987977777778, 26.956703638888889 ], [ -82.050266555555552, 26.942814027777779 ] ] } },
{ "type": "Feature", "properties": { "style": "solid", "thickness": 1 }, "geometry": { "type": "LineString", "coordinates": [ [ -81.863788388888878, 26.628435777777778 ], [ -81.865159361111111, 26.621670944444446 ], [ -81.867707388888888, 26.617357333333334 ], [ -81.874337222222209, 26.612490222222224 ], [ -81.87647725, 26.609002444444446 ], [ -81.876676583333321, 26.6039565 ], [ -81.87616216666666, 26.599553305555553 ], [ -81.872468777777769, 26.578088555555556 ], [ -81.8725316111111, 26.535061611111114 ], [ -81.871709444444434, 26.528181555555555 ], [ -81.867417555555548, 26.518459972222221 ], [ -81.865273055555548, 26.51497525 ], [ -81.851290666666657, 26.498837527777777 ], [ -81.846086611111105, 26.49287725 ], [ -81.844454444444438, 26.49159375 ], [ -81.84169825, 26.486274166666668 ], [ -81.841387777777769, 26.479026694444443 ], [ -81.84087672222222, 26.476916861111111 ], [ -81.838937416666667, 26.472972944444443 ], [ -81.833632, 26.464902166666665 ], [ -81.815581805555553, 26.444542527777777 ], [ -81.814153055555551, 26.439680666666668 ], [ -81.815672138888885, 26.416561055555555 ], [ -81.815567972222226, 26.411056527777777 ], [ -81.814648888888883, 26.405735777777775 ], [ -81.810978111111112, 26.397296611111109 ], [ -81.808937805555558, 26.38913211111111 ], [ -81.80771175, 26.378398583333333 ], [ -81.80688925, 26.355646611111112 ] ] } },
{ "type": "Feature", "properties": { "style": "solid", "thickness": 1 }, "geometry": { "type": "LineString", "coordinates": [ [ -81.8430125, 26.561565527777777 ], [ -81.843690444444434, 26.55954938888889 ], [ -81.844311472222216, 26.5575185 ] ] } },
{ "type": "Feature", "properties": { "style": "solid", "thickness": 1 }, "geometry": { "type": "LineString", "coordinates": [ [ -81.837835194444438, 26.57317275 ], [ -81.838839388888886, 26.571274388888888 ], [ -81.839789972222221, 26.569353805555554 ] ] } },
{ "type": "Feature", "properties": { "style": "solid", "thickness": 1 }, "geometry": { "type": "LineString", "coordinates": [ [ -81.830777888888889, 26.583957861111109 ], [ -81.832075638888881, 26.582232111111111 ], [ -81.833324944444442, 26.580477694444443 ] ] } },
{ "type": "Feature", "properties": { "style": "solid", "thickness": 1 }, "geometry": { "type": "LineString", "coordinates": [ [ -81.821987166666659, 26.593684416666665 ], [ -81.823586194444445, 26.592125555555555 ], [ -81.825140527777776, 26.590530611111109 ] ] } },
{ "type": "Feature", "properties": { "style": "solid", "thickness": 1 }, "geometry": { "type": "LineString", "coordinates": [ [ -81.811683277777774, 26.602106083333336 ], [ -81.813495972222213, 26.60080141666667 ], [ -81.815271666666661, 26.599456277777776 ] ] } },
{ "type": "Feature", "properties": { "style": "solid", "thickness": 1 }, "geometry": { "type": "LineString", "coordinates": [ [ -81.800076555555549, 26.609050583333335 ], [ -81.802084694444446, 26.608006361111112 ], [ -81.804063083333332, 26.606917277777779 ] ] } },
{ "type": "Feature", "properties": { "style": "solid", "thickness": 1 }, "geometry": { "type": "LineString", "coordinates": [ [ -81.78741191666667, 26.614359833333335 ], [ -81.789609666666664, 26.61358538888889 ], [ -81.791784722222218, 26.612760861111113 ] ] } },
{ "type": "Feature", "properties": { "style": "solid", "thickness": 1 }, "geometry": { "type": "LineString", "coordinates": [ [ -81.773907083333327, 26.617913916666666 ], [ -81.776215555555552, 26.61744652777778 ], [ -81.77851, 26.616926277777779 ] ] } },
{ "type": "Feature", "properties": { "style": "solid", "thickness": 1 }, "geometry": { "type": "LineString", "coordinates": [ [ -81.760022527777778, 26.619584611111112 ], [ -81.762375527777778, 26.619436083333333 ], [ -81.764723583333335, 26.61923375 ] ] } },
{ "type": "Feature", "properties": { "style": "solid", "thickness": 1 }, "geometry": { "type": "LineString", "coordinates": [ [ -81.746035333333339, 26.6193555 ], [ -81.748375944444447, 26.619526583333332 ], [ -81.750720611111106, 26.619644277777777 ] ] } },
{ "type": "Feature", "properties": { "style": "solid", "thickness": 1 }, "geometry": { "type": "LineString", "coordinates": [ [ -81.73225775, 26.617237944444444 ], [ -81.734539083333331, 26.617722916666668 ], [ -81.73683336111111, 26.618155805555556 ] ] } },
{ "type": "Feature", "properties": { "style": "solid", "thickness": 1 }, "geometry": { "type": "LineString", "coordinates": [ [ -81.719008194444442, 26.613286916666667 ], [ -81.7211745, 26.614071805555557 ], [ -81.723362166666675, 26.614807333333335 ] ] } },
{ "type": "Feature", "properties": { "style": "solid", "thickness": 1 }, "geometry": { "type": "LineString", "coordinates": [ [ -81.706557583333336, 26.60758377777778 ], [ -81.708568277777786, 26.608652972222224 ], [ -81.710608388888886, 26.60967625 ] ] } },
{ "type": "Feature", "properties": { "style": "solid", "thickness": 1 }, "geometry": { "type": "LineString", "coordinates": [ [ -81.69521977777778, 26.600273666666666 ], [ -81.697025027777784, 26.601599527777779 ], [ -81.698866861111114, 26.602884111111113 ] ] } },
{ "type": "Feature", "properties": { "style": "solid", "thickness": 1 }, "geometry": { "type": "LineString", "coordinates": [ [ -81.685184555555566, 26.591466027777777 ], [ -81.68676725, 26.593042083333334 ], [ -81.688394138888896, 26.594581333333331 ] ] } },
{ "type": "Feature", "properties": { "style": "solid", "thickness": 1 }, "geometry": { "type": "LineString", "coordinates": [ [ -81.676768305555555, 26.581430611111109 ], [ -81.678062166666678, 26.583193861111109 ], [ -81.679405388888895, 26.584927055555553 ] ] } },
{ "type": "Feature", "properties": { "style": "solid", "thickness": 1 }, "geometry": { "type": "LineString", "coordinates": [ [ -81.670133833333338, 26.570381472222223 ], [ -81.67111536111112, 26.572294583333335 ], [ -81.672150416666668, 26.574184722222221 ] ] } },
{ "type": "Feature", "properties": { "style": "solid", "thickness": 1 }, "geometry": { "type": "LineString", "coordinates": [ [ -81.665510555555556, 26.558845472222224 ], [ -81.666127388888896, 26.560745194444443 ], [ -81.66679425, 26.562631194444446 ] ] } },
{ "type": "Feature", "properties": { "style": "solid", "thickness": 1 }, "geometry": { "type": "LineString", "coordinates": [ [ -81.6628158888889, 26.54678516666667 ], [ -81.663116777777788, 26.54875775 ], [ -81.663470027777777, 26.550723277777777 ] ] } },
{ "type": "Feature", "properties": { "style": "solid", "thickness": 1 }, "geometry": { "type": "LineString", "coordinates": [ [ -81.66213477777778, 26.534178944444445 ], [ -81.662100472222221, 26.536300333333337 ], [ -81.662126277777787, 26.538421833333334 ] ] } },
{ "type": "Feature", "properties": { "style": "solid", "thickness": 1 }, "geometry": { "type": "LineString", "coordinates": [ [ -81.663570722222232, 26.5216645 ], [ -81.66318175, 26.523756944444443 ], [ -81.662852111111121, 26.525857583333334 ] ] } },
{ "type": "Feature", "properties": { "style": "solid", "thickness": 1 }, "geometry": { "type": "LineString", "coordinates": [ [ -81.667076944444446, 26.509507861111111 ], [ -81.66633958333334, 26.511533222222223 ], [ -81.66566002777779, 26.51357486111111 ] ] } },
{ "type": "Feature", "properties": { "style": "solid", "thickness": 1 }, "geometry": { "type": "LineString", "coordinates": [ [ -81.672591083333344, 26.497933527777779 ], [ -81.671529944444444, 26.499823027777779 ], [ -81.670522472222231, 26.501736194444444 ] ] } },
{ "type": "Feature", "properties": { "style": "solid", "thickness": 1 }, "geometry": { "type": "LineString", "coordinates": [ [ -81.679990611111123, 26.487225916666667 ], [ -81.678616638888897, 26.4889605 ], [ -81.677292333333341, 26.490726111111112 ] ] } },
{ "type": "Feature", "properties": { "style": "solid", "thickness": 1 }, "geometry": { "type": "LineString", "coordinates": [ [ -81.68906511111112, 26.47767683333333 ], [ -81.687432083333334, 26.479191555555555 ], [ -81.685842166666674, 26.480743 ] ] } },
{ "type": "Feature", "properties": { "style": "solid", "thickness": 1 }, "geometry": { "type": "LineString", "coordinates": [ [ -81.699593305555553, 26.469488833333333 ], [ -81.697742416666671, 26.47075525 ], [ -81.69592738888889, 26.472063055555555 ] ] } },
{ "type": "Feature", "properties": { "style": "solid", "thickness": 1 }, "geometry": { "type": "LineString", "coordinates": [ [ -81.711414944444442, 26.462789 ], [ -81.709333333333333, 26.46381075 ], [ -81.707281444444448, 26.464880166666667 ] ] } },
{ "type": "Feature", "properties": { "style": "solid", "thickness": 1 }, "geometry": { "type": "LineString", "coordinates": [ [ -81.724155138888889, 26.457786472222221 ], [ -81.721962388888898, 26.458504333333334 ], [ -81.719790444444442, 26.459271694444443 ] ] } },
{ "type": "Feature", "properties": { "style": "solid", "thickness": 1 }, "geometry": { "type": "LineString", "coordinates": [ [ -81.737603305555552, 26.454553083333334 ], [ -81.735316138888891, 26.45496697222222 ], [ -81.73304125, 26.455432583333334 ] ] } },
{ "type": "Feature", "properties": { "style": "solid", "thickness": 1 }, "geometry": { "type": "LineString", "coordinates": [ [ -81.751453888888889, 26.453169916666667 ], [ -81.749117083333331, 26.453270583333332 ], [ -81.746783861111112, 26.453424333333334 ] ] } },
{ "type": "Feature", "properties": { "style": "solid", "thickness": 1 }, "geometry": { "type": "LineString", "coordinates": [ [ -81.765405166666667, 26.453675916666665 ], [ -81.763072555555553, 26.45345875 ], [ -81.760734555555558, 26.453294805555554 ] ] } },
{ "type": "Feature", "properties": { "style": "solid", "thickness": 1 }, "geometry": { "type": "LineString", "coordinates": [ [ -81.779144277777775, 26.456071666666666 ], [ -81.776864, 26.45553825 ], [ -81.774569416666665, 26.455057222222223 ] ] } },
{ "type": "Feature", "properties": { "style": "solid", "thickness": 1 }, "geometry": { "type": "LineString", "coordinates": [ [ -81.792297416666671, 26.460292138888889 ], [ -81.790152916666671, 26.459463944444444 ], [ -81.787985916666671, 26.458684666666667 ] ] } },
{ "type": "Feature", "properties": { "style": "solid", "thickness": 1 }, "geometry": { "type": "LineString", "coordinates": [ [ -81.804586444444439, 26.466238833333332 ], [ -81.802605416666665, 26.465130638888887 ], [ -81.80059405555555, 26.464067694444445 ] ] } },
{ "type": "Feature", "properties": { "style": "solid", "thickness": 1 }, "geometry": { "type": "LineString", "coordinates": [ [ -81.815734083333325, 26.473771916666664 ], [ -81.81394916666666, 26.472400388888886 ], [ -81.81212625, 26.47107 ] ] } },
{ "type": "Feature", "properties": { "style": "solid", "thickness": 1 }, "geometry": { "type": "LineString", "coordinates": [ [ -81.825537944444434, 26.482766333333331 ], [ -81.823996583333326, 26.48116175 ], [ -81.822410333333323, 26.479593027777778 ] ] } },
{ "type": "Feature", "properties": { "style": "solid", "thickness": 1 }, "geometry": { "type": "LineString", "coordinates": [ [ -81.833720888888891, 26.492983638888891 ], [ -81.832461305555555, 26.49118225 ], [ -81.831151, 26.489410416666669 ] ] } },
{ "type": "Feature", "properties": { "style": "solid", "thickness": 1 }, "geometry": { "type": "LineString", "coordinates": [ [ -81.840109027777771, 26.504213444444446 ], [ -81.839168583333333, 26.50226686111111 ], [ -81.83817338888889, 26.500342472222222 ] ] } },
{ "type": "Feature", "properties": { "style": "solid", "thickness": 1 }, "geometry": { "type": "LineString", "coordinates": [ [ -81.844505611111103, 26.516058416666667 ], [ -81.843909722222222, 26.514041722222224 ], [ -81.843257916666659, 26.512039055555555 ] ] } },
{ "type": "Feature", "properties": { "style": "solid", "thickness": 1 }, "geometry": { "type": "LineString", "coordinates": [ [ -81.61429413888888, 26.427841361111113 ], [ -81.612789972222217, 26.42943575 ], [ -81.611308138888887, 26.43104702777778 ] ] } },
{ "type": "Feature", "properties": { "style": "solid", "thickness": 1 }, "geometry": { "type": "LineString", "coordinates": [ [ -81.597796388888881, 26.44798725 ], [ -81.596564527777772, 26.449780416666666 ], [ -81.595357944444444, 26.451587444444442 ] ] } },
{ "type": "Feature", "properties": { "style": "solid", "thickness": 1 }, "geometry": { "type": "LineString", "coordinates": [ [ -81.590842416666661, 26.458855694444445 ], [ -81.589755805555555, 26.460741027777779 ], [ -81.588695972222212, 26.462638638888887 ] ] } },
{ "type": "Feature", "properties": { "style": "solid", "thickness": 1 }, "geometry": { "type": "LineString", "coordinates": [ [ -81.58478975, 26.470216777777775 ], [ -81.58386455555555, 26.472170138888888 ], [ -81.58296708333333, 26.474133972222219 ] ] } },
{ "type": "Feature", "properties": { "style": "solid", "thickness": 1 }, "geometry": { "type": "LineString", "coordinates": [ [ -81.579720194444434, 26.48192325 ], [ -81.57896888888888, 26.483912527777779 ], [ -81.5782455, 26.48591013888889 ] ] } },
{ "type": "Feature", "properties": { "style": "solid", "thickness": 1 }, "geometry": { "type": "LineString", "coordinates": [ [ -81.575644305555556, 26.4939405 ], [ -81.575065, 26.49596288888889 ], [ -81.574513888888887, 26.497991666666667 ] ] } },
{ "type": "Feature", "properties": { "style": "solid", "thickness": 1 }, "geometry": { "type": "LineString", "coordinates": [ [ -81.572587694444437, 26.506190333333333 ], [ -81.572175, 26.508268027777778 ], [ -81.571791583333336, 26.51035025 ] ] } },
{ "type": "Feature", "properties": { "style": "solid", "thickness": 1 }, "geometry": { "type": "LineString", "coordinates": [ [ -81.570566277777772, 26.518597694444445 ], [ -81.570329472222213, 26.520687111111108 ], [ -81.570121972222225, 26.522779055555553 ] ] } },
{ "type": "Feature", "properties": { "style": "solid", "thickness": 1 }, "geometry": { "type": "LineString", "coordinates": [ [ -81.56958777777777, 26.53110097222222 ], [ -81.569525583333331, 26.53323125 ], [ -81.569493638888886, 26.535362083333336 ] ] } },
{ "type": "Feature", "properties": { "style": "solid", "thickness": 1 }, "geometry": { "type": "LineString", "coordinates": [ [ -81.569660555555558, 26.543710138888891 ], [ -81.569776444444443, 26.545818972222225 ], [ -81.569922027777778, 26.547926333333336 ] ] } },
{ "type": "Feature", "properties": { "style": "solid", "thickness": 1 }, "geometry": { "type": "LineString", "coordinates": [ [ -81.570788527777779, 26.556240361111112 ], [ -81.571083666666667, 26.558354027777778 ], [ -81.571408833333336, 26.560464138888889 ] ] } },
{ "type": "Feature", "properties": { "style": "solid", "thickness": 1 }, "geometry": { "type": "LineString", "coordinates": [ [ -81.572979333333336, 26.5687275 ], [ -81.573453277777773, 26.570820722222223 ], [ -81.573957055555553, 26.572908333333334 ] ] } },
{ "type": "Feature", "properties": { "style": "solid", "thickness": 1 }, "geometry": { "type": "LineString", "coordinates": [ [ -81.576202638888887, 26.58098138888889 ], [ -81.57693616666667, 26.583298583333335 ], [ -81.577706944444444, 26.585606 ] ] } },
{ "type": "Feature", "properties": { "style": "solid", "thickness": 1 }, "geometry": { "type": "LineString", "coordinates": [ [ -81.580414444444443, 26.592900333333333 ], [ -81.581220222222214, 26.594875694444443 ], [ -81.582053722222213, 26.59684175 ] ] } },
{ "type": "Feature", "properties": { "style": "solid", "thickness": 1 }, "geometry": { "type": "LineString", "coordinates": [ [ -81.585635416666662, 26.60455291666667 ], [ -81.58660713888888, 26.606472833333335 ], [ -81.587605833333328, 26.60838152777778 ] ] } },
{ "type": "Feature", "properties": { "style": "solid", "thickness": 1 }, "geometry": { "type": "LineString", "coordinates": [ [ -81.591813611111107, 26.615808805555556 ], [ -81.592953194444434, 26.617673 ], [ -81.594119194444445, 26.619523916666669 ] ] } },
{ "type": "Feature", "properties": { "style": "solid", "thickness": 1 }, "geometry": { "type": "LineString", "coordinates": [ [ -81.598939888888879, 26.626644555555558 ], [ -81.600224861111101, 26.628414888888891 ], [ -81.60153475, 26.630170416666669 ] ] } },
{ "type": "Feature", "properties": { "style": "solid", "thickness": 1 }, "geometry": { "type": "LineString", "coordinates": [ [ -81.606951583333327, 26.636958333333332 ], [ -81.608361444444441, 26.63861288888889 ], [ -81.609794277777766, 26.640251472222221 ] ] } },
{ "type": "Feature", "properties": { "style": "solid", "thickness": 1 }, "geometry": { "type": "LineString", "coordinates": [ [ -81.615739333333323, 26.64662922222222 ], [ -81.617304666666655, 26.648205333333333 ], [ -81.618892138888882, 26.649763444444442 ] ] } },
{ "type": "Feature", "properties": { "style": "solid", "thickness": 1 }, "geometry": { "type": "LineString", "coordinates": [ [ -81.625398638888882, 26.65575875 ], [ -81.627053222222216, 26.657190583333332 ], [ -81.628727444444436, 26.658603833333331 ] ] } },
{ "type": "Feature", "properties": { "style": "solid", "thickness": 1 }, "geometry": { "type": "LineString", "coordinates": [ [ -81.635669444444446, 26.664107666666666 ], [ -81.637478, 26.665453361111108 ], [ -81.639305416666673, 26.666778305555557 ] ] } },
{ "type": "Feature", "properties": { "style": "solid", "thickness": 1 }, "geometry": { "type": "LineString", "coordinates": [ [ -81.646673805555565, 26.671786972222222 ], [ -81.648609972222232, 26.67301925 ], [ -81.650563583333337, 26.67422913888889 ] ] } },
{ "type": "Feature", "properties": { "style": "solid", "thickness": 1 }, "geometry": { "type": "LineString", "coordinates": [ [ -81.65843852777779, 26.678782361111111 ], [ -81.66041119444445, 26.679845527777779 ], [ -81.662398416666676, 26.680886583333333 ] ] } },
{ "type": "Feature", "properties": { "style": "solid", "thickness": 1 }, "geometry": { "type": "LineString", "coordinates": [ [ -81.670580361111121, 26.684869666666668 ], [ -81.672695111111111, 26.685822944444446 ], [ -81.67482325, 26.686751916666665 ] ] } },
{ "type": "Feature", "properties": { "style": "solid", "thickness": 1 }, "geometry": { "type": "LineString", "coordinates": [ [ -81.683296416666678, 26.690158916666668 ], [ -81.685446694444451, 26.690951833333333 ], [ -81.687607916666664, 26.691720444444446 ] ] } },
{ "type": "Feature", "properties": { "style": "solid", "thickness": 1 }, "geometry": { "type": "LineString", "coordinates": [ [ -81.696221138888887, 26.694509555555555 ], [ -81.698463916666668, 26.695165805555554 ], [ -81.700715833333334, 26.695796333333334 ] ] } },
{ "type": "Feature", "properties": { "style": "solid", "thickness": 1 }, "geometry": { "type": "LineString", "coordinates": [ [ -81.709607111111112, 26.698014305555557 ], [ -81.711905583333333, 26.698518638888888 ], [ -81.714211083333339, 26.698996583333333 ] ] } },
{ "type": "Feature", "properties": { "style": "solid", "thickness": 1 }, "geometry": { "type": "LineString", "coordinates": [ [ -81.750930638888889, 26.702987611111109 ], [ -81.753279333333339, 26.703017305555555 ], [ -81.75562825, 26.70302025 ] ] } },
{ "type": "Feature", "properties": { "style": "solid", "thickness": 1 }, "geometry": { "type": "LineString", "coordinates": [ [ -81.764814416666667, 26.702774638888886 ], [ -81.767108361111113, 26.702649277777777 ], [ -81.769400388888883, 26.702498333333331 ] ] } },
{ "type": "Feature", "properties": { "style": "solid", "thickness": 1 }, "geometry": { "type": "LineString", "coordinates": [ [ -81.7785585, 26.70163775 ], [ -81.780881388888886, 26.701353444444443 ], [ -81.783200055555554, 26.701042777777776 ] ] } },
{ "type": "Feature", "properties": { "style": "solid", "thickness": 1 }, "geometry": { "type": "LineString", "coordinates": [ [ -81.72318775, 26.700595166666666 ], [ -81.725529694444447, 26.700944611111112 ], [ -81.727876472222221, 26.701267055555554 ] ] } },
{ "type": "Feature", "properties": { "style": "solid", "thickness": 1 }, "geometry": { "type": "LineString", "coordinates": [ [ -81.73705708333334, 26.702264888888887 ], [ -81.73937975, 26.702451388888889 ], [ -81.741704861111117, 26.702611611111109 ] ] } },
{ "type": "Feature", "properties": { "style": "solid", "thickness": 1 }, "geometry": { "type": "LineString", "coordinates": [ [ -81.792342055555551, 26.699552805555555 ], [ -81.79466, 26.699106916666668 ], [ -81.796971388888892, 26.698634416666668 ] ] } },
{ "type": "Feature", "properties": { "style": "solid", "thickness": 1 }, "geometry": { "type": "LineString", "coordinates": [ [ -81.805975027777777, 26.696523694444444 ], [ -81.808226555555549, 26.695927305555557 ], [ -81.810469472222223, 26.69530536111111 ] ] } },
{ "type": "Feature", "properties": { "style": "solid", "thickness": 1 }, "geometry": { "type": "LineString", "coordinates": [ [ -81.819248111111108, 26.692597138888889 ], [ -81.821449361111107, 26.691847833333334 ], [ -81.823639805555558, 26.691073444444445 ] ] } },
{ "type": "Feature", "properties": { "style": "solid", "thickness": 1 }, "geometry": { "type": "LineString", "coordinates": [ [ -81.832165194444443, 26.687778055555555 ], [ -81.834310305555547, 26.686876027777778 ], [ -81.836442361111111, 26.685949444444443 ] ] } },
{ "type": "Feature", "properties": { "style": "solid", "thickness": 1 }, "geometry": { "type": "LineString", "coordinates": [ [ -81.8447095, 26.6820625 ], [ -81.846761777777772, 26.681022166666668 ], [ -81.848799166666666, 26.679958472222225 ] ] } },
{ "type": "Feature", "properties": { "style": "solid", "thickness": 1 }, "geometry": { "type": "LineString", "coordinates": [ [ -81.856598277777778, 26.675588805555556 ], [ -81.858552583333321, 26.674416305555557 ], [ -81.860490194444438, 26.673221611111114 ] ] } },
{ "type": "Feature", "properties": { "style": "solid", "thickness": 1 }, "geometry": { "type": "LineString", "coordinates": [ [ -81.867977527777768, 26.668287138888889 ], [ -81.86983675, 26.666979055555558 ], [ -81.871677222222218, 26.665649805555553 ] ] } },
{ "type": "Feature", "properties": { "style": "solid", "thickness": 1 }, "geometry": { "type": "LineString", "coordinates": [ [ -81.888785527777785, 26.651431833333334 ], [ -81.890422694444453, 26.649868388888887 ], [ -81.89203725, 26.648286111111112 ] ] } },
{ "type": "Feature", "properties": { "style": "solid", "thickness": 1 }, "geometry": { "type": "LineString", "coordinates": [ [ -81.898047555555564, 26.642012111111111 ], [ -81.899514027777784, 26.640381083333335 ], [ -81.9009575, 26.63873361111111 ] ] } },
{ "type": "Feature", "properties": { "style": "solid", "thickness": 1 }, "geometry": { "type": "LineString", "coordinates": [ [ -81.906535694444443, 26.631934194444444 ], [ -81.90786688888889, 26.630198916666668 ], [ -81.909173527777781, 26.628448611111111 ] ] } },
{ "type": "Feature", "properties": { "style": "solid", "thickness": 1 }, "geometry": { "type": "LineString", "coordinates": [ [ -81.914105527777778, 26.621370805555557 ], [ -81.915294833333334, 26.619538305555555 ], [ -81.916458027777779, 26.617692333333334 ] ] } },
{ "type": "Feature", "properties": { "style": "solid", "thickness": 1 }, "geometry": { "type": "LineString", "coordinates": [ [ -81.920782305555562, 26.610296055555558 ], [ -81.921803944444449, 26.608406805555557 ], [ -81.922798972222225, 26.606506111111113 ] ] } },
{ "type": "Feature", "properties": { "style": "solid", "thickness": 1 }, "geometry": { "type": "LineString", "coordinates": [ [ -81.92651608333334, 26.598781083333332 ], [ -81.92738688888889, 26.5968015 ], [ -81.928229444444455, 26.594812055555554 ] ] } },
{ "type": "Feature", "properties": { "style": "solid", "thickness": 1 }, "geometry": { "type": "LineString", "coordinates": [ [ -81.93126216666667, 26.5869115 ], [ -81.931958972222233, 26.584892388888889 ], [ -81.93262719444445, 26.5828655 ] ] } },
{ "type": "Feature", "properties": { "style": "solid", "thickness": 1 }, "geometry": { "type": "LineString", "coordinates": [ [ -81.934993361111111, 26.574759083333333 ], [ -81.935531611111116, 26.57264425 ], [ -81.936039166666674, 26.570523333333334 ] ] } },
{ "type": "Feature", "properties": { "style": "solid", "thickness": 1 }, "geometry": { "type": "LineString", "coordinates": [ [ -81.937691055555561, 26.56238861111111 ], [ -81.938036583333343, 26.560326 ], [ -81.938353388888899, 26.558259666666668 ] ] } },
{ "type": "Feature", "properties": { "style": "solid", "thickness": 1 }, "geometry": { "type": "LineString", "coordinates": [ [ -81.939329138888894, 26.54999602777778 ], [ -81.93950411111112, 26.547887972222224 ], [ -81.939649305555562, 26.545778083333335 ] ] } },
{ "type": "Feature", "properties": { "style": "solid", "thickness": 1 }, "geometry": { "type": "LineString", "coordinates": [ [ -81.939931638888893, 26.53741888888889 ], [ -81.939929111111113, 26.535305972222226 ], [ -81.939896805555563, 26.53319325 ] ] } },
{ "type": "Feature", "properties": { "style": "solid", "thickness": 1 }, "geometry": { "type": "LineString", "coordinates": [ [ -81.939482805555556, 26.52491647222222 ], [ -81.939303361111115, 26.522801833333332 ], [ -81.939094, 26.520689444444443 ] ] } },
{ "type": "Feature", "properties": { "style": "solid", "thickness": 1 }, "geometry": { "type": "LineString", "coordinates": [ [ -81.937964111111114, 26.51230413888889 ], [ -81.93761116666667, 26.510234916666668 ], [ -81.937229388888895, 26.50816986111111 ] ] } },
{ "type": "Feature", "properties": { "style": "solid", "thickness": 1 }, "geometry": { "type": "LineString", "coordinates": [ [ -81.935417638888893, 26.499968305555555 ], [ -81.934884027777784, 26.497896027777777 ], [ -81.93432108333333, 26.495830027777778 ] ] } },
{ "type": "Feature", "properties": { "style": "solid", "thickness": 1 }, "geometry": { "type": "LineString", "coordinates": [ [ -81.931834111111115, 26.487801027777778 ], [ -81.931129416666678, 26.485774055555556 ], [ -81.930396083333335, 26.483755333333335 ] ] } },
{ "type": "Feature", "properties": { "style": "solid", "thickness": 1 }, "geometry": { "type": "LineString", "coordinates": [ [ -81.927231638888898, 26.475890611111108 ], [ -81.926352972222233, 26.473904555555553 ], [ -81.925446111111114, 26.471928777777777 ] ] } },
{ "type": "Feature", "properties": { "style": "solid", "thickness": 1 }, "geometry": { "type": "LineString", "coordinates": [ [ -81.921614055555565, 26.464274361111109 ], [ -81.92060475000001, 26.462416166666667 ], [ -81.919569888888887, 26.460569388888889 ] ] } },
{ "type": "Feature", "properties": { "style": "solid", "thickness": 1 }, "geometry": { "type": "LineString", "coordinates": [ [ -81.915106472222234, 26.45318961111111 ], [ -81.913895527777782, 26.451330083333332 ], [ -81.912658, 26.449484805555556 ] ] } },
{ "type": "Feature", "properties": { "style": "solid", "thickness": 1 }, "geometry": { "type": "LineString", "coordinates": [ [ -81.907602305555557, 26.44245738888889 ], [ -81.906257583333343, 26.440711194444443 ], [ -81.904888305555559, 26.438980611111113 ] ] } },
{ "type": "Feature", "properties": { "style": "solid", "thickness": 1 }, "geometry": { "type": "LineString", "coordinates": [ [ -81.899271500000012, 26.432333583333335 ], [ -81.897757750000011, 26.430654694444446 ], [ -81.896219944444454, 26.42899363888889 ] ] } },
{ "type": "Feature", "properties": { "style": "solid", "thickness": 1 }, "geometry": { "type": "LineString", "coordinates": [ [ -81.890257944444457, 26.42294175 ], [ -81.88863075, 26.421388638888889 ], [ -81.886981638888898, 26.41985438888889 ] ] } },
{ "type": "Feature", "properties": { "style": "solid", "thickness": 1 }, "geometry": { "type": "LineString", "coordinates": [ [ -81.880362194444444, 26.41406961111111 ], [ -81.87863425, 26.41265111111111 ], [ -81.876886583333331, 26.411252333333334 ] ] } },
{ "type": "Feature", "properties": { "style": "solid", "thickness": 1 }, "geometry": { "type": "LineString", "coordinates": [ [ -81.869784, 26.405916111111111 ], [ -81.867929138888883, 26.404609027777777 ], [ -81.866056, 26.403323277777776 ] ] } },
{ "type": "Feature", "properties": { "style": "solid", "thickness": 1 }, "geometry": { "type": "LineString", "coordinates": [ [ -81.858582944444436, 26.398517444444444 ], [ -81.856602083333328, 26.397325805555557 ], [ -81.8546043611111, 26.396157222222222 ] ] } },
{ "type": "Feature", "properties": { "style": "solid", "thickness": 1 }, "geometry": { "type": "LineString", "coordinates": [ [ -81.84674975, 26.39187038888889 ], [ -81.844710833333323, 26.390834305555554 ], [ -81.842657555555547, 26.389821472222224 ] ] } },
{ "type": "Feature", "properties": { "style": "solid", "thickness": 1 }, "geometry": { "type": "LineString", "coordinates": [ [ -81.834433916666669, 26.386060555555556 ], [ -81.83229025, 26.385155 ], [ -81.830133944444441, 26.384274194444444 ] ] } },
{ "type": "Feature", "properties": { "style": "solid", "thickness": 1 }, "geometry": { "type": "LineString", "coordinates": [ [ -81.821590805555559, 26.381071583333334 ], [ -81.819413805555556, 26.3803265 ], [ -81.81722661111111, 26.379606111111112 ] ] } },
{ "type": "Feature", "properties": { "style": "solid", "thickness": 1 }, "geometry": { "type": "LineString", "coordinates": [ [ -81.80847266666666, 26.376998555555556 ], [ -81.806236611111103, 26.376401472222224 ], [ -81.803992388888886, 26.375829805555558 ] ] } },
{ "type": "Feature", "properties": { "style": "solid", "thickness": 1 }, "geometry": { "type": "LineString", "coordinates": [ [ -81.79506238888888, 26.373823333333334 ], [ -81.7927685, 26.373375833333334 ], [ -81.7904685, 26.372954583333335 ] ] } },
{ "type": "Feature", "properties": { "style": "solid", "thickness": 1 }, "geometry": { "type": "LineString", "coordinates": [ [ -81.7813255, 26.371547388888889 ], [ -81.77899716666667, 26.371256472222221 ], [ -81.776664944444448, 26.370992166666667 ] ] } },
{ "type": "Feature", "properties": { "style": "solid", "thickness": 1 }, "geometry": { "type": "LineString", "coordinates": [ [ -81.767515611111108, 26.370215222222221 ], [ -81.765133972222216, 26.370080444444444 ], [ -81.762750583333329, 26.369973305555558 ] ] } },
{ "type": "Feature", "properties": { "style": "solid", "thickness": 1 }, "geometry": { "type": "LineString", "coordinates": [ [ -81.75351219444444, 26.369819583333335 ], [ -81.751168833333338, 26.369846611111111 ], [ -81.748826055555554, 26.36990036111111 ] ] } },
{ "type": "Feature", "properties": { "style": "solid", "thickness": 1 }, "geometry": { "type": "LineString", "coordinates": [ [ -81.712056777777775, 26.3743005 ], [ -81.709780305555554, 26.374799472222222 ], [ -81.707511027777784, 26.375324361111112 ] ] } },
{ "type": "Feature", "properties": { "style": "solid", "thickness": 1 }, "geometry": { "type": "LineString", "coordinates": [ [ -81.698579888888887, 26.377661888888888 ], [ -81.696360972222223, 26.378311333333333 ], [ -81.694151305555565, 26.378985944444445 ] ] } },
{ "type": "Feature", "properties": { "style": "solid", "thickness": 1 }, "geometry": { "type": "LineString", "coordinates": [ [ -81.685455055555565, 26.381917722222223 ], [ -81.683296277777785, 26.382715888888889 ], [ -81.681148805555566, 26.3835385 ] ] } },
{ "type": "Feature", "properties": { "style": "solid", "thickness": 1 }, "geometry": { "type": "LineString", "coordinates": [ [ -81.672763805555562, 26.387032833333333 ], [ -81.6706566388889, 26.387984166666666 ], [ -81.668563083333339, 26.388959555555555 ] ] } },
{ "type": "Feature", "properties": { "style": "solid", "thickness": 1 }, "geometry": { "type": "LineString", "coordinates": [ [ -81.660462, 26.393029194444445 ], [ -81.658477888888896, 26.394100527777777 ], [ -81.656508777777788, 26.395194083333333 ] ] } },
{ "type": "Feature", "properties": { "style": "solid", "thickness": 1 }, "geometry": { "type": "LineString", "coordinates": [ [ -81.648791444444456, 26.399785305555554 ], [ -81.646879277777785, 26.401001916666665 ], [ -81.64498433333334, 26.402240194444442 ] ] } },
{ "type": "Feature", "properties": { "style": "solid", "thickness": 1 }, "geometry": { "type": "LineString", "coordinates": [ [ -81.8244265, 26.202512305555555 ], [ -81.826135611111113, 26.201104861111112 ], [ -81.827795111111101, 26.199649916666665 ] ] } },
{ "type": "Feature", "properties": { "style": "solid", "thickness": 1 }, "geometry": { "type": "LineString", "coordinates": [ [ -81.813290277777782, 26.209850805555554 ], [ -81.815246277777774, 26.208761416666665 ], [ -81.817163833333325, 26.20761775 ] ] } },
{ "type": "Feature", "properties": { "style": "solid", "thickness": 1 }, "geometry": { "type": "LineString", "coordinates": [ [ -81.800793861111103, 26.21521225 ], [ -81.802979055555554, 26.214456444444444 ], [ -81.805136638888882, 26.213638722222221 ] ] } },
{ "type": "Feature", "properties": { "style": "solid", "thickness": 1 }, "geometry": { "type": "LineString", "coordinates": [ [ -81.787423722222215, 26.218379138888888 ], [ -81.789702944444443, 26.218007333333333 ], [ -81.791968166666663, 26.217571388888889 ] ] } },
{ "type": "Feature", "properties": { "style": "solid", "thickness": 1 }, "geometry": { "type": "LineString", "coordinates": [ [ -81.773615055555553, 26.219247555555555 ], [ -81.775917666666672, 26.219265194444443 ], [ -81.778219805555551, 26.219218194444444 ] ] } },
{ "type": "Feature", "properties": { "style": "solid", "thickness": 1 }, "geometry": { "type": "LineString", "coordinates": [ [ -81.759857472222222, 26.21777911111111 ], [ -81.762109055555555, 26.218182361111108 ], [ -81.764373416666672, 26.218522444444442 ] ] } },
{ "type": "Feature", "properties": { "style": "solid", "thickness": 1 }, "geometry": { "type": "LineString", "coordinates": [ [ -81.74665505555555, 26.214027583333333 ], [ -81.748793194444445, 26.214805222222221 ], [ -81.750957194444439, 26.215522416666666 ] ] } },
{ "type": "Feature", "properties": { "style": "solid", "thickness": 1 }, "geometry": { "type": "LineString", "coordinates": [ [ -81.723644666666672, 26.200230972222222 ], [ -81.725321305555553, 26.201665027777779 ], [ -81.727046722222227, 26.203051194444445 ] ] } },
{ "type": "Feature", "properties": { "style": "solid", "thickness": 1 }, "geometry": { "type": "LineString", "coordinates": [ [ -81.714675416666665, 26.190672055555556 ], [ -81.716046638888898, 26.192388972222222 ], [ -81.717477527777774, 26.194065805555557 ] ] } },
{ "type": "Feature", "properties": { "style": "solid", "thickness": 1 }, "geometry": { "type": "LineString", "coordinates": [ [ -81.707867416666673, 26.179818805555556 ], [ -81.708835972222232, 26.181689861111114 ], [ -81.709868222222227, 26.183533027777777 ] ] } },
{ "type": "Feature", "properties": { "style": "solid", "thickness": 1 }, "geometry": { "type": "LineString", "coordinates": [ [ -81.703405805555562, 26.167976222222222 ], [ -81.703978638888898, 26.170004277777778 ], [ -81.704621638888895, 26.172015166666668 ] ] } },
{ "type": "Feature", "properties": { "style": "solid", "thickness": 1 }, "geometry": { "type": "LineString", "coordinates": [ [ -81.701472333333342, 26.155633805555553 ], [ -81.701615722222229, 26.157701944444444 ], [ -81.701830138888894, 26.159765083333333 ] ] } },
{ "type": "Feature", "properties": { "style": "solid", "thickness": 1 }, "geometry": { "type": "LineString", "coordinates": [ [ -81.702115444444445, 26.143173 ], [ -81.701826888888888, 26.14525675 ], [ -81.701611027777787, 26.147347638888888 ] ] } },
{ "type": "Feature", "properties": { "style": "solid", "thickness": 1 }, "geometry": { "type": "LineString", "coordinates": [ [ -81.705312638888898, 26.131041722222221 ], [ -81.704600722222224, 26.133038833333334 ], [ -81.703958611111119, 26.135055138888887 ] ] } },
{ "type": "Feature", "properties": { "style": "solid", "thickness": 1 }, "geometry": { "type": "LineString", "coordinates": [ [ -81.7188925, 26.10935725 ], [ -81.717417944444449, 26.110982277777779 ], [ -81.716000694444446, 26.112648333333336 ] ] } },
{ "type": "Feature", "properties": { "style": "solid", "thickness": 1 }, "geometry": { "type": "LineString", "coordinates": [ [ -81.728817555555551, 26.100585194444445 ], [ -81.727024666666665, 26.101939166666668 ], [ -81.725280027777785, 26.103343611111111 ] ] } },
{ "type": "Feature", "properties": { "style": "solid", "thickness": 1 }, "geometry": { "type": "LineString", "coordinates": [ [ -81.740404472222224, 26.093631222222221 ], [ -81.73837325, 26.094652777777778 ], [ -81.736378555555561, 26.095731472222219 ] ] } },
{ "type": "Feature", "properties": { "style": "solid", "thickness": 1 }, "geometry": { "type": "LineString", "coordinates": [ [ -81.75313227777778, 26.08878533333333 ], [ -81.75095425, 26.089439416666664 ], [ -81.748799722222216, 26.090154194444445 ] ] } },
{ "type": "Feature", "properties": { "style": "solid", "thickness": 1 }, "geometry": { "type": "LineString", "coordinates": [ [ -81.76665530555556, 26.086157472222222 ], [ -81.76436430555556, 26.086436333333332 ], [ -81.762084083333335, 26.086779694444445 ] ] } },
{ "type": "Feature", "properties": { "style": "solid", "thickness": 1 }, "geometry": { "type": "LineString", "coordinates": [ [ -81.78052225, 26.085850444444443 ], [ -81.778192722222215, 26.085737638888887 ], [ -81.77586041666666, 26.085691166666667 ] ] } },
{ "type": "Feature", "properties": { "style": "solid", "thickness": 1 }, "geometry": { "type": "LineString", "coordinates": [ [ -81.794229888888893, 26.087890527777777 ], [ -81.791980555555554, 26.087389833333333 ], [ -81.789715, 26.086952944444445 ] ] } },
{ "type": "Feature", "properties": { "style": "solid", "thickness": 1 }, "geometry": { "type": "LineString", "coordinates": [ [ -81.80715166666667, 26.0921555 ], [ -81.805062555555551, 26.091294888888889 ], [ -81.802944861111115, 26.090493222222221 ] ] } },
{ "type": "Feature", "properties": { "style": "solid", "thickness": 1 }, "geometry": { "type": "LineString", "coordinates": [ [ -81.819061333333323, 26.09856261111111 ], [ -81.817184527777769, 26.097364027777775 ], [ -81.815267444444444, 26.096218694444442 ] ] } },
{ "type": "Feature", "properties": { "style": "solid", "thickness": 1 }, "geometry": { "type": "LineString", "coordinates": [ [ -81.82936975, 26.106796055555556 ], [ -81.8277825, 26.10531475 ], [ -81.826145416666662, 26.103878333333334 ] ] } },
{ "type": "Feature", "properties": { "style": "solid", "thickness": 1 }, "geometry": { "type": "LineString", "coordinates": [ [ -81.837843305555552, 26.116655166666668 ], [ -81.836567111111108, 26.114904527777778 ], [ -81.83523075, 26.113190861111111 ] ] } },
{ "type": "Feature", "properties": { "style": "solid", "thickness": 1 }, "geometry": { "type": "LineString", "coordinates": [ [ -81.844181666666657, 26.127862416666666 ], [ -81.84328402777777, 26.125910888888889 ], [ -81.8423185, 26.123985972222222 ] ] } },
{ "type": "Feature", "properties": { "style": "solid", "thickness": 1 }, "geometry": { "type": "LineString", "coordinates": [ [ -81.848057194444436, 26.139837444444446 ], [ -81.847586583333324, 26.137807055555555 ], [ -81.847046388888884, 26.135790833333331 ] ] } },
{ "type": "Feature", "properties": { "style": "solid", "thickness": 1 }, "geometry": { "type": "LineString", "coordinates": [ [ -81.849398138888887, 26.152225833333333 ], [ -81.849352611111101, 26.150139388888888 ], [ -81.849234888888887, 26.14805525 ] ] } },
{ "type": "Feature", "properties": { "style": "solid", "thickness": 1 }, "geometry": { "type": "LineString", "coordinates": [ [ -81.848162416666668, 26.164654305555555 ], [ -81.848550833333334, 26.162578527777775 ], [ -81.848866583333333, 26.160492694444443 ] ] } },
{ "type": "Feature", "properties": { "style": "solid", "thickness": 1 }, "geometry": { "type": "LineString", "coordinates": [ [ -81.843476277777768, 26.178587305555556 ], [ -81.844417805555551, 26.176503777777778 ], [ -81.845281638888878, 26.174393027777779 ] ] } },
{ "type": "Feature", "properties": { "style": "solid", "thickness": 1 }, "geometry": { "type": "LineString", "coordinates": [ [ -81.834574944444441, 26.192550694444446 ], [ -81.835953583333335, 26.190842805555555 ], [ -81.837271916666666, 26.189096611111111 ] ] } },
{ "type": "Feature", "properties": { "style": "solid", "thickness": 1 }, "geometry": { "type": "LineString", "coordinates": [ [ -81.846607833333323, 26.52598888888889 ], [ -81.846284361111103, 26.523902777777778 ], [ -81.845902388888888, 26.521824694444444 ] ] } },
{ "type": "Feature", "properties": { "style": "solid", "thickness": 1 }, "geometry": { "type": "LineString", "coordinates": [ [ -81.992145833333339, 26.910181111111111 ], [ -81.98138769444445, 26.927458166666668 ] ] } },
{ "type": "Feature", "properties": { "style": "solid", "thickness": 1 }, "geometry": { "type": "LineString", "coordinates": [ [ -81.998157972222216, 26.92350875 ], [ -81.990069444444444, 26.923613888888891 ] ] } },
{ "type": "Feature", "properties": { "style": "solid", "thickness": 1 }, "geometry": { "type": "LineString", "coordinates": [ [ -81.999188305555563, 26.92367338888889 ], [ -81.989304666666669, 26.908824611111111 ] ] } },
{ "type": "Feature", "properties": { "style": "solid", "thickness": 1 }, "geometry": { "type": "LineString", "coordinates": [ [ -81.871094444444438, 26.580008222222222 ], [ -81.856559444444443, 26.5918325 ] ] } },
{ "type": "Feature", "properties": { "style": "solid", "thickness": 1 }, "geometry": { "type": "LineString", "coordinates": [ [ -81.868205, 26.5919075 ], [ -81.856776, 26.583137444444443 ] ] } },
{ "type": "Feature", "properties": { "style": "solid", "thickness": 1 }, "geometry": { "type": "LineString", "coordinates": [ [ -81.77001925, 26.52648522222222 ], [ -81.740287361111115, 26.545839888888892 ] ] } },
{ "type": "Feature", "properties": { "style": "solid", "thickness": 1 }, "geometry": { "type": "LineString", "coordinates": [ [ -81.782477777777771, 26.146211111111111 ], [ -81.768441666666661, 26.159222222222219 ] ] } },
{ "type": "Feature", "properties": { "style": "solid", "thickness": 1 }, "geometry": { "type": "LineString", "coordinates": [ [ -81.780254083333332, 26.157618638888888 ], [ -81.769329722222224, 26.148022888888889 ] ] } },
{ "type": "Feature", "properties": { "style": "solid", "thickness": 1 }, "geometry": { "type": "LineString", "coordinates": [ [ -81.780530861111117, 26.148607722222224 ], [ -81.776597361111115, 26.152256444444443 ] ] } },
{ "type": "Feature", "properties": { "style": "solid", "thickness": 1 }, "geometry": { "type": "LineString", "coordinates": [ [ -81.674149722222225, 26.001760861111112 ], [ -81.670908361111117, 25.988320027777778 ] ] } },
{ "type": "Feature", "properties": { "style": "solid", "thickness": 1 }, "geometry": { "type": "LineString", "coordinates": [ [ -81.804614861111105, 26.139690083333331 ], [ -81.80274713888889, 26.1268415 ], [ -81.79989375, 26.098769027777777 ], [ -81.783224777777775, 26.056203472222222 ], [ -81.75469019444445, 26.003360333333333 ], [ -81.750731583333334, 25.998589333333335 ], [ -81.748397583333329, 25.993268027777777 ], [ -81.74596291666667, 25.984735694444446 ], [ -81.7445435, 25.97666222222222 ], [ -81.744950916666667, 25.969689944444443 ], [ -81.74617008333334, 25.963084777777777 ], [ -81.742621444444438, 25.94794688888889 ], [ -81.738564416666662, 25.940606805555557 ], [ -81.73055425, 25.923174111111113 ], [ -81.726297055555563, 25.912897944444442 ], [ -81.724168305555551, 25.908860694444442 ], [ -81.720720416666666, 25.906382583333333 ], [ -81.71828575, 25.906840444444445 ], [ -81.714531111111114, 25.909958222222222 ], [ -81.71392, 25.915187222222222 ], [ -81.712194888888888, 25.916379166666665 ], [ -81.706919138888892, 25.917477861111113 ], [ -81.703772638888893, 25.920412166666669 ], [ -81.702859361111109, 25.920870444444446 ], [ -81.701845027777779, 25.92059475 ], [ -81.700932888888886, 25.919034722222225 ], [ -81.701543111111107, 25.916374527777776 ], [ -81.70306625, 25.9138065 ], [ -81.704386444444452, 25.91123836111111 ], [ -81.704691472222223, 25.909954138888889 ], [ -81.704387805555555, 25.908761361111111 ], [ -81.70317133333333, 25.907384694444442 ], [ -81.696984555555559, 25.905913833333333 ], [ -81.691912277777789, 25.906645111111111 ], [ -81.691099777777779, 25.908112527777778 ], [ -81.691504083333342, 25.9103145 ], [ -81.693628583333336, 25.91912277777778 ], [ -81.692712611111119, 25.923617583333336 ], [ -81.691492305555556, 25.92792875 ], [ -81.690578722222227, 25.928662166666669 ], [ -81.68834625, 25.929303111111111 ], [ -81.68367963888889, 25.928749916666668 ], [ -81.679112972222228, 25.930214972222224 ], [ -81.677895333333339, 25.930397666666668 ], [ -81.675461833333344, 25.928561277777778 ], [ -81.673333138888893, 25.926266333333334 ], [ -81.671914388888894, 25.924338805555557 ], [ -81.670699138888892, 25.921769222222224 ], [ -81.670497111111118, 25.920759944444445 ], [ -81.669788305555556, 25.919199833333334 ], [ -81.668267388888893, 25.918281361111113 ], [ -81.666238527777779, 25.918188166666667 ], [ -81.664513166666666, 25.919012583333334 ], [ -81.663193111111113, 25.920387694444447 ], [ -81.660962861111116, 25.918642944444446 ], [ -81.65984875, 25.916715527777779 ], [ -81.659546583333338, 25.914421777777775 ], [ -81.65954875, 25.91212825 ], [ -81.658839972222225, 25.91075161111111 ], [ -81.656811611111124, 25.910291305555553 ], [ -81.654071361111122, 25.911665222222222 ], [ -81.651533083333334, 25.913864916666665 ], [ -81.649299916666678, 25.915239166666666 ], [ -81.64118236111112, 25.91706688888889 ], [ -81.638643722222227, 25.919266333333333 ], [ -81.638032138888889, 25.921834527777779 ], [ -81.642085916666673, 25.925691333333333 ], [ -81.645738222222235, 25.925694555555555 ], [ -81.645736194444453, 25.927621111111112 ], [ -81.644820416666676, 25.930097305555556 ], [ -81.641468694444455, 25.933397 ], [ -81.628987638888887, 25.934577833333332 ], [ -81.622180638888878, 25.94172675 ], [ -81.620251444444435, 25.942733888888888 ], [ -81.618018916666657, 25.942915 ], [ -81.615281333333328, 25.941352444444444 ], [ -81.614371083333324, 25.939149666666665 ], [ -81.614783055555549, 25.934563083333334 ], [ -81.612654833333323, 25.932725916666669 ], [ -81.608193166666666, 25.930886083333334 ], [ -81.599979222222217, 25.928032527777781 ], [ -81.598153694444434, 25.927571638888889 ], [ -81.596428277777775, 25.92802825 ], [ -81.592465499999989, 25.931968222222224 ], [ -81.591246861111102, 25.932700611111112 ], [ -81.586986138888889, 25.932328222222225 ], [ -81.585466, 25.931225361111114 ], [ -81.584761472222212, 25.927646555555558 ], [ -81.588019833333334, 25.920128 ], [ -81.585993611111107, 25.918382333333334 ], [ -81.58427005555555, 25.91773788888889 ], [ -81.58142894444444, 25.918101111111113 ], [ -81.579397166666666, 25.919841472222224 ], [ -81.575640972222217, 25.921395972222225 ], [ -81.574524861111101, 25.921486194444444 ], [ -81.57300375, 25.921117138888889 ], [ -81.571686138888879, 25.920381361111112 ], [ -81.574438555555545, 25.912495472222222 ], [ -81.573631055555552, 25.910109083333332 ], [ -81.56907563888889, 25.90469 ], [ -81.565541416666662, 25.895602638888889 ], [ -81.564225472222219, 25.894132888888887 ], [ -81.563110277777781, 25.893856027777776 ], [ -81.561892666666665, 25.894129472222222 ], [ -81.560975555555558, 25.896513388888888 ], [ -81.562986277777782, 25.906516083333333 ], [ -81.562474, 25.909359277777778 ], [ -81.56115033333333, 25.912109583333333 ], [ -81.55718975, 25.914488944444443 ], [ -81.55262325, 25.915307694444444 ], [ -81.54977913888888, 25.917229861111114 ], [ -81.54805175, 25.91869502777778 ], [ -81.545107833333333, 25.91969952777778 ], [ -81.542674861111109, 25.91877825 ], [ -81.540043416666663, 25.915654805555555 ], [ -81.538733972222218, 25.910973916666666 ], [ -81.53935575, 25.904369583333331 ], [ -81.53915655555555, 25.902534444444441 ], [ -81.53581425, 25.900051944444442 ], [ -81.533379555555555, 25.900231388888887 ], [ -81.52921419444445, 25.903435305555554 ], [ -81.51965941666667, 25.912684583333331 ], [ -81.518643805555556, 25.913233222222221 ], [ -81.516513111111109, 25.913412916666665 ], [ -81.51590505555555, 25.913136583333333 ], [ -81.515299638888891, 25.911667666666666 ], [ -81.51581105555556, 25.909742 ], [ -81.52059075, 25.904154305555554 ], [ -81.521711833333327, 25.901679277777777 ], [ -81.521308472222216, 25.900577694444443 ], [ -81.519891, 25.899382555555555 ], [ -81.516341361111117, 25.899192777777778 ], [ -81.5100455, 25.902392277777775 ], [ -81.507812944444439, 25.902846861111108 ], [ -81.504875361111118, 25.901098333333334 ], [ -81.504272027777773, 25.898803666666666 ], [ -81.504280444444447, 25.895134055555555 ], [ -81.505505527777771, 25.891650222222221 ], [ -81.50561175, 25.889540388888889 ], [ -81.504501583333337, 25.887153055555554 ], [ -81.502375388888893, 25.885589444444445 ], [ -81.493758583333332, 25.884013305555555 ], [ -81.489193944444452, 25.884371277777777 ], [ -81.484931277777775, 25.885647138888888 ], [ -81.480163694444443, 25.886004416666665 ], [ -81.476814111111111, 25.887098416666667 ], [ -81.47447725, 25.888744888888887 ], [ -81.474251222222222, 25.89782675 ], [ -81.472823194444445, 25.900942944444441 ], [ -81.471706972222222, 25.901124083333332 ], [ -81.47049644444445, 25.898552777777777 ], [ -81.470113555555557, 25.889744861111112 ], [ -81.469714527777782, 25.88717525 ], [ -81.46708841666667, 25.883041333333335 ], [ -81.464762388888886, 25.880559333333334 ], [ -81.46213491666667, 25.8770675 ], [ -81.460319333333331, 25.873393916666668 ], [ -81.457092166666669, 25.8667815 ], [ -81.452737944444451, 25.864570027777781 ], [ -81.448272277777775, 25.866027777777781 ], [ -81.446954083333338, 25.866024777777778 ], [ -81.445132722222226, 25.8646445 ], [ -81.442904, 25.863905444444445 ], [ -81.440267111111112, 25.864082805555558 ], [ -81.437424777777778, 25.865177027777779 ], [ -81.435500833333336, 25.864255083333333 ], [ -81.433577444444452, 25.863149638888892 ], [ -81.432260083333333, 25.862871277777778 ], [ -81.424548361111121, 25.864687444444446 ], [ -81.421101888888899, 25.864312027777778 ], [ -81.412495166666673, 25.860345694444447 ], [ -81.410268722222227, 25.858963916666667 ], [ -81.407232361111113, 25.857213083333335 ], [ -81.403789083333336, 25.855919861111111 ] ] } },
{ "type": "Feature", "properties": { "style": "solid", "thickness": 1 }, "geometry": { "type": "LineString", "coordinates": [ [ -81.373423499999987, 25.84070072222222 ], [ -81.365141, 25.831961888888888 ], [ -81.360796333333326, 25.827912805555556 ], [ -81.356749527777765, 25.82569925 ], [ -81.348547, 25.82347325 ], [ -81.341549888888878, 25.82427786111111 ], [ -81.340132166666663, 25.823906583333333 ], [ -81.33862575, 25.820140638888887 ], [ -81.341792027777771, 25.813636722222224 ], [ -81.342107611111103, 25.810518527777777 ], [ -81.340501333333322, 25.806385361111111 ], [ -81.337478722222215, 25.801605638888891 ], [ -81.333968694444437, 25.791778694444446 ], [ -81.330337388888879, 25.787363916666667 ], [ -81.32639144444444, 25.785792 ], [ -81.323554916666666, 25.785599555555557 ], [ -81.310478666666668, 25.786750194444448 ], [ -81.308757888888891, 25.786285888888891 ], [ -81.308662777777769, 25.784726 ], [ -81.310189277777781, 25.783079666666666 ], [ -81.313131027777771, 25.782263583333332 ], [ -81.318705055555554, 25.782006305555555 ], [ -81.329962055555555, 25.779473138888889 ], [ -81.334513027777774, 25.78178075 ], [ -81.336842166666656, 25.78215486111111 ], [ -81.340703111111111, 25.77932275 ], [ -81.343646583333324, 25.777955555555554 ], [ -81.34709591666666, 25.776773333333331 ], [ -81.351455083333335, 25.776144138888888 ], [ -81.354493083333324, 25.776611833333334 ], [ -81.356717916666668, 25.77781097222222 ], [ -81.358945055555552, 25.778367916666667 ], [ -81.364127027777769, 25.774254611111111 ], [ -81.367577638888889, 25.772613194444443 ], [ -81.36980886111111, 25.771977361111109 ], [ -81.371839333333327, 25.7707905 ], [ -81.372250888888885, 25.768956861111111 ], [ -81.371850055555555, 25.767671388888889 ], [ -81.369322916666661, 25.766012916666668 ], [ -81.365878944444432, 25.765819638888889 ], [ -81.359892083333321, 25.768462805555554 ], [ -81.357663805555546, 25.768272833333331 ], [ -81.35584375, 25.767258361111111 ], [ -81.353623111111105, 25.764958361111113 ], [ -81.353429749999989, 25.762389083333332 ], [ -81.3528285, 25.760552527777779 ], [ -81.350804666666662, 25.759904361111111 ], [ -81.348873166666664, 25.761733388888889 ], [ -81.348156638888881, 25.7637495 ], [ -81.347845694444445, 25.765675111111111 ], [ -81.34733677777777, 25.76631575 ], [ -81.345106888888878, 25.766584277777778 ], [ -81.342273166666658, 25.765750055555557 ], [ -81.338538305555545, 25.76206911111111 ], [ -81.335811222222219, 25.759859 ], [ -81.33187241666667, 25.756635972222224 ], [ -81.33126875, 25.755533222222223 ], [ -81.330971472222217, 25.75378925 ], [ -81.331894305555551, 25.750856472222221 ], [ -81.334345166666665, 25.745634916666667 ], [ -81.334661805555555, 25.742241555555555 ], [ -81.335274722222223, 25.740867361111111 ], [ -81.33659461111111, 25.74004577777778 ], [ -81.338014722222212, 25.739499694444444 ], [ -81.339234972222215, 25.738219083333334 ], [ -81.338635777777768, 25.735923777777778 ], [ -81.337322138888879, 25.735094083333333 ], [ -81.334486861111102, 25.734901888888889 ], [ -81.332864916666665, 25.735263833333335 ], [ -81.3306335, 25.736082555555555 ], [ -81.330238805555553, 25.733329166666664 ], [ -81.329639833333331, 25.731033805555555 ], [ -81.331175416666667, 25.726726861111111 ], [ -81.332090027777781, 25.725904055555553 ], [ -81.337351972222223, 25.727112916666666 ], [ -81.339684805555549, 25.726202666666666 ], [ -81.341412972222216, 25.724464888888889 ], [ -81.341426555555557, 25.720795361111108 ], [ -81.339502027777769, 25.72088125 ], [ -81.3359685, 25.717934777777778 ], [ -81.332228777777772, 25.715996722222222 ], [ -81.328484638888881, 25.715251138888888 ], [ -81.324028166666665, 25.715420583333334 ], [ -81.321392, 25.716237888888887 ], [ -81.319169083333335, 25.714946444444443 ], [ -81.316749083333335, 25.712278277777777 ], [ -81.315242361111103, 25.709154305555554 ], [ -81.315151916666665, 25.706401861111111 ], [ -81.314349777777778, 25.704381027777778 ], [ -81.311723972222225, 25.7026295 ], [ -81.308080194444443, 25.702250638888888 ], [ -81.305656305555559, 25.700683138888888 ], [ -81.303442, 25.69737325 ], [ -81.301729638888887, 25.695165833333334 ], [ -81.29809922222222, 25.691575944444445 ], [ -81.293053888888892, 25.68743075 ], [ -81.289519138888892, 25.68530875 ], [ -81.286292055555549, 25.682270361111112 ], [ -81.283780361111113, 25.677674805555558 ], [ -81.282278861111109, 25.673633138888889 ], [ -81.280179777777775, 25.667295944444447 ], [ -81.279188138888884, 25.662430388888886 ], [ -81.279018388888886, 25.654723833333332 ], [ -81.278324305555557, 25.651327111111108 ], [ -81.278436416666665, 25.648758833333332 ] ] } },
{ "type": "Feature", "properties": { "style": "solid", "thickness": 1 }, "geometry": { "type": "LineString", "coordinates": [ [ -82.212827611111109, 26.59176861111111 ], [ -82.21279775, 26.591373777777775 ], [ -82.210437638888891, 26.587986694444442 ], [ -82.206441555555557, 26.58368725 ], [ -82.205005, 26.581581611111112 ], [ -82.2032425, 26.574247666666665 ], [ -82.2020015, 26.569847861111111 ], [ -82.196546166666664, 26.557020555555557 ], [ -82.193983888888894, 26.553817305555555 ], [ -82.191927055555553, 26.549328111111112 ], [ -82.188642666666667, 26.543833361111112 ], [ -82.180960527777785, 26.534956944444446 ], [ -82.179010166666671, 26.531476416666667 ], [ -82.180328416666669, 26.5293625 ], [ -82.181653944444449, 26.529266888888888 ], [ -82.184312944444443, 26.531277444444445 ], [ -82.18923275, 26.537868333333336 ], [ -82.190765722222224, 26.538689472222224 ], [ -82.191784666666663, 26.538411194444446 ], [ -82.192088972222223, 26.537951555555559 ], [ -82.1917755, 26.535934166666667 ], [ -82.189311138888897, 26.531446138888889 ], [ -82.187562861111118, 26.527506416666665 ], [ -82.186829833333334, 26.52227925 ], [ -82.186695333333333, 26.51338063888889 ], [ -82.183702472222222, 26.503573 ], [ -82.179470527777781, 26.4892735 ], [ -82.17382775, 26.479289833333333 ], [ -82.17188080555556, 26.476451388888886 ], [ -82.170759138888897, 26.476362833333333 ], [ -82.16994425, 26.476548638888886 ], [ -82.169540666666677, 26.477742444444441 ], [ -82.171276888888897, 26.478654916666667 ], [ -82.172002138888899, 26.481955611111111 ], [ -82.172724194444456, 26.484338861111112 ], [ -82.17273358333334, 26.486999361111113 ], [ -82.172538083333336, 26.489385222222221 ], [ -82.169986388888887, 26.488566805555557 ], [ -82.165084138888901, 26.486103611111112 ], [ -82.162834611111123, 26.484183305555558 ], [ -82.160788722222222, 26.482170638888888 ], [ -82.158019027777783, 26.47713247222222 ], [ -82.156277305555562, 26.474568444444444 ], [ -82.153821194444447, 26.471731138888888 ], [ -82.145047694444457, 26.46964472222222 ], [ -82.143006888888891, 26.469007944444442 ], [ -82.140250805555567, 26.467822555555554 ], [ -82.138206805555569, 26.466176555555556 ], [ -82.136774444444455, 26.464528916666666 ], [ -82.134526111111114, 26.462699888888888 ], [ -82.133201027777773, 26.462703333333334 ], [ -82.132488694444433, 26.463072138888887 ], [ -82.13127019444444, 26.464543138888889 ], [ -82.13137475, 26.465368555555553 ], [ -82.13239697222221, 26.46628336111111 ], [ -82.133215638888885, 26.467290416666664 ], [ -82.134347166666672, 26.4704985 ], [ -82.133942638888897, 26.471508722222222 ], [ -82.132722333333334, 26.472429277777778 ], [ -82.130378361111099, 26.472618805555555 ], [ -82.127721638888886, 26.47060722222222 ], [ -82.125060749999989, 26.4672195 ], [ -82.123017527777776, 26.46575675 ], [ -82.118728555555549, 26.463198638888887 ], [ -82.116282805555556, 26.463388166666665 ], [ -82.114342555555552, 26.462200277777779 ], [ -82.114231749999988, 26.459264777777776 ], [ -82.115440694444445, 26.454582944444443 ], [ -82.115332638888887, 26.45256486111111 ], [ -82.107057611111102, 26.445979472222223 ], [ -82.103998861111108, 26.44552802777778 ], [ -82.102674527777779, 26.445714666666667 ], [ -82.100944111111104, 26.446452694444446 ], [ -82.10074613888888, 26.4484715 ], [ -82.100651666666664, 26.4510405 ], [ -82.0995335, 26.452052305555554 ], [ -82.098414222222218, 26.45269711111111 ], [ -82.096072166666659, 26.4534365 ], [ -82.092811222222224, 26.453627527777776 ], [ -82.09097638888889, 26.45353997222222 ], [ -82.088730027777771, 26.452077194444445 ], [ -82.087808166666662, 26.450427916666666 ], [ -82.087908555555558, 26.44987725 ], [ -82.088920777777773, 26.44739788888889 ], [ -82.089523277777772, 26.44418552777778 ], [ -82.08870258333333, 26.442260805555556 ], [ -82.084723777777768, 26.440710138888889 ], [ -82.079323555555547, 26.441089083333335 ], [ -82.075353777777778, 26.442840861111112 ], [ -82.073624444444434, 26.444037277777777 ], [ -82.07108488888889, 26.447161972222222 ], [ -82.070478722222219, 26.449181611111111 ], [ -82.07038575, 26.452576305555557 ], [ -82.069777361111107, 26.45377025 ], [ -82.068659361111102, 26.454965277777777 ], [ -82.067130055555552, 26.454785027777778 ], [ -82.064987555555547, 26.453963861111109 ], [ -82.060701027777782, 26.451679222222221 ], [ -82.058051138888885, 26.451684694444445 ], [ -82.056014138888884, 26.452239305555555 ], [ -82.053780361111109, 26.455638305555556 ], [ -82.053377916666662, 26.457749194444443 ], [ -82.05399222222222, 26.458848861111111 ], [ -82.056649194444446, 26.46159575 ], [ -82.05838475, 26.462693111111111 ], [ -82.059611888888881, 26.464250222222223 ], [ -82.059825083333337, 26.467919472222221 ], [ -82.058500166666661, 26.468013944444444 ], [ -82.056867833333328, 26.467466833333333 ], [ -82.054622111111115, 26.466187 ], [ -82.051966194444447, 26.463898777777779 ], [ -82.050432722222226, 26.462067 ], [ -82.047775888888893, 26.45932 ], [ -82.0445085, 26.45694111111111 ], [ -82.03716030555556, 26.452826861111109 ], [ -82.034711638888894, 26.451730583333333 ], [ -82.031040027777777, 26.450636555555555 ], [ -82.027880361111116, 26.450550638888888 ], [ -82.0240085, 26.451016416666665 ], [ -82.016775861111114, 26.452680666666666 ], [ -82.013107722222216, 26.453145777777777 ], [ -82.010967194444447, 26.453057722222223 ], [ -82.008412638888885, 26.449942833333335 ], [ -82.01054805555556, 26.44764563888889 ], [ -82.013702527777781, 26.445346638888889 ], [ -82.019505166666661, 26.442400666666668 ], [ -82.028976611111105, 26.43963125 ], [ -82.033353805555549, 26.437513027777779 ], [ -82.037323638888893, 26.435578944444444 ], [ -82.044854388888893, 26.43134425 ], [ -82.051771416666668, 26.426376444444447 ], [ -82.055231305555552, 26.424534611111113 ], [ -82.060933666666671, 26.423055027777778 ], [ -82.063277694444437, 26.423233638888892 ], [ -82.067757416666666, 26.421848083333334 ], [ -82.071726361111104, 26.42000475 ], [ -82.074170055555555, 26.419357305555558 ], [ -82.0763095, 26.419260916666669 ], [ -82.081706916666661, 26.418239861111111 ], [ -82.08567983333333, 26.417955777777777 ], [ -82.087921388888887, 26.417950722222223 ], [ -82.092202555555545, 26.418583194444444 ], [ -82.095160222222219, 26.419585555555557 ], [ -82.101282166666664, 26.42250702777778 ], [ -82.104546, 26.423600222222223 ], [ -82.108934805555549, 26.42606675 ], [ -82.117087888888889, 26.426505583333334 ], [ -82.120863416666666, 26.428239333333334 ], [ -82.123925777777771, 26.42997477777778 ], [ -82.124744666666658, 26.431165388888889 ], [ -82.129646611111099, 26.434547416666668 ], [ -82.13496291666668, 26.439946555555554 ], [ -82.143750194444451, 26.446987694444445 ], [ -82.158859222222233, 26.454469666666665 ], [ -82.17693530555556, 26.464510305555557 ], [ -82.181739916666672, 26.468349527777775 ], [ -82.183896166666671, 26.472655138888886 ], [ -82.188347444444446, 26.491174027777777 ], [ -82.18877950000001, 26.497778194444447 ], [ -82.190839361111117, 26.503368361111111 ], [ -82.195823055555564, 26.527298194444445 ], [ -82.197786944444445, 26.534264694444445 ], [ -82.199776666666665, 26.54802 ], [ -82.20174775000001, 26.5567295 ], [ -82.203605611111115, 26.562411805555556 ], [ -82.206584833333338, 26.567815416666665 ], [ -82.214690027777777, 26.579441333333332 ], [ -82.222289027777776, 26.590500638888887 ] ] } },
{ "type": "Feature", "properties": { "style": "solid", "thickness": 1 }, "geometry": { "type": "LineString", "coordinates": [ [ -81.946296583333336, 26.550217194444446 ], [ -81.945484777777779, 26.552970472222224 ], [ -81.944059888888887, 26.555082305555555 ], [ -81.942023, 26.55728663888889 ], [ -81.936521305555559, 26.562063861111113 ], [ -81.934075527777779, 26.563901583333333 ], [ -81.92979825, 26.569227555555557 ], [ -81.926039166666669, 26.5806995 ], [ -81.92604713888889, 26.58647922222222 ], [ -81.92534091666667, 26.592351472222219 ], [ -81.924018583333336, 26.595472138888887 ], [ -81.918210527777788, 26.602083805555559 ], [ -81.914133194444446, 26.605849444444445 ], [ -81.913217944444455, 26.608419166666668 ], [ -81.913221194444446, 26.610987916666669 ], [ -81.914347611111111, 26.613922472222225 ], [ -81.9143526388889, 26.617867361111113 ], [ -81.913141083333343, 26.628327111111112 ], [ -81.912227472222227, 26.632364638888891 ], [ -81.910292055555558, 26.635669277777776 ], [ -81.900296777777783, 26.643385194444445 ], [ -81.896523555555561, 26.647058305555554 ], [ -81.8931615, 26.653483194444444 ], [ -81.894085722222229, 26.658344638888888 ], [ -81.897358944444449, 26.663570916666664 ], [ -81.897973666666672, 26.665405194444443 ], [ -81.89787375, 26.667331833333336 ], [ -81.896955361111111, 26.667883111111113 ], [ -81.894912416666671, 26.66724277777778 ], [ -81.89245825, 26.664034027777777 ], [ -81.888370527777781, 26.660826611111109 ], [ -81.886021722222225, 26.66046161111111 ], [ -81.883062055555556, 26.661840166666664 ], [ -81.881124388888878, 26.66422697222222 ], [ -81.876023361111109, 26.668909722222224 ], [ -81.87296325, 26.672489916666667 ], [ -81.87020725, 26.673776305555556 ], [ -81.860712555555551, 26.676535027777778 ], [ -81.852035277777773, 26.68048527777778 ], [ -81.849994444444434, 26.682779972222225 ], [ -81.848566444444444, 26.685257805555555 ], [ -81.847955, 26.687184694444444 ], [ -81.845913472222222, 26.688745416666666 ], [ -81.842748277777773, 26.690031472222223 ], [ -81.836825166666657, 26.69095188888889 ], [ -81.830902138888888, 26.69214725 ], [ -81.824979166666665, 26.693709333333334 ], [ -81.819566888888886, 26.695729666666669 ], [ -81.814563305555552, 26.698483611111111 ], [ -81.810171972222221, 26.700319777777779 ], [ -81.804656694444446, 26.701330444444444 ], [ -81.79873244444444, 26.701331861111111 ], [ -81.796791722222224, 26.701148777777778 ], [ -81.790663222222221, 26.701241611111111 ], [ -81.785862611111114, 26.70160925 ], [ -81.779121305555549, 26.702252111111111 ], [ -81.77472922222222, 26.703353277777776 ], [ -81.771256361111114, 26.704821222222222 ], [ -81.769315638888884, 26.706747805555555 ], [ -81.765842527777778, 26.712619166666666 ], [ -81.763288638888895, 26.71454563888889 ], [ -81.757772083333336, 26.717297555555554 ], [ -81.753890055555559, 26.718031138888886 ], [ -81.7528685, 26.717939277777777 ], [ -81.744083444444442, 26.715828027777778 ], [ -81.7408145, 26.715827416666666 ], [ -81.738566888888883, 26.716560888888889 ], [ -81.736727777777773, 26.717753111111108 ], [ -81.732232083333329, 26.720320777777776 ], [ -81.716192694444445, 26.721233194444444 ], [ -81.710471388888891, 26.721964888888888 ], [ -81.702910888888894, 26.7230625 ], [ -81.696781, 26.7234265 ], [ -81.687484861111116, 26.722595833333333 ], [ -81.66613683333334, 26.718545472222221 ], [ -81.6407005, 26.717790944444442 ], [ -81.634061083333336, 26.717142638888888 ], [ -81.626094638888887, 26.71575875 ], [ -81.61863805555555, 26.715200638888888 ], [ -81.611694444444439, 26.713083111111111 ], [ -81.603625861111112, 26.712064805555556 ], [ -81.593614194444442, 26.712603277777777 ], [ -81.587990638888883, 26.715898888888887 ], [ -81.582061472222222, 26.718459944444444 ], [ -81.576953, 26.718820111111111 ], [ -81.573891083333336, 26.717164611111109 ], [ -81.56981025, 26.714039777777778 ], [ -81.56317475, 26.711553333333331 ], [ -81.558884916666671, 26.711271833333331 ], [ -81.541103777777778, 26.714730583333331 ], [ -81.526382555555557, 26.719935444444442 ], [ -81.520652555555557, 26.724145583333332 ], [ -81.51870266666667, 26.72817875 ], [ -81.514382138888891, 26.741473388888888 ], [ -81.510185, 26.744951944444445 ], [ -81.505685888888891, 26.746319777777778 ], [ -81.493943777777773, 26.742627944444447 ], [ -81.487915916666665, 26.742340916666667 ], [ -81.479535666666663, 26.742966277777779 ], [ -81.473403027777778, 26.743687583333333 ], [ -81.468287083333337, 26.746337305555556 ], [ -81.463575444444444, 26.750547305555557 ], [ -81.458244638888885, 26.756865805555556 ], [ -81.45363288888889, 26.761626138888889 ], [ -81.447795638888891, 26.765924833333333 ], [ -81.440120166666674, 26.769576861111108 ], [ -81.436542805555561, 26.769660277777778 ], [ -81.430925722222227, 26.768270944444442 ], [ -81.427047277777788, 26.766518583333333 ], [ -81.42112525, 26.764669416666667 ], [ -81.407529722222222, 26.76564461111111 ], [ -81.39473683333334, 26.77111588888889 ], [ -81.380916, 26.777959305555555 ], [ -81.37569383333333, 26.78069713888889 ], [ -81.370364416666661, 26.784810555555556 ], [ -81.364216194444438, 26.789104944444446 ], [ -81.35592444444444, 26.792383722222223 ], [ -81.348866027777774, 26.793739111111112 ], [ -81.341300083333323, 26.7940835 ], [ -81.329033166666662, 26.794046027777778 ], [ -81.314529722222218, 26.790881222222225 ], [ -81.310239, 26.79022525 ], [ -81.304410555555549, 26.790665 ], [ -81.2960235, 26.791829944444448 ], [ -81.288659277777782, 26.792814361111112 ], [ -81.269745611111105, 26.793299583333336 ], [ -81.260751194444438, 26.792992444444447 ], [ -81.252068861111113, 26.791493277777779 ], [ -81.244307583333338, 26.789813472222225 ], [ -81.227646583333339, 26.789567472222224 ], [ -81.219068944444444, 26.787699694444445 ], [ -81.207838, 26.784995305555558 ], [ -81.199869277777779, 26.784137916666669 ], [ -81.185559666666677, 26.783988083333334 ], [ -81.178913333333341, 26.784419333333336 ], [ -81.167884722222226, 26.782354777777776 ], [ -81.117405861111109, 26.797544472222224 ], [ -81.084243333333333, 26.838396277777775 ], [ -81.119053055555554, 26.885438666666666 ], [ -81.115946777777779, 26.927715944444447 ] ] } },
{ "type": "Feature", "properties": { "style": "solid", "thickness": 1 }, "geometry": { "type": "LineString", "coordinates": [ [ -80.85590475, 27.11709736111111 ], [ -80.856254888888884, 27.111778944444445 ], [ -80.85784527777777, 27.105184166666668 ], [ -80.863051277777771, 27.095034694444443 ], [ -80.869091416666663, 27.082963861111111 ], [ -80.871582749999988, 27.078943194444445 ], [ -80.877176833333323, 27.0712725 ], [ -80.878935305555544, 27.069173583333335 ], [ -80.881517027777775, 27.066621083333334 ], [ -80.883574194444449, 27.065624777777778 ], [ -80.88490769444445, 27.065449611111113 ], [ -80.886129472222223, 27.066466305555558 ], [ -80.88578725, 27.07095925 ], [ -80.883905027777786, 27.075809611111112 ], [ -80.880559361111111, 27.084320222222221 ], [ -80.881269583333321, 27.085242027777777 ], [ -80.883317833333322, 27.08543825 ], [ -80.886506916666676, 27.083898555555553 ], [ -80.89012986111112, 27.079242416666666 ], [ -80.900491583333334, 27.064353027777777 ], [ -80.9043168888889, 27.059881222222224 ], [ -80.909072277777781, 27.054314111111111 ], [ -80.911960361111113, 27.051762916666668 ], [ -80.915559277777788, 27.050041555555556 ], [ -80.918841166666667, 27.0496025 ], [ -80.920899055555566, 27.048422222222225 ], [ -80.925891277777779, 27.038360833333336 ], [ -80.928473972222221, 27.03544052777778 ], [ -80.930948, 27.033345166666667 ], [ -80.93392675, 27.03226186111111 ], [ -80.937311166666674, 27.03173125 ], [ -80.94210836111111, 27.03414438888889 ], [ -80.945275305555555, 27.035355333333335 ], [ -80.947221, 27.035458333333334 ], [ -80.95040516666667, 27.034284111111113 ], [ -80.953893972222218, 27.033478527777781 ], [ -80.956762888888889, 27.033403194444446 ], [ -80.959530638888893, 27.03314375 ], [ -80.962301638888889, 27.032425611111112 ], [ -80.964372361111117, 27.029318277777776 ], [ -80.964582416666673, 27.028585555555555 ], [ -80.962339916666664, 27.027013333333333 ], [ -80.959895861111107, 27.02498125 ], [ -80.958277833333341, 27.022036444444442 ], [ -80.958710361111116, 27.018828111111109 ], [ -80.961194527777778, 27.01517275 ], [ -80.964287861111117, 27.012254694444444 ], [ -80.964818055555554, 27.009689027777778 ], [ -80.964528916666666, 27.00711875 ], [ -80.965677416666665, 27.004006166666667 ], [ -80.969393805555555, 26.999807194444447 ], [ -80.972281694444447, 26.996887805555556 ], [ -80.974539694444445, 26.996166527777778 ], [ -80.978934194444449, 26.997475333333334 ], [ -80.981259111111115, 27.001891638888889 ], [ -80.982679583333336, 27.003825972222224 ], [ -80.985846138888888, 27.005036055555557 ], [ -80.993522055555559, 27.005812 ], [ -80.999566888888893, 27.00547788888889 ], [ -81.003670138888893, 27.004490916666665 ], [ -81.00674925, 27.003498333333333 ], [ -81.013197472222217, 27.004083166666668 ], [ -81.018524694444437, 27.003836166666666 ], [ -81.029079583333328, 27.002882361111112 ], [ -81.033994083333326, 27.003091333333334 ], [ -81.039327666666665, 27.001834472222221 ], [ -81.0438465, 26.99983936111111 ], [ -81.049484722222218, 26.998950638888889 ], [ -81.052563833333338, 26.997865333333333 ], [ -81.057993055555556, 26.997617361111111 ], [ -81.06128141666666, 26.995799027777778 ], [ -81.064895, 26.991046611111113 ], [ -81.067668805555556, 26.989592527777777 ], [ -81.070023972222216, 26.989604111111113 ], [ -81.0715465, 26.99181327777778 ], [ -81.074511111111107, 26.992653444444446 ], [ -81.076778388888883, 26.990279305555557 ], [ -81.07966827777777, 26.986532111111114 ], [ -81.084012416666667, 26.979305861111108 ], [ -81.085970972222214, 26.977113583333331 ], [ -81.087822722222214, 26.975654666666664 ], [ -81.090285972222219, 26.974657333333333 ], [ -81.093666333333331, 26.97439822222222 ], [ -81.095816416666665, 26.974408416666666 ], [ -81.098686972222211, 26.973779805555555 ], [ -81.101143666666658, 26.97388311111111 ], [ -81.10227525, 26.972971027777778 ], [ -81.103007444444444, 26.970314083333331 ], [ -81.101695805555551, 26.967005361111109 ], [ -81.098527444444443, 26.966073083333331 ], [ -81.090532194444435, 26.967686444444443 ], [ -81.087875277777769, 26.966848111111108 ], [ -81.085324055555546, 26.965459805555554 ], [ -81.083708055555547, 26.9617825 ], [ -81.084236972222214, 26.958941166666666 ], [ -81.08650175, 26.956842111111111 ], [ -81.093797083333328, 26.952290027777778 ], [ -81.10273875, 26.946185777777778 ], [ -81.104897888888885, 26.944544583333332 ], [ -81.109638694444442, 26.93897063888889 ], [ -81.113860444444441, 26.934586722222221 ], [ -81.11714925, 26.932216638888889 ], [ -81.118180555555554, 26.930845305555557 ], [ -81.118804555555542, 26.92910513888889 ], [ -81.118602472222221, 26.928645527777778 ], [ -81.115640277777771, 26.927622805555558 ], [ -81.112560472222214, 26.929259916666666 ], [ -81.105661833333329, 26.936383472222222 ], [ -81.102363583333329, 26.940312777777777 ], [ -81.099379166666665, 26.943050888888891 ], [ -81.09506283333333, 26.945966111111112 ], [ -81.085311777777775, 26.95041472222222 ], [ -81.070040527777778, 26.953459555555554 ], [ -81.066656222222221, 26.954452 ], [ -81.063482861111112, 26.954436277777777 ], [ -81.059625972222221, 26.949096277777777 ], [ -81.059561222222214, 26.94304125 ], [ -81.057446027777772, 26.937526361111111 ], [ -81.058085277777778, 26.933493083333335 ], [ -81.061714611111114, 26.925896888888889 ], [ -81.062452583333325, 26.9224145 ], [ -81.062565694444444, 26.92067202777778 ], [ -81.061762333333334, 26.918191083333333 ], [ -81.060640083333325, 26.917635055555557 ], [ -81.057468861111104, 26.91743575 ], [ -81.053880305555552, 26.918518583333334 ], [ -81.051012611111105, 26.918871083333336 ], [ -81.047943722222215, 26.918672083333334 ], [ -81.045904, 26.917560861111113 ], [ -81.0452115, 26.913796027777778 ], [ -81.044305666666659, 26.911406194444442 ], [ -81.042989972222216, 26.909106027777778 ], [ -81.041365027777772, 26.907171194444444 ], [ -81.041170888888885, 26.905518888888889 ], [ -81.041711722222217, 26.900934722222221 ], [ -81.041647944444449, 26.894879611111111 ], [ -81.040331333333327, 26.892762861111109 ], [ -81.039198277777771, 26.893949638888888 ], [ -81.038174, 26.894127861111112 ], [ -81.035625, 26.89273863888889 ], [ -81.031460444444448, 26.888038388888887 ], [ -81.031281888888884, 26.884000916666665 ], [ -81.030586527777771, 26.880786416666666 ], [ -81.02947011111111, 26.87940452777778 ], [ -81.027218944444442, 26.879484527777777 ], [ -81.017180888888888, 26.881358305555555 ], [ -81.00948147222222, 26.88535388888889 ], [ -81.005894666666663, 26.886252055555556 ], [ -80.99637530555556, 26.886934527777779 ], [ -80.993913111111112, 26.88793025 ], [ -80.98804772222222, 26.892852055555554 ], [ -80.988740111111113, 26.896341944444444 ], [ -80.99036775, 26.897726972222223 ], [ -80.993118444444448, 26.899485055555555 ], [ -80.994946472222225, 26.901513305555554 ], [ -80.995956638888885, 26.90344533333333 ], [ -80.995416444444444, 26.907662388888888 ], [ -80.994377638888892, 26.909950194444441 ], [ -80.995074666666667, 26.912797916666666 ], [ -81.002579916666662, 26.922838138888888 ], [ -81.004602138888885, 26.926518583333333 ], [ -81.005616972222228, 26.927808388888891 ], [ -81.004379027777773, 26.929269555555557 ], [ -81.002633638888895, 26.93008577777778 ], [ -81.00067425, 26.932276944444446 ], [ -81.000354861111106, 26.93411 ], [ -81.000440555555556, 26.936587388888888 ], [ -81.00175322222222, 26.939254916666666 ], [ -81.003085055555559, 26.93907861111111 ], [ -81.003807055555555, 26.93825686111111 ], [ -81.004427916666671, 26.937251055555556 ], [ -81.006068611111118, 26.936801194444445 ], [ -81.007397944444449, 26.936991805555557 ], [ -81.008712027777776, 26.939475777777776 ], [ -81.0095095, 26.94269088888889 ], [ -81.010581166666668, 26.950861333333332 ], [ -81.010355722222229, 26.953979222222223 ], [ -81.009823138888891, 26.957095472222221 ], [ -81.008256444444442, 26.96176575 ], [ -81.008221583333338, 26.966994638888888 ], [ -81.00604772222222, 26.970560777777777 ], [ -81.003076833333338, 26.97082 ], [ -81.000315611111105, 26.970346416666665 ], [ -80.999098194444443, 26.968688555555556 ], [ -80.999006944444446, 26.967036777777775 ], [ -80.999431305555561, 26.964837361111112 ], [ -81.000370611111109, 26.962182027777779 ], [ -81.00038541666666, 26.959980388888887 ], [ -80.998862833333334, 26.958045638888887 ], [ -80.995807277777786, 26.955735611111109 ], [ -80.992947833333332, 26.954710888888886 ], [ -80.990398666666664, 26.953229138888886 ], [ -80.989280805555552, 26.952030416666666 ], [ -80.988682277777784, 26.949733666666667 ], [ -80.98821816666667, 26.942759 ], [ -80.985886, 26.939535333333332 ], [ -80.983041583333332, 26.9364005 ], [ -80.980813305555557, 26.932993833333335 ], [ -80.979605416666672, 26.9300515 ], [ -80.978818388888897, 26.925460166666667 ], [ -80.978740833333333, 26.921881916666667 ], [ -80.973180027777786, 26.912126555555552 ], [ -80.969332666666674, 26.906233638888889 ], [ -80.96132308333334, 26.895730027777777 ], [ -80.953951055555564, 26.882110472222223 ], [ -80.952072944444453, 26.872925694444444 ], [ -80.951777944444444, 26.856961222222225 ], [ -80.95042622222222, 26.845761138888889 ], [ -80.943944333333334, 26.822788472222221 ], [ -80.937699694444447, 26.809724861111111 ], [ -80.924897194444455, 26.785062666666668 ], [ -80.923831166666673, 26.777166555555553 ], [ -80.921520527777787, 26.771740027777778 ], [ -80.919483972222224, 26.770718694444444 ], [ -80.917134694444442, 26.770521111111112 ], [ -80.914576222222223, 26.770964444444445 ], [ -80.907738388888887, 26.769638722222222 ], [ -80.903955555555555, 26.769799194444442 ], [ -80.895049388888893, 26.771671222222221 ], [ -80.891053611111118, 26.772930944444443 ], [ -80.883692833333342, 26.773160416666666 ], [ -80.881958944444435, 26.772690888888889 ], [ -80.881046944444435, 26.771676027777776 ], [ -80.88126275, 26.7702095 ], [ -80.883656694444454, 26.764628222222221 ], [ -80.884622583333339, 26.758671027777776 ], [ -80.883856194444448, 26.752060805555555 ], [ -80.882339777777773, 26.749941277777779 ], [ -80.878572583333323, 26.748174583333334 ], [ -80.876116666666661, 26.748617861111111 ], [ -80.87008722222221, 26.74867152777778 ], [ -80.863464305555553, 26.74624411111111 ], [ -80.85666, 26.740971222222225 ], [ -80.850976499999987, 26.736163944444446 ], [ -80.841446138888884, 26.727019444444444 ], [ -80.831423083333334, 26.715852694444443 ], [ -80.82218875, 26.708360166666665 ], [ -80.81597547222222, 26.706208472222222 ], [ -80.812084055555559, 26.707374916666666 ], [ -80.809922083333333, 26.709378666666666 ], [ -80.80947888888889, 26.713504083333333 ], [ -80.81086363888889, 26.718926277777776 ], [ -80.811421277777768, 26.725535527777776 ], [ -80.810572472222219, 26.72929125 ], [ -80.80871194444444, 26.731847444444444 ], [ -80.803890777777781, 26.734108305555555 ], [ -80.800829611111112, 26.733628722222225 ], [ -80.798084333333335, 26.73205033333333 ], [ -80.796059722222225, 26.729834638888889 ], [ -80.794355777777781, 26.72596975 ], [ -80.794174916666663, 26.72321622222222 ], [ -80.79464605555556, 26.715880027777779 ], [ -80.795496861111104, 26.711940916666666 ], [ -80.795216166666663, 26.708911472222223 ], [ -80.793090694444444, 26.706603277777777 ], [ -80.791465, 26.705582916666668 ], [ -80.788203527777782, 26.704734694444443 ], [ -80.783503416666662, 26.704885611111109 ], [ -80.779523833333329, 26.704399166666665 ], [ -80.774414361111113, 26.704638666666664 ], [ -80.768800583333331, 26.704140472222221 ], [ -80.766457777777774, 26.703389972222222 ], [ -80.76565191666667, 26.702099861111112 ], [ -80.764658694444449, 26.698881833333335 ], [ -80.763246527777781, 26.696853472222223 ], [ -80.75867236111111, 26.694343861111111 ], [ -80.752983888888892, 26.690816972222223 ], [ -80.751045083333338, 26.690619583333334 ], [ -80.747877444444441, 26.690780305555556 ], [ -80.745208111111111, 26.692320694444444 ], [ -80.742346, 26.692575222222221 ], [ -80.738773888888886, 26.692274083333334 ], [ -80.734789972222217, 26.692336833333332 ], [ -80.731007, 26.692767888888888 ], [ -80.727626638888893, 26.693844027777779 ], [ -80.725469333333336, 26.695204333333333 ], [ -80.724128194444447, 26.696662333333332 ], [ -80.723700361111113, 26.698769305555555 ], [ -80.725387305555557, 26.704194583333333 ], [ -80.725209833333338, 26.712450194444443 ], [ -80.725260083333339, 26.718138638888888 ], [ -80.725734861111107, 26.722087083333331 ], [ -80.72816075, 26.724948972222222 ], [ -80.735364333333337, 26.730506222222221 ], [ -80.737384472222217, 26.73308975 ], [ -80.739491972222226, 26.737325222222225 ], [ -80.739551194444445, 26.742096305555556 ], [ -80.74042375, 26.747331972222224 ], [ -80.7403635, 26.75402875 ], [ -80.741911944444439, 26.763672972222221 ], [ -80.740872666666661, 26.765592027777778 ], [ -80.73953175, 26.766958444444445 ], [ -80.737479527777779, 26.76786097222222 ], [ -80.7361385, 26.76922736111111 ], [ -80.733851083333334, 26.773522583333332 ], [ -80.731571805555561, 26.776900416666667 ], [ -80.728688333333338, 26.77926461111111 ], [ -80.726844416666665, 26.779709777777775 ], [ -80.723692722222225, 26.77785175 ], [ -80.721079916666667, 26.77297011111111 ], [ -80.719907361111112, 26.767089916666666 ], [ -80.720265277777784, 26.76149625 ], [ -80.719184138888892, 26.75680938888889 ], [ -80.717275472222227, 26.753217277777779 ], [ -80.712331166666672, 26.746391555555558 ], [ -80.711829583333341, 26.745378638888891 ], [ -80.711120277777781, 26.744731138888891 ], [ -80.70917297222222, 26.745358805555558 ], [ -80.706285555555553, 26.74818125 ], [ -80.704822583333339, 26.751656527777779 ], [ -80.701939194444449, 26.754020166666667 ], [ -80.699770138888894, 26.756480916666668 ], [ -80.698711333333335, 26.760417861111112 ], [ -80.69693625, 26.764441166666668 ], [ -80.694995055555566, 26.775252138888888 ], [ -80.693242361111118, 26.787715861111113 ], [ -80.692290444444453, 26.791103111111113 ] ] } },
{ "type": "Feature", "properties": { "style": "solid", "thickness": 1 }, "geometry": { "type": "LineString", "coordinates": [ [ -82.447644416666677, 27.062442916666669 ], [ -82.43802575, 27.047260388888891 ], [ -82.420369694444446, 27.023399333333334 ], [ -82.404702611111119, 27.005948666666665 ], [ -82.397995583333341, 26.996896583333335 ], [ -82.39210977777779, 26.988024083333336 ], [ -82.387781666666669, 26.98299747222222 ], [ -82.384171666666674, 26.97815108333333 ], [ -82.371155722222213, 26.956465166666668 ], [ -82.359413833333321, 26.942662138888888 ], [ -82.350765722222221, 26.932881916666666 ], [ -82.340972666666659, 26.918977555555557 ], [ -82.33735291666666, 26.911377833333333 ], [ -82.331365333333324, 26.900760055555555 ], [ -82.328175416666667, 26.897103138888887 ], [ -82.322324694444447, 26.893273083333334 ], [ -82.32026425, 26.890345472222222 ], [ -82.317657472222223, 26.880172583333334 ], [ -82.316708111111112, 26.874213222222224 ], [ -82.313720055555549, 26.869729527777778 ], [ -82.308146416666659, 26.859200861111113 ], [ -82.30516125, 26.855175666666668 ], [ -82.299304472222218, 26.849418138888886 ], [ -82.289449777777776, 26.84147336111111 ], [ -82.27784330555555, 26.830231583333333 ], [ -82.273538388888895, 26.8279535 ], [ -82.2719015, 26.827775833333334 ], [ -82.27273575, 26.831442444444445 ], [ -82.2725365, 26.832635777777778 ], [ -82.271213194444442, 26.834016555555554 ], [ -82.27008875, 26.834112277777777 ], [ -82.268550027777778, 26.833016833333332 ], [ -82.266188472222225, 26.830823388888888 ], [ -82.263100888888886, 26.826247222222221 ], [ -82.261964611111111, 26.82359075 ], [ -82.26061675, 26.819283666666667 ], [ -82.258971333333335, 26.817087611111109 ], [ -82.2569245, 26.816636 ], [ -82.25620994444445, 26.816913666666668 ], [ -82.253975, 26.820315694444446 ], [ -82.252034638888887, 26.820872777777776 ], [ -82.24967675, 26.819412944444444 ], [ -82.246379888888896, 26.813461027777777 ], [ -82.242895277777777, 26.811454472222223 ], [ -82.238595916666668, 26.810184416666669 ], [ -82.234811972222218, 26.809921694444444 ], [ -82.226431, 26.810591194444445 ], [ -82.220606638888896, 26.811435555555555 ], [ -82.217749722222223, 26.812912472222223 ], [ -82.215915472222221, 26.814477833333335 ], [ -82.214905972222226, 26.817783638888887 ], [ -82.21481555555556, 26.820811333333332 ], [ -82.212478833333336, 26.824671722222224 ], [ -82.211154555555552, 26.825960194444445 ], [ -82.210235, 26.826146555555557 ], [ -82.209415194444446, 26.825690416666667 ], [ -82.208791777777776, 26.823123638888887 ], [ -82.209492277777784, 26.819176666666667 ], [ -82.211719611111107, 26.813481888888891 ], [ -82.212709916666668, 26.805222222222223 ], [ -82.21218838888889, 26.802563388888888 ], [ -82.210953444444442, 26.80045725 ], [ -82.20982463888889, 26.79935988888889 ], [ -82.207468805555564, 26.798174583333335 ], [ -82.203688472222225, 26.798736694444447 ], [ -82.197153416666666, 26.800774861111112 ], [ -82.192555111111119, 26.801339138888888 ], [ -82.186431, 26.80401777777778 ], [ -82.1838855, 26.806869166666669 ], [ -82.18185375, 26.810452944444446 ], [ -82.179626305555558, 26.816514222222224 ], [ -82.172809083333334, 26.82589125 ], [ -82.171077888888888, 26.827914444444446 ], [ -82.16985375, 26.828743555555555 ], [ -82.16924086111112, 26.828928777777776 ], [ -82.167285166666673, 26.825264722222222 ], [ -82.167275888888895, 26.822604305555554 ], [ -82.170117583333337, 26.8165415 ], [ -82.172214722222222, 26.802407666666667 ], [ -82.173322027777786, 26.797542305555556 ], [ -82.172993583333337, 26.791396666666667 ], [ -82.165504250000012, 26.783619972222223 ], [ -82.157728416666671, 26.781439777777777 ], [ -82.152621777777782, 26.782646333333332 ], [ -82.150588833333344, 26.786046194444445 ], [ -82.152480277777784, 26.801361611111112 ], [ -82.155184583333337, 26.815023444444446 ], [ -82.15863575, 26.837581833333331 ], [ -82.161957527777787, 26.851883916666669 ], [ -82.16755261111112, 26.872509472222223 ], [ -82.172314666666665, 26.888458472222222 ], [ -82.175619666666677, 26.897164166666666 ], [ -82.181082611111123, 26.908248694444442 ], [ -82.183156805555555, 26.915856888888886 ], [ -82.185863138888891, 26.92832527777778 ], [ -82.188444055555564, 26.934372333333332 ], [ -82.190917444444452, 26.938951861111111 ], [ -82.19800166666667, 26.944710055555557 ], [ -82.205486888888885, 26.9480815 ], [ -82.231119138888886, 26.958274861111111 ], [ -82.236148861111118, 26.961560916666667 ], [ -82.239135527777776, 26.965862694444443 ], [ -82.242445583333335, 26.97401625 ], [ -82.243913027777779, 26.982175944444442 ], [ -82.246705722222217, 26.988863333333335 ], [ -82.250415361111109, 26.994355 ], [ -82.255756416666671, 26.998097944444446 ], [ -82.265611888888884, 27.003659722222221 ], [ -82.27403775, 27.009959805555557 ], [ -82.278466361111114, 27.015448138888889 ], [ -82.278502888888895, 27.023612527777775 ], [ -82.280273055555554, 27.030027666666665 ], [ -82.283469277777769, 27.034602916666667 ], [ -82.294057805555553, 27.04263688888889 ], [ -82.295610638888888, 27.046117083333336 ], [ -82.295002305555556, 27.047495361111114 ], [ -82.289677361111103, 27.048065416666667 ], [ -82.286086527777769, 27.046977722222223 ], [ -82.281561333333329, 27.043141222222225 ], [ -82.272815138888888, 27.034549388888891 ], [ -82.270857055555553, 27.031896 ], [ -82.2705275, 27.026851694444442 ], [ -82.269788277777778, 27.021808805555555 ], [ -82.2680285, 27.017595166666666 ], [ -82.266686138888886, 27.015123 ], [ -82.264009222222228, 27.011921583333333 ], [ -82.261232388888885, 27.009270888888889 ], [ -82.259280138888883, 27.00780988888889 ], [ -82.256407, 27.006535472222222 ], [ -82.255189, 27.009108277777777 ], [ -82.252632083333339, 27.009942638888887 ], [ -82.249350444444445, 27.008944666666668 ], [ -82.243179444444451, 27.002727361111113 ], [ -82.238333972222222, 26.994945888888889 ], [ -82.235744527777783, 26.987798972222222 ], [ -82.233667, 26.98055861111111 ], [ -82.229227083333342, 26.971399388888887 ], [ -82.22368080555556, 26.967013916666666 ], [ -82.217936361111114, 26.964188361111109 ], [ -82.20902072222222, 26.961922888888889 ], [ -82.20154458333333, 26.961212 ], [ -82.198271388888898, 26.961955833333331 ], [ -82.19500225, 26.963800444444445 ], [ -82.192254111111112, 26.968120305555555 ], [ -82.191757888888887, 26.972341666666665 ], [ -82.1916715, 26.976653555555554 ], [ -82.192418944444455, 26.984907638888888 ], [ -82.192426111111118, 26.986834083333335 ], [ -82.191612027777779, 26.988212555555556 ], [ -82.190688416666674, 26.98766488888889 ], [ -82.18883544444445, 26.985010027777779 ], [ -82.185431222222221, 26.978139805555553 ], [ -82.183993416666667, 26.976951444444442 ], [ -82.181329, 26.976317055555555 ], [ -82.179586083333334, 26.97567997222222 ], [ -82.178045, 26.974216638888887 ], [ -82.177422805555565, 26.97201675 ], [ -82.17854372222223, 26.970545722222219 ], [ -82.182423611111119, 26.967598888888887 ], [ -82.183230972222233, 26.964385722222222 ], [ -82.181059472222231, 26.958429166666665 ], [ -82.178604194444446, 26.958894944444445 ], [ -82.177271388888897, 26.958348388888886 ], [ -82.176443555555565, 26.955873861111112 ], [ -82.176329694444448, 26.952663388888887 ], [ -82.17540152777778, 26.950739583333334 ], [ -82.168948666666665, 26.949657083333335 ], [ -82.163721444444448, 26.94774525 ], [ -82.158182916666675, 26.94454975 ], [ -82.15500075, 26.941898083333335 ], [ -82.145468833333339, 26.93807075 ], [ -82.13758138888889, 26.936165 ], [ -82.134308166666671, 26.936815638888888 ], [ -82.127768611111108, 26.94031836111111 ], [ -82.123990027777765, 26.943079972222222 ], [ -82.120520916666663, 26.94666638888889 ], [ -82.118993666666654, 26.949330527777779 ], [ -82.119308388888882, 26.951806666666666 ], [ -82.121464333333321, 26.953819527777778 ], [ -82.123828499999988, 26.956932694444443 ], [ -82.124266888888883, 26.966197 ], [ -82.125410305555548, 26.971698333333332 ], [ -82.124808611111106, 26.97573625 ], [ -82.12399238888888, 26.976655666666666 ], [ -82.120106722222218, 26.978316611111108 ], [ -82.117853583333329, 26.978138694444443 ], [ -82.116104305555552, 26.975299166666666 ], [ -82.115479638888885, 26.971906444444443 ], [ -82.105102833333333, 26.959730416666666 ], [ -82.102743944444441, 26.958268222222223 ], [ -82.093732611111108, 26.957371777777777 ], [ -82.090459083333329, 26.95820486111111 ], [ -82.085645833333331, 26.957573555555555 ], [ -82.076011805555552, 26.953466583333334 ], [ -82.071296583333336, 26.951091583333334 ], [ -82.066587277777771, 26.950918055555555 ], [ -82.064644027777774, 26.951564305555554 ], [ -82.062395055555555, 26.952761555555554 ], [ -82.06106875, 26.954507277777775 ], [ -82.060152138888881, 26.956343916666665 ], [ -82.058621722222213, 26.95836525 ], [ -82.043899027777769, 26.966192194444442 ], [ -82.035312083333338, 26.971712805555555 ], [ -82.03142425, 26.972912638888886 ], [ -82.026919722222218, 26.973104388888888 ], [ -82.022819611111103, 26.971001833333332 ], [ -82.01882502777778, 26.970275055555554 ], [ -82.014014638888895, 26.971017361111109 ], [ -82.006860861111107, 26.97726761111111 ], [ -81.999914805555562, 26.985351916666669 ], [ -81.991448416666671, 27.001969666666668 ], [ -81.9881925, 27.012983027777778 ], [ -81.987997194444446, 27.017937055555553 ], [ -81.99376077777778, 27.031963555555553 ], [ -81.993165888888896, 27.041963611111111 ], [ -81.993696444444438, 27.051228 ], [ -81.99514122222223, 27.056454583333334 ] ] } },
{ "type": "Feature", "properties": { "style": "solid", "thickness": 1 }, "geometry": { "type": "LineString", "coordinates": [ [ -81.72162, 26.44062 ], [ -81.719495138888888, 26.447795583333335 ] ] } },
{ "type": "Feature", "properties": { "style": "solid", "thickness": 1 }, "geometry": { "type": "LineString", "coordinates": [ [ -81.72162, 26.44062 ], [ -81.723082472222231, 26.432961972222223 ], [ -81.723870194444444, 26.424636361111112 ] ] } },
{ "type": "Feature", "properties": { "style": "solid", "thickness": 1 }, "geometry": { "type": "LineString", "coordinates": [ [ -81.25508994444445, 26.358595416666667 ], [ -81.255430027777777, 26.351299166666667 ], [ -81.256476944444444, 26.344072166666667 ], [ -81.258222777777775, 26.336953972222222 ], [ -81.260654222222229, 26.329998833333335 ], [ -81.263752777777782, 26.323259638888889 ], [ -81.267494888888891, 26.316787805555556 ], [ -81.271852055555556, 26.310632583333334 ], [ -81.276791111111109, 26.30484088888889 ], [ -81.282274472222227, 26.299456861111114 ], [ -81.28826041666666, 26.294521527777778 ], [ -81.294703361111104, 26.2900725 ], [ -81.301554305555555, 26.286143722222224 ], [ -81.308761083333337, 26.282765111111111 ], [ -81.316268861111112, 26.27996247222222 ], [ -81.3240205, 26.277757166666667 ], [ -81.331957027777776, 26.276166 ], [ -81.340017972222213, 26.275201083333332 ], [ -81.34806, 26.27487 ], [ -81.356183694444439, 26.275208444444445 ] ] } },
{ "type": "Feature", "properties": { "style": "solid", "thickness": 1 }, "geometry": { "type": "LineString", "coordinates": [ [ -81.611598027777774, 26.339562583333333 ], [ -81.612619111111101, 26.331792555555555 ], [ -81.614440472222213, 26.324127722222222 ], [ -81.617000277777777, 26.316633833333334 ], [ -81.620279027777769, 26.309367972222223 ], [ -81.62425175, 26.302385472222223 ], [ -81.628888222222216, 26.295739555555556 ], [ -81.634153166666678, 26.289480861111112 ], [ -81.640006500000013, 26.283657055555558 ], [ -81.646403666666671, 26.278312555555555 ], [ -81.653296, 26.273488083333334 ], [ -81.660631055555555, 26.269220472222223 ], [ -81.668352972222223, 26.265542222222223 ], [ -81.676403, 26.26248138888889 ], [ -81.684719888888893, 26.260061305555556 ], [ -81.693240333333335, 26.258300472222221 ], [ -81.701899472222223, 26.257212277777779 ], [ -81.710631388888885, 26.256805055555557 ], [ -81.719222194444441, 26.25707088888889 ], [ -81.72015, 26.25714 ] ] } },
{ "type": "Feature", "properties": { "style": "solid", "thickness": 1 }, "geometry": { "type": "LineString", "coordinates": [ [ -81.723870194444444, 26.424636361111112 ], [ -81.723538277777777, 26.417103305555557 ], [ -81.722478555555554, 26.409667805555554 ], [ -81.720699277777783, 26.402342861111109 ], [ -81.718214, 26.39518425 ], [ -81.715041611111118, 26.388246444444444 ], [ -81.711206305555564, 26.381582361111111 ], [ -81.70673722222223, 26.375242694444445 ], [ -81.701668388888891, 26.369275805555557 ], [ -81.696038388888894, 26.363727138888891 ], [ -81.689890055555566, 26.358638972222224 ], [ -81.683270194444447, 26.354050138888891 ], [ -81.676229194444446, 26.349995611111108 ], [ -81.668820611111116, 26.346506277777777 ], [ -81.661100861111123, 26.34360875 ], [ -81.653128694444447, 26.341325138888887 ], [ -81.64496475, 26.339672888888888 ], [ -81.636671194444446, 26.338664555555553 ], [ -81.628311138888876, 26.338307833333332 ], [ -81.619948194444433, 26.33860547222222 ], [ -81.611598027777774, 26.339562583333333 ] ] } },
{ "type": "Feature", "properties": { "style": "solid", "thickness": 1 }, "geometry": { "type": "LineString", "coordinates": [ [ -82.34397, 27.39915 ], [ -82.317207416666662, 27.413310388888888 ], [ -82.25152241666666, 27.443326027777779 ], [ -82.18314, 27.46814 ] ] } },
{ "type": "Feature", "properties": { "style": "solid", "thickness": 1 }, "geometry": { "type": "LineString", "coordinates": [ [ -82.318567805555546, 26.850003333333333 ], [ -82.322896472222212, 26.856240055555556 ], [ -82.326583972222224, 26.862764638888891 ], [ -82.32962, 26.869550722222222 ], [ -82.331981472222225, 26.876546611111113 ], [ -82.333650416666657, 26.883699027777777 ], [ -82.334614111111108, 26.890953472222222 ], [ -82.33486525, 26.898254777777776 ], [ -82.334401888888891, 26.905547361111111 ], [ -82.333227611111113, 26.912775694444441 ], [ -82.33135127777777, 26.919884805555558 ], [ -82.328787222222218, 26.926820611111111 ], [ -82.325554944444434, 26.93353038888889 ], [ -82.321679027777776, 26.939963083333332 ], [ -82.317189, 26.946069805555556 ], [ -82.312119027777769, 26.951804138888889 ], [ -82.306507666666661, 26.95712247222222 ], [ -82.300397666666669, 26.961984444444443 ], [ -82.2938355, 26.966353055555555 ], [ -82.286871083333338, 26.970195166666667 ], [ -82.279557472222223, 26.973481555555555 ], [ -82.271950305555549, 26.976187305555555 ], [ -82.264107472222221, 26.978291805555553 ], [ -82.256088694444443, 26.97977911111111 ], [ -82.247954944444444, 26.980637944444442 ], [ -82.239768166666664, 26.98086175 ], [ -82.231590638888889, 26.98044883333333 ], [ -82.223484611111118, 26.979402333333333 ], [ -82.215511805555565, 26.977730194444444 ], [ -82.207732861111111, 26.975445138888887 ], [ -82.20017847222222, 26.97255225 ] ] } },
{ "type": "Feature", "properties": { "style": "solid", "thickness": 1 }, "geometry": { "type": "LineString", "coordinates": [ [ -81.57528, 26.09903 ], [ -81.583339861111099, 26.099363138888886 ], [ -81.591387055555558, 26.10032988888889 ], [ -81.599309805555549, 26.101922805555557 ], [ -81.607047805555553, 26.104129694444445 ], [ -81.614542166666666, 26.10693377777778 ], [ -81.621735861111105, 26.11031363888889 ], [ -81.628574138888879, 26.1142435 ], [ -81.635004944444447, 26.118693416666666 ], [ -81.640979361111121, 26.123629444444443 ], [ -81.64645188888889, 26.129014 ], [ -81.651380888888895, 26.134806 ], [ -81.655728861111115, 26.140961333333333 ], [ -81.659462694444457, 26.147433083333333 ], [ -81.662553972222227, 26.154171944444442 ], [ -81.664979194444456, 26.161126611111111 ], [ -81.666719888888892, 26.168244111111111 ], [ -81.667762805555554, 26.17547025 ], [ -81.668100027777783, 26.18275952777778 ], [ -81.667769861111111, 26.190051055555557 ], [ -81.6667336388889, 26.197279083333335 ], [ -81.664999305555568, 26.204398111111111 ], [ -81.662580055555566, 26.211354027777777 ], [ -81.659494305555555, 26.218093888888887 ], [ -81.655765527777788, 26.224566472222222 ], [ -81.651422111111117, 26.230722527777775 ], [ -81.646497083333344, 26.23651527777778 ], [ -81.641027972222233, 26.241900722222223 ], [ -81.635056388888898, 26.246837888888891 ], [ -81.62862775, 26.251289277777779 ], [ -81.621791027777775, 26.255221083333332 ], [ -81.61459819444444, 26.258603416666666 ] ] } },
{ "type": "Feature", "properties": { "style": "solid", "thickness": 1 }, "geometry": { "type": "LineString", "coordinates": [ [ -82.435318944444447, 26.642302444444443 ], [ -82.318567805555546, 26.850003333333333 ] ] } },
{ "type": "Feature", "properties": { "style": "solid", "thickness": 1 }, "geometry": { "type": "LineString", "coordinates": [ [ -81.73584, 26.71974 ], [ -81.742633777777783, 26.715397861111111 ], [ -81.749825416666667, 26.711601027777778 ], [ -81.757360111111112, 26.708378416666665 ], [ -81.76518055555556, 26.705754611111111 ], [ -81.77322725, 26.703749638888887 ], [ -81.781438916666659, 26.702378805555554 ], [ -81.789753083333338, 26.701652527777778 ], [ -81.798106472222216, 26.701576361111112 ], [ -81.8064355, 26.702150888888887 ], [ -81.814676777777777, 26.703371722222222 ], [ -81.822767611111104, 26.705229583333331 ], [ -81.83064638888888, 26.70771025 ], [ -81.838253138888888, 26.710794833333331 ], [ -81.84553002777777, 26.714459805555556 ], [ -81.852421611111112, 26.718677222222219 ], [ -81.858875472222223, 26.723414916666666 ], [ -81.8648425, 26.728636777777776 ], [ -81.870277249999987, 26.734303 ], [ -81.875138388888885, 26.740370388888891 ], [ -81.879388916666656, 26.746792694444444 ], [ -81.882996472222217, 26.753521027777779 ], [ -81.88412, 26.75598 ], [ -81.887715333333347, 26.762483388888889 ], [ -81.890662194444445, 26.769241416666667 ], [ -81.892938166666667, 26.776202638888886 ], [ -81.894525888888893, 26.783314055555554 ], [ -81.895413333333337, 26.790521472222224 ], [ -81.89559372222223, 26.79777002777778 ], [ -81.895065666666667, 26.805004583333336 ], [ -81.893833222222227, 26.812170083333335 ], [ -81.891905722222234, 26.819212 ] ] } },
{ "type": "Feature", "properties": { "style": "solid", "thickness": 1 }, "geometry": { "type": "LineString", "coordinates": [ [ -82.435318944444447, 26.642302444444443 ], [ -82.56641, 26.44122 ] ] } },
{ "type": "Feature", "properties": { "style": "solid", "thickness": 1 }, "geometry": { "type": "LineString", "coordinates": [ [ -81.72015, 26.25714 ], [ -81.728392916666664, 26.258365111111111 ], [ -81.736485416666667, 26.260229805555557 ], [ -81.744365888888893, 26.262719888888888 ], [ -81.75197436111111, 26.26581636111111 ], [ -81.759252972222228, 26.269495583333331 ], [ -81.766146277777779, 26.273729555555555 ], [ -81.772601805555553, 26.278485944444444 ], [ -81.778570472222228, 26.283728527777779 ], [ -81.784006833333336, 26.289417305555556 ], [ -81.7888695, 26.295508944444446 ], [ -81.7931215, 26.301957027777778 ], [ -81.796730416666662, 26.308712416666669 ], [ -81.799668833333328, 26.31572363888889 ], [ -81.801914361111102, 26.322937305555556 ], [ -81.803449944444438, 26.3302985 ], [ -81.804263833333337, 26.337751138888887 ], [ -81.804349916666666, 26.345238527777777 ], [ -81.803707444444441, 26.35270363888889 ], [ -81.802341388888891, 26.360089722222224 ], [ -81.80026211111111, 26.367340527777777 ], [ -81.797485444444447, 26.374400944444446 ], [ -81.7940325, 26.381217277777779 ], [ -81.789929583333333, 26.387737666666666 ], [ -81.785207888888891, 26.393912555555556 ], [ -81.779903388888883, 26.399695027777778 ], [ -81.77923, 26.40036 ], [ -81.772478861111111, 26.405634888888887 ], [ -81.765240138888885, 26.4103625 ], [ -81.757568944444444, 26.414506888888887 ], [ -81.749523611111115, 26.418036583333336 ], [ -81.741165388888888, 26.420924805555558 ], [ -81.732557888888891, 26.423149583333334 ], [ -81.723870194444444, 26.424636361111112 ] ] } },
{ "type": "Feature", "properties": { "style": "solid", "thickness": 1 }, "geometry": { "type": "LineString", "coordinates": [ [ -81.61459819444444, 26.258603416666666 ], [ -81.607104055555553, 26.26141061111111 ], [ -81.599365611111111, 26.263621305555557 ], [ -81.59144175, 26.265218722222222 ], [ -81.583392805555548, 26.26619075 ], [ -81.575252305555551, 26.266529916666666 ], [ -81.567113444444445, 26.266187666666667 ], [ -81.559066416666667, 26.26521286111111 ], [ -81.55114475, 26.263612777777777 ], [ -81.543408722222225, 26.261399638888889 ], [ -81.53591725, 26.258590222222221 ], [ -81.528727305555549, 26.255205833333335 ], [ -81.521893638888884, 26.25127225 ], [ -81.515468222222225, 26.246819305555558 ], [ -81.5095, 26.241880833333333 ], [ -81.50403436111111, 26.236494361111113 ], [ -81.499112888888888, 26.23070086111111 ], [ -81.494773111111115, 26.224544305555554 ], [ -81.491047972222219, 26.218071555555554 ], [ -81.487965888888894, 26.211331777777776 ], [ -81.485550277777776, 26.20437625 ], [ -81.483819527777783, 26.197257888888888 ], [ -81.482786805555563, 26.190030805555555 ], [ -81.48246, 26.18275 ], [ -81.482792916666668, 26.175515444444446 ], [ -81.483831444444448, 26.168288805555555 ], [ -81.485567833333334, 26.161170444444444 ], [ -81.487988833333333, 26.154214611111108 ], [ -81.491076055555553, 26.147474222222222 ], [ -81.494805972222224, 26.141000666666667 ], [ -81.499150222222227, 26.134843222222223 ], [ -81.504075722222225, 26.129048805555556 ], [ -81.509544972222216, 26.12366161111111 ], [ -81.515516388888884, 26.118722666666667 ], [ -81.5219445, 26.114269611111112 ], [ -81.528780416666663, 26.110336416666669 ], [ -81.535972055555547, 26.106953055555557 ], [ -81.543464722222225, 26.104145333333335 ], [ -81.551201388888884, 26.101934638888892 ], [ -81.559123194444439, 26.100337888888891 ], [ -81.567169805555551, 26.099367194444444 ], [ -81.57528, 26.09903 ] ] } },
{ "type": "Feature", "properties": { "style": "solid", "thickness": 1 }, "geometry": { "type": "LineString", "coordinates": [ [ -82.20017847222222, 26.97255225 ], [ -82.198791027777787, 26.971917055555554 ], [ -82.192896833333336, 26.9691075 ], [ -82.191587166666665, 26.968413083333331 ], [ -82.185995833333337, 26.965146666666666 ], [ -82.18475911111112, 26.964353111111109 ], [ -82.179508500000011, 26.960664666666666 ], [ -82.178354138888892, 26.959778083333333 ], [ -82.173484194444455, 26.955695611111111 ], [ -82.172420972222227, 26.954722722222222 ], [ -82.16796875, 26.950277277777776 ], [ -82.16700475, 26.949225472222224 ], [ -82.163004138888894, 26.944450833333335 ], [ -82.162146694444445, 26.943328166666667 ], [ -82.158628138888901, 26.938260611111112 ], [ -82.157883750000011, 26.937075583333332 ], [ -82.154874, 26.931753638888889 ], [ -82.154248305555555, 26.930515305555556 ], [ -82.151770305555559, 26.924979444444446 ], [ -82.151268055555562, 26.923697194444447 ], [ -82.149340611111114, 26.9179895 ], [ -82.148965583333336, 26.916673083333336 ], [ -82.147603416666669, 26.910836972222221 ], [ -82.147358472222223, 26.90949636111111 ], [ -82.1465718888889, 26.90357622222222 ], [ -82.146458861111114, 26.902221638888886 ], [ -82.146253888888893, 26.896262527777779 ], [ -82.1462736388889, 26.894904222222223 ], [ -82.146651805555564, 26.888951444444444 ], [ -82.146804194444456, 26.88759975 ], [ -82.147762638888892, 26.881698638888889 ], [ -82.148046472222234, 26.880363805555557 ], [ -82.149577916666672, 26.874559277777777 ], [ -82.14999111111112, 26.873251444444445 ], [ -82.152083888888896, 26.867587694444445 ], [ -82.15262325, 26.866316833333336 ], [ -82.155261444444449, 26.860837 ], [ -82.155922944444455, 26.85961275 ], [ -82.159086472222228, 26.854358555555557 ], [ -82.159865111111117, 26.853190277777781 ], [ -82.163529888888888, 26.848201777777778 ], [ -82.164419722222235, 26.847098361111112 ], [ -82.168557888888898, 26.842413527777776 ], [ -82.169552166666676, 26.841383388888886 ], [ -82.174132222222227, 26.837038 ], [ -82.175223416666668, 26.836089 ], [ -82.1802105, 26.832116111111112 ], [ -82.18139027777778, 26.831255527777778 ], [ -82.186746472222225, 26.827685472222221 ], [ -82.188005861111108, 26.826919833333331 ], [ -82.193690361111109, 26.823779805555557 ], [ -82.19501980555556, 26.823115027777778 ], [ -82.200989361111112, 26.820429 ], [ -82.202378722222221, 26.819870138888888 ], [ -82.208587888888886, 26.817658555555557 ], [ -82.210026583333331, 26.81720988888889 ], [ -82.216428111111114, 26.815489638888888 ], [ -82.217905194444441, 26.815154583333335 ], [ -82.22445036111111, 26.813938833333335 ], [ -82.22595455555556, 26.813719972222223 ], [ -82.232593555555553, 26.813017916666666 ], [ -82.234113416666673, 26.812916944444446 ], [ -82.240795722222217, 26.812734 ], [ -82.242319666666674, 26.812751638888891 ], [ -82.248994388888889, 26.813089166666668 ], [ -82.25051080555555, 26.813225305555555 ], [ -82.25712719444445, 26.814080777777779 ], [ -82.2586245, 26.814334361111111 ], [ -82.26513216666666, 26.815701194444443 ], [ -82.266599, 26.816070333333332 ], [ -82.272948388888892, 26.817938138888888 ], [ -82.274373555555556, 26.818419944444443 ], [ -82.280516361111111, 26.820774444444446 ], [ -82.281889, 26.821365277777776 ], [ -82.2877785, 26.824188555555555 ], [ -82.289088166666659, 26.824883861111111 ], [ -82.2946795, 26.828154333333334 ], [ -82.295916194444445, 26.828948833333332 ], [ -82.301166833333326, 26.832641583333334 ], [ -82.302321166666658, 26.833529166666665 ], [ -82.307191138888882, 26.837616055555554 ], [ -82.308254361111111, 26.838589944444443 ], [ -82.312706583333338, 26.843039805555556 ], [ -82.313670583333334, 26.844092583333332 ], [ -82.317662194444438, 26.848878888888887 ], [ -82.318567805555546, 26.850003333333333 ] ] } },
{ "type": "Feature", "properties": { "style": "solid", "thickness": 1 }, "geometry": { "type": "LineString", "coordinates": [ [ -82.18314, 27.46814 ], [ -82.179352416666674, 27.464514777777776 ], [ -82.177596055555554, 27.462716083333333 ], [ -82.174147333333337, 27.458840416666664 ], [ -82.172578388888894, 27.456909305555556 ], [ -82.169523500000011, 27.45278147222222 ], [ -82.168150222222224, 27.450736333333332 ], [ -82.165512388888899, 27.44638775 ], [ -82.164345222222224, 27.444244138888887 ], [ -82.162144527777784, 27.43970786111111 ], [ -82.161192333333332, 27.437482083333332 ], [ -82.159445472222231, 27.432792583333335 ], [ -82.158715472222227, 27.430501583333335 ], [ -82.157435777777778, 27.425694527777779 ], [ -82.156933472222221, 27.423355666666669 ], [ -82.156130638888897, 27.418467638888892 ], [ -82.155859861111111, 27.416098694444443 ], [ -82.155540027777789, 27.411166833333333 ], [ -82.155502805555557, 27.408785833333333 ], [ -82.155668361111111, 27.403847666666664 ], [ -82.155865, 27.401472666666667 ], [ -82.156514694444454, 27.396565777777777 ], [ -82.15694369444445, 27.394214833333333 ], [ -82.158072611111123, 27.389376555555554 ], [ -82.158730722222231, 27.387067555555554 ], [ -82.16033025, 27.382334666666669 ], [ -82.1612125, 27.380085166666667 ], [ -82.16327050000001, 27.375493777777777 ], [ -82.164370194444444, 27.373320888888891 ], [ -82.166871027777788, 27.368905944444446 ], [ -82.168179805555553, 27.366826222222222 ], [ -82.171104416666665, 27.362621333333333 ], [ -82.172612388888894, 27.360650638888892 ], [ -82.175938555555561, 27.356687861111112 ], [ -82.177634222222224, 27.354841222222223 ], [ -82.181336638888894, 27.351150777777779 ], [ -82.183207138888889, 27.349442277777776 ], [ -82.187257638888894, 27.346052305555553 ], [ -82.18928872222223, 27.344494972222222 ], [ -82.19365647222223, 27.341431333333333 ], [ -82.195832722222221, 27.340037083333332 ], [ -82.2004845, 27.337323111111111 ], [ -82.202789333333342, 27.336102611111109 ], [ -82.207689722222227, 27.333759027777777 ], [ -82.210105611111118, 27.332721555555555 ], [ -82.215217305555555, 27.33076625 ], [ -82.217725833333333, 27.329919777777778 ], [ -82.223009916666669, 27.328367666666665 ], [ -82.225592, 27.327718666666666 ], [ -82.231008277777775, 27.326581583333333 ], [ -82.233644222222225, 27.326134972222221 ], [ -82.239151472222218, 27.325421611111111 ], [ -82.241821222222228, 27.325180861111111 ], [ -82.2473775, 27.324896638888887 ], [ -82.250060722222216, 27.324863555555556 ], [ -82.255623722222225, 27.325010666666667 ], [ -82.2583, 27.3251855 ], [ -82.263827388888885, 27.325762805555556 ], [ -82.266476277777784, 27.32614425 ], [ -82.271926, 27.327147361111113 ], [ -82.274527361111112, 27.327732472222223 ], [ -82.279857916666671, 27.329153722222223 ], [ -82.282391944444441, 27.329938027777779 ], [ -82.28756275, 27.331766555555554 ], [ -82.290010138888888, 27.332744083333335 ], [ -82.294981861111111, 27.334965972222221 ], [ -82.297323944444443, 27.336129222222223 ], [ -82.302058722222213, 27.3387275 ], [ -82.304277722222224, 27.340067583333333 ], [ -82.3087395, 27.343022416666667 ], [ -82.3108185, 27.344529111111111 ], [ -82.314973361111115, 27.347818 ], [ -82.316896527777772, 27.349479777777777 ], [ -82.320712833333332, 27.353077611111111 ], [ -82.322465583333326, 27.354881805555557 ], [ -82.325914305555557, 27.358761138888891 ], [ -82.32748325, 27.360693972222222 ], [ -82.330538166666656, 27.36482525 ], [ -82.331911444444444, 27.366871972222224 ], [ -82.334549277777768, 27.371223694444446 ], [ -82.335716444444444, 27.373368722222224 ], [ -82.337917138888884, 27.377907722222222 ], [ -82.338869333333335, 27.380134694444443 ], [ -82.340616166666663, 27.384826444444442 ], [ -82.341346194444441, 27.38711838888889 ], [ -82.34262588888889, 27.391927138888889 ], [ -82.34312275, 27.394267638888888 ], [ -82.34397, 27.39915 ] ] } },
{ "type": "Feature", "properties": { "style": "solid", "thickness": 1 }, "geometry": { "type": "LineString", "coordinates": [ [ -81.95632, 25.5589 ], [ -82.02168, 25.65966 ], [ -82.07839, 25.77098 ], [ -82.1355, 25.89202 ] ] } },
{ "type": "Feature", "properties": { "style": "solid", "thickness": 1 }, "geometry": { "type": "LineString", "coordinates": [ [ -81.719495138888888, 26.447795583333335 ], [ -81.716679888888891, 26.454777638888888 ], [ -81.713195694444451, 26.461513027777777 ], [ -81.709069027777787, 26.467950555555554 ], [ -81.704331333333343, 26.474041305555552 ], [ -81.699018638888887, 26.479738916666665 ], [ -81.693171388888899, 26.485000166666669 ], [ -81.686834111111111, 26.489785027777778 ], [ -81.680055, 26.494057166666668 ], [ -81.6728856388889, 26.497784111111113 ], [ -81.665380638888891, 26.500937555555556 ], [ -81.657597083333343, 26.503493555555554 ], [ -81.649594222222234, 26.505432694444444 ], [ -81.641432972222233, 26.50674025 ], [ -81.63672, 26.5072 ], [ -81.628552388888878, 26.508233638888889 ], [ -81.620315166666657, 26.508626333333332 ], [ -81.612071055555546, 26.508375055555554 ], [ -81.60388277777777, 26.507481777777777 ], [ -81.59581266666666, 26.50595325 ], [ -81.587922138888885, 26.503801083333332 ], [ -81.58027125, 26.501041611111113 ], [ -81.572918194444441, 26.497695805555555 ], [ -81.565918972222221, 26.493789083333333 ], [ -81.55932683333333, 26.489351111111112 ], [ -81.553191972222223, 26.48441563888889 ], [ -81.547561027777775, 26.479020111111108 ], [ -81.542476916666658, 26.473205555555555 ], [ -81.537978277777782, 26.467016166666664 ], [ -81.534099361111103, 26.460499 ], [ -81.530869722222221, 26.453703583333333 ], [ -81.528313916666661, 26.44668161111111 ], [ -81.526451388888887, 26.439486472222221 ], [ -81.52529633333333, 26.432172916666669 ], [ -81.5248575, 26.424796555555556 ], [ -81.525138277777771, 26.417413583333335 ], [ -81.5261365, 26.41008011111111 ], [ -81.527844583333334, 26.402852027777776 ], [ -81.530249527777784, 26.395784361111112 ], [ -81.533333027777772, 26.38893088888889 ], [ -81.537071583333329, 26.38234386111111 ], [ -81.541436805555549, 26.376073444444444 ], [ -81.54639541666667, 26.370167416666668 ], [ -81.55190972222222, 26.364670777777778 ], [ -81.557937722222221, 26.359625444444447 ], [ -81.564433555555553, 26.355069861111112 ], [ -81.571347777777774, 26.35103875 ], [ -81.578627777777768, 26.347562833333331 ], [ -81.586218138888881, 26.344668666666667 ], [ -81.594061111111102, 26.342378277777776 ], [ -81.602096972222213, 26.340709138888887 ], [ -81.610264583333333, 26.339674 ], [ -81.611598027777774, 26.339562583333333 ] ] } },
{ "type": "Feature", "properties": { "style": "solid", "thickness": 1 }, "geometry": { "type": "LineString", "coordinates": [ [ -81.356183694444439, 26.275208444444445 ], [ -81.364243611111107, 26.2761805 ], [ -81.372178361111111, 26.277778694444443 ], [ -81.379927555555554, 26.279990888888889 ], [ -81.38743225, 26.282800166666664 ], [ -81.394635333333341, 26.286185166666669 ], [ -81.401481944444456, 26.29012 ], [ -81.40792, 26.294574722222222 ], [ -81.413900500000011, 26.299515361111112 ], [ -81.419377916666676, 26.30490425 ], [ -81.424310583333337, 26.310700305555557 ], [ -81.428660972222232, 26.31685938888889 ], [ -81.432395944444451, 26.323334555555554 ], [ -81.435487083333342, 26.33007647222222 ], [ -81.437910861111121, 26.337033777777776 ], [ -81.439648833333337, 26.3441535 ], [ -81.440687777777782, 26.351381444444446 ], [ -81.44102, 26.35858 ], [ -81.440691333333334, 26.365861944444447 ], [ -81.439655583333334, 26.373090055555554 ], [ -81.437920638888897, 26.380209361111113 ], [ -81.435499694444445, 26.387165666666665 ], [ -81.432411194444455, 26.393906083333334 ], [ -81.428678638888897, 26.400379333333333 ], [ -81.42433044444445, 26.40653625 ], [ -81.419399666666678, 26.412329972222221 ], [ -81.413923888888888, 26.4177165 ], [ -81.407944722222226, 26.422654916666669 ], [ -81.401507722222235, 26.427107638888891 ], [ -81.394661833333345, 26.431040861111111 ], [ -81.387459194444446, 26.43442475 ], [ -81.379954611111103, 26.437233527777778 ], [ -81.372205194444433, 26.439445916666667 ], [ -81.364269944444445, 26.441045083333332 ], [ -81.356209194444432, 26.442018888888889 ], [ -81.348072166666668, 26.442359972222224 ], [ -81.339935, 26.442021638888889 ], [ -81.331873888888879, 26.4410505 ], [ -81.323937944444438, 26.439453944444445 ], [ -81.316187638888891, 26.437244138888889 ], [ -81.308681888888884, 26.434437833333334 ], [ -81.30147786111111, 26.431056333333334 ], [ -81.294630388888891, 26.427125361111113 ], [ -81.288191527777769, 26.422674777777779 ], [ -81.282210361111112, 26.417738361111113 ], [ -81.276732333333328, 26.412353638888888 ], [ -81.271799194444441, 26.406561527777775 ], [ -81.26744844444444, 26.400406055555553 ], [ -81.263713222222222, 26.393934027777778 ], [ -81.260621972222225, 26.387194638888889 ], [ -81.258198166666674, 26.380239138888889 ], [ -81.256460305555549, 26.373120444444446 ], [ -81.255421555555557, 26.365892666666667 ], [ -81.25508994444445, 26.358595416666667 ] ] } },
{ "type": "Feature", "properties": { "style": "solid", "thickness": 1 }, "geometry": { "type": "LineString", "coordinates": [ [ -81.72015, 26.25714 ], [ -81.72609663888889, 26.252277972222224 ], [ -81.732601416666668, 26.247817916666669 ], [ -81.739514861111118, 26.24388313888889 ], [ -81.746784361111111, 26.240503666666669 ], [ -81.754354583333338, 26.23770525 ], [ -81.762167916666669, 26.23550925 ], [ -81.770164888888885, 26.233932388888888 ], [ -81.778284666666664, 26.232986694444442 ], [ -81.786465416666658, 26.232679416666667 ], [ -81.794644888888882, 26.23301286111111 ], [ -81.802760833333338, 26.233984472222222 ], [ -81.8107515, 26.235586888888889 ], [ -81.818556055555547, 26.237807861111111 ], [ -81.826115111111108, 26.240630444444445 ], [ -81.833371138888879, 26.244033138888891 ], [ -81.840268916666659, 26.247989972222221 ], [ -81.846755916666666, 26.252470777777777 ], [ -81.852782833333322, 26.257441416666666 ], [ -81.85830375, 26.262864 ], [ -81.863276638888877, 26.268697166666666 ], [ -81.867663694444431, 26.27489647222222 ], [ -81.871431527777773, 26.28141472222222 ], [ -81.874551416666662, 26.288202194444445 ], [ -81.876999638888876, 26.29520725 ], [ -81.878757583333325, 26.3023765 ], [ -81.879811861111108, 26.309655388888888 ], [ -81.880154444444443, 26.316988472222221 ], [ -81.879782722222217, 26.324319944444444 ], [ -81.878699527777769, 26.331594055555556 ], [ -81.876913083333321, 26.338755388888888 ], [ -81.874437027777773, 26.345749527777777 ], [ -81.871290166666654, 26.352523222222224 ], [ -81.867496472222214, 26.359025027777779 ], [ -81.863084805555545, 26.365205472222225 ], [ -81.85808875, 26.371017583333334 ], [ -81.852546333333322, 26.376417166666666 ], [ -81.846499722222219, 26.381363222222223 ], [ -81.839994944444442, 26.38581813888889 ], [ -81.8330815, 26.389748083333334 ], [ -81.82594, 26.39307 ], [ -81.82376572222222, 26.397046833333334 ], [ -81.82228725, 26.399548333333332 ], [ -81.819774583333327, 26.40336536111111 ], [ -81.81805275, 26.405738166666666 ], [ -81.815178222222215, 26.409344388888886 ], [ -81.813232, 26.411573694444442 ], [ -81.810017444444441, 26.414941666666664 ], [ -81.807861666666668, 26.417010555555557 ], [ -81.804331527777777, 26.420114694444447 ], [ -81.801982527777781, 26.422007361111113 ], [ -81.798163722222213, 26.424824055555558 ], [ -81.795639388888887, 26.426526166666669 ], [ -81.791560944444441, 26.429034 ], [ -81.7888805, 26.430532583333335 ], [ -81.784573444444447, 26.432712472222224 ], [ -81.781757277777771, 26.43399611111111 ], [ -81.777254388888892, 26.435831527777779 ], [ -81.774323944444447, 26.436890472222224 ], [ -81.769659527777776, 26.438367416666669 ], [ -81.766637138888882, 26.439193611111111 ], [ -81.761846666666671, 26.440300888888888 ], [ -81.75875533333334, 26.440888027777778 ], [ -81.753875305555553, 26.441617222222224 ], [ -81.750738527777784, 26.441960833333333 ], [ -81.745806083333335, 26.442306416666668 ], [ -81.742647805555563, 26.442403916666667 ], [ -81.73770047222223, 26.442363222222223 ], [ -81.734544722222225, 26.442213833333334 ], [ -81.72962019444445, 26.441787222222221 ], [ -81.726492611111112, 26.441381611111112 ], [ -81.72162, 26.44062 ] ] } },
{ "type": "Feature", "properties": { "style": "solid", "thickness": 1 }, "geometry": { "type": "LineString", "coordinates": [ [ -81.891905722222234, 26.819212 ], [ -81.889297861111118, 26.826076777777779 ], [ -81.8860295, 26.832712194444444 ], [ -81.882125499999987, 26.839067805555555 ], [ -81.87761555555555, 26.845095305555553 ], [ -81.872534027777775, 26.850748861111114 ], [ -81.866919527777767, 26.855985472222223 ], [ -81.860814861111109, 26.86076541666667 ], [ -81.854266444444434, 26.865052305555558 ], [ -81.847324111111107, 26.868813611111111 ], [ -81.8418, 26.87131 ], [ -81.8368575, 26.877110138888888 ], [ -81.831367111111106, 26.882503722222221 ], [ -81.825370555555551, 26.887449722222222 ], [ -81.818913527777781, 26.891910555555555 ], [ -81.812045166666664, 26.89585236111111 ], [ -81.804817722222225, 26.899245194444443 ], [ -81.797286194444439, 26.90206325 ], [ -81.789507916666665, 26.904285166666664 ], [ -81.781542083333335, 26.905894027777777 ], [ -81.773449305555559, 26.906877638888886 ], [ -81.765291194444444, 26.907228555555555 ], [ -81.75712986111111, 26.906944055555556 ], [ -81.749027361111118, 26.906026333333333 ], [ -81.741045388888892, 26.904482361111111 ], [ -81.733244694444451, 26.90232386111111 ], [ -81.725684638888893, 26.89956722222222 ], [ -81.718422777777775, 26.896233388888888 ], [ -81.711514361111114, 26.892347638888889 ], [ -81.70501194444445, 26.887939555555555 ], [ -81.698965055555561, 26.883042611111112 ], [ -81.693419694444444, 26.877693972222222 ], [ -81.688418055555559, 26.871934333333332 ], [ -81.68714, 26.87028 ], [ -81.681693027777783, 26.862228361111111 ], [ -81.677053444444454, 26.853783222222223 ], [ -81.673256555555554, 26.845008833333331 ], [ -81.67033125, 26.835971861111108 ], [ -81.668299805555563, 26.826741055555555 ], [ -81.66746, 26.82061 ], [ -81.666350111111115, 26.812826805555556 ], [ -81.666004527777787, 26.804986333333336 ], [ -81.666425888888895, 26.797148305555556 ], [ -81.667611, 26.789372333333336 ], [ -81.669550833333332, 26.781717638888889 ], [ -81.672230638888891, 26.7742425 ], [ -81.67563, 26.767003833333334 ], [ -81.679723055555556, 26.760056805555557 ], [ -81.684478638888891, 26.753454333333334 ], [ -81.689860583333342, 26.74724675 ], [ -81.695827916666673, 26.741481333333333 ], [ -81.702335222222231, 26.736202055555555 ], [ -81.709333, 26.731449166666664 ], [ -81.716767944444442, 26.727258888888887 ], [ -81.7245835, 26.723663194444441 ], [ -81.73272019444444, 26.7206895 ], [ -81.73584, 26.71974 ] ] } },
{ "type": "Feature", "properties": { "style": "solid", "thickness": 1 }, "geometry": { "type": "LineString", "coordinates": [ [ -82.56641, 26.44122 ], [ -82.58666, 26.47317 ], [ -82.60556, 26.5277 ], [ -82.62677, 26.6029 ], [ -82.62926, 26.63209 ], [ -82.6246, 26.65706 ], [ -82.64299, 26.68728 ], [ -82.68702, 26.73944 ], [ -82.74449, 26.844 ], [ -82.7912, 26.9401 ] ] } },
{ "type": "Feature", "properties": { "style": "solid", "thickness": 1 }, "geometry": { "type": "LineString", "coordinates": [ [ -82.7912, 26.9401 ], [ -82.775612166666662, 26.972181611111111 ], [ -82.733153694444439, 27.046538166666668 ], [ -82.683582833333332, 27.117269166666667 ], [ -82.627276861111099, 27.183843472222222 ], [ -82.56466427777778, 27.245762111111112 ], [ -82.49622161111111, 27.302561888888889 ], [ -82.42246975, 27.353818611111112 ], [ -82.34397, 27.39915 ] ] } },
{ "type": "Feature", "properties": { "style": "solid", "thickness": 1 }, "geometry": { "type": "LineString", "coordinates": [ [ -82.1355, 25.89202 ], [ -82.16162, 26.04106 ], [ -82.20189, 26.10101 ], [ -82.38317, 26.18443 ], [ -82.46771, 26.24552 ], [ -82.56641, 26.44122 ] ] } },
{ "type": "Feature", "properties": { "style": "solid", "thickness": 1 }, "geometry": { "type": "LineString", "coordinates": [ [ -81.279989138888894, 26.908916861111109 ], [ -81.28117258333333, 26.909951916666664 ], [ -81.326466694444434, 26.946227916666668 ], [ -81.327746861111109, 26.947166805555558 ], [ -81.376414777777768, 26.979774944444443 ], [ -81.377782, 26.980610583333331 ], [ -81.429453305555555, 27.009306 ], [ -81.430897138888895, 27.010032083333332 ], [ -81.48517861111111, 27.034599555555559 ], [ -81.486688055555561, 27.035210638888891 ], [ -81.543166583333331, 27.055465972222223 ], [ -81.54473013888888, 27.055957444444445 ], [ -81.602975861111105, 27.07174897222222 ], [ -81.604581638888888, 27.072117111111112 ], [ -81.66415127777779, 27.083326583333331 ], [ -81.665787, 27.083568638888888 ], [ -81.726227194444448, 27.090112166666664 ], [ -81.727880444444452, 27.090226333333334 ], [ -81.788731194444438, 27.092054944444442 ], [ -81.790389333333337, 27.092040333333333 ], [ -81.851187555555555, 27.089140361111109 ], [ -81.852837916666658, 27.088997083333332 ], [ -81.913120888888898, 27.081390222222222 ], [ -81.914750916666677, 27.08111938888889 ], [ -81.974059861111115, 27.068862527777778 ], [ -81.975657111111119, 27.068466166666667 ], [ -82.03354063888888, 27.051651083333333 ], [ -82.035092972222216, 27.051132138888889 ], [ -82.091110527777772, 27.029884722222221 ], [ -82.092606083333322, 27.029247138888888 ], [ -82.146331361111123, 27.003726583333332 ], [ -82.147758777777781, 27.002975138888889 ], [ -82.198774833333331, 26.973358888888889 ], [ -82.20017847222222, 26.97255225 ] ] } },
{ "type": "Feature", "properties": { "style": "solid", "thickness": 1 }, "geometry": { "type": "LineString", "coordinates": [ [ -82.18314, 27.46814 ], [ -82.153999583333345, 27.478099555555556 ], [ -82.061363194444439, 27.504428638888889 ], [ -81.966492472222228, 27.523491472222222 ], [ -81.870109444444438, 27.535146805555556 ], [ -81.772947666666667, 27.539308305555558 ], [ -81.675746555555563, 27.535945111111111 ], [ -81.579245916666665, 27.525082138888887 ], [ -81.484180138888888, 27.506799888888889 ], [ -81.391272777777786, 27.481233833333331 ], [ -81.301230861111108, 27.448573527777778 ], [ -81.214739694444447, 27.409061416666667 ], [ -81.132457527777774, 27.362991027777777 ] ] } },
{ "type": "Feature", "properties": { "style": "solid", "thickness": 1 }, "geometry": { "type": "LineString", "coordinates": [ [ -81.95632, 25.5589 ], [ -82.051163611111107, 25.57715525 ], [ -82.143882583333337, 25.602793027777778 ], [ -82.233771194444444, 25.635613527777778 ], [ -82.320145388888889, 25.675361138888888 ], [ -82.402347777777777, 25.721726611111109 ], [ -82.479752777777776, 25.7743495 ], [ -82.551771277777775, 25.83282125 ], [ -82.617855166666658, 25.896688416666667 ], [ -82.6775015, 25.965456555555555 ], [ -82.730256361111117, 26.038594 ], [ -82.77571825, 26.115536388888891 ], [ -82.81354113888888, 26.195691 ], [ -82.843437222222221, 26.278441611111109 ], [ -82.865178916666665, 26.363153361111113 ], [ -82.87860080555555, 26.449177666666667 ], [ -82.883600694444453, 26.535857361111113 ], [ -82.880140583333329, 26.622531722222224 ], [ -82.86824677777777, 26.708541555555556 ], [ -82.848009777777776, 26.79323425 ], [ -82.819583638888886, 26.875968611111112 ], [ -82.7912, 26.9401 ] ] } },
{ "type": "Feature", "properties": { "style": "solid", "thickness": 1 }, "geometry": { "type": "LineString", "coordinates": [ [ -82.1355, 25.89202 ], [ -82.134033638888894, 25.891329777777777 ], [ -82.079758805555556, 25.866502666666669 ], [ -82.078249388888878, 25.865885416666668 ], [ -82.021770861111108, 25.845419722222221 ], [ -82.020207305555559, 25.844923111111111 ], [ -81.961961583333334, 25.828962444444443 ], [ -81.960355861111111, 25.828590333333334 ], [ -81.900786222222223, 25.817258055555556 ], [ -81.899150527777778, 25.817013361111112 ], [ -81.838710333333324, 25.810397083333335 ], [ -81.837057166666668, 25.810281666666668 ], [ -81.776206388888895, 25.808432583333335 ], [ -81.774548333333328, 25.808447361111114 ], [ -81.713750083333338, 25.811379777777777 ], [ -81.71209977777778, 25.811524611111111 ], [ -81.651816805555555, 25.819215833333335 ], [ -81.650186833333336, 25.819489611111109 ], [ -81.590877888888883, 25.831880138888888 ], [ -81.589280666666667, 25.832280777777779 ], [ -81.531397138888892, 25.849274833333332 ], [ -81.529844833333328, 25.849799166666667 ], [ -81.473827277777787, 25.871265416666667 ], [ -81.472331722222222, 25.871909388888888 ], [ -81.41860644444445, 25.897682 ], [ -81.417179027777777, 25.898440638888889 ], [ -81.366154888888886, 25.928320611111111 ], [ -81.3648065, 25.92918802777778 ], [ -81.31687186111111, 25.962944861111112 ], [ -81.31561275, 25.963914361111112 ], [ -81.271132388888887, 26.001287805555556 ], [ -81.269972138888889, 26.002351861111112 ], [ -81.229284611111112, 26.043054083333335 ], [ -81.228232, 26.044204472222223 ], [ -81.191646944444443, 26.087922305555555 ], [ -81.190710027777783, 26.089150194444443 ], [ -81.158505861111124, 26.135547555555554 ], [ -81.157691722222225, 26.1368435 ], [ -81.130113555555553, 26.185564222222222 ], [ -81.129428333333323, 26.186918222222221 ], [ -81.106686055555556, 26.237588694444444 ], [ -81.106134972222222, 26.238990416666667 ], [ -81.088401666666655, 26.291222611111113 ], [ -81.087988833333327, 26.292661333333335 ], [ -81.075399444444443, 26.34605575 ], [ -81.075128027777779, 26.3475205 ], [ -81.067778388888883, 26.401669361111111 ], [ -81.067650388888879, 26.403148972222223 ], [ -81.065596416666665, 26.457639333333333 ], [ -81.065612833333333, 26.459122555555556 ], [ -81.068870166666656, 26.513539416666667 ], [ -81.069030833333329, 26.515015027777778 ], [ -81.077574694444436, 26.568944555555554 ], [ -81.077878416666664, 26.570401361111109 ], [ -81.091643777777776, 26.623434083333333 ], [ -81.092088249999989, 26.624861055555556 ], [ -81.110970333333327, 26.676594861111113 ], [ -81.111552249999988, 26.677981222222222 ], [ -81.135407333333333, 26.72802436111111 ], [ -81.136122277777787, 26.729359638888887 ], [ -81.164768833333341, 26.77733375 ], [ -81.165611361111118, 26.778607861111109 ], [ -81.198831416666664, 26.824150694444445 ], [ -81.199795166666675, 26.825354 ], [ -81.237335861111106, 26.868122138888889 ], [ -81.23841352777778, 26.869245555555555 ], [ -81.279989138888894, 26.908916861111109 ] ] } },
{ "type": "Feature", "properties": { "style": "solid", "thickness": 1 }, "geometry": { "type": "LineString", "coordinates": [ [ -81.132457527777774, 27.362991027777777 ], [ -81.055010583333328, 27.310705083333335 ], [ -80.98298825, 27.252593083333334 ], [ -80.916938666666667, 27.189088583333334 ], [ -80.857364555555549, 27.12066625 ], [ -80.80471925, 27.047838388888891 ], [ -80.759403444444445, 26.971151444444441 ], [ -80.721762027777785, 26.891181916666667 ], [ -80.692081444444455, 26.808532361111112 ], [ -80.670587611111117, 26.723826888888887 ], [ -80.657444111111118, 26.637706527777777 ], [ -80.652750944444449, 26.550824555555558 ], [ -80.656543833333345, 26.4638415 ], [ -80.668793944444445, 26.377420222222224 ], [ -80.689408, 26.292220666666669 ], [ -80.718229166666674, 26.208895 ], [ -80.755038055555559, 26.128082305555555 ], [ -80.799554555555559, 26.050403722222224 ], [ -80.85143983333333, 25.976457472222222 ], [ -80.910299055555555, 25.906814055555554 ], [ -80.97568425, 25.842011777777778 ], [ -81.047097805555552, 25.782552277777778 ], [ -81.123996194444445, 25.728896527777778 ], [ -81.205794194444451, 25.681461138888888 ], [ -81.29186925, 25.64061475 ], [ -81.381566305555552, 25.606675222222222 ], [ -81.47420272222223, 25.579906805555556 ], [ -81.569073444444442, 25.560518138888888 ], [ -81.665456472222232, 25.548660388888891 ], [ -81.76261825, 25.544426055555558 ], [ -81.859819361111107, 25.547848166666668 ], [ -81.95632, 25.5589 ] ] } },
{ "type": "Feature", "properties": { "style": "solid", "thickness": 1 }, "geometry": { "type": "LineString", "coordinates": [ [ -81.769880333333333, 26.543527444444447 ], [ -81.769880361111106, 26.545361444444445 ] ] } },
{ "type": "Feature", "properties": { "style": "solid", "thickness": 1 }, "geometry": { "type": "LineString", "coordinates": [ [ -81.769370583333327, 26.543344055555558 ], [ -81.769370583333327, 26.545544833333334 ] ] } },
{ "type": "Feature", "properties": { "style": "solid", "thickness": 1 }, "geometry": { "type": "LineString", "coordinates": [ [ -81.768860805555548, 26.543344055555558 ], [ -81.768860805555548, 26.545544833333334 ] ] } },
{ "type": "Feature", "properties": { "style": "solid", "thickness": 1 }, "geometry": { "type": "LineString", "coordinates": [ [ -81.768351027777783, 26.543527444444447 ], [ -81.768351027777783, 26.545361444444445 ] ] } },
{ "type": "Feature", "properties": { "style": "solid", "thickness": 1 }, "geometry": { "type": "LineString", "coordinates": [ [ -81.76784125, 26.544444444444448 ], [ -81.767849138888892, 26.544574444444446 ], [ -81.767874638888884, 26.544710361111111 ], [ -81.767920138888883, 26.544849611111111 ], [ -81.767987527777777, 26.544988861111111 ], [ -81.768077805555549, 26.545124138888891 ], [ -81.76819075, 26.545251083333333 ], [ -81.768324833333338, 26.545365222222223 ], [ -81.768477083333337, 26.5454625 ], [ -81.768643305555557, 26.54553966666667 ], [ -81.768818472222222, 26.54559466666667 ], [ -81.768997166666665, 26.54562675 ], [ -81.769174194444446, 26.545636527777781 ], [ -81.769344944444441, 26.545625694444446 ], [ -81.76950572222222, 26.545596861111111 ], [ -81.76965391666667, 26.545553055555558 ], [ -81.769787972222218, 26.545497444444447 ], [ -81.769910388888889, 26.545431194444447 ], [ -81.770029916666672, 26.545349027777778 ], [ -81.770143944444442, 26.545249722222223 ], [ -81.770248444444448, 26.545133222222223 ], [ -81.770339138888886, 26.545000333333334 ], [ -81.770411777777781, 26.544853055555556 ], [ -81.770462611111114, 26.544694444444445 ], [ -81.770488777777771, 26.544528611111112 ], [ -81.770488777777771, 26.544360277777781 ], [ -81.770462611111114, 26.544194416666667 ], [ -81.770411777777781, 26.544035833333336 ], [ -81.770339138888886, 26.543888527777778 ], [ -81.770248444444448, 26.543755666666669 ], [ -81.770143944444442, 26.543639138888892 ], [ -81.770029916666672, 26.543539861111114 ], [ -81.769910361111116, 26.543457694444445 ], [ -81.769787972222218, 26.543391444444445 ], [ -81.76965391666667, 26.543335833333334 ], [ -81.76950572222222, 26.543292 ], [ -81.769344944444441, 26.543263166666669 ], [ -81.769174194444446, 26.543252361111112 ], [ -81.768997194444438, 26.543262138888892 ], [ -81.768818472222222, 26.543294222222222 ], [ -81.76864333333333, 26.543349222222226 ], [ -81.76847711111111, 26.543426388888889 ], [ -81.768324861111111, 26.543523666666669 ], [ -81.768190777777775, 26.543637805555559 ], [ -81.768077805555549, 26.543764722222225 ], [ -81.76798755555555, 26.543900027777781 ], [ -81.767920138888883, 26.544039277777781 ], [ -81.767874638888884, 26.5441785 ], [ -81.767849166666664, 26.544314416666669 ], [ -81.76784125, 26.544444444444448 ] ] } },
{ "type": "Feature", "properties": { "style": "solid", "thickness": 1 }, "geometry": { "type": "LineString", "coordinates": [ [ -81.9456255, 26.643794416666665 ], [ -81.94468913888889, 26.632419666666667 ] ] } },
{ "type": "Feature", "properties": { "style": "solid", "thickness": 1 }, "geometry": { "type": "LineString", "coordinates": [ [ -81.937340027777779, 26.632887333333333 ], [ -81.938275666666669, 26.644262138888887 ] ] } },
{ "type": "Feature", "properties": { "style": "solid", "thickness": 1 }, "geometry": { "type": "LineString", "coordinates": [ [ -81.93785886111111, 26.638574666666667 ], [ -81.94510625, 26.638107111111111 ] ] } },
{ "type": "Feature", "properties": { "style": "solid", "thickness": 1 }, "geometry": { "type": "LineString", "coordinates": [ [ -81.931022916666677, 26.641071555555556 ], [ -81.931723833333336, 26.642705166666666 ], [ -81.932738083333334, 26.644200055555554 ], [ -81.934033083333333, 26.645508166666666 ], [ -81.93556725, 26.646587472222222 ], [ -81.93729125, 26.647403222222223 ], [ -81.939149638888892, 26.64792925 ], [ -81.94108272222222, 26.648148611111111 ], [ -81.943028305555558, 26.64805425 ], [ -81.944923861111121, 26.647649222222221 ], [ -81.946708472222227, 26.646946527777779 ], [ -81.94832475, 26.645968777777778 ], [ -81.949720722222224, 26.644747388888888 ], [ -81.950851527777786, 26.643321638888889 ], [ -81.951680861111114, 26.641737333333332 ], [ -81.952182055555554, 26.640045416666666 ], [ -81.952339, 26.638300277777777 ], [ -81.952146666666664, 26.636557972222221 ], [ -81.951611277777786, 26.634874555555555 ], [ -81.950750027777786, 26.633304083333332 ], [ -81.949590638888893, 26.631897055555555 ], [ -81.94817036111111, 26.630698666666667 ], [ -81.946534833333331, 26.629747444444444 ], [ -81.944736638888898, 26.629073944444446 ], [ -81.942833527777779, 26.628699805555556 ], [ -81.940886694444444, 26.628637055555554 ], [ -81.938958666666664, 26.628887722222224 ], [ -81.937111388888894, 26.629443722222224 ], [ -81.93540425, 26.630287222222222 ], [ -81.93389211111112, 26.63139111111111 ], [ -81.932623555555566, 26.632719888888889 ], [ -81.93163936111111, 26.63423088888889 ], [ -81.930971166666666, 26.635875527777777 ], [ -81.930640472222223, 26.637600944444443 ], [ -81.930657916666675, 26.639351722222223 ], [ -81.931022916666677, 26.641071555555556 ] ] } },
{ "type": "Feature", "properties": { "style": "solid", "thickness": 1 }, "geometry": { "type": "LineString", "coordinates": [ [ -81.852895444444442, 26.549047027777778 ], [ -81.852071083333328, 26.537671527777778 ] ] } },
{ "type": "Feature", "properties": { "style": "solid", "thickness": 1 }, "geometry": { "type": "LineString", "coordinates": [ [ -81.844727666666657, 26.538134388888892 ], [ -81.845653333333331, 26.549509888888892 ] ] } },
{ "type": "Feature", "properties": { "style": "solid", "thickness": 1 }, "geometry": { "type": "LineString", "coordinates": [ [ -81.845139472222215, 26.543822166666668 ], [ -81.85248325, 26.543359277777778 ] ] } },
{ "type": "Feature", "properties": { "style": "solid", "thickness": 1 }, "geometry": { "type": "LineString", "coordinates": [ [ -81.838525555555549, 26.546767111111112 ], [ -81.839310777777769, 26.548369222222224 ], [ -81.840401472222212, 26.549819472222225 ], [ -81.841762611111108, 26.55107125 ], [ -81.843350416666667, 26.552084305555557 ], [ -81.845113861111102, 26.552826083333333 ], [ -81.846996249999989, 26.553272722222221 ], [ -81.848937055555552, 26.55340988888889 ], [ -81.850873944444444, 26.553233166666669 ], [ -81.852744583333333, 26.552748222222224 ], [ -81.854488833333335, 26.551970666666666 ], [ -81.856050666666661, 26.550925472222222 ], [ -81.857379888888886, 26.54964625 ], [ -81.858433722222216, 26.548174111111113 ], [ -81.859178333333332, 26.546556416666668 ], [ -81.859589805555544, 26.544845111111112 ], [ -81.859654888888883, 26.54309525 ], [ -81.859371583333328, 26.541363027777781 ], [ -81.858748944444443, 26.539704166666667 ], [ -81.857807, 26.538171944444446 ], [ -81.856576083333323, 26.536815611111113 ], [ -81.855095694444444, 26.53567875 ], [ -81.853413472222215, 26.534797916666669 ], [ -81.851583444444444, 26.534201388888892 ], [ -81.849664416666656, 26.533908361111113 ], [ -81.847718055555546, 26.533928194444446 ], [ -81.84580691666666, 26.534260333333336 ], [ -81.843992388888879, 26.534894027777778 ], [ -81.842332805555557, 26.535808972222224 ], [ -81.840881472222222, 26.53697575 ], [ -81.839685055555549, 26.538356833333335 ], [ -81.838782, 26.539907888888891 ], [ -81.838201361111103, 26.541579027777779 ], [ -81.837961805555551, 26.543316583333336 ], [ -81.838071027777772, 26.545064666666669 ], [ -81.838525555555549, 26.546767111111112 ] ] } },
{ "type": "Feature", "properties": { "style": "solid", "thickness": 1 }, "geometry": { "type": "LineString", "coordinates": [ [ -81.801129611111108, 26.156841666666665 ], [ -81.800211555555549, 26.145557555555555 ] ] } },
{ "type": "Feature", "properties": { "style": "solid", "thickness": 1 }, "geometry": { "type": "LineString", "coordinates": [ [ -81.792994666666658, 26.146017722222222 ], [ -81.793810361111113, 26.157301888888888 ] ] } },
{ "type": "Feature", "properties": { "style": "solid", "thickness": 1 }, "geometry": { "type": "LineString", "coordinates": [ [ -81.793402472222226, 26.151613944444442 ], [ -81.800721361111101, 26.151153722222222 ] ] } },
{ "type": "Feature", "properties": { "style": "solid", "thickness": 1 }, "geometry": { "type": "LineString", "coordinates": [ [ -81.786972611111111, 26.155081611111111 ], [ -81.787848277777769, 26.15664397222222 ], [ -81.789019, 26.158040138888886 ], [ -81.79044719444444, 26.159225194444442 ], [ -81.792086916666662, 26.160161027777775 ], [ -81.7938855, 26.16081761111111 ], [ -81.795785083333328, 26.161173777777776 ], [ -81.797724611111107, 26.161218138888888 ], [ -81.79964175, 26.160949194444441 ], [ -81.801474861111103, 26.160375638888887 ], [ -81.803165, 26.159515916666667 ], [ -81.804657833333337, 26.158397638888886 ], [ -81.805905388888888, 26.157056777777775 ], [ -81.806867583333329, 26.155536416666664 ], [ -81.807513472222226, 26.153885444444445 ], [ -81.807822333333334, 26.152156916666666 ], [ -81.80778425, 26.150406388888886 ], [ -81.80740044444444, 26.148690111111112 ], [ -81.80668325, 26.147063305555555 ], [ -81.805655777777773, 26.145578194444443 ], [ -81.804351055555557, 26.1442825 ], [ -81.802810972222218, 26.143217916666668 ], [ -81.801085055555546, 26.142418583333331 ], [ -81.79922877777777, 26.14191025 ], [ -81.797301777777776, 26.141709222222222 ], [ -81.795365944444441, 26.141821944444445 ], [ -81.793483527777781, 26.142244805555556 ], [ -81.791715, 26.14296425 ], [ -81.790117194444449, 26.14395711111111 ], [ -81.788741472222213, 26.1451915 ], [ -81.787632, 26.146627777777777 ], [ -81.7868245, 26.14821975 ], [ -81.786344916666664, 26.149916277777777 ], [ -81.78620869444444, 26.151662805555553 ], [ -81.786420166666659, 26.15340322222222 ], [ -81.786972611111111, 26.155081611111111 ] ] } },
{ "type": "Feature", "properties": { "style": "solid", "thickness": 1 }, "geometry": { "type": "LineString", "coordinates": [ [ -81.663160805555563, 26.62212375 ], [ -81.662354694444446, 26.610838972222222 ] ] } },
{ "type": "Feature", "properties": { "style": "solid", "thickness": 1 }, "geometry": { "type": "LineString", "coordinates": [ [ -81.655005833333334, 26.611291972222222 ], [ -81.65581125, 26.622576805555557 ] ] } },
{ "type": "Feature", "properties": { "style": "solid", "thickness": 1 }, "geometry": { "type": "LineString", "coordinates": [ [ -81.655408472222234, 26.616980277777778 ], [ -81.662757777777784, 26.6164355 ] ] } },
{ "type": "Feature", "properties": { "style": "solid", "thickness": 1 }, "geometry": { "type": "LineString", "coordinates": [ [ -81.649285861111125, 26.620930416666667 ], [ -81.650282083333337, 26.622434972222223 ], [ -81.65156125, 26.623755444444445 ], [ -81.653082194444451, 26.62484938888889 ], [ -81.654796083333338, 26.625681666666669 ], [ -81.656647777777778, 26.626225472222224 ], [ -81.65857775, 26.62646338888889 ], [ -81.660523972222222, 26.626387694444446 ], [ -81.662423888888895, 26.626000888888889 ], [ -81.664216416666676, 26.625315361111113 ], [ -81.665843888888901, 26.624353166666666 ], [ -81.66725405555556, 26.62314525 ], [ -81.668401527777789, 26.621730416666669 ], [ -81.669249472222234, 26.620154166666666 ], [ -81.669770638888892, 26.618467138888889 ], [ -81.669948277777777, 26.616723611111112 ], [ -81.669776694444451, 26.614979555555557 ], [ -81.669261444444444, 26.613291083333333 ], [ -81.668419083333333, 26.611712444444446 ], [ -81.667276666666666, 26.610294361111112 ], [ -81.665870972222223, 26.609082416666666 ], [ -81.664247166666669, 26.60811552777778 ], [ -81.662457388888896, 26.607424805555556 ], [ -81.660559194444446, 26.607032444444446 ], [ -81.658613583333334, 26.606951 ], [ -81.656683055555561, 26.607183166666669 ], [ -81.654829638888899, 26.607721416666667 ], [ -81.653112916666672, 26.608548472222225 ], [ -81.651588027777777, 26.609637777777778 ], [ -81.650304, 26.610954333333336 ], [ -81.649302111111112, 26.612455777777779 ], [ -81.648614527777781, 26.614093916666668 ], [ -81.64826341666668, 26.615816083333335 ], [ -81.648260055555568, 26.617566916666668 ], [ -81.648604555555565, 26.619290166666666 ], [ -81.649285861111125, 26.620930416666667 ] ] } },
{ "type": "Feature", "properties": { "style": "solid", "thickness": 1 }, "geometry": { "type": "LineString", "coordinates": [ [ -81.664362694444449, 25.9954925 ], [ -81.660818111111112, 25.995713805555557 ] ] } },
{ "type": "Feature", "properties": { "style": "solid", "thickness": 1 }, "geometry": { "type": "LineString", "coordinates": [ [ -81.673133222222233, 26.002393333333334 ], [ -81.673378416666665, 26.005596611111113 ] ] } },
{ "type": "Feature", "properties": { "style": "solid", "thickness": 1 }, "geometry": { "type": "LineString", "coordinates": [ [ -81.671998472222228, 25.987566611111113 ], [ -81.671753333333342, 25.984363305555558 ] ] } },
{ "type": "Feature", "properties": { "style": "solid", "thickness": 1 }, "geometry": { "type": "LineString", "coordinates": [ [ -81.680768861111119, 25.994467 ], [ -81.684313388888896, 25.994245194444446 ] ] } },
{ "type": "Feature", "properties": { "style": "solid", "thickness": 1 }, "geometry": { "type": "LineString", "coordinates": [ [ -81.676577805555567, 26.001428527777779 ], [ -81.677336222222223, 26.000993444444443 ], [ -81.678076694444442, 26.00045438888889 ], [ -81.6787765, 25.99980727777778 ], [ -81.679409944444444, 25.999053111111113 ], [ -81.679950083333338, 25.998199111111113 ], [ -81.680371138888887, 25.997259611111112 ], [ -81.680651055555558, 25.996255805555556 ], [ -81.680774388888892, 25.995214555555556 ], [ -81.680734361111121, 25.994166222222223 ], [ -81.68053375, 25.993141833333333 ], [ -81.680184527777783, 25.99217 ], [ -81.679706111111116, 25.99127438888889 ], [ -81.679122944444444, 25.99047227777778 ], [ -81.678461611111118, 25.989773833333334 ], [ -81.677748305555554, 25.989182583333335 ], [ -81.67700697222223, 25.9886965 ], [ -81.676236833333334, 25.988299861111113 ], [ -81.675379777777778, 25.987965694444444 ], [ -81.674436388888893, 25.987710694444445 ], [ -81.673418222222224, 25.98755475 ], [ -81.672343527777784, 25.987516277777779 ], [ -81.671236944444445, 25.98761002777778 ], [ -81.670128444444444, 25.987845 ], [ -81.669051111111116, 25.988222611111112 ], [ -81.668038166666676, 25.988735805555557 ], [ -81.667119638888892, 25.989369416666669 ], [ -81.666319444444454, 25.990101472222221 ], [ -81.665653555555565, 25.990905722222223 ], [ -81.665129138888901, 25.991754416666666 ], [ -81.664745083333344, 25.992620805555557 ], [ -81.664493555555566, 25.993481194444445 ], [ -81.664361805555558, 25.99431636111111 ], [ -81.664334416666676, 25.995117111111114 ], [ -81.664406444444452, 25.995942277777779 ], [ -81.664592416666679, 25.996800722222222 ], [ -81.664906694444454, 25.997675027777778 ], [ -81.665359638888901, 25.998543138888891 ], [ -81.66595550000001, 25.999379222222224 ], [ -81.666690777777788, 26.0001555 ], [ -81.667553194444451, 26.000844583333333 ], [ -81.668522, 26.001422333333334 ], [ -81.669569361111115, 26.001870444444446 ], [ -81.670663083333338, 26.002178333333333 ], [ -81.67176969444445, 26.002343805555554 ], [ -81.67285775, 26.002372861111112 ], [ -81.67390022222223, 26.002277916666667 ], [ -81.674876194444451, 26.002075944444446 ], [ -81.675771416666677, 26.001786277777779 ], [ -81.676577805555567, 26.001428527777779 ] ] } },
{ "type": "Feature", "properties": { "style": "solid", "thickness": 1 }, "geometry": { "type": "LineString", "coordinates": [ [ -81.7020575, 26.643857805555555 ], [ -81.698492888888893, 26.644080083333332 ] ] } },
{ "type": "Feature", "properties": { "style": "solid", "thickness": 1 }, "geometry": { "type": "LineString", "coordinates": [ [ -81.710880027777776, 26.65075625 ], [ -81.711127694444443, 26.653959472222219 ] ] } },
{ "type": "Feature", "properties": { "style": "solid", "thickness": 1 }, "geometry": { "type": "LineString", "coordinates": [ [ -81.709733972222224, 26.635929944444445 ], [ -81.709486388888891, 26.632726722222223 ] ] } },
{ "type": "Feature", "properties": { "style": "solid", "thickness": 1 }, "geometry": { "type": "LineString", "coordinates": [ [ -81.718556361111112, 26.642827916666665 ], [ -81.722120888888895, 26.642605166666666 ] ] } },
{ "type": "Feature", "properties": { "style": "solid", "thickness": 1 }, "geometry": { "type": "LineString", "coordinates": [ [ -81.714343833333331, 26.649790555555555 ], [ -81.715106388888898, 26.64935525 ], [ -81.715850888888895, 26.648816 ], [ -81.716554444444441, 26.648168722222223 ], [ -81.717191222222226, 26.647414388888887 ], [ -81.717734166666673, 26.64656025 ], [ -81.718157277777777, 26.645620638888889 ], [ -81.718438444444445, 26.64461675 ], [ -81.718562138888885, 26.643575472222221 ], [ -81.718521527777781, 26.642527166666667 ], [ -81.718319444444447, 26.641502833333334 ], [ -81.717967916666666, 26.640531083333332 ], [ -81.71748652777778, 26.639635638888887 ], [ -81.716899777777783, 26.638833694444443 ], [ -81.716234472222226, 26.638135416666668 ], [ -81.715516916666672, 26.637544361111111 ], [ -81.714771222222225, 26.637058472222222 ], [ -81.713996583333341, 26.636662027777778 ], [ -81.713134555555555, 26.636328111111112 ], [ -81.71218572222223, 26.636073361111112 ], [ -81.71116175, 26.635917694444444 ], [ -81.710080944444442, 26.6358795 ], [ -81.708968111111119, 26.635973555555555 ], [ -81.707853416666666, 26.636208805555555 ], [ -81.706770111111112, 26.636586694444443 ], [ -81.705751611111111, 26.637100194444443 ], [ -81.704828055555552, 26.637734027777778 ], [ -81.704023583333338, 26.638466277777777 ], [ -81.703354194444444, 26.63927075 ], [ -81.702827083333332, 26.640119555555554 ], [ -81.702441138888886, 26.640986027777778 ], [ -81.702188444444445, 26.6418465 ], [ -81.702056222222225, 26.642681694444445 ], [ -81.70202894444445, 26.643482444444444 ], [ -81.702101666666664, 26.644307583333333 ], [ -81.70228897222222, 26.645165972222223 ], [ -81.702605305555565, 26.646040194444446 ], [ -81.703061111111111, 26.646908166666666 ], [ -81.703660638888891, 26.647744083333333 ], [ -81.704400333333339, 26.648520166666668 ], [ -81.705267861111111, 26.649209027777776 ], [ -81.706242333333336, 26.649786527777778 ], [ -81.70729580555556, 26.65023436111111 ], [ -81.708395805555554, 26.650541916666665 ], [ -81.709508777777785, 26.65070711111111 ], [ -81.710603, 26.650735861111109 ], [ -81.711651333333336, 26.650640638888888 ], [ -81.712632805555558, 26.650438416666667 ], [ -81.713532972222225, 26.6501485 ], [ -81.714343833333331, 26.649790555555555 ] ] } },
{ "type": "Feature", "properties": { "style": "solid", "thickness": 1 }, "geometry": { "type": "LineString", "coordinates": [ [ -82.211846388888887, 26.604005027777781 ], [ -82.208284027777779, 26.604240111111114 ] ] } },
{ "type": "Feature", "properties": { "style": "solid", "thickness": 1 }, "geometry": { "type": "LineString", "coordinates": [ [ -82.220696527777775, 26.610871694444445 ], [ -82.220958361111116, 26.614074 ] ] } },
{ "type": "Feature", "properties": { "style": "solid", "thickness": 1 }, "geometry": { "type": "LineString", "coordinates": [ [ -82.21948477777778, 26.596049555555556 ], [ -82.219223027777787, 26.59284725 ] ] } },
{ "type": "Feature", "properties": { "style": "solid", "thickness": 1 }, "geometry": { "type": "LineString", "coordinates": [ [ -82.22833475, 26.60291575 ], [ -82.231897027777777, 26.602680166666669 ] ] } },
{ "type": "Feature", "properties": { "style": "solid", "thickness": 1 }, "geometry": { "type": "LineString", "coordinates": [ [ -82.224154777777784, 26.609893527777778 ], [ -82.224915111111116, 26.609455472222223 ], [ -82.225656944444452, 26.608913555555556 ], [ -82.226357361111113, 26.60826375 ], [ -82.22699055555556, 26.607507111111111 ], [ -82.2275295, 26.606651027777779 ], [ -82.227948277777784, 26.605709888888889 ], [ -82.228224861111116, 26.604705 ], [ -82.228343888888887, 26.60366327777778 ], [ -82.228298611111114, 26.60261513888889 ], [ -82.228092055555564, 26.601591527777778 ], [ -82.227736305555553, 26.600621055555557 ], [ -82.227251083333329, 26.59972733333333 ], [ -82.226661, 26.5989275 ], [ -82.225992805555563, 26.598231638888887 ], [ -82.225272888888895, 26.597643138888888 ], [ -82.224525277777786, 26.597159972222222 ], [ -82.223749138888891, 26.596766305555555 ], [ -82.222885944444442, 26.596435472222222 ], [ -82.221936333333332, 26.596184166666667 ], [ -82.220912027777786, 26.596032194444444 ], [ -82.219831416666665, 26.595997861111108 ], [ -82.218719416666673, 26.596095916666666 ], [ -82.21760616666667, 26.596335194444443 ], [ -82.216524944444444, 26.596716972222222 ], [ -82.215509055555557, 26.597234138888886 ], [ -82.214588666666671, 26.597871277777777 ], [ -82.21378775, 26.598606444444442 ], [ -82.213122166666665, 26.599413305555554 ], [ -82.212599027777784, 26.600264027777779 ], [ -82.212217083333343, 26.601131861111114 ], [ -82.211968333333331, 26.60199325 ], [ -82.211839861111116, 26.602828916666667 ], [ -82.211816166666665, 26.60362975 ], [ -82.211892527777778, 26.604454638888889 ], [ -82.212083583333339, 26.605312361111114 ], [ -82.21240372222222, 26.606185444444446 ], [ -82.212863222222225, 26.60705175 ], [ -82.213466277777783, 26.607885527777778 ], [ -82.214209166666663, 26.608658944444446 ], [ -82.215079444444441, 26.609344666666669 ], [ -82.216056166666675, 26.609918666666669 ], [ -82.217111222222229, 26.610362694444447 ], [ -82.21821222222222, 26.610666305555558 ], [ -82.219325527777784, 26.6108275 ], [ -82.220419472222218, 26.610852305555557 ], [ -82.221467027777777, 26.610753305555559 ], [ -82.222447222222229, 26.610547555555556 ], [ -82.223345805555553, 26.61025438888889 ], [ -82.224154777777784, 26.609893527777778 ] ] } },
{ "type": "Feature", "properties": { "style": "solid", "thickness": 1 }, "geometry": { "type": "LineString", "coordinates": [ [ -81.889079833333341, 26.733268888888887 ], [ -81.885512805555564, 26.733495833333333 ] ] } },
{ "type": "Feature", "properties": { "style": "solid", "thickness": 1 }, "geometry": { "type": "LineString", "coordinates": [ [ -81.897920555555558, 26.740155583333333 ], [ -81.898173638888892, 26.743358444444446 ] ] } },
{ "type": "Feature", "properties": { "style": "solid", "thickness": 1 }, "geometry": { "type": "LineString", "coordinates": [ [ -81.896749305555559, 26.725330972222221 ], [ -81.896496305555559, 26.722128111111111 ] ] } },
{ "type": "Feature", "properties": { "style": "solid", "thickness": 1 }, "geometry": { "type": "LineString", "coordinates": [ [ -81.905589888888898, 26.732217222222221 ], [ -81.909156833333341, 26.73198975 ] ] } },
{ "type": "Feature", "properties": { "style": "solid", "thickness": 1 }, "geometry": { "type": "LineString", "coordinates": [ [ -81.901385472222231, 26.739185305555555 ], [ -81.902147916666678, 26.738749027777779 ], [ -81.902892111111115, 26.738208805555555 ], [ -81.903595138888889, 26.737560583333334 ], [ -81.904231194444449, 26.736805416666666 ], [ -81.904773166666672, 26.735950583333334 ], [ -81.905195083333339, 26.735010416666668 ], [ -81.905474805555556, 26.734006166666667 ], [ -81.905596888888894, 26.73296475 ], [ -81.905554555555568, 26.7319165 ], [ -81.905350638888891, 26.730892472222219 ], [ -81.90499725, 26.729921194444444 ], [ -81.904514, 26.72902636111111 ], [ -81.9039255, 26.728225194444441 ], [ -81.9032585, 26.727527833333333 ], [ -81.902539444444457, 26.726937722222221 ], [ -81.90179236111112, 26.726452833333333 ], [ -81.901016472222224, 26.726057416666666 ], [ -81.900153222222229, 26.725724611111108 ], [ -81.899203222222226, 26.725471138888889 ], [ -81.898178194444455, 26.725316833333331 ], [ -81.8970965, 26.725280055555555 ], [ -81.895982944444455, 26.725375583333332 ], [ -81.89486777777779, 26.725612305555554 ], [ -81.893784222222223, 26.725991638888889 ], [ -81.89276575, 26.726506444444443 ], [ -81.891842527777783, 26.7271415 ], [ -81.891038638888901, 26.727874833333331 ], [ -81.890370027777792, 26.728680138888887 ], [ -81.88984388888889, 26.729529638888888 ], [ -81.889459055555562, 26.730396611111111 ], [ -81.889207583333345, 26.731257416666665 ], [ -81.889076638888895, 26.73209275 ], [ -81.889050638888889, 26.732893527777776 ], [ -81.88912475, 26.733718583333335 ], [ -81.88931361111112, 26.734576722222222 ], [ -81.889631638888901, 26.7354505 ], [ -81.89008922222223, 26.736317861111111 ], [ -81.890690583333338, 26.737153 ], [ -81.891432111111115, 26.737928083333333 ], [ -81.892301472222229, 26.738615777777778 ], [ -81.89327763888889, 26.739192 ], [ -81.894332666666671, 26.739638416666669 ], [ -81.895434027777782, 26.73994452777778 ], [ -81.896548138888889, 26.740108277777779 ], [ -81.89764325, 26.740135555555558 ], [ -81.898692277777783, 26.740038972222223 ], [ -81.899674166666671, 26.739835444444445 ], [ -81.900574583333338, 26.739544333333335 ], [ -81.901385472222231, 26.739185305555555 ] ] } },
{ "type": "Feature", "properties": { "style": "solid", "thickness": 1 }, "geometry": { "type": "LineString", "coordinates": [ [ -81.59903488888888, 26.445793166666668 ], [ -81.59547625, 26.446012833333334 ] ] } },
{ "type": "Feature", "properties": { "style": "solid", "thickness": 1 }, "geometry": { "type": "LineString", "coordinates": [ [ -81.607835944444432, 26.452698111111111 ], [ -81.608080305555546, 26.455901555555556 ] ] } },
{ "type": "Feature", "properties": { "style": "solid", "thickness": 1 }, "geometry": { "type": "LineString", "coordinates": [ [ -81.606705194444444, 26.43787075 ], [ -81.606460944444436, 26.434667277777777 ] ] } },
{ "type": "Feature", "properties": { "style": "solid", "thickness": 1 }, "geometry": { "type": "LineString", "coordinates": [ [ -81.61550613888889, 26.44477525 ], [ -81.619064694444432, 26.444555083333334 ] ] } },
{ "type": "Feature", "properties": { "style": "solid", "thickness": 1 }, "geometry": { "type": "LineString", "coordinates": [ [ -81.611294638888879, 26.451734916666666 ], [ -81.61205625, 26.451300166666666 ], [ -81.61279997222222, 26.450761444444442 ], [ -81.613502888888888, 26.450114666666664 ], [ -81.61413925, 26.449360777777777 ], [ -81.614682027777775, 26.448507027777779 ], [ -81.61510525, 26.447567722222221 ], [ -81.615386833333332, 26.446564 ], [ -81.61551125, 26.445522805555555 ], [ -81.615471638888877, 26.444474472222222 ], [ -81.615270833333327, 26.443449972222222 ], [ -81.614920777777769, 26.442477944444445 ], [ -81.614441027777772, 26.44158213888889 ], [ -81.613856027777771, 26.44077975 ], [ -81.61319247222221, 26.440080972222223 ], [ -81.612476694444439, 26.439489388888891 ], [ -81.611732722222214, 26.439002972222223 ], [ -81.610959777777765, 26.438605944444443 ], [ -81.61009955555555, 26.438271388888889 ], [ -81.609152583333326, 26.438015944444444 ], [ -81.608130527777774, 26.437859527777778 ], [ -81.607051638888876, 26.437820555555557 ], [ -81.605940638888882, 26.437913805555556 ], [ -81.604827666666665, 26.43814825 ], [ -81.603745888888881, 26.438525361111111 ], [ -81.602728666666664, 26.43903811111111 ], [ -81.60180613888889, 26.439671277777776 ], [ -81.60100241666666, 26.440402972222223 ], [ -81.600333444444445, 26.441206944444446 ], [ -81.599806472222213, 26.442055388888889 ], [ -81.599420416666661, 26.44292161111111 ], [ -81.59916741666666, 26.443781888888889 ], [ -81.599034666666668, 26.444617 ], [ -81.599006694444441, 26.44541775 ], [ -81.59907855555555, 26.446242972222223 ], [ -81.599264777777776, 26.4471015 ], [ -81.599579777777777, 26.447975972222224 ], [ -81.600034027777767, 26.448844277777777 ], [ -81.60063175, 26.449680666666666 ], [ -81.601369472222217, 26.450457277777776 ], [ -81.602234888888887, 26.451146777777776 ], [ -81.603207166666664, 26.451725 ], [ -81.60425838888888, 26.452173583333334 ], [ -81.605356222222213, 26.45248197222222 ], [ -81.606467111111101, 26.45264797222222 ], [ -81.60755941666666, 26.452677527777777 ], [ -81.608606027777768, 26.452583055555554 ], [ -81.60958597222222, 26.452381555555554 ], [ -81.610484861111104, 26.452092277777776 ], [ -81.611294638888879, 26.451734916666666 ] ] } },
{ "type": "Feature", "properties": { "style": "solid", "thickness": 1 }, "geometry": { "type": "LineString", "coordinates": [ [ -81.476853805555564, 26.800816472222223 ], [ -81.473283861111113, 26.801033055555557 ] ] } },
{ "type": "Feature", "properties": { "style": "solid", "thickness": 1 }, "geometry": { "type": "LineString", "coordinates": [ [ -81.485674833333334, 26.807728805555556 ], [ -81.4859165, 26.810932333333334 ] ] } },
{ "type": "Feature", "properties": { "style": "solid", "thickness": 1 }, "geometry": { "type": "LineString", "coordinates": [ [ -81.484556416666663, 26.792900972222224 ], [ -81.484314833333329, 26.789697416666669 ] ] } },
{ "type": "Feature", "properties": { "style": "solid", "thickness": 1 }, "geometry": { "type": "LineString", "coordinates": [ [ -81.493377333333328, 26.799812833333334 ], [ -81.496947194444445, 26.79959575 ] ] } },
{ "type": "Feature", "properties": { "style": "solid", "thickness": 1 }, "geometry": { "type": "LineString", "coordinates": [ [ -81.489145305555553, 26.80676861111111 ], [ -81.48990975, 26.806334527777778 ], [ -81.490656333333334, 26.805796472222223 ], [ -81.491362138888888, 26.805150333333334 ], [ -81.492001277777774, 26.804397027777778 ], [ -81.492546666666669, 26.803543777777779 ], [ -81.492972194444448, 26.80260486111111 ], [ -81.49325572222223, 26.801601444444444 ], [ -81.493381638888891, 26.800560361111113 ], [ -81.493343055555556, 26.79951202777778 ], [ -81.493142722222217, 26.798487416666667 ], [ -81.492792611111113, 26.797515111111114 ], [ -81.492312305555558, 26.796618916666667 ], [ -81.491726361111105, 26.795816055555559 ], [ -81.4910615, 26.795116722222225 ], [ -81.490344138888887, 26.794524555555558 ], [ -81.489598361111106, 26.7940375 ], [ -81.488823444444449, 26.793639833333334 ], [ -81.487960888888892, 26.793304527777778 ], [ -81.487011277777782, 26.793048305555558 ], [ -81.48598619444445, 26.792891 ], [ -81.484903972222227, 26.792851083333336 ], [ -81.48378944444444, 26.792943361111114 ], [ -81.48267275, 26.793176861111114 ], [ -81.481587222222231, 26.793553027777779 ], [ -81.480566277777783, 26.794064861111114 ], [ -81.47964022222223, 26.794697222222222 ], [ -81.478833222222221, 26.795428194444447 ], [ -81.47816130555556, 26.796231555555558 ], [ -81.477631805555561, 26.797079527777779 ], [ -81.477243611111106, 26.797945361111111 ], [ -81.476988888888897, 26.798805416666667 ], [ -81.476854833333334, 26.799640361111113 ], [ -81.476825944444442, 26.800441055555556 ], [ -81.476897111111114, 26.801266305555558 ], [ -81.477083, 26.802124972222224 ], [ -81.477398055555554, 26.802999666666668 ], [ -81.477852777777784, 26.80386836111111 ], [ -81.478451472222218, 26.804705222222221 ], [ -81.479190638888895, 26.805482444444444 ], [ -81.480058027777773, 26.806172666666669 ], [ -81.481032694444451, 26.806751694444444 ], [ -81.482086694444448, 26.807201194444445 ], [ -81.483187638888893, 26.8075105 ], [ -81.484301777777773, 26.807677472222224 ], [ -81.485397444444445, 26.807707972222222 ], [ -81.486447416666664, 26.807614416666667 ], [ -81.487430638888895, 26.80741375 ], [ -81.488332611111119, 26.807125277777779 ], [ -81.489145305555553, 26.80676861111111 ] ] } },
{ "type": "Feature", "properties": { "style": "solid", "thickness": 1 }, "geometry": { "type": "LineString", "coordinates": [ [ -81.694942611111117, 26.117253333333334 ], [ -81.691394333333335, 26.117475416666668 ] ] } },
{ "type": "Feature", "properties": { "style": "solid", "thickness": 1 }, "geometry": { "type": "LineString", "coordinates": [ [ -81.703724277777781, 26.124152305555555 ], [ -81.70397058333333, 26.127355583333333 ] ] } },
{ "type": "Feature", "properties": { "style": "solid", "thickness": 1 }, "geometry": { "type": "LineString", "coordinates": [ [ -81.702584388888894, 26.109325722222223 ], [ -81.702338138888891, 26.106122444444445 ] ] } },
{ "type": "Feature", "properties": { "style": "solid", "thickness": 1 }, "geometry": { "type": "LineString", "coordinates": [ [ -81.711365916666665, 26.11622425 ], [ -81.714914111111113, 26.116001666666669 ] ] } },
{ "type": "Feature", "properties": { "style": "solid", "thickness": 1 }, "geometry": { "type": "LineString", "coordinates": [ [ -81.70717225, 26.12318675 ], [ -81.707931361111108, 26.1227515 ], [ -81.708672472222219, 26.122212277777777 ], [ -81.709372833333333, 26.121565 ], [ -81.71000675, 26.120810694444444 ], [ -81.71054725, 26.119956583333334 ], [ -81.7109685, 26.119016972222223 ], [ -81.71124844444445, 26.118013083333334 ], [ -81.711371638888892, 26.116971805555558 ], [ -81.711331277777774, 26.1159235 ], [ -81.711130194444451, 26.114899138888891 ], [ -81.710780333333332, 26.113927361111113 ], [ -81.710301166666667, 26.113031861111114 ], [ -81.709717194444451, 26.112229861111114 ], [ -81.709054972222219, 26.111531555555558 ], [ -81.70834075, 26.110940444444445 ], [ -81.70759847222223, 26.11045452777778 ], [ -81.70682741666667, 26.110058027777779 ], [ -81.705969361111116, 26.109724055555557 ], [ -81.705024916666673, 26.10946927777778 ], [ -81.704005638888887, 26.109313555555556 ], [ -81.702929777777783, 26.109275305555556 ], [ -81.701822055555553, 26.10936927777778 ], [ -81.700712444444449, 26.1096045 ], [ -81.699634083333336, 26.109982333333335 ], [ -81.698620194444445, 26.110495777777778 ], [ -81.697700833333343, 26.111129583333334 ], [ -81.696900027777787, 26.111861805555556 ], [ -81.696233638888899, 26.11266625 ], [ -81.695708888888888, 26.113515055555556 ], [ -81.695324666666664, 26.1143815 ], [ -81.695073083333341, 26.115241972222222 ], [ -81.694941416666666, 26.116077166666667 ], [ -81.694914194444451, 26.116877916666667 ], [ -81.694986527777786, 26.117703111111112 ], [ -81.695172944444451, 26.118561527777779 ], [ -81.695487777777785, 26.11943575 ], [ -81.695941444444443, 26.12030375 ], [ -81.69653816666667, 26.121139722222221 ], [ -81.697274416666673, 26.121915861111113 ], [ -81.698137944444454, 26.122604777777777 ], [ -81.699107916666676, 26.123182333333332 ], [ -81.7001565, 26.123630194444445 ], [ -81.701251472222225, 26.123937833333333 ], [ -81.702359305555561, 26.124103083333335 ], [ -81.7034485, 26.12413188888889 ], [ -81.704492055555562, 26.124036722222222 ], [ -81.705469027777781, 26.123834555555558 ], [ -81.706365111111111, 26.123544666666668 ], [ -81.70717225, 26.12318675 ] ] } },
{ "type": "Feature", "properties": { "style": "solid", "thickness": 1 }, "geometry": { "type": "LineString", "coordinates": [ [ -82.090239583333329, 26.583141416666667 ], [ -82.086677638888887, 26.583373444444444 ] ] } },
{ "type": "Feature", "properties": { "style": "solid", "thickness": 1 }, "geometry": { "type": "LineString", "coordinates": [ [ -82.099080777777772, 26.590015694444443 ], [ -82.099339166666667, 26.59321825 ] ] } },
{ "type": "Feature", "properties": { "style": "solid", "thickness": 1 }, "geometry": { "type": "LineString", "coordinates": [ [ -82.097885027777778, 26.5751925 ], [ -82.097626722222216, 26.571989944444443 ] ] } },
{ "type": "Feature", "properties": { "style": "solid", "thickness": 1 }, "geometry": { "type": "LineString", "coordinates": [ [ -82.106726083333328, 26.582066305555557 ], [ -82.110287944444437, 26.581833777777778 ] ] } },
{ "type": "Feature", "properties": { "style": "solid", "thickness": 1 }, "geometry": { "type": "LineString", "coordinates": [ [ -82.102539444444446, 26.5890405 ], [ -82.103300138888883, 26.588603111111109 ], [ -82.104042388888885, 26.588061805555554 ], [ -82.104743388888878, 26.587412611111109 ], [ -82.105377249999989, 26.5866565 ], [ -82.105917027777778, 26.585800888888887 ], [ -82.10633672222221, 26.584860111111109 ], [ -82.106614333333326, 26.583855472222222 ], [ -82.106734416666654, 26.582813833333333 ], [ -82.106690277777773, 26.581765666666666 ], [ -82.106484833333326, 26.580741888888888 ], [ -82.106130194444432, 26.579771083333334 ], [ -82.105646, 26.578876944444445 ], [ -82.105056861111109, 26.578076611111111 ], [ -82.104389527777769, 26.577380166666668 ], [ -82.103670388888887, 26.576791055555557 ], [ -82.102923416666655, 26.57630725 ], [ -82.102147861111106, 26.575912916666667 ], [ -82.101285166666656, 26.575581333333332 ], [ -82.100335972222211, 26.575329194444443 ], [ -82.099312027777771, 26.575176361111112 ], [ -82.098231666666663, 26.575141111111112 ], [ -82.09711975, 26.575238222222222 ], [ -82.096006444444441, 26.575476527777777 ], [ -82.094925, 26.575857388888888 ], [ -82.09390877777777, 26.576373666666665 ], [ -82.092987888888885, 26.577010027777778 ], [ -82.092186333333331, 26.5777445 ], [ -82.091520027777776, 26.578550777777778 ], [ -82.09099605555555, 26.579401055555554 ], [ -82.09061325, 26.580268583333332 ], [ -82.090363638888888, 26.58112975 ], [ -82.090234305555555, 26.581965305555556 ], [ -82.09020975, 26.582766111111113 ], [ -82.090285222222221, 26.583591083333332 ], [ -82.090475361111103, 26.584448972222223 ], [ -82.0907945, 26.585322305555554 ], [ -82.091253, 26.586189027777777 ], [ -82.091855027777768, 26.587023305555554 ], [ -82.092596972222211, 26.587797361111111 ], [ -82.093466388888885, 26.588483861111111 ], [ -82.094442277777773, 26.589058666666666 ], [ -82.095496694444435, 26.589503611111109 ], [ -82.096597166666669, 26.589808166666664 ], [ -82.097710083333325, 26.589970305555553 ], [ -82.098803833333335, 26.589996055555556 ], [ -82.099851277777773, 26.589897972222222 ], [ -82.100831527777771, 26.589693055555554 ], [ -82.101730249999989, 26.589400666666666 ], [ -82.102539444444446, 26.5890405 ] ] } },
{ "type": "Feature", "properties": { "style": "solid", "thickness": 1 }, "geometry": { "type": "LineString", "coordinates": [ [ -81.381829666666661, 25.849132055555554 ], [ -81.378289055555555, 25.849346277777776 ] ] } },
{ "type": "Feature", "properties": { "style": "solid", "thickness": 1 }, "geometry": { "type": "LineString", "coordinates": [ [ -81.390572111111112, 25.856050361111112 ], [ -81.390809138888898, 25.859254083333333 ] ] } },
{ "type": "Feature", "properties": { "style": "solid", "thickness": 1 }, "geometry": { "type": "LineString", "coordinates": [ [ -81.389475194444458, 25.841221666666666 ], [ -81.389238222222232, 25.838017916666665 ] ] } },
{ "type": "Feature", "properties": { "style": "solid", "thickness": 1 }, "geometry": { "type": "LineString", "coordinates": [ [ -81.3982175, 25.8481395 ], [ -81.401758027777788, 25.847924805555554 ] ] } },
{ "type": "Feature", "properties": { "style": "solid", "thickness": 1 }, "geometry": { "type": "LineString", "coordinates": [ [ -81.394014694444451, 25.8550925 ], [ -81.394773194444454, 25.854658944444445 ], [ -81.395514055555566, 25.854121361111112 ], [ -81.396214555555559, 25.853475694444445 ], [ -81.39684902777779, 25.852722805555558 ], [ -81.397390611111121, 25.851869916666669 ], [ -81.397813416666679, 25.850931277777779 ], [ -81.398095416666678, 25.849928027777775 ], [ -81.398221166666673, 25.848887055555554 ], [ -81.39818375, 25.847838666666664 ], [ -81.39798591666667, 25.846813888888889 ], [ -81.397639527777784, 25.845841361111109 ], [ -81.397163916666671, 25.844944833333333 ], [ -81.396583472222233, 25.844141555555556 ], [ -81.395924694444446, 25.843441805555553 ], [ -81.395213750000011, 25.842849138888887 ], [ -81.394474527777788, 25.842361583333332 ], [ -81.393706361111114, 25.841963388888889 ], [ -81.392851194444447, 25.8416275 ], [ -81.39190963888889, 25.841370638888886 ], [ -81.390893166666672, 25.841212638888887 ], [ -81.389819916666667, 25.841172 ], [ -81.3887145, 25.841263527777777 ], [ -81.387606861111124, 25.841496277777775 ], [ -81.386529972222235, 25.841871722222223 ], [ -81.385517055555567, 25.842382888888888 ], [ -81.38459813888889, 25.843014611111109 ], [ -81.383797166666668, 25.843745055555555 ], [ -81.38313016666666, 25.84454797222222 ], [ -81.382604333333333, 25.845395611111108 ], [ -81.382218638888887, 25.846261194444445 ], [ -81.381965305555553, 25.847121083333331 ], [ -81.381831694444443, 25.847955944444443 ], [ -81.381802361111099, 25.84875661111111 ], [ -81.381872277777774, 25.849581944444445 ], [ -81.382055916666658, 25.850440722222224 ], [ -81.38236763888888, 25.851315638888892 ], [ -81.38281788888888, 25.85218463888889 ], [ -81.383410944444449, 25.85302191666667 ], [ -81.384143361111114, 25.853799638888891 ], [ -81.385003, 25.854490444444444 ], [ -81.385969138888896, 25.855070138888891 ], [ -81.387014083333341, 25.855520361111111 ], [ -81.388105638888902, 25.85583038888889 ], [ -81.389210444444444, 25.855998111111113 ], [ -81.390297027777791, 25.856029333333336 ], [ -81.39133841666667, 25.8559365 ], [ -81.392313666666666, 25.8557365 ], [ -81.393208444444454, 25.855448611111111 ], [ -81.394014694444451, 25.8550925 ] ] } },
{ "type": "Feature", "properties": { "style": "solid", "thickness": 1 }, "geometry": { "type": "LineString", "coordinates": [ [ -82.365724694444438, 26.990674 ], [ -82.362150583333332, 26.990912944444446 ] ] } },
{ "type": "Feature", "properties": { "style": "solid", "thickness": 1 }, "geometry": { "type": "LineString", "coordinates": [ [ -82.374614083333327, 26.997530611111113 ], [ -82.374881138888881, 27.000732444444445 ] ] } },
{ "type": "Feature", "properties": { "style": "solid", "thickness": 1 }, "geometry": { "type": "LineString", "coordinates": [ [ -82.373378249999988, 26.982710694444442 ], [ -82.373111305555554, 26.97950886111111 ] ] } },
{ "type": "Feature", "properties": { "style": "solid", "thickness": 1 }, "geometry": { "type": "LineString", "coordinates": [ [ -82.3822675, 26.989566861111111 ], [ -82.385841500000012, 26.989327416666669 ] ] } },
{ "type": "Feature", "properties": { "style": "solid", "thickness": 1 }, "geometry": { "type": "LineString", "coordinates": [ [ -82.37808275, 26.99654875 ], [ -82.378845083333331, 26.996109916666668 ], [ -82.379588694444436, 26.995567194444444 ], [ -82.380290611111107, 26.994916666666668 ], [ -82.380924944444445, 26.994159388888889 ], [ -82.381464555555553, 26.993302777777778 ], [ -82.381883472222214, 26.99236125 ], [ -82.382159638888879, 26.991356111111113 ], [ -82.38227763888888, 26.990314333333334 ], [ -82.382230833333324, 26.989266305555557 ], [ -82.382022166666658, 26.988242972222224 ], [ -82.381663916666653, 26.987272944444445 ], [ -82.38117583333333, 26.986379805555558 ], [ -82.380582666666655, 26.985580666666667 ], [ -82.379911277777765, 26.984885555555557 ], [ -82.379188111111105, 26.984297888888889 ], [ -82.378437333333324, 26.983815555555555 ], [ -82.37765802777777, 26.98342275 ], [ -82.376791444444436, 26.983092888888887 ], [ -82.375838277777774, 26.98284261111111 ], [ -82.374810305555542, 26.982691777777777 ], [ -82.373726, 26.982658638888886 ], [ -82.3726103611111, 26.982757888888887 ], [ -82.371493638888879, 26.982998361111111 ], [ -82.37040925, 26.983381305555557 ], [ -82.369390638888888, 26.98389952777778 ], [ -82.368468, 26.984537638888892 ], [ -82.367665361111108, 26.985273611111111 ], [ -82.3669986111111, 26.986081166666668 ], [ -82.366474833333328, 26.986932388888889 ], [ -82.36609275, 26.987800611111112 ], [ -82.365844333333328, 26.988662194444444 ], [ -82.365716555555551, 26.989497944444444 ], [ -82.365693861111112, 26.990298777777777 ], [ -82.365771583333327, 26.991123527777777 ], [ -82.365964472222217, 26.991981 ], [ -82.366286861111107, 26.992853666666669 ], [ -82.366749083333332, 26.993719444444444 ], [ -82.367355305555549, 26.9945525 ], [ -82.36810175, 26.995325055555558 ], [ -82.368975916666656, 26.996009805555556 ], [ -82.369956722222213, 26.996582694444445 ], [ -82.37101597222221, 26.997025555555556 ], [ -82.372121111111099, 26.997327944444447 ], [ -82.373238388888879, 26.997487916666667 ], [ -82.374336083333333, 26.997511527777778 ], [ -82.375387055555549, 26.997411388888889 ], [ -82.376370305555554, 26.997204583333335 ], [ -82.377271527777765, 26.996910472222222 ], [ -82.37808275, 26.99654875 ] ] } },
{ "type": "Feature", "properties": { "style": "solid", "thickness": 1 }, "geometry": { "type": "LineString", "coordinates": [ [ -81.55879644444444, 26.937742833333335 ], [ -81.555222361111106, 26.937961472222224 ] ] } },
{ "type": "Feature", "properties": { "style": "solid", "thickness": 1 }, "geometry": { "type": "LineString", "coordinates": [ [ -81.567633027777774, 26.94464988888889 ], [ -81.567877277777768, 26.947853194444445 ] ] } },
{ "type": "Feature", "properties": { "style": "solid", "thickness": 1 }, "geometry": { "type": "LineString", "coordinates": [ [ -81.566502611111105, 26.929823083333336 ], [ -81.56625841666667, 26.92661975 ] ] } },
{ "type": "Feature", "properties": { "style": "solid", "thickness": 1 }, "geometry": { "type": "LineString", "coordinates": [ [ -81.575339055555546, 26.936729666666668 ], [ -81.578913055555546, 26.936510527777777 ] ] } },
{ "type": "Feature", "properties": { "style": "solid", "thickness": 1 }, "geometry": { "type": "LineString", "coordinates": [ [ -81.571106972222225, 26.943687722222222 ], [ -81.571872027777772, 26.943253222222221 ], [ -81.572619111111109, 26.94271475 ], [ -81.573325305555556, 26.942068194444445 ], [ -81.573964666666669, 26.941314527777777 ], [ -81.574510083333323, 26.940461 ], [ -81.574935472222222, 26.93952186111111 ], [ -81.575218611111111, 26.938518305555554 ], [ -81.575343944444441, 26.937477194444444 ], [ -81.575304555555547, 26.936428888888891 ], [ -81.575103222222225, 26.935404416666668 ], [ -81.574752, 26.934432333333334 ], [ -81.574270472222224, 26.933536444444446 ], [ -81.57368325, 26.932733944444447 ], [ -81.573017083333326, 26.932035027777779 ], [ -81.572298444444442, 26.931443277777777 ], [ -81.571551416666665, 26.930956666666667 ], [ -81.570775305555557, 26.930559444444444 ], [ -81.569911472222216, 26.930224666666668 ], [ -81.568960527777776, 26.929968972222223 ], [ -81.567934111111114, 26.929812277777778 ], [ -81.566850555555547, 26.929773 ], [ -81.56573475, 26.929865916666667 ], [ -81.564616888888892, 26.93010002777778 ], [ -81.563530333333333, 26.930476805555557 ], [ -81.56250852777778, 26.93098925 ], [ -81.561581805555548, 26.931622111111114 ], [ -81.560774361111115, 26.932353527777778 ], [ -81.560102222222213, 26.933157277777777 ], [ -81.559572694444441, 26.934005527777778 ], [ -81.559184666666667, 26.934871555555556 ], [ -81.55893025, 26.93573175 ], [ -81.558796638888893, 26.93656675 ], [ -81.558768277777773, 26.937367444444444 ], [ -81.558840138888883, 26.938192638888889 ], [ -81.559026861111107, 26.939051166666665 ], [ -81.559342916666665, 26.939925666666667 ], [ -81.559798805555559, 26.940794055555557 ], [ -81.56039880555555, 26.941630555555555 ], [ -81.561139444444436, 26.942407333333332 ], [ -81.562008333333324, 26.943097055555555 ], [ -81.562984611111105, 26.9436755 ], [ -81.564040222222218, 26.944124388888888 ], [ -81.565142666666659, 26.944433055555557 ], [ -81.566258277777777, 26.944599361111113 ], [ -81.567355305555552, 26.944629222222222 ], [ -81.568406472222222, 26.944535055555555 ], [ -81.569390694444436, 26.944333833333335 ], [ -81.570293583333324, 26.944044833333333 ], [ -81.571106972222225, 26.943687722222222 ] ] } },
{ "type": "Feature", "properties": { "style": "solid", "thickness": 1 }, "geometry": { "type": "LineString", "coordinates": [ [ -81.33420127777778, 27.456801083333332 ], [ -81.330610444444446, 27.457014055555554 ] ] } },
{ "type": "Feature", "properties": { "style": "solid", "thickness": 1 }, "geometry": { "type": "LineString", "coordinates": [ [ -81.34306458333333, 27.463721111111109 ], [ -81.343303638888884, 27.466924361111108 ] ] } },
{ "type": "Feature", "properties": { "style": "solid", "thickness": 1 }, "geometry": { "type": "LineString", "coordinates": [ [ -81.341958333333324, 27.448894666666668 ], [ -81.341719361111103, 27.445691416666666 ] ] } },
{ "type": "Feature", "properties": { "style": "solid", "thickness": 1 }, "geometry": { "type": "LineString", "coordinates": [ [ -81.3508215, 27.455814222222223 ], [ -81.35441225, 27.455600777777779 ] ] } },
{ "type": "Feature", "properties": { "style": "solid", "thickness": 1 }, "geometry": { "type": "LineString", "coordinates": [ [ -81.346556305555552, 27.462764583333332 ], [ -81.347325722222223, 27.462331361111112 ], [ -81.348077305555549, 27.461794138888887 ], [ -81.348787972222212, 27.461148805555556 ], [ -81.349431777777767, 27.46039625 ], [ -81.349981361111105, 27.459543694444445 ], [ -81.350410555555555, 27.458605388888888 ], [ -81.35069697222221, 27.457602416666667 ], [ -81.350824916666667, 27.456561666666666 ], [ -81.350787416666662, 27.455513444444442 ], [ -81.350587194444444, 27.454488805555556 ], [ -81.350236305555555, 27.453516305555556 ], [ -81.34975436111111, 27.452619777777777 ], [ -81.34916602777777, 27.451816472222223 ], [ -81.348498194444446, 27.451116611111111 ], [ -81.347777444444446, 27.450523777777779 ], [ -81.347027972222222, 27.450036083333334 ], [ -81.346249083333333, 27.449637694444444 ], [ -81.345381972222214, 27.449301583333334 ], [ -81.344427166666662, 27.449044444444446 ], [ -81.343396388888891, 27.448886138888888 ], [ -81.342307972222216, 27.448845138888888 ], [ -81.341186861111112, 27.448936277777779 ], [ -81.340063444444439, 27.449168611111112 ], [ -81.338971166666667, 27.44954361111111 ], [ -81.337943694444434, 27.450054361111111 ], [ -81.337011499999988, 27.450685666666665 ], [ -81.336198888888887, 27.451415722222222 ], [ -81.335522111111104, 27.452218277777778 ], [ -81.334988472222221, 27.453065555555554 ], [ -81.334596944444442, 27.453930861111111 ], [ -81.334339666666665, 27.4547905 ], [ -81.334203805555546, 27.455625194444444 ], [ -81.334173722222218, 27.456425694444444 ], [ -81.334244277777771, 27.45725088888889 ], [ -81.334430138888891, 27.458109611111109 ], [ -81.334745944444435, 27.458984472222223 ], [ -81.335202194444435, 27.459853472222221 ], [ -81.335803277777771, 27.460690777777778 ], [ -81.33654575, 27.461468638888888 ], [ -81.337417277777774, 27.462159611111112 ], [ -81.338396833333334, 27.462739527777778 ], [ -81.339456388888891, 27.46319 ], [ -81.340563277777775, 27.463500361111109 ], [ -81.341683666666668, 27.463668416666668 ], [ -81.342785611111111, 27.4637 ], [ -81.343841777777769, 27.463607527777778 ], [ -81.344830916666666, 27.463407888888888 ], [ -81.345738472222223, 27.463120361111109 ], [ -81.346556305555552, 27.462764583333332 ] ] } },
{ "type": "Feature", "properties": { "style": "solid", "thickness": 1 }, "geometry": { "type": "LineString", "coordinates": [ [ -82.432147055555561, 27.072299722222223 ], [ -82.428570527777779, 27.072540333333333 ] ] } },
{ "type": "Feature", "properties": { "style": "solid", "thickness": 1 }, "geometry": { "type": "LineString", "coordinates": [ [ -82.441046833333331, 27.079152055555554 ], [ -82.441315944444455, 27.082353694444443 ] ] } },
{ "type": "Feature", "properties": { "style": "solid", "thickness": 1 }, "geometry": { "type": "LineString", "coordinates": [ [ -82.439801472222229, 27.064332972222221 ], [ -82.439532472222226, 27.061131305555556 ] ] } },
{ "type": "Feature", "properties": { "style": "solid", "thickness": 1 }, "geometry": { "type": "LineString", "coordinates": [ [ -82.448701083333333, 27.07118486111111 ], [ -82.452277527777781, 27.07094375 ] ] } },
{ "type": "Feature", "properties": { "style": "solid", "thickness": 1 }, "geometry": { "type": "LineString", "coordinates": [ [ -82.44451741666667, 27.078168583333333 ], [ -82.445280027777784, 27.077729388888887 ], [ -82.446023861111115, 27.077186333333334 ], [ -82.446725916666665, 27.0765355 ], [ -82.44736025, 27.075777944444443 ], [ -82.44789975, 27.074921083333333 ], [ -82.448318416666666, 27.073979388888887 ], [ -82.448594194444453, 27.072974138888888 ], [ -82.448711666666668, 27.071932305555556 ], [ -82.448664194444447, 27.070884333333332 ], [ -82.448454805555556, 27.069861111111109 ], [ -82.44809572222222, 27.068891277777777 ], [ -82.447606777777779, 27.067998388888888 ], [ -82.447012722222226, 27.067199527777777 ], [ -82.446340444444445, 27.06650475 ], [ -82.445616416666667, 27.065917444444445 ], [ -82.444864805555554, 27.065435444444446 ], [ -82.444084722222229, 27.065043027777779 ], [ -82.443217333333337, 27.064713583333333 ], [ -82.442263333333344, 27.06446375 ], [ -82.44123452777778, 27.064313388888891 ], [ -82.440149444444444, 27.06428075 ], [ -82.439033055555555, 27.064380527777779 ], [ -82.437915694444442, 27.064621527777778 ], [ -82.43683075, 27.065004972222223 ], [ -82.435811694444453, 27.065523638888891 ], [ -82.434888777777786, 27.066162194444445 ], [ -82.434085972222221, 27.066898527777777 ], [ -82.433419222222227, 27.06770636111111 ], [ -82.432895583333334, 27.068557833333333 ], [ -82.432513722222225, 27.069426194444443 ], [ -82.43226561111112, 27.070287888888888 ], [ -82.43213825, 27.071123694444445 ], [ -82.432116, 27.0719245 ], [ -82.432194277777782, 27.072749222222221 ], [ -82.432387777777777, 27.073606555555557 ], [ -82.432710916666665, 27.074479055555557 ], [ -82.433173972222221, 27.07534461111111 ], [ -82.433781111111117, 27.07617738888889 ], [ -82.434528555555559, 27.076949555555554 ], [ -82.43540375, 27.07763388888889 ], [ -82.436385583333333, 27.078206305555554 ], [ -82.437445833333342, 27.078648666666666 ], [ -82.438551944444441, 27.078950527777778 ], [ -82.439670138888886, 27.07911 ], [ -82.440768638888898, 27.079133083333332 ], [ -82.441820305555552, 27.079032472222224 ], [ -82.442804138888889, 27.078825222222221 ], [ -82.44370583333334, 27.078530666666666 ], [ -82.44451741666667, 27.078168583333333 ] ] } },
{ "type": "Feature", "properties": { "style": "solid", "thickness": 1 }, "geometry": { "type": "LineString", "coordinates": [ [ -81.3928, 26.433652777777777 ], [ -81.389241361111118, 26.43386725 ] ] } },
{ "type": "Feature", "properties": { "style": "solid", "thickness": 1 }, "geometry": { "type": "LineString", "coordinates": [ [ -81.401587722222231, 26.440570555555556 ], [ -81.40182625, 26.44377436111111 ] ] } },
{ "type": "Feature", "properties": { "style": "solid", "thickness": 1 }, "geometry": { "type": "LineString", "coordinates": [ [ -81.40048375, 26.425741555555557 ], [ -81.400245277777785, 26.42253775 ] ] } },
{ "type": "Feature", "properties": { "style": "solid", "thickness": 1 }, "geometry": { "type": "LineString", "coordinates": [ [ -81.409271333333336, 26.432658888888891 ], [ -81.412829916666666, 26.432443916666667 ] ] } },
{ "type": "Feature", "properties": { "style": "solid", "thickness": 1 }, "geometry": { "type": "LineString", "coordinates": [ [ -81.40504775, 26.439612388888889 ], [ -81.405810083333336, 26.439178777777776 ], [ -81.406554666666679, 26.43864113888889 ], [ -81.407258666666678, 26.43799538888889 ], [ -81.407896333333341, 26.437242416666667 ], [ -81.408440583333345, 26.436389472222224 ], [ -81.408865444444444, 26.43545075 ], [ -81.40914880555556, 26.434447472222221 ], [ -81.409275083333341, 26.433406444444444 ], [ -81.409237388888897, 26.432358055555557 ], [ -81.409038444444448, 26.431333277777778 ], [ -81.408690194444446, 26.430360722222222 ], [ -81.408212083333339, 26.429464222222222 ], [ -81.407628583333334, 26.428660972222222 ], [ -81.406966361111117, 26.42796125 ], [ -81.40625175000001, 26.427368611111113 ], [ -81.405508722222223, 26.426881111111111 ], [ -81.404736583333346, 26.426482944444444 ], [ -81.403877027777781, 26.42614713888889 ], [ -81.40293063888889, 26.425890333333335 ], [ -81.40190897222223, 26.425732416666669 ], [ -81.400830250000013, 26.425691861111112 ], [ -81.399719222222231, 26.425783472222225 ], [ -81.398605916666668, 26.426016305555557 ], [ -81.397523583333339, 26.426391861111114 ], [ -81.396505555555564, 26.426903111111113 ], [ -81.395582, 26.427534944444446 ], [ -81.394777027777778, 26.428265472222222 ], [ -81.394106694444446, 26.429068444444447 ], [ -81.39357825, 26.429916138888888 ], [ -81.393190694444456, 26.430781777777778 ], [ -81.392936138888899, 26.431641722222224 ], [ -81.39280191666667, 26.432476611111113 ], [ -81.39277252777778, 26.433277305555556 ], [ -81.39284286111112, 26.434102638888888 ], [ -81.393027527777789, 26.434961444444443 ], [ -81.393340944444446, 26.435836361111111 ], [ -81.393793555555561, 26.436705333333332 ], [ -81.394389722222229, 26.437542583333332 ], [ -81.395125944444445, 26.438320305555557 ], [ -81.395990027777785, 26.439011055555557 ], [ -81.396961166666671, 26.439590694444444 ], [ -81.398011472222223, 26.440040805555554 ], [ -81.39910863888889, 26.440350805555557 ], [ -81.400219111111113, 26.440518416666666 ], [ -81.401311222222233, 26.440549555555556 ], [ -81.402357916666674, 26.44045663888889 ], [ -81.403338111111111, 26.440256555555557 ], [ -81.404237416666675, 26.439968583333332 ], [ -81.40504775, 26.439612388888889 ] ] } },
{ "type": "Feature", "properties": { "style": "solid", "thickness": 1 }, "geometry": { "type": "LineString", "coordinates": [ [ -81.7375105, 26.372032722222222 ], [ -81.737566361111107, 26.372754805555555 ], [ -81.737364305555559, 26.373613972222223 ], [ -81.736913694444439, 26.374730638888888 ], [ -81.736435111111106, 26.375486222222221 ], [ -81.735670722222224, 26.376017916666669 ], [ -81.734620472222218, 26.376325666666666 ], [ -81.732616388888886, 26.376451416666669 ], [ -81.731128111111119, 26.376302916666667 ], [ -81.730432166666674, 26.37598377777778 ], [ -81.729431805555564, 26.3752 ], [ -81.729118083333333, 26.374615027777779 ], [ -81.728776472222222, 26.37366902777778 ], [ -81.728627666666668, 26.3717435 ], [ -81.728839055555554, 26.371004694444444 ], [ -81.729846138888888, 26.36840202777778 ], [ -81.731319055555559, 26.366616638888889 ], [ -81.733680583333339, 26.364170833333336 ], [ -81.7365205, 26.36096938888889 ], [ -81.728104388888895, 26.361497388888889 ] ] } },
{ "type": "Feature", "properties": { "style": "solid", "thickness": 1 }, "geometry": { "type": "LineString", "coordinates": [ [ -81.722052111111111, 26.376992805555556 ], [ -81.720047972222218, 26.377118361111112 ], [ -81.718895916666668, 26.362195472222222 ] ] } },
{ "type": "Feature", "properties": { "style": "solid", "thickness": 1 }, "geometry": { "type": "LineString", "coordinates": [ [ -82.131422666666666, 26.222063805555553 ], [ -82.129421722222219, 26.222195166666666 ], [ -82.128218, 26.207275722222221 ] ] } },
{ "type": "Feature", "properties": { "style": "solid", "thickness": 1 }, "geometry": { "type": "LineString", "coordinates": [ [ -82.113557, 26.223356666666664 ], [ -82.119693361111104, 26.222954388888887 ], [ -82.120770361111099, 26.21635222222222 ], [ -82.119608638888877, 26.21691222222222 ], [ -82.11858997222221, 26.217583777777776 ], [ -82.116188916666658, 26.217741222222219 ], [ -82.114968972222215, 26.217579277777777 ], [ -82.11371027777777, 26.216936027777777 ], [ -82.112240694444438, 26.21533897222222 ], [ -82.111857638888878, 26.213912638888889 ], [ -82.111712277777769, 26.212107833333334 ], [ -82.112406027777766, 26.210731888888887 ], [ -82.1132331111111, 26.209347166666667 ], [ -82.113604194444434, 26.20896 ], [ -82.114356027777774, 26.208305944444444 ], [ -82.11567047222222, 26.207977861111111 ], [ -82.117137666666665, 26.207881666666665 ], [ -82.118224111111104, 26.208052361111111 ], [ -82.119596722222212, 26.208446166666665 ], [ -82.12087475, 26.209329972222221 ], [ -82.121037249999986, 26.209682194444444 ] ] } },
{ "type": "Feature", "properties": { "style": "solid", "thickness": 1 }, "geometry": { "type": "LineString", "coordinates": [ [ -81.50541886111111, 26.50448588888889 ], [ -81.503412277777784, 26.50460838888889 ], [ -81.502287138888889, 26.489683861111111 ] ] } },
{ "type": "Feature", "properties": { "style": "solid", "thickness": 1 }, "geometry": { "type": "LineString", "coordinates": [ [ -81.487502277777779, 26.505699472222222 ], [ -81.493655916666668, 26.505324444444444 ], [ -81.494771638888892, 26.498727166666669 ], [ -81.493604, 26.499282 ], [ -81.492579166666673, 26.499949027777777 ], [ -81.490171361111109, 26.500095805555556 ], [ -81.488949333333338, 26.499928444444446 ], [ -81.487691055555558, 26.49927963888889 ], [ -81.486226583333334, 26.497676111111112 ], [ -81.485850388888892, 26.496248083333334 ], [ -81.48571455555556, 26.494442666666668 ], [ -81.4864175, 26.493069833333333 ], [ -81.487254194444446, 26.491688805555558 ], [ -81.48762830555556, 26.491303277777778 ], [ -81.488385555555553, 26.490652583333333 ], [ -81.489705, 26.490330361111113 ], [ -81.491176333333328, 26.490240666666669 ], [ -81.492264527777778, 26.490416166666666 ], [ -81.493638333333337, 26.490816055555555 ], [ -81.494914666666673, 26.491705527777778 ], [ -81.495075611111119, 26.492058444444446 ] ] } },
{ "type": "Feature", "properties": { "style": "solid", "thickness": 1 }, "geometry": { "type": "LineString", "coordinates": [ [ -82.009355472222225, 26.750942916666666 ], [ -82.007345111111107, 26.751072555555556 ], [ -82.006151777777774, 26.7361525 ] ] } },
{ "type": "Feature", "properties": { "style": "solid", "thickness": 1 }, "geometry": { "type": "LineString", "coordinates": [ [ -81.991405666666665, 26.75222025 ], [ -81.997570888888887, 26.751823333333334 ], [ -81.998659944444441, 26.74522225 ], [ -81.99749225, 26.74578125 ], [ -81.996468138888886, 26.746451916666668 ], [ -81.994055805555561, 26.74660725 ], [ -81.992830388888891, 26.74644425 ], [ -81.991566555555551, 26.745799944444446 ], [ -81.990091888888884, 26.744201666666669 ], [ -81.989708583333339, 26.742775027777778 ], [ -81.9895645, 26.740970166666667 ], [ -81.990262916666666, 26.739594833333335 ], [ -81.991095305555561, 26.73821088888889 ], [ -81.991468527777783, 26.737824055555556 ], [ -81.992224555555552, 26.737170666666668 ], [ -81.993545416666663, 26.73684375 ], [ -81.995019527777785, 26.736748833333333 ], [ -81.99611080555556, 26.736920444444447 ], [ -81.997489333333334, 26.737315416666668 ], [ -81.998772333333335, 26.738200333333335 ], [ -81.998935194444442, 26.738552666666667 ] ] } },
{ "type": "Feature", "properties": { "style": "solid", "thickness": 1 }, "geometry": { "type": "LineString", "coordinates": [ [ -80.992212, 26.491684805555558 ], [ -80.990205111111109, 26.4918 ], [ -80.989147027777776, 26.4768715 ] ] } },
{ "type": "Feature", "properties": { "style": "solid", "thickness": 1 }, "geometry": { "type": "LineString", "coordinates": [ [ -80.976290527777778, 26.492597944444444 ], [ -80.978035833333337, 26.49068475 ], [ -80.979522027777776, 26.48890725 ], [ -80.980749111111109, 26.487265444444446 ], [ -80.981483666666662, 26.486256305555557 ], [ -80.982067333333333, 26.48501402777778 ], [ -80.982249666666675, 26.483794777777778 ], [ -80.982306722222219, 26.482703555555553 ], [ -80.98215325, 26.480536527777776 ], [ -80.98169225, 26.479716805555555 ], [ -80.981106, 26.479025138888886 ], [ -80.980511222222219, 26.478213055555553 ], [ -80.977633722222222, 26.47741097222222 ], [ -80.976028388888892, 26.477502972222222 ], [ -80.974348888888898, 26.47844536111111 ], [ -80.974098361111118, 26.47870147222222 ], [ -80.97309625, 26.479725944444443 ], [ -80.9729795, 26.479974388888888 ], [ -80.97256358333334, 26.481690527777776 ], [ -80.97264875, 26.482894444444444 ], [ -80.97297591666667, 26.48372186111111 ], [ -80.973294583333342, 26.484428888888889 ], [ -80.973889333333332, 26.485240972222222 ], [ -80.97501925, 26.486022388888891 ], [ -80.976123638888893, 26.486442638888889 ], [ -80.976801083333342, 26.486524694444444 ], [ -80.97773761111111, 26.486471027777778 ], [ -80.978398027777786, 26.486312305555558 ], [ -80.980604222222226, 26.485218805555558 ], [ -80.982258194444441, 26.483915166666666 ] ] } },
{ "type": "Feature", "properties": { "style": "solid", "thickness": 1 }, "geometry": { "type": "LineString", "coordinates": [ [ -81.82805441666666, 25.731061444444443 ], [ -81.826061638888888, 25.7311885 ], [ -81.824902333333327, 25.71626725 ] ] } },
{ "type": "Feature", "properties": { "style": "solid", "thickness": 1 }, "geometry": { "type": "LineString", "coordinates": [ [ -81.812244972222217, 25.732068666666667 ], [ -81.81396483333333, 25.73014525 ], [ -81.815428305555557, 25.728359083333331 ], [ -81.816635361111111, 25.726710138888887 ], [ -81.817357722222212, 25.725696722222221 ], [ -81.817928527777781, 25.724451083333332 ], [ -81.818100805555545, 25.723230805555556 ], [ -81.81814955555555, 25.722139361111111 ], [ -81.817981416666669, 25.719973361111109 ], [ -81.8175175, 25.719156388888887 ], [ -81.816930111111105, 25.71846825 ], [ -81.816333388888893, 25.71765975 ], [ -81.813469111111104, 25.716874722222222 ], [ -81.811875055555547, 25.716976222222222 ], [ -81.810213527777776, 25.717928472222219 ], [ -81.8099665, 25.718186055555552 ], [ -81.808978472222222, 25.719216361111108 ], [ -81.808864277777772, 25.719465472222222 ], [ -81.808463583333335, 25.721183972222221 ], [ -81.808556888888887, 25.722387305555554 ], [ -81.808887916666663, 25.72321275 ], [ -81.809209583333327, 25.723917833333331 ], [ -81.809806305555554, 25.724726361111109 ], [ -81.810934416666669, 25.725501055555554 ], [ -81.812034527777769, 25.72591475 ], [ -81.812708083333334, 25.725992777777776 ], [ -81.81363802777777, 25.725933583333333 ], [ -81.814292916666659, 25.725770944444442 ], [ -81.816476583333326, 25.724664472222219 ], [ -81.818110138888883, 25.723351138888887 ] ] } },
{ "type": "Feature", "properties": { "style": "solid", "thickness": 1 }, "geometry": { "type": "LineString", "coordinates": [ [ -82.532718305555548, 26.97412525 ], [ -82.530704555555559, 26.974262305555555 ], [ -82.529440388888887, 26.959346805555555 ] ] } },
{ "type": "Feature", "properties": { "style": "solid", "thickness": 1 }, "geometry": { "type": "LineString", "coordinates": [ [ -82.516742388888886, 26.97521172222222 ], [ -82.518469166666662, 26.973279694444443 ], [ -82.519937583333331, 26.971486194444442 ], [ -82.521147638888891, 26.969831194444442 ], [ -82.521871611111109, 26.968814138888888 ], [ -82.522440972222228, 26.967565638888889 ], [ -82.522607583333325, 26.9663445 ], [ -82.522650138888892, 26.965252805555554 ], [ -82.52246677777778, 26.963087638888886 ], [ -82.521992777777783, 26.962273 ], [ -82.521394694444439, 26.961587777777776 ], [ -82.520786472222227, 26.960782277777778 ], [ -82.51788605555555, 26.96001161111111 ], [ -82.51627522222222, 26.960121083333334 ], [ -82.514601416666665, 26.961081666666665 ], [ -82.514353305555559, 26.9613405 ], [ -82.513360833333337, 26.96237575 ], [ -82.513246944444447, 26.962625444444445 ], [ -82.512852444444448, 26.964345944444442 ], [ -82.51295422222222, 26.965548833333333 ], [ -82.513293944444442, 26.966372611111112 ], [ -82.5136235, 26.967076083333332 ], [ -82.51423172222222, 26.96788161111111 ], [ -82.515376944444441, 26.968650666666665 ], [ -82.516491611111107, 26.969058833333332 ], [ -82.517173027777773, 26.969133527777775 ], [ -82.51811275, 26.969069666666666 ], [ -82.518773805555554, 26.96890375 ], [ -82.520974472222221, 26.967786305555553 ], [ -82.522617777777782, 26.966464777777777 ] ] } },
{ "type": "Feature", "properties": { "style": "solid", "thickness": 1 }, "geometry": { "type": "LineString", "coordinates": [ [ -81.545767361111103, 27.364492416666668 ], [ -81.54374555555556, 27.364615444444446 ], [ -81.542606611111111, 27.349693166666665 ] ] } },
{ "type": "Feature", "properties": { "style": "solid", "thickness": 1 }, "geometry": { "type": "LineString", "coordinates": [ [ -81.529727583333326, 27.36546775 ], [ -81.531477027777782, 27.363547972222225 ], [ -81.532966027777775, 27.361764888888889 ], [ -81.534194583333331, 27.360118527777779 ], [ -81.53492986111111, 27.359106638888889 ], [ -81.535512, 27.35786227777778 ], [ -81.535689805555549, 27.356642472222223 ], [ -81.535741972222226, 27.355551194444445 ], [ -81.53557680555555, 27.353385055555556 ], [ -81.53510825, 27.35256725 ], [ -81.534514083333335, 27.351877972222223 ], [ -81.533910777777777, 27.351068333333334 ], [ -81.531007194444442, 27.350277611111114 ], [ -81.529389944444446, 27.350375888888891 ], [ -81.527702083333338, 27.351324722222223 ], [ -81.527450888888893, 27.351581777777778 ], [ -81.52644602777778, 27.35261 ], [ -81.526329583333336, 27.352858861111113 ], [ -81.525918833333336, 27.354576388888891 ], [ -81.5260105, 27.355779805555557 ], [ -81.526344222222221, 27.356605833333333 ], [ -81.526668777777772, 27.357311527777778 ], [ -81.52727208333333, 27.358121166666667 ], [ -81.5284145, 27.358898083333333 ], [ -81.529529444444449, 27.359313944444445 ], [ -81.530212527777778, 27.359393333333333 ], [ -81.531156, 27.359336 ], [ -81.531820722222221, 27.359174722222225 ], [ -81.534038611111114, 27.358072722222225 ], [ -81.535698972222221, 27.356762805555558 ] ] } },
{ "type": "Feature", "properties": { "style": "solid", "thickness": 1 }, "geometry": { "type": "LineString", "coordinates": [ [ -81.771643888888889, 26.855419555555557 ], [ -81.771700194444449, 26.856141583333336 ], [ -81.771497555555555, 26.857000777777778 ], [ -81.771045361111106, 26.858117472222222 ], [ -81.770564972222218, 26.858873166666669 ], [ -81.7697975, 26.859405027777779 ], [ -81.768742916666667, 26.859713027777779 ], [ -81.766730361111115, 26.859839222222224 ], [ -81.76523575, 26.859691083333335 ], [ -81.76453675, 26.85937213888889 ], [ -81.763531944444438, 26.858588638888889 ], [ -81.763216722222225, 26.858003777777778 ], [ -81.762873361111104, 26.857057916666669 ], [ -81.762723361111114, 26.8551325 ], [ -81.762935416666664, 26.854393666666667 ], [ -81.763945972222217, 26.851790888888889 ], [ -81.765424611111115, 26.850005222222222 ], [ -81.767795388888885, 26.84755897222222 ], [ -81.770646388888892, 26.844357 ], [ -81.762194777777779, 26.844887 ] ] } },
{ "type": "Feature", "properties": { "style": "solid", "thickness": 1 }, "geometry": { "type": "LineString", "coordinates": [ [ -81.74861725, 26.860973861111113 ], [ -81.754789166666669, 26.8605875 ], [ -81.75589330555556, 26.853988444444447 ], [ -81.754723305555558, 26.854545416666667 ], [ -81.753696805555549, 26.855214305555556 ], [ -81.751281833333337, 26.8553655 ], [ -81.750055611111108, 26.855200416666669 ], [ -81.748791944444449, 26.854553972222224 ], [ -81.74731925, 26.852953194444446 ], [ -81.746938611111119, 26.851525916666667 ], [ -81.74679825, 26.849720833333333 ], [ -81.74750025, 26.84834675 ], [ -81.748336388888887, 26.84696425 ], [ -81.748710777777774, 26.846578055555554 ], [ -81.749468916666672, 26.845925972222222 ], [ -81.750791722222218, 26.845601305555554 ], [ -81.752267416666669, 26.845508916666667 ], [ -81.753359388888896, 26.845682388888889 ], [ -81.754738388888896, 26.84607975 ], [ -81.756020722222218, 26.846966833333333 ], [ -81.756183, 26.847319444444445 ] ] } },
{ "type": "Feature", "properties": { "style": "solid", "thickness": 1 }, "geometry": { "type": "LineString", "coordinates": [ [ -81.657894361111119, 26.44722186111111 ], [ -81.65794975, 26.447943944444443 ], [ -81.657747, 26.448803027777778 ], [ -81.657295277777777, 26.449919416666667 ], [ -81.6568158888889, 26.45067475 ], [ -81.656050611111112, 26.451206 ], [ -81.654999472222229, 26.451513166666665 ], [ -81.652994, 26.451637777777776 ], [ -81.651504833333334, 26.451488444444443 ], [ -81.650808666666677, 26.451168916666667 ], [ -81.649808194444446, 26.450384583333332 ], [ -81.649494666666669, 26.449799444444444 ], [ -81.649153500000011, 26.44885325 ], [ -81.649005916666667, 26.446927638888891 ], [ -81.649217972222232, 26.446188944444444 ], [ -81.6502275, 26.443586861111111 ], [ -81.651702638888892, 26.441802305555555 ], [ -81.65406738888889, 26.439357861111112 ], [ -81.656911388888901, 26.436158 ], [ -81.648489388888891, 26.43668127777778 ] ] } },
{ "type": "Feature", "properties": { "style": "solid", "thickness": 1 }, "geometry": { "type": "LineString", "coordinates": [ [ -81.643722638888889, 26.448102111111112 ], [ -81.643777944444452, 26.448824194444445 ], [ -81.643575083333346, 26.44968325 ], [ -81.643123222222229, 26.450799583333332 ], [ -81.642643722222232, 26.451554888888889 ], [ -81.641878388888898, 26.452086055555554 ], [ -81.640827222222228, 26.45239311111111 ], [ -81.638821694444445, 26.452517527777776 ], [ -81.637332527777787, 26.452368027777776 ], [ -81.636636388888903, 26.452048444444443 ], [ -81.635636027777778, 26.451264027777778 ], [ -81.635322583333334, 26.450678833333331 ], [ -81.6349815, 26.449732611111113 ], [ -81.634834166666678, 26.447807 ], [ -81.635046305555562, 26.447068333333334 ], [ -81.636056166666677, 26.444466333333335 ], [ -81.637531527777782, 26.442681944444445 ], [ -81.639896583333339, 26.440237722222221 ], [ -81.642741, 26.437038138888891 ], [ -81.634318888888899, 26.437560583333333 ] ] } },
{ "type": "Feature", "properties": { "style": "solid", "thickness": 1 }, "geometry": { "type": "LineString", "coordinates": [ [ -81.356381805555543, 26.384051611111111 ], [ -81.354377305555545, 26.384171972222223 ], [ -81.353272888888881, 26.36924725 ] ] } },
{ "type": "Feature", "properties": { "style": "solid", "thickness": 1 }, "geometry": { "type": "LineString", "coordinates": [ [ -81.340479361111107, 26.385005694444445 ], [ -81.342216833333325, 26.38308813888889 ], [ -81.343695861111101, 26.381306916666666 ], [ -81.3449165, 26.379662083333333 ], [ -81.345647083333333, 26.378651111111111 ], [ -81.346226222222214, 26.377407416666667 ], [ -81.3464045, 26.37618777777778 ], [ -81.346458027777771, 26.3750965 ], [ -81.346297861111111, 26.37293 ], [ -81.345834694444434, 26.372111527777779 ], [ -81.345246833333334, 26.371421416666667 ], [ -81.344650083333335, 26.370610944444444 ], [ -81.341772944444443, 26.369816305555556 ], [ -81.340169527777775, 26.369912444444445 ], [ -81.33849475, 26.370859111111113 ], [ -81.338245277777773, 26.371115833333334 ], [ -81.337247444444444, 26.372142805555555 ], [ -81.337131583333331, 26.372391527777779 ], [ -81.336721555555556, 26.374108611111112 ], [ -81.336810444444438, 26.375312222222224 ], [ -81.337139916666658, 26.37613875 ], [ -81.3374605, 26.376844916666666 ], [ -81.33805725, 26.377655416666666 ], [ -81.3391885, 26.378433888888889 ], [ -81.340293083333322, 26.37885125 ], [ -81.340970111111105, 26.378931555555557 ], [ -81.3419055, 26.378875472222223 ], [ -81.34256475, 26.378715055555556 ], [ -81.34476525, 26.377615944444447 ], [ -81.346413388888891, 26.376308138888888 ] ] } },
{ "type": "Feature", "properties": { "style": "solid", "thickness": 1 }, "geometry": { "type": "LineString", "coordinates": [ [ -81.605299194444441, 26.20461 ], [ -81.605354138888885, 26.205332111111112 ], [ -81.605151388888885, 26.20619111111111 ], [ -81.604700138888887, 26.207307333333333 ], [ -81.604221416666661, 26.20806247222222 ], [ -81.6034575, 26.208593444444443 ], [ -81.602408444444436, 26.208900222222223 ], [ -81.600407138888883, 26.209024083333333 ], [ -81.598921194444443, 26.208874194444444 ], [ -81.598226638888889, 26.208554416666665 ], [ -81.597228638888879, 26.207769694444444 ], [ -81.596916055555553, 26.207184444444444 ], [ -81.596576027777772, 26.206238111111109 ], [ -81.596429638888878, 26.204312444444444 ], [ -81.596641583333323, 26.203573833333333 ], [ -81.597650194444441, 26.20097211111111 ], [ -81.599123027777779, 26.199188111111113 ], [ -81.601483916666666, 26.196744527777778 ], [ -81.604323388888886, 26.193545722222222 ], [ -81.595918916666662, 26.19406586111111 ] ] } },
{ "type": "Feature", "properties": { "style": "solid", "thickness": 1 }, "geometry": { "type": "LineString", "coordinates": [ [ -81.58154925, 26.200758138888887 ], [ -81.58182325, 26.204368777777777 ], [ -81.58237875, 26.206390083333332 ], [ -81.582718666666665, 26.207336444444444 ], [ -81.58317375, 26.208033861111112 ], [ -81.584884444444441, 26.209379222222221 ], [ -81.58653122222222, 26.209882083333333 ], [ -81.587064888888889, 26.209849111111112 ], [ -81.588620277777778, 26.209148388888888 ], [ -81.589978222222214, 26.207613444444444 ], [ -81.590457055555547, 26.206858333333333 ], [ -81.59065075, 26.205879 ], [ -81.590895583333335, 26.203808222222222 ], [ -81.590621305555544, 26.200197611111111 ], [ -81.590065666666661, 26.198176333333333 ], [ -81.589725722222212, 26.197229972222221 ], [ -81.58913725, 26.196540833333334 ], [ -81.587560083333329, 26.195187277777777 ], [ -81.585913527777777, 26.194684416666668 ], [ -81.58537988888888, 26.19471738888889 ], [ -81.583824694444445, 26.195418083333333 ], [ -81.582333416666657, 26.196961222222221 ], [ -81.581987972222223, 26.197708055555555 ], [ -81.581794222222214, 26.198687388888889 ], [ -81.58154925, 26.200758138888887 ] ] } },
{ "type": "Feature", "properties": { "style": "solid", "thickness": 1 }, "geometry": { "type": "LineString", "coordinates": [ [ -82.247676277777785, 26.925754805555556 ], [ -82.245663166666674, 26.925887805555558 ], [ -82.244436916666672, 26.910970722222221 ] ] } },
{ "type": "Feature", "properties": { "style": "solid", "thickness": 1 }, "geometry": { "type": "LineString", "coordinates": [ [ -82.235293027777786, 26.919557277777781 ], [ -82.231401222222217, 26.919814055555555 ], [ -82.22923025, 26.918022027777781 ], [ -82.22890261111111, 26.917317916666669 ], [ -82.228584861111116, 26.916734111111111 ], [ -82.22846638888889, 26.915290527777778 ], [ -82.228914333333336, 26.914172416666666 ], [ -82.229630638888892, 26.91303661111111 ], [ -82.230396305555558, 26.912502305555556 ], [ -82.230903444444451, 26.912106 ], [ -82.231947361111111, 26.911674277777777 ], [ -82.234362777777775, 26.911514916666665 ], [ -82.235465944444442, 26.911804972222221 ], [ -82.2363205, 26.912353333333332 ], [ -82.237060611111119, 26.913151138888889 ], [ -82.237542222222217, 26.914086972222222 ], [ -82.237745583333336, 26.914920194444441 ], [ -82.237844416666661, 26.916123194444442 ], [ -82.237759611111116, 26.916733555555556 ], [ -82.237416305555556, 26.917481916666667 ], [ -82.236909166666663, 26.91787825 ], [ -82.235293027777786, 26.919557277777781 ], [ -82.23657986111111, 26.920439972222223 ], [ -82.237329916666667, 26.921358083333335 ], [ -82.237647722222221, 26.921941861111112 ], [ -82.23780583333334, 26.923866638888889 ], [ -82.237253388888888, 26.925354527777777 ], [ -82.236880416666665, 26.925742 ], [ -82.23571208333334, 26.926302916666668 ], [ -82.234936472222216, 26.926716944444447 ], [ -82.23319175, 26.926832055555558 ], [ -82.23195425, 26.926550833333334 ], [ -82.230100916666672, 26.925342611111112 ], [ -82.229783138888891, 26.924758805555555 ], [ -82.229605416666672, 26.922593416666668 ], [ -82.229909277777779, 26.921363861111111 ], [ -82.230033611111111, 26.921234722222223 ], [ -82.230665138888895, 26.92070925 ], [ -82.231401222222217, 26.919814055555555 ] ] } },
{ "type": "Feature", "properties": { "style": "solid", "thickness": 1 }, "geometry": { "type": "LineString", "coordinates": [ [ -82.51639025, 26.159593861111109 ], [ -82.516450888888883, 26.160315583333333 ], [ -82.516255083333334, 26.161175833333331 ], [ -82.515812888888888, 26.162294916666664 ], [ -82.515340361111114, 26.163053111111111 ], [ -82.51458102777778, 26.163588972222222 ], [ -82.513534888888884, 26.1639025 ], [ -82.511535444444448, 26.164039277777775 ], [ -82.510049, 26.163899 ], [ -82.509352222222219, 26.163583722222221 ], [ -82.508348444444451, 26.162805527777778 ], [ -82.508031361111108, 26.162222305555556 ], [ -82.507683972222225, 26.16127825 ], [ -82.507522388888887, 26.159353666666664 ], [ -82.507728361111106, 26.158613694444444 ], [ -82.508715861111114, 26.156005638888889 ], [ -82.510173888888886, 26.15421225 ], [ -82.512514305555555, 26.151753555555555 ], [ -82.515327111111105, 26.148536638888888 ], [ -82.506930611111116, 26.149111027777778 ] ] } },
{ "type": "Feature", "properties": { "style": "solid", "thickness": 1 }, "geometry": { "type": "LineString", "coordinates": [ [ -82.502481416666669, 26.164779305555555 ], [ -82.4922175, 26.165480333333331 ], [ -82.498134166666674, 26.14971222222222 ] ] } },
{ "type": "Feature", "properties": { "style": "solid", "thickness": 1 }, "geometry": { "type": "LineString", "coordinates": [ [ -82.252740361111108, 27.378154388888888 ], [ -82.2528, 27.378876083333335 ], [ -82.252600083333334, 27.379735833333335 ], [ -82.252150527777772, 27.380853861111113 ], [ -82.251671194444441, 27.381611055555556 ], [ -82.250902472222222, 27.38214538888889 ], [ -82.249844361111116, 27.382456916666666 ], [ -82.24782319444445, 27.382589944444444 ], [ -82.246321111111115, 27.382446888888889 ], [ -82.245617583333328, 27.382130361111113 ], [ -82.244604861111114, 27.381350416666667 ], [ -82.24428575, 27.380766722222223 ], [ -82.243936833333336, 27.379822194444444 ], [ -82.243777972222219, 27.377897638888889 ], [ -82.243987888888896, 27.377158194444444 ], [ -82.244992027777784, 27.374552444444443 ], [ -82.246469833333336, 27.372762083333335 ], [ -82.248841055555559, 27.370308222222224 ], [ -82.25169147222222, 27.367097111111111 ], [ -82.243203638888886, 27.367655694444444 ] ] } },
{ "type": "Feature", "properties": { "style": "solid", "thickness": 1 }, "geometry": { "type": "LineString", "coordinates": [ [ -82.238670333333332, 27.383312861111111 ], [ -82.22829472222223, 27.383994555555557 ], [ -82.2343115, 27.368240333333333 ] ] } },
{ "type": "Feature", "properties": { "style": "solid", "thickness": 1 }, "geometry": { "type": "LineString", "coordinates": [ [ -81.828005583333336, 26.32239486111111 ], [ -81.826002527777774, 26.322521916666666 ], [ -81.82483725, 26.307599888888891 ] ] } },
{ "type": "Feature", "properties": { "style": "solid", "thickness": 1 }, "geometry": { "type": "LineString", "coordinates": [ [ -81.819077361111113, 26.323202833333333 ], [ -81.80879486111111, 26.323854138888887 ], [ -81.814813833333332, 26.308114333333332 ] ] } },
{ "type": "Feature", "properties": { "style": "solid", "thickness": 1 }, "geometry": { "type": "LineString", "coordinates": [ [ -80.979714694444439, 26.326667083333334 ], [ -80.976158611111117, 26.326871166666667 ] ] } },
{ "type": "Feature", "properties": { "style": "solid", "thickness": 1 }, "geometry": { "type": "LineString", "coordinates": [ [ -80.988469222222221, 26.333610555555556 ], [ -80.988696, 26.336815027777778 ] ] } },
{ "type": "Feature", "properties": { "style": "solid", "thickness": 1 }, "geometry": { "type": "LineString", "coordinates": [ [ -80.987419722222228, 26.318778361111111 ], [ -80.987193, 26.315573861111112 ] ] } },
{ "type": "Feature", "properties": { "style": "solid", "thickness": 1 }, "geometry": { "type": "LineString", "coordinates": [ [ -80.99617413888889, 26.325721333333334 ], [ -80.999730138888893, 26.325516777777779 ] ] } },
{ "type": "Feature", "properties": { "style": "solid", "thickness": 1 }, "geometry": { "type": "LineString", "coordinates": [ [ -80.991929472222225, 26.3326625 ], [ -80.992692638888883, 26.33223111111111 ], [ -80.993438472222223, 26.331695638888888 ], [ -80.994144138888885, 26.331051944444443 ], [ -80.994783916666663, 26.330300861111112 ], [ -80.995330722222221, 26.329449472222223 ], [ -80.995758583333341, 26.328512027777776 ], [ -80.996045277777782, 26.327509583333335 ], [ -80.996175194444447, 26.326468916666666 ], [ -80.996141305555554, 26.325420416666667 ], [ -80.99594622222223, 26.324395055555556 ], [ -80.995601805555552, 26.3234215 ], [ -80.995127361111116, 26.322523583333332 ], [ -80.99454733333333, 26.321718638888889 ], [ -80.99388825, 26.321016972222221 ], [ -80.993176416666671, 26.32042225 ], [ -80.992435861111119, 26.319932583333333 ], [ -80.991665861111116, 26.319532194444445 ], [ -80.990808333333334, 26.31919386111111 ], [ -80.98986375, 26.318934277777778 ], [ -80.988843611111108, 26.318773388888889 ], [ -80.987766055555554, 26.318729694444443 ], [ -80.986655722222224, 26.318818055555557 ], [ -80.985542638888887, 26.31904763888889 ], [ -80.984459972222226, 26.31942 ], [ -80.983441055555559, 26.319928277777777 ], [ -80.982516083333337, 26.320557416666666 ], [ -80.98170925, 26.321285583333331 ], [ -80.981036666666668, 26.322086611111111 ], [ -80.980505666666673, 26.32293275 ], [ -80.98011533333333, 26.32379725 ], [ -80.979857944444447, 26.324656444444443 ], [ -80.979720833333332, 26.325490944444443 ], [ -80.979688555555555, 26.326291555555557 ], [ -80.979755888888889, 26.327117111111111 ], [ -80.979937277777779, 26.327976444444445 ], [ -80.980247222222218, 26.328852277777777 ], [ -80.980696305555554, 26.329722555555556 ], [ -80.981288888888898, 26.330561555555555 ], [ -80.982021638888895, 26.331341416666667 ], [ -80.982882416666669, 26.332034694444445 ], [ -80.983850555555563, 26.332617166666665 ], [ -80.98489825, 26.333070361111112 ], [ -80.98599327777778, 26.333383527777777 ], [ -80.98710208333334, 26.333554416666665 ], [ -80.988193083333329, 26.33358875 ], [ -80.989239111111118, 26.33349886111111 ], [ -80.990219111111116, 26.333301666666667 ], [ -80.991118611111105, 26.333016333333333 ], [ -80.991929472222225, 26.3326625 ] ] } },
{ "type": "Feature", "properties": { "style": "solid", "thickness": 1 }, "geometry": { "type": "LineString", "coordinates": [ [ -81.9080335, 26.969137777777775 ], [ -81.904459138888896, 26.969365194444443 ] ] } },
{ "type": "Feature", "properties": { "style": "solid", "thickness": 1 }, "geometry": { "type": "LineString", "coordinates": [ [ -81.916893666666667, 26.976023027777774 ], [ -81.917147805555558, 26.979225694444441 ] ] } },
{ "type": "Feature", "properties": { "style": "solid", "thickness": 1 }, "geometry": { "type": "LineString", "coordinates": [ [ -81.915717527777787, 26.961199138888887 ], [ -81.915463472222228, 26.957996444444444 ] ] } },
{ "type": "Feature", "properties": { "style": "solid", "thickness": 1 }, "geometry": { "type": "LineString", "coordinates": [ [ -81.924577527777785, 26.968083916666664 ], [ -81.928151805555558, 26.967856 ] ] } },
{ "type": "Feature", "properties": { "style": "solid", "thickness": 1 }, "geometry": { "type": "LineString", "coordinates": [ [ -81.920365583333336, 26.975052305555554 ], [ -81.921129527777779, 26.974615944444444 ], [ -81.921875166666666, 26.974075638888888 ], [ -81.922579555555558, 26.97342736111111 ], [ -81.923216805555555, 26.972672138888885 ], [ -81.92375975, 26.97181725 ], [ -81.924182361111122, 26.970877083333331 ], [ -81.924462527777777, 26.96987283333333 ], [ -81.924584694444448, 26.968831416666664 ], [ -81.924542083333336, 26.96778325 ], [ -81.924337555555567, 26.96675925 ], [ -81.923983277777779, 26.965788083333333 ], [ -81.923498888888901, 26.964893361111109 ], [ -81.922909027777777, 26.964092305555553 ], [ -81.922240555555561, 26.963395055555555 ], [ -81.921519888888895, 26.962805055555556 ], [ -81.920771194444455, 26.962320305555554 ], [ -81.91999361111111, 26.961925 ], [ -81.919128527777787, 26.961592333333332 ], [ -81.918176555555561, 26.961339 ], [ -81.917149388888888, 26.961184833333334 ], [ -81.916065416666669, 26.961148194444444 ], [ -81.914949583333339, 26.961243861111111 ], [ -81.913832138888893, 26.961480722222223 ], [ -81.912746444444451, 26.961860166666664 ], [ -81.911725944444456, 26.962375111111111 ], [ -81.910800916666673, 26.96301025 ], [ -81.909995472222235, 26.963743666666666 ], [ -81.909325611111115, 26.964549027777778 ], [ -81.90879852777779, 26.965398583333332 ], [ -81.908413055555556, 26.966265555555555 ], [ -81.908161194444446, 26.967126361111109 ], [ -81.908030111111117, 26.967961694444444 ], [ -81.908004194444445, 26.968762444444444 ], [ -81.908078611111122, 26.969587444444443 ], [ -81.908268, 26.970445527777777 ], [ -81.908586833333345, 26.97131922222222 ], [ -81.9090455, 26.9721865 ], [ -81.909648222222231, 26.9730215 ], [ -81.910391444444457, 26.973796472222222 ], [ -81.911262694444446, 26.974484027777777 ], [ -81.912241, 26.975060083333332 ], [ -81.913298250000011, 26.975506361111108 ], [ -81.914401972222223, 26.975812305555554 ], [ -81.915518388888898, 26.975975888888886 ], [ -81.916615777777778, 26.976003027777775 ], [ -81.917666944444449, 26.975906277777778 ], [ -81.918650833333345, 26.975702638888887 ], [ -81.919553055555554, 26.975411444444443 ], [ -81.920365583333336, 26.975052305555554 ] ] } },
{ "type": "Feature", "properties": { "style": "solid", "thickness": 1 }, "geometry": { "type": "LineString", "coordinates": [ [ -81.828933305555552, 27.196105333333332 ], [ -81.825351666666663, 27.196330777777778 ] ] } },
{ "type": "Feature", "properties": { "style": "solid", "thickness": 1 }, "geometry": { "type": "LineString", "coordinates": [ [ -81.837806333333333, 27.202995138888888 ], [ -81.838058777777775, 27.206197777777778 ] ] } },
{ "type": "Feature", "properties": { "style": "solid", "thickness": 1 }, "geometry": { "type": "LineString", "coordinates": [ [ -81.83663816666666, 27.188171444444446 ], [ -81.836385833333324, 27.18496877777778 ] ] } },
{ "type": "Feature", "properties": { "style": "solid", "thickness": 1 }, "geometry": { "type": "LineString", "coordinates": [ [ -81.845511055555548, 27.19506077777778 ], [ -81.849092611111104, 27.194834833333335 ] ] } },
{ "type": "Feature", "properties": { "style": "solid", "thickness": 1 }, "geometry": { "type": "LineString", "coordinates": [ [ -81.841285861111103, 27.202026416666666 ], [ -81.84205163888889, 27.2015905 ], [ -81.842799166666666, 27.201050638888887 ], [ -81.843505388888886, 27.200402805555555 ], [ -81.844144416666666, 27.199647972222223 ], [ -81.844689055555548, 27.198793444444444 ], [ -81.845113166666664, 27.197853555555557 ], [ -81.845394583333331, 27.1968495 ], [ -81.845517722222212, 27.195808222222222 ], [ -81.84547575, 27.194760083333332 ], [ -81.845271527777768, 27.193736055555554 ], [ -81.844917222222222, 27.192764722222222 ], [ -81.844432472222223, 27.191869777777779 ], [ -81.843842, 27.191068444444443 ], [ -81.843172666666661, 27.190370833333333 ], [ -81.842451, 27.1897805 ], [ -81.841701111111107, 27.189295333333334 ], [ -81.840922277777779, 27.188899611111111 ], [ -81.840055722222218, 27.1885665 ], [ -81.839102, 27.188312638888888 ], [ -81.838072888888888, 27.188157916666668 ], [ -81.836986805555554, 27.188120694444446 ], [ -81.835868666666656, 27.188215722222221 ], [ -81.834748833333322, 27.188451944444445 ], [ -81.833660694444433, 27.188830777777778 ], [ -81.832637805555549, 27.189345111111113 ], [ -81.8317105, 27.189979722222223 ], [ -81.830902944444446, 27.19071263888889 ], [ -81.830231194444437, 27.191517583333333 ], [ -81.829702444444436, 27.192366805555555 ], [ -81.829315611111113, 27.1932335 ], [ -81.829062666666658, 27.194094111111113 ], [ -81.828930722222225, 27.194929333333334 ], [ -81.828904194444448, 27.195730027777778 ], [ -81.828978194444446, 27.196555027777777 ], [ -81.829167361111104, 27.197413166666667 ], [ -81.829486222222215, 27.198287 ], [ -81.829945194444434, 27.199154472222222 ], [ -81.830548555555552, 27.199989777777777 ], [ -81.831292694444443, 27.20076511111111 ], [ -81.832165222222216, 27.20145311111111 ], [ -81.833145055555548, 27.202029666666665 ], [ -81.834204138888879, 27.2024765 ], [ -81.835309833333326, 27.202783055555553 ], [ -81.836428361111103, 27.20294725 ], [ -81.837527944444446, 27.202975 ], [ -81.83858125, 27.20287886111111 ], [ -81.83956725, 27.202675777777777 ], [ -81.84047147222222, 27.202385083333333 ], [ -81.841285861111103, 27.202026416666666 ] ] } },
{ "type": "Feature", "properties": { "style": "solid", "thickness": 1 }, "geometry": { "type": "LineString", "coordinates": [ [ -82.244321194444439, 26.854268472222223 ], [ -82.240751111111109, 26.854504361111111 ] ] } },
{ "type": "Feature", "properties": { "style": "solid", "thickness": 1 }, "geometry": { "type": "LineString", "coordinates": [ [ -82.253192666666664, 26.861132888888889 ], [ -82.253456, 26.864335027777781 ] ] } },
{ "type": "Feature", "properties": { "style": "solid", "thickness": 1 }, "geometry": { "type": "LineString", "coordinates": [ [ -82.251974083333337, 26.8463115 ], [ -82.251710833333334, 26.843109361111111 ] ] } },
{ "type": "Feature", "properties": { "style": "solid", "thickness": 1 }, "geometry": { "type": "LineString", "coordinates": [ [ -82.260845388888896, 26.853175444444446 ], [ -82.264415416666665, 26.852939055555556 ] ] } },
{ "type": "Feature", "properties": { "style": "solid", "thickness": 1 }, "geometry": { "type": "LineString", "coordinates": [ [ -82.25665825, 26.860153944444445 ], [ -82.257420138888889, 26.85971575 ], [ -82.258163444444449, 26.859173666666667 ], [ -82.258865194444439, 26.858523722222223 ], [ -82.25949955555555, 26.857766944444446 ], [ -82.260039444444445, 26.856910777777781 ], [ -82.260458861111104, 26.855969583333334 ], [ -82.260735777777782, 26.854964666666667 ], [ -82.26085475, 26.853922944444445 ], [ -82.260809111111115, 26.852874861111111 ], [ -82.260601777777779, 26.851851333333336 ], [ -82.260245, 26.850880972222225 ], [ -82.259758444444444, 26.849987388888888 ], [ -82.259166833333339, 26.849187722222222 ], [ -82.258496972222218, 26.848492027777777 ], [ -82.257775305555555, 26.84790372222222 ], [ -82.257025916666663, 26.847420722222221 ], [ -82.256248, 26.84702725 ], [ -82.255382805555556, 26.846696638888886 ], [ -82.254431027777784, 26.846445555555555 ], [ -82.253404444444442, 26.846293805555554 ], [ -82.252321472222221, 26.84625975 ], [ -82.251207055555554, 26.846358055555555 ], [ -82.250091416666663, 26.846597583333331 ], [ -82.24900791666667, 26.846979611111109 ], [ -82.247989972222229, 26.847496944444444 ], [ -82.24706775, 26.848134305555554 ], [ -82.246265277777781, 26.848869638888889 ], [ -82.245598472222227, 26.849676611111111 ], [ -82.245074416666668, 26.850527416666669 ], [ -82.244691888888894, 26.851395333333336 ], [ -82.244442833333338, 26.852256722222222 ], [ -82.244314333333335, 26.853092388888889 ], [ -82.244290805555551, 26.853893222222222 ], [ -82.244367555555556, 26.854718055555558 ], [ -82.244559277777782, 26.855575694444447 ], [ -82.244880388888888, 26.856448666666669 ], [ -82.24534113888889, 26.857314861111114 ], [ -82.245945722222217, 26.858148472222222 ], [ -82.246690472222227, 26.858921694444447 ], [ -82.247562861111106, 26.859607194444447 ], [ -82.248541861111107, 26.860180944444444 ], [ -82.249599388888896, 26.860624722222223 ], [ -82.250702888888895, 26.860928055555558 ], [ -82.251818666666665, 26.861089 ], [ -82.252915027777775, 26.861113555555558 ], [ -82.253964861111115, 26.861014305555557 ], [ -82.254947138888895, 26.860808333333335 ], [ -82.255847611111108, 26.860514972222223 ], [ -82.25665825, 26.860153944444445 ] ] } },
{ "type": "Feature", "properties": { "style": "solid", "thickness": 1 }, "geometry": { "type": "LineString", "coordinates": [ [ -81.420020055555554, 26.741081611111113 ], [ -81.416451861111113, 26.74129675 ] ] } },
{ "type": "Feature", "properties": { "style": "solid", "thickness": 1 }, "geometry": { "type": "LineString", "coordinates": [ [ -81.428833027777785, 26.7479975 ], [ -81.429073, 26.751201166666668 ] ] } },
{ "type": "Feature", "properties": { "style": "solid", "thickness": 1 }, "geometry": { "type": "LineString", "coordinates": [ [ -81.427722583333335, 26.73316911111111 ], [ -81.42748269444445, 26.729965444444442 ] ] } },
{ "type": "Feature", "properties": { "style": "solid", "thickness": 1 }, "geometry": { "type": "LineString", "coordinates": [ [ -81.436535444444445, 26.740084555555555 ], [ -81.440103527777779, 26.739868916666669 ] ] } },
{ "type": "Feature", "properties": { "style": "solid", "thickness": 1 }, "geometry": { "type": "LineString", "coordinates": [ [ -81.432302166666673, 26.747038722222221 ], [ -81.433066444444449, 26.746604944444446 ], [ -81.433812916666668, 26.746067166666666 ], [ -81.434518638888889, 26.745421305555556 ], [ -81.435157833333335, 26.74466825 ], [ -81.435703361111109, 26.743815194444444 ], [ -81.436129138888887, 26.742876444444445 ], [ -81.436413027777775, 26.741873138888892 ], [ -81.436539388888889, 26.740832111111111 ], [ -81.436501333333339, 26.73978375 ], [ -81.436301611111119, 26.738759027777778 ], [ -81.435952166666667, 26.737786583333335 ], [ -81.435472583333336, 26.736890194444445 ], [ -81.434887333333336, 26.736087083333334 ], [ -81.434223166666669, 26.7353875 ], [ -81.43350647222222, 26.734795027777778 ], [ -81.432761333333332, 26.734307666666666 ], [ -81.431987, 26.733909694444446 ], [ -81.431125083333342, 26.733574027777777 ], [ -81.430176083333336, 26.733317416666665 ], [ -81.429151611111109, 26.733159722222222 ], [ -81.428069972222232, 26.733119361111111 ], [ -81.426955972222231, 26.733211194444443 ], [ -81.42583975, 26.73344425 ], [ -81.424754611111112, 26.733819972222221 ], [ -81.42373394444445, 26.734331416666667 ], [ -81.422808055555564, 26.734963416666666 ], [ -81.422001111111115, 26.735694055555555 ], [ -81.421329166666666, 26.736497166666666 ], [ -81.4207995, 26.737344916666668 ], [ -81.420411083333335, 26.738210611111111 ], [ -81.420156055555566, 26.739070583333334 ], [ -81.420021666666671, 26.739905472222222 ], [ -81.4199923888889, 26.740706166666669 ], [ -81.420063138888892, 26.741531472222224 ], [ -81.420248472222227, 26.742390194444447 ], [ -81.420562944444455, 26.743265027777777 ], [ -81.421016972222233, 26.744133916666666 ], [ -81.421614944444443, 26.74497102777778 ], [ -81.422353361111121, 26.745748555555558 ], [ -81.423219916666667, 26.746439138888888 ], [ -81.424193805555561, 26.747018555555556 ], [ -81.425247055555559, 26.747468472222224 ], [ -81.42634725, 26.747778222222223 ], [ -81.427460722222222, 26.74794563888889 ], [ -81.428555805555561, 26.747976583333333 ], [ -81.429605277777782, 26.747883444444444 ], [ -81.430588083333333, 26.747683166666668 ], [ -81.431489750000011, 26.747395055555558 ], [ -81.432302166666673, 26.747038722222221 ] ] } },
{ "type": "Feature", "properties": { "style": "solid", "thickness": 1 }, "geometry": { "type": "LineString", "coordinates": [ [ -81.042796611111115, 26.735642944444447 ], [ -81.039227888888888, 26.735848611111113 ] ] } },
{ "type": "Feature", "properties": { "style": "solid", "thickness": 1 }, "geometry": { "type": "LineString", "coordinates": [ [ -81.051586305555546, 26.742582305555558 ], [ -81.05181566666667, 26.745786583333334 ] ] } },
{ "type": "Feature", "properties": { "style": "solid", "thickness": 1 }, "geometry": { "type": "LineString", "coordinates": [ [ -81.050524861111114, 26.727751 ], [ -81.05029555555555, 26.724546694444442 ] ] } },
{ "type": "Feature", "properties": { "style": "solid", "thickness": 1 }, "geometry": { "type": "LineString", "coordinates": [ [ -81.059314444444439, 26.734689888888891 ], [ -81.06288305555556, 26.734483722222222 ] ] } },
{ "type": "Feature", "properties": { "style": "solid", "thickness": 1 }, "geometry": { "type": "LineString", "coordinates": [ [ -81.055058416666668, 26.741632722222224 ], [ -81.055824083333334, 26.741201 ], [ -81.056572277777775, 26.740665222222223 ], [ -81.057280138888885, 26.740021222222222 ], [ -81.057921777777779, 26.739269861111111 ], [ -81.058470083333333, 26.738418277777779 ], [ -81.058898944444437, 26.737480666666666 ], [ -81.059186111111103, 26.736478111111111 ], [ -81.059315916666662, 26.735437444444447 ], [ -81.059281333333331, 26.734388972222224 ], [ -81.059085, 26.733363722222222 ], [ -81.058738777777776, 26.732390361111108 ], [ -81.058262166666665, 26.731492694444444 ], [ -81.057679583333325, 26.730688027777777 ], [ -81.057017777777773, 26.729986666666665 ], [ -81.056303083333333, 26.729392277777777 ], [ -81.055559583333334, 26.728902944444442 ], [ -81.054786611111112, 26.728502916666667 ], [ -81.053925833333324, 26.728164972222221 ], [ -81.052977722222224, 26.727905833333331 ], [ -81.051953861111102, 26.727745416666664 ], [ -81.050872416666664, 26.727702166666663 ], [ -81.049758166666663, 26.727791055555553 ], [ -81.048641222222216, 26.728021111111108 ], [ -81.047554888888882, 26.728393944444441 ], [ -81.046532583333331, 26.728902666666666 ], [ -81.045604666666662, 26.729532194444442 ], [ -81.044795333333326, 26.730260722222219 ], [ -81.044120777777778, 26.731062027777774 ], [ -81.043588333333332, 26.73190836111111 ], [ -81.043197111111112, 26.732773027777775 ], [ -81.04293925, 26.733632305555556 ], [ -81.042802111111115, 26.734466833333336 ], [ -81.042770166666671, 26.735267444444446 ], [ -81.042838194444442, 26.736092916666667 ], [ -81.043020694444436, 26.736952166666669 ], [ -81.04333225, 26.737827833333334 ], [ -81.04378341666667, 26.73869788888889 ], [ -81.044378583333327, 26.739536611111113 ], [ -81.045114388888891, 26.740316111111113 ], [ -81.045978638888883, 26.741008972222222 ], [ -81.046950555555554, 26.741591 ], [ -81.04800225, 26.742043722222224 ], [ -81.049101361111113, 26.74235638888889 ], [ -81.05021425, 26.74252677777778 ], [ -81.05130916666667, 26.742560611111113 ], [ -81.05235888888889, 26.74247027777778 ], [ -81.053342277777773, 26.742272638888888 ], [ -81.054244861111101, 26.741986916666669 ], [ -81.055058416666668, 26.741632722222224 ] ] } },
{ "type": "Feature", "properties": { "style": "solid", "thickness": 1 }, "geometry": { "type": "LineString", "coordinates": [ [ -81.878959027777768, 26.634109333333331 ], [ -81.878131555555555, 26.622825777777777 ] ] } },
{ "type": "Feature", "properties": { "style": "solid", "thickness": 1 }, "geometry": { "type": "LineString", "coordinates": [ [ -81.870782777777777, 26.62329 ], [ -81.871609555555551, 26.634573583333331 ] ] } },
{ "type": "Feature", "properties": { "style": "solid", "thickness": 1 }, "geometry": { "type": "LineString", "coordinates": [ [ -81.871196194444437, 26.628977666666668 ], [ -81.878545305555548, 26.628513416666667 ] ] } },
{ "type": "Feature", "properties": { "style": "solid", "thickness": 1 }, "geometry": { "type": "LineString", "coordinates": [ [ -81.864543055555544, 26.63182975 ], [ -81.86532002777777, 26.633435305555555 ], [ -81.86640355555555, 26.634890388888888 ], [ -81.867758777777766, 26.636148194444445 ], [ -81.869342166666655, 26.637168305555555 ], [ -81.871102805555552, 26.637917916666666 ], [ -81.872984111111109, 26.638372944444445 ], [ -81.874925611111109, 26.63851875 ], [ -81.876864888888889, 26.638350638888888 ], [ -81.878739555555555, 26.637874027777777 ], [ -81.880489388888876, 26.63710422222222 ], [ -81.88205813888888, 26.636066 ], [ -81.88339533333334, 26.634792722222222 ], [ -81.884458055555555, 26.633325305555555 ], [ -81.885212111111116, 26.631710944444446 ], [ -81.885633305555558, 26.630001527777779 ], [ -81.885708111111114, 26.628251972222223 ], [ -81.885434111111124, 26.62651852777778 ], [ -81.884820138888898, 26.624856916666666 ], [ -81.883885972222231, 26.623320555555555 ], [ -81.882661583333331, 26.62195875 ], [ -81.881186388888878, 26.620815333333333 ], [ -81.879507777777775, 26.619927027777777 ], [ -81.877679694444438, 26.619322361111113 ], [ -81.875760861111104, 26.619020777777777 ], [ -81.873812972222211, 26.619031972222224 ], [ -81.871898583333333, 26.619355583333334 ], [ -81.870079249999989, 26.619981222222222 ], [ -81.868413416666655, 26.62088875 ], [ -81.866954611111098, 26.622049027777777 ], [ -81.865749722222219, 26.623424777777778 ], [ -81.86483747222222, 26.624971777777777 ], [ -81.864247194444445, 26.626640305555554 ], [ -81.863997888888889, 26.62837675 ], [ -81.864097583333333, 26.630125305555556 ], [ -81.864543055555544, 26.63182975 ] ] } },
{ "type": "Feature", "properties": { "style": "solid", "thickness": 1 }, "geometry": { "type": "LineString", "coordinates": [ [ -82.099327055555548, 26.999136 ], [ -82.098372444444436, 26.987762944444444 ] ] } },
{ "type": "Feature", "properties": { "style": "solid", "thickness": 1 }, "geometry": { "type": "LineString", "coordinates": [ [ -82.091001055555552, 26.988238555555558 ], [ -82.091954944444439, 26.999611666666667 ] ] } },
{ "type": "Feature", "properties": { "style": "solid", "thickness": 1 }, "geometry": { "type": "LineString", "coordinates": [ [ -82.09152916666666, 26.993925 ], [ -82.0987985, 26.993449583333334 ] ] } },
{ "type": "Feature", "properties": { "style": "solid", "thickness": 1 }, "geometry": { "type": "LineString", "coordinates": [ [ -82.084224055555552, 26.994198833333336 ], [ -82.08449175, 26.995933083333334 ], [ -82.085100833333328, 26.997596611111113 ], [ -82.086031749999989, 26.999136 ], [ -82.087254583333333, 27.00050175 ], [ -82.08873, 27.001649916666668 ], [ -82.090410638888883, 27.002543666666668 ], [ -82.092242416666664, 27.003154194444445 ], [ -82.094166472222213, 27.003461916666666 ], [ -82.096120972222224, 27.003456916666668 ], [ -82.09804305555555, 27.00313938888889 ], [ -82.09987091666666, 27.0025195 ], [ -82.101545833333333, 27.001617194444446 ], [ -82.103013944444442, 27.0004615 ], [ -82.104228027777779, 26.999089555555557 ], [ -82.105149138888876, 26.997545444444444 ], [ -82.105747611111099, 26.995878805555556 ], [ -82.106004277777771, 26.99414325 ], [ -82.105910861111099, 26.9923945 ], [ -82.105470416666662, 26.990688805555557 ], [ -82.104697083333335, 26.989080972222222 ], [ -82.103615749999989, 26.987622694444447 ], [ -82.102261138888878, 26.986360777777779 ], [ -82.100676833333324, 26.985335833333334 ], [ -82.09891375, 26.984580777777779 ], [ -82.097028527777766, 26.984119861111111 ], [ -82.095081722222218, 26.983967916666668 ], [ -82.093135916666668, 26.984129805555558 ], [ -82.09125366666666, 26.984600333333333 ], [ -82.089495388888878, 26.98536438888889 ], [ -82.087917638888882, 26.986397388888889 ], [ -82.086571083333325, 26.987666194444447 ], [ -82.085499027777772, 26.98913 ], [ -82.084735944444446, 26.99074175 ], [ -82.084306361111103, 26.992449666666669 ], [ -82.084224055555552, 26.994198833333336 ] ] } },
{ "type": "Feature", "properties": { "style": "solid", "thickness": 1 }, "geometry": { "type": "LineString", "coordinates": [ [ -82.11291138888889, 26.658428305555553 ], [ -82.109347166666666, 26.658660888888889 ] ] } },
{ "type": "Feature", "properties": { "style": "solid", "thickness": 1 }, "geometry": { "type": "LineString", "coordinates": [ [ -82.121759805555556, 26.665301111111109 ], [ -82.122018972222222, 26.668503583333333 ] ] } },
{ "type": "Feature", "properties": { "style": "solid", "thickness": 1 }, "geometry": { "type": "LineString", "coordinates": [ [ -82.120560305555543, 26.650478222222223 ], [ -82.120301194444437, 26.647275722222222 ] ] } },
{ "type": "Feature", "properties": { "style": "solid", "thickness": 1 }, "geometry": { "type": "LineString", "coordinates": [ [ -82.129408555555543, 26.657350555555553 ], [ -82.13297272222222, 26.657117444444442 ] ] } },
{ "type": "Feature", "properties": { "style": "solid", "thickness": 1 }, "geometry": { "type": "LineString", "coordinates": [ [ -82.125220555555543, 26.664325361111111 ], [ -82.125981638888888, 26.66388786111111 ], [ -82.126724277777768, 26.663346444444443 ], [ -82.12742558333332, 26.662697111111111 ], [ -82.12805975, 26.661940944444442 ], [ -82.128599694444432, 26.661085222222219 ], [ -82.129019472222211, 26.660144416666665 ], [ -82.129297055555554, 26.659139722222221 ], [ -82.129417027777777, 26.658098083333332 ], [ -82.129372666666654, 26.657049916666665 ], [ -82.129166861111102, 26.656026166666667 ], [ -82.128811805555543, 26.655055444444443 ], [ -82.128327111111105, 26.654161388888888 ], [ -82.127737444444435, 26.653361138888886 ], [ -82.127069527777778, 26.652664805555553 ], [ -82.126349777777776, 26.652075833333331 ], [ -82.125602222222213, 26.651592138888887 ], [ -82.124826083333332, 26.651197944444444 ], [ -82.12396275, 26.6508665 ], [ -82.12301288888888, 26.650614527777776 ], [ -82.121988249999987, 26.650461833333331 ], [ -82.120907166666655, 26.650426777777778 ], [ -82.119794527777771, 26.650524055555554 ], [ -82.118680555555542, 26.650762527777776 ], [ -82.117598472222213, 26.651143555555553 ], [ -82.116581666666661, 26.65166 ], [ -82.115660277777778, 26.6522965 ], [ -82.114858361111104, 26.653031111111108 ], [ -82.114191777777776, 26.6538375 ], [ -82.113667638888884, 26.65468783333333 ], [ -82.11328475, 26.655555416666665 ], [ -82.11303513888889, 26.656416611111108 ], [ -82.112905888888889, 26.657252166666666 ], [ -82.112881472222213, 26.658053 ], [ -82.112957166666661, 26.658877944444441 ], [ -82.11314758333333, 26.659735777777776 ], [ -82.113467111111106, 26.66060908333333 ], [ -82.113926083333325, 26.661475722222221 ], [ -82.114528694444445, 26.662309916666665 ], [ -82.115271277777765, 26.663083833333332 ], [ -82.116141388888877, 26.663770166666666 ], [ -82.117118055555551, 26.664344833333331 ], [ -82.11817325, 26.664789611111111 ], [ -82.119274499999989, 26.66509397222222 ], [ -82.120388194444445, 26.665255944444443 ], [ -82.121482638888878, 26.665281527777775 ], [ -82.122530777777769, 26.66518325 ], [ -82.123511638888885, 26.664978194444444 ], [ -82.124410888888889, 26.664685666666664 ], [ -82.125220555555543, 26.664325361111111 ] ] } },
{ "type": "Feature", "properties": { "style": "solid", "thickness": 1 }, "geometry": { "type": "LineString", "coordinates": [ [ -81.980142888888892, 26.919282277777778 ], [ -81.975500722222222, 26.919580083333333 ] ] } },
{ "type": "Feature", "properties": { "style": "solid", "thickness": 1 }, "geometry": { "type": "LineString", "coordinates": [ [ -81.991656111111112, 26.928222972222223 ], [ -81.991988861111111, 26.93238425 ] ] } },
{ "type": "Feature", "properties": { "style": "solid", "thickness": 1 }, "geometry": { "type": "LineString", "coordinates": [ [ -81.99011625, 26.908962 ], [ -81.989783638888895, 26.904800694444443 ] ] } },
{ "type": "Feature", "properties": { "style": "solid", "thickness": 1 }, "geometry": { "type": "LineString", "coordinates": [ [ -82.001629194444448, 26.917901916666668 ], [ -82.00627125, 26.91760325 ] ] } },
{ "type": "Feature", "properties": { "style": "solid", "thickness": 1 }, "geometry": { "type": "LineString", "coordinates": [ [ -81.980142888888892, 26.919282277777778 ], [ -81.980452861111118, 26.920990805555558 ], [ -81.981098166666669, 26.92262225 ], [ -81.982058138888888, 26.924124166666669 ], [ -81.983301861111116, 26.925448305555555 ], [ -81.984789388888885, 26.926552083333334 ], [ -81.986472916666671, 26.927400027777779 ], [ -81.988298333333333, 26.927964861111111 ], [ -81.990206916666665, 26.928228444444446 ], [ -81.992137361111105, 26.928182305555556 ], [ -81.994027555555562, 26.927827888888888 ], [ -81.995816777777776, 26.927176638888891 ], [ -81.99744747222222, 26.926249444444444 ], [ -81.99886725, 26.925076166666667 ], [ -82.000030472222221, 26.923694472222223 ], [ -82.000899722222229, 26.922148805555558 ], [ -82.001447111111105, 26.920488861111114 ], [ -82.00165505555556, 26.918767944444447 ], [ -82.001516861111114, 26.917041416666667 ], [ -82.001037, 26.915364777777775 ], [ -82.000230916666666, 26.913791861111111 ], [ -81.9991245, 26.91237325 ], [ -81.997753361111108, 26.9111545 ], [ -81.996161527777772, 26.910174833333333 ], [ -81.994400194444452, 26.909465694444442 ], [ -81.992525916666665, 26.909049888888887 ], [ -81.99059897222223, 26.90894075 ], [ -81.98868125, 26.909141805555553 ], [ -81.986834361111107, 26.90964658333333 ], [ -81.985117666666667, 26.910438888888887 ], [ -81.983586361111108, 26.911493222222219 ], [ -81.982289611111113, 26.912775722222221 ], [ -81.981269138888891, 26.914245194444444 ], [ -81.980557694444443, 26.915854388888889 ], [ -81.980178222222222, 26.917551611111111 ], [ -81.980142888888892, 26.919282277777778 ] ] } },
{ "type": "Feature", "properties": { "style": "solid", "thickness": 1 }, "geometry": { "type": "LineString", "coordinates": [ [ -81.58415180555555, 26.16545025 ], [ -81.575277777777771, 26.18277777777778 ], [ -81.563816416666668, 26.166706666666666 ] ] } },
{ "type": "Feature", "properties": { "style": "solid", "thickness": 1 }, "geometry": { "type": "LineString", "coordinates": [ [ -81.795516388888885, 26.2998425 ], [ -81.786663888888882, 26.317183333333332 ], [ -81.775159527777774, 26.301129361111112 ] ] } },
{ "type": "Feature", "properties": { "style": "solid", "thickness": 1 }, "geometry": { "type": "LineString", "coordinates": [ [ -81.719282527777779, 26.324422361111111 ], [ -81.710416666666674, 26.341666666666665 ], [ -81.698920472222227, 26.32569825 ] ] } },
{ "type": "Feature", "properties": { "style": "solid", "thickness": 1 }, "geometry": { "type": "LineString", "coordinates": [ [ -81.757104305555558, 26.332469944444444 ], [ -81.748141666666669, 26.349808333333332 ], [ -81.736741222222221, 26.33375125 ] ] } },
{ "type": "Feature", "properties": { "style": "solid", "thickness": 1 }, "geometry": { "type": "LineString", "coordinates": [ [ -81.62805275, 26.406836388888888 ], [ -81.619166666666658, 26.424166666666668 ], [ -81.607675027777773, 26.40809911111111 ] ] } },
{ "type": "Feature", "properties": { "style": "solid", "thickness": 1 }, "geometry": { "type": "LineString", "coordinates": [ [ -82.24949825, 26.879540194444445 ], [ -82.24066944444445, 26.896816666666666 ], [ -82.22904325, 26.880892388888888 ] ] } },
{ "type": "Feature", "properties": { "style": "solid", "thickness": 1 }, "geometry": { "type": "LineString", "coordinates": [ [ -81.3569775, 26.341297888888889 ], [ -81.348055555555547, 26.358611111111113 ], [ -81.3366085, 26.342521527777777 ] ] } },
{ "type": "Feature", "properties": { "style": "solid", "thickness": 1 }, "geometry": { "type": "LineString", "coordinates": [ [ -82.258678277777776, 27.391378055555556 ], [ -82.249811111111114, 27.408652777777775 ], [ -82.238131277777782, 27.392731388888887 ] ] } },
{ "type": "Feature", "properties": { "style": "solid", "thickness": 1 }, "geometry": { "type": "LineString", "coordinates": [ [ -82.130385666666655, 26.591588583333333 ], [ -82.121561111111106, 26.608858333333334 ], [ -82.10998075, 26.592923666666664 ] ] } },
{ "type": "Feature", "properties": { "style": "solid", "thickness": 1 }, "geometry": { "type": "LineString", "coordinates": [ [ -81.749881111111108, 26.341384277777777 ], [ -81.740916666666664, 26.358722222222223 ], [ -81.729516361111109, 26.342664583333331 ] ] } },
{ "type": "Feature", "properties": { "style": "solid", "thickness": 1 }, "geometry": { "type": "LineString", "coordinates": [ [ -81.804970722222222, 26.768500944444444 ], [ -81.796083333333328, 26.78575 ], [ -81.784530472222215, 26.769789111111109 ] ] } },
{ "type": "Feature", "properties": { "style": "solid", "thickness": 1 }, "geometry": { "type": "LineString", "coordinates": [ [ -81.773789416666659, 26.805569583333334 ], [ -81.764894444444451, 26.822908333333334 ], [ -81.753342194444443, 26.80685327777778 ] ] } },
{ "type": "Feature", "properties": { "style": "solid", "thickness": 1 }, "geometry": { "type": "LineString", "coordinates": [ [ -81.771199222222222, 26.783439111111115 ], [ -81.762305555555557, 26.800777777777778 ], [ -81.750755888888889, 26.784722416666668 ] ] } },
{ "type": "Feature", "properties": { "style": "solid", "thickness": 1 }, "geometry": { "type": "LineString", "coordinates": [ [ -81.809998444444446, 26.77702 ], [ -81.801111111111112, 26.794361111111112 ], [ -81.789556694444443, 26.77830886111111 ] ] } },
{ "type": "Feature", "properties": { "style": "solid", "thickness": 1 }, "geometry": { "type": "LineString", "coordinates": [ [ -81.638884388888897, 26.405724611111111 ], [ -81.63, 26.423055555555557 ], [ -81.618506972222221, 26.40698886111111 ] ] } },
{ "type": "Feature", "properties": { "style": "solid", "thickness": 1 }, "geometry": { "type": "LineString", "coordinates": [ [ -81.775075166666667, 26.53064772222222 ], [ -81.775172972222222, 26.530711083333333 ], [ -81.775284194444438, 26.53076725 ], [ -81.775408277777771, 26.5308135 ], [ -81.775543805555557, 26.530847 ], [ -81.775688416666668, 26.530865083333332 ], [ -81.775838888888885, 26.530865611111111 ], [ -81.775991166666671, 26.530847111111111 ], [ -81.776140805555556, 26.530809222222221 ], [ -81.77628325, 26.530752666666665 ], [ -81.776414416666668, 26.530679333333332 ], [ -81.776530888888885, 26.530591944444442 ], [ -81.77663044444445, 26.530493888888888 ], [ -81.77671186111111, 26.53038872222222 ], [ -81.776775111111107, 26.530279944444445 ], [ -81.776821, 26.530170694444443 ], [ -81.776850972222221, 26.5300635 ], [ -81.776867222222222, 26.529957527777778 ], [ -81.7768705, 26.529844916666665 ], [ -81.776858555555549, 26.529726583333332 ], [ -81.776829222222219, 26.529604777777777 ], [ -81.776780916666667, 26.52948247222222 ], [ -81.776712777777774, 26.529363166666666 ], [ -81.776625083333329, 26.529250666666666 ], [ -81.77651927777778, 26.52914875 ], [ -81.776398, 26.52906075 ], [ -81.776264861111116, 26.528989333333332 ], [ -81.776124055555556, 26.528936055555555 ], [ -81.775980027777777, 26.528901416666667 ], [ -81.775836916666663, 26.528884833333333 ], [ -81.775698361111111, 26.528884861111109 ], [ -81.77556725, 26.528899416666665 ], [ -81.77544561111111, 26.528926138888888 ], [ -81.775333916666668, 26.528962861111111 ], [ -81.775223805555555, 26.529011916666665 ], [ -81.77511480555556, 26.529075388888888 ], [ -81.775010027777782, 26.529154027777778 ], [ -81.774913, 26.529247888888889 ], [ -81.774827527777774, 26.52935613888889 ], [ -81.77475727777778, 26.529477055555553 ], [ -81.774705361111117, 26.529607888888886 ], [ -81.774674083333338, 26.529745111111112 ], [ -81.774664583333333, 26.529884666666664 ], [ -81.77467675, 26.530022472222221 ], [ -81.774709166666668, 26.530154638888888 ], [ -81.774759444444442, 26.530277944444443 ], [ -81.774824527777781, 26.53039 ], [ -81.77490105555556, 26.530489277777775 ], [ -81.774985638888893, 26.530575166666665 ], [ -81.775075166666667, 26.53064772222222 ] ] } }
]
}
