{"type":"FeatureCollection","features":[{"type":"Feature","geometry":{"type":"LineString","coordinates":[[-80.10957030555555,26.16043372222222],[-80.0897048611111,26.16161961111111]]},"properties":{"style":"solid","thickness":1}},{"type":"Feature","geometry":{"type":"LineString","coordinates":[[-80.10955838888889,26.168130972222222],[-80.08969166666667,26.169316861111113]]},"properties":{"style":"solid","thickness":1}},{"type":"Feature","geometry":{"type":"LineString","coordinates":[[-80.16653836111112,26.076949055555556],[-80.13912083333334,26.07679186111111]]},"properties":{"style":"solid","thickness":1}},{"type":"Feature","geometry":{"type":"LineString","coordinates":[[-80.1583488888889,26.06588663888889],[-80.133983,26.065742166666666]]},"properties":{"style":"solid","thickness":1}},{"type":"Feature","geometry":{"type":"LineString","coordinates":[[-80.26625383333334,26.07329888888889],[-80.26620172222222,26.081656666666667]]},"properties":{"style":"solid","thickness":1}},{"type":"Feature","geometry":{"type":"LineString","coordinates":[[-80.2895641111111,26.073415555555556],[-80.28951366666666,26.081773333333334]]},"properties":{"style":"solid","thickness":1}},{"type":"Feature","geometry":{"type":"LineString","coordinates":[[-80.33603472222222,26.073629416666666],[-80.3359875,26.08198722222222]]},"properties":{"style":"solid","thickness":1}},{"type":"Feature","geometry":{"type":"LineString","coordinates":[[-80.39415488888889,26.073904416666668],[-80.39411177777778,26.08226225]]},"properties":{"style":"solid","thickness":1}},{"type":"Feature","geometry":{"type":"LineString","coordinates":[[-80.331,26.11127463888889],[-80.32174447222222,26.111103]]},"properties":{"style":"solid","thickness":1}},{"type":"Feature","geometry":{"type":"LineString","coordinates":[[-80.30643769444444,26.14927836111111],[-80.30179022222222,26.14204938888889]]},"properties":{"style":"solid","thickness":1}},{"type":"Feature","geometry":{"type":"LineString","coordinates":[[-80.28181513888889,26.15512325],[-80.28187338888888,26.146765638888887]]},"properties":{"style":"solid","thickness":1}},{"type":"Feature","geometry":{"type":"LineString","coordinates":[[-80.29869122222222,26.078679333333334],[-80.29882763888888,26.078710972222222],[-80.29939405555555,26.078850944444444],[-80.29995794444444,26.078999],[-80.30051916666666,26.07915511111111],[-80.30107755555555,26.07931925],[-80.30163302777777,26.07949136111111],[-80.30218538888889,26.079671416666667],[-80.30273452777777,26.07985933333333],[-80.30328027777777,26.08005511111111],[-80.30382255555556,26.080258666666666],[-80.30436116666667,26.08046997222222],[-80.304896,26.080688944444443],[-80.30542694444445,26.080915555555556],[-80.30595383333333,26.081149749999998],[-80.30647655555555,26.081391444444446],[-80.30699494444444,26.081640611111112],[-80.30726236111111,26.081774083333332]]},"properties":{"style":"solid","thickness":1}},{"type":"Feature","geometry":{"type":"LineString","coordinates":[[-80.31472027777778,26.086686555555556],[-80.31502697222221,26.086949083333334],[-80.31544674999999,26.08731997222222],[-80.31585994444444,26.087696833333332],[-80.31626647222222,26.088079555555556],[-80.31666622222222,26.088468027777775],[-80.3170591111111,26.08886222222222],[-80.31744502777778,26.089261944444445],[-80.31782388888888,26.089667166666665],[-80.31819558333333,26.090077777777775],[-80.31856002777778,26.090493638888887],[-80.3189171111111,26.090914666666666],[-80.31926675,26.091340777777777],[-80.31960888888888,26.091771805555556],[-80.31994338888889,26.092207694444443],[-80.32027019444445,26.092648333333333],[-80.32058925,26.09309358333333],[-80.3206018611111,26.09311183333333]]},"properties":{"style":"solid","thickness":1}},{"type":"Feature","geometry":{"type":"LineString","coordinates":[[-80.3245398611111,26.100651555555558],[-80.32457674999999,26.100751861111114],[-80.32475294444444,26.101257750000002],[-80.32492022222222,26.10176611111111],[-80.32507855555555,26.102276805555558],[-80.32522791666666,26.102789666666666],[-80.32536822222222,26.10330463888889],[-80.32549949999999,26.103821555555555],[-80.32562163888889,26.10434025],[-80.32573469444444,26.104860666666667],[-80.32583858333334,26.105382611111114],[-80.32593327777778,26.105906],[-80.32601877777778,26.106430666666668],[-80.32609505555556,26.106956500000003],[-80.32616205555556,26.10748336111111],[-80.32621983333333,26.108011083333334],[-80.32626830555556,26.108539611111112],[-80.32629030555555,26.10883638888889]]},"properties":{"style":"solid","thickness":1}},{"type":"Feature","geometry":{"type":"LineString","coordinates":[[-80.32584077777777,26.11716775],[-80.32578247222222,26.117503638888888],[-80.32566266666666,26.118128722222224],[-80.3255318611111,26.118752],[-80.32539013888889,26.119373333333336],[-80.32523747222221,26.119992555555555],[-80.32507394444444,26.1206095],[-80.32489958333333,26.121224027777778],[-80.32471444444444,26.12183597222222],[-80.32451852777777,26.122445194444445],[-80.32431194444445,26.12305152777778],[-80.32409469444444,26.123654833333333],[-80.32386688888889,26.12425491666667],[-80.32362852777777,26.124851694444445],[-80.32346947222221,26.125230861111113]]},"properties":{"style":"solid","thickness":1}},{"type":"Feature","geometry":{"type":"LineString","coordinates":[[-80.31929433333333,26.1326735],[-80.31922405555555,26.132772805555557],[-80.31883636111111,26.133301944444444],[-80.31843941666666,26.133825416666667],[-80.31803330555555,26.134343138888887],[-80.31761813888889,26.134854999999998],[-80.317194,26.135360805555557],[-80.31676102777777,26.1358605],[-80.31631930555555,26.136353916666668],[-80.31586897222222,26.136840916666667],[-80.3154101111111,26.137321416666666],[-80.31494283333333,26.137795277777776],[-80.31446730555555,26.13826236111111],[-80.31398358333333,26.138722583333333],[-80.3134971111111,26.139170944444444]]},"properties":{"style":"solid","thickness":1}},{"type":"Feature","geometry":{"type":"LineString","coordinates":[[-80.30632944444444,26.144438305555553],[-80.30583605555556,26.14472588888889],[-80.30523963888889,26.145061555555554],[-80.30463738888889,26.145388583333332],[-80.30402947222223,26.14570697222222],[-80.30341602777777,26.14601658333333],[-80.30279719444444,26.146317361111112],[-80.30217313888889,26.14660922222222],[-80.30154402777778,26.14689211111111],[-80.30091002777777,26.147165944444446],[-80.30027127777778,26.14743063888889],[-80.29962794444444,26.147686166666666],[-80.29898019444444,26.147932416666666],[-80.29832819444444,26.148169333333332],[-80.29810549999999,26.148246583333332]]},"properties":{"style":"solid","thickness":1}},{"type":"Feature","geometry":{"type":"LineString","coordinates":[[-80.28918419444445,26.150429666666664],[-80.28884733333334,26.15047886111111],[-80.28815177777777,26.150570166666665],[-80.28745469444445,26.150651527777775],[-80.28675625,26.15072286111111],[-80.28605666666667,26.150784166666664],[-80.28535608333333,26.150835444444443],[-80.28465466666667,26.150876666666665],[-80.28395263888889,26.15090783333333],[-80.28325013888889,26.150928916666665],[-80.28254736111111,26.150939944444442],[-80.28184447222222,26.15094086111111]]},"properties":{"style":"solid","thickness":1}},{"type":"Feature","geometry":{"type":"LineString","coordinates":[[-80.28184447222222,26.15094086111111],[-80.27995405555555,26.15093019444444]]},"properties":{"style":"solid","thickness":1}},{"type":"Feature","geometry":{"type":"LineString","coordinates":[[-80.27069366666666,26.150877527777777],[-80.26143327777778,26.15082425]]},"properties":{"style":"solid","thickness":1}},{"type":"Feature","geometry":{"type":"LineString","coordinates":[[-80.2521728888889,26.150770388888887],[-80.2429125,26.150715944444443]]},"properties":{"style":"solid","thickness":1}},{"type":"Feature","geometry":{"type":"LineString","coordinates":[[-80.23365213888889,26.150660916666666],[-80.23095122222223,26.150644777777778]]},"properties":{"style":"solid","thickness":1}},{"type":"Feature","geometry":{"type":"LineString","coordinates":[[-80.36349452777777,26.10998375],[-80.34298513888888,26.11149480555556]]},"properties":{"style":"solid","thickness":1}},{"type":"Feature","geometry":{"type":"LineString","coordinates":[[-80.532426,26.041579333333335],[-80.51200875,26.04285927777778]]},"properties":{"style":"solid","thickness":1}},{"type":"Feature","geometry":{"type":"LineString","coordinates":[[-80.53301772222223,26.049272972222223],[-80.51259916666666,26.050553]]},"properties":{"style":"solid","thickness":1}},{"type":"Feature","geometry":{"type":"LineString","coordinates":[[-80.21255225,26.175882611111113],[-80.19202955555556,26.17737238888889]]},"properties":{"style":"solid","thickness":1}},{"type":"Feature","geometry":{"type":"LineString","coordinates":[[-80.23625705555555,26.166985944444445],[-80.21536544444444,26.16825125]]},"properties":{"style":"solid","thickness":1}},{"type":"Feature","geometry":{"type":"LineString","coordinates":[[-80.02790386111111,26.071921166666666],[-80.02783502777778,26.080278833333335]]},"properties":{"style":"solid","thickness":1}},{"type":"Feature","geometry":{"type":"LineString","coordinates":[[-79.99641052777778,26.08294836111111],[-80.00270072222222,26.089079388888887]]},"properties":{"style":"solid","thickness":1}},{"type":"Feature","geometry":{"type":"LineString","coordinates":[[-79.91129361111112,26.071101777777777],[-79.9112175,26.079459333333332]]},"properties":{"style":"solid","thickness":1}},{"type":"Feature","geometry":{"type":"LineString","coordinates":[[-80.02764194444444,26.146310027777776],[-80.02766361111111,26.154667749999998]]},"properties":{"style":"solid","thickness":1}},{"type":"Feature","geometry":{"type":"LineString","coordinates":[[-80.01868494444444,26.076973527777778],[-80.01851955555556,26.077006527777776],[-80.01821333333334,26.077069833333333],[-80.01790766666666,26.07713525],[-80.01760252777778,26.077202777777778],[-80.017298,26.07727238888889],[-80.01699405555556,26.077344083333333],[-80.01669075,26.07741788888889],[-80.01638805555555,26.07749377777778],[-80.016086,26.07757175],[-80.01578461111112,26.077651777777778],[-80.01548391666667,26.07773388888889],[-80.01518394444444,26.077818055555554],[-80.01488466666666,26.077904305555556],[-80.01458611111111,26.077992583333334],[-80.01428833333334,26.078082944444443],[-80.01399133333334,26.078175333333334],[-80.01369508333333,26.078269777777777],[-80.01339966666667,26.07836625],[-80.01310508333333,26.07846475],[-80.01281130555556,26.078565277777777],[-80.01251841666667,26.078667805555554],[-80.01222638888889,26.07877236111111],[-80.01193525,26.078878944444444],[-80.011645,26.0789875],[-80.01135569444445,26.079098055555555],[-80.01106733333333,26.07921058333333],[-80.01077991666666,26.07932511111111],[-80.0104935,26.07944161111111],[-80.01020805555555,26.079560083333334],[-80.0099458888889,26.079671083333334]]},"properties":{"style":"solid","thickness":1}},{"type":"Feature","geometry":{"type":"LineString","coordinates":[[-80.00209105555555,26.084058055555555],[-80.00193863888889,26.084166444444442],[-80.00169330555556,26.08434363888889],[-80.00144947222222,26.084522527777775],[-80.00120713888889,26.08470308333333],[-80.00096636111111,26.084885277777776],[-80.00072711111112,26.085069166666667],[-80.00048941666667,26.085254666666664],[-80.00025330555556,26.085441805555554],[-80.00001877777778,26.085630555555554],[-79.99978583333333,26.085820916666666],[-79.99955452777778,26.086012888888888]]},"properties":{"style":"solid","thickness":1}},{"type":"Feature","geometry":{"type":"LineString","coordinates":[[-79.99955452777778,26.086012888888888],[-79.99883116666666,26.086632638888887],[-79.9981246388889,26.087268027777778],[-79.99743533333333,26.087918694444443],[-79.99676366666667,26.088584194444444],[-79.99611002777777,26.08926422222222],[-79.99551494444445,26.089914472222222]]},"properties":{"style":"solid","thickness":1}},{"type":"Feature","geometry":{"type":"LineString","coordinates":[[-79.9905496111111,26.096947027777777],[-79.99021180555556,26.097580777777775],[-79.98980122222223,26.09840136111111],[-79.98941275,26.099230666666667],[-79.9890466388889,26.100068222222223],[-79.98870305555556,26.10091352777778],[-79.98838225,26.101766083333334],[-79.98808441666667,26.10262541666667],[-79.98780969444445,26.103491],[-79.98755825,26.10436236111111],[-79.98744402777778,26.104801444444448]]},"properties":{"style":"solid","thickness":1}},{"type":"Feature","geometry":{"type":"LineString","coordinates":[[-79.986353,26.113083000000003],[-79.98635025,26.113278416666667],[-79.98636166666667,26.11417877777778],[-79.98639722222222,26.11507863888889],[-79.9864568888889,26.115977444444447],[-79.98654063888888,26.116874694444444],[-79.98664844444444,26.117769833333334],[-79.98678022222222,26.11866238888889],[-79.9869358888889,26.11955177777778],[-79.9871153888889,26.1204375],[-79.98731855555556,26.12131902777778],[-79.98733330555555,26.121376055555555]]},"properties":{"style":"solid","thickness":1}},{"type":"Feature","geometry":{"type":"LineString","coordinates":[[-79.99033952777778,26.12926225],[-79.99062122222222,26.129792333333334],[-79.99107433333333,26.1305945],[-79.99154880555555,26.131386527777778],[-79.99204438888889,26.132167972222224],[-79.99256080555556,26.132938333333335],[-79.99309775,26.133697194444444],[-79.99365486111111,26.13444411111111],[-79.99423188888889,26.13517861111111],[-79.99482841666666,26.13590027777778],[-79.99521577777777,26.136345972222223]]},"properties":{"style":"solid","thickness":1}},{"type":"Feature","geometry":{"type":"LineString","coordinates":[[-80.00171769444445,26.142271722222223],[-80.00178619444445,26.14232252777778],[-80.00257222222223,26.142877],[-80.00337288888889,26.14341411111111],[-80.00418775,26.143933583333332],[-80.00501630555556,26.14443511111111],[-80.00585808333334,26.14491836111111],[-80.00671258333334,26.145383083333332],[-80.00757930555555,26.145828972222223],[-80.00845772222222,26.146255805555555],[-80.00934736111111,26.146663305555556],[-80.00952127777778,26.14673825]]},"properties":{"style":"solid","thickness":1}},{"type":"Feature","geometry":{"type":"LineString","coordinates":[[-80.01823180555556,26.149522138888887],[-80.01874186111111,26.149628694444445],[-80.019719,26.149810416666668],[-80.02070072222222,26.149970749999998],[-80.02168647222223,26.150109583333332],[-80.02267566666667,26.15022683333333],[-80.02366769444444,26.150322416666665],[-80.02466202777778,26.150396277777777],[-80.02565802777778,26.150448416666666],[-80.02665513888888,26.150478749999998],[-80.02741061111111,26.15048522222222]]},"properties":{"style":"solid","thickness":1}},{"type":"Feature","geometry":{"type":"LineString","coordinates":[[-80.03667108333333,26.150467944444443],[-80.04593158333333,26.150447527777775]]},"properties":{"style":"solid","thickness":1}},{"type":"Feature","geometry":{"type":"LineString","coordinates":[[-80.05519205555555,26.1504265],[-80.06445255555555,26.150404888888886]]},"properties":{"style":"solid","thickness":1}},{"type":"Feature","geometry":{"type":"LineString","coordinates":[[-80.07371302777777,26.150382694444442],[-80.08215008333333,26.150361944444445]]},"properties":{"style":"solid","thickness":1}},{"type":"Feature","geometry":{"type":"LineString","coordinates":[[-79.75325094444445,26.009019916666666],[-79.73264247222222,26.010201]]},"properties":{"style":"solid","thickness":1}},{"type":"Feature","geometry":{"type":"LineString","coordinates":[[-79.75269541666667,26.00111438888889],[-79.73208827777778,26.00229538888889]]},"properties":{"style":"solid","thickness":1}},{"type":"Feature","geometry":{"type":"LineString","coordinates":[[-80.08406941666667,26.169758194444444],[-80.06645672222221,26.171021361111112]]},"properties":{"style":"solid","thickness":1}},{"type":"Feature","geometry":{"type":"LineString","coordinates":[[-79.87781377777777,26.158182777777775],[-79.86020077777778,26.159421027777775]]},"properties":{"style":"solid","thickness":1}},{"type":"Feature","geometry":{"type":"LineString","coordinates":[[-79.90289194444445,26.156630888888888],[-79.88203349999999,26.157846055555556]]},"properties":{"style":"solid","thickness":1}},{"type":"Feature","geometry":{"type":"LineString","coordinates":[[-79.90232583333334,26.14872613888889],[-79.88146877777777,26.14994122222222]]},"properties":{"style":"solid","thickness":1}},{"type":"Feature","geometry":{"type":"LineString","coordinates":[[-79.9884955,26.09540261111111],[-79.98169675,26.10107438888889]]},"properties":{"style":"solid","thickness":1}},{"type":"Feature","geometry":{"type":"LineString","coordinates":[[-79.97489736111112,26.10674586111111],[-79.96809730555556,26.112417]]},"properties":{"style":"solid","thickness":1}},{"type":"Feature","geometry":{"type":"LineString","coordinates":[[-79.96129661111111,26.118087805555557],[-79.95449527777778,26.123758277777778]]},"properties":{"style":"solid","thickness":1}},{"type":"Feature","geometry":{"type":"LineString","coordinates":[[-79.94769327777779,26.129428416666666],[-79.94089063888889,26.13509825]]},"properties":{"style":"solid","thickness":1}},{"type":"Feature","geometry":{"type":"LineString","coordinates":[[-79.93408736111111,26.140767722222222],[-79.92728341666667,26.14643688888889]]},"properties":{"style":"solid","thickness":1}},{"type":"Feature","geometry":{"type":"LineString","coordinates":[[-80.03683116666666,26.06477622222222],[-80.037611,26.062995083333334],[-80.03747811111111,26.061228694444445],[-80.03643869444444,26.059559222222223]]},"properties":{"style":"solid","thickness":1}},{"type":"Feature","geometry":{"type":"LineString","coordinates":[[-80.0347293611111,26.062346555555557],[-80.03236433333333,26.062491666666666]]},"properties":{"style":"solid","thickness":1}},{"type":"Feature","geometry":{"type":"LineString","coordinates":[[-80.03160072222222,26.06509711111111],[-80.03492094444444,26.064893444444444],[-80.03452852777778,26.059676444444445]]},"properties":{"style":"solid","thickness":1}},{"type":"Feature","geometry":{"type":"LineString","coordinates":[[-80.02611630555556,26.061430416666667],[-80.0289816111111,26.06125475]]},"properties":{"style":"solid","thickness":1}},{"type":"Feature","geometry":{"type":"LineString","coordinates":[[-80.02934377777778,26.059994500000002],[-80.02782569444445,26.065328611111113],[-80.02556891666667,26.060225944444444]]},"properties":{"style":"solid","thickness":1}},{"type":"Feature","geometry":{"type":"LineString","coordinates":[[-80.02390480555556,26.06301036111111],[-80.02153975,26.063155277777778]]},"properties":{"style":"solid","thickness":1}},{"type":"Feature","geometry":{"type":"LineString","coordinates":[[-80.02077588888889,26.065760666666666],[-80.0240961388889,26.06555725],[-80.02370419444445,26.060340222222223]]},"properties":{"style":"solid","thickness":1}},{"type":"Feature","geometry":{"type":"LineString","coordinates":[[-80.01891111111111,26.06587491666667],[-80.01787191666666,26.064205305555557],[-80.01773930555555,26.062438916666668],[-80.01851938888889,26.06065788888889]]},"properties":{"style":"solid","thickness":1}},{"type":"Feature","geometry":{"type":"LineString","coordinates":[[-80.0363565,26.054566722222223],[-80.03729386111111,26.054880583333333],[-80.03833986111111,26.054816388888888],[-80.03926708333333,26.054388055555556],[-80.03962691666666,26.053705666666666],[-80.0396083888889,26.053459194444446],[-80.03910722222221,26.052870916666667],[-80.03637683333334,26.051800472222222],[-80.03587880555556,26.051253305555555],[-80.03588719444444,26.050757555555556],[-80.03624705555555,26.050075166666666],[-80.03699233333333,26.04965802777778],[-80.03808377777777,26.04959102777778],[-80.0385963611111,26.049724611111113],[-80.039358,26.050131805555555]]},"properties":{"style":"solid","thickness":1}},{"type":"Feature","geometry":{"type":"LineString","coordinates":[[-80.03385447222222,26.049850583333335],[-80.03424683333333,26.055067583333333],[-80.03026183333333,26.050071],[-80.03065402777777,26.055288]]},"properties":{"style":"solid","thickness":1}},{"type":"Feature","geometry":{"type":"LineString","coordinates":[[-80.02517008333334,26.05162125],[-80.02803513888888,26.051445611111113]]},"properties":{"style":"solid","thickness":1}},{"type":"Feature","geometry":{"type":"LineString","coordinates":[[-80.02839730555556,26.050185333333335],[-80.02687930555555,26.055519472222223],[-80.02462275,26.05041677777778]]},"properties":{"style":"solid","thickness":1}},{"type":"Feature","geometry":{"type":"LineString","coordinates":[[-80.02275819444445,26.050531055555556],[-80.02315005555556,26.055748055555558],[-80.02083061111111,26.055890194444444],[-80.02013302777777,26.055726583333335],[-80.01948011111111,26.054941222222222],[-80.01944308333333,26.05444827777778],[-80.01992713888889,26.05359327777778],[-80.02063936111111,26.053343305555558],[-80.02295875,26.053201166666668]]},"properties":{"style":"solid","thickness":1}},{"type":"Feature","geometry":{"type":"LineString","coordinates":[[-80.01749830555555,26.053494444444446],[-80.01513344444444,26.05363925]]},"properties":{"style":"solid","thickness":1}},{"type":"Feature","geometry":{"type":"LineString","coordinates":[[-80.01437258333333,26.056285722222224],[-80.01769258333333,26.05608241666667],[-80.01730094444444,26.05086538888889],[-80.01375372222222,26.051082583333333]]},"properties":{"style":"solid","thickness":1}},{"type":"Feature","geometry":{"type":"LineString","coordinates":[[-79.89427408333334,26.092531833333332],[-79.89505622222222,26.0907515],[-79.89492541666667,26.08898497222222],[-79.89388777777778,26.087314499999998]]},"properties":{"style":"solid","thickness":1}},{"type":"Feature","geometry":{"type":"LineString","coordinates":[[-79.89197702777778,26.08742983333333],[-79.89236322222223,26.092647194444442]]},"properties":{"style":"solid","thickness":1}},{"type":"Feature","geometry":{"type":"LineString","coordinates":[[-79.8902638888889,26.090215444444443],[-79.8878981388889,26.090358194444445]]},"properties":{"style":"solid","thickness":1}},{"type":"Feature","geometry":{"type":"LineString","coordinates":[[-79.88713116666668,26.092962888888888],[-79.89045238888889,26.0927625],[-79.89006627777779,26.08754513888889]]},"properties":{"style":"solid","thickness":1}},{"type":"Feature","geometry":{"type":"LineString","coordinates":[[-79.88526580555556,26.093075388888888],[-79.88422827777778,26.091404833333332],[-79.88409763888889,26.089638333333333],[-79.88487991666668,26.087858027777777]]},"properties":{"style":"solid","thickness":1}},{"type":"Feature","geometry":{"type":"LineString","coordinates":[[-79.90065580555556,26.08207125],[-79.89829022222223,26.082214166666667]]},"properties":{"style":"solid","thickness":1}},{"type":"Feature","geometry":{"type":"LineString","coordinates":[[-79.89752352777778,26.084818916666666],[-79.90084452777778,26.084618305555555],[-79.90045797222223,26.07940097222222]]},"properties":{"style":"solid","thickness":1}},{"type":"Feature","geometry":{"type":"LineString","coordinates":[[-79.89565830555556,26.084931555555553],[-79.89535108333334,26.08078233333333],[-79.89511436111111,26.08005386111111],[-79.89427119444446,26.07977463888889],[-79.8927245,26.079868027777778],[-79.89192997222223,26.080246111111112],[-79.89171175000001,26.081002055555555],[-79.89201886111111,26.085151277777776]]},"properties":{"style":"solid","thickness":1}},{"type":"Feature","geometry":{"type":"LineString","coordinates":[[-79.89010813888889,26.085266583333333],[-79.88674163888889,26.085469694444445],[-79.88972205555557,26.08004922222222],[-79.88612825000001,26.080266055555555]]},"properties":{"style":"solid","thickness":1}},{"type":"Feature","geometry":{"type":"LineString","coordinates":[[-79.88264388888888,26.083199666666665],[-79.88244341666666,26.08048827777778]]},"properties":{"style":"solid","thickness":1}},{"type":"Feature","geometry":{"type":"LineString","coordinates":[[-79.88464891666668,26.085595916666666],[-79.88264388888888,26.083199666666665],[-79.88100944444444,26.08581536111111]]},"properties":{"style":"solid","thickness":1}},{"type":"Feature","geometry":{"type":"LineString","coordinates":[[-79.87709375,26.08353422222222],[-79.87689341666666,26.080822805555556]]},"properties":{"style":"solid","thickness":1}},{"type":"Feature","geometry":{"type":"LineString","coordinates":[[-79.87909869444444,26.085930555555553],[-79.87709375,26.08353422222222],[-79.87545916666666,26.086149833333334]]},"properties":{"style":"solid","thickness":1}},{"type":"Feature","geometry":{"type":"LineString","coordinates":[[-79.88797505555556,26.172752055555556],[-79.88875783333334,26.17097177777778],[-79.88862702777779,26.169205277777777],[-79.88758877777778,26.167534777777778]]},"properties":{"style":"solid","thickness":1}},{"type":"Feature","geometry":{"type":"LineString","coordinates":[[-79.88567672222223,26.16765002777778],[-79.88606291666667,26.172867333333336]]},"properties":{"style":"solid","thickness":1}},{"type":"Feature","geometry":{"type":"LineString","coordinates":[[-79.88396227777778,26.17043552777778],[-79.88159488888888,26.17057816666667]]},"properties":{"style":"solid","thickness":1}},{"type":"Feature","geometry":{"type":"LineString","coordinates":[[-79.88082727777777,26.173182805555555],[-79.88415077777779,26.172982555555556],[-79.88376466666668,26.16776527777778]]},"properties":{"style":"solid","thickness":1}},{"type":"Feature","geometry":{"type":"LineString","coordinates":[[-79.87896063888888,26.173295222222222],[-79.87792247222221,26.17162463888889],[-79.87779183333333,26.16985813888889],[-79.87857475,26.168077916666668]]},"properties":{"style":"solid","thickness":1}},{"type":"Feature","geometry":{"type":"LineString","coordinates":[[-79.89290333333334,26.164904527777775],[-79.89251688888889,26.159687249999998]]},"properties":{"style":"solid","thickness":1}},{"type":"Feature","geometry":{"type":"LineString","coordinates":[[-79.88923927777779,26.159884944444443],[-79.88962561111111,26.16510222222222]]},"properties":{"style":"solid","thickness":1}},{"type":"Feature","geometry":{"type":"LineString","coordinates":[[-79.88943397222224,26.16251411111111],[-79.8927116388889,26.162316444444443]]},"properties":{"style":"solid","thickness":1}},{"type":"Feature","geometry":{"type":"LineString","coordinates":[[-79.88771358333334,26.165217499999997],[-79.88740641666668,26.161068305555553],[-79.88716958333335,26.16033983333333],[-79.88632586111112,26.160060583333333],[-79.88477811111112,26.16015388888889],[-79.88398302777779,26.160531916666667],[-79.88376461111112,26.161287833333333],[-79.8840716388889,26.165437027777777]]},"properties":{"style":"solid","thickness":1}},{"type":"Feature","geometry":{"type":"LineString","coordinates":[[-79.8821596111111,26.16555222222222],[-79.87813180555555,26.160554277777777]]},"properties":{"style":"solid","thickness":1}},{"type":"Feature","geometry":{"type":"LineString","coordinates":[[-79.8817736111111,26.160334916666667],[-79.87851763888888,26.16577161111111]]},"properties":{"style":"solid","thickness":1}},{"type":"Feature","geometry":{"type":"LineString","coordinates":[[-79.87621986111111,26.160669416666664],[-79.8766056111111,26.16588675]]},"properties":{"style":"solid","thickness":1}},{"type":"Feature","geometry":{"type":"LineString","coordinates":[[-79.87430791666667,26.160784527777775],[-79.87469358333333,26.16600186111111],[-79.87212280555555,26.160916055555553],[-79.87041422222221,26.166259388888886],[-79.87002874999999,26.161042055555555]]},"properties":{"style":"solid","thickness":1}},{"type":"Feature","geometry":{"type":"LineString","coordinates":[[-79.89902336111112,26.15199708333333],[-79.90230072222222,26.151799194444443],[-79.90231594444445,26.15200461111111],[-79.90000441666668,26.15536283333333],[-79.89968577777779,26.155382083333333],[-79.89929905555556,26.150164805555555]]},"properties":{"style":"solid","thickness":1}},{"type":"Feature","geometry":{"type":"LineString","coordinates":[[-79.89572550000001,26.15562111111111],[-79.89527030555556,26.15564858333333],[-79.8944751388889,26.155407722222222],[-79.89368291666668,26.15458897222222],[-79.89342475000001,26.153572916666665],[-79.89335477777779,26.152628055555553],[-79.89346077777779,26.151590055555555],[-79.89417069444445,26.150680666666666],[-79.89488377777778,26.150431305555554],[-79.89533894444445,26.150403833333332],[-79.89603694444445,26.150568027777776],[-79.89687469444445,26.151384027777777],[-79.89713286111112,26.152400055555553],[-79.8972028888889,26.153344916666665],[-79.89709997222224,26.154424027777775],[-79.89639005555556,26.155333416666664],[-79.89572550000001,26.15562111111111]]},"properties":{"style":"solid","thickness":1}},{"type":"Feature","geometry":{"type":"LineString","coordinates":[[-79.89008097222222,26.155961638888886],[-79.88962575000001,26.15598908333333],[-79.88883061111112,26.155748194444442],[-79.88803841666667,26.154929416666665],[-79.88778030555557,26.15391336111111],[-79.88771036111112,26.1529685],[-79.88781641666667,26.151930472222222],[-79.88852636111112,26.15102111111111],[-79.88923947222223,26.150771805555554],[-79.8896946388889,26.150744333333332],[-79.8903926388889,26.150908583333333],[-79.89123033333334,26.15172461111111],[-79.89148847222224,26.152740638888886],[-79.89155844444446,26.153685499999998],[-79.89145547222223,26.15476461111111],[-79.89074552777778,26.15567397222222],[-79.89008097222222,26.155961638888886]]},"properties":{"style":"solid","thickness":1}},{"type":"Feature","geometry":{"type":"LineString","coordinates":[[-79.8844363888889,26.156301944444444],[-79.88398116666667,26.15632938888889],[-79.88318605555556,26.156088444444443],[-79.88239388888888,26.15526963888889],[-79.88213583333332,26.154253583333333],[-79.88206591666666,26.153308694444444],[-79.88217202777777,26.152270694444443],[-79.88288202777777,26.15136136111111],[-79.8835951388889,26.151112055555554],[-79.88405033333333,26.151084638888886],[-79.88474830555556,26.151248888888887],[-79.88558597222223,26.152064944444444],[-79.88584405555557,26.153081],[-79.885914,26.15402586111111],[-79.88581097222223,26.155104944444442],[-79.88510094444445,26.156014305555555],[-79.8844363888889,26.156301944444444]]},"properties":{"style":"solid","thickness":1}},{"type":"Feature","geometry":{"type":"LineString","coordinates":[[-80.22149930555555,26.18980813888889],[-80.22227716666667,26.188026055555557],[-80.22214133333334,26.186259888888888],[-80.22109819444445,26.18459177777778]]},"properties":{"style":"solid","thickness":1}},{"type":"Feature","geometry":{"type":"LineString","coordinates":[[-80.21918619444445,26.184711444444446],[-80.21958722222223,26.189927805555556]]},"properties":{"style":"solid","thickness":1}},{"type":"Feature","geometry":{"type":"LineString","coordinates":[[-80.21747938888889,26.187500888888888],[-80.21511208333334,26.187648972222224]]},"properties":{"style":"solid","thickness":1}},{"type":"Feature","geometry":{"type":"LineString","coordinates":[[-80.21435172222222,26.190255333333333],[-80.2176751111111,26.190047444444446],[-80.21727419444444,26.184831083333332]]},"properties":{"style":"solid","thickness":1}},{"type":"Feature","geometry":{"type":"LineString","coordinates":[[-80.2124851388889,26.190372055555557],[-80.21144211111111,26.188703888888888],[-80.21130644444445,26.186937694444445],[-80.21208444444444,26.185155666666667]]},"properties":{"style":"solid","thickness":1}},{"type":"Feature","geometry":{"type":"LineString","coordinates":[[-80.22659341666667,26.179820305555555],[-80.22638488888889,26.177109444444447]]},"properties":{"style":"solid","thickness":1}},{"type":"Feature","geometry":{"type":"LineString","coordinates":[[-80.22860708333333,26.18221175],[-80.22659341666667,26.179820305555555],[-80.22496527777778,26.182439833333333]]},"properties":{"style":"solid","thickness":1}},{"type":"Feature","geometry":{"type":"LineString","coordinates":[[-80.22285430555556,26.17997188888889],[-80.22048716666667,26.180120083333335]]},"properties":{"style":"solid","thickness":1}},{"type":"Feature","geometry":{"type":"LineString","coordinates":[[-80.21973011111112,26.182767555555557],[-80.22305330555555,26.182559555555557],[-80.22265216666666,26.177343166666667],[-80.21910152777778,26.177565416666667]]},"properties":{"style":"solid","thickness":1}},{"type":"Feature","geometry":{"type":"LineString","coordinates":[[-80.21786366666667,26.182884361111114],[-80.21746275,26.177667972222224],[-80.21418522222223,26.177873]]},"properties":{"style":"solid","thickness":1}},{"type":"Feature","geometry":{"type":"LineString","coordinates":[[-80.212674,26.183208972222225],[-80.21235536111111,26.179060500000002],[-80.21211647222222,26.178332555555556],[-80.21127186111111,26.178055194444447],[-80.20972411111111,26.178151944444444],[-80.20892994444445,26.178531777777778],[-80.20871358333333,26.17928816666667],[-80.20903211111111,26.183436666666665]]},"properties":{"style":"solid","thickness":1}},{"type":"Feature","geometry":{"type":"LineString","coordinates":[[-80.20510686111112,26.181164416666668],[-80.20489880555556,26.17845352777778]]},"properties":{"style":"solid","thickness":1}},{"type":"Feature","geometry":{"type":"LineString","coordinates":[[-80.20712011111111,26.183556166666666],[-80.20510686111112,26.181164416666668],[-80.20347822222223,26.183783722222223]]},"properties":{"style":"solid","thickness":1}},{"type":"Feature","geometry":{"type":"LineString","coordinates":[[-80.23331244444445,26.17340438888889],[-80.23613463888888,26.173227472222223],[-80.23617244444445,26.170748777777778],[-80.23511480555555,26.171269083333335],[-80.234341,26.171317611111114],[-80.23359372222222,26.171116805555556],[-80.23310375,26.17069352777778],[-80.23282875,26.170091694444444],[-80.23277816666666,26.169434527777778],[-80.23295516666667,26.168763083333335],[-80.23337872222223,26.168323805555556],[-80.23436744444444,26.16809675],[-80.23505019444444,26.168053944444445],[-80.23556352777778,26.168186833333333],[-80.23600797222223,26.168612972222224]]},"properties":{"style":"solid","thickness":1}},{"type":"Feature","geometry":{"type":"LineString","coordinates":[[-80.22953433333333,26.173641166666666],[-80.22907913888889,26.17366966666667],[-80.22828319444444,26.17343063888889],[-80.22748852777778,26.172613722222223],[-80.22722744444445,26.17159827777778],[-80.22715477777778,26.170653583333333],[-80.22725786111111,26.169615333333333],[-80.22796530555556,26.168704305555558],[-80.22867777777778,26.168453305555555],[-80.22913294444444,26.168424805555556],[-80.22983152777778,26.16858738888889],[-80.23067169444445,26.169401444444446],[-80.23093277777778,26.17041688888889],[-80.2310055,26.171361583333333],[-80.23090561111111,26.17244088888889],[-80.23019816666667,26.173351944444445],[-80.22953433333333,26.173641166666666]]},"properties":{"style":"solid","thickness":1}},{"type":"Feature","geometry":{"type":"LineString","coordinates":[[-80.22388991666666,26.173994694444445],[-80.22343472222222,26.174023194444445],[-80.22263877777777,26.17378413888889],[-80.2218441388889,26.172967166666666],[-80.22158311111112,26.171951722222225],[-80.22151050000001,26.17100702777778],[-80.22161361111111,26.16996877777778],[-80.22232111111111,26.16905777777778],[-80.22303361111112,26.168806833333335],[-80.22348877777777,26.168778333333336],[-80.22418733333333,26.168940944444447],[-80.22502747222222,26.16975502777778],[-80.22528852777778,26.170770472222223],[-80.22536119444445,26.17171516666667],[-80.22526125,26.172794500000002],[-80.22455375,26.1737055],[-80.22388991666666,26.173994694444445]]},"properties":{"style":"solid","thickness":1}},{"type":"Feature","geometry":{"type":"LineString","coordinates":[[-80.21824547222222,26.174348000000002],[-80.21779025000001,26.1743765],[-80.21699433333333,26.17413738888889],[-80.21619972222223,26.17332041666667],[-80.21593875,26.172304944444445],[-80.21586616666667,26.171360250000003],[-80.21596933333333,26.170322000000002],[-80.21667688888888,26.169411055555557],[-80.21738938888889,26.16916011111111],[-80.21784455555556,26.169131611111112],[-80.21854311111112,26.16929427777778],[-80.21938322222222,26.17010838888889],[-80.21964422222223,26.171123833333336],[-80.21971683333334,26.17206855555556],[-80.2196168611111,26.17314786111111],[-80.21890930555556,26.174058833333333],[-80.21824547222222,26.174348000000002]]},"properties":{"style":"solid","thickness":1}},{"type":"Feature","geometry":{"type":"LineString","coordinates":[[-80.52841225,26.063502361111112],[-80.52918463888889,26.061718583333334],[-80.5290443611111,26.059952666666668],[-80.52799802777778,26.05828675]]},"properties":{"style":"solid","thickness":1}},{"type":"Feature","geometry":{"type":"LineString","coordinates":[[-80.5260883888889,26.058410444444444],[-80.52650252777778,26.063626083333332]]},"properties":{"style":"solid","thickness":1}},{"type":"Feature","geometry":{"type":"LineString","coordinates":[[-80.52439063888889,26.061203555555558],[-80.52202627777778,26.06135666666667]]},"properties":{"style":"solid","thickness":1}},{"type":"Feature","geometry":{"type":"LineString","coordinates":[[-80.52127349999999,26.063964694444444],[-80.52459277777778,26.06374977777778],[-80.52417875,26.05853413888889]]},"properties":{"style":"solid","thickness":1}},{"type":"Feature","geometry":{"type":"LineString","coordinates":[[-80.51940922222222,26.06408536111111],[-80.51836297222222,26.06241938888889],[-80.51822288888889,26.060653444444444],[-80.51899538888888,26.058869722222223]]},"properties":{"style":"solid","thickness":1}},{"type":"Feature","geometry":{"type":"LineString","coordinates":[[-80.53369672222222,26.056007194444444],[-80.53328230555556,26.050791583333336]]},"properties":{"style":"solid","thickness":1}},{"type":"Feature","geometry":{"type":"LineString","coordinates":[[-80.53000886111111,26.05100377777778],[-80.53042313888889,26.05621938888889]]},"properties":{"style":"solid","thickness":1}},{"type":"Feature","geometry":{"type":"LineString","coordinates":[[-80.53021761111111,26.053632111111114],[-80.53349113888889,26.053419944444446]]},"properties":{"style":"solid","thickness":1}},{"type":"Feature","geometry":{"type":"LineString","coordinates":[[-80.52687672222223,26.056449166666667],[-80.52642205555556,26.05647863888889],[-80.52562630555555,26.056241222222223],[-80.52483036111111,26.055425916666668],[-80.524567,26.054411],[-80.524492,26.053466444444446],[-80.5245923611111,26.052427972222223],[-80.52529680555556,26.051515472222224],[-80.52600794444444,26.051263000000002],[-80.52646261111111,26.051233555555555],[-80.52716088888889,26.051394722222224],[-80.52800227777777,26.052207055555556],[-80.52826566666667,26.05322197222222],[-80.52834066666667,26.054166527777777],[-80.52824361111111,26.055246083333333],[-80.52753916666667,26.056158583333335],[-80.52687672222223,26.056449166666667]]},"properties":{"style":"solid","thickness":1}},{"type":"Feature","geometry":{"type":"LineString","coordinates":[[-80.52287563888889,26.056708333333333],[-80.52246169444444,26.051492694444445],[-80.51918819444444,26.05170463888889]]},"properties":{"style":"solid","thickness":1}},{"type":"Feature","geometry":{"type":"LineString","coordinates":[[-80.51727863888888,26.051828222222223],[-80.51769236111112,26.057043888888888]]},"properties":{"style":"solid","thickness":1}},{"type":"Feature","geometry":{"type":"LineString","coordinates":[[-80.51578275,26.057167444444445],[-80.51369125,26.057302777777778],[-80.512889,26.05698316666667],[-80.51231722222222,26.056112000000002],[-80.51199547222222,26.054935722222222],[-80.51215105555555,26.05343963888889],[-80.51257955555556,26.05250377777778],[-80.51327769444444,26.052087111111113],[-80.51536911111111,26.051951805555557],[-80.51578275,26.057167444444445]]},"properties":{"style":"solid","thickness":1}},{"type":"Feature","geometry":{"type":"LineString","coordinates":[[-80.53007488888889,26.047967916666668],[-80.5328936388889,26.047785194444447],[-80.53292516666667,26.04530638888889],[-80.53186997222222,26.04582886111111],[-80.53109711111111,26.045878972222223],[-80.5303501111111,26.045679722222225],[-80.5298596111111,26.04525741666667],[-80.5295833888889,26.04465613888889],[-80.52953119444444,26.043999055555556],[-80.52970633333334,26.043327222222224],[-80.53012833333334,26.042887083333333],[-80.53111541666667,26.042658000000003],[-80.53179736111112,26.04261377777778],[-80.53231047222222,26.042745638888892],[-80.53275552777778,26.04317086111111]]},"properties":{"style":"solid","thickness":1}},{"type":"Feature","geometry":{"type":"LineString","coordinates":[[-80.52630141666667,26.04821241666667],[-80.52584677777777,26.048241861111112],[-80.52505108333334,26.048004444444445],[-80.52425519444445,26.04718913888889],[-80.52399186111111,26.046174222222223],[-80.52391688888889,26.045229666666668],[-80.52401725,26.044191166666668],[-80.52472163888889,26.043278694444446],[-80.52543272222222,26.043026222222224],[-80.52588733333333,26.04299677777778],[-80.52658558333333,26.043157944444445],[-80.52742688888888,26.043970305555558],[-80.52769027777778,26.044985222222223],[-80.52776527777777,26.04592977777778],[-80.52766819444444,26.047009333333335],[-80.52696380555555,26.047921833333334],[-80.52630141666667,26.04821241666667]]},"properties":{"style":"solid","thickness":1}},{"type":"Feature","geometry":{"type":"LineString","coordinates":[[-80.52066388888889,26.04857752777778],[-80.52020925,26.048606944444447],[-80.51941355555556,26.04836952777778],[-80.51861772222222,26.047554166666668],[-80.51835441666667,26.046539250000002],[-80.5182795,26.04559466666667],[-80.51837988888889,26.044556194444446],[-80.51908436111111,26.04364375],[-80.51979544444444,26.043391305555556],[-80.52025008333334,26.043361861111112],[-80.52094830555555,26.043523055555557],[-80.52178958333333,26.044335444444446],[-80.52205291666667,26.04535036111111],[-80.52212786111112,26.046294944444448],[-80.52203075,26.047374472222224],[-80.52132630555556,26.048286972222225],[-80.52066388888889,26.04857752777778]]},"properties":{"style":"solid","thickness":1}},{"type":"Feature","geometry":{"type":"LineString","coordinates":[[-80.51502633333334,26.04894241666667],[-80.51457169444444,26.048971833333336],[-80.513776,26.048734361111112],[-80.51298022222223,26.047918972222224],[-80.51271694444445,26.046904027777778],[-80.51264208333333,26.045959472222226],[-80.51274252777777,26.044921000000002],[-80.51344702777777,26.044008555555557],[-80.51415813888889,26.043756166666668],[-80.51461275,26.04372675],[-80.51531097222222,26.043887972222223],[-80.51615225,26.04470038888889],[-80.5164155,26.045715305555557],[-80.51649041666667,26.04665988888889],[-80.51639325,26.04773941666667],[-80.51568877777778,26.048651861111114],[-80.51502633333334,26.04894241666667]]},"properties":{"style":"solid","thickness":1}},{"type":"Feature","geometry":{"type":"LineString","coordinates":[[-80.09349844444444,26.18449797222222],[-80.09427819444444,26.182716583333335],[-80.09414430555555,26.18095027777778],[-80.09310302777777,26.179281250000003]]},"properties":{"style":"solid","thickness":1}},{"type":"Feature","geometry":{"type":"LineString","coordinates":[[-80.091191,26.179399222222223],[-80.09158633333332,26.184615944444445]]},"properties":{"style":"solid","thickness":1}},{"type":"Feature","geometry":{"type":"LineString","coordinates":[[-80.08948122222222,26.18218716666667],[-80.08711388888888,26.182333166666666]]},"properties":{"style":"solid","thickness":1}},{"type":"Feature","geometry":{"type":"LineString","coordinates":[[-80.08635072222222,26.18493886111111],[-80.08967419444444,26.184733916666666],[-80.08927894444444,26.179517194444447]]},"properties":{"style":"solid","thickness":1}},{"type":"Feature","geometry":{"type":"LineString","coordinates":[[-80.08448411111111,26.185053944444444],[-80.08344294444444,26.183384833333335],[-80.08330919444444,26.181618555555556],[-80.08408908333332,26.179837194444445]]},"properties":{"style":"solid","thickness":1}},{"type":"Feature","geometry":{"type":"LineString","coordinates":[[-80.09749583333333,26.176971666666667],[-80.09718124999999,26.172822944444444],[-80.09740144444444,26.17210777777778],[-80.09823830555555,26.171684694444444],[-80.09873905555555,26.171653777777777],[-80.09976858333333,26.17196161111111],[-80.10004602777778,26.172604777777778],[-80.10009588888889,26.173262]]},"properties":{"style":"solid","thickness":1}},{"type":"Feature","geometry":{"type":"LineString","coordinates":[[-80.09543316666667,26.174499083333334],[-80.09306597222222,26.174645166666668]]},"properties":{"style":"solid","thickness":1}},{"type":"Feature","geometry":{"type":"LineString","coordinates":[[-80.0923061111111,26.177291972222225],[-80.09562936111111,26.17708688888889],[-80.09523388888888,26.171870166666668],[-80.09168316666666,26.172089305555556]]},"properties":{"style":"solid","thickness":1}},{"type":"Feature","geometry":{"type":"LineString","coordinates":[[-80.09004436111111,26.172190416666666],[-80.09043963888888,26.17740713888889],[-80.08644811111111,26.172412222222224],[-80.08684322222221,26.177628944444447]]},"properties":{"style":"solid","thickness":1}},{"type":"Feature","geometry":{"type":"LineString","coordinates":[[-80.08458169444444,26.17252730555556],[-80.08497672222222,26.17774402777778],[-80.08265497222222,26.177887166666668],[-80.08195655555555,26.17772386111111],[-80.08130255555555,26.176938805555558],[-80.08126525,26.17644588888889],[-80.08174933333333,26.17559066666667],[-80.08246216666666,26.17534038888889],[-80.0847838611111,26.17519727777778]]},"properties":{"style":"solid","thickness":1}},{"type":"Feature","geometry":{"type":"LineString","coordinates":[[-80.07787488888889,26.178181694444447],[-80.07741963888888,26.17820975],[-80.07662397222222,26.17796988888889],[-80.07583033333333,26.17715213888889],[-80.07557052777777,26.17613641666667],[-80.07549908333333,26.175191666666667],[-80.0756035,26.17415352777778],[-80.07631213888888,26.173243222222222],[-80.07702494444445,26.17299297222222],[-80.07748016666666,26.172964944444445],[-80.07817855555555,26.17312825],[-80.07901772222222,26.173943194444444],[-80.07927752777778,26.17495888888889],[-80.07934902777778,26.175903666666667],[-80.07924775,26.17698288888889],[-80.07853911111111,26.177893166666667],[-80.07787488888889,26.178181694444447]]},"properties":{"style":"solid","thickness":1}},{"type":"Feature","geometry":{"type":"LineString","coordinates":[[-80.10656888888889,26.16692713888889],[-80.10939111111111,26.166752666666667],[-80.10943158333333,26.164274027777775],[-80.10837344444444,26.16479338888889],[-80.10759961111111,26.164841222222222],[-80.10685261111111,26.164639805555556],[-80.10636311111111,26.164216083333333],[-80.10608875,26.163614],[-80.10603888888889,26.162956777777776],[-80.10621658333332,26.1622855],[-80.10664058333333,26.16184661111111],[-80.10762952777777,26.16162038888889],[-80.10831227777777,26.16157819444444],[-80.10882544444443,26.161711527777776],[-80.10926941666666,26.162138055555555]]},"properties":{"style":"solid","thickness":1}},{"type":"Feature","geometry":{"type":"LineString","coordinates":[[-80.10279075,26.167160583333335],[-80.10233555555556,26.167188722222225],[-80.10153988888888,26.166948972222222],[-80.10074613888888,26.16613136111111],[-80.10048616666666,26.16511569444444],[-80.10041452777777,26.164170944444443],[-80.10051869444443,26.163132777777776],[-80.10122708333333,26.16222236111111],[-80.10193977777777,26.161972],[-80.10239497222221,26.16194388888889],[-80.10309333333333,26.162107083333332],[-80.10393258333333,26.16292186111111],[-80.10419258333333,26.163937527777776],[-80.10426425,26.164882305555555],[-80.10416322222221,26.165961527777775],[-80.10345483333333,26.166871944444445],[-80.10279075,26.167160583333335]]},"properties":{"style":"solid","thickness":1}},{"type":"Feature","geometry":{"type":"LineString","coordinates":[[-80.09714625,26.167509194444445],[-80.09669105555555,26.167537305555555],[-80.09589541666666,26.16729752777778],[-80.09510169444444,26.166479888888887],[-80.09484177777777,26.16546422222222],[-80.09477016666666,26.164519444444444],[-80.09487441666666,26.163481305555553],[-80.09558283333332,26.162570916666667],[-80.09629555555556,26.162320583333333],[-80.09675072222221,26.16229247222222],[-80.09744908333333,26.162455694444443],[-80.09828830555556,26.163270527777776],[-80.09854825,26.164286194444443],[-80.09861988888889,26.165230944444442],[-80.09851880555556,26.166310194444442],[-80.0978103611111,26.167220583333336],[-80.09714625,26.167509194444445]]},"properties":{"style":"solid","thickness":1}},{"type":"Feature","geometry":{"type":"LineString","coordinates":[[-80.09150174999999,26.167857583333333],[-80.09104652777778,26.167885666666667],[-80.09025091666666,26.16764588888889],[-80.08945722222222,26.166828194444445],[-80.0891973611111,26.165812527777778],[-80.08912577777777,26.16486775],[-80.08923008333333,26.163829611111108],[-80.08993855555555,26.162919249999998],[-80.09065127777777,26.162668944444444],[-80.09110647222222,26.16264086111111],[-80.09180480555555,26.16280411111111],[-80.09264399999999,26.16361897222222],[-80.09290388888888,26.164634638888888],[-80.09297547222222,26.165579416666667],[-80.09287433333333,26.166658638888887],[-80.09216586111111,26.167569],[-80.09150174999999,26.167857583333333]]},"properties":{"style":"solid","thickness":1}},{"type":"Feature","geometry":{"type":"LineString","coordinates":[[-80.29409313888888,25.79866691666667],[-80.29409313888888,25.79688861111111]]},"properties":{"style":"solid","thickness":1}},{"type":"Feature","geometry":{"type":"LineString","coordinates":[[-80.29358661111111,25.798878277777778],[-80.29358658333334,25.79667727777778]]},"properties":{"style":"solid","thickness":1}},{"type":"Feature","geometry":{"type":"LineString","coordinates":[[-80.29308005555555,25.798878277777778],[-80.29308005555555,25.79667727777778]]},"properties":{"style":"solid","thickness":1}},{"type":"Feature","geometry":{"type":"LineString","coordinates":[[-80.29257352777778,25.79866691666667],[-80.29257352777778,25.79688861111111]]},"properties":{"style":"solid","thickness":1}},{"type":"Feature","geometry":{"type":"LineString","coordinates":[[-80.29201633333334,25.797777777777778],[-80.29203749999999,25.79799063888889],[-80.29210030555555,25.798196694444446],[-80.29220275,25.798389250000003],[-80.29234152777778,25.798562194444447],[-80.29251219444444,25.79870988888889],[-80.29270925,25.79882763888889],[-80.29292636111111,25.79891163888889],[-80.29315655555556,25.798959194444446],[-80.29339241666666,25.798968805555557],[-80.29362638888888,25.79894011111111],[-80.29385094444444,25.798874055555558],[-80.29405886111111,25.798772777777778],[-80.29424347222222,25.7986395],[-80.29439880555556,25.79847855555556],[-80.29451991666666,25.798295055555556],[-80.29460286111112,25.798094944444447],[-80.29464502777778,25.797884638888892],[-80.29464502777778,25.79767088888889],[-80.29460286111112,25.797460583333336],[-80.29451988888889,25.7972605],[-80.29439880555556,25.797077],[-80.29424344444445,25.796916055555556],[-80.29405886111111,25.79678277777778],[-80.29385094444444,25.796681500000002],[-80.29362638888888,25.796615444444445],[-80.29339241666666,25.796586750000003],[-80.29315655555556,25.796596333333333],[-80.29292636111111,25.796643916666667],[-80.29270925,25.79672791666667],[-80.29251219444444,25.79684566666667],[-80.29234152777778,25.796993361111113],[-80.29220275,25.79716627777778],[-80.29210030555555,25.797358861111114],[-80.29203749999999,25.79756488888889],[-80.29201633333334,25.797777777777778]]},"properties":{"style":"solid","thickness":1}},{"type":"Feature","geometry":{"type":"LineString","coordinates":[[-80.17213836111111,26.071395972222223],[-80.17193247222222,26.06962686111111]]},"properties":{"style":"solid","thickness":1}},{"type":"Feature","geometry":{"type":"LineString","coordinates":[[-80.17165775000001,26.071654166666665],[-80.17140291666666,26.069464555555555]]},"properties":{"style":"solid","thickness":1}},{"type":"Feature","geometry":{"type":"LineString","coordinates":[[-80.1711526388889,26.07170211111111],[-80.17089780555555,26.0695125]]},"properties":{"style":"solid","thickness":1}},{"type":"Feature","geometry":{"type":"LineString","coordinates":[[-80.17062305555557,26.071539805555556],[-80.17041719444445,26.069770694444443]]},"properties":{"style":"solid","thickness":1}},{"type":"Feature","geometry":{"type":"LineString","coordinates":[[-80.16996452777778,26.070707972222223],[-80.17001027777778,26.07091775],[-80.17009675,26.071116777777778],[-80.17022119444445,26.071298666666667],[-80.17037961111112,26.071457555555554],[-80.1705668888889,26.071588333333334],[-80.170777,26.071686833333334],[-80.17100322222223,26.071749861111112],[-80.17123827777779,26.071775388888888],[-80.17147458333334,26.07176258333333],[-80.17170458333334,26.071711916666665],[-80.17192083333333,26.071624944444444],[-80.17211644444446,26.0715045],[-80.17228508333334,26.071354444444445],[-80.17242136111112,26.07117961111111],[-80.17252086111111,26.070985611111112],[-80.17258041666668,26.070778694444446],[-80.17259811111111,26.07056547222222],[-80.17257336111112,26.07035286111111],[-80.17250697222222,26.070147638888887],[-80.17240108333334,26.069956416666667],[-80.17225908333334,26.069785333333332],[-80.17208552777778,26.069639916666667],[-80.17188602777779,26.069524805555556],[-80.171667,26.06944372222222],[-80.17143541666667,26.069399277777777],[-80.17119880555556,26.06939288888889],[-80.17096472222222,26.06942475],[-80.17074069444445,26.06949386111111],[-80.17053391666667,26.069597972222223],[-80.17035105555556,26.06973375],[-80.170198,26.06989686111111],[-80.17007961111112,26.070082027777776],[-80.16999977777779,26.070283277777776],[-80.16996097222223,26.070494194444443],[-80.16996452777778,26.070707972222223]]},"properties":{"style":"solid","thickness":1}},{"type":"Feature","geometry":{"type":"LineString","coordinates":[[-80.51934311111111,26.07888461111111],[-80.51945038888888,26.07936963888889],[-80.51965183333333,26.079829583333332],[-80.519941,26.080249666666667],[-80.52030858333333,26.08061636111111],[-80.52074275,26.08091786111111],[-80.52122958333334,26.081144527777777],[-80.52175338888888,26.081289055555555],[-80.52229736111111,26.081346805555555],[-80.52284399999999,26.081315888888888],[-80.52337575,26.081197333333332],[-80.52387552777778,26.080994944444445],[-80.52432722222223,26.08071522222222],[-80.5247163611111,26.08036713888889],[-80.52503041666667,26.079961916666665],[-80.52525930555555,26.079512555555556],[-80.52539566666667,26.0790335],[-80.52543511111111,26.078540166666667],[-80.52537638888889,26.078048416666668],[-80.5252213888889,26.077574],[-80.52497505555556,26.07713225],[-80.52464536111111,26.076737277777777],[-80.5242428611111,26.076401833333332],[-80.52378052777777,26.076136694444443],[-80.52327316666667,26.07595033333333],[-80.52273713888889,26.075848805555555],[-80.52218966666666,26.075835333333334],[-80.52164830555556,26.07591036111111],[-80.5211305,26.0760715],[-80.52065283333333,26.076313527777778],[-80.52023072222222,26.076628694444445],[-80.51987769444445,26.077006833333332],[-80.5196051111111,26.077435861111113],[-80.51942174999999,26.077901916666665],[-80.51933344444444,26.078390083333332],[-80.51934311111111,26.07888461111111]]},"properties":{"style":"solid","thickness":1}},{"type":"Feature","geometry":{"type":"LineString","coordinates":[[-80.5231393611111,26.084944083333333],[-80.52281002777778,26.083740888888887],[-80.52224019444445,26.082613388888888],[-80.52144944444444,26.081600416666667],[-80.52046505555556,26.080736805555556],[-80.51932088888888,26.080052333333335],[-80.51805641666667,26.079570555555556],[-80.51671513888888,26.079308083333334],[-80.51534325,26.079273944444445]]},"properties":{"style":"solid","thickness":1}},{"type":"Feature","geometry":{"type":"LineString","coordinates":[[-80.52162183333333,26.072233694444446],[-80.52158408333334,26.07347261111111],[-80.5212935,26.074683888888888],[-80.52076005555556,26.075825805555557],[-80.52000213888888,26.076859055555555],[-80.51904583333334,26.077748],[-80.51792411111111,26.078462055555555],[-80.51667558333334,26.07897661111111],[-80.51534325,26.079273944444445]]},"properties":{"style":"solid","thickness":1}},{"type":"Feature","geometry":{"type":"LineString","coordinates":[[-80.52941777777778,26.0779035],[-80.52804591666667,26.077869472222222],[-80.52670463888889,26.077607083333334],[-80.52544013888888,26.077125388888888],[-80.52429599999999,26.076440944444442],[-80.52331161111111,26.07557736111111],[-80.52252091666666,26.07456436111111],[-80.52195111111111,26.073436861111112],[-80.52162183333333,26.072233694444446]]},"properties":{"style":"solid","thickness":1}},{"type":"Feature","geometry":{"type":"LineString","coordinates":[[-80.52941777777778,26.0779035],[-80.5280855,26.078200944444443],[-80.526837,26.078715583333334],[-80.52571530555555,26.079429694444443],[-80.52475905555555,26.080318694444443],[-80.52400113888889,26.081351944444446],[-80.52346769444445,26.082493888888887],[-80.52317708333334,26.083705166666665],[-80.5231393611111,26.084944083333333]]},"properties":{"style":"solid","thickness":1}},{"type":"Feature","geometry":{"type":"LineString","coordinates":[[-80.52337308333333,26.075641527777776],[-80.52312988888889,26.07591422222222]]},"properties":{"style":"solid","thickness":1}},{"type":"Feature","geometry":{"type":"LineString","coordinates":[[-80.52296516666667,26.07518177777778],[-80.52238713888889,26.075829972222223]]},"properties":{"style":"solid","thickness":1}},{"type":"Feature","geometry":{"type":"LineString","coordinates":[[-80.52259552777778,26.07467911111111],[-80.52145313888889,26.075960138888888]]},"properties":{"style":"solid","thickness":1}},{"type":"Feature","geometry":{"type":"LineString","coordinates":[[-80.52226763888889,26.07412961111111],[-80.52076994444444,26.075809083333333]]},"properties":{"style":"solid","thickness":1}},{"type":"Feature","geometry":{"type":"LineString","coordinates":[[-80.52198683333333,26.073527333333335],[-80.52146244444444,26.074115388888888]]},"properties":{"style":"solid","thickness":1}},{"type":"Feature","geometry":{"type":"LineString","coordinates":[[-80.52535763888889,26.077084833333334],[-80.52511444444444,26.077357555555555]]},"properties":{"style":"solid","thickness":1}},{"type":"Feature","geometry":{"type":"LineString","coordinates":[[-80.52594197222223,26.07734675],[-80.52536394444445,26.077994944444445]]},"properties":{"style":"solid","thickness":1}},{"type":"Feature","geometry":{"type":"LineString","coordinates":[[-80.52656461111111,26.07756572222222],[-80.52542222222222,26.078846805555557]]},"properties":{"style":"solid","thickness":1}},{"type":"Feature","geometry":{"type":"LineString","coordinates":[[-80.52722897222222,26.07773786111111],[-80.52573130555555,26.07941738888889]]},"properties":{"style":"solid","thickness":1}},{"type":"Feature","geometry":{"type":"LineString","coordinates":[[-80.52794041666667,26.07785725],[-80.52741605555555,26.078445305555555]]},"properties":{"style":"solid","thickness":1}},{"type":"Feature","geometry":{"type":"LineString","coordinates":[[-80.52329875,26.083062388888887],[-80.52277433333333,26.083650416666664]]},"properties":{"style":"solid","thickness":1}},{"type":"Feature","geometry":{"type":"LineString","coordinates":[[-80.52399122222222,26.081368694444443],[-80.52249347222222,26.083048166666668]]},"properties":{"style":"solid","thickness":1}},{"type":"Feature","geometry":{"type":"LineString","coordinates":[[-80.523308,26.08121761111111],[-80.52216555555556,26.082498666666666]]},"properties":{"style":"solid","thickness":1}},{"type":"Feature","geometry":{"type":"LineString","coordinates":[[-80.52237397222223,26.081347805555556],[-80.52179591666666,26.081996]]},"properties":{"style":"solid","thickness":1}},{"type":"Feature","geometry":{"type":"LineString","coordinates":[[-80.52163116666667,26.08126352777778],[-80.52138797222221,26.08153625]]},"properties":{"style":"solid","thickness":1}},{"type":"Feature","geometry":{"type":"LineString","coordinates":[[-80.51964661111111,26.079820166666668],[-80.51940341666666,26.08009288888889]]},"properties":{"style":"solid","thickness":1}},{"type":"Feature","geometry":{"type":"LineString","coordinates":[[-80.51939713888889,26.079182777777778],[-80.51881905555555,26.079830944444446]]},"properties":{"style":"solid","thickness":1}},{"type":"Feature","geometry":{"type":"LineString","coordinates":[[-80.51933888888888,26.078330916666665],[-80.51819644444444,26.079611944444444]]},"properties":{"style":"solid","thickness":1}},{"type":"Feature","geometry":{"type":"LineString","coordinates":[[-80.51902983333333,26.077760305555554],[-80.51753205555555,26.07943975]]},"properties":{"style":"solid","thickness":1}},{"type":"Feature","geometry":{"type":"LineString","coordinates":[[-80.51734505555555,26.078732277777778],[-80.51682061111111,26.079320305555555]]},"properties":{"style":"solid","thickness":1}},{"type":"Feature","geometry":{"type":"LineString","coordinates":[[-80.22323497222223,26.150906166666665],[-80.22334108333334,26.151391416666666],[-80.22354152777778,26.151851777777775],[-80.22382980555555,26.152272416666666],[-80.22419669444444,26.15263986111111],[-80.22463036111111,26.152942277777775],[-80.22511691666666,26.153169916666666],[-80.22564066666666,26.153315527777778],[-80.22618483333333,26.15337436111111],[-80.22673188888889,26.153344583333332],[-80.22726425,26.15322711111111],[-80.22776483333334,26.153025749999998],[-80.22821752777779,26.15274694444444],[-80.22860777777778,26.152399666666664],[-80.22892302777778,26.151995083333333],[-80.22915319444445,26.151546194444443],[-80.22929083333334,26.151067444444443],[-80.22933155555556,26.15057419444444],[-80.22927402777778,26.150082333333334],[-80.22912011111111,26.14960761111111],[-80.22887475,26.149165333333332],[-80.22854583333334,26.148769722222223],[-80.22814394444444,26.148433444444443],[-80.22768197222223,26.14816736111111],[-80.22717477777778,26.14798],[-80.22663869444445,26.14787736111111],[-80.22609091666666,26.147862777777778],[-80.22554902777777,26.147936694444443],[-80.2250305,26.14809675],[-80.22455194444444,26.148337805555556],[-80.22412877777778,26.14865208333333],[-80.22377461111111,26.149029527777778],[-80.22350077777779,26.149457972222223],[-80.22331611111112,26.149923666666666],[-80.22322655555556,26.15041161111111],[-80.22323497222223,26.150906166666665]]},"properties":{"style":"solid","thickness":1}},{"type":"Feature","geometry":{"type":"LineString","coordinates":[[-80.22701830555556,26.156973305555553],[-80.22669180555556,26.15576947222222],[-80.22612444444445,26.154640833333332],[-80.22533575,26.153626222222222],[-80.22435294444445,26.15276063888889],[-80.22320980555556,26.152073833333333],[-80.22194575,26.15158947222222],[-80.22060433333334,26.15132425],[-80.21923169444445,26.151287305555552]]},"properties":{"style":"solid","thickness":1}},{"type":"Feature","geometry":{"type":"LineString","coordinates":[[-80.22553177777777,26.14426],[-80.22549088888888,26.14549883333333],[-80.22519708333334,26.1467095],[-80.22466044444445,26.147850305555554],[-80.22389947222223,26.14888197222222],[-80.22294036111111,26.149768972222223],[-80.22181616666667,26.15048072222222],[-80.22056558333334,26.15099272222222],[-80.21923169444445,26.151287305555552]]},"properties":{"style":"solid","thickness":1}},{"type":"Feature","geometry":{"type":"LineString","coordinates":[[-80.23331825,26.149945694444444],[-80.23194561111112,26.14990886111111],[-80.23060416666667,26.149643722222223],[-80.22934011111111,26.149159444444443],[-80.22819700000001,26.148472694444443],[-80.22721419444444,26.147607083333334],[-80.22642555555555,26.1465925],[-80.22585822222223,26.145463833333334],[-80.22553177777777,26.14426]]},"properties":{"style":"solid","thickness":1}},{"type":"Feature","geometry":{"type":"LineString","coordinates":[[-80.23331825,26.149945694444444],[-80.23198438888889,26.15024038888889],[-80.23073386111112,26.15075247222222],[-80.22960966666668,26.151464277777777],[-80.22865058333333,26.152351305555555],[-80.2278896388889,26.153382999999998],[-80.22735300000001,26.154523833333332],[-80.22705916666666,26.155734499999998],[-80.22701830555556,26.156973305555553]]},"properties":{"style":"solid","thickness":1}},{"type":"Feature","geometry":{"type":"LineString","coordinates":[[-80.22727552777778,26.14767136111111],[-80.2270315,26.147943583333333]]},"properties":{"style":"solid","thickness":1}},{"type":"Feature","geometry":{"type":"LineString","coordinates":[[-80.22686852777778,26.147210805555556],[-80.22628852777778,26.147857777777777]]},"properties":{"style":"solid","thickness":1}},{"type":"Feature","geometry":{"type":"LineString","coordinates":[[-80.22649991666667,26.146707361111112],[-80.22535361111112,26.147986083333333]]},"properties":{"style":"solid","thickness":1}},{"type":"Feature","geometry":{"type":"LineString","coordinates":[[-80.22617322222223,26.14615722222222],[-80.2246703888889,26.14783361111111]]},"properties":{"style":"solid","thickness":1}},{"type":"Feature","geometry":{"type":"LineString","coordinates":[[-80.22589375,26.14555438888889],[-80.22536755555556,26.146141333333333]]},"properties":{"style":"solid","thickness":1}},{"type":"Feature","geometry":{"type":"LineString","coordinates":[[-80.22925766666667,26.149118722222223],[-80.22901363888889,26.149390944444445]]},"properties":{"style":"solid","thickness":1}},{"type":"Feature","geometry":{"type":"LineString","coordinates":[[-80.22984169444445,26.149381833333333],[-80.22926169444445,26.15002883333333]]},"properties":{"style":"solid","thickness":1}},{"type":"Feature","geometry":{"type":"LineString","coordinates":[[-80.23046416666666,26.14960208333333],[-80.22931786111111,26.150880805555555]]},"properties":{"style":"solid","thickness":1}},{"type":"Feature","geometry":{"type":"LineString","coordinates":[[-80.2311285,26.149775583333334],[-80.22962572222222,26.151452]]},"properties":{"style":"solid","thickness":1}},{"type":"Feature","geometry":{"type":"LineString","coordinates":[[-80.23184008333334,26.149896416666667],[-80.23131391666666,26.150483388888887]]},"properties":{"style":"solid","thickness":1}},{"type":"Feature","geometry":{"type":"LineString","coordinates":[[-80.2271825,26.15509197222222],[-80.22665630555555,26.155678944444443]]},"properties":{"style":"solid","thickness":1}},{"type":"Feature","geometry":{"type":"LineString","coordinates":[[-80.22787966666667,26.153399722222222],[-80.22637677777777,26.15507611111111]]},"properties":{"style":"solid","thickness":1}},{"type":"Feature","geometry":{"type":"LineString","coordinates":[[-80.22719641666667,26.15324725],[-80.22605005555556,26.154525944444444]]},"properties":{"style":"solid","thickness":1}},{"type":"Feature","geometry":{"type":"LineString","coordinates":[[-80.22626147222222,26.153375527777776],[-80.22568144444445,26.154022527777776]]},"properties":{"style":"solid","thickness":1}},{"type":"Feature","geometry":{"type":"LineString","coordinates":[[-80.22551844444445,26.15328975],[-80.22527441666666,26.153561944444444]]},"properties":{"style":"solid","thickness":1}},{"type":"Feature","geometry":{"type":"LineString","coordinates":[[-80.22353630555556,26.15184233333333],[-80.22329227777777,26.152114555555553]]},"properties":{"style":"solid","thickness":1}},{"type":"Feature","geometry":{"type":"LineString","coordinates":[[-80.22328827777778,26.151204444444442],[-80.22270822222222,26.151851416666666]]},"properties":{"style":"solid","thickness":1}},{"type":"Feature","geometry":{"type":"LineString","coordinates":[[-80.22323213888889,26.15035247222222],[-80.22208577777778,26.151631138888888]]},"properties":{"style":"solid","thickness":1}},{"type":"Feature","geometry":{"type":"LineString","coordinates":[[-80.22292433333334,26.14978125],[-80.22142141666667,26.151457583333332]]},"properties":{"style":"solid","thickness":1}},{"type":"Feature","geometry":{"type":"LineString","coordinates":[[-80.22123608333334,26.15074975],[-80.22070986111112,26.151336694444442]]},"properties":{"style":"solid","thickness":1}},{"type":"Feature","geometry":{"type":"LineString","coordinates":[[-79.92034258333334,26.149969249999998],[-79.92044747222222,26.15045472222222],[-79.92064669444444,26.1509155],[-79.92093391666667,26.15133675],[-79.92129983333334,26.151704944444443],[-79.92173275,26.152008249999998],[-79.92221869444445,26.152236944444443],[-79.92274208333333,26.15238363888889],[-79.92328608333334,26.15244361111111],[-79.92383322222223,26.15241497222222],[-79.9243658888889,26.15229861111111],[-79.92486697222223,26.152098305555555],[-79.92532036111112,26.151820444444443],[-79.9257115,26.151474],[-79.92602780555556,26.151070055555554],[-79.92625911111112,26.150621666666666],[-79.92639797222223,26.150143194444443],[-79.92643994444445,26.149650027777778],[-79.92638369444445,26.149158055555557],[-79.926231,26.14868302777778],[-79.92598677777778,26.14824022222222],[-79.92565888888889,26.147843916666666],[-79.92525786111112,26.147506805555555],[-79.92479658333333,26.14723975],[-79.9242898888889,26.147051333333334],[-79.92375405555556,26.146947583333333],[-79.92320630555557,26.146931833333333],[-79.92266425000001,26.147004638888887],[-79.92214530555556,26.14716361111111],[-79.92166616666667,26.14740363888889],[-79.92124219444445,26.147717055555557],[-79.92088702777778,26.14809375],[-79.92061211111111,26.14852161111111],[-79.92042625,26.148986916666665],[-79.92033544444445,26.149474694444443],[-79.92034258333334,26.149969249999998]]},"properties":{"style":"solid","thickness":1}},{"type":"Feature","geometry":{"type":"LineString","coordinates":[[-79.92411030555556,26.156044305555554],[-79.9237868888889,26.154839777777777],[-79.92322244444445,26.153709944444444],[-79.92243636111111,26.152693694444444],[-79.92145577777778,26.151826055555553],[-79.92031444444444,26.15113686111111],[-79.91905163888889,26.15064986111111],[-79.91771088888889,26.15038183333333],[-79.91633836111112,26.150342027777775]]},"properties":{"style":"solid","thickness":1}},{"type":"Feature","geometry":{"type":"LineString","coordinates":[[-79.92265641666667,26.143327916666667],[-79.92261236111112,26.14456663888889],[-79.92231544444445,26.145776694444443],[-79.92177591666668,26.14691638888889],[-79.92101227777778,26.147946472222223],[-79.92005091666667,26.148831444444443],[-79.9189248888889,26.149540833333333],[-79.91767300000001,26.15005022222222],[-79.91633836111112,26.150342027777775]]},"properties":{"style":"solid","thickness":1}},{"type":"Feature","geometry":{"type":"LineString","coordinates":[[-79.93042822222223,26.14902986111111],[-79.92905569444444,26.148990166666668],[-79.92771494444445,26.148722222222222],[-79.92645216666668,26.148235305555556],[-79.92531080555555,26.147546138888888],[-79.92433025000001,26.1466785],[-79.92354422222223,26.145662277777777],[-79.92297980555556,26.144532416666667],[-79.92265641666667,26.143327916666667]]},"properties":{"style":"solid","thickness":1}},{"type":"Feature","geometry":{"type":"LineString","coordinates":[[-79.93042822222223,26.14902986111111],[-79.92909363888889,26.14932177777778],[-79.92784177777779,26.14983125],[-79.92671580555556,26.150540694444445],[-79.92575444444445,26.15142572222222],[-79.92499083333334,26.152455805555554],[-79.92445127777778,26.153595499999998],[-79.92415436111112,26.154805555555555],[-79.92411030555556,26.156044305555554]]},"properties":{"style":"solid","thickness":1}},{"type":"Feature","geometry":{"type":"LineString","coordinates":[[-79.92439141666667,26.146742916666668],[-79.92414669444445,26.14701461111111]]},"properties":{"style":"solid","thickness":1}},{"type":"Feature","geometry":{"type":"LineString","coordinates":[[-79.92398558333333,26.1462815],[-79.92340394444444,26.146927277777777]]},"properties":{"style":"solid","thickness":1}},{"type":"Feature","geometry":{"type":"LineString","coordinates":[[-79.92361830555556,26.145777305555555],[-79.92246872222222,26.14705358333333]]},"properties":{"style":"solid","thickness":1}},{"type":"Feature","geometry":{"type":"LineString","coordinates":[[-79.923293,26.145226472222223],[-79.92178588888889,26.146899694444443]]},"properties":{"style":"solid","thickness":1}},{"type":"Feature","geometry":{"type":"LineString","coordinates":[[-79.92301508333334,26.144623055555556],[-79.9224873888889,26.145208888888888]]},"properties":{"style":"solid","thickness":1}},{"type":"Feature","geometry":{"type":"LineString","coordinates":[[-79.92636980555557,26.148194416666666],[-79.92612508333333,26.148466111111112]]},"properties":{"style":"solid","thickness":1}},{"type":"Feature","geometry":{"type":"LineString","coordinates":[[-79.92695316666668,26.148458722222223],[-79.92637152777779,26.149104527777776]]},"properties":{"style":"solid","thickness":1}},{"type":"Feature","geometry":{"type":"LineString","coordinates":[[-79.92757505555556,26.14868027777778],[-79.92642550000001,26.14995661111111]]},"properties":{"style":"solid","thickness":1}},{"type":"Feature","geometry":{"type":"LineString","coordinates":[[-79.92823894444444,26.148855194444444],[-79.92673186111112,26.15052847222222]]},"properties":{"style":"solid","thickness":1}},{"type":"Feature","geometry":{"type":"LineString","coordinates":[[-79.92895022222223,26.1489775],[-79.92842252777778,26.14956338888889]]},"properties":{"style":"solid","thickness":1}},{"type":"Feature","geometry":{"type":"LineString","coordinates":[[-79.92427933333333,26.154163305555553],[-79.92375161111111,26.154749166666665]]},"properties":{"style":"solid","thickness":1}},{"type":"Feature","geometry":{"type":"LineString","coordinates":[[-79.92498083333334,26.1524725],[-79.92347366666667,26.154145749999998]]},"properties":{"style":"solid","thickness":1}},{"type":"Feature","geometry":{"type":"LineString","coordinates":[[-79.92429800000001,26.15231861111111],[-79.92314836111112,26.153594916666666]]},"properties":{"style":"solid","thickness":1}},{"type":"Feature","geometry":{"type":"LineString","coordinates":[[-79.92336272222222,26.152444944444444],[-79.92278102777779,26.15309072222222]]},"properties":{"style":"solid","thickness":1}},{"type":"Feature","geometry":{"type":"LineString","coordinates":[[-79.92261991666668,26.15235761111111],[-79.92237519444446,26.152629305555553]]},"properties":{"style":"solid","thickness":1}},{"type":"Feature","geometry":{"type":"LineString","coordinates":[[-79.92064152777779,26.150906055555556],[-79.92039677777778,26.15117775]]},"properties":{"style":"solid","thickness":1}},{"type":"Feature","geometry":{"type":"LineString","coordinates":[[-79.92039511111112,26.150267638888888],[-79.91981341666667,26.150913416666665]]},"properties":{"style":"solid","thickness":1}},{"type":"Feature","geometry":{"type":"LineString","coordinates":[[-79.92034119444445,26.149415555555557],[-79.91919155555556,26.150691833333333]]},"properties":{"style":"solid","thickness":1}},{"type":"Feature","geometry":{"type":"LineString","coordinates":[[-79.92003483333333,26.148843694444444],[-79.91852763888889,26.150516888888887]]},"properties":{"style":"solid","thickness":1}},{"type":"Feature","geometry":{"type":"LineString","coordinates":[[-79.91834411111111,26.149808666666665],[-79.9178163888889,26.150394499999997]]},"properties":{"style":"solid","thickness":1}},{"type":"Feature","geometry":{"type":"LineString","coordinates":[[-80.14151161111111,26.072441944444446],[-80.13797577777778,26.07277677777778]]},"properties":{"style":"solid","thickness":1}},{"type":"Feature","geometry":{"type":"LineString","coordinates":[[-80.15055316666667,26.079056777777776],[-80.15092427777779,26.08225002777778]]},"properties":{"style":"solid","thickness":1}},{"type":"Feature","geometry":{"type":"LineString","coordinates":[[-80.14883580555556,26.06427652777778],[-80.14846483333334,26.06108327777778]]},"properties":{"style":"solid","thickness":1}},{"type":"Feature","geometry":{"type":"LineString","coordinates":[[-80.15787719444445,26.070890944444443],[-80.16141288888889,26.07055561111111]]},"properties":{"style":"solid","thickness":1}},{"type":"Feature","geometry":{"type":"LineString","coordinates":[[-80.14151161111111,26.072441944444446],[-80.14179633333335,26.073749055555556],[-80.14233494444446,26.07498922222222],[-80.14311011111111,26.07612263888889],[-80.14409691666667,26.077112805555554],[-80.14526366666668,26.077927944444443],[-80.14657283333334,26.078541805555556],[-80.14798236111112,26.078934722222222],[-80.14944694444445,26.079094],[-80.15091944444445,26.079014527777776],[-80.15235258333334,26.078698916666667],[-80.15370027777779,26.07815722222222],[-80.15491919444445,26.077406944444444],[-80.15597016666668,26.07647213888889],[-80.15681938888889,26.07538288888889],[-80.15743961111112,26.074174222222222],[-80.15781086111112,26.072884944444443],[-80.15792125,26.0715565],[-80.15776722222223,26.07023161111111],[-80.15735372222223,26.06895286111111],[-80.15669408333333,26.067761333333333],[-80.15580947222223,26.06669533333333],[-80.15472836111111,26.065789111111112],[-80.15348547222223,26.065071805555558],[-80.15212075000001,26.064566444444445],[-80.15067808333333,26.06428925],[-80.14920377777779,26.064249194444447],[-80.14774525,26.0644475],[-80.14634936111112,26.064877833333334],[-80.14506097222223,26.06552636111111],[-80.14392147222223,26.06637225],[-80.14296750000001,26.067388277777777],[-80.14222972222223,26.068541805555554],[-80.14173183333334,26.069795805555554],[-80.14148986111111,26.071109916666668],[-80.14151161111111,26.072441944444446]]},"properties":{"style":"solid","thickness":1}},{"type":"Feature","geometry":{"type":"LineString","coordinates":[[-80.08388183333332,26.150636555555554],[-80.08398738888889,26.151121888888888],[-80.08418727777777,26.151582444444443],[-80.08447505555556,26.152003388888886],[-80.0848415,26.152371166666665],[-80.08527480555556,26.152673999999998],[-80.08576108333332,26.152902138888887],[-80.08628466666666,26.153048249999998],[-80.08682875,26.15310761111111],[-80.08737586111111,26.15307836111111],[-80.0879083611111,26.152961416666667],[-80.08840916666666,26.152760527777776],[-80.08886219444445,26.152482166666665],[-80.0892528611111,26.152135277777777],[-80.0895686111111,26.151730999999998],[-80.08979930555554,26.15128233333333],[-80.08993752777778,26.15080372222222],[-80.08997880555555,26.1503105],[-80.08992188888888,26.14981858333333],[-80.08976852777778,26.149343722222223],[-80.08952369444444,26.14890122222222],[-80.08919524999999,26.14850525],[-80.08879375,26.14816861111111],[-80.0883321111111,26.147902055555555],[-80.08782516666666,26.147714194444443],[-80.08728919444444,26.147611055555554],[-80.08674141666665,26.147595916666667],[-80.08619947222222,26.147669305555556],[-80.08568072222222,26.147828861111112],[-80.08520188888889,26.148069444444445],[-80.0847783611111,26.14838333333333],[-80.08442372222221,26.148760416666665],[-80.08414938888889,26.14918861111111],[-80.08396416666666,26.14965411111111],[-80.08387402777777,26.150141972222222],[-80.08388183333332,26.150636555555554]]},"properties":{"style":"solid","thickness":1}},{"type":"Feature","geometry":{"type":"LineString","coordinates":[[-80.08765794444444,26.15670736111111],[-80.08733286111111,26.155503222222222],[-80.0867668611111,26.154374027777777],[-80.08597938888889,26.153358666666666],[-80.08499758333333,26.152492083333332],[-80.08385530555555,26.151804166666665],[-80.08259183333332,26.15131858333333],[-80.08125069444444,26.151052083333333],[-80.07987811111111,26.151013777777777]]},"properties":{"style":"solid","thickness":1}},{"type":"Feature","geometry":{"type":"LineString","coordinates":[[-80.08618658333333,26.14399261111111],[-80.08614422222222,26.145231388888888],[-80.08584897222222,26.146441777777778],[-80.08531097222222,26.147582083333333],[-80.08454877777777,26.148613],[-80.08358861111111,26.149499055555555],[-80.08246355555555,26.150209722222222],[-80.08121236111111,26.1507205],[-80.07987811111111,26.151013777777777]]},"properties":{"style":"solid","thickness":1}},{"type":"Feature","geometry":{"type":"LineString","coordinates":[[-80.09396625,26.14968586111111],[-80.09259366666666,26.149647694444443],[-80.09125255555556,26.149381277777778],[-80.08998908333332,26.14889575],[-80.08884677777777,26.148207888888887],[-80.087865,26.147341333333333],[-80.08707758333333,26.146325972222222],[-80.0865116111111,26.145196777777777],[-80.08618658333333,26.14399261111111]]},"properties":{"style":"solid","thickness":1}},{"type":"Feature","geometry":{"type":"LineString","coordinates":[[-80.09396625,26.14968586111111],[-80.09263205555555,26.149979277777778],[-80.09138091666667,26.150490166666664],[-80.09025588888889,26.15120086111111],[-80.08929574999999,26.15208694444444],[-80.08853352777777,26.153117916666666],[-80.08799555555555,26.15425822222222],[-80.08770027777777,26.15546858333333],[-80.08765794444444,26.15670736111111]]},"properties":{"style":"solid","thickness":1}},{"type":"Feature","geometry":{"type":"LineString","coordinates":[[-80.08792627777777,26.147405666666668],[-80.08768191666667,26.14767763888889]]},"properties":{"style":"solid","thickness":1}},{"type":"Feature","geometry":{"type":"LineString","coordinates":[[-80.08751980555554,26.146944694444443],[-80.08693905555555,26.147591138888888]]},"properties":{"style":"solid","thickness":1}},{"type":"Feature","geometry":{"type":"LineString","coordinates":[[-80.08715180555555,26.146440916666666],[-80.08600399999999,26.1477185]]},"properties":{"style":"solid","thickness":1}},{"type":"Feature","geometry":{"type":"LineString","coordinates":[[-80.08682577777778,26.145890444444444],[-80.08532094444443,26.14756536111111]]},"properties":{"style":"solid","thickness":1}},{"type":"Feature","geometry":{"type":"LineString","coordinates":[[-80.086547,26.145287333333332],[-80.08602013888888,26.145873777777776]]},"properties":{"style":"solid","thickness":1}},{"type":"Feature","geometry":{"type":"LineString","coordinates":[[-80.08990666666666,26.148854944444444],[-80.08966230555555,26.149126944444443]]},"properties":{"style":"solid","thickness":1}},{"type":"Feature","geometry":{"type":"LineString","coordinates":[[-80.09049038888888,26.14911863888889],[-80.08990963888888,26.149765055555555]]},"properties":{"style":"solid","thickness":1}},{"type":"Feature","geometry":{"type":"LineString","coordinates":[[-80.09111258333333,26.149339472222223],[-80.08996477777778,26.150617083333334]]},"properties":{"style":"solid","thickness":1}},{"type":"Feature","geometry":{"type":"LineString","coordinates":[[-80.09177672222222,26.149513638888887],[-80.09027194444444,26.15118861111111]]},"properties":{"style":"solid","thickness":1}},{"type":"Feature","geometry":{"type":"LineString","coordinates":[[-80.09248816666666,26.149635166666666],[-80.09196127777777,26.150221638888887]]},"properties":{"style":"solid","thickness":1}},{"type":"Feature","geometry":{"type":"LineString","coordinates":[[-80.08782438888889,26.154826194444443],[-80.08729747222222,26.155412638888887]]},"properties":{"style":"solid","thickness":1}},{"type":"Feature","geometry":{"type":"LineString","coordinates":[[-80.08852355555555,26.15313461111111],[-80.08701866666667,26.154809555555556]]},"properties":{"style":"solid","thickness":1}},{"type":"Feature","geometry":{"type":"LineString","coordinates":[[-80.0878405,26.1529815],[-80.0866926111111,26.154259083333333]]},"properties":{"style":"solid","thickness":1}},{"type":"Feature","geometry":{"type":"LineString","coordinates":[[-80.08690538888888,26.15310886111111],[-80.08632458333332,26.153755277777776]]},"properties":{"style":"solid","thickness":1}},{"type":"Feature","geometry":{"type":"LineString","coordinates":[[-80.08616247222221,26.153022333333332],[-80.08591811111111,26.153294305555555]]},"properties":{"style":"solid","thickness":1}},{"type":"Feature","geometry":{"type":"LineString","coordinates":[[-80.08418208333333,26.151573],[-80.08393769444444,26.15184497222222]]},"properties":{"style":"solid","thickness":1}},{"type":"Feature","geometry":{"type":"LineString","coordinates":[[-80.08393477777777,26.15093486111111],[-80.08335397222221,26.151581277777776]]},"properties":{"style":"solid","thickness":1}},{"type":"Feature","geometry":{"type":"LineString","coordinates":[[-80.08387969444443,26.150082833333332],[-80.08273177777778,26.151360388888886]]},"properties":{"style":"solid","thickness":1}},{"type":"Feature","geometry":{"type":"LineString","coordinates":[[-80.08357255555555,26.149511305555556],[-80.08206763888889,26.151186194444442]]},"properties":{"style":"solid","thickness":1}},{"type":"Feature","geometry":{"type":"LineString","coordinates":[[-80.08188313888888,26.150478194444442],[-80.08135622222221,26.15106461111111]]},"properties":{"style":"solid","thickness":1}},{"type":"Feature","geometry":{"type":"LineString","coordinates":[[-80.40290722222223,26.063996111111113],[-80.40374783333334,26.064809194444447],[-80.40448827777779,26.064926972222224],[-80.40503394444445,26.064892083333334],[-80.40561222222223,26.064690000000002],[-80.40631766666667,26.063778111111112],[-80.40641266666667,26.062657583333333],[-80.40634505555556,26.061795083333333],[-80.40602113888889,26.0605775],[-80.40527469444444,26.059799694444447],[-80.40457975000001,26.05967902777778],[-80.40407958333334,26.059711],[-80.40336491666667,26.059921777777777],[-80.40265947222223,26.060833666666667],[-80.40273988888889,26.061860444444445],[-80.40374027777779,26.0617965]]},"properties":{"style":"solid","thickness":1}},{"type":"Feature","geometry":{"type":"LineString","coordinates":[[-80.39749175,26.06137025],[-80.4003565,26.061187222222223]]},"properties":{"style":"solid","thickness":1}},{"type":"Feature","geometry":{"type":"LineString","coordinates":[[-80.40071469444445,26.059926055555557],[-80.3992133888889,26.065264055555556],[-80.39694058333335,26.060167166666666]]},"properties":{"style":"solid","thickness":1}},{"type":"Feature","geometry":{"type":"LineString","coordinates":[[-80.39507625,26.060286222222224],[-80.39548455555557,26.06550222222222],[-80.39289361111112,26.060425583333334],[-80.39121002777779,26.065775111111112],[-80.3908018888889,26.06055911111111]]},"properties":{"style":"solid","thickness":1}},{"type":"Feature","geometry":{"type":"LineString","coordinates":[[-80.3893001388889,26.065897],[-80.38698225,26.06080286111111],[-80.38552577777779,26.066137833333332]]},"properties":{"style":"solid","thickness":1}},{"type":"Feature","geometry":{"type":"LineString","coordinates":[[-80.38345905555556,26.063669277777777],[-80.38109444444444,26.063820055555556]]},"properties":{"style":"solid","thickness":1}},{"type":"Feature","geometry":{"type":"LineString","coordinates":[[-80.38034172222221,26.066468416666666],[-80.38366133333334,26.06625675],[-80.38325355555556,26.061040722222224],[-80.37970672222221,26.06126688888889]]},"properties":{"style":"solid","thickness":1}},{"type":"Feature","geometry":{"type":"LineString","coordinates":[[-80.34991752777778,26.065885194444444],[-80.34860177777777,26.06072686111111],[-80.34782569444444,26.066018111111113],[-80.34623716666667,26.060877083333335],[-80.34564288888889,26.06615675]]},"properties":{"style":"solid","thickness":1}},{"type":"Feature","geometry":{"type":"LineString","coordinates":[[-80.34010322222221,26.062504861111112],[-80.34296805555554,26.062322972222223]]},"properties":{"style":"solid","thickness":1}},{"type":"Feature","geometry":{"type":"LineString","coordinates":[[-80.34332688888888,26.061061916666667],[-80.34182297222222,26.066399333333333],[-80.3395526111111,26.061301555555556]]},"properties":{"style":"solid","thickness":1}},{"type":"Feature","geometry":{"type":"LineString","coordinates":[[-80.33562216666667,26.064233861111113],[-80.33409580555555,26.061647833333335]]},"properties":{"style":"solid","thickness":1}},{"type":"Feature","geometry":{"type":"LineString","coordinates":[[-80.33768819444444,26.06141988888889],[-80.338094,26.06663602777778],[-80.33577475,26.066783194444444],[-80.33507663888888,26.06662111111111],[-80.33442158333332,26.065837194444445],[-80.33438325,26.065344305555556],[-80.33486505555555,26.06448825],[-80.33557669444444,26.064236722222223],[-80.33789588888888,26.064089583333335]]},"properties":{"style":"solid","thickness":1}},{"type":"Feature","geometry":{"type":"LineString","coordinates":[[-80.33099980555555,26.067086083333333],[-80.33054505555555,26.067114916666668],[-80.32974961111111,26.066876444444443],[-80.32895497222222,26.066060055555557],[-80.32869325,26.06504477777778],[-80.32861983333333,26.064100111111113],[-80.32872194444444,26.06306177777778],[-80.32942797222222,26.062150250000002],[-80.33013958333333,26.06189875],[-80.33059430555555,26.061869916666666],[-80.33129238888888,26.06203202777778],[-80.3321325,26.0628455],[-80.33239422222222,26.06386077777778],[-80.33246766666666,26.064805444444445],[-80.33236880555555,26.065884833333335],[-80.33166277777778,26.06679638888889],[-80.33099980555555,26.067086083333333]]},"properties":{"style":"solid","thickness":1}},{"type":"Feature","geometry":{"type":"LineString","coordinates":[[-80.32452630555555,26.064937416666666],[-80.32300016666666,26.06235127777778]]},"properties":{"style":"solid","thickness":1}},{"type":"Feature","geometry":{"type":"LineString","coordinates":[[-80.32659261111111,26.06212361111111],[-80.32699794444444,26.067339805555555],[-80.32467866666666,26.067486777777777],[-80.32398055555555,26.067324666666668],[-80.32332555555556,26.06654066666667],[-80.32328727777778,26.066047805555556],[-80.32376916666666,26.065191777777777],[-80.32448083333333,26.064940305555556],[-80.32680005555555,26.064793333333334]]},"properties":{"style":"solid","thickness":1}},{"type":"Feature","geometry":{"type":"LineString","coordinates":[[-80.27512272222222,26.066673083333335],[-80.27589897222222,26.064890694444443],[-80.27576247222223,26.063124527777777],[-80.27471969444444,26.061456777777778]]},"properties":{"style":"solid","thickness":1}},{"type":"Feature","geometry":{"type":"LineString","coordinates":[[-80.27301597222223,26.06424691666667],[-80.27065119444444,26.06439591666667]]},"properties":{"style":"solid","thickness":1}},{"type":"Feature","geometry":{"type":"LineString","coordinates":[[-80.26989286111112,26.067002638888887],[-80.27321269444444,26.066793472222223],[-80.27280972222222,26.06157713888889]]},"properties":{"style":"solid","thickness":1}},{"type":"Feature","geometry":{"type":"LineString","coordinates":[[-80.26440094444445,26.06334497222222],[-80.26726591666666,26.063164583333332]]},"properties":{"style":"solid","thickness":1}},{"type":"Feature","geometry":{"type":"LineString","coordinates":[[-80.26762555555555,26.061903722222223],[-80.26611825,26.06724036111111],[-80.26385108333334,26.06214138888889]]},"properties":{"style":"solid","thickness":1}},{"type":"Feature","geometry":{"type":"LineString","coordinates":[[-80.26219258333333,26.064928555555557],[-80.25982780555556,26.06507738888889]]},"properties":{"style":"solid","thickness":1}},{"type":"Feature","geometry":{"type":"LineString","coordinates":[[-80.25906922222222,26.067684055555556],[-80.26238908333333,26.067475138888888],[-80.26198658333334,26.062258777777778]]},"properties":{"style":"solid","thickness":1}},{"type":"Feature","geometry":{"type":"LineString","coordinates":[[-80.2572046111111,26.067801361111112],[-80.25616202777778,26.066133472222223],[-80.25602586111111,26.06436727777778],[-80.25680236111111,26.062584972222222]]},"properties":{"style":"solid","thickness":1}},{"type":"Feature","geometry":{"type":"LineString","coordinates":[[-80.27698555555556,26.05392886111111],[-80.27738866666667,26.059145194444444],[-80.27339325,26.054155305555557],[-80.27379622222222,26.059371666666667]]},"properties":{"style":"solid","thickness":1}},{"type":"Feature","geometry":{"type":"LineString","coordinates":[[-80.27029469444444,26.059592305555555],[-80.26983994444444,26.059620944444447],[-80.26904469444445,26.059382111111113],[-80.2682505,26.058565416666667],[-80.26798933333333,26.05755002777778],[-80.26791638888889,26.056605333333334],[-80.26801902777778,26.05556702777778],[-80.26872547222221,26.054655805555555],[-80.26943716666666,26.054404583333334],[-80.26989188888889,26.054375944444445],[-80.27058983333333,26.054538333333333],[-80.27142947222222,26.055352194444446],[-80.27169066666667,26.056367555555557],[-80.27176363888888,26.05731225],[-80.27166422222223,26.058391611111112],[-80.27095777777778,26.05930288888889],[-80.27029469444444,26.059592305555555]]},"properties":{"style":"solid","thickness":1}},{"type":"Feature","geometry":{"type":"LineString","coordinates":[[-80.26629294444444,26.059844333333334],[-80.26398044444444,26.05474825],[-80.26251855555556,26.06008197222222]]},"properties":{"style":"solid","thickness":1}},{"type":"Feature","geometry":{"type":"LineString","coordinates":[[-80.25702716666666,26.056424055555556],[-80.259892,26.05624377777778]]},"properties":{"style":"solid","thickness":1}},{"type":"Feature","geometry":{"type":"LineString","coordinates":[[-80.26025169444445,26.054982944444443],[-80.25874413888889,26.060319500000002],[-80.25647744444444,26.055220444444444]]},"properties":{"style":"solid","thickness":1}},{"type":"Feature","geometry":{"type":"LineString","coordinates":[[-80.25481569444445,26.057966444444446],[-80.25245102777778,26.05811513888889]]},"properties":{"style":"solid","thickness":1}},{"type":"Feature","geometry":{"type":"LineString","coordinates":[[-80.2516955,26.060762833333335],[-80.25501516666667,26.060554083333333],[-80.25461302777778,26.055337694444447],[-80.25106613888889,26.05556075]]},"properties":{"style":"solid","thickness":1}},{"type":"Feature","geometry":{"type":"LineString","coordinates":[[-80.36684,26.117399194444445],[-80.36452208333333,26.11230477777778],[-80.36306397222222,26.117639444444446]]},"properties":{"style":"solid","thickness":1}},{"type":"Feature","geometry":{"type":"LineString","coordinates":[[-80.35756686111111,26.113985333333336],[-80.36043291666667,26.113803111111114]]},"properties":{"style":"solid","thickness":1}},{"type":"Feature","geometry":{"type":"LineString","coordinates":[[-80.36079169444444,26.112542055555558],[-80.35928791666666,26.117879583333334],[-80.35701583333332,26.11278213888889]]},"properties":{"style":"solid","thickness":1}},{"type":"Feature","geometry":{"type":"LineString","coordinates":[[-80.3551506111111,26.112900694444445],[-80.35555736111111,26.118116722222222],[-80.35155669444444,26.113129055555557],[-80.35196327777777,26.11834511111111]]},"properties":{"style":"solid","thickness":1}},{"type":"Feature","geometry":{"type":"LineString","coordinates":[[-80.35009797222222,26.118463583333334],[-80.34977469444443,26.11431538888889],[-80.34953511111111,26.113587666666668],[-80.34869063888888,26.113311111111113],[-80.3471438611111,26.113409333333333],[-80.34635058333333,26.113789888888892],[-80.34613522222222,26.11454652777778],[-80.34645838888889,26.118694722222223]]},"properties":{"style":"solid","thickness":1}},{"type":"Feature","geometry":{"type":"LineString","coordinates":[[-80.34253266666666,26.116426194444447],[-80.34232158333333,26.113715472222225]]},"properties":{"style":"solid","thickness":1}},{"type":"Feature","geometry":{"type":"LineString","coordinates":[[-80.34454758333332,26.11881602777778],[-80.34253266666666,26.116426194444447],[-80.34090794444444,26.11904702777778]]},"properties":{"style":"solid","thickness":1}},{"type":"Feature","geometry":{"type":"LineString","coordinates":[[-80.36276091666666,26.10800655555556],[-80.36261741666667,26.108510972222224],[-80.36214905555555,26.10895352777778],[-80.36147952777777,26.109161194444447],[-80.3609791111111,26.109193027777778],[-80.36028394444443,26.10907213888889],[-80.35974827777777,26.10865216666667],[-80.35948558333332,26.10821486111111],[-80.35945033333333,26.107763083333335],[-80.35960347222222,26.10738186111111],[-80.36067986111111,26.106529194444445],[-80.36232577777777,26.1047735],[-80.36247566666665,26.104351222222224],[-80.36243722222221,26.10385836111111],[-80.359162,26.104066666666668]]},"properties":{"style":"solid","thickness":1}},{"type":"Feature","geometry":{"type":"LineString","coordinates":[[-80.35602055555555,26.109508305555558],[-80.35556566666666,26.109537194444446],[-80.35476988888888,26.109298861111114],[-80.35397477777778,26.108482611111114],[-80.35371277777777,26.10746741666667],[-80.35363911111111,26.10652277777778],[-80.35374102777777,26.10548441666667],[-80.3544471111111,26.10457277777778],[-80.35515894444444,26.10432116666667],[-80.35561383333332,26.10429225],[-80.35631219444444,26.104454222222223],[-80.35715277777777,26.105267555555557],[-80.35741480555555,26.10628277777778],[-80.35748847222222,26.107227416666667],[-80.35738980555556,26.108306833333334],[-80.35668372222221,26.1092185],[-80.35602055555555,26.109508305555558]]},"properties":{"style":"solid","thickness":1}},{"type":"Feature","geometry":{"type":"LineString","coordinates":[[-80.35037961111111,26.109866750000002],[-80.34992469444444,26.10989563888889],[-80.34912894444444,26.10965725],[-80.3483338611111,26.108841],[-80.34807191666667,26.10782577777778],[-80.34799830555555,26.10688111111111],[-80.34810027777777,26.10584277777778],[-80.34880638888889,26.104931166666667],[-80.34951822222222,26.104679583333336],[-80.34997313888888,26.104650666666668],[-80.35067147222222,26.104812694444448],[-80.35151202777777,26.105626055555557],[-80.35177402777778,26.10664127777778],[-80.35184763888888,26.107585916666668],[-80.35174891666666,26.108665333333335],[-80.35104277777778,26.109576972222225],[-80.35037961111111,26.109866750000002]]},"properties":{"style":"solid","thickness":1}},{"type":"Feature","geometry":{"type":"LineString","coordinates":[[-80.34637633333332,26.110121000000003],[-80.34597002777777,26.10490491666667]]},"properties":{"style":"solid","thickness":1}},{"type":"Feature","geometry":{"type":"LineString","coordinates":[[-80.34360133333332,26.11029716666667],[-80.34611719444445,26.106794194444447]]},"properties":{"style":"solid","thickness":1}},{"type":"Feature","geometry":{"type":"LineString","coordinates":[[-80.34529055555555,26.107919833333334],[-80.34269474999999,26.105112861111113]]},"properties":{"style":"solid","thickness":1}},{"type":"Feature","geometry":{"type":"LineString","coordinates":[[-80.21159313888889,26.17391891666667],[-80.21144891666667,26.174423194444447],[-80.21097975,26.174865222222223],[-80.21030955555555,26.175072222222223],[-80.20980883333334,26.17510352777778],[-80.20911341666667,26.174981916666667],[-80.20857802777778,26.174561416666666],[-80.20831572222222,26.174123833333333],[-80.20828105555556,26.173672],[-80.20843475000001,26.173290972222222],[-80.20951280555556,26.172439416666666],[-80.21116186111111,26.170685472222225],[-80.21131238888889,26.17026336111111],[-80.21127455555556,26.169770472222222],[-80.20799725,26.169975361111113]]},"properties":{"style":"solid","thickness":1}},{"type":"Feature","geometry":{"type":"LineString","coordinates":[[-80.20648586111112,26.175311222222224],[-80.20343602777778,26.175501805555555],[-80.20357083333333,26.174874333333335],[-80.20385477777778,26.174402611111113],[-80.20427847222223,26.173963416666666],[-80.20515733333333,26.173495805555557],[-80.20447455555556,26.173538472222223],[-80.20372416666667,26.173296444444446],[-80.20323744444445,26.17291416666667],[-80.20295944444445,26.172271194444445],[-80.20290586111112,26.171572944444446],[-80.2030798888889,26.170860444444447],[-80.20354905555556,26.170418444444447],[-80.20421922222222,26.170211472222224],[-80.20499305555556,26.17016313888889],[-80.20568841666667,26.17028475],[-80.20613277777778,26.170710972222224]]},"properties":{"style":"solid","thickness":1}},{"type":"Feature","geometry":{"type":"LineString","coordinates":[[-80.19965780555556,26.175737805555556],[-80.19920261111112,26.175766222222222],[-80.19840672222223,26.17552702777778],[-80.19761225,26.174709944444444],[-80.19735141666668,26.173694472222223],[-80.19727897222222,26.172749777777778],[-80.19738230555556,26.171711555555557],[-80.19809000000001,26.17080066666667],[-80.19880252777779,26.170549833333336],[-80.19925772222223,26.170521416666666],[-80.19995625,26.17068413888889],[-80.20079625,26.171498361111112],[-80.20105708333334,26.172513833333333],[-80.20112955555555,26.17345852777778],[-80.2010293888889,26.174537833333336],[-80.20032172222223,26.175448722222225],[-80.19965780555556,26.175737805555556]]},"properties":{"style":"solid","thickness":1}},{"type":"Feature","geometry":{"type":"LineString","coordinates":[[-80.19565200000001,26.175987916666667],[-80.19525208333334,26.1707715]]},"properties":{"style":"solid","thickness":1}},{"type":"Feature","geometry":{"type":"LineString","coordinates":[[-80.19287522222223,26.176161222222223],[-80.19539694444445,26.17266091666667]]},"properties":{"style":"solid","thickness":1}},{"type":"Feature","geometry":{"type":"LineString","coordinates":[[-80.19456841666667,26.173785666666667],[-80.19197472222223,26.17097602777778]]},"properties":{"style":"solid","thickness":1}},{"type":"Feature","geometry":{"type":"LineString","coordinates":[[-79.74365619444444,26.038143361111114],[-79.74376025,26.038628972222224],[-79.74395861111111,26.039089972222225],[-79.74424491666667,26.039511583333336],[-79.74460994444445,26.039880222222223],[-79.74504197222223,26.040184083333337],[-79.74552713888889,26.040413333333333],[-79.74604980555556,26.040560666666668],[-79.74659319444444,26.040621305555558],[-79.74713986111111,26.040593333333334],[-79.74767216666666,26.04047761111111],[-79.74817308333333,26.04027788888889],[-79.74862647222223,26.040000583333335],[-79.74901772222222,26.039654583333334],[-79.74933433333334,26.039251055555557],[-79.74956608333333,26.038802944444445],[-79.74970552777778,26.03832463888889],[-79.74974819444445,26.037831500000003],[-79.74969272222222,26.037339444444445],[-79.74954088888889,26.036864222222224],[-79.74929755555556,26.03642113888889],[-79.74897055555556,26.036024416666667],[-79.74857041666667,26.035686833333337],[-79.74810997222222,26.035419222222224],[-79.74760402777778,26.03523016666667],[-79.74706886111112,26.03512577777778],[-79.74652166666667,26.03510936111111],[-79.74598002777778,26.0351815],[-79.74546133333334,26.03533986111111],[-79.74498227777778,26.035579333333335],[-79.74455825,26.035892222222223],[-79.74420288888889,26.036268472222226],[-79.74392758333333,26.03669602777778],[-79.74374122222223,26.037161111111114],[-79.74364977777778,26.03764877777778],[-79.74365619444444,26.038143361111114]]},"properties":{"style":"solid","thickness":1}},{"type":"Feature","geometry":{"type":"LineString","coordinates":[[-79.74741130555556,26.04422302777778],[-79.74708997222223,26.043018111111113],[-79.74652775,26.041887583333335],[-79.74574391666667,26.040870361111114],[-79.74476555555556,26.04000152777778],[-79.74362633333334,26.039310944444445],[-79.74236547222222,26.03882241666667],[-79.74102638888888,26.03855277777778],[-79.73965525,26.03851127777778]]},"properties":{"style":"solid","thickness":1}},{"type":"Feature","geometry":{"type":"LineString","coordinates":[[-79.74597766666666,26.03150475],[-79.74593180555556,26.032743444444442],[-79.74563338888889,26.03395313888889],[-79.74509266666666,26.035092194444445],[-79.74432825,26.036121361111114],[-79.74336647222222,26.037005194444447],[-79.74224047222222,26.037713222222223],[-79.74098902777777,26.038221083333337],[-79.73965525,26.03851127777778]]},"properties":{"style":"solid","thickness":1}},{"type":"Feature","geometry":{"type":"LineString","coordinates":[[-79.75373358333333,26.03721613888889],[-79.75236241666667,26.03717477777778],[-79.75102336111111,26.03690525],[-79.7497625,26.03641677777778],[-79.74862325,26.035726222222223],[-79.74764491666667,26.03485738888889],[-79.74686113888889,26.033840194444448],[-79.74629894444445,26.032709666666666],[-79.74597766666666,26.03150475]]},"properties":{"style":"solid","thickness":1}},{"type":"Feature","geometry":{"type":"LineString","coordinates":[[-79.75373358333333,26.03721613888889],[-79.75239983333333,26.037506472222223],[-79.75114841666667,26.03801441666667],[-79.75002247222223,26.03872252777778],[-79.74906072222223,26.039606388888892],[-79.74829630555556,26.040635555555557],[-79.74775558333333,26.041774611111112],[-79.74745713888889,26.042984333333337],[-79.74741130555556,26.04422302777778]]},"properties":{"style":"solid","thickness":1}},{"type":"Feature","geometry":{"type":"LineString","coordinates":[[-79.74770594444445,26.034921888888892],[-79.74746105555556,26.03519327777778]]},"properties":{"style":"solid","thickness":1}},{"type":"Feature","geometry":{"type":"LineString","coordinates":[[-79.74730116666667,26.034459972222223],[-79.74671911111112,26.035105055555558]]},"properties":{"style":"solid","thickness":1}},{"type":"Feature","geometry":{"type":"LineString","coordinates":[[-79.74693497222222,26.033955333333335],[-79.7457846111111,26.03523025]]},"properties":{"style":"solid","thickness":1}},{"type":"Feature","geometry":{"type":"LineString","coordinates":[[-79.74661080555556,26.033404083333334],[-79.74510266666667,26.0350755]]},"properties":{"style":"solid","thickness":1}},{"type":"Feature","geometry":{"type":"LineString","coordinates":[[-79.74633402777778,26.03280033333333],[-79.745806,26.033385555555558]]},"properties":{"style":"solid","thickness":1}},{"type":"Feature","geometry":{"type":"LineString","coordinates":[[-79.74968027777778,26.036375777777778],[-79.74943538888888,26.036647194444445]]},"properties":{"style":"solid","thickness":1}},{"type":"Feature","geometry":{"type":"LineString","coordinates":[[-79.75026269444444,26.036640805555557],[-79.74968063888889,26.03728591666667]]},"properties":{"style":"solid","thickness":1}},{"type":"Feature","geometry":{"type":"LineString","coordinates":[[-79.75088366666667,26.036863111111114],[-79.74973330555555,26.038138055555557]]},"properties":{"style":"solid","thickness":1}},{"type":"Feature","geometry":{"type":"LineString","coordinates":[[-79.75154666666667,26.037038805555557],[-79.75003852777778,26.038710305555558]]},"properties":{"style":"solid","thickness":1}},{"type":"Feature","geometry":{"type":"LineString","coordinates":[[-79.75225705555556,26.037162000000002],[-79.75172902777778,26.037747250000002]]},"properties":{"style":"solid","thickness":1}},{"type":"Feature","geometry":{"type":"LineString","coordinates":[[-79.74758297222222,26.042342222222224],[-79.74705488888888,26.042927444444445]]},"properties":{"style":"solid","thickness":1}},{"type":"Feature","geometry":{"type":"LineString","coordinates":[[-79.74828630555555,26.04065225],[-79.74677808333334,26.042323694444445]]},"properties":{"style":"solid","thickness":1}},{"type":"Feature","geometry":{"type":"LineString","coordinates":[[-79.74760433333333,26.04049752777778],[-79.7464538888889,26.041772444444447]]},"properties":{"style":"solid","thickness":1}},{"type":"Feature","geometry":{"type":"LineString","coordinates":[[-79.74666977777778,26.040622722222224],[-79.74608766666667,26.041267805555556]]},"properties":{"style":"solid","thickness":1}},{"type":"Feature","geometry":{"type":"LineString","coordinates":[[-79.74592780555555,26.040534472222223],[-79.7456828888889,26.04080588888889]]},"properties":{"style":"solid","thickness":1}},{"type":"Feature","geometry":{"type":"LineString","coordinates":[[-79.74395344444444,26.03908052777778],[-79.74370852777778,26.039351944444444]]},"properties":{"style":"solid","thickness":1}},{"type":"Feature","geometry":{"type":"LineString","coordinates":[[-79.74370822222222,26.038441805555557],[-79.74312613888888,26.03908688888889]]},"properties":{"style":"solid","thickness":1}},{"type":"Feature","geometry":{"type":"LineString","coordinates":[[-79.74365561111111,26.03758963888889],[-79.74250516666667,26.038864555555556]]},"properties":{"style":"solid","thickness":1}},{"type":"Feature","geometry":{"type":"LineString","coordinates":[[-79.74335038888889,26.037017416666668],[-79.74184216666667,26.03868880555556]]},"properties":{"style":"solid","thickness":1}},{"type":"Feature","geometry":{"type":"LineString","coordinates":[[-79.74165986111112,26.037980361111114],[-79.74113177777778,26.038565555555557]]},"properties":{"style":"solid","thickness":1}},{"type":"Feature","geometry":{"type":"LineString","coordinates":[[-79.75128811111111,26.025370166666665],[-79.75207194444444,26.023590555555554],[-79.75194333333333,26.021823916666666],[-79.75090827777778,26.02015238888889]]},"properties":{"style":"solid","thickness":1}},{"type":"Feature","geometry":{"type":"LineString","coordinates":[[-79.74899847222223,26.020265888888886],[-79.74937822222222,26.025483666666666]]},"properties":{"style":"solid","thickness":1}},{"type":"Feature","geometry":{"type":"LineString","coordinates":[[-79.74385886111111,26.021809027777778],[-79.74672361111111,26.021638888888887]]},"properties":{"style":"solid","thickness":1}},{"type":"Feature","geometry":{"type":"LineString","coordinates":[[-79.74708863888888,26.02037933333333],[-79.74555844444444,26.025710555555555],[-79.7433145,26.02060347222222]]},"properties":{"style":"solid","thickness":1}},{"type":"Feature","geometry":{"type":"LineString","coordinates":[[-79.74164433333334,26.023384694444445],[-79.73927975,26.023525055555556]]},"properties":{"style":"solid","thickness":1}},{"type":"Feature","geometry":{"type":"LineString","coordinates":[[-79.73851,26.026128999999997],[-79.74182958333333,26.02593197222222],[-79.7414501388889,26.020714166666664]]},"properties":{"style":"solid","thickness":1}},{"type":"Feature","geometry":{"type":"LineString","coordinates":[[-79.73664555555555,26.02623961111111],[-79.73561066666667,26.024568],[-79.73548227777778,26.022801333333334],[-79.73626633333333,26.021021805555556]]},"properties":{"style":"solid","thickness":1}},{"type":"Feature","geometry":{"type":"LineString","coordinates":[[-79.75161911111111,26.01616025],[-79.75240944444444,26.016979805555554],[-79.75314894444445,26.017100888888887],[-79.75364911111112,26.017071166666664],[-79.75431919444445,26.016866277777776],[-79.75502936111111,26.01595752777778],[-79.75512744444444,26.014796333333333],[-79.75508258333333,26.014180055555556],[-79.75505263888888,26.013769222222223],[-79.75498025,26.013402166666665],[-79.75479597222223,26.012752916666667],[-79.75396316666667,26.011977166666668],[-79.75326919444444,26.011853388888888],[-79.75285997222223,26.011877694444443],[-79.75209897222223,26.012088],[-79.75138583333333,26.01295563888889]]},"properties":{"style":"solid","thickness":1}},{"type":"Feature","geometry":{"type":"LineString","coordinates":[[-79.74737072222223,26.014886],[-79.74585783333333,26.012293777777778]]},"properties":{"style":"solid","thickness":1}},{"type":"Feature","geometry":{"type":"LineString","coordinates":[[-79.74944983333333,26.01208038888889],[-79.74982961111111,26.017298166666667],[-79.74751061111111,26.017435944444443],[-79.74681361111111,26.017271055555554],[-79.74616269444445,26.01648447222222],[-79.74612683333334,26.015991444444445],[-79.74661269444445,26.015137333333332],[-79.74732525,26.014888694444444],[-79.74964419444444,26.014750916666667]]},"properties":{"style":"solid","thickness":1}},{"type":"Feature","geometry":{"type":"LineString","coordinates":[[-79.74399361111111,26.0124045],[-79.74437313888889,26.017622305555555],[-79.74040158333334,26.012617777777777],[-79.74078094444445,26.017835583333333]]},"properties":{"style":"solid","thickness":1}},{"type":"Feature","geometry":{"type":"LineString","coordinates":[[-79.7389166388889,26.017946249999998],[-79.73662766666666,26.01284175],[-79.73514255555556,26.018170166666664]]},"properties":{"style":"solid","thickness":1}},{"type":"Feature","geometry":{"type":"LineString","coordinates":[[-79.73327825,26.01828075],[-79.73289919444444,26.013062916666666],[-79.72962541666666,26.013257055555556]]},"properties":{"style":"solid","thickness":1}},{"type":"Feature","geometry":{"type":"LineString","coordinates":[[-79.74987183333333,26.007778416666667],[-79.75269077777777,26.00761086111111],[-79.75273863888889,26.00513225],[-79.75168036111111,26.005649055555555],[-79.75090744444445,26.005695],[-79.75016202777778,26.00549172222222],[-79.7496745,26.005066805555554],[-79.74940230555556,26.00446402777778],[-79.74935447222222,26.003806666666666],[-79.74953394444445,26.003135805555555],[-79.74995869444444,26.002697944444446],[-79.75094697222222,26.00247413888889],[-79.75162894444445,26.002433611111112],[-79.75214102777778,26.002568222222223],[-79.75258311111111,26.002995833333333]]},"properties":{"style":"solid","thickness":1}},{"type":"Feature","geometry":{"type":"LineString","coordinates":[[-79.74609808333334,26.00800263888889],[-79.74564341666667,26.00802963888889],[-79.74484955555556,26.007787944444445],[-79.74405933333334,26.00696836111111],[-79.74380277777777,26.005952027777777],[-79.74373405555556,26.005007083333332],[-79.74384119444444,26.003969138888888],[-79.7445513611111,26.003060472222224],[-79.74526386111111,26.002811833333332],[-79.74571852777778,26.002784833333333],[-79.74641544444445,26.002949722222223],[-79.74725111111111,26.00376661111111],[-79.74750769444445,26.004782916666667],[-79.74757644444445,26.005727888888888],[-79.74747230555556,26.00680688888889],[-79.74676216666667,26.00771561111111],[-79.74609808333334,26.00800263888889]]},"properties":{"style":"solid","thickness":1}},{"type":"Feature","geometry":{"type":"LineString","coordinates":[[-79.74046016666667,26.008337416666667],[-79.7400055,26.008364416666666],[-79.73921163888889,26.008122694444445],[-79.73842147222223,26.007303083333333],[-79.73816494444445,26.00628675],[-79.73809627777779,26.005341777777776],[-79.73820347222222,26.00430386111111],[-79.73891369444445,26.003395194444444],[-79.73962619444444,26.003146583333333],[-79.74008083333334,26.00311961111111],[-79.74077775,26.00328452777778],[-79.7416133888889,26.004101444444444],[-79.74186994444445,26.005117777777777],[-79.7419386388889,26.00606272222222],[-79.74183447222222,26.00714175],[-79.74112425,26.008050416666666],[-79.74046016666667,26.008337416666667]]},"properties":{"style":"solid","thickness":1}},{"type":"Feature","geometry":{"type":"LineString","coordinates":[[-79.73482222222222,26.008672],[-79.73436755555555,26.008698972222223],[-79.73357372222222,26.008457222222223],[-79.73278355555556,26.007637583333334],[-79.73252708333334,26.006621222222222],[-79.73245844444445,26.005676277777777],[-79.73256572222222,26.004638333333332],[-79.73327597222223,26.00372972222222],[-79.7339885,26.00348113888889],[-79.73444313888889,26.003454166666668],[-79.73514005555556,26.00361913888889],[-79.73597566666666,26.004436055555555],[-79.73623216666667,26.005452388888887],[-79.73630083333333,26.006397361111112],[-79.73619658333334,26.00747636111111],[-79.73548633333334,26.008385027777777],[-79.73482222222222,26.008672]]},"properties":{"style":"solid","thickness":1}},{"type":"Feature","geometry":{"type":"LineString","coordinates":[[-80.08288869444443,26.16779313888889],[-80.08274391666666,26.16829727777778],[-80.08227430555556,26.16873891666667],[-80.08160391666667,26.168945305555557],[-80.08110319444444,26.168976166666667],[-80.08040794444445,26.168853944444447],[-80.07987302777778,26.168432972222224],[-80.07961122222221,26.167995166666667],[-80.07957702777777,26.167543305555558],[-80.07973113888889,26.167162416666667],[-80.08081005555555,26.166311805555555],[-80.08246094444443,26.164559333333333],[-80.08261191666666,26.164137333333333],[-80.08257461111111,26.163644416666664],[-80.07929725,26.163846416666665]]},"properties":{"style":"solid","thickness":1}},{"type":"Feature","geometry":{"type":"LineString","coordinates":[[-80.07738547222222,26.16396422222222],[-80.07778019444444,26.169180944444445]]},"properties":{"style":"solid","thickness":1}},{"type":"Feature","geometry":{"type":"LineString","coordinates":[[-80.07422955555555,26.169399666666667],[-80.07377433333333,26.169427722222224],[-80.07297874999999,26.169187833333336],[-80.07218516666666,26.168370055555556],[-80.07192544444445,26.167354361111112],[-80.071854,26.16640961111111],[-80.07195844444443,26.16537147222222],[-80.07266702777777,26.164461222222222],[-80.07337980555555,26.16421097222222],[-80.073835,26.164182944444445],[-80.07453330555555,26.164346277777778],[-80.07537238888888,26.16516122222222],[-80.07563213888889,26.166176916666664],[-80.07570361111111,26.167121666666667],[-80.07560233333334,26.16820088888889],[-80.07489372222221,26.169111166666667],[-80.07422955555555,26.169399666666667]]},"properties":{"style":"solid","thickness":1}},{"type":"Feature","geometry":{"type":"LineString","coordinates":[[-80.07022369444444,26.169646333333336],[-80.06982933333333,26.16442958333333]]},"properties":{"style":"solid","thickness":1}},{"type":"Feature","geometry":{"type":"LineString","coordinates":[[-80.06744691666667,26.16981725],[-80.06997216666666,26.16631911111111]]},"properties":{"style":"solid","thickness":1}},{"type":"Feature","geometry":{"type":"LineString","coordinates":[[-80.0691425,26.16744316666667],[-80.06655194444444,26.164631305555552]]},"properties":{"style":"solid","thickness":1}},{"type":"Feature","geometry":{"type":"LineString","coordinates":[[-79.87663658333332,26.15621608333333],[-79.87649097222221,26.15672],[-79.8760206111111,26.157160972222222],[-79.87534997222221,26.157366416666665],[-79.87484922222221,26.15739658333333],[-79.87415427777778,26.15727336111111],[-79.87362013888888,26.156851638888888],[-79.87335913888889,26.156413444444443],[-79.87332572222222,26.155961555555553],[-79.87348047222221,26.15558086111111],[-79.87456074999999,26.154731805555553],[-79.87621449999999,26.152981666666665],[-79.87636619444444,26.152559888888888],[-79.87632975,26.152066944444442],[-79.87305238888888,26.152264305555555]]},"properties":{"style":"solid","thickness":1}},{"type":"Feature","geometry":{"type":"LineString","coordinates":[[-79.8711406111111,26.15237938888889],[-79.87152622222222,26.157596638888887]]},"properties":{"style":"solid","thickness":1}},{"type":"Feature","geometry":{"type":"LineString","coordinates":[[-79.86797558333333,26.15781033333333],[-79.86752038888888,26.157837722222222],[-79.86672527777777,26.15759672222222],[-79.86593322222221,26.15677786111111],[-79.86567527777777,26.155761777777776],[-79.8656055,26.154816916666665],[-79.86571172222222,26.153778944444444],[-79.86642180555555,26.152869694444444],[-79.86713494444444,26.15262047222222],[-79.86759013888889,26.152593083333333],[-79.8682881111111,26.152757388888887],[-79.86912566666666,26.153573527777777],[-79.86938363888888,26.154589583333333],[-79.86945344444443,26.15553444444444],[-79.86935030555554,26.1566135],[-79.86864019444444,26.157522777777775],[-79.86797558333333,26.15781033333333]]},"properties":{"style":"solid","thickness":1}},{"type":"Feature","geometry":{"type":"LineString","coordinates":[[-79.86396975,26.158051333333333],[-79.86358447222221,26.152834055555555]]},"properties":{"style":"solid","thickness":1}},{"type":"Feature","geometry":{"type":"LineString","coordinates":[[-79.86119294444444,26.158218305555554],[-79.86372399999999,26.154723777777775]]},"properties":{"style":"solid","thickness":1}},{"type":"Feature","geometry":{"type":"LineString","coordinates":[[-79.86289247222221,26.15584663888889],[-79.86030708333332,26.15303113888889]]},"properties":{"style":"solid","thickness":1}}]}
