{"type":"FeatureCollection","features":[{"type":"Feature","geometry":{"type":"LineString","coordinates":[[-80.32883208333332,26.299990944444446],[-80.32353444444443,26.283419194444445]]},"properties":{"style":"solid","thickness":1}},{"type":"Feature","geometry":{"type":"LineString","coordinates":[[-80.1978015,25.700478694444445],[-80.22342838888889,25.72282019444444]]},"properties":{"style":"solid","thickness":1}},{"type":"Feature","geometry":{"type":"LineString","coordinates":[[-80.44976050000001,25.552023000000002],[-80.39968619444446,25.56074172222222],[-80.39549869444446,25.561376666666668]]},"properties":{"style":"solid","thickness":1}},{"type":"Feature","geometry":{"type":"LineString","coordinates":[[-80.19795027777778,25.54290213888889],[-80.1813591388889,25.550137722222225],[-80.19368655555556,25.562531777777778]]},"properties":{"style":"solid","thickness":1}},{"type":"Feature","geometry":{"type":"LineString","coordinates":[[-80.2510485,25.51980886111111],[-80.26763113888889,25.512565277777778],[-80.28390727777777,25.52027347222222]]},"properties":{"style":"solid","thickness":1}},{"type":"Feature","geometry":{"type":"LineString","coordinates":[[-80.30625252777777,25.53100688888889],[-80.32251497222222,25.538777222222222],[-80.33679724999999,25.549464972222225],[-80.35328858333332,25.55710138888889]]},"properties":{"style":"solid","thickness":1}},{"type":"Feature","geometry":{"type":"LineString","coordinates":[[-80.24555041666667,25.615125805555557],[-80.25779008333333,25.627606083333333],[-80.27469088888888,25.621003944444446]]},"properties":{"style":"solid","thickness":1}},{"type":"Feature","geometry":{"type":"LineString","coordinates":[[-80.51379030555556,25.504876194444446],[-80.52802330555555,25.494303527777777],[-80.54621280555556,25.491795722222225]]},"properties":{"style":"solid","thickness":1}},{"type":"Feature","geometry":{"type":"LineString","coordinates":[[-80.5733091111111,25.40899536111111],[-80.58505799999999,25.421907472222223],[-80.60284883333333,25.42618213888889]]},"properties":{"style":"solid","thickness":1}},{"type":"Feature","geometry":{"type":"LineString","coordinates":[[-80.68302430555556,25.445344777777777],[-80.66522769444445,25.44108]]},"properties":{"style":"solid","thickness":1}},{"type":"Feature","geometry":{"type":"LineString","coordinates":[[-80.64743266666667,25.436904805555557],[-80.6296383611111,25.432543916666667]]},"properties":{"style":"solid","thickness":1}},{"type":"Feature","geometry":{"type":"LineString","coordinates":[[-80.56166422222222,25.39626561111111],[-80.54992041666667,25.383351583333333]]},"properties":{"style":"solid","thickness":1}},{"type":"Feature","geometry":{"type":"LineString","coordinates":[[-80.44976050000001,25.552023000000002],[-80.39911136111112,25.571976833333334]]},"properties":{"style":"solid","thickness":1}},{"type":"Feature","geometry":{"type":"LineString","coordinates":[[-80.68967891666667,25.471381055555554],[-80.70796222222222,25.46876083333333]]},"properties":{"style":"solid","thickness":1}},{"type":"Feature","geometry":{"type":"LineString","coordinates":[[-80.51450261111111,25.344695916666666],[-80.50752283333334,25.337000305555556]]},"properties":{"style":"solid","thickness":1}},{"type":"Feature","geometry":{"type":"LineString","coordinates":[[-80.53807838888889,25.370528555555556],[-80.52633969444445,25.35761263888889]]},"properties":{"style":"solid","thickness":1}},{"type":"Feature","geometry":{"type":"LineString","coordinates":[[-80.44897047222223,25.960781083333334],[-80.45708180555556,25.973811805555552]]},"properties":{"style":"solid","thickness":1}},{"type":"Feature","geometry":{"type":"LineString","coordinates":[[-80.60276308333333,25.780852444444445],[-80.56588305555556,25.782211138888886]]},"properties":{"style":"solid","thickness":1}},{"type":"Feature","geometry":{"type":"LineString","coordinates":[[-80.46410611111111,25.54154825],[-80.44976050000001,25.552023000000002]]},"properties":{"style":"solid","thickness":1}},{"type":"Feature","geometry":{"type":"LineString","coordinates":[[-80.29585030555555,26.136945055555554],[-80.29676547222222,26.15345747222222]]},"properties":{"style":"solid","thickness":1}},{"type":"Feature","geometry":{"type":"LineString","coordinates":[[-80.2785706111111,26.153365027777777],[-80.29666380555555,26.1534575]]},"properties":{"style":"solid","thickness":1}},{"type":"Feature","geometry":{"type":"LineString","coordinates":[[-80.29056761111111,26.04401577777778],[-80.29148133333334,26.060436777777777]]},"properties":{"style":"solid","thickness":1}},{"type":"Feature","geometry":{"type":"LineString","coordinates":[[-80.22166083333333,25.717239555555555],[-80.22342838888889,25.72282019444444],[-80.21691622222222,25.721214333333332]]},"properties":{"style":"solid","thickness":1}},{"type":"Feature","geometry":{"type":"LineString","coordinates":[[-80.37788822222221,25.904116527777777],[-80.37819394444443,25.91246011111111]]},"properties":{"style":"solid","thickness":1}},{"type":"Feature","geometry":{"type":"LineString","coordinates":[[-80.17557458333334,25.922263861111112],[-80.17517691666667,25.913923444444443]]},"properties":{"style":"solid","thickness":1}},{"type":"Feature","geometry":{"type":"LineString","coordinates":[[-80.24592586111112,25.914707916666664],[-80.22748933333334,25.915593249999997]]},"properties":{"style":"solid","thickness":1}},{"type":"Feature","geometry":{"type":"LineString","coordinates":[[-80.17217811111112,25.918234861111113],[-80.15374038888889,25.919108722222223]]},"properties":{"style":"solid","thickness":1}},{"type":"Feature","geometry":{"type":"LineString","coordinates":[[-80.20905252777779,25.916476277777775],[-80.19061616666667,25.91735688888889]]},"properties":{"style":"solid","thickness":1}},{"type":"Feature","geometry":{"type":"LineString","coordinates":[[-80.13530236111112,25.91998022222222],[-80.11686408333333,25.92084938888889]]},"properties":{"style":"solid","thickness":1}},{"type":"Feature","geometry":{"type":"LineString","coordinates":[[-80.09842555555555,25.921716194444446],[-80.08005319444445,25.92257752777778]]},"properties":{"style":"solid","thickness":1}},{"type":"Feature","geometry":{"type":"LineString","coordinates":[[-80.30710805555556,25.911755555555555],[-80.32554341666666,25.910860777777778]]},"properties":{"style":"solid","thickness":1}},{"type":"Feature","geometry":{"type":"LineString","coordinates":[[-80.38084780555555,25.908162333333333],[-80.39928205555556,25.907258166666665]]},"properties":{"style":"solid","thickness":1}},{"type":"Feature","geometry":{"type":"LineString","coordinates":[[-80.34397849999999,25.909963666666666],[-80.36241327777778,25.909064166666667]]},"properties":{"style":"solid","thickness":1}},{"type":"Feature","geometry":{"type":"LineString","coordinates":[[-80.417716,25.906351666666666],[-80.43614969444445,25.905442805555555]]},"properties":{"style":"solid","thickness":1}},{"type":"Feature","geometry":{"type":"LineString","coordinates":[[-80.45458308333333,25.90453158333333],[-80.47301616666667,25.903617999999998]]},"properties":{"style":"solid","thickness":1}},{"type":"Feature","geometry":{"type":"LineString","coordinates":[[-80.30448869444444,25.919430611111114],[-80.3202,25.928250000000002]]},"properties":{"style":"solid","thickness":1}},{"type":"Feature","geometry":{"type":"LineString","coordinates":[[-80.33591366666666,25.937067638888887],[-80.35162963888888,25.945883583333334]]},"properties":{"style":"solid","thickness":1}},{"type":"Feature","geometry":{"type":"LineString","coordinates":[[-80.36734799999999,25.954697805555554],[-80.38306866666666,25.963510305555555]]},"properties":{"style":"solid","thickness":1}},{"type":"Feature","geometry":{"type":"LineString","coordinates":[[-80.39879172222223,25.97232108333333],[-80.41451708333334,25.981130138888886]]},"properties":{"style":"solid","thickness":1}},{"type":"Feature","geometry":{"type":"LineString","coordinates":[[-80.4302655,25.989907277777778],[-80.44599786111111,25.99870952777778]]},"properties":{"style":"solid","thickness":1}},{"type":"Feature","geometry":{"type":"LineString","coordinates":[[-80.46173258333333,26.007510083333333],[-80.47746963888889,26.01630888888889]]},"properties":{"style":"solid","thickness":1}},{"type":"Feature","geometry":{"type":"LineString","coordinates":[[-80.37000747222221,25.951277166666667],[-80.36514238888888,25.958372805555555]]},"properties":{"style":"solid","thickness":1}},{"type":"Feature","geometry":{"type":"LineString","coordinates":[[-80.44630327777779,25.99397588888889],[-80.44144102777778,26.001074055555556]]},"properties":{"style":"solid","thickness":1}},{"type":"Feature","geometry":{"type":"LineString","coordinates":[[-80.48083519444445,25.899050527777778],[-80.48114816666667,25.907393916666667]]},"properties":{"style":"solid","thickness":1}},{"type":"Feature","geometry":{"type":"LineString","coordinates":[[-80.08024825,25.926748111111113],[-80.07985730555555,25.918407444444444]]},"properties":{"style":"solid","thickness":1}},{"type":"Feature","geometry":{"type":"LineString","coordinates":[[-80.52461677777778,25.6435],[-80.52417766666666,25.63516111111111]]},"properties":{"style":"solid","thickness":1}},{"type":"Feature","geometry":{"type":"LineString","coordinates":[[-80.25702733333334,25.80475652777778],[-80.23858172222222,25.80548463888889]]},"properties":{"style":"solid","thickness":1}},{"type":"Feature","geometry":{"type":"LineString","coordinates":[[-80.22013583333333,25.806302111111112],[-80.20168977777779,25.80702547222222]]},"properties":{"style":"solid","thickness":1}},{"type":"Feature","geometry":{"type":"LineString","coordinates":[[-80.1832433888889,25.80783825],[-80.16479686111111,25.808556916666667]]},"properties":{"style":"solid","thickness":1}},{"type":"Feature","geometry":{"type":"LineString","coordinates":[[-80.14635011111112,25.809273222222224],[-80.12790311111111,25.809987166666666]]},"properties":{"style":"solid","thickness":1}},{"type":"Feature","geometry":{"type":"LineString","coordinates":[[-80.10945591666666,25.81069875],[-80.09100833333333,25.81149975]]},"properties":{"style":"solid","thickness":1}},{"type":"Feature","geometry":{"type":"LineString","coordinates":[[-80.33817099999999,25.780947416666667],[-80.33860122222222,25.789285916666667]]},"properties":{"style":"solid","thickness":1}},{"type":"Feature","geometry":{"type":"LineString","coordinates":[[-80.39367461111112,25.778616944444444],[-80.39410872222223,25.78695527777778]]},"properties":{"style":"solid","thickness":1}},{"type":"Feature","geometry":{"type":"LineString","coordinates":[[-80.48071044444444,25.77494486111111],[-80.48115069444445,25.783282916666664]]},"properties":{"style":"solid","thickness":1}},{"type":"Feature","geometry":{"type":"LineString","coordinates":[[-80.38426547222222,25.79526913888889],[-80.38469011111111,25.80360863888889]]},"properties":{"style":"solid","thickness":1}},{"type":"Feature","geometry":{"type":"LineString","coordinates":[[-80.49502269444444,25.790574861111114],[-80.49545511111111,25.79891402777778]]},"properties":{"style":"solid","thickness":1}},{"type":"Feature","geometry":{"type":"LineString","coordinates":[[-80.31997358333334,25.80208491666667],[-80.3384281111111,25.801333111111113]]},"properties":{"style":"solid","thickness":1}},{"type":"Feature","geometry":{"type":"LineString","coordinates":[[-80.35688238888888,25.800578972222223],[-80.37533644444444,25.799822444444445]]},"properties":{"style":"solid","thickness":1}},{"type":"Feature","geometry":{"type":"LineString","coordinates":[[-80.39379025000001,25.799063583333336],[-80.41224383333333,25.798302361111112]]},"properties":{"style":"solid","thickness":1}},{"type":"Feature","geometry":{"type":"LineString","coordinates":[[-80.43069316666667,25.79746088888889],[-80.44914569444445,25.796683805555556]]},"properties":{"style":"solid","thickness":1}},{"type":"Feature","geometry":{"type":"LineString","coordinates":[[-80.46759797222222,25.79590438888889],[-80.48605,25.795122583333335]]},"properties":{"style":"solid","thickness":1}},{"type":"Feature","geometry":{"type":"LineString","coordinates":[[-80.19226772222223,25.803201944444446],[-80.19266561111111,25.8115425]]},"properties":{"style":"solid","thickness":1}},{"type":"Feature","geometry":{"type":"LineString","coordinates":[[-80.40074100000001,25.84477808333333],[-80.39620886111112,25.85204966666667]]},"properties":{"style":"solid","thickness":1}},{"type":"Feature","geometry":{"type":"LineString","coordinates":[[-80.4512843888889,25.870555055555556],[-80.44675436111112,25.877828222222224]]},"properties":{"style":"solid","thickness":1}},{"type":"Feature","geometry":{"type":"LineString","coordinates":[[-80.54792680555555,25.919756361111112],[-80.54340083333334,25.927032500000003]]},"properties":{"style":"solid","thickness":1}},{"type":"Feature","geometry":{"type":"LineString","coordinates":[[-80.20554436111111,25.744966861111113],[-80.20100550000001,25.75223311111111]]},"properties":{"style":"solid","thickness":1}},{"type":"Feature","geometry":{"type":"LineString","coordinates":[[-80.13493472222223,25.708756833333332],[-80.13039291666666,25.716020888888888]]},"properties":{"style":"solid","thickness":1}},{"type":"Feature","geometry":{"type":"LineString","coordinates":[[-80.03771452777778,25.658805583333333],[-80.03316866666667,25.666066583333333]]},"properties":{"style":"solid","thickness":1}},{"type":"Feature","geometry":{"type":"LineString","coordinates":[[-80.26395405555556,25.779654277777777],[-80.24787519444445,25.771426416666667]]},"properties":{"style":"solid","thickness":1}},{"type":"Feature","geometry":{"type":"LineString","coordinates":[[-80.23179858333333,25.763196722222222],[-80.21572422222222,25.754965277777778]]},"properties":{"style":"solid","thickness":1}},{"type":"Feature","geometry":{"type":"LineString","coordinates":[[-80.19965208333333,25.746732027777778],[-80.18358219444445,25.738496972222222]]},"properties":{"style":"solid","thickness":1}},{"type":"Feature","geometry":{"type":"LineString","coordinates":[[-80.16751452777778,25.73026011111111],[-80.15144908333333,25.72202147222222]]},"properties":{"style":"solid","thickness":1}},{"type":"Feature","geometry":{"type":"LineString","coordinates":[[-80.13538588888889,25.713781055555554],[-80.11932494444444,25.705538833333332]]},"properties":{"style":"solid","thickness":1}},{"type":"Feature","geometry":{"type":"LineString","coordinates":[[-80.10326622222222,25.697294805555554],[-80.08720975,25.689049]]},"properties":{"style":"solid","thickness":1}},{"type":"Feature","geometry":{"type":"LineString","coordinates":[[-80.0711555,25.680801416666668],[-80.05510347222221,25.67255202777778]]},"properties":{"style":"solid","thickness":1}},{"type":"Feature","geometry":{"type":"LineString","coordinates":[[-80.03905372222222,25.66430086111111],[-80.02300616666666,25.656047916666665]]},"properties":{"style":"solid","thickness":1}},{"type":"Feature","geometry":{"type":"LineString","coordinates":[[-80.31831397222221,25.80747886111111],[-80.33440225,25.815699444444444]]},"properties":{"style":"solid","thickness":1}},{"type":"Feature","geometry":{"type":"LineString","coordinates":[[-80.35049277777777,25.823918222222222],[-80.36658552777777,25.83213522222222]]},"properties":{"style":"solid","thickness":1}},{"type":"Feature","geometry":{"type":"LineString","coordinates":[[-80.38268049999999,25.840350416666666],[-80.39877772222223,25.848563805555553]]},"properties":{"style":"solid","thickness":1}},{"type":"Feature","geometry":{"type":"LineString","coordinates":[[-80.414873,25.856782111111112],[-80.43097408333334,25.864992861111112]]},"properties":{"style":"solid","thickness":1}},{"type":"Feature","geometry":{"type":"LineString","coordinates":[[-80.44707741666667,25.873201833333333],[-80.46318297222223,25.88140897222222]]},"properties":{"style":"solid","thickness":1}},{"type":"Feature","geometry":{"type":"LineString","coordinates":[[-80.47929394444445,25.88960925],[-80.49540566666667,25.897810083333333]]},"properties":{"style":"solid","thickness":1}},{"type":"Feature","geometry":{"type":"LineString","coordinates":[[-80.51151961111111,25.90600911111111],[-80.52763580555555,25.91420636111111]]},"properties":{"style":"solid","thickness":1}},{"type":"Feature","geometry":{"type":"LineString","coordinates":[[-80.54374411111111,25.922418083333334],[-80.55986408333332,25.93061280555556]]},"properties":{"style":"solid","thickness":1}},{"type":"Feature","geometry":{"type":"LineString","coordinates":[[-80.0356645,25.813705055555555],[-80.01721616666667,25.81440486111111]]},"properties":{"style":"solid","thickness":1}},{"type":"Feature","geometry":{"type":"LineString","coordinates":[[-80.07256069444443,25.81220661111111],[-80.05411280555555,25.81291113888889]]},"properties":{"style":"solid","thickness":1}},{"type":"Feature","geometry":{"type":"LineString","coordinates":[[-79.99876763888889,25.815102305555556],[-79.98031886111112,25.81579738888889]]},"properties":{"style":"solid","thickness":1}},{"type":"Feature","geometry":{"type":"LineString","coordinates":[[-79.9618698888889,25.816490138888888],[-79.94342041666667,25.81727225]]},"properties":{"style":"solid","thickness":1}},{"type":"Feature","geometry":{"type":"LineString","coordinates":[[-79.92497127777779,25.817868527777776],[-79.90652136111112,25.818645944444444]]},"properties":{"style":"solid","thickness":1}},{"type":"Feature","geometry":{"type":"LineString","coordinates":[[-80.5783065,25.791178277777778],[-80.59675705555556,25.790382333333334]]},"properties":{"style":"solid","thickness":1}},{"type":"Feature","geometry":{"type":"LineString","coordinates":[[-80.54140463888889,25.792763083333334],[-80.55985569444444,25.79197186111111]]},"properties":{"style":"solid","thickness":1}},{"type":"Feature","geometry":{"type":"LineString","coordinates":[[-80.50450180555555,25.794338444444445],[-80.52295333333333,25.793551944444445]]},"properties":{"style":"solid","thickness":1}},{"type":"Feature","geometry":{"type":"LineString","coordinates":[[-80.54433208333333,25.78625827777778],[-80.54476797222222,25.79459727777778]]},"properties":{"style":"solid","thickness":1}},{"type":"Feature","geometry":{"type":"LineString","coordinates":[[-80.47058466666667,25.7894165],[-80.47101536111111,25.797755722222224]]},"properties":{"style":"solid","thickness":1}},{"type":"Feature","geometry":{"type":"LineString","coordinates":[[-80.38369605555556,25.793091361111113],[-80.3841206388889,25.80143086111111]]},"properties":{"style":"solid","thickness":1}},{"type":"Feature","geometry":{"type":"LineString","coordinates":[[-80.31987083333333,25.79995727777778],[-80.33832413888888,25.799187833333335]]},"properties":{"style":"solid","thickness":1}},{"type":"Feature","geometry":{"type":"LineString","coordinates":[[-80.35677719444443,25.79841602777778],[-80.37523002777777,25.79764188888889]]},"properties":{"style":"solid","thickness":1}},{"type":"Feature","geometry":{"type":"LineString","coordinates":[[-80.39368261111112,25.796865361111113],[-80.41213494444445,25.7960865]]},"properties":{"style":"solid","thickness":1}},{"type":"Feature","geometry":{"type":"LineString","coordinates":[[-80.43058702777778,25.79530527777778],[-80.44903886111112,25.794521694444445]]},"properties":{"style":"solid","thickness":1}},{"type":"Feature","geometry":{"type":"LineString","coordinates":[[-80.46749047222222,25.793735750000003],[-80.48594183333333,25.792947444444447]]},"properties":{"style":"solid","thickness":1}},{"type":"Feature","geometry":{"type":"LineString","coordinates":[[-80.50439294444445,25.79215677777778],[-80.52284380555555,25.791363750000002]]},"properties":{"style":"solid","thickness":1}},{"type":"Feature","geometry":{"type":"LineString","coordinates":[[-80.54129441666666,25.790568361111113],[-80.55974480555555,25.78977063888889]]},"properties":{"style":"solid","thickness":1}},{"type":"Feature","geometry":{"type":"LineString","coordinates":[[-80.57819491666666,25.788970527777778],[-80.59664477777777,25.788168083333336]]},"properties":{"style":"solid","thickness":1}},{"type":"Feature","geometry":{"type":"LineString","coordinates":[[-80.17684475,26.065988305555557],[-80.19535897222222,26.066090916666667]]},"properties":{"style":"solid","thickness":1}},{"type":"Feature","geometry":{"type":"LineString","coordinates":[[-80.21387322222222,26.066191166666666],[-80.2323875,26.066289027777778]]},"properties":{"style":"solid","thickness":1}},{"type":"Feature","geometry":{"type":"LineString","coordinates":[[-80.25090458333334,26.06639841666667],[-80.25944166666666,26.066441666666666],[-80.26941891666667,26.0664945]]},"properties":{"style":"solid","thickness":1}},{"type":"Feature","geometry":{"type":"LineString","coordinates":[[-80.28793047222221,26.066576805555556],[-80.3064448611111,26.066670638888887]]},"properties":{"style":"solid","thickness":1}},{"type":"Feature","geometry":{"type":"LineString","coordinates":[[-80.32495924999999,26.06676211111111],[-80.33046666666667,26.06678886111111],[-80.34347369444444,26.066845861111112]]},"properties":{"style":"solid","thickness":1}},{"type":"Feature","geometry":{"type":"LineString","coordinates":[[-80.36198819444444,26.066924944444445],[-80.38050272222222,26.067001694444443]]},"properties":{"style":"solid","thickness":1}},{"type":"Feature","geometry":{"type":"LineString","coordinates":[[-80.39901725,26.067078388888888],[-80.41753180555556,26.067155083333333]]},"properties":{"style":"solid","thickness":1}},{"type":"Feature","geometry":{"type":"LineString","coordinates":[[-80.43604636111111,26.06722938888889],[-80.45456097222223,26.067301305555556]]},"properties":{"style":"solid","thickness":1}},{"type":"Feature","geometry":{"type":"LineString","coordinates":[[-80.47307558333334,26.067370888888888],[-80.49159019444444,26.067438083333332]]},"properties":{"style":"solid","thickness":1}},{"type":"Feature","geometry":{"type":"LineString","coordinates":[[-80.51010486111112,26.067502916666665],[-80.52861952777778,26.06756536111111]]},"properties":{"style":"solid","thickness":1}},{"type":"Feature","geometry":{"type":"LineString","coordinates":[[-80.38974238888889,26.058702],[-80.38970555555557,26.06705]]},"properties":{"style":"solid","thickness":1}},{"type":"Feature","geometry":{"type":"LineString","coordinates":[[-80.25948772222222,26.058093694444445],[-80.25944166666666,26.066441666666666]]},"properties":{"style":"solid","thickness":1}},{"type":"Feature","geometry":{"type":"LineString","coordinates":[[-80.50448705555556,26.05914363888889],[-80.50445833333333,26.067491666666665]]},"properties":{"style":"solid","thickness":1}},{"type":"Feature","geometry":{"type":"LineString","coordinates":[[-80.1850381388889,26.077058694444442],[-80.20355411111112,26.0771595]]},"properties":{"style":"solid","thickness":1}},{"type":"Feature","geometry":{"type":"LineString","coordinates":[[-80.22207011111111,26.077257916666667],[-80.24058613888889,26.077353972222223]]},"properties":{"style":"solid","thickness":1}},{"type":"Feature","geometry":{"type":"LineString","coordinates":[[-80.25910222222223,26.077447666666668],[-80.26627222222223,26.077483305555557],[-80.27761827777778,26.077542138888887]]},"properties":{"style":"solid","thickness":1}},{"type":"Feature","geometry":{"type":"LineString","coordinates":[[-80.26622777777777,26.077477777777776],[-80.26617430555555,26.085825694444445]]},"properties":{"style":"solid","thickness":1}},{"type":"Feature","geometry":{"type":"LineString","coordinates":[[-80.29613444444445,26.077625277777777],[-80.31465058333333,26.077710222222223]]},"properties":{"style":"solid","thickness":1}},{"type":"Feature","geometry":{"type":"LineString","coordinates":[[-80.33316677777778,26.077792805555557],[-80.35168297222222,26.077873]]},"properties":{"style":"solid","thickness":1}},{"type":"Feature","geometry":{"type":"LineString","coordinates":[[-80.370199,26.077988916666666],[-80.38138333333333,26.07803886111111],[-80.38871525,26.078071138888888]]},"properties":{"style":"solid","thickness":1}},{"type":"Feature","geometry":{"type":"LineString","coordinates":[[-80.40723150000001,26.07815102777778],[-80.42574777777779,26.078228527777778]]},"properties":{"style":"solid","thickness":1}},{"type":"Feature","geometry":{"type":"LineString","coordinates":[[-80.44426408333334,26.07830363888889],[-80.46278038888889,26.078376416666668]]},"properties":{"style":"solid","thickness":1}},{"type":"Feature","geometry":{"type":"LineString","coordinates":[[-80.48129675,26.078446805555554],[-80.49981311111111,26.078514805555557]]},"properties":{"style":"solid","thickness":1}},{"type":"Feature","geometry":{"type":"LineString","coordinates":[[-80.5183295,26.07858047222222],[-80.53684591666666,26.07864375]]},"properties":{"style":"solid","thickness":1}},{"type":"Feature","geometry":{"type":"LineString","coordinates":[[-80.52238055555556,26.078588888888888],[-80.52234555555556,26.08684961111111]]},"properties":{"style":"solid","thickness":1}},{"type":"Feature","geometry":{"type":"LineString","coordinates":[[-80.66180497222223,25.63333938888889],[-80.64341391666667,25.63414886111111]]},"properties":{"style":"solid","thickness":1}},{"type":"Feature","geometry":{"type":"LineString","coordinates":[[-80.47788275,25.64133036111111],[-80.4594891388889,25.64211675]]},"properties":{"style":"solid","thickness":1}},{"type":"Feature","geometry":{"type":"LineString","coordinates":[[-80.51466922222222,25.639750638888888],[-80.49627611111111,25.640541638888887]]},"properties":{"style":"solid","thickness":1}},{"type":"Feature","geometry":{"type":"LineString","coordinates":[[-80.55145469444444,25.638161666666665],[-80.53306208333333,25.638957305555554]]},"properties":{"style":"solid","thickness":1}},{"type":"Feature","geometry":{"type":"LineString","coordinates":[[-80.58823916666667,25.63656347222222],[-80.56984705555556,25.637363722222222]]},"properties":{"style":"solid","thickness":1}},{"type":"Feature","geometry":{"type":"LineString","coordinates":[[-80.62502258333333,25.634956055555556],[-80.606631,25.635760916666666]]},"properties":{"style":"solid","thickness":1}},{"type":"Feature","geometry":{"type":"LineString","coordinates":[[-80.11528194444443,26.254350444444444],[-80.10617941666666,26.243595305555555]]},"properties":{"style":"solid","thickness":1}},{"type":"Feature","geometry":{"type":"LineString","coordinates":[[-80.11661505555556,26.245939833333335],[-80.10602675,26.24465925]]},"properties":{"style":"solid","thickness":1}},{"type":"Feature","geometry":{"type":"LineString","coordinates":[[-80.11654808333333,26.24396988888889],[-80.10684408333333,26.250645333333335]]},"properties":{"style":"solid","thickness":1}},{"type":"Feature","geometry":{"type":"LineString","coordinates":[[-80.18086547222222,26.197574555555555],[-80.16266983333334,26.19936338888889]]},"properties":{"style":"solid","thickness":1}},{"type":"Feature","geometry":{"type":"LineString","coordinates":[[-80.17386783333333,26.19894325],[-80.16436072222223,26.192048694444445]]},"properties":{"style":"solid","thickness":1}},{"type":"Feature","geometry":{"type":"LineString","coordinates":[[-80.16653836111112,26.076949055555556],[-80.13912083333334,26.07679186111111]]},"properties":{"style":"solid","thickness":1}},{"type":"Feature","geometry":{"type":"LineString","coordinates":[[-80.1583488888889,26.06588663888889],[-80.133983,26.065742166666666]]},"properties":{"style":"solid","thickness":1}},{"type":"Feature","geometry":{"type":"LineString","coordinates":[[-80.24478177777777,26.002266166666665],[-80.23491458333334,26.002213083333334]]},"properties":{"style":"solid","thickness":1}},{"type":"Feature","geometry":{"type":"LineString","coordinates":[[-80.24422433333334,25.99822963888889],[-80.23431588888889,25.998176555555556]]},"properties":{"style":"solid","thickness":1}},{"type":"Feature","geometry":{"type":"LineString","coordinates":[[-80.24407666666667,25.99783052777778],[-80.24401633333333,26.00704725]]},"properties":{"style":"solid","thickness":1}},{"type":"Feature","geometry":{"type":"LineString","coordinates":[[-80.23966247222222,25.997531277777778],[-80.23960336111111,26.00650061111111]]},"properties":{"style":"solid","thickness":1}},{"type":"Feature","geometry":{"type":"LineString","coordinates":[[-80.28867230555555,25.912646666666664],[-80.26436283333334,25.913822083333333]]},"properties":{"style":"solid","thickness":1}},{"type":"Feature","geometry":{"type":"LineString","coordinates":[[-80.28877972222222,25.91060975],[-80.27120552777778,25.900741083333333]]},"properties":{"style":"solid","thickness":1}},{"type":"Feature","geometry":{"type":"LineString","coordinates":[[-80.28516797222223,25.899039583333334],[-80.27208008333334,25.89966663888889]]},"properties":{"style":"solid","thickness":1}},{"type":"Feature","geometry":{"type":"LineString","coordinates":[[-80.30154188888889,25.80289777777778],[-80.27543052777777,25.80397788888889]]},"properties":{"style":"solid","thickness":1}},{"type":"Feature","geometry":{"type":"LineString","coordinates":[[-80.31483813888889,25.78609502777778],[-80.27532530555555,25.787731333333333]]},"properties":{"style":"solid","thickness":1}},{"type":"Feature","geometry":{"type":"LineString","coordinates":[[-80.30228997222223,25.799285055555558],[-80.27752236111111,25.786617333333336]]},"properties":{"style":"solid","thickness":1}},{"type":"Feature","geometry":{"type":"LineString","coordinates":[[-80.301433,25.80069936111111],[-80.26953561111111,25.802018111111114]]},"properties":{"style":"solid","thickness":1}},{"type":"Feature","geometry":{"type":"LineString","coordinates":[[-80.44109527777778,25.642900833333332],[-80.42290666666668,25.643673777777778]]},"properties":{"style":"solid","thickness":1}},{"type":"Feature","geometry":{"type":"LineString","coordinates":[[-80.44079327777779,25.650570527777777],[-80.43113919444446,25.643892277777777]]},"properties":{"style":"solid","thickness":1}},{"type":"Feature","geometry":{"type":"LineString","coordinates":[[-80.44008375,25.652635333333333],[-80.42491488888889,25.653279194444444]]},"properties":{"style":"solid","thickness":1}},{"type":"Feature","geometry":{"type":"LineString","coordinates":[[-80.55509766666667,25.502732],[-80.54601236111111,25.502776861111112]]},"properties":{"style":"solid","thickness":1}},{"type":"Feature","geometry":{"type":"LineString","coordinates":[[-80.55706675,25.50208775],[-80.5569578611111,25.491086527777778]]},"properties":{"style":"solid","thickness":1}},{"type":"Feature","geometry":{"type":"LineString","coordinates":[[-80.27991183333333,25.31951638888889],[-80.2715461388889,25.32911777777778]]},"properties":{"style":"solid","thickness":1}},{"type":"Feature","geometry":{"type":"LineString","coordinates":[[-80.21113994444445,25.96620886111111],[-80.20861111111111,25.97111111111111],[-80.20506266666666,25.96615511111111]]},"properties":{"style":"solid","thickness":1}},{"type":"Feature","geometry":{"type":"LineString","coordinates":[[-80.50103516666667,26.01451075],[-80.48233383333333,26.015717916666667]]},"properties":{"style":"solid","thickness":1}},{"type":"Feature","geometry":{"type":"LineString","coordinates":[[-80.574535,25.84127513888889],[-80.55576091666667,25.842498194444442]]},"properties":{"style":"solid","thickness":1}},{"type":"Feature","geometry":{"type":"LineString","coordinates":[[-80.09514399999999,25.883796305555556],[-80.07645227777778,25.884951972222222]]},"properties":{"style":"solid","thickness":1}},{"type":"Feature","geometry":{"type":"LineString","coordinates":[[-80.16546930555556,25.842776444444443],[-80.14669797222223,25.843946527777778]]},"properties":{"style":"solid","thickness":1}},{"type":"Feature","geometry":{"type":"LineString","coordinates":[[-80.1978015,25.700478694444445],[-80.17893666666667,25.701660277777776]]},"properties":{"style":"solid","thickness":1}},{"type":"Feature","geometry":{"type":"LineString","coordinates":[[-80.41248180555556,25.691412805555554],[-80.39372283333334,25.692615472222222]]},"properties":{"style":"solid","thickness":1}},{"type":"Feature","geometry":{"type":"LineString","coordinates":[[-80.35175677777777,25.742824777777777],[-80.32710733333333,25.74439363888889]]},"properties":{"style":"solid","thickness":1}},{"type":"Feature","geometry":{"type":"LineString","coordinates":[[-80.44577447222223,25.82550036111111],[-80.42720333333334,25.826693916666667]]},"properties":{"style":"solid","thickness":1}},{"type":"Feature","geometry":{"type":"LineString","coordinates":[[-80.4221055,25.88222375],[-80.40341725,25.88342122222222]]},"properties":{"style":"solid","thickness":1}},{"type":"Feature","geometry":{"type":"LineString","coordinates":[[-80.12789277777777,25.600084972222223],[-80.10915247222222,25.60125077777778]]},"properties":{"style":"solid","thickness":1}},{"type":"Feature","geometry":{"type":"LineString","coordinates":[[-80.44581797222223,25.970962416666666],[-80.46023341666667,25.963630249999998]]},"properties":{"style":"solid","thickness":1}},{"type":"Feature","geometry":{"type":"LineString","coordinates":[[-80.33049555555556,26.284678333333336],[-80.32144647222222,26.29939663888889]]},"properties":{"style":"solid","thickness":1}},{"type":"Feature","geometry":{"type":"LineString","coordinates":[[-80.39413333333334,26.078083333333332],[-80.3940888888889,26.086431277777777]]},"properties":{"style":"solid","thickness":1}},{"type":"Feature","geometry":{"type":"LineString","coordinates":[[-80.3360111111111,26.077808333333333],[-80.33596258333333,26.086156277777775]]},"properties":{"style":"solid","thickness":1}},{"type":"Feature","geometry":{"type":"LineString","coordinates":[[-80.32941563888889,26.058435361111112],[-80.32936666666666,26.066783333333333]]},"properties":{"style":"solid","thickness":1}},{"type":"Feature","geometry":{"type":"LineString","coordinates":[[-80.09533644444444,25.813253444444445],[-80.09493024999999,25.804913222222222]]},"properties":{"style":"solid","thickness":1}},{"type":"Feature","geometry":{"type":"LineString","coordinates":[[-80.03591769444444,25.815620194444445],[-80.03551563888888,25.807279805555556]]},"properties":{"style":"solid","thickness":1}},{"type":"Feature","geometry":{"type":"LineString","coordinates":[[-79.97171547222223,25.81812025],[-79.97131788888889,25.80977975]]},"properties":{"style":"solid","thickness":1}},{"type":"Feature","geometry":{"type":"LineString","coordinates":[[-80.18087275,25.809836666666666],[-80.18046061111112,25.80149666666667]]},"properties":{"style":"solid","thickness":1}},{"type":"Feature","geometry":{"type":"LineString","coordinates":[[-80.22145469444445,25.808169944444444],[-80.22103975,25.799830055555557]]},"properties":{"style":"solid","thickness":1}},{"type":"Feature","geometry":{"type":"LineString","coordinates":[[-80.25108752777778,25.80277716666667],[-80.23263922222222,25.80353388888889]]},"properties":{"style":"solid","thickness":1}},{"type":"Feature","geometry":{"type":"LineString","coordinates":[[-80.21419080555556,25.80429061111111],[-80.19574236111112,25.805048833333334]]},"properties":{"style":"solid","thickness":1}},{"type":"Feature","geometry":{"type":"LineString","coordinates":[[-80.17729355555556,25.805802361111112],[-80.15884402777779,25.806543166666668]]},"properties":{"style":"solid","thickness":1}},{"type":"Feature","geometry":{"type":"LineString","coordinates":[[-80.14039425,25.80728161111111],[-80.12194427777777,25.808017777777778]]},"properties":{"style":"solid","thickness":1}},{"type":"Feature","geometry":{"type":"LineString","coordinates":[[-80.10349405555554,25.808751583333333],[-80.09513333333332,25.809083333333334],[-80.08504383333333,25.809486916666668]]},"properties":{"style":"solid","thickness":1}},{"type":"Feature","geometry":{"type":"LineString","coordinates":[[-80.06659352777777,25.81022313888889],[-80.04814302777777,25.810957055555555]]},"properties":{"style":"solid","thickness":1}},{"type":"Feature","geometry":{"type":"LineString","coordinates":[[-80.02969216666666,25.811685805555555],[-80.01124080555556,25.812406444444445]]},"properties":{"style":"solid","thickness":1}},{"type":"Feature","geometry":{"type":"LineString","coordinates":[[-79.99278922222223,25.81312477777778],[-79.97433747222222,25.81384075]]},"properties":{"style":"solid","thickness":1}},{"type":"Feature","geometry":{"type":"LineString","coordinates":[[-79.95588547222222,25.814554416666667],[-79.93743330555556,25.81526572222222]]},"properties":{"style":"solid","thickness":1}},{"type":"Feature","geometry":{"type":"LineString","coordinates":[[-79.91898091666667,25.815974722222222],[-79.90052833333334,25.816681388888888]]},"properties":{"style":"solid","thickness":1}},{"type":"Feature","geometry":{"type":"LineString","coordinates":[[-80.10088205555554,25.80689625],[-80.10127349999999,25.815237055555556]]},"properties":{"style":"solid","thickness":1}},{"type":"Feature","geometry":{"type":"LineString","coordinates":[[-80.33328327777778,25.785329],[-80.3383861111111,25.785116666666667],[-80.35172808333333,25.78455838888889]]},"properties":{"style":"solid","thickness":1}},{"type":"Feature","geometry":{"type":"LineString","coordinates":[[-80.3701726111111,25.783784611111113],[-80.38861688888889,25.783008499999998]]},"properties":{"style":"solid","thickness":1}},{"type":"Feature","geometry":{"type":"LineString","coordinates":[[-80.40706111111112,25.782233833333333],[-80.42550516666667,25.781458333333333]]},"properties":{"style":"solid","thickness":1}},{"type":"Feature","geometry":{"type":"LineString","coordinates":[[-80.44394897222223,25.780680527777776],[-80.46239255555555,25.779900388888887]]},"properties":{"style":"solid","thickness":1}},{"type":"Feature","geometry":{"type":"LineString","coordinates":[[-80.48083586111112,25.779117916666667],[-80.49927894444444,25.77833311111111]]},"properties":{"style":"solid","thickness":1}},{"type":"Feature","geometry":{"type":"LineString","coordinates":[[-80.51772174999999,25.777545999999997],[-80.53616433333333,25.776756555555554]]},"properties":{"style":"solid","thickness":1}},{"type":"Feature","geometry":{"type":"LineString","coordinates":[[-80.55460663888888,25.775964805555553],[-80.57304872222223,25.775170694444444]]},"properties":{"style":"solid","thickness":1}},{"type":"Feature","geometry":{"type":"LineString","coordinates":[[-80.59149052777778,25.774374277777778],[-80.60993205555555,25.773575555555556]]},"properties":{"style":"solid","thickness":1}},{"type":"Feature","geometry":{"type":"LineString","coordinates":[[-80.10616969444443,25.798786777777778],[-80.10576366666666,25.790446555555558]]},"properties":{"style":"solid","thickness":1}},{"type":"Feature","geometry":{"type":"LineString","coordinates":[[-80.04675094444444,25.801186861111113],[-80.04634905555555,25.792846472222223]]},"properties":{"style":"solid","thickness":1}},{"type":"Feature","geometry":{"type":"LineString","coordinates":[[-80.25687947222222,25.788491333333337],[-80.23843341666667,25.789248972222225]]},"properties":{"style":"solid","thickness":1}},{"type":"Feature","geometry":{"type":"LineString","coordinates":[[-80.2199871388889,25.790004305555556],[-80.2045138888889,25.790636111111112],[-80.20154063888889,25.790757583333335]]},"properties":{"style":"solid","thickness":1}},{"type":"Feature","geometry":{"type":"LineString","coordinates":[[-80.18309394444445,25.791509805555556],[-80.17555277777778,25.79181666666667],[-80.16464697222223,25.792257694444444]]},"properties":{"style":"solid","thickness":1}},{"type":"Feature","geometry":{"type":"LineString","coordinates":[[-80.14619966666667,25.793001833333335],[-80.12775216666665,25.79374363888889]]},"properties":{"style":"solid","thickness":1}},{"type":"Feature","geometry":{"type":"LineString","coordinates":[[-80.10930441666666,25.794483111111113],[-80.10596666666666,25.79461666666667],[-80.09085691666667,25.79522927777778]]},"properties":{"style":"solid","thickness":1}},{"type":"Feature","geometry":{"type":"LineString","coordinates":[[-80.07240927777778,25.79597511111111],[-80.05396141666667,25.796718611111114]]},"properties":{"style":"solid","thickness":1}},{"type":"Feature","geometry":{"type":"LineString","coordinates":[[-80.03551336111111,25.797459805555558],[-80.01706505555555,25.79819863888889]]},"properties":{"style":"solid","thickness":1}},{"type":"Feature","geometry":{"type":"LineString","coordinates":[[-79.99861655555556,25.79893516666667],[-79.98016783333334,25.799669361111114]]},"properties":{"style":"solid","thickness":1}},{"type":"Feature","geometry":{"type":"LineString","coordinates":[[-80.63695127777778,25.638608166666668],[-80.63650427777779,25.63026961111111]]},"properties":{"style":"solid","thickness":1}},{"type":"Feature","geometry":{"type":"LineString","coordinates":[[-80.63327558333333,25.672063361111114],[-80.63937180555556,25.68698036111111],[-80.64468244444446,25.702142138888888],[-80.64919530555557,25.71751472222222],[-80.65289997222223,25.73306361111111],[-80.65578777777779,25.74875397222222],[-80.65785194444445,25.764550555555555],[-80.65908752777779,25.780417944444444],[-80.6594913888889,25.796320444444447],[-80.65906233333334,25.81222236111111],[-80.65780097222223,25.82808797222222],[-80.65570980555556,25.843881555555555],[-80.65279319444446,25.85956763888889],[-80.64905741666668,25.875110916666667],[-80.64451055555556,25.890476361111112],[-80.63916250000001,25.905629416666667],[-80.63302502777778,25.92053591666667],[-80.62611169444443,25.935162305555554],[-80.61843777777777,25.949475555555555],[-80.61002027777778,25.963443444444444]]},"properties":{"style":"solid","thickness":1}},{"type":"Feature","geometry":{"type":"LineString","coordinates":[[-80.60977983333333,25.963443166666664],[-80.71343266666668,25.963505694444443],[-80.73949816666666,25.89288977777778],[-80.75127911111112,25.819210388888887],[-80.74842783333334,25.744807666666667],[-80.73106152777778,25.672040555555558],[-80.63327558333333,25.672063361111114],[-80.53126808333333,25.67201361111111],[-80.499764,25.631547166666667],[-80.46012461111111,25.59746969444444],[-80.41389433333335,25.571103722222222],[-80.36286955555555,25.553471833333333],[-80.3090295,25.545257472222225],[-80.25446061111111,25.546779],[-80.20127697222223,25.557977416666667],[-80.15612280555555,25.483979805555556],[-80.11152177777777,25.41069]]},"properties":{"style":"solid","thickness":1}},{"type":"Feature","geometry":{"type":"LineString","coordinates":[[-80.18842172222223,25.867613555555558],[-80.18145783333334,25.858744694444447],[-80.17543558333334,25.84932863888889],[-80.17040686111112,25.839446916666667],[-80.166415,25.829185111111112],[-80.16349425,25.818632]]},"properties":{"style":"solid","thickness":1}},{"type":"Feature","geometry":{"type":"LineString","coordinates":[[-79.97035577777778,25.9635615],[-79.9620746388889,25.94987961111111],[-79.9545093611111,25.93586338888889],[-79.94767616666667,25.921543361111112],[-79.94158966666667,25.90695075],[-79.93626286111112,25.89211727777778],[-79.93170702777778,25.877075277777777],[-79.92793183333333,25.861857472222223],[-79.92494516666667,25.846496944444443],[-79.92275322222223,25.83102713888889],[-79.92136044444445,25.815481666666667],[-79.92076955555557,25.799894305555558],[-79.92098150000001,25.78429888888889],[-79.92199555555555,25.768729305555553],[-79.92380916666667,25.753219333333334],[-79.92641813888889,25.73780261111111],[-79.92981644444446,25.72251261111111],[-79.93399644444445,25.707382444444445],[-79.93894883333334,25.692444916666666],[-79.94466252777778,25.67773238888889],[-79.95112491666667,25.66327672222222],[-79.95832175,25.649109194444446],[-79.96623716666667,25.63526047222222],[-79.97485383333334,25.621760527777777],[-79.98415288888889,25.608638555555558],[-79.994114,25.59592288888889],[-80.00471544444444,25.583641055555553],[-80.01593411111111,25.571819583333333],[-80.02774561111111,25.560483972222222],[-80.04012425,25.549658750000003],[-80.05304322222221,25.539367222222225],[-80.06647447222223,25.529631666666667],[-80.08038891666666,25.520473055555556],[-80.09475644444444,25.511911166666668],[-80.10954594444443,25.503964444444446],[-80.1247255,25.49665002777778],[-80.14026230555557,25.489983694444444],[-80.15612280555555,25.483979805555556]]},"properties":{"style":"solid","thickness":1}},{"type":"Feature","geometry":{"type":"LineString","coordinates":[[-80.60977983333333,25.963443166666664],[-80.49599944444445,25.963440388888888],[-80.45815875000001,25.994978722222225],[-80.41450316666668,26.0196415],[-80.36654105555554,26.036574861111113],[-80.31593252777778,26.045192194444446],[-80.26443094444444,26.045194972222223],[-80.21382127777778,26.036583055555557],[-80.16585694444446,26.019654888888887],[-80.12219808333333,25.994996833333335],[-80.08435324999999,25.963462555555555],[-79.86721558333333,25.96353961111111]]},"properties":{"style":"solid","thickness":1}},{"type":"Feature","geometry":{"type":"LineString","coordinates":[[-79.86721558333333,25.96353961111111],[-79.85986961111111,25.947410944444446],[-79.85327655555555,25.93101877777778],[-79.84744763888888,25.914391777777777],[-79.84239275,25.897559027777778],[-79.83812033333332,25.880549916666666],[-79.83463758333333,25.863394194444446],[-79.83195022222222,25.846121805555555],[-79.83006255555556,25.82876288888889],[-79.82897758333333,25.811347722222223],[-79.82869680555555,25.793906694444445],[-79.82922038888888,25.776470194444443],[-79.83054705555556,25.759068638888888],[-79.83267413888889,25.74173227777778],[-79.83559761111111,25.724491333333333],[-79.83931205555555,25.707375805555554],[-79.84381061111111,25.690415444444444],[-79.84908519444444,25.67363977777778],[-79.85512627777777,25.657077916666665],[-79.86192308333332,25.640758666666667],[-79.8694635,25.624710361111113],[-79.87773413888888,25.60896086111111],[-79.88672033333334,25.5935375],[-79.89640630555556,25.578467055555556],[-79.90677491666668,25.56377561111111],[-79.91780802777778,25.549488638888892],[-79.92948625000001,25.535630944444446],[-79.9417891388889,25.5222265],[-79.95469522222223,25.5092985],[-79.96818194444445,25.496869361111113],[-79.98222580555556,25.484960583333333],[-79.99680236111111,25.473592777777775],[-80.01188625,25.462785583333332],[-80.02745127777777,25.452557694444444],[-80.04347038888889,25.442926805555555],[-80.05991583333333,25.433909555555555],[-80.0767591111111,25.42552152777778],[-80.093971,25.417777222222224],[-80.11152177777777,25.41069]]},"properties":{"style":"solid","thickness":1}},{"type":"Feature","geometry":{"type":"LineString","coordinates":[[-80.05214897222221,25.82284375],[-80.06372444444445,25.867572722222224],[-80.18842172222223,25.867613555555558],[-80.3413036111111,25.867553416666667],[-80.39203611111112,25.86763038888889],[-80.51680094444444,25.867538361111112],[-80.52974941666666,25.808565861111113]]},"properties":{"style":"solid","thickness":1}},{"type":"Feature","geometry":{"type":"LineString","coordinates":[[-80.16145380555557,25.785172222222222],[-80.16624272222222,25.762377305555557],[-80.17590758333334,25.74088763888889],[-80.19006536111111,25.721549277777775],[-80.20815694444445,25.705123277777776],[-80.24585591666667,25.70508825],[-80.37228247222221,25.705093722222223],[-80.39221911111112,25.723637333333333],[-80.40717227777779,25.74569661111111],[-80.41640825,25.77019325]]},"properties":{"style":"solid","thickness":1}},{"type":"Feature","geometry":{"type":"LineString","coordinates":[[-80.39203611111112,25.86763038888889],[-80.40029222222223,25.856884972222225]]},"properties":{"style":"solid","thickness":1}},{"type":"Feature","geometry":{"type":"LineString","coordinates":[[-80.05044883333333,25.787660250000002],[-80.05639552777778,25.746924916666668],[-80.07067213888888,25.70792286111111],[-80.09276430555555,25.672038111111114],[-80.35871505555555,25.672054055555556],[-80.48768147222222,25.672031611111112],[-80.51124433333334,25.71105786111111],[-80.5255995,25.753599194444444]]},"properties":{"style":"solid","thickness":1}},{"type":"Feature","geometry":{"type":"LineString","coordinates":[[-80.42986033333334,26.08273075],[-80.44101777777779,26.100781833333336],[-80.4781625,26.083412555555554]]},"properties":{"style":"solid","thickness":1}},{"type":"Feature","geometry":{"type":"LineString","coordinates":[[-80.48194822222223,25.807359222222225],[-80.48386052777778,25.867577722222222],[-80.48441052777778,25.88460183333333]]},"properties":{"style":"solid","thickness":1}},{"type":"Feature","geometry":{"type":"LineString","coordinates":[[-80.48179669444444,25.765555583333335],[-80.47917972222223,25.706286388888888]]},"properties":{"style":"solid","thickness":1}},{"type":"Feature","geometry":{"type":"LineString","coordinates":[[-80.470096,25.907913916666665],[-80.43973961111111,25.941571055555556],[-80.43768144444445,25.938992666666667],[-80.40237261111112,25.91283772222222]]},"properties":{"style":"solid","thickness":1}},{"type":"Feature","geometry":{"type":"LineString","coordinates":[[-80.4085343888889,25.84266011111111],[-80.41259380555556,25.833215305555555],[-80.41573511111112,25.823488194444444],[-80.417935,25.81355163888889],[-80.41917719444444,25.80348011111111]]},"properties":{"style":"solid","thickness":1}},{"type":"Feature","geometry":{"type":"LineString","coordinates":[[-80.38044816666665,25.896587083333333],[-80.3413036111111,25.867553416666667]]},"properties":{"style":"solid","thickness":1}},{"type":"Feature","geometry":{"type":"LineString","coordinates":[[-80.51720583333334,26.05938011111111],[-80.53091697222222,26.04924025],[-80.54407355555556,26.038518805555558],[-80.55664538888888,26.027240416666665],[-80.56860380555555,26.015431027777776],[-80.5799215,26.003117777777778],[-80.5905726111111,25.990328972222223],[-80.60053294444444,25.97709397222222],[-80.60977983333333,25.963443166666664]]},"properties":{"style":"solid","thickness":1}},{"type":"Feature","geometry":{"type":"LineString","coordinates":[[-80.41523611111111,26.059061222222223],[-80.39564611111112,26.027337194444442]]},"properties":{"style":"solid","thickness":1}},{"type":"Feature","geometry":{"type":"LineString","coordinates":[[-80.71070916666667,25.853891194444447],[-80.6919346388889,25.85513175]]},"properties":{"style":"solid","thickness":1}},{"type":"Feature","geometry":{"type":"LineString","coordinates":[[-79.90965116666668,25.68770825],[-79.89089469444446,25.688846083333335]]},"properties":{"style":"solid","thickness":1}},{"type":"Feature","geometry":{"type":"LineString","coordinates":[[-80.51366625,25.83010561111111],[-80.49509511111111,25.831307805555554]]},"properties":{"style":"solid","thickness":1}},{"type":"Feature","geometry":{"type":"LineString","coordinates":[[-80.4979615,25.68906163888889],[-80.48429433333334,25.702706],[-80.46589791666666,25.713145833333332],[-80.44507,25.718681277777776],[-80.42336702777779,25.718899305555553],[-80.40241066666667,25.713783888888887],[-80.38376722222223,25.703717166666667],[-80.36882897222222,25.689450555555556],[-80.35871505555555,25.672054055555556]]},"properties":{"style":"solid","thickness":1}},{"type":"Feature","geometry":{"type":"LineString","coordinates":[[-80.84800272222222,25.780976916666667],[-80.84114330555555,25.774338277777776],[-80.8346596111111,25.768040805555554],[-80.83317555555556,25.766577583333333],[-80.83112833333333,25.764593083333335],[-80.82984280555556,25.76333425],[-80.82931247222221,25.762903527777777],[-80.82871536111111,25.762572555555554],[-80.82778644444444,25.762160583333333],[-80.82728327777778,25.762006638888888],[-80.8267063611111,25.761896222222223],[-80.82573074999999,25.761791555555554],[-80.82475997222222,25.761782055555557],[-80.82281927777777,25.761780305555554],[-80.82152227777777,25.761780583333334],[-80.81794188888888,25.761784555555554],[-80.81440172222221,25.76179697222222],[-80.81107213888889,25.761808583333334],[-80.80774597222222,25.76182875],[-80.80339030555555,25.761840972222224],[-80.79956430555555,25.761854027777776],[-80.79534636111111,25.761850972222224],[-80.79124755555556,25.761869027777777],[-80.78707577777777,25.761878555555555],[-80.78289655555555,25.761888],[-80.77855713888889,25.76189352777778],[-80.77428458333333,25.76188572222222],[-80.76994772222223,25.761903944444445],[-80.76585194444445,25.761891],[-80.76217266666667,25.761915583333334],[-80.75816819444445,25.76191511111111],[-80.75427966666666,25.761927166666666],[-80.75288177777777,25.761918472222224],[-80.7492195,25.761929694444444],[-80.74552986111111,25.76194088888889],[-80.74196275,25.76195597222222],[-80.738148,25.761950055555555],[-80.73413297222223,25.761953305555554],[-80.73020116666667,25.761964833333334],[-80.72580291666667,25.761973277777777],[-80.72134441666667,25.76197311111111],[-80.71684241666667,25.761972944444445],[-80.71267033333334,25.76198036111111],[-80.70971333333334,25.761975333333332],[-80.70663261111112,25.761983861111112],[-80.70258458333333,25.761994944444446],[-80.69870691666667,25.761997055555554],[-80.6945526388889,25.76199136111111],[-80.69044908333333,25.76200227777778],[-80.68622866666666,25.76200075],[-80.68212825,25.762007222222223],[-80.6786685,25.761995083333332],[-80.67662227777778,25.762000305555556],[-80.6762966388889,25.76198475],[-80.67586530555556,25.76194475],[-80.67552358333334,25.761892194444446],[-80.67506694444445,25.7617865],[-80.67460336111111,25.761652055555555],[-80.67388575000001,25.76138813888889],[-80.67349288888889,25.76124527777778],[-80.67312525,25.761145527777778],[-80.67285127777778,25.761086638888887],[-80.67252986111112,25.76103402777778],[-80.67216466666667,25.760991805555555],[-80.67171286111112,25.760966222222223],[-80.67111172222222,25.760965666666667],[-80.67000972222223,25.760964333333334],[-80.66821555555556,25.760965055555555],[-80.66628116666668,25.76096163888889],[-80.66434755555557,25.760958194444445],[-80.66229666666668,25.76095297222222],[-80.66024069444445,25.76094977777778],[-80.65818508333334,25.76095397222222],[-80.65614827777779,25.760948638888888],[-80.65432266666667,25.760950972222222],[-80.65238225,25.760953555555556],[-80.65021961111111,25.7609505],[-80.64806163888889,25.76095147222222],[-80.64598277777779,25.760954305555554],[-80.64382883333334,25.760953166666667],[-80.64164172222223,25.76095825],[-80.63958477777778,25.760954777777776],[-80.63753733333334,25.760953305555557],[-80.63559786111112,25.760951555555554],[-80.63365758333335,25.760951833333333],[-80.63154225,25.7609525],[-80.6274825,25.760947833333333],[-80.62355116666666,25.7609435],[-80.61929041666666,25.76094408333333],[-80.61506191666666,25.760948833333334],[-80.61083422222222,25.760940444444444]]},"properties":{"style":"solid","thickness":1}},{"type":"Feature","geometry":{"type":"LineString","coordinates":[[-80.3299618611111,25.286732361111113],[-80.32895788888888,25.287098750000002],[-80.30759891666666,25.300392333333335],[-80.29938338888888,25.310610611111112],[-80.28955549999999,25.323932833333334],[-80.27971408333333,25.33129838888889],[-80.27580808333333,25.33968686111111],[-80.27476119444444,25.3463265],[-80.26696352777778,25.352412027777778],[-80.25989377777778,25.35180811111111],[-80.25726463888888,25.350299444444445],[-80.25875572222222,25.349133944444443],[-80.26018744444444,25.346074027777778],[-80.25738227777778,25.34294113888889],[-80.25261494444445,25.340085194444445],[-80.25308719444445,25.338009555555555],[-80.25565483333334,25.335217444444442],[-80.25879497222222,25.32678836111111],[-80.2605818888889,25.324098111111113],[-80.27040052777778,25.319791333333335],[-80.27576144444444,25.310854444444445],[-80.27921183333333,25.299248194444445],[-80.29254080555556,25.277561666666667],[-80.30388116666667,25.261534166666667]]},"properties":{"style":"solid","thickness":1}},{"type":"Feature","geometry":{"type":"LineString","coordinates":[[-80.23972908333333,25.358393194444446],[-80.24106352777778,25.355771500000003],[-80.24109425,25.35386680555556],[-80.23925722222222,25.351472194444447],[-80.23975675,25.35018863888889],[-80.24381044444445,25.34703175],[-80.24962986111112,25.34448575],[-80.25107380555555,25.345396972222222],[-80.25210041666666,25.34798697222222],[-80.25412977777778,25.351387666666668],[-80.25771308333333,25.352965194444447],[-80.25873130555556,25.354753055555555],[-80.25857947222222,25.363887861111113],[-80.25461505555556,25.367331083333333],[-80.2539746111111,25.369181944444446],[-80.25629377777778,25.373085833333334],[-80.25533572222223,25.38135275],[-80.24950736111111,25.38691063888889],[-80.24971961111112,25.395003888888887],[-80.24324825000001,25.399021027777778],[-80.24077947222223,25.398688444444446],[-80.23798208333334,25.39442922222222],[-80.23348691666666,25.390677944444445],[-80.22886069444445,25.38319813888889],[-80.23385908333333,25.370466222222223],[-80.23972908333333,25.358393194444446]]},"properties":{"style":"solid","thickness":1}},{"type":"Feature","geometry":{"type":"LineString","coordinates":[[-80.18563069444444,25.467506888888888],[-80.18979416666667,25.46095638888889],[-80.18965069444445,25.45394163888889],[-80.19789711111112,25.435208194444446],[-80.2034781388889,25.425813416666667],[-80.20328500000001,25.415439944444444],[-80.205297,25.411258555555555],[-80.22149952777778,25.39698336111111],[-80.22780405555555,25.39071386111111],[-80.22964091666667,25.392476249999998],[-80.23260197222223,25.39612988888889],[-80.23627091666667,25.39777322222222],[-80.23623494444445,25.399883499999998],[-80.23410138888889,25.402151666666665],[-80.222418,25.40573983333333],[-80.21116172222223,25.41268186111111],[-80.20950527777778,25.4270895],[-80.20482219444445,25.434384916666666],[-80.19705394444445,25.45443152777778],[-80.19231247222223,25.47196086111111],[-80.18734425000001,25.482925111111108],[-80.18152883333333,25.490189861111112],[-80.18122355555556,25.493619666666667],[-80.18928666666667,25.49675702777778],[-80.19013194444445,25.503102388888887],[-80.18873177777778,25.505959555555556],[-80.18790430555556,25.50661486111111],[-80.18376375,25.507318277777777],[-80.18097677777779,25.509929666666668],[-80.17810975,25.517405333333333],[-80.17581047222222,25.525215749999997],[-80.17346963888889,25.525214583333334],[-80.17220850000001,25.523493],[-80.17521186111112,25.51743861111111],[-80.17801683333334,25.50165527777778],[-80.17692625000001,25.484820722222224],[-80.18563069444444,25.467506888888888]]},"properties":{"style":"solid","thickness":1}},{"type":"Feature","geometry":{"type":"LineString","coordinates":[[-80.15722630555557,25.72012558333333],[-80.16130352777779,25.71616013888889],[-80.17601111111112,25.710606444444444],[-80.17629269444446,25.709056472222223],[-80.16907988888889,25.706229583333332],[-80.16701938888889,25.701464722222223],[-80.17314922222222,25.69510947222222],[-80.17904961111111,25.686226083333334],[-80.17567075000001,25.685058972222222],[-80.16278966666667,25.674753444444445],[-80.16012644444444,25.666874472222222],[-80.15816005555556,25.66508636111111],[-80.15565705555557,25.666410388888888],[-80.152782,25.67192355555556],[-80.15660969444446,25.68799811111111],[-80.1565068888889,25.693883805555554],[-80.15253111111112,25.705442027777778],[-80.14939258333334,25.715748694444443]]},"properties":{"style":"solid","thickness":1}},{"type":"Feature","geometry":{"type":"LineString","coordinates":[[-80.0804345,26.260422055555555],[-80.08058055555556,26.2588075],[-80.08788316666666,26.239200805555555],[-80.08895455555555,26.23070347222222]]},"properties":{"style":"solid","thickness":1}},{"type":"Feature","geometry":{"type":"LineString","coordinates":[[-80.09868219444444,26.26662038888889],[-80.09931933333333,26.262172083333333],[-80.09967638888888,26.25919627777778],[-80.10012108333333,26.256446694444445],[-80.10057997222222,26.253281555555557],[-80.10088138888888,26.251149055555555],[-80.10127883333332,26.248277194444444],[-80.10162808333332,26.245875833333333],[-80.10202575,26.242820611111114],[-80.10245027777778,26.239912083333333],[-80.10273830555555,26.237651222222222],[-80.10282772222222,26.2367835],[-80.10285663888888,26.235640694444445],[-80.1028588611111,26.234259472222224],[-80.1028483611111,26.232371027777777],[-80.10275013888888,26.23029297222222],[-80.10263263888888,26.227585416666663],[-80.10258702777777,26.226473055555555],[-80.10259458333333,26.22599025],[-80.10271066666667,26.22537925],[-80.10283341666666,26.224817166666664],[-80.10317355555554,26.223809194444442],[-80.10365658333333,26.222349166666664],[-80.10437744444444,26.220339416666665],[-80.10512558333333,26.218170805555555],[-80.10549983333333,26.216985638888886],[-80.10584044444444,26.215647666666666],[-80.10618097222222,26.21434633333333],[-80.10650119444443,26.21305111111111],[-80.10695772222222,26.211169333333334],[-80.10738730555555,26.209208083333333],[-80.10793227777778,26.207026944444443],[-80.10832072222222,26.20536511111111],[-80.10891333333333,26.202994555555556],[-80.10932180555555,26.20149163888889],[-80.10961402777777,26.2007525],[-80.11000802777777,26.1998485],[-80.11057855555555,26.19858411111111],[-80.11163122222221,26.19629972222222],[-80.1125616111111,26.194296277777777],[-80.11362083333333,26.19210963888889],[-80.11490394444444,26.189526027777777],[-80.11543327777777,26.188603833333335],[-80.11615238888888,26.187480166666667],[-80.11685808333333,26.18627091666667],[-80.11827555555556,26.18429247222222],[-80.11881819444444,26.183474194444443],[-80.11902855555554,26.18310163888889],[-80.11922541666667,26.182704611111113],[-80.11949044444444,26.181959305555555],[-80.11953822222222,26.181684361111113],[-80.11960669444444,26.181146611111114],[-80.1196088611111,26.179667611111114],[-80.11951705555555,26.17765677777778],[-80.11944799999999,26.173983638888892],[-80.11943569444443,26.173140222222223],[-80.11939,26.17200341666667],[-80.119256,26.17108038888889],[-80.11899305555555,26.170413916666668],[-80.11872324999999,26.16980852777778],[-80.11829788888888,26.169160194444444],[-80.11743355555555,26.167894055555557],[-80.11669055555555,26.166970305555555],[-80.1163395,26.16640761111111],[-80.11613044444444,26.165924527777776],[-80.11594155555555,26.165533166666666],[-80.11583419444443,26.16492797222222],[-80.11571997222222,26.164377805555553],[-80.11570725,26.16383997222222],[-80.1158098611111,26.163100583333332],[-80.11612283333332,26.16195808333333],[-80.11647655555555,26.160723972222222],[-80.11744238888888,26.15736375],[-80.11819741666666,26.154693888888886],[-80.11885724999999,26.152311138888887],[-80.1194078611111,26.150588305555555],[-80.1198158611111,26.149189222222223],[-80.11996608333332,26.148260444444443],[-80.1200755,26.147453833333334],[-80.1201446111111,26.146463833333332],[-80.12016647222221,26.145400444444444],[-80.12012849999999,26.143591333333333],[-80.12005527777777,26.14099033333333],[-80.12004974999999,26.140134694444445],[-80.12003511111111,26.139572416666667],[-80.12004725,26.13919175],[-80.12010563888889,26.138922916666665],[-80.12020258333332,26.138727444444445],[-80.12031883333333,26.138538999999998],[-80.12067519444444,26.138071444444446],[-80.12109722222222,26.137628416666665],[-80.12121330555554,26.13755172222222],[-80.12134091666665,26.137527416666668],[-80.12262066666666,26.137434638888887],[-80.12509497222221,26.137360666666666],[-80.12940180555555,26.137229388888887],[-80.13418797222224,26.13710547222222],[-80.13548311111111,26.137078944444443],[-80.13587361111112,26.137040944444443],[-80.13621394444445,26.136936527777777],[-80.13649627777778,26.13684602777778],[-80.13680580555557,26.136654305555556],[-80.13708827777778,26.136466],[-80.13723150000001,26.136316],[-80.13739030555556,26.136082166666665],[-80.13756083333334,26.135750583333333],[-80.13764633333334,26.135408416666667],[-80.13767763888889,26.135129055555556],[-80.13761011111112,26.133560916666667],[-80.13756911111112,26.132387416666667],[-80.13753630555556,26.130875194444446],[-80.13745361111111,26.129097472222224],[-80.13740536111112,26.127553805555557],[-80.13734908333333,26.12626852777778],[-80.13730508333335,26.124452444444444],[-80.13727597222223,26.123065944444445],[-80.1372125,26.121368583333332],[-80.1371791388889,26.12027541666667],[-80.13715686111112,26.119576916666666],[-80.13713869444445,26.118689833333335],[-80.13710780555556,26.11572825],[-80.13706780555556,26.113817861111112],[-80.13703483333335,26.111270472222223],[-80.13697016666667,26.109009055555557],[-80.13690658333334,26.105928694444447],[-80.13684863888889,26.103710083333336],[-80.13675875000001,26.10007352777778],[-80.13669447222223,26.097512666666667],[-80.13657105555556,26.09366825],[-80.13655275,26.092152527777777],[-80.13650694444445,26.09100347222222],[-80.13646766666668,26.09001333333333],[-80.13636102777778,26.08882144444444],[-80.13614625000001,26.08759275],[-80.13592458333333,26.086474055555556],[-80.1353258888889,26.084089833333334],[-80.13472744444445,26.08152836111111]]},"properties":{"style":"solid","thickness":1}},{"type":"Feature","geometry":{"type":"LineString","coordinates":[[-80.14085647222223,26.064917],[-80.14181430555556,26.064054722222224],[-80.14220025,26.063615055555555],[-80.14259311111111,26.063053194444446],[-80.14303336111112,26.062442472222223],[-80.14328402777778,26.06203936111111],[-80.14352127777778,26.061556777777778],[-80.14371619444445,26.060933555555557],[-80.14377833333334,26.060675194444446],[-80.14384061111112,26.060301555555558],[-80.14387597222223,26.059833611111113],[-80.14384316666667,26.058261972222223],[-80.14374569444445,26.055911472222224],[-80.14369802777779,26.053867333333333],[-80.14363766666668,26.05270977777778],[-80.14361933333333,26.05149241666667],[-80.1435766388889,26.049899305555556],[-80.1435318888889,26.04862402777778],[-80.14352402777779,26.04785766666667],[-80.14348997222223,26.046843833333334],[-80.14345813888889,26.045839972222225],[-80.14345672222223,26.045195361111112],[-80.14343358333333,26.04429127777778],[-80.14341502777778,26.043267472222222],[-80.14337902777778,26.042050083333336],[-80.14336216666668,26.041413444444448],[-80.14335619444445,26.040898555555557],[-80.14334358333333,26.04039163888889],[-80.14333552777778,26.039778944444446],[-80.14335408333334,26.0390705],[-80.1433488888889,26.03794291666667],[-80.14333180555556,26.036606805555557],[-80.14328416666667,26.03456016666667],[-80.14329325000001,26.0334775],[-80.14329102777778,26.03217133333333],[-80.14327747222222,26.030683527777775],[-80.14329041666667,26.02960786111111],[-80.14328377777778,26.02874522222222],[-80.1432733888889,26.027777805555555],[-80.14326683333334,26.026848805555556],[-80.14327266666668,26.025287666666667],[-80.14322758333334,26.024281805555553],[-80.14326047222222,26.022703222222223],[-80.14324997222222,26.021840583333333],[-80.1432513888889,26.020723],[-80.14322936111112,26.019821916666665],[-80.14323472222223,26.01863447222222],[-80.14320486111112,26.017795749999998],[-80.14319025,26.01714913888889],[-80.14304619444445,26.01263963888889],[-80.14295086111112,26.00784786111111],[-80.14288833333335,26.00613736111111],[-80.14282669444445,26.004268333333332],[-80.1427973888889,26.002585416666665],[-80.14273430555556,26.00054575],[-80.14271405555556,25.998240694444444],[-80.14268116666668,25.996770305555557],[-80.14264105555556,25.994901805555557],[-80.14259297222223,25.99322536111111],[-80.14251072222223,25.991105333333334],[-80.14248061111111,25.989851666666667],[-80.14245183333334,25.98817175],[-80.14240347222223,25.985975777777778],[-80.14237783333334,25.984869500000002],[-80.14230450000001,25.984099333333333],[-80.14221083333334,25.983365833333334],[-80.14219197222224,25.98224122222222],[-80.14218013888889,25.980927166666664],[-80.1421378888889,25.978892111111108],[-80.14205830555557,25.977724666666663],[-80.14203938888889,25.976655055555554],[-80.14206102777779,25.975573277777777],[-80.14215741666668,25.974921166666665],[-80.14240972222223,25.973835249999997],[-80.1427661388889,25.972864694444443],[-80.14352105555557,25.97118558333333],[-80.14459005555557,25.968930416666666],[-80.14553822222223,25.967030583333333],[-80.14618819444445,25.96586386111111],[-80.14639725,25.965387333333332],[-80.14659861111112,25.964881138888888],[-80.14669561111111,25.964486583333333],[-80.14682352777778,25.964043166666666],[-80.14692844444446,25.963487944444445],[-80.14700225,25.96311083333333],[-80.14703027777779,25.96229361111111],[-80.14702750000001,25.961406527777775],[-80.1469873888889,25.959506555555556],[-80.14692536111112,25.958133916666664],[-80.1467926388889,25.95541586111111],[-80.14679155555557,25.954499833333333],[-80.14673402777778,25.952847805555553],[-80.14668708333333,25.951560527777776],[-80.14665541666668,25.950410944444442],[-80.14668980555557,25.94934727777778],[-80.14673900000001,25.94880447222222],[-80.14679475000001,25.94829961111111],[-80.14690805555556,25.947629166666665],[-80.14716277777778,25.946755305555556],[-80.14740652777779,25.9458375],[-80.14769202777778,25.945029527777777],[-80.14799983333334,25.944008],[-80.14823447222223,25.94330175],[-80.14860416666667,25.94217652777778],[-80.14879891666668,25.941613916666668],[-80.1490005,25.940885694444443],[-80.14927058333333,25.94004575],[-80.1494498888889,25.939497111111113],[-80.14963808333334,25.93888461111111],[-80.14989050000001,25.938052638888887],[-80.15001661111111,25.937721472222222],[-80.15038194444445,25.93651638888889],[-80.15064322222223,25.935636527777778],[-80.15084905555557,25.935016055555558],[-80.15117680555556,25.933890777777776],[-80.15137830555557,25.933208444444446],[-80.15150452777779,25.932753555555557],[-80.15196802777778,25.93139477777778],[-80.15213069444445,25.930909472222222],[-80.15235511111112,25.930431222222225],[-80.15260658333334,25.929886638888892],[-80.15273044444444,25.929575916666668],[-80.15295122222223,25.928895083333334],[-80.15309841666667,25.928444694444444],[-80.15331152777779,25.927694000000002],[-80.15357497222223,25.926828083333334],[-80.15361352777778,25.926711972222222]]},"properties":{"style":"solid","thickness":1}},{"type":"Feature","geometry":{"type":"LineString","coordinates":[[-80.12465333333333,26.287378611111112],[-80.12490533333333,26.28643163888889],[-80.12506905555554,26.285625111111113],[-80.12517822222222,26.285069111111113],[-80.12521302777778,26.284409111111113],[-80.12524808333333,26.283578000000002],[-80.12518386111111,26.281108916666664],[-80.12513277777776,26.278908722222223],[-80.12509474999999,26.27707525],[-80.12505122222221,26.274337277777775],[-80.12505302777777,26.273084416666666],[-80.12514241666666,26.27213725],[-80.12534702777778,26.271141333333333],[-80.12559202777777,26.270310444444444],[-80.12580272222222,26.26978511111111],[-80.1259881111111,26.269378472222222],[-80.12628305555555,26.268802583333333],[-80.12645766666667,26.268485],[-80.12678347222221,26.267982472222222],[-80.12706655555554,26.267588166666666],[-80.12736122222222,26.26720086111111],[-80.12790391666665,26.26657638888889],[-80.12906680555555,26.26525063888889],[-80.12988858333333,26.264301666666668],[-80.13064055555554,26.263436416666668],[-80.13139255555555,26.262567694444446],[-80.13217163888888,26.261674527777778],[-80.13321819444444,26.260453388888887],[-80.13425691666667,26.259260166666667],[-80.13490030555556,26.258541472222223],[-80.13525302777778,26.25812277777778],[-80.13553216666668,26.257738916666668],[-80.13578811111111,26.25733061111111],[-80.13598986111111,26.256939694444444],[-80.13611405555557,26.256670916666668],[-80.13622272222223,26.256437055555555],[-80.13636647222224,26.256004166666667],[-80.13649086111111,26.25558175],[-80.13658438888889,26.255085944444446],[-80.13665091666667,26.254541222222223],[-80.13666686111112,26.254185027777776],[-80.13664591666668,26.252463305555555],[-80.13662391666668,26.251544805555554],[-80.1366256388889,26.25025266666667],[-80.1366268888889,26.24930277777778],[-80.13661219444445,26.248698583333333],[-80.13659483333333,26.247207361111112],[-80.13658438888889,26.246334305555557],[-80.13657119444446,26.244602111111114],[-80.13654955555556,26.243404222222225],[-80.1365475,26.242049222222224],[-80.13652288888889,26.240177333333335],[-80.13650208333334,26.238361305555557],[-80.13651169444445,26.236932972222224],[-80.13648652777779,26.23548713888889],[-80.13646161111112,26.233856222222222],[-80.1364596388889,26.232424388888887],[-80.13644233333333,26.23089125],[-80.13641397222223,26.228932027777777],[-80.13639716666667,26.227011249999997],[-80.13638386111111,26.22536986111111],[-80.13638186111112,26.22395897222222],[-80.13637227777778,26.222432805555552],[-80.13637436111112,26.220861277777775],[-80.13633105555556,26.217044138888888],[-80.13629280555556,26.21525952777778],[-80.13630711111112,26.21467283333333],[-80.13632797222223,26.2142695],[-80.1363623888889,26.21384172222222],[-80.13646480555556,26.213169583333332],[-80.13668258333334,26.212314194444442],[-80.13684580555557,26.211745999999998],[-80.1371446388889,26.211012944444445],[-80.13751119444446,26.210243277777778],[-80.13788430555556,26.20965697222222],[-80.13809458333334,26.209327166666665],[-80.138637,26.208673805555556],[-80.13900311111112,26.208240277777776],[-80.13980972222222,26.207416055555555],[-80.1407246388889,26.206610305555554],[-80.14191075000001,26.205456444444444],[-80.14440472222223,26.203154972222222],[-80.14579402777778,26.201836277777776],[-80.146736,26.20096938888889],[-80.14798291666668,26.19982166666667],[-80.14860641666667,26.19920502777778],[-80.14906058333334,26.198655444444444],[-80.1495283888889,26.19804475],[-80.14992169444444,26.197452305555554],[-80.15048472222223,26.19643222222222],[-80.15084441666667,26.195662527777777],[-80.151055,26.19503322222222],[-80.15135413888889,26.19391511111111],[-80.15149044444445,26.193145194444444],[-80.15166105555556,26.191965805555554],[-80.15177100000001,26.19060302777778],[-80.15192877777778,26.188836944444446],[-80.15210066666667,26.186581944444445],[-80.15229988888889,26.184113055555557],[-80.15241491666667,26.183323027777778],[-80.15257027777778,26.182743444444444],[-80.15281469444444,26.182104583333334],[-80.15327625,26.1809805],[-80.15363686111111,26.180170611111112],[-80.1548963888889,26.17741552777778],[-80.15666405555557,26.173343805555557],[-80.15762911111112,26.17125913888889],[-80.15838905555556,26.169505805555556],[-80.15897266666667,26.16805788888889],[-80.15988161111112,26.166151888888887],[-80.16036975,26.16534561111111],[-80.1610001388889,26.164386666666665],[-80.16197611111112,26.163006333333332],[-80.16207536111112,26.16285225]]},"properties":{"style":"solid","thickness":1}},{"type":"Feature","geometry":{"type":"LineString","coordinates":[[-80.20161350000001,25.933847166666666],[-80.19999150000001,25.935227444444443],[-80.19831544444445,25.936595416666666],[-80.19786944444445,25.936906833333335],[-80.19728155555556,25.937254833333334],[-80.19676127777778,25.937529527777777],[-80.19623430555556,25.937724777777778],[-80.19498444444444,25.938157888888888],[-80.19381566666667,25.938554361111112],[-80.19298458333334,25.938938833333335],[-80.19193716666668,25.93957986111111],[-80.19038936111112,25.940850083333334],[-80.18959177777778,25.94154013888889],[-80.18832780555556,25.94258438888889],[-80.18801680555556,25.942914194444445],[-80.1876111388889,25.943384527777777],[-80.18721888888889,25.943928222222223],[-80.18684680555556,25.944606361111113],[-80.18635961111111,25.945577805555555],[-80.18605511111112,25.94619488888889],[-80.18554102777779,25.946995166666667],[-80.18522322222222,25.947386083333335],[-80.18478372222222,25.947880833333333],[-80.18379675,25.948747972222222],[-80.18249208333334,25.94984102777778],[-80.17974072222222,25.952124777777776],[-80.17826019444445,25.95338877777778],[-80.17730705555556,25.954115333333334],[-80.17619169444446,25.954909],[-80.17461669444445,25.955983416666665],[-80.17179800000001,25.957796333333334],[-80.17002697222223,25.958925555555556],[-80.16884402777778,25.959664083333333],[-80.16817469444445,25.960195249999998],[-80.16779605555556,25.960531083333333],[-80.16728883333334,25.961050166666666],[-80.16683561111111,25.96163038888889],[-80.16640255555556,25.962302333333334],[-80.16605050000001,25.963041555555556],[-80.16572519444445,25.964000833333333],[-80.16550111111111,25.965074805555556],[-80.16539341666667,25.966283333333333],[-80.16536866666667,25.967320805555556],[-80.16538175000001,25.968753555555555],[-80.16552194444445,25.970315277777775],[-80.16586075000001,25.97410186111111],[-80.16608319444445,25.976166361111108],[-80.16608191666667,25.977364277777777],[-80.16603286111112,25.979000694444444],[-80.16590155555556,25.980187805555556],[-80.16567494444445,25.982016583333333],[-80.16561430555556,25.983417666666668],[-80.16570641666667,25.985749444444444],[-80.16579705555556,25.98945025],[-80.16603877777779,25.995621916666668],[-80.16609572222222,25.997664833333335],[-80.16631922222223,25.99877738888889],[-80.16684855555556,26.001441083333333],[-80.16696541666667,26.002756777777776],[-80.16702297222223,26.004243527777778],[-80.16686711111112,26.00623277777778],[-80.1667343888889,26.00872477777778],[-80.16679097222223,26.011109972222222],[-80.1668366388889,26.012660888888888],[-80.16697694444444,26.0141905],[-80.16722222222222,26.017110638888887],[-80.16732288888889,26.02257622222222],[-80.16727466666667,26.023442527777778],[-80.16713169444445,26.024404999999998],[-80.16682288888889,26.025602666666664],[-80.16646702777778,26.02655425],[-80.1656131388889,26.028660555555554],[-80.16490105555556,26.03084186111111],[-80.16430702777778,26.03324786111111],[-80.16394944444446,26.035728916666667],[-80.16354394444446,26.038766138888892],[-80.16318602777778,26.041535972222224],[-80.16279202777778,26.044819194444447],[-80.16239866666668,26.04751413888889],[-80.16211225,26.049781333333335],[-80.16206347222223,26.051096861111112],[-80.16213591666667,26.05274263888889],[-80.16231094444446,26.054967472222224],[-80.16259180555556,26.05776997222222],[-80.16333416666667,26.060540777777778],[-80.16439497222223,26.0642745],[-80.1653265,26.067270083333334],[-80.16616347222222,26.070190694444445],[-80.16734333333333,26.073411083333333],[-80.16813388888889,26.075561555555556],[-80.16860538888889,26.077316055555556],[-80.16872258333333,26.078385694444446],[-80.168828,26.07942325],[-80.16879119444445,26.080685305555555],[-80.16871913888889,26.081679916666666],[-80.16852686111112,26.084481999999998],[-80.16841694444444,26.087722638888888],[-80.16848569444446,26.0898725],[-80.16878100000001,26.094476027777777],[-80.16884536111111,26.09757472222222],[-80.16889091666667,26.099292166666665],[-80.16888952777778,26.10060616666667],[-80.16886033333334,26.102659694444444],[-80.16876322222222,26.104975944444448],[-80.16874930555556,26.10534875],[-80.16866652777779,26.106894944444445],[-80.16861086111112,26.108373916666668],[-80.16862255555556,26.110127972222223],[-80.16876205555556,26.112542222222224],[-80.16884738888889,26.11501141666667],[-80.16882569444445,26.116362083333335],[-80.16874158333334,26.119161166666668],[-80.16870663888889,26.120230666666668],[-80.16873952777779,26.12111688888889],[-80.16887308333334,26.12279161111111],[-80.1692281388889,26.126092222222223],[-80.16933530555556,26.12711297222222],[-80.16936083333334,26.128579777777777],[-80.16936663888889,26.12950263888889],[-80.169397,26.132815194444444],[-80.16937402777778,26.135382083333333],[-80.16941233333334,26.137582305555554],[-80.16941111111112,26.13874963888889],[-80.16943019444444,26.13990475],[-80.16956994444445,26.14213561111111],[-80.16970333333335,26.144005888888888],[-80.16973669444445,26.144445972222222],[-80.16966808333333,26.145350444444443],[-80.16960644444445,26.14608377777778],[-80.16948394444445,26.146774277777777],[-80.16929369444445,26.14752586111111],[-80.16910366666667,26.14808797222222],[-80.1688865,26.14872338888889],[-80.16850669444445,26.149572583333335],[-80.16760458333334,26.151661999999998],[-80.16647872222222,26.15418511111111],[-80.16584797222222,26.15555969444444]]},"properties":{"style":"solid","thickness":1}},{"type":"Feature","geometry":{"type":"LineString","coordinates":[[-80.15807897222223,25.90805013888889],[-80.15845850000001,25.906809777777777],[-80.15887886111112,25.905294388888887],[-80.1593938888889,25.903638527777776],[-80.15981405555556,25.902245388888886],[-80.16024102777779,25.900827805555554],[-80.16072202777778,25.89936747222222],[-80.16137930555556,25.897241083333334],[-80.16205025000001,25.894955833333334],[-80.16284308333334,25.892297833333334],[-80.16362219444446,25.889817055555554],[-80.16394247222223,25.888870861111112],[-80.16415950000001,25.88796647222222],[-80.16459311111112,25.886538388888887],[-80.1650421388889,25.88509986111111],[-80.165402,25.884090805555555],[-80.16598205555556,25.88277811111111],[-80.16650802777778,25.88151775],[-80.167123,25.880013],[-80.16787697222223,25.878340694444447],[-80.16825208333334,25.87746438888889],[-80.16854572222223,25.877014083333332],[-80.16894741666667,25.876525472222223],[-80.16947269444445,25.875876305555558],[-80.17027222222222,25.874871111111112],[-80.17103308333334,25.87394272222222],[-80.17165872222223,25.873230777777778],[-80.17225352777778,25.87245241666667],[-80.17267833333334,25.871963805555556],[-80.17339672222222,25.87104586111111],[-80.17394511111111,25.870389694444444],[-80.17469822222223,25.869443833333335],[-80.17533541666667,25.868679472222222],[-80.17605377777778,25.867740527777777],[-80.17716211111112,25.86639677777778],[-80.1782125,25.865105361111112],[-80.17895397222223,25.864152472222223],[-80.1792745,25.863737111111114],[-80.18008155555556,25.86277027777778],[-80.18076111111111,25.861995444444446],[-80.18146386111111,25.86115777777778],[-80.18230180555555,25.860121111111113],[-80.18333666666668,25.85882266666667],[-80.18409725000001,25.85797802777778],[-80.18434822222223,25.857677861111114],[-80.1845606388889,25.857360194444446],[-80.18468261111111,25.857109805555556],[-80.18481516666667,25.856762638888892],[-80.18488152777778,25.856505222222225],[-80.1849325,25.856191944444447],[-80.18493736111111,25.855697000000003],[-80.18490958333334,25.854721055555558],[-80.18489047222222,25.853932694444445],[-80.18484716666667,25.8530705],[-80.18479077777778,25.85205461111111],[-80.184752,25.85109063888889],[-80.18471311111111,25.850224444444446],[-80.18466683333334,25.84894586111111],[-80.18461519444445,25.847554777777777],[-80.18458741666667,25.846596777777776],[-80.1845441388889,25.845734583333332],[-80.18451175,25.84499811111111],[-80.18448169444444,25.84410997222222],[-80.18443416666668,25.843080138888887],[-80.18440211111111,25.84196847222222],[-80.18433936111111,25.84070511111111],[-80.18431163888889,25.839695222222222],[-80.18428361111111,25.839014638888887]]},"properties":{"style":"solid","thickness":1}},{"type":"Feature","geometry":{"type":"LineString","coordinates":[[-80.19971975,25.76148811111111],[-80.19978913888889,25.758969944444445],[-80.19983719444444,25.75790647222222],[-80.19990694444445,25.757411416666667],[-80.20001508333334,25.757097166666668],[-80.2001695,25.7567445],[-80.20053216666668,25.75620686111111],[-80.20080213888889,25.755920638888888],[-80.20115302777778,25.755651916666668],[-80.20280322222223,25.754496888888887],[-80.20448422222222,25.753338361111112],[-80.20674736111111,25.751785472222224],[-80.20833580555556,25.750651305555557],[-80.20896030555556,25.750281444444443],[-80.20961944444444,25.749988444444444],[-80.2116351388889,25.74948313888889],[-80.21294558333334,25.749043805555555],[-80.21549327777778,25.748098666666667],[-80.21742425000001,25.74740463888889],[-80.22081591666667,25.746149000000003],[-80.22419211111111,25.744931694444446],[-80.22809236111111,25.743505000000003],[-80.2315608888889,25.742228194444447],[-80.2342508888889,25.741261833333333],[-80.23868238888889,25.739644944444446],[-80.24311408333334,25.738025944444445],[-80.24796186111111,25.736256750000003],[-80.24947241666666,25.735701861111114],[-80.25021613888889,25.73543663888889],[-80.25058994444444,25.73526213888889],[-80.25103311111111,25.735003805555557],[-80.25161891666667,25.734588333333335],[-80.25229719444444,25.73411352777778],[-80.25300247222222,25.733516472222224],[-80.25390047222223,25.732674999999997],[-80.25451708333334,25.732158249999998],[-80.25491402777777,25.731840499999997],[-80.25536488888889,25.731568194444442],[-80.25568088888889,25.731379666666665],[-80.25612736111111,25.731046499999998],[-80.25651494444445,25.730711305555555],[-80.2568475,25.73035811111111],[-80.2574465,25.729753527777778],[-80.2579243888889,25.729332777777778],[-80.25861033333334,25.728756666666666],[-80.25923077777777,25.728225916666666],[-80.26004386111111,25.727604416666665],[-80.2605371111111,25.727283194444443],[-80.26103802777777,25.726982944444444],[-80.26158136111111,25.72661283333333],[-80.2620245,25.726246194444442],[-80.26254472222222,25.72582719444444],[-80.262853,25.725568805555554],[-80.26385872222222,25.72474822222222],[-80.26444827777777,25.724273333333333],[-80.26473344444445,25.72403588888889],[-80.26509947222222,25.723812444444444],[-80.26576991666667,25.72344933333333],[-80.26611283333334,25.723267777777775],[-80.26654052777778,25.722946527777776],[-80.26771191666667,25.721968777777775],[-80.26864438888889,25.721224999999997],[-80.26921463888888,25.720767555555554],[-80.27072505555556,25.71949997222222],[-80.271958,25.71851172222222],[-80.27314086111112,25.717547916666664],[-80.27457025,25.716395527777777],[-80.27586094444445,25.715333916666665],[-80.27759466666667,25.713937027777778],[-80.27939766666667,25.712515694444445],[-80.28028377777778,25.711768333333332],[-80.28128155555555,25.710923194444444],[-80.2821676388889,25.71022822222222],[-80.28334644444445,25.70926783333333],[-80.28444436111111,25.70839122222222],[-80.28539202777777,25.707619416666667],[-80.28687127777778,25.70647038888889],[-80.28846605555556,25.705237527777776],[-80.28967947222222,25.70425961111111],[-80.2913936111111,25.70284861111111],[-80.29259538888888,25.70189161111111],[-80.29305377777777,25.701507416666665],[-80.29377405555556,25.700962555555556],[-80.29452516666666,25.700302444444443],[-80.29524158333334,25.699750583333334],[-80.29624688888889,25.698908833333334],[-80.29689013888888,25.69840588888889],[-80.29756802777777,25.697843527777778],[-80.29839224999999,25.697183388888888],[-80.29903930555555,25.696561666666668],[-80.29967480555555,25.69602725],[-80.30029875,25.695416027777778],[-80.30188169444445,25.694224916666666],[-80.30280216666667,25.6934495],[-80.30472397222222,25.691895111111112],[-80.30588319444445,25.690945],[-80.30755072222222,25.68957222222222],[-80.30863672222222,25.688660527777778],[-80.31000769444444,25.687546194444444],[-80.31114369444444,25.686529694444445],[-80.31146719444445,25.686288666666666],[-80.31210255555555,25.685628444444443],[-80.31308447222222,25.684629416666667],[-80.31346569444445,25.684192777777778],[-80.31416263888889,25.683403333333334],[-80.31440905555556,25.683099444444444],[-80.31526,25.682013083333334],[-80.31587216666667,25.681146805555557],[-80.31654980555555,25.68021063888889],[-80.31735063888888,25.679068416666667],[-80.31777027777777,25.678415194444444],[-80.31849016666666,25.677234555555557],[-80.31888669444444,25.676539444444444],[-80.31959499999999,25.67519811111111],[-80.32011463888888,25.67411527777778],[-80.3208575,25.672480555555556],[-80.32137708333333,25.671226583333336],[-80.32221230555555,25.669476583333335],[-80.32279344444444,25.668145722222224],[-80.3235401111111,25.66658783333333],[-80.32419058333333,25.665354777777775],[-80.32472544444444,25.663961083333334],[-80.32560291666667,25.66219358333333],[-80.32617633333334,25.660943055555553],[-80.32653419444443,25.66009075],[-80.32709605555556,25.658941527777777],[-80.32770791666667,25.657673527777778],[-80.32836977777778,25.65625533333333],[-80.32929713888889,25.654309666666666],[-80.33023963888888,25.652132194444444],[-80.33090916666666,25.650829249999997],[-80.33147088888889,25.649512333333334],[-80.33185566666667,25.648747333333333],[-80.33267516666666,25.646993777777777],[-80.3333946111111,25.64542186111111],[-80.33394475,25.644185277777776],[-80.33466805555555,25.64271813888889],[-80.3352451111111,25.641481555555554],[-80.33596833333333,25.639878194444442],[-80.33662230555555,25.638470416666667],[-80.33728394444444,25.63702425],[-80.33782638888889,25.635958805555553],[-80.33832638888889,25.63476063888889],[-80.3392265,25.632856833333335],[-80.34009580555555,25.630984444444444],[-80.34064966666666,25.629789777777777],[-80.34113819444444,25.62881863888889],[-80.34161127777777,25.627795111111112],[-80.342092,25.62669125],[-80.34267277777778,25.625468583333333],[-80.3432266111111,25.624315805555558],[-80.34362655555555,25.623393583333335],[-80.34383808333332,25.622949944444446],[-80.344538,25.62138147222222],[-80.34519180555554,25.62003302777778],[-80.34575322222221,25.618758],[-80.34597624999999,25.61818511111111],[-80.34614527777778,25.617448083333333],[-80.3462951111111,25.61680186111111],[-80.34646022222222,25.615900694444445],[-80.34689325,25.613346944444444],[-80.34762666666666,25.61078436111111],[-80.34905369444444,25.60718802777778],[-80.35110755555554,25.60408063888889],[-80.35268313888888,25.60152380555556],[-80.35341027777777,25.600245416666667],[-80.3536673611111,25.599820444444443],[-80.35475102777777,25.597416666666664],[-80.3556058611111,25.59563063888889],[-80.35689816666667,25.59287819444444],[-80.35792141666666,25.591171555555555],[-80.35897849999999,25.58972175],[-80.36000205555555,25.58865111111111],[-80.3617393611111,25.58678513888889],[-80.36410966666666,25.58445408333333],[-80.36668841666666,25.581596944444446],[-80.3686141111111,25.579639055555557],[-80.37049258333333,25.577687277777777],[-80.37207475,25.576078111111112],[-80.37408780555555,25.574065055555554],[-80.37587183333332,25.572198888888888],[-80.37859158333333,25.56940875],[-80.38080633333333,25.56716311111111],[-80.382745,25.565162222222224],[-80.38495286111112,25.562898166666667],[-80.38625772222223,25.561529916666668],[-80.38700005555556,25.560799111111113],[-80.38856161111111,25.55919063888889],[-80.38978466666667,25.55795277777778],[-80.39097305555556,25.556693972222224],[-80.39281533333335,25.554917555555555],[-80.39483433333334,25.55277402777778],[-80.3964035,25.551340194444446],[-80.39746105555557,25.55027711111111],[-80.39939155555557,25.54835377777778],[-80.40146805555555,25.546227611111114],[-80.40256011111111,25.545112055555556],[-80.40444808333334,25.543171166666667],[-80.40530936111112,25.542282916666668],[-80.40632447222222,25.541272222222222],[-80.40786244444445,25.539702000000002],[-80.40948494444444,25.53801288888889],[-80.41076530555556,25.536760833333336],[-80.41218388888889,25.53521163888889],[-80.4141446388889,25.53324961111111],[-80.4156555,25.531707277777777],[-80.41716244444444,25.53014397222222],[-80.41901155555556,25.52826936111111],[-80.42012633333334,25.527118694444443],[-80.42143327777778,25.525765194444443],[-80.42220980555555,25.525009694444442],[-80.42274794444445,25.52443263888889],[-80.42317833333334,25.52386963888889],[-80.42373911111112,25.52291863888889],[-80.42438441666667,25.521824277777778],[-80.42540672222222,25.520656194444445],[-80.42768977777779,25.51826736111111],[-80.4294386388889,25.516542972222222],[-80.43068391666667,25.51528377777778],[-80.43214436111111,25.51376927777778],[-80.43340500000001,25.512520527777777],[-80.43513052777779,25.510736666666666],[-80.43653708333333,25.50929208333333],[-80.4381511388889,25.507665555555555],[-80.43925791666668,25.506553194444443],[-80.44039536111111,25.50539186111111],[-80.44137522222222,25.50436],[-80.44274705555556,25.502967805555556],[-80.44395355555555,25.501694555555556],[-80.44532922222223,25.50032677777778],[-80.44670472222222,25.49887163888889],[-80.44855302777778,25.497115444444447],[-80.44999019444445,25.495803472222224],[-80.45202666666667,25.493861833333334],[-80.45418194444444,25.491619472222222],[-80.45577241666668,25.489961333333333],[-80.45796288888889,25.487726333333335],[-80.45943805555555,25.48621152777778],[-80.46158169444445,25.484051166666667],[-80.46198497222223,25.483585916666666],[-80.46241880555556,25.48298436111111],[-80.46282952777779,25.48235486111111],[-80.46304433333334,25.481914305555552],[-80.46371538888889,25.480393416666665],[-80.4644093888889,25.47880261111111],[-80.46516858333334,25.477082416666665],[-80.46551761111111,25.47637261111111],[-80.46582461111112,25.475851555555554],[-80.4662161388889,25.47529197222222],[-80.46664238888889,25.474791749999998],[-80.4674488888889,25.473906694444445],[-80.46951922222222,25.471870388888888],[-80.47087105555556,25.470432527777778],[-80.4721423888889,25.469190416666667],[-80.47297813888889,25.468227499999998],[-80.47344166666667,25.467615388888888],[-80.47397216666667,25.466776916666664],[-80.4743948888889,25.465889666666666],[-80.47479725000001,25.46488011111111],[-80.4749978888889,25.464023694444442],[-80.47511127777778,25.46333863888889],[-80.47522422222222,25.462360027777777],[-80.47519111111112,25.45824438888889],[-80.47516680555556,25.455498583333334],[-80.47514013888889,25.451205583333333],[-80.47513575,25.44827627777778],[-80.47506941666667,25.444441972222222],[-80.47505847222223,25.44164111111111],[-80.47503419444445,25.43890752777778],[-80.47501258333334,25.437959666666668],[-80.47496458333333,25.43737263888889],[-80.47480875000001,25.436669555555557],[-80.47428036111111,25.434334111111113],[-80.47413761111112,25.433355805555557],[-80.47410297222223,25.4327015],[-80.4742596388889,25.429466222222224],[-80.47434452777777,25.427741555555556],[-80.47432722222223,25.426766861111112],[-80.47430858333334,25.42620663888889],[-80.47426066666667,25.42566241666667],[-80.47414513888889,25.42488588888889],[-80.47394186111111,25.423938250000003],[-80.47293225,25.4192],[-80.47209897222223,25.415348277777777],[-80.47122527777778,25.411429305555554],[-80.47016327777779,25.40635933333333],[-80.46918822222223,25.40203686111111],[-80.4682263611111,25.397488111111112],[-80.46714358333334,25.39253025],[-80.46660794444445,25.390053583333334],[-80.4658901388889,25.38670925],[-80.46508458333334,25.383120416666667],[-80.46436013888889,25.379769972222224],[-80.46361566666667,25.376608166666667],[-80.46293880555555,25.373314333333333],[-80.46252625,25.371536083333332],[-80.46204558333334,25.369109972222223],[-80.46126772222223,25.365638972222225],[-80.46057441666667,25.36223563888889],[-80.45963122222223,25.3578125],[-80.45899433333334,25.35480411111111],[-80.45799336111111,25.350239222222225],[-80.45728316666667,25.34693925],[-80.456377,25.342789888888888],[-80.45566008333334,25.339428805555553],[-80.45486202777778,25.335633805555556],[-80.45421977777778,25.332755527777778],[-80.45364497222222,25.330054416666666],[-80.45280663888889,25.32621058333333],[-80.45179933333334,25.32157225],[-80.45094188888889,25.317465666666667]]},"properties":{"style":"solid","thickness":1}},{"type":"Feature","geometry":{"type":"LineString","coordinates":[[-80.16907963888889,26.287389222222224],[-80.16895902777779,26.279711416666665],[-80.16888616666667,26.275385305555556],[-80.16883536111112,26.272152305555554],[-80.16881194444444,26.26867486111111],[-80.16874669444445,26.266309694444445],[-80.16859225,26.265062805555555],[-80.16839033333333,26.263858694444444],[-80.16818805555556,26.26299677777778],[-80.16778322222223,26.261578583333332],[-80.16696016666667,26.25857713888889],[-80.16683883333334,26.25804533333333],[-80.16675822222223,26.257452444444443],[-80.1666171388889,26.256388916666666],[-80.16653686111111,26.25546602777778],[-80.16644355555556,26.254066416666667],[-80.16641258333334,26.251359],[-80.16647469444445,26.250265111111112],[-80.16661830555556,26.248975694444447],[-80.16697258333333,26.246947000000002],[-80.16734619444445,26.245853361111113],[-80.16790994444445,26.24423430555556],[-80.16853597222223,26.24282541666667],[-80.16947730555556,26.241216555555557],[-80.17011483333334,26.240239250000002],[-80.17159283333334,26.23842538888889],[-80.17336905555555,26.236281722222223],[-80.17532344444444,26.23382325],[-80.1780365,26.230659055555552],[-80.18234336111112,26.22554594444444],[-80.18818283333334,26.21878922222222],[-80.1930595,26.2130465],[-80.19852891666667,26.20652283333333],[-80.20384344444444,26.200309194444444],[-80.20778158333334,26.195624722222224],[-80.21018944444445,26.192694166666666],[-80.21279872222223,26.18963527777778],[-80.21473183333333,26.187410611111112],[-80.21584663888889,26.186095055555555],[-80.21693783333333,26.18457613888889],[-80.21760222222223,26.183367333333333],[-80.21840902777778,26.181751944444446],[-80.21889572222223,26.18041463888889],[-80.21927558333334,26.179355472222223],[-80.21966769444445,26.177611472222225],[-80.21987008333333,26.176092083333334],[-80.21996552777777,26.17503277777778],[-80.21993111111111,26.17318155555556],[-80.21980455555556,26.167103555555556],[-80.21969055555556,26.159880555555553],[-80.21951686111112,26.153406583333332],[-80.219426,26.14710386111111],[-80.21935816666667,26.141892583333334],[-80.21919561111112,26.13665986111111],[-80.21895975,26.13497975],[-80.21823925,26.13171566666667],[-80.21786141666666,26.12983213888889],[-80.21771983333333,26.128954611111112],[-80.21755475,26.12778813888889],[-80.21752005555555,26.126504027777777],[-80.21752519444445,26.125173555555556],[-80.21762827777778,26.123957305555557],[-80.21792572222222,26.121849416666667],[-80.21835361111111,26.119452694444444],[-80.21851405555556,26.11834136111111],[-80.21862744444445,26.117173555555556],[-80.21865163888889,26.116360333333336],[-80.21852355555556,26.1128825],[-80.21827972222222,26.105156444444447],[-80.21802108333334,26.102160083333334],[-80.21756136111111,26.098874694444444],[-80.21688950000001,26.094048305555553],[-80.21641197222222,26.089032777777778],[-80.21631997222222,26.087792305555553],[-80.21625905555555,26.086345694444443],[-80.21617580555557,26.083560833333333],[-80.21598461111111,26.08032163888889],[-80.21592727777778,26.079311805555555],[-80.21583616666668,26.076726083333334],[-80.21572961111112,26.074147333333332],[-80.21561530555556,26.071607027777777],[-80.2155586388889,26.069562916666666],[-80.21554419444445,26.068008],[-80.21544922222222,26.06546422222222],[-80.21536586111111,26.062923916666666],[-80.21530530555556,26.060946166666668],[-80.21518697222223,26.058653944444444],[-80.21510733333334,26.05633727777778],[-80.21505047222223,26.054649555555557],[-80.21494769444445,26.052249],[-80.21481830555555,26.04914261111111],[-80.21470011111111,26.046700111111114],[-80.2144545,26.044082861111114],[-80.21427027777779,26.0421365],[-80.21403208333334,26.039976944444447],[-80.21370555555556,26.037027694444447],[-80.21355236111111,26.03497302777778],[-80.21345322222223,26.032960305555555],[-80.21339252777778,26.03128308333333],[-80.21328611111112,26.028623944444444],[-80.21317605555556,26.02562936111111],[-80.21305038888889,26.022896833333334],[-80.21295944444445,26.020237694444443],[-80.2128566111111,26.018022305555554],[-80.21276872222222,26.01654072222222],[-80.21270444444444,26.014454666666666],[-80.21270494444445,26.01371388888889],[-80.21279869444444,26.012242861111112],[-80.21287252777778,26.011610472222223],[-80.21314005555556,26.010212916666667],[-80.21339575,26.00920675],[-80.21364358333334,26.00837175],[-80.21395708333334,26.007564777777777],[-80.21430919444445,26.00678575],[-80.21488952777779,26.005594527777777],[-80.21528016666667,26.004934333333335],[-80.2156823888889,26.004309083333332],[-80.21626636111111,26.003449833333335],[-80.21685794444444,26.00270238888889],[-80.21754227777778,26.00192002777778],[-80.2182885,26.00115211111111],[-80.21960280555555,25.99987],[-80.22111044444445,25.998375222222222],[-80.22343752777778,25.99608063888889],[-80.224717,25.99480586111111],[-80.22572600000001,25.993604333333334],[-80.22629430555556,25.992853333333333],[-80.22677761111112,25.99213375],[-80.227404,25.99114516666667],[-80.22790672222223,25.99022641666667],[-80.22845588888889,25.989080555555557],[-80.22873055555556,25.98836786111111],[-80.22902844444445,25.98758177777778],[-80.22942702777777,25.986289111111113],[-80.22970194444444,25.985066250000003],[-80.22987244444445,25.984059972222223],[-80.22999663888889,25.982987305555554],[-80.23004730555556,25.982106777777776],[-80.230071,25.98115986111111],[-80.229968,25.97868938888889],[-80.22983425,25.975984805555555],[-80.22969330555556,25.972314305555553],[-80.23072169444444,25.97226236111111],[-80.23228316666666,25.97213461111111],[-80.23419952777778,25.972039083333332],[-80.24382836111111,25.971871444444442],[-80.25009763888889,25.97205536111111],[-80.25840958333333,25.972040777777774],[-80.263878,25.971846305555555],[-80.27046169444445,25.971651805555553],[-80.27459169444444,25.97153622222222],[-80.27898530555555,25.971426638888886],[-80.28492002777777,25.971213083333332],[-80.28704925,25.9711765],[-80.29055733333333,25.971066527777776],[-80.2933895,25.970974833333333],[-80.29753297222221,25.970834138888886],[-80.29910791666667,25.970797388888887],[-80.30317702777778,25.970736027777775],[-80.30953080555555,25.970747694444444],[-80.31385677777777,25.970759388888887],[-80.31676891666666,25.970731444444443],[-80.31918197222222,25.970698944444443],[-80.32042397222222,25.970581],[-80.32122830555555,25.97044172222222],[-80.32260038888889,25.970141833333333],[-80.32392508333334,25.969724222222222],[-80.32524977777777,25.96922097222222],[-80.32677547222222,25.968492972222222],[-80.32832475,25.96756161111111],[-80.32929444444444,25.966812305555553],[-80.33732352777777,25.960207527777776],[-80.34372013888888,25.95497261111111],[-80.35235052777777,25.947863805555556],[-80.35823758333333,25.943099305555556],[-80.3622683611111,25.939769388888887],[-80.3700928611111,25.933334083333335],[-80.37274022222222,25.931128222222224],[-80.374111,25.929789833333334],[-80.37474891666666,25.92886916666667],[-80.37542213888888,25.927713083333334],[-80.3769211111111,25.923795583333334],[-80.37899802777777,25.918015722222222]]},"properties":{"style":"solid","thickness":1}},{"type":"Feature","geometry":{"type":"LineString","coordinates":[[-80.24646575,26.301865222222222],[-80.25823563888889,26.302028944444444],[-80.27053016666666,26.302170444444446],[-80.28291955555555,26.302364361111113],[-80.28834955555556,26.302418111111113],[-80.28935730555555,26.302386055555555],[-80.29105272222222,26.302033166666668],[-80.29217902777778,26.30165886111111],[-80.29316308333333,26.30112411111111],[-80.29412338888889,26.300450333333334],[-80.29485844444444,26.29979791666667],[-80.2955816111111,26.29902788888889],[-80.29602025,26.298375472222222],[-80.29639961111111,26.297626833333336],[-80.29673155555555,26.296867472222225],[-80.29700419444444,26.295851444444445],[-80.29707530555555,26.295166972222223],[-80.29714641666666,26.29445038888889],[-80.29713444444444,26.291616222222224],[-80.29714619444444,26.287787416666667],[-80.29719347222222,26.28338105555556],[-80.2971815,26.280247416666665],[-80.29695622222222,26.27787313888889],[-80.29674280555555,26.276097749999998],[-80.29663608333333,26.274279611111112],[-80.2965886111111,26.27303897222222],[-80.29673080555555,26.27111386111111],[-80.29686113888889,26.26962725],[-80.29706258333333,26.26763797222222],[-80.29709805555555,26.26527436111111],[-80.29709799999999,26.263916083333335],[-80.29713347222221,26.261242305555555],[-80.29714519444444,26.256953583333335],[-80.29718058333333,26.251648805555554],[-80.29720997222222,26.244969722222223],[-80.29720991666666,26.242798611111112],[-80.29718616666666,26.241298611111112],[-80.29699649999999,26.239084722222223],[-80.29664094444445,26.237052666666667],[-80.29640394444445,26.23579063888889],[-80.29623802777778,26.234806694444444],[-80.29608394444445,26.23311686111111],[-80.29609574999999,26.23184413888889],[-80.29609572222222,26.23013288888889],[-80.29622602777778,26.228517916666664],[-80.29649847222223,26.225918999999998],[-80.29646288888888,26.22441097222222],[-80.2964865,26.221812055555553],[-80.29648644444444,26.21919172222222],[-80.29651005555556,26.216282638888888],[-80.29650994444444,26.211886888888888],[-80.29647422222222,26.205576722222222],[-80.29646236111111,26.204218416666667],[-80.29632013888889,26.202122166666665],[-80.29602394444444,26.200346749999998],[-80.29521838888888,26.197052638888888],[-80.29492225,26.19590825],[-80.2948156111111,26.194817333333333],[-80.29485113888889,26.193897555555555],[-80.29493405555556,26.1926355],[-80.29520647222222,26.19160875],[-80.29575130555556,26.190186277777777],[-80.29631980555556,26.18912741666667],[-80.29676988888889,26.18845361111111],[-80.29771741666667,26.187384055555555],[-80.29873599999999,26.186421444444445],[-80.30098630555555,26.18484913888889],[-80.30258516666666,26.18356561111111],[-80.30503666666667,26.18144777777778],[-80.30818677777778,26.178591861111112],[-80.31094594444444,26.176131611111114],[-80.31327869444443,26.173853222222224],[-80.31755319444444,26.169692083333334],[-80.32230108333333,26.16550936111111],[-80.32542674999999,26.16302738888889],[-80.32985441666666,26.15905836111111],[-80.33187869444444,26.157089888888887],[-80.33569044444444,26.153751888888888],[-80.33904022222222,26.15057436111111],[-80.33996344444444,26.14963286111111],[-80.34051966666667,26.148926805555554],[-80.34135988888889,26.147760722222223],[-80.34196333333333,26.146733777777776],[-80.34243655555555,26.14580311111111],[-80.34289777777778,26.144498111111112],[-80.34325244444445,26.14322525],[-80.34353605555555,26.141920305555555],[-80.34364199999999,26.140487083333333],[-80.34366297222222,26.13409122222222],[-80.3436846111111,26.12927827777778],[-80.34386083333332,26.12605888888889],[-80.34412044444444,26.12415502777778],[-80.34499119444445,26.121787166666667],[-80.34629519444444,26.119297361111112],[-80.3480135,26.1168635],[-80.35103616666666,26.113175083333335],[-80.35703977777777,26.106359555555557],[-80.35859225,26.104449722222224],[-80.359979,26.102614833333334],[-80.36099594444444,26.10091377777778],[-80.36182341666667,26.099148638888888],[-80.36241430555555,26.09761888888889],[-80.36278055555555,26.096484999999998],[-80.3630638611111,26.095244194444444],[-80.36333527777778,26.093853638888888],[-80.36350013888888,26.092452444444444],[-80.36358205555555,26.09091225],[-80.36348652777777,26.089479083333334],[-80.3633673611111,26.08806733333333],[-80.36299911111111,26.085714499999998],[-80.36203866666666,26.082452833333335],[-80.36088819444444,26.077939833333332],[-80.36051108333332,26.076783583333334],[-80.35965783333333,26.074559305555557],[-80.35902991666666,26.07315847222222],[-80.35685047222222,26.0691165],[-80.35593847222222,26.067416305555554],[-80.3553345,26.06644327777778],[-80.35462377777777,26.0649355],[-80.35401938888889,26.063085416666667],[-80.35375858333333,26.062069444444447],[-80.35349763888888,26.060839555555557],[-80.35334327777777,26.059727277777778],[-80.35322422222221,26.058272722222224],[-80.35315188888889,26.05557747222222],[-80.35299519444443,26.049855361111113],[-80.35288708333333,26.046561166666667],[-80.35274283333332,26.041972805555556],[-80.35256274999999,26.036689222222225],[-80.35250222222221,26.033919083333334],[-80.35241897222221,26.03300997222222],[-80.35227638888888,26.031726555555554],[-80.35201558333333,26.030560833333332],[-80.35161266666667,26.029052916666664],[-80.35057055555555,26.026593305555554],[-80.34946944444444,26.024326249999998],[-80.34770563888888,26.02123586111111],[-80.34479380555555,26.01617786111111],[-80.34327880555556,26.013579333333332],[-80.34217805555555,26.011558222222224],[-80.34116019444444,26.009665416666667],[-80.34063933333333,26.00844627777778],[-80.34033149999999,26.007601416666667],[-80.34007105555555,26.006949055555555],[-80.33979866666667,26.005954444444445],[-80.33951430555555,26.00458547222222],[-80.33936025,26.003772666666666],[-80.33925325,26.002296666666666],[-80.339182,26.00152661111111],[-80.33924061111111,26.000232416666666],[-80.3392993611111,25.99921627777778],[-80.33949988888888,25.997922055555556],[-80.33968872222222,25.996970055555558],[-80.33981861111111,25.99645663888889],[-80.34022013888888,25.995119527777778],[-80.34045638888888,25.99442422222222],[-80.34108252777777,25.992915916666668],[-80.34179147222221,25.991589416666667],[-80.34264230555556,25.990241472222223],[-80.34328049999999,25.989406972222223],[-80.34437961111111,25.988037555555557],[-80.34671125,25.985387222222222],[-80.34872030555555,25.983083833333332],[-80.34993755555556,25.981767777777776],[-80.35072919444444,25.98058022222222],[-80.3512253611111,25.979692277777776],[-80.35170966666666,25.978718777777775],[-80.35200480555555,25.977809527777776],[-80.35233519444444,25.976440333333333],[-80.3524766111111,25.97553111111111],[-80.35249972222222,25.974429444444443],[-80.35242761111111,25.972044305555553],[-80.35215316666667,25.966963916666664],[-80.35198552777777,25.962642888888887],[-80.35182988888889,25.958674777777777],[-80.35159105555555,25.9537655],[-80.35144802777778,25.9513055],[-80.35130355555555,25.94595763888889],[-80.35096966666666,25.93991461111111],[-80.3507548611111,25.935614944444445],[-80.35050380555555,25.92968952777778],[-80.35018163888888,25.92326141666667],[-80.34993447222222,25.91838827777778],[-80.3497071111111,25.91243075],[-80.34940863888889,25.90592772222222],[-80.3493251111111,25.90417361111111],[-80.34926538888888,25.90283663888889],[-80.34913513888888,25.902248416666666],[-80.34896947222222,25.901724388888887],[-80.34869744444444,25.901146916666665],[-80.34808261111111,25.900270055555556],[-80.34716058333333,25.899436138888888],[-80.34664055555555,25.899094055555555],[-80.34584872222221,25.898687888888887],[-80.34525783333333,25.89848486111111],[-80.34443066666667,25.898314027777776],[-80.34333177777778,25.89825022222222],[-80.34060236111111,25.898240444444443],[-80.33510805555555,25.89822072222222],[-80.33326805555555,25.898213277777778],[-80.33198013888888,25.898202916666666],[-80.33146027777778,25.898277916666665],[-80.330456,25.89847072222222],[-80.32964077777777,25.898663444444445]]},"properties":{"style":"solid","thickness":1}},{"type":"Feature","geometry":{"type":"LineString","coordinates":[[-80.48485322222223,26.266205583333335],[-80.48105269444444,26.261290805555557],[-80.47764433333333,26.25685672222222],[-80.47461458333333,26.252969027777777],[-80.47125425,26.248641666666668],[-80.46763288888889,26.243918805555555],[-80.46603011111111,26.241835166666668],[-80.46396447222223,26.239228],[-80.46286044444444,26.23781752777778],[-80.46230211111111,26.23682352777778],[-80.46196952777778,26.236257083333335],[-80.46163622222223,26.235187944444444],[-80.46137386111111,26.234011777777777],[-80.46036005555555,26.22930708333333],[-80.45814816666667,26.219266833333332],[-80.45708425000001,26.21453275],[-80.45474783333334,26.203979166666667],[-80.45282841666668,26.19490372222222],[-80.45129061111112,26.18757913888889],[-80.44967002777778,26.180169055555556],[-80.44846663888889,26.17469436111111],[-80.44701338888889,26.168225222222222],[-80.4455361388889,26.161371083333332],[-80.44404750000001,26.154752194444445],[-80.44347566666667,26.152014777777776],[-80.44260633333333,26.148069083333333],[-80.43934058333333,26.133124333333335],[-80.43793558333334,26.126548055555556],[-80.43651911111111,26.120153583333334],[-80.43494802777778,26.112999861111113],[-80.43457886111112,26.11114991666667],[-80.43442313888889,26.109599222222222],[-80.43440722222222,26.106144611111112],[-80.43428033333333,26.09895736111111],[-80.43423611111112,26.091609583333334],[-80.43418261111111,26.086400916666665],[-80.43407897222222,26.078828583333333],[-80.43398711111111,26.06869463888889],[-80.43396325,26.066036805555555],[-80.43406216666666,26.062124805555555],[-80.43405658333333,26.057408055555555],[-80.43380527777778,26.054993777777778],[-80.43377572222222,26.04748813888889],[-80.43362238888889,26.040357],[-80.43332394444445,26.033020055555554],[-80.43309033333334,26.02547183333333],[-80.43279411111112,26.01493686111111],[-80.43262997222223,26.00857575],[-80.43239497222223,25.999762694444446]]},"properties":{"style":"solid","thickness":1}},{"type":"Feature","geometry":{"type":"LineString","coordinates":[[-80.43173827777778,25.980555],[-80.43144994444445,25.96832797222222],[-80.43106283333334,25.95558161111111],[-80.43095616666668,25.952792777777777],[-80.43085122222223,25.951482638888887],[-80.43051258333334,25.944819444444445],[-80.43029869444445,25.938698944444443]]},"properties":{"style":"solid","thickness":1}},{"type":"Feature","geometry":{"type":"LineString","coordinates":[[-80.47480875000001,25.436669555555557],[-80.47501769444445,25.436835055555555],[-80.47509180555556,25.436890000000002],[-80.47530052777778,25.436957],[-80.47552277777778,25.43709127777778],[-80.47567786111111,25.43729288888889],[-80.47602194444444,25.437867305555557],[-80.47652816666667,25.438869611111112],[-80.476812,25.439664277777776],[-80.47701361111112,25.440599694444444],[-80.47709766666667,25.441659083333334],[-80.47709988888889,25.44312525],[-80.47714183333333,25.447480944444443],[-80.47719702777778,25.452789055555556],[-80.477242,25.459135305555556],[-80.47729683333334,25.464208],[-80.47735325000001,25.470308055555552],[-80.47742025000001,25.47562686111111],[-80.47745027777778,25.479875527777775],[-80.47746563888889,25.48222994444444],[-80.47749369444445,25.48518363888889],[-80.47756555555556,25.490063250000002],[-80.47758077777777,25.491237833333333],[-80.47758355555555,25.493064555555556],[-80.47755155555556,25.494769083333335],[-80.47758488888888,25.496452555555557],[-80.47759886111112,25.49804525],[-80.47764352777779,25.499603],[-80.47763461111111,25.501314472222223],[-80.47764433333333,25.502648694444446],[-80.47763544444445,25.50438461111111],[-80.47767188888889,25.505582611111112],[-80.47771405555555,25.50801702777778],[-80.47771202777778,25.509204583333332],[-80.47769241666667,25.51148538888889],[-80.47767575,25.513165444444443],[-80.47772466666667,25.51497113888889],[-80.47777675,25.51634025],[-80.47775919444445,25.517436999999997],[-80.47779997222223,25.51894233333333],[-80.47783619444445,25.52000758333333],[-80.47782658333334,25.521261499999998],[-80.47780122222223,25.522291916666667],[-80.47779483333333,25.523144138888888],[-80.477816,25.524394527777776],[-80.47781833333333,25.525920888888887],[-80.477886,25.527415694444443],[-80.47787283333334,25.528872194444443],[-80.47785986111111,25.530457944444443],[-80.47790433333334,25.531865472222222],[-80.47790252777779,25.533203194444443],[-80.4779205,25.534893694444445],[-80.4779955,25.536147500000002],[-80.47808605555555,25.537506083333334],[-80.47809891666667,25.538372250000002],[-80.47813972222222,25.539898555555556],[-80.47814952777777,25.54128166666667],[-80.47819019444445,25.54270316666667],[-80.47815372222223,25.5440165],[-80.47815941666667,25.5452215],[-80.47811494444444,25.54632527777778],[-80.47800997222222,25.548117194444448],[-80.4780085,25.549657500000002],[-80.47801155555555,25.551655361111113],[-80.47799619444444,25.55419461111111],[-80.47801036111112,25.556144166666666],[-80.47802080555556,25.55792897222222],[-80.47806355555555,25.560733583333334],[-80.47807736111112,25.562197055555558],[-80.47809816666667,25.563230861111112],[-80.47811558333333,25.564547611111113],[-80.47812716666667,25.567086833333335],[-80.47815869444445,25.570093194444443],[-80.4781771388889,25.573332694444446],[-80.47819330555556,25.575099138888888],[-80.47817122222223,25.578265333333334],[-80.47823638888889,25.581235833333334],[-80.47828702777778,25.583515666666667],[-80.47825658333333,25.585624444444445],[-80.47827391666667,25.588130472222222],[-80.4783105,25.59002522222222],[-80.47828647222222,25.59192008333333],[-80.47829594444444,25.593710972222222],[-80.47837491666667,25.59689538888889],[-80.47837005555556,25.598117833333333],[-80.47842622222223,25.599596944444443],[-80.47848883333333,25.600892666666667],[-80.47881591666666,25.603367722222224],[-80.47902166666667,25.605763500000002],[-80.4790998888889,25.608434472222225],[-80.4792131388889,25.61199166666667]]},"properties":{"style":"solid","thickness":1}},{"type":"Feature","geometry":{"type":"LineString","coordinates":[[-80.71644580555555,26.149043111111112],[-80.70606794444444,26.147447194444442],[-80.70310633333334,26.147006333333334],[-80.70134155555556,26.146840166666667],[-80.69963602777779,26.1466845],[-80.69771747222222,26.1465615],[-80.69545575000001,26.14649288888889],[-80.69294572222222,26.146521194444443],[-80.69116966666667,26.146515333333333],[-80.68942919444444,26.146530777777777],[-80.6850718888889,26.14651047222222],[-80.68225386111112,26.146496638888888],[-80.68002788888889,26.146491861111112],[-80.67332627777779,26.146488083333335],[-80.6655471388889,26.14646538888889],[-80.65838375,26.14646211111111],[-80.65122025000001,26.146415694444443],[-80.63878794444445,26.14641361111111],[-80.62506502777777,26.146402722222224],[-80.61976052777777,26.14638261111111],[-80.60981458333333,26.14634036111111],[-80.59986863888888,26.146297444444443],[-80.59078724999999,26.146337666666668],[-80.58294888888888,26.14629997222222],[-80.57287277777777,26.146287555555556],[-80.56290319444444,26.146252861111112],[-80.55542008333333,26.146234416666665],[-80.548825,26.146214055555554],[-80.53750566666666,26.14620136111111],[-80.52108311111111,26.14615308333333],[-80.50287263888889,26.146094833333333],[-80.48680530555556,26.146042194444444],[-80.46820416666667,26.146001527777777],[-80.45784391666668,26.145992194444442],[-80.45327358333334,26.145986583333332],[-80.45160402777778,26.145934944444445],[-80.45008827777778,26.145797527777777],[-80.44893958333334,26.145638333333334],[-80.44420566666668,26.144897],[-80.43348833333334,26.14320713888889],[-80.42458247222223,26.141247472222222],[-80.41201736111111,26.13816727777778],[-80.4030055,26.135981777777776],[-80.39350847222222,26.13368911111111],[-80.38652211111112,26.13202525],[-80.37117649999999,26.12833363888889],[-80.36776647222221,26.12751188888889],[-80.36561155555555,26.126956805555555],[-80.36332633333333,26.126273416666667],[-80.36079247222222,26.125451055555555],[-80.35857827777777,26.12466061111111],[-80.35439858333332,26.123026],[-80.35128436111111,26.12133738888889],[-80.34582644444444,26.119756555555558],[-80.33797769444443,26.118796555555555],[-80.33248497222222,26.118509361111112],[-80.32978591666667,26.118189194444444],[-80.32553605555555,26.117462916666668],[-80.31570463888889,26.115220722222222],[-80.30887433333334,26.11352102777778],[-80.30013847222222,26.11137191666667],[-80.29066905555555,26.10909391666667],[-80.28293991666666,26.107221861111114],[-80.27248880555555,26.104632416666668],[-80.26800313888889,26.10351938888889],[-80.26023922222222,26.101646111111112],[-80.25699644444444,26.10080038888889],[-80.25569463888888,26.100415027777778],[-80.25367097222222,26.099687194444442],[-80.25133958333333,26.09901272222222],[-80.24967091666667,26.0986165],[-80.24750513888888,26.09822011111111],[-80.24525655555556,26.097866444444442],[-80.2432683611111,26.097459333333333],[-80.23975361111111,26.096623833333332],[-80.23342247222223,26.09508122222222],[-80.22761216666667,26.093666916666667],[-80.22161266666667,26.0922095],[-80.21820472222223,26.09140561111111],[-80.21530566666667,26.090644694444443],[-80.21258433333334,26.08966994444444],[-80.21143666666667,26.089252166666665],[-80.210289,26.088813],[-80.20881022222223,26.088052777777776],[-80.20606561111111,26.08669283333333],[-80.20365230555556,26.08551486111111],[-80.20239827777777,26.084979305555553],[-80.20096663888889,26.08457197222222],[-80.19938116666667,26.084218],[-80.19759436111111,26.084024333333332],[-80.19435194444445,26.08386172222222],[-80.18874252777778,26.083932666666666],[-80.18576030555556,26.083951888888887],[-80.18437575,26.083940166666665],[-80.18318055555557,26.083885805555553],[-80.18088497222223,26.083616666666664],[-80.17606252777779,26.083042805555554],[-80.16832413888889,26.082031],[-80.16348455555556,26.08158825],[-80.15993458333334,26.08142461111111],[-80.15638452777779,26.08135713888889],[-80.14593516666667,26.081421833333334],[-80.14277547222223,26.08146138888889],[-80.1408821388889,26.081405944444445],[-80.14023130555556,26.08138386111111],[-80.13911911111111,26.081243666666666],[-80.13779391666667,26.0810925],[-80.13618486111112,26.080834083333333],[-80.13484783333334,26.080693611111112],[-80.13312019444444,26.08061686111111],[-80.1323746111111,26.080658805555554],[-80.13128530555555,26.081096111111112],[-80.13017219444444,26.08164036111111],[-80.12969005555554,26.081881222222222],[-80.12907444444444,26.082045555555556],[-80.1286483611111,26.082106194444446],[-80.12844547222221,26.082124305555556],[-80.12796533333332,26.08212375],[-80.12474291666666,26.082193555555556],[-80.11948544444444,26.082156666666666],[-80.11861252777777,26.082204583333333],[-80.1181565,26.08224622222222],[-80.11746697222222,26.082581305555557],[-80.11690219444444,26.08298925],[-80.11661202777778,26.083222888888887],[-80.11635269444444,26.083515944444443],[-80.11601152777777,26.08426638888889],[-80.11540697222222,26.085425138888887],[-80.11528672222222,26.085739305555553],[-80.11525144444444,26.086064055555553]]},"properties":{"style":"solid","thickness":1}},{"type":"Feature","geometry":{"type":"LineString","coordinates":[[-80.47514013888889,25.451205583333333],[-80.47491447222222,25.452838916666664],[-80.47415052777778,25.45392077777778],[-80.47350366666667,25.454553],[-80.47190377777778,25.455860583333333],[-80.46973866666667,25.457275888888887],[-80.46356102777779,25.461553277777778],[-80.4553235,25.46722397222222],[-80.45142805555555,25.46990372222222],[-80.44883891666667,25.47174722222222],[-80.44593166666667,25.473623138888886],[-80.44247094444445,25.47571358333333],[-80.43885719444445,25.47799675],[-80.4353845,25.480140527777777],[-80.43477433333334,25.48051536111111]]},"properties":{"style":"solid","thickness":1}},{"type":"Feature","geometry":{"type":"LineString","coordinates":[[-80.42708041666667,25.485570666666668],[-80.42550797222222,25.486902722222222],[-80.42245952777779,25.489602333333334],[-80.42011708333334,25.491594944444444],[-80.41938747222223,25.49240891666667],[-80.41865813888889,25.493501166666668],[-80.41808208333333,25.494721666666667],[-80.41776519444446,25.495909861111112],[-80.41752002777778,25.498103972222225],[-80.41723,25.502524138888887],[-80.417055,25.50422588888889],[-80.41679683333334,25.505264194444443],[-80.41646780555556,25.506131333333332],[-80.4161503888889,25.50684861111111],[-80.41544447222223,25.507898],[-80.41469119444444,25.508754777777778],[-80.41419677777779,25.50924747222222],[-80.41338433333334,25.509868861111112],[-80.41272500000001,25.5104045],[-80.411736,25.511229361111113],[-80.4106173888889,25.512086416666666],[-80.40947530555556,25.513082583333333],[-80.408769,25.513832277777777],[-80.40758008333334,25.51516025],[-80.40588488888889,25.51699161111111],[-80.40424852777778,25.518758666666667],[-80.40194102777778,25.521253944444442],[-80.39838547222223,25.525141333333334],[-80.39737280555556,25.52613733333333],[-80.39608905555556,25.527090722222223],[-80.39505244444445,25.527669333333332],[-80.39398041666668,25.528173083333332],[-80.39215411111111,25.528677305555554],[-80.38971488888889,25.52911772222222],[-80.38729925000001,25.529558055555555],[-80.38520172222223,25.52992325],[-80.37989894444443,25.530868249999997],[-80.37675258333333,25.531405166666666],[-80.37420722222221,25.53189888888889],[-80.37312308333333,25.532124222222222],[-80.37225108333332,25.532349416666666],[-80.37121422222222,25.53276736111111],[-80.36997713888888,25.533420833333334],[-80.36861061111111,25.534406111111114],[-80.36760933333332,25.53526277777778],[-80.36670236111111,25.536183583333337],[-80.36587794444443,25.537179277777778],[-80.36500649999999,25.538431833333334],[-80.36422944444443,25.539844861111114],[-80.36360555555555,25.541225722222222],[-80.3633115,25.54224252777778],[-80.36285297222221,25.544233305555558],[-80.36277138888889,25.545838638888892],[-80.36279775,25.550675861111113],[-80.362849,25.55779261111111],[-80.36291230555555,25.560265333333334],[-80.36296152777777,25.563829055555555],[-80.3630006111111,25.570250138888888],[-80.36303649999999,25.57119188888889],[-80.36353263888888,25.572882555555555],[-80.36428863888888,25.575343611111112],[-80.36464333333333,25.577034333333334],[-80.36511625,25.57922797222222],[-80.3656123611111,25.5807795],[-80.36686397222222,25.583754],[-80.3679271111111,25.586953305555554],[-80.36880136111111,25.589713916666664],[-80.3693448611111,25.59144733333333],[-80.36972283333333,25.592442416666664],[-80.37005338888888,25.593062944444444],[-80.37036027777778,25.593533666666666],[-80.37099752777777,25.594325249999997],[-80.37192963888889,25.595170222222222],[-80.37401791666666,25.596870666666664],[-80.37525686111111,25.598015083333333],[-80.37590594444444,25.598763833333333],[-80.37669677777777,25.599887083333332],[-80.37705102777777,25.6005825],[-80.37751169444444,25.60166311111111],[-80.37784263888888,25.60274380555556],[-80.37799669444443,25.6037925],[-80.37802066666666,25.604370361111112],[-80.37824772222221,25.608597444444445],[-80.37855908333333,25.61528588888889],[-80.37887077777778,25.622423805555556],[-80.37899038888888,25.624746000000002],[-80.37906188888888,25.62578402777778],[-80.3792275,25.626479555555555],[-80.3795111111111,25.627228527777778],[-80.37977091666666,25.627645722222223],[-80.38014877777778,25.628234111111112],[-80.38110483333332,25.62912177777778],[-80.3830285,25.630565361111113],[-80.38370136111112,25.63127125],[-80.38431533333333,25.6320735],[-80.38479966666668,25.633014972222224],[-80.38504786111112,25.633656916666666],[-80.38523727777779,25.634545027777776],[-80.38528558333334,25.63602186111111],[-80.3854898888889,25.640965916666666],[-80.38597377777778,25.645289416666667],[-80.38652419444445,25.648785472222222],[-80.38737416666667,25.654907833333333],[-80.38801102777778,25.658931277777775],[-80.38860022222222,25.662275944444442],[-80.38867505555557,25.66315036111111],[-80.38882433333335,25.66434275],[-80.38888627777779,25.665938805555555],[-80.38889375000001,25.666837722222223],[-80.38883386111112,25.667834555555558],[-80.38868005555557,25.669455194444446],[-80.38860041666668,25.671033],[-80.38855419444445,25.67229275],[-80.38865055555556,25.67475713888889],[-80.38876769444445,25.677937],[-80.38893269444445,25.681917916666666],[-80.38906344444445,25.685213944444445],[-80.38920750000001,25.688289805555556],[-80.38922855555556,25.68931713888889],[-80.38918183333334,25.689934833333332],[-80.38906097222223,25.690564777777777],[-80.38891977777779,25.69110911111111],[-80.38867080555556,25.691800305555557],[-80.38850252777779,25.692185666666667],[-80.38795025,25.6930605],[-80.38663672222224,25.69499986111111],[-80.38494594444445,25.697502083333333],[-80.38429341666668,25.698694916666668],[-80.38382897222223,25.699863222222223],[-80.38362755555556,25.701061944444444],[-80.38353394444445,25.702162722222223],[-80.38342869444445,25.705691277777778],[-80.38338372222223,25.708681638888887],[-80.3834458888889,25.71062013888889],[-80.38353566666667,25.71340861111111],[-80.38359769444445,25.71517586111111],[-80.38368002777779,25.717047055555554],[-80.38372130555557,25.718123305555554],[-80.38388480555557,25.720257416666666],[-80.3840208888889,25.721816722222222],[-80.38407561111111,25.722837916666666],[-80.38407727777779,25.725039388888888]]},"properties":{"style":"solid","thickness":1}},{"type":"Feature","geometry":{"type":"LineString","coordinates":[[-80.08955011111111,26.225979277777775],[-80.09764088888889,26.161763583333332],[-80.10574405555555,26.093905277777775],[-80.11465847222222,26.009357722222223],[-80.11716763888889,25.983362666666668]]},"properties":{"style":"solid","thickness":1}},{"type":"Feature","geometry":{"type":"LineString","coordinates":[[-80.11769130555555,25.977935749999997],[-80.12037647222222,25.95010183333333]]},"properties":{"style":"solid","thickness":1}},{"type":"Feature","geometry":{"type":"LineString","coordinates":[[-80.12080930555555,25.92720775],[-80.12111044444444,25.90120288888889],[-80.11897205555555,25.864485000000002],[-80.11894508333333,25.83438622222222],[-80.12012947222222,25.824428166666667]]},"properties":{"style":"solid","thickness":1}},{"type":"Feature","geometry":{"type":"LineString","coordinates":[[-80.17034063888889,25.739342694444446],[-80.17159136111111,25.74057788888889],[-80.17645441666667,25.745324583333336],[-80.179162,25.74589322222222],[-80.17927800000001,25.746830444444445],[-80.1776946388889,25.74680675],[-80.17273916666667,25.7511945],[-80.16706102777778,25.74832902777778],[-80.1638851388889,25.74713163888889]]},"properties":{"style":"solid","thickness":1}},{"type":"Feature","geometry":{"type":"LineString","coordinates":[[-80.12734269444444,25.788578444444447],[-80.13065758333333,25.764170777777778],[-80.13761675,25.76648486111111],[-80.14241761111111,25.7734125],[-80.1440328888889,25.784323166666667],[-80.14548636111111,25.78589966666667]]},"properties":{"style":"solid","thickness":1}},{"type":"Feature","geometry":{"type":"LineString","coordinates":[[-80.13692625,25.82322636111111],[-80.13047933333333,25.831868305555556],[-80.13336941666667,25.83867133333333],[-80.1327011111111,25.84765075],[-80.14037908333334,25.848956638888886],[-80.14476355555556,25.851121000000003],[-80.14603080555557,25.85575027777778],[-80.14329072222223,25.863783805555556],[-80.14246886111111,25.874161472222223],[-80.14153155555556,25.88251775],[-80.13796005555557,25.89212736111111],[-80.13429000000001,25.894234694444442],[-80.12902583333333,25.897680972222222],[-80.13298008333332,25.902376722222222],[-80.1380955,25.903640666666664],[-80.14246250000001,25.901136694444443],[-80.15468016666667,25.88408088888889],[-80.1633193888889,25.878678083333334],[-80.16471580555556,25.870284277777778],[-80.17031980555556,25.867166861111112],[-80.17293897222223,25.843346305555553],[-80.18043133333333,25.836239833333334],[-80.17838652777779,25.820646027777777],[-80.18506530555555,25.814771722222222]]},"properties":{"style":"solid","thickness":1}},{"type":"Feature","geometry":{"type":"LineString","coordinates":[[-80.21545341666668,25.736644583333334],[-80.2186143888889,25.73409611111111],[-80.23393622222223,25.724347499999997],[-80.23838833333333,25.726918777777776],[-80.24851208333334,25.71398861111111],[-80.24918272222223,25.71190847222222],[-80.24562808333333,25.70732208333333],[-80.24476180555556,25.69851866666667],[-80.25599102777778,25.67766338888889],[-80.26306072222222,25.665482527777776],[-80.26615636111111,25.652321722222222],[-80.2717766388889,25.63867388888889],[-80.29944258333333,25.61916952777778],[-80.30567561111111,25.614309694444447],[-80.30697341666666,25.611319583333334],[-80.30786913888889,25.604139055555557],[-80.30293616666667,25.573818944444444],[-80.30248208333333,25.569472083333334],[-80.30770708333333,25.557310222222224],[-80.3109023611111,25.549464361111113],[-80.31358491666667,25.536114722222223],[-80.32428144444444,25.53573466666667],[-80.3311608611111,25.528639805555553],[-80.33099722222222,25.518489944444443],[-80.33236655555555,25.512078972222223],[-80.3338335,25.505854888888887],[-80.33730625,25.493327722222222],[-80.34064702777778,25.475428277777777],[-80.33744769444444,25.459386194444445],[-80.33123955555556,25.450412555555555],[-80.32881758333333,25.44255052777778],[-80.32840255555556,25.440417194444446]]},"properties":{"style":"solid","thickness":1}},{"type":"Feature","geometry":{"type":"LineString","coordinates":[[-80.14363902777778,25.751230583333335],[-80.1424598888889,25.749320416666666],[-80.14322113888889,25.744498111111113],[-80.14805480555556,25.738214361111112],[-80.16181861111112,25.731653777777776],[-80.16248425,25.73160022222222]]},"properties":{"style":"solid","thickness":1}},{"type":"Feature","geometry":{"type":"LineString","coordinates":[[-80.15854180555556,25.727200027777776],[-80.15761108333334,25.72839475],[-80.1533428888889,25.729130277777777],[-80.1479683888889,25.726275527777776],[-80.14764822222223,25.723230055555554]]},"properties":{"style":"solid","thickness":1}},{"type":"Feature","geometry":{"type":"LineString","coordinates":[[-80.32664747222222,25.43058313888889],[-80.32610777777778,25.41945252777778],[-80.32661341666666,25.414706888888887],[-80.32549141666667,25.409812777777777],[-80.32680747222221,25.401499444444443],[-80.32343197222222,25.393316444444444],[-80.31651183333334,25.388813166666665],[-80.30849636111111,25.390310805555554],[-80.29373091666666,25.38551975],[-80.28805455555555,25.376022722222224],[-80.28763855555556,25.374230027777777],[-80.28905563888888,25.373698444444447],[-80.30021502777778,25.377331722222223],[-80.31005894444444,25.373452055555557],[-80.31464766666666,25.36650188888889],[-80.32678294444445,25.357242805555558],[-80.33129202777778,25.34630738888889],[-80.34312841666666,25.33031097222222],[-80.34243402777777,25.322847333333332],[-80.34907844444444,25.32065136111111],[-80.35628419444444,25.32243036111111],[-80.36100747222221,25.326898916666668],[-80.36276555555555,25.32835925],[-80.3648696111111,25.32679825],[-80.36549447222221,25.32417127777778],[-80.37150563888888,25.317717833333333],[-80.37377019444443,25.309524083333333],[-80.37708588888889,25.30302175],[-80.37658997222222,25.29992952777778],[-80.37341330555554,25.296077555555556],[-80.37277619444444,25.294221111111113]]},"properties":{"style":"solid","thickness":1}},{"type":"Feature","geometry":{"type":"LineString","coordinates":[[-80.39644380555556,25.47850686111111],[-80.37068902777777,25.498594416666666]]},"properties":{"style":"solid","thickness":1}},{"type":"Feature","geometry":{"type":"LineString","coordinates":[[-80.49169102777778,25.90269022222222],[-80.51014552777778,25.901770777777777]]},"properties":{"style":"solid","thickness":1}},{"type":"Feature","geometry":{"type":"LineString","coordinates":[[-80.52859975,25.90084897222222],[-80.54705366666667,25.89992486111111]]},"properties":{"style":"solid","thickness":1}},{"type":"Feature","geometry":{"type":"LineString","coordinates":[[-80.56550730555556,25.898998416666664],[-80.58396061111111,25.898069638888888]]},"properties":{"style":"solid","thickness":1}},{"type":"Feature","geometry":{"type":"LineString","coordinates":[[-80.58684844444444,25.89373833333333],[-80.58736266666666,25.90208388888889]]},"properties":{"style":"solid","thickness":1}},{"type":"Feature","geometry":{"type":"LineString","coordinates":[[-80.16181313888889,25.83968586111111],[-80.16069169444445,25.839759583333333],[-80.16001827777778,25.83137027777778]]},"properties":{"style":"solid","thickness":1}},{"type":"Feature","geometry":{"type":"LineString","coordinates":[[-80.15180025000001,25.84041183333333],[-80.1552393888889,25.840185916666666],[-80.15584341666667,25.836473555555553],[-80.15519227777779,25.836788388888888],[-80.15462133333334,25.83716597222222],[-80.15327561111111,25.837254388888887],[-80.15259188888889,25.83716325],[-80.15188647222223,25.836801527777776],[-80.1510628888889,25.835903444444444],[-80.15084827777778,25.835101388888887],[-80.1507668888889,25.834086555555555],[-80.15115577777779,25.833312888888887],[-80.15161938888889,25.83253427777778],[-80.15182738888889,25.832316583333334],[-80.15224883333335,25.831948833333332],[-80.15298555555556,25.831764416666665],[-80.15380788888889,25.831710416666667],[-80.15441683333334,25.831806416666666],[-80.15518611111112,25.832027916666668],[-80.15590238888889,25.83252497222222],[-80.15599341666667,25.832723027777778]]},"properties":{"style":"solid","thickness":1}},{"type":"Feature","geometry":{"type":"LineString","coordinates":[[-80.50135263888889,26.027780944444444],[-80.49558741666667,26.028172722222223],[-80.49891530555556,26.019306999999998]]},"properties":{"style":"solid","thickness":1}},{"type":"Feature","geometry":{"type":"LineString","coordinates":[[-80.48698180555556,26.02338288888889],[-80.48715055555556,26.025412277777775],[-80.48747080555556,26.026547027777777],[-80.48766555555555,26.027078027777776],[-80.48792391666667,26.027468638888887],[-80.48888991666666,26.028219416666666],[-80.48981652777778,26.02849663888889],[-80.49011602777777,26.028476305555554],[-80.49098636111111,26.028077055555556],[-80.49174244444444,26.02720938888889],[-80.49200816666666,26.026783166666664],[-80.49211288888888,26.026231833333334],[-80.49224183333334,26.02506661111111],[-80.492073,26.02303722222222],[-80.49175272222222,26.0219025],[-80.49155794444445,26.0213715],[-80.49122472222223,26.02098597222222],[-80.49033363888888,26.020230138888888],[-80.48940708333333,26.019952916666664],[-80.48910761111111,26.01997325],[-80.48823730555556,26.02037247222222],[-80.48740638888889,26.02124522222222],[-80.48721552777778,26.021666333333332],[-80.48711077777777,26.022217666666666],[-80.48698180555556,26.02338288888889]]},"properties":{"style":"solid","thickness":1}},{"type":"Feature","geometry":{"type":"LineString","coordinates":[[-80.49338680555556,26.00394536111111],[-80.4986268611111,26.003589277777778],[-80.49476747222222,26.010586361111113],[-80.49406955555555,26.00219825]]},"properties":{"style":"solid","thickness":1}},{"type":"Feature","geometry":{"type":"LineString","coordinates":[[-80.48527047222223,26.005925083333334],[-80.48543916666667,26.007954472222224],[-80.48575933333333,26.009089222222222],[-80.48595405555555,26.00962022222222],[-80.48621238888889,26.010010861111112],[-80.48717822222223,26.010761638888887],[-80.48810469444444,26.01103888888889],[-80.4884041388889,26.011018555555555],[-80.48927438888889,26.010619305555554],[-80.49003036111111,26.00975163888889],[-80.49029602777777,26.009325444444446],[-80.49040075,26.008774083333332],[-80.49052969444445,26.007608861111112],[-80.49036091666667,26.005579472222223],[-80.49004069444445,26.00444475],[-80.48984597222223,26.00391375],[-80.48951277777778,26.003528194444446],[-80.48862183333334,26.002772361111113],[-80.48769544444444,26.00249511111111],[-80.487396,26.002515444444445],[-80.48652583333333,26.002914666666666],[-80.48569502777778,26.00378741666667],[-80.48550416666667,26.004208527777777],[-80.48539944444444,26.00475986111111],[-80.48527047222223,26.005925083333334]]},"properties":{"style":"solid","thickness":1}},{"type":"Feature","geometry":{"type":"LineString","coordinates":[[-80.16372230555557,25.854945444444446],[-80.15796405555557,25.855323916666666],[-80.16131236111111,25.846465166666665]]},"properties":{"style":"solid","thickness":1}},{"type":"Feature","geometry":{"type":"LineString","coordinates":[[-80.14938402777778,25.850513805555558],[-80.14954680555556,25.852543750000002],[-80.14986338888889,25.853679305555556],[-80.15005636111111,25.854210805555557],[-80.15031327777778,25.854602055555556],[-80.15127577777778,25.855355111111113],[-80.15220033333334,25.8556345],[-80.15249947222223,25.855614861111114],[-80.15336972222222,25.85521761111111],[-80.15412719444446,25.854351611111113],[-80.15439375000001,25.853925972222225],[-80.15449988888889,25.853374833333334],[-80.15463194444445,25.852209805555557],[-80.15446908333334,25.850179861111112],[-80.15415244444445,25.849044305555555],[-80.15395947222223,25.848512805555554],[-80.15362777777779,25.84812647222222],[-80.15274008333334,25.84736852777778],[-80.15181561111112,25.847089138888887],[-80.1515165,25.847108777777777],[-80.15064630555555,25.847506027777776],[-80.14981408333334,25.848376916666666],[-80.14962227777778,25.848797638888886],[-80.1495161388889,25.849348777777777],[-80.14938402777778,25.850513805555558]]},"properties":{"style":"solid","thickness":1}},{"type":"Feature","geometry":{"type":"LineString","coordinates":[[-80.19605466666667,25.7128185],[-80.19030341666667,25.713198249999998],[-80.19364530555556,25.704338666666665]]},"properties":{"style":"solid","thickness":1}},{"type":"Feature","geometry":{"type":"LineString","coordinates":[[-80.18173238888889,25.708389999999998],[-80.18189552777778,25.710419916666666],[-80.18221202777778,25.711555416666666],[-80.18240491666667,25.712086888888887],[-80.18266163888889,25.712478083333334],[-80.18362319444445,25.713230944444444],[-80.18454669444445,25.71351013888889],[-80.18484547222222,25.713490416666666],[-80.18571455555556,25.71309297222222],[-80.18647088888889,25.712226777777776],[-80.18673700000001,25.711801083333334],[-80.18684286111112,25.711249916666667],[-80.18697444444444,25.71008486111111],[-80.18681125,25.708054944444445],[-80.18649469444445,25.706919444444445],[-80.18630177777779,25.70638797222222],[-80.18597038888889,25.706001722222222],[-80.18508355555556,25.705243944444444],[-80.1841601388889,25.70496475],[-80.18386138888889,25.704984472222222],[-80.18299233333333,25.705381916666667],[-80.18216133333334,25.706253],[-80.18196988888889,25.706673777777777],[-80.18186402777778,25.707224944444445],[-80.18173238888889,25.708389999999998]]},"properties":{"style":"solid","thickness":1}},{"type":"Feature","geometry":{"type":"LineString","coordinates":[[-80.1258421111111,25.612161583333336],[-80.12009552777778,25.612538555555556],[-80.12343977777778,25.603680555555556]]},"properties":{"style":"solid","thickness":1}},{"type":"Feature","geometry":{"type":"LineString","coordinates":[[-80.11153461111111,25.60772613888889],[-80.11169641666666,25.609756166666667],[-80.112012,25.610891833333334],[-80.11220438888888,25.61142338888889],[-80.11246066666666,25.611814694444448],[-80.11342097222222,25.61256802777778],[-80.11434349999999,25.612847666666667],[-80.11464202777778,25.612828083333333],[-80.11551063888888,25.612431055555557],[-80.11626683333333,25.61156525],[-80.11653297222222,25.611139666666666],[-80.11663905555555,25.610588555555555],[-80.11677122222221,25.60942352777778],[-80.11660933333333,25.60739352777778],[-80.11629372222221,25.60625788888889],[-80.11610130555555,25.605726333333333],[-80.11577041666666,25.60533988888889],[-80.11488477777777,25.604581722222225],[-80.11396227777777,25.604302083333334],[-80.11366377777777,25.60432163888889],[-80.11279524999999,25.604718666666667],[-80.11196444444444,25.60558936111111],[-80.11177291666667,25.606010027777778],[-80.11166680555554,25.60656113888889],[-80.11153461111111,25.60772613888889]]},"properties":{"style":"solid","thickness":1}},{"type":"Feature","geometry":{"type":"LineString","coordinates":[[-80.34709241666665,25.7549055],[-80.34133961111111,25.755291222222223],[-80.34467149999999,25.746428194444444]]},"properties":{"style":"solid","thickness":1}},{"type":"Feature","geometry":{"type":"LineString","coordinates":[[-80.33275947222222,25.75049186111111],[-80.33292522222222,25.75252161111111],[-80.33324327777777,25.753656777777778],[-80.33343691666666,25.754188055555556],[-80.33369419444443,25.754578972222223],[-80.33465705555555,25.755330833333332],[-80.33558124999999,25.755609055555556],[-80.33588008333332,25.755589055555557],[-80.336749,25.755190694444444],[-80.3375045,25.75432372222222],[-80.33777016666666,25.75389775],[-80.3378753611111,25.753346472222223],[-80.33800552777777,25.752181277777776],[-80.33783969444444,25.750151527777778],[-80.33752158333333,25.749016361111114],[-80.33732794444444,25.748485111111112],[-80.33699594444444,25.748099194444446],[-80.3361078611111,25.747342361111112],[-80.33518372222221,25.74706411111111],[-80.33488491666667,25.74708413888889],[-80.33401605555555,25.747482472222224],[-80.3331858611111,25.748354444444445],[-80.33299488888889,25.74877538888889],[-80.33288966666666,25.74932666666667],[-80.33275947222222,25.75049186111111]]},"properties":{"style":"solid","thickness":1}},{"type":"Feature","geometry":{"type":"LineString","coordinates":[[-80.44425919444444,25.83776372222222],[-80.43850305555556,25.838153249999998],[-80.44182983333334,25.82928863888889]]},"properties":{"style":"solid","thickness":1}},{"type":"Feature","geometry":{"type":"LineString","coordinates":[[-80.42991355555556,25.833359972222222],[-80.43008105555556,25.835389444444445],[-80.43040025,25.836524333333333],[-80.43059444444445,25.837055416666665],[-80.43085219444445,25.837446166666666],[-80.43181627777778,25.838197305555553],[-80.43274127777778,25.838474916666666],[-80.43304030555556,25.838454694444444],[-80.43390944444445,25.838055777777775],[-80.43466472222222,25.837188388888887],[-80.43493022222222,25.836762277777776],[-80.43503502777779,25.836210972222222],[-80.43516433333333,25.83504575],[-80.43499672222222,25.833016277777777],[-80.4346775,25.83188138888889],[-80.43448330555556,25.831350305555556],[-80.43415080555556,25.83096463888889],[-80.4332615,25.830208444444445],[-80.43233658333334,25.829930833333332],[-80.43203755555557,25.829951055555554],[-80.43116847222223,25.830349944444443],[-80.43033847222223,25.83122238888889],[-80.43014772222223,25.831643444444445],[-80.43004288888889,25.83219475],[-80.42991355555556,25.833359972222222]]},"properties":{"style":"solid","thickness":1}},{"type":"Feature","geometry":{"type":"LineString","coordinates":[[-80.42089086111112,25.894027833333332],[-80.4151318888889,25.894416444444445],[-80.418462,25.885552416666666]]},"properties":{"style":"solid","thickness":1}},{"type":"Feature","geometry":{"type":"LineString","coordinates":[[-80.40653922222222,25.889621805555556],[-80.40670641666667,25.891651305555555],[-80.40702555555556,25.89278625],[-80.40721972222222,25.893317361111112],[-80.40747752777779,25.89370813888889],[-80.40844191666667,25.894459444444443],[-80.40936730555556,25.894737194444446],[-80.40966647222223,25.894717],[-80.41053611111111,25.894318249999998],[-80.41129191666667,25.893450972222222],[-80.41155761111112,25.89302488888889],[-80.41166258333334,25.89247361111111],[-80.41179216666667,25.891308416666668],[-80.4116248888889,25.889278916666665],[-80.41130575000001,25.888144],[-80.41111155555556,25.88761288888889],[-80.41077897222223,25.887227166666666],[-80.4098893888889,25.886470833333334],[-80.40896408333334,25.886193083333332],[-80.40866491666667,25.88621325],[-80.40779536111111,25.886612],[-80.40696477777779,25.887484305555557],[-80.40677386111112,25.887905333333332],[-80.40666886111111,25.88845661111111],[-80.40653922222222,25.889621805555556]]},"properties":{"style":"solid","thickness":1}},{"type":"Feature","geometry":{"type":"LineString","coordinates":[[-80.57364244444445,25.85408911111111],[-80.56788591666667,25.85448375],[-80.57120355555556,25.845616194444442]]},"properties":{"style":"solid","thickness":1}},{"type":"Feature","geometry":{"type":"LineString","coordinates":[[-80.55929002777778,25.849698083333333],[-80.55945975,25.85172741666667],[-80.55978022222222,25.85286202777778],[-80.559975,25.853392944444447],[-80.56023325,25.853783444444446],[-80.56119827777778,25.85453375],[-80.56212369444444,25.85481052777778],[-80.56242275,25.854790027777778],[-80.56329155555555,25.85439036111111],[-80.56404599999999,25.853522305555558],[-80.56431108333334,25.853095944444444],[-80.56441530555556,25.85254452777778],[-80.5645433611111,25.851379222222224],[-80.56437352777778,25.849349888888888],[-80.56405302777777,25.848215277777776],[-80.56385825,25.847684388888887],[-80.56352525,25.847299],[-80.56263502777777,25.846543583333332],[-80.56170966666666,25.84626683333333],[-80.56141063888889,25.846287305555553],[-80.5605418611111,25.846686972222223],[-80.55971269444444,25.847560138888888],[-80.5595223611111,25.84798136111111],[-80.55941811111111,25.848532777777777],[-80.55929002777778,25.849698083333333]]},"properties":{"style":"solid","thickness":1}},{"type":"Feature","geometry":{"type":"LineString","coordinates":[[-80.57102908333333,25.836609888888887],[-80.57099963888888,25.837156194444443],[-80.57087844444445,25.837504694444444],[-80.57040613888888,25.838149416666667],[-80.56998025,25.83845075],[-80.56955438888889,25.83875211111111],[-80.56889291666667,25.838933527777776],[-80.56851913888889,25.83895913888889],[-80.5676855,25.838880222222222],[-80.56697308333332,25.838452777777775],[-80.56648491666667,25.83801],[-80.56637619444444,25.83760922222222],[-80.56626297222222,25.836256249999998],[-80.56652799999999,25.83582986111111],[-80.56701166666666,25.83532044444444],[-80.56763913888888,25.834733138888886],[-80.56816238888888,25.834697277777778]]},"properties":{"style":"solid","thickness":1}},{"type":"Feature","geometry":{"type":"LineString","coordinates":[[-80.56763913888888,25.834733138888886],[-80.56670247222222,25.834321083333332],[-80.56638080555555,25.834070999999998],[-80.56596741666667,25.833623055555556],[-80.56587569444444,25.833425249999998],[-80.56575,25.832821527777778],[-80.565733,25.832618583333332],[-80.56576247222222,25.83207225],[-80.565878,25.831656111111112],[-80.56621213888889,25.83115697222222],[-80.56663233333333,25.830787972222222],[-80.56734586111111,25.83033086111111],[-80.5690651111111,25.830213],[-80.56960533333333,25.830380055555555],[-80.57047288888889,25.83086488888889],[-80.57063372222221,25.830989916666667],[-80.5709146111111,25.831651027777777],[-80.57093727777777,25.83192163888889]]},"properties":{"style":"solid","thickness":1}},{"type":"Feature","geometry":{"type":"LineString","coordinates":[[-80.55767558333334,25.83425913888889],[-80.55784527777777,25.83628861111111],[-80.55816569444444,25.837423305555554],[-80.55836047222222,25.83795425],[-80.55861866666666,25.838344777777777],[-80.55958361111111,25.839095138888887],[-80.56050897222222,25.839371944444444],[-80.560808,25.83935147222222],[-80.56167677777778,25.838951777777776],[-80.56243116666667,25.838083638888886],[-80.56269625,25.837657277777776],[-80.56280047222222,25.837105833333332],[-80.56292852777777,25.835940444444443],[-80.56275875,25.83391097222222],[-80.56243827777777,25.832776305555555],[-80.5622435,25.83224536111111],[-80.56191055555556,25.831859944444446],[-80.56102038888889,25.831104472222222],[-80.56009508333334,25.830827694444444],[-80.55979608333332,25.830848166666666],[-80.5589273611111,25.831247833333332],[-80.55809825,25.832121055555554],[-80.55790791666666,25.832542305555556],[-80.55780366666666,25.83309375],[-80.55767558333334,25.83425913888889]]},"properties":{"style":"solid","thickness":1}},{"type":"Feature","geometry":{"type":"LineString","coordinates":[[-80.12461452777777,25.595133444444443],[-80.12458311111111,25.59567963888889],[-80.12446088888888,25.59602772222222],[-80.12398716666667,25.59667097222222],[-80.12356105555556,25.59697097222222],[-80.12313497222222,25.597271],[-80.12247422222221,25.597450388888888],[-80.12210113888888,25.59747486111111],[-80.12126955555554,25.59739338888889],[-80.12056022222221,25.596963805555554],[-80.12007472222221,25.596519527777776],[-80.11996772222221,25.596118444444443],[-80.11985980555555,25.59476522222222],[-80.1201258611111,25.594339666666666],[-80.12061038888888,25.593831777777776],[-80.12123874999999,25.593246416666666],[-80.12176105555555,25.593212138888887]]},"properties":{"style":"solid","thickness":1}},{"type":"Feature","geometry":{"type":"LineString","coordinates":[[-80.12123874999999,25.593246416666666],[-80.12030558333333,25.592831527777776],[-80.11998555555554,25.592580444444444],[-80.11957469444444,25.592131277777778],[-80.11948388888888,25.591933194444444],[-80.11936072222221,25.59132911111111],[-80.11934452777777,25.59112613888889],[-80.11937597222222,25.590579944444443],[-80.11949280555555,25.590164166666664],[-80.1198281111111,25.589666055555554],[-80.12024877777777,25.58929838888889],[-80.12096252777778,25.58884347222222],[-80.12267858333333,25.588730888888886],[-80.12321705555554,25.58889961111111],[-80.12408097222222,25.589387055555555],[-80.124241,25.58951258333333],[-80.12451883333333,25.5901745],[-80.12454041666666,25.590445166666665]]},"properties":{"style":"solid","thickness":1}},{"type":"Feature","geometry":{"type":"LineString","coordinates":[[-80.11129794444444,25.592741916666665],[-80.11145972222222,25.594771805555553],[-80.11177522222222,25.595907388888886],[-80.11196761111111,25.596438916666667],[-80.11222380555554,25.59683022222222],[-80.11318394444444,25.5975835],[-80.11410630555555,25.59786311111111],[-80.11440477777778,25.597843555555553],[-80.11527322222221,25.597446527777777],[-80.11602925,25.596580777777778],[-80.1162953611111,25.596155222222222],[-80.11640141666666,25.595604138888888],[-80.11653355555555,25.59443922222222],[-80.11637172222221,25.592409333333332],[-80.11605616666667,25.59127375],[-80.11586377777778,25.590742249999998],[-80.11553294444444,25.590355833333334],[-80.11464749999999,25.589597694444443],[-80.11372516666665,25.589318083333332],[-80.11342672222221,25.58933763888889],[-80.11255833333333,25.58973463888889],[-80.11172769444444,25.590605277777776],[-80.11153622222221,25.591025916666666],[-80.11143013888888,25.591576999999997],[-80.11129794444444,25.592741916666665]]},"properties":{"style":"solid","thickness":1}},{"type":"Feature","geometry":{"type":"LineString","coordinates":[[-80.41933427777778,25.876519333333334],[-80.41936775,25.876925222222223],[-80.41925725,25.87740886111111],[-80.41900833333334,25.878037916666667],[-80.41874269444445,25.878464],[-80.41831630555556,25.878764888888888],[-80.41772922222222,25.878940555555555],[-80.41660747222222,25.87901625],[-80.41577372222223,25.87893647222222],[-80.41538308333334,25.87875875],[-80.41482055555556,25.8783205],[-80.41464311111112,25.877992333333335],[-80.41444894444444,25.877461222222223],[-80.41435969444446,25.876378833333334],[-80.41447580555555,25.875962833333332],[-80.41503169444445,25.87449677777778],[-80.41585097222223,25.87348913888889],[-80.41716577777778,25.872107916666668],[-80.41874619444445,25.870300583333332],[-80.41403525000001,25.870618472222223]]},"properties":{"style":"solid","thickness":1}},{"type":"Feature","geometry":{"type":"LineString","coordinates":[[-80.40600241666667,25.874425444444444],[-80.40616955555556,25.876454972222223],[-80.40648863888889,25.87758988888889],[-80.40668277777779,25.878121027777777],[-80.40694055555556,25.878511805555554],[-80.40790483333333,25.87926311111111],[-80.40883008333334,25.87954086111111],[-80.40912922222223,25.879520666666668],[-80.40999875,25.879121916666666],[-80.41075444444445,25.87825463888889],[-80.4110201388889,25.877828555555556],[-80.41112511111112,25.87727727777778],[-80.41125466666668,25.876112083333332],[-80.41108741666667,25.874082583333333],[-80.41076830555556,25.87294766666667],[-80.41057416666668,25.872416555555557],[-80.41024161111112,25.872030805555557],[-80.40935216666668,25.871274472222222],[-80.40842694444444,25.87099675],[-80.40812783333334,25.87101691666667],[-80.40725836111112,25.871415666666667],[-80.40642791666667,25.872287944444444],[-80.406237,25.872708972222224],[-80.40613202777779,25.873260277777778],[-80.40600241666667,25.874425444444444]]},"properties":{"style":"solid","thickness":1}},{"type":"Feature","geometry":{"type":"LineString","coordinates":[[-80.19268730555557,25.696919055555554],[-80.19156716666667,25.69699302777778],[-80.19089236111111,25.68860325]]},"properties":{"style":"solid","thickness":1}},{"type":"Feature","geometry":{"type":"LineString","coordinates":[[-80.18218727777779,25.692374666666666],[-80.18235036111112,25.694404444444444],[-80.18266683333334,25.695539888888888],[-80.18285969444445,25.696071305555556],[-80.18311633333334,25.6964625],[-80.18407772222223,25.69721527777778],[-80.18500102777779,25.697494444444445],[-80.18529975,25.69747475],[-80.18616866666667,25.697077305555556],[-80.18692483333334,25.696211194444444],[-80.18719091666667,25.69578552777778],[-80.18729675,25.69523438888889],[-80.18742827777778,25.694069388888888],[-80.18726511111112,25.692039583333333],[-80.18694861111112,25.690904166666666],[-80.18675575,25.69037275],[-80.18642441666667,25.6899865],[-80.18553775000001,25.689228805555555],[-80.18461450000001,25.68894963888889],[-80.18431583333334,25.688969333333333],[-80.18344694444446,25.68936675],[-80.18261611111112,25.690237805555554],[-80.18242472222222,25.690658527777778],[-80.18231886111111,25.691209666666666],[-80.18218727777779,25.692374666666666]]},"properties":{"style":"solid","thickness":1}},{"type":"Feature","geometry":{"type":"LineString","coordinates":[[-80.43975825,25.82319352777778],[-80.438637,25.82326938888889],[-80.43794408333333,25.814880305555555]]},"properties":{"style":"solid","thickness":1}},{"type":"Feature","geometry":{"type":"LineString","coordinates":[[-80.42974719444445,25.82393863888889],[-80.43318575,25.823706166666668],[-80.43378113888889,25.819992194444445],[-80.43313075,25.820308305555557],[-80.43256066666667,25.820687],[-80.43121519444445,25.82077797222222],[-80.43053127777779,25.820688166666667],[-80.42982502777778,25.82032772222222],[-80.42899936111111,25.819431083333335],[-80.42878288888889,25.818629333333334],[-80.42869913888889,25.817614527777778],[-80.42908622222222,25.81684002777778],[-80.42954802777778,25.816060444444446],[-80.42975552777779,25.815842333333332],[-80.43017608333334,25.815473722222222],[-80.4309123888889,25.81528788888889],[-80.43173458333334,25.815232305555558],[-80.43234372222223,25.815327166666666],[-80.43311352777778,25.81554722222222],[-80.43383091666666,25.816042972222224],[-80.43392244444445,25.81624088888889]]},"properties":{"style":"solid","thickness":1}},{"type":"Feature","geometry":{"type":"LineString","coordinates":[[-80.41177419444445,25.70294133333333],[-80.4060245,25.703329611111112],[-80.40934991666667,25.69446563888889]]},"properties":{"style":"solid","thickness":1}},{"type":"Feature","geometry":{"type":"LineString","coordinates":[[-80.39744608333334,25.69853436111111],[-80.39761283333334,25.700563888888887],[-80.39793136111112,25.70169886111111],[-80.39812516666667,25.70223],[-80.39838255555556,25.702620805555554],[-80.39934533333334,25.703372166666664],[-80.40026919444445,25.703649972222223],[-80.4005678888889,25.703629833333334],[-80.4014361388889,25.703231111111112],[-80.40219080555556,25.70236386111111],[-80.40245611111112,25.701937805555556],[-80.40256094444445,25.701386527777778],[-80.40269041666667,25.70022133333333],[-80.40252355555556,25.69819177777778],[-80.40220500000001,25.697056833333335],[-80.40201116666667,25.696525694444446],[-80.4016791388889,25.696139944444443],[-80.40079108333335,25.695383555555555],[-80.39986727777779,25.69510575],[-80.39956861111112,25.69512588888889],[-80.3987003888889,25.695524583333334],[-80.39787108333334,25.69639686111111],[-80.39768044444445,25.69681788888889],[-80.39757558333334,25.697369166666668],[-80.39744608333334,25.69853436111111]]},"properties":{"style":"solid","thickness":1}},{"type":"Feature","geometry":{"type":"LineString","coordinates":[[-80.41022219444444,25.686166416666666],[-80.41025558333334,25.686572333333334],[-80.41014522222223,25.687055972222222],[-80.40989666666667,25.687685000000002],[-80.40963141666667,25.688111083333332],[-80.40920569444445,25.688411944444443],[-80.40861952777779,25.688587583333334],[-80.40749961111112,25.688663194444445],[-80.40666719444445,25.68858336111111],[-80.40627719444446,25.68840561111111],[-80.40571561111112,25.687967333333333],[-80.40553847222223,25.687639166666667],[-80.40534463888889,25.68710802777778],[-80.40525563888889,25.686025611111113],[-80.40537158333333,25.68560961111111],[-80.40592669444445,25.684143583333334],[-80.40674472222223,25.683135972222225],[-80.40805752777779,25.681754805555556],[-80.40963555555557,25.679947555555557],[-80.4049321388889,25.68026516666667]]},"properties":{"style":"solid","thickness":1}},{"type":"Feature","geometry":{"type":"LineString","coordinates":[[-80.39691191666667,25.684071666666668],[-80.39707866666667,25.686101222222224],[-80.39739713888889,25.687236194444445],[-80.39759091666667,25.687767333333333],[-80.39784825000001,25.688158138888888],[-80.39881091666668,25.688909527777778],[-80.39973466666667,25.689187333333333],[-80.40003333333334,25.689167166666667],[-80.40090147222223,25.688768472222222],[-80.40165602777779,25.687901222222223],[-80.40192133333333,25.687475166666665],[-80.40202616666667,25.68692386111111],[-80.40215561111111,25.68575866666667],[-80.40198877777779,25.68372913888889],[-80.40167027777778,25.682594166666668],[-80.40147647222223,25.68206302777778],[-80.40114447222223,25.68167727777778],[-80.40025652777778,25.680920888888892],[-80.39933283333335,25.680643083333333],[-80.39903419444445,25.680663222222222],[-80.39816611111112,25.681061916666668],[-80.3973368888889,25.681934194444445],[-80.39714627777778,25.682355194444444],[-80.39704141666667,25.6829065],[-80.39691191666667,25.684071666666668]]},"properties":{"style":"solid","thickness":1}},{"type":"Feature","geometry":{"type":"LineString","coordinates":[[-80.34617322222222,25.73981036111111],[-80.34690088888888,25.740441833333335],[-80.34705580555556,25.740499472222222],[-80.34803799999999,25.74056963888889],[-80.34884866666667,25.740379194444447],[-80.34927474999999,25.7400785],[-80.34969527777777,25.73971013888889],[-80.35001899999999,25.739076166666667],[-80.34989169444444,25.73752002777778],[-80.34939369444444,25.736941194444444],[-80.34907277777778,25.73669061111111],[-80.34791905555555,25.736359833333335],[-80.3466215,25.736106722222225],[-80.34569191666667,25.735760916666667],[-80.34535994444444,25.735375],[-80.34513311111111,25.734437805555558],[-80.34521058333333,25.733548250000002],[-80.34553983333333,25.732981944444443],[-80.34589119444443,25.732686249999997],[-80.34617338888889,25.73246325],[-80.34653027777777,25.732235222222222],[-80.3473353611111,25.73197711111111],[-80.34778352777778,25.731947055555555],[-80.34824277777777,25.732052305555555],[-80.3488625,25.732282833333333],[-80.34925811111111,25.732528416666664],[-80.34982525,25.733034583333332]]},"properties":{"style":"solid","thickness":1}},{"type":"Feature","geometry":{"type":"LineString","coordinates":[[-80.34215611111111,25.73661027777778],[-80.33789819444443,25.736895694444446]]},"properties":{"style":"solid","thickness":1}},{"type":"Feature","geometry":{"type":"LineString","coordinates":[[-80.33802783333333,25.741240833333336],[-80.34251002777778,25.74094038888889],[-80.34180775,25.732347833333332]]},"properties":{"style":"solid","thickness":1}},{"type":"Feature","geometry":{"type":"LineString","coordinates":[[-80.32895555555555,25.741440361111113],[-80.3294258611111,25.741680972222223],[-80.32995983333333,25.74178127777778],[-80.33175272222222,25.741661222222223],[-80.33241402777777,25.74148086111111],[-80.33263261111111,25.741398194444447],[-80.33370344444444,25.740714222222223],[-80.33432049999999,25.739992611111113],[-80.33448936111111,25.739301],[-80.33491280555555,25.73804813888889],[-80.33478572222222,25.736492000000002],[-80.33457555555555,25.73575775],[-80.33430172222222,25.73516386111111],[-80.33394766666666,25.73450727777778],[-80.33313991666667,25.733813083333335],[-80.33166538888888,25.733231555555555],[-80.33067774999999,25.73309361111111],[-80.32985605555555,25.73314863888889],[-80.32882683333332,25.73342163888889],[-80.32846991666666,25.73364963888889],[-80.32818216666666,25.733804944444444]]},"properties":{"style":"solid","thickness":1}},{"type":"Feature","geometry":{"type":"LineString","coordinates":[[-80.0938961111111,25.89605575],[-80.08813636111111,25.896431444444445],[-80.09149058333333,25.887575444444444]]},"properties":{"style":"solid","thickness":1}},{"type":"Feature","geometry":{"type":"LineString","coordinates":[[-80.07955727777778,25.89161783333333],[-80.07971888888889,25.893647583333333],[-80.08003488888889,25.89478313888889],[-80.08022758333333,25.895314666666668],[-80.08048433333333,25.895706],[-80.0814466111111,25.896459416666666],[-80.08237119444443,25.896739222222223],[-80.08267038888889,25.896719722222223],[-80.08354108333333,25.896322916666666],[-80.08429922222221,25.895457416666666],[-80.08456608333333,25.895031944444444],[-80.08467255555556,25.894480944444442],[-80.08480533333334,25.89331613888889],[-80.0846436111111,25.89128638888889],[-80.08432758333333,25.890150833333333],[-80.08413488888888,25.889619305555556],[-80.08380336111111,25.88923286111111],[-80.08291591666666,25.888474583333334],[-80.08199138888888,25.888194777777777],[-80.08169219444444,25.888214277777777],[-80.08082158333333,25.888611055555554],[-80.07998866666667,25.889481444444446],[-80.07979658333333,25.889902],[-80.07969008333333,25.890453027777777],[-80.07955727777778,25.89161783333333]]},"properties":{"style":"solid","thickness":1}},{"type":"Feature","geometry":{"type":"LineString","coordinates":[[-80.09155522222221,25.878751555555557],[-80.09152358333333,25.879297694444446],[-80.09140094444444,25.87964572222222],[-80.09092594444444,25.880288805555555],[-80.09049877777777,25.88058872222222],[-80.09007158333333,25.88088861111111],[-80.08940924999999,25.881067833333333],[-80.08903527777777,25.88109222222222],[-80.08820177777777,25.881010555555555],[-80.08749091666667,25.880580861111113],[-80.08700441666666,25.8801365],[-80.08689727777778,25.879735444444446],[-80.08678947222222,25.878382277777778],[-80.08705627777778,25.877956805555556],[-80.08754208333333,25.877449083333335],[-80.08817205555555,25.876863916666668],[-80.08869558333333,25.87682977777778]]},"properties":{"style":"solid","thickness":1}},{"type":"Feature","geometry":{"type":"LineString","coordinates":[[-80.08817205555555,25.876863916666668],[-80.08723686111111,25.876448833333335],[-80.08691613888888,25.876197694444446],[-80.08650444444444,25.875748472222224],[-80.08641349999999,25.87555038888889],[-80.08629019444444,25.874946333333334],[-80.08627402777778,25.87474336111111],[-80.08630566666666,25.87419722222222],[-80.08642291666666,25.87378152777778],[-80.0867591111111,25.87328352777778],[-80.08718088888888,25.872915972222224],[-80.08789641666667,25.87246125],[-80.08961652777778,25.872349083333333],[-80.09015619444445,25.87251788888889],[-80.091022,25.8730055],[-80.09118236111111,25.873131055555557],[-80.09146066666666,25.873793],[-80.09148222222221,25.874063638888888]]},"properties":{"style":"solid","thickness":1}},{"type":"Feature","geometry":{"type":"LineString","coordinates":[[-80.07820819444444,25.876357194444445],[-80.07836977777778,25.878386944444443],[-80.07868572222222,25.879522527777777],[-80.07887838888888,25.880054055555554],[-80.07913508333333,25.88044538888889],[-80.08009725,25.881198805555556],[-80.08102169444444,25.881478611111113],[-80.08132086111111,25.881459111111113],[-80.08219144444445,25.881062333333333],[-80.0829495,25.880196805555556],[-80.08321633333333,25.87977136111111],[-80.08332280555555,25.879220361111113],[-80.08345555555555,25.87805552777778],[-80.08329388888889,25.876025805555557],[-80.08297791666666,25.874890222222223],[-80.08278525,25.874358722222222],[-80.08245375,25.87397225],[-80.08156644444443,25.873213972222224],[-80.08064205555556,25.872934166666667],[-80.08034288888888,25.872953666666668],[-80.0794723611111,25.873350444444444],[-80.07863955555555,25.874220805555556],[-80.0784475,25.87464138888889],[-80.078341,25.87519238888889],[-80.07820819444444,25.876357194444445]]},"properties":{"style":"solid","thickness":1}},{"type":"Feature","geometry":{"type":"LineString","coordinates":[[-80.70983113888889,25.86670586111111],[-80.7040745,25.86710588888889],[-80.70738236111112,25.858235305555556]]},"properties":{"style":"solid","thickness":1}},{"type":"Feature","geometry":{"type":"LineString","coordinates":[[-80.69547230555555,25.862328277777777],[-80.69564436111112,25.864357444444448],[-80.69596613888889,25.865491722222224],[-80.69616155555556,25.866022472222223],[-80.69642025,25.866412722222222],[-80.69738622222222,25.86716211111111],[-80.69831205555556,25.86743802777778],[-80.69861111111112,25.86741727777778],[-80.69947958333334,25.867016777777778],[-80.70023308333333,25.866148000000003],[-80.70049772222222,25.86572141666667],[-80.70060133333334,25.86516991666667],[-80.70072805555556,25.8640045],[-80.70055591666667,25.861975333333334],[-80.70023408333334,25.860841055555557],[-80.70003866666667,25.860310333333334],[-80.69970522222222,25.85992525],[-80.69881402777779,25.859170694444447],[-80.69788827777778,25.858894777777778],[-80.69758922222222,25.85891555555556],[-80.69672083333333,25.85931602777778],[-80.69589255555556,25.860189972222223],[-80.69570269444445,25.86061136111111],[-80.69559908333333,25.86116286111111],[-80.69547230555555,25.862328277777777]]},"properties":{"style":"solid","thickness":1}},{"type":"Feature","geometry":{"type":"LineString","coordinates":[[-80.70194252777777,25.8448995],[-80.70717519444445,25.844535916666665],[-80.703333,25.85153902777778],[-80.70262133333334,25.843151305555555]]},"properties":{"style":"solid","thickness":1}},{"type":"Feature","geometry":{"type":"LineString","coordinates":[[-80.69384011111111,25.84689097222222],[-80.69401211111112,25.848920277777776],[-80.69433386111112,25.85005463888889],[-80.69452925,25.850585416666668],[-80.69478794444444,25.850975694444447],[-80.69575383333334,25.85172513888889],[-80.69667961111111,25.852001083333334],[-80.6969786388889,25.851980333333334],[-80.69784705555556,25.851579833333336],[-80.69860052777778,25.850711],[-80.69886513888889,25.85028438888889],[-80.69896875,25.84973286111111],[-80.6990955,25.848567361111108],[-80.69892338888889,25.846538055555556],[-80.69860158333334,25.845403694444443],[-80.69840619444444,25.844872944444443],[-80.69807277777778,25.844487833333332],[-80.69718166666667,25.84373322222222],[-80.69625594444445,25.843457277777777],[-80.69595694444445,25.843478027777778],[-80.69508858333333,25.843878527777775],[-80.69426036111112,25.844752527777775],[-80.69407052777778,25.845173944444443],[-80.6939668888889,25.84572547222222],[-80.69384011111111,25.84689097222222]]},"properties":{"style":"solid","thickness":1}},{"type":"Feature","geometry":{"type":"LineString","coordinates":[[-79.90868880555556,25.700518305555555],[-79.90293755555557,25.700886805555555],[-79.90630002777779,25.692034222222222]]},"properties":{"style":"solid","thickness":1}},{"type":"Feature","geometry":{"type":"LineString","coordinates":[[-79.89437933333333,25.696062055555554],[-79.89453761111112,25.698092194444445],[-79.8948513888889,25.69922825],[-79.89504297222223,25.699760055555554],[-79.89529869444445,25.70015175],[-79.89625830555556,25.700906416666665],[-79.897181,25.701187416666667],[-79.89747977777779,25.70116827777778],[-79.89834969444445,25.700772555555556],[-79.89910794444445,25.699907888888887],[-79.89937505555557,25.69948275],[-79.89948219444445,25.698931805555556],[-79.89961652777778,25.697767055555556],[-79.89945816666668,25.695736944444445],[-79.8991443888889,25.694600861111113],[-79.89895277777778,25.694069083333332],[-79.89862236111112,25.693682166666665],[-79.89773747222223,25.69292272222222],[-79.89681483333334,25.69264175],[-79.89651611111111,25.69266086111111],[-79.89564625000001,25.693056583333334],[-79.89481330555556,25.693926],[-79.8946208888889,25.69434638888889],[-79.89451372222223,25.694897305555557],[-79.89437933333333,25.696062055555554]]},"properties":{"style":"solid","thickness":1}},{"type":"Feature","geometry":{"type":"LineString","coordinates":[[-79.90185291666667,25.68534438888889],[-79.90528850000001,25.685124305555554],[-79.9058995,25.681412416666667],[-79.90524847222223,25.681726194444444],[-79.90467741666667,25.682102833333335],[-79.90333308333334,25.682188972222225],[-79.90265036111111,25.682096694444446],[-79.90194652777778,25.681733694444446],[-79.90112577777778,25.680834083333334],[-79.90091305555556,25.68003155555556],[-79.90083386111111,25.679016416666666],[-79.9012238888889,25.678243277777778],[-79.90168861111111,25.67746538888889],[-79.90189680555557,25.677248000000002],[-79.9023185,25.67688091666667],[-79.90305475000001,25.676697722222222],[-79.90387625000001,25.676645083333334],[-79.90448425000001,25.676742166666667],[-79.90525219444444,25.676965000000003],[-79.90596658333334,25.677463333333336],[-79.90605711111111,25.677661555555556]]},"properties":{"style":"solid","thickness":1}},{"type":"Feature","geometry":{"type":"LineString","coordinates":[[-79.89270311111112,25.680625194444445],[-79.89286136111112,25.682655444444446],[-79.89317508333335,25.68379161111111],[-79.89336666666668,25.684323444444445],[-79.89362236111111,25.684715166666667],[-79.89458191666667,25.68546988888889],[-79.89550452777779,25.685750916666667],[-79.89580327777779,25.68573177777778],[-79.8966731388889,25.68533602777778],[-79.89743136111112,25.684471333333335],[-79.89769844444444,25.68404616666667],[-79.89780561111112,25.683495194444443],[-79.89793994444445,25.682330361111113],[-79.8977816388889,25.680300111111112],[-79.89746786111112,25.679163972222224],[-79.89727627777778,25.67863213888889],[-79.8969458888889,25.678245194444447],[-79.89606105555556,25.677485694444446],[-79.8951385,25.677204694444445],[-79.89483977777779,25.677223805555556],[-79.89396997222222,25.677619555555555],[-79.89313708333334,25.67848902777778],[-79.89294466666668,25.678909416666666],[-79.89283750000001,25.67946036111111],[-79.89270311111112,25.680625194444445]]},"properties":{"style":"solid","thickness":1}},{"type":"Feature","geometry":{"type":"LineString","coordinates":[[-80.5121578888889,25.842369666666666],[-80.50640175,25.84276186111111],[-80.50972363888889,25.83389572222222]]},"properties":{"style":"solid","thickness":1}},{"type":"Feature","geometry":{"type":"LineString","coordinates":[[-80.49780922222223,25.837972583333332],[-80.49797788888888,25.840002],[-80.49829772222222,25.84113672222222],[-80.49849222222223,25.841667722222223],[-80.49875022222223,25.84205833333333],[-80.49971477777778,25.842809027777776],[-80.50063994444444,25.843086194444442],[-80.50093897222222,25.84306586111111],[-80.50180791666666,25.842666527777777],[-80.50256272222222,25.841798777777775],[-80.502828,25.841372555555555],[-80.5029325,25.840821194444445],[-80.5030611388889,25.839655916666665],[-80.5028923888889,25.837626527777775],[-80.5025725,25.836491805555553],[-80.502378,25.835960805555555],[-80.50204525,25.835575277777778],[-80.5011555,25.8348195],[-80.5002303888889,25.83454233333333],[-80.4999313888889,25.834562694444443],[-80.49906247222222,25.834961999999997],[-80.49823294444444,25.835834805555553],[-80.49804241666666,25.836255972222222],[-80.49793788888888,25.836807305555553],[-80.49780922222223,25.837972583333332]]},"properties":{"style":"solid","thickness":1}},{"type":"Feature","geometry":{"type":"LineString","coordinates":[[-80.50918202777778,25.825451944444445],[-80.50921580555556,25.82585786111111],[-80.50910572222222,25.82634161111111],[-80.50885736111111,25.826970833333334],[-80.50859213888889,25.82739711111111],[-80.50816613888888,25.827698277777777],[-80.50757938888889,25.827874333333334],[-80.50645813888889,25.827950722222223],[-80.50562461111112,25.827871444444444],[-80.505234,25.827693944444444],[-80.50467136111111,25.82725602777778],[-80.50449372222222,25.826927944444446],[-80.50429922222222,25.826396916666667],[-80.50420922222222,25.8253145],[-80.50432494444445,25.824898416666667],[-80.50487955555556,25.823431916666667],[-80.50569775,25.822423694444446],[-80.50701105555555,25.821041583333333],[-80.50858952777777,25.819233166666667],[-80.50388055555555,25.819553972222224]]},"properties":{"style":"solid","thickness":1}},{"type":"Feature","geometry":{"type":"LineString","coordinates":[[-80.49585352777778,25.82336613888889],[-80.49602216666666,25.825395666666665],[-80.49634197222223,25.8265305],[-80.49653644444444,25.82706152777778],[-80.49679441666667,25.827452166666667],[-80.4977588888889,25.828202944444445],[-80.49868402777778,25.82848013888889],[-80.49898302777778,25.828459777777777],[-80.49985191666667,25.828060444444443],[-80.50060669444444,25.827192666666665],[-80.50087197222223,25.82676638888889],[-80.50097647222222,25.826215],[-80.50110511111112,25.825049666666665],[-80.50093641666666,25.82302011111111],[-80.50061655555555,25.821885333333334],[-80.50042208333333,25.82135427777778],[-80.50008936111111,25.82096875],[-80.49919966666667,25.82021288888889],[-80.49827461111111,25.819935694444442],[-80.49797563888889,25.819956055555554],[-80.49710677777777,25.820355361111112],[-80.49627727777778,25.82122825],[-80.49608675,25.821649416666666],[-80.49598222222222,25.822200805555557],[-80.49585352777778,25.82336613888889]]},"properties":{"style":"solid","thickness":1}},{"type":"Feature","geometry":{"type":"LineString","coordinates":[[-80.38017208333332,25.490868722222224],[-80.38017077777778,25.489089805555558]]},"properties":{"style":"solid","thickness":1}},{"type":"Feature","geometry":{"type":"LineString","coordinates":[[-80.37966683333333,25.491080472222222],[-80.37966522222221,25.488878694444445]]},"properties":{"style":"solid","thickness":1}},{"type":"Feature","geometry":{"type":"LineString","coordinates":[[-80.37916144444443,25.491080750000002],[-80.37915983333333,25.488878972222224]]},"properties":{"style":"solid","thickness":1}},{"type":"Feature","geometry":{"type":"LineString","coordinates":[[-80.37865588888889,25.49086963888889],[-80.3786546111111,25.489090722222222]]},"properties":{"style":"solid","thickness":1}},{"type":"Feature","geometry":{"type":"LineString","coordinates":[[-80.37809930555555,25.4899805],[-80.37812058333333,25.490193444444447],[-80.37818338888889,25.490399500000002],[-80.37828574999999,25.490592083333333],[-80.37842433333333,25.490765],[-80.37859472222222,25.49091263888889],[-80.37879141666666,25.491030305555558],[-80.37900808333333,25.491114222222222],[-80.37923780555555,25.491161666666667],[-80.37947313888888,25.49117111111111],[-80.37970658333333,25.49114227777778],[-80.37993058333333,25.491076055555556],[-80.38013794444444,25.490974611111113],[-80.38032202777777,25.490841194444446],[-80.38047691666667,25.490680083333334],[-80.3805976111111,25.490496472222222],[-80.38068022222221,25.49029625],[-80.38072213888888,25.490085833333335],[-80.38072199999999,25.48987202777778],[-80.38067977777777,25.489661666666667],[-80.38059683333333,25.489461555555557],[-80.38047588888888,25.489278083333335],[-80.38032077777777,25.48911713888889],[-80.38013649999999,25.488983944444445],[-80.37992897222222,25.488882750000002],[-80.37970488888888,25.488816833333335],[-80.37947141666666,25.488788250000002],[-80.37923608333332,25.488798],[-80.37900647222222,25.488845694444446],[-80.37878991666666,25.488929861111114],[-80.37859338888889,25.489047777777778],[-80.37842322222221,25.48919563888889],[-80.3782848611111,25.489368694444444],[-80.37818280555555,25.48956138888889],[-80.37812027777777,25.48976752777778],[-80.37809930555555,25.4899805]]},"properties":{"style":"solid","thickness":1}},{"type":"Feature","geometry":{"type":"LineString","coordinates":[[-80.33908280555555,25.799983416666667],[-80.33924358333333,25.801594222222224],[-80.33971952777777,25.803153138888888],[-80.34049533333332,25.804610083333333],[-80.34154608333333,25.80591822222222],[-80.342838,25.80703547222222],[-80.34432958333333,25.807925944444445],[-80.34597288888888,25.808561027777777],[-80.34771505555555,25.80892027777778],[-80.34950008333333,25.808992166666666],[-80.3512706111111,25.808774361111112],[-80.35296972222221,25.80827386111111],[-80.35454275,25.807506805555555],[-80.35593919444445,25.806497805555555],[-80.3571141111111,25.805279305555555],[-80.35802977777777,25.80389047222222],[-80.35865675,25.802375944444446],[-80.35897491666667,25.800784444444446],[-80.35897402777778,25.799167083333334],[-80.35865411111111,25.797575861111113],[-80.35802552777777,25.79606191666667],[-80.35710841666666,25.79467388888889],[-80.35593230555556,25.793456416666668],[-80.35453497222221,25.792448611111112],[-80.3529613611111,25.791682833333336],[-80.35126199999999,25.791183750000002],[-80.34949152777777,25.790967333333334],[-80.34770683333333,25.791040583333334],[-80.34596524999999,25.791401111111114],[-80.34432274999999,25.792037361111113],[-80.34283211111111,25.79292888888889],[-80.34154124999999,25.79404702777778],[-80.34049163888888,25.795355861111112],[-80.33971702777777,25.796813305555556],[-80.33924233333333,25.79837252777778],[-80.33908280555555,25.799983416666667]]},"properties":{"style":"solid","thickness":1}},{"type":"Feature","geometry":{"type":"LineString","coordinates":[[-80.14448586111112,25.75256311111111],[-80.1447676388889,25.754160194444445],[-80.14535983333334,25.755686083333334],[-80.14624336111112,25.757091666666668],[-80.14738986111112,25.758331805555557],[-80.1487625,25.759366611111112],[-80.1503171388889,25.760162833333332],[-80.15200383333334,25.760694861111112],[-80.15376830555556,25.76094561111111],[-80.15555388888889,25.760907],[-80.15730313888889,25.760580277777777],[-80.15895983333334,25.759975944444445],[-80.16047075,25.759113444444445],[-80.16178727777779,25.75802047222222],[-80.16286711111111,25.756732194444446],[-80.16367555555556,25.75529002777778],[-80.16418661111112,25.753740277777776],[-80.16438391666668,25.752132805555554],[-80.16426108333334,25.750519277777776],[-80.16382211111112,25.748951527777777],[-80.16308108333334,25.747479944444446],[-80.16206186111111,25.746151861111112],[-80.16079719444446,25.74500988888889],[-80.15932775,25.744090805555558],[-80.15770069444444,25.743424083333334],[-80.1559683888889,25.74303116666667],[-80.15418644444445,25.742924694444444],[-80.15241213888889,25.743108055555556],[-80.15070250000001,25.74357541666667],[-80.14911244444446,25.744311694444445],[-80.14769308333334,25.74529327777778],[-80.14649005555556,25.746488583333335],[-80.14554197222223,25.747859222222225],[-80.14487936111112,25.749361166666667],[-80.1445235,25.750946083333332],[-80.14448586111112,25.75256311111111]]},"properties":{"style":"solid","thickness":1}},{"type":"Feature","geometry":{"type":"LineString","coordinates":[[-80.28234613888888,25.74204591666667],[-80.27675816666667,25.74239927777778],[-80.27636816666667,25.737338361111114],[-80.28195588888889,25.736985],[-80.28234613888888,25.74204591666667]]},"properties":{"style":"solid","thickness":1}},{"type":"Feature","geometry":{"type":"LineString","coordinates":[[-80.06802858333333,26.50977236111111],[-80.07363533333333,26.509428222222223],[-80.06736488888889,26.50101613888889],[-80.07297122222222,26.500672055555555],[-80.06802858333333,26.50977236111111]]},"properties":{"style":"solid","thickness":1}},{"type":"Feature","geometry":{"type":"LineString","coordinates":[[-80.33602813888888,25.690611055555557],[-80.34159552777777,25.6902565],[-80.33534913888889,25.681854555555557],[-80.34091611111111,25.6815],[-80.33602813888888,25.690611055555557]]},"properties":{"style":"solid","thickness":1}},{"type":"Feature","geometry":{"type":"LineString","coordinates":[[-80.13792869444445,26.107885111111113],[-80.14351611111111,26.107538166666668],[-80.1372618888889,26.099128416666666],[-80.14284888888889,26.098781499999998],[-80.13792869444445,26.107885111111113]]},"properties":{"style":"solid","thickness":1}},{"type":"Feature","geometry":{"type":"LineString","coordinates":[[-80.12531008333333,26.442606722222223],[-80.13091338888889,26.442260305555557],[-80.12464238888889,26.43385072222222],[-80.13024527777777,26.433504333333335],[-80.12531008333333,26.442606722222223]]},"properties":{"style":"solid","thickness":1}},{"type":"Feature","geometry":{"type":"LineString","coordinates":[[-80.42903580555556,25.485168277777777],[-80.43459341666667,25.484810194444446],[-80.42835122222223,25.476411944444443],[-80.43390844444446,25.476053888888888],[-80.42903580555556,25.485168277777777]]},"properties":{"style":"solid","thickness":1}},{"type":"Feature","geometry":{"type":"LineString","coordinates":[[-80.20896325,25.797397583333336],[-80.21453597222222,25.79704788888889],[-80.20829291666666,25.78864066666667],[-80.21386522222222,25.788290972222224],[-80.20896325,25.797397583333336]]},"properties":{"style":"solid","thickness":1}},{"type":"Feature","geometry":{"type":"LineString","coordinates":[[-80.09502083333332,26.927216583333333],[-80.10064747222222,26.926871472222224],[-80.09435275,26.918461805555555],[-80.09997897222222,26.918116722222223],[-80.09502083333332,26.927216583333333]]},"properties":{"style":"solid","thickness":1}},{"type":"Feature","geometry":{"type":"LineString","coordinates":[[-80.51990975,25.011475527777776],[-80.52544547222222,25.011114055555556],[-80.51922141666667,25.002719222222222],[-80.52475675,25.002357777777778],[-80.51990975,25.011475527777776]]},"properties":{"style":"solid","thickness":1}},{"type":"Feature","geometry":{"type":"LineString","coordinates":[[-80.17884866666667,26.023302555555556],[-80.18443202777779,26.022954027777775],[-80.17817930555556,26.01454588888889],[-80.18376225,26.01419738888889],[-80.17884866666667,26.023302555555556]]},"properties":{"style":"solid","thickness":1}},{"type":"Feature","geometry":{"type":"LineString","coordinates":[[-80.30868708333333,26.01763808333333],[-80.31426977777778,26.017284583333332],[-80.30800822222221,26.008882],[-80.3135905,26.008528527777777],[-80.30868708333333,26.01763808333333]]},"properties":{"style":"solid","thickness":1}},{"type":"Feature","geometry":{"type":"LineString","coordinates":[[-80.20985558333334,25.744553333333336],[-80.21542583333334,25.744203583333334],[-80.2091855,25.735796333333333],[-80.21475533333333,25.73544661111111],[-80.20985558333334,25.744553333333336]]},"properties":{"style":"solid","thickness":1}},{"type":"Feature","geometry":{"type":"LineString","coordinates":[[-80.29221980555555,25.74547138888889],[-80.29778986111111,25.7451185],[-80.29154369444444,25.73671475],[-80.29711333333333,25.73636188888889],[-80.29221980555555,25.74547138888889]]},"properties":{"style":"solid","thickness":1}},{"type":"Feature","geometry":{"type":"LineString","coordinates":[[-80.13861055555556,25.818826944444446],[-80.14418444444445,25.818479916666668],[-80.13794525,25.81006975],[-80.14351875000001,25.809722750000002],[-80.13861055555556,25.818826944444446]]},"properties":{"style":"solid","thickness":1}},{"type":"Feature","geometry":{"type":"LineString","coordinates":[[-80.08288347222222,26.83321652777778],[-80.0885056111111,26.832871861111112],[-80.08221683333333,26.824461416666665],[-80.08783855555555,26.824116749999998],[-80.08288347222222,26.83321652777778]]},"properties":{"style":"solid","thickness":1}},{"type":"Feature","geometry":{"type":"LineString","coordinates":[[-80.3241625,25.89113847222222],[-80.32973922222222,25.89078436111111],[-80.32348322222222,25.882382222222223],[-80.32905955555555,25.882028138888888],[-80.3241625,25.89113847222222]]},"properties":{"style":"solid","thickness":1}},{"type":"Feature","geometry":{"type":"LineString","coordinates":[[-80.24905966666667,26.689191805555556],[-80.25467438888889,26.688840666666668],[-80.24838138888889,26.680437027777778],[-80.25399569444444,26.680085916666666],[-80.24905966666667,26.689191805555556]]},"properties":{"style":"solid","thickness":1}},{"type":"Feature","geometry":{"type":"LineString","coordinates":[[-80.35572574999999,25.570722583333332],[-80.36128752777778,25.570367277777777],[-80.35504599999999,25.561966],[-80.36060738888888,25.561610722222223],[-80.35572574999999,25.570722583333332]]},"properties":{"style":"solid","thickness":1}},{"type":"Feature","geometry":{"type":"LineString","coordinates":[[-80.05880075,26.760994],[-80.06441947222221,26.76065025],[-80.05813630555555,26.752238555555557],[-80.06375461111111,26.751894833333335],[-80.05880075,26.760994]]},"properties":{"style":"solid","thickness":1}},{"type":"Feature","geometry":{"type":"LineString","coordinates":[[-80.19778680555557,26.360858055555557],[-80.20338602777778,26.360508861111114],[-80.19711419444445,26.352102194444445],[-80.202713,26.351753000000002],[-80.19778680555557,26.360858055555557]]},"properties":{"style":"solid","thickness":1}},{"type":"Feature","geometry":{"type":"LineString","coordinates":[[-80.38366791666667,25.735669055555558],[-80.38923725000001,25.735312694444445],[-80.38298519444444,25.72691283333333],[-80.38855411111112,25.726556499999997],[-80.38366791666667,25.735669055555558]]},"properties":{"style":"solid","thickness":1}},{"type":"Feature","geometry":{"type":"LineString","coordinates":[[-80.25320863888889,26.21655361111111],[-80.25880083333334,26.21620225],[-80.25253272222223,26.207797666666664],[-80.25812452777778,26.207446333333333],[-80.25320863888889,26.21655361111111]]},"properties":{"style":"solid","thickness":1}},{"type":"Feature","geometry":{"type":"LineString","coordinates":[[-80.25798841666666,26.12785936111111],[-80.26357644444444,26.127507805555556],[-80.25731266666666,26.119103250000002],[-80.26290027777777,26.11875172222222],[-80.25798841666666,26.12785936111111]]},"properties":{"style":"solid","thickness":1}},{"type":"Feature","geometry":{"type":"LineString","coordinates":[[-80.11953544444444,26.282773499999998],[-80.12513116666666,26.282427277777778],[-80.11886905555555,26.274017083333334],[-80.12446436111111,26.273670916666667],[-80.11953544444444,26.282773499999998]]},"properties":{"style":"solid","thickness":1}},{"type":"Feature","geometry":{"type":"LineString","coordinates":[[-80.08972191666666,26.60243925],[-80.095333,26.602094305555557],[-80.0890561111111,26.593683388888888],[-80.09466677777777,26.59333847222222],[-80.08972191666666,26.60243925]]},"properties":{"style":"solid","thickness":1}},{"type":"Feature","geometry":{"type":"LineString","coordinates":[[-80.16429844444446,25.73858036111111],[-80.16986852777778,25.738232333333336],[-80.16363169444445,25.729823138888886],[-80.1692013888889,25.729475138888887],[-80.16429844444446,25.73858036111111]]},"properties":{"style":"solid","thickness":1}},{"type":"Feature","geometry":{"type":"LineString","coordinates":[[-80.34175172222221,25.634500083333332],[-80.34731649999999,25.634145305555556],[-80.3410726111111,25.62574352777778],[-80.34663697222221,25.62538877777778],[-80.34175172222221,25.634500083333332]]},"properties":{"style":"solid","thickness":1}},{"type":"Feature","geometry":{"type":"LineString","coordinates":[[-80.3629343611111,26.008431],[-80.35733405555555,26.008787472222224],[-80.35693969444443,26.003726888888888],[-80.36253977777777,26.003370444444446],[-80.3629343611111,26.008431]]},"properties":{"style":"solid","thickness":1}},{"type":"Feature","geometry":{"type":"LineString","coordinates":[[-80.17657436111112,25.987897972222225],[-80.17388972222223,25.993133888888888],[-80.17043472222223,25.98828086111111]]},"properties":{"style":"solid","thickness":1}},{"type":"Feature","geometry":{"type":"LineString","coordinates":[[-80.19610030555556,25.98087483333333],[-80.19341666666666,25.98611111111111],[-80.18996108333334,25.981258555555552]]},"properties":{"style":"solid","thickness":1}},{"type":"Feature","geometry":{"type":"LineString","coordinates":[[-80.24768061111111,26.068091388888888],[-80.24499730555556,26.073328583333332],[-80.24153702777778,26.068477305555554]]},"properties":{"style":"solid","thickness":1}},{"type":"Feature","geometry":{"type":"LineString","coordinates":[[-80.42383413888889,25.768192555555554],[-80.42116541666667,25.773433166666667],[-80.41770669444445,25.768585944444443]]},"properties":{"style":"solid","thickness":1}},{"type":"Feature","geometry":{"type":"LineString","coordinates":[[-80.48735891666666,25.704527638888887],[-80.48469444444444,25.709769444444444],[-80.481235,25.70492375]]},"properties":{"style":"solid","thickness":1}},{"type":"Feature","geometry":{"type":"LineString","coordinates":[[-80.47105027777778,25.535144583333334],[-80.4683888888889,25.54038611111111],[-80.46493505555556,25.53554]]},"properties":{"style":"solid","thickness":1}},{"type":"Feature","geometry":{"type":"LineString","coordinates":[[-80.52094055555555,25.447411305555555],[-80.51828333333333,25.452653722222223],[-80.51483002777778,25.447808833333333]]},"properties":{"style":"solid","thickness":1}},{"type":"Feature","geometry":{"type":"LineString","coordinates":[[-80.40695269444446,25.320537916666666],[-80.40429327777778,25.325778222222223],[-80.40084827777778,25.320930611111113]]},"properties":{"style":"solid","thickness":1}},{"type":"Feature","geometry":{"type":"LineString","coordinates":[[-80.22467530555556,25.963744],[-80.22199333333333,25.968980833333333],[-80.21853708333333,25.964128944444443]]},"properties":{"style":"solid","thickness":1}},{"type":"Feature","geometry":{"type":"LineString","coordinates":[[-80.21467947222223,25.95333638888889],[-80.21199730555556,25.958573055555554],[-80.20854175000001,25.953720916666665]]},"properties":{"style":"solid","thickness":1}},{"type":"Feature","geometry":{"type":"LineString","coordinates":[[-80.19865280555555,25.974705333333333],[-80.19596944444444,25.979941666666665],[-80.19251394444444,25.975089166666667]]},"properties":{"style":"solid","thickness":1}},{"type":"Feature","geometry":{"type":"LineString","coordinates":[[-80.19445183333333,25.753764166666667],[-80.19177361111112,25.759000277777776],[-80.18832477777778,25.75414797222222]]},"properties":{"style":"solid","thickness":1}},{"type":"Feature","geometry":{"type":"LineString","coordinates":[[-80.19156752777778,25.766986166666666],[-80.1888888888889,25.772222222222222],[-80.18543980555556,25.76736986111111]]},"properties":{"style":"solid","thickness":1}},{"type":"Feature","geometry":{"type":"LineString","coordinates":[[-80.1243493611111,25.817543027777777],[-80.12166666666666,25.822777777777777],[-80.1182188611111,25.81792386111111]]},"properties":{"style":"solid","thickness":1}},{"type":"Feature","geometry":{"type":"LineString","coordinates":[[-80.21434905555556,25.961707805555555],[-80.21166666666667,25.966944444444444],[-80.20821088888889,25.962092305555554]]},"properties":{"style":"solid","thickness":1}},{"type":"Feature","geometry":{"type":"LineString","coordinates":[[-80.19328391666667,25.758175027777778],[-80.19060555555556,25.76341111111111],[-80.18715666666667,25.75855877777778]]},"properties":{"style":"solid","thickness":1}},{"type":"Feature","geometry":{"type":"LineString","coordinates":[[-80.18680952777778,25.7728835],[-80.18413055555556,25.778119444444442],[-80.1806815,25.77326697222222]]},"properties":{"style":"solid","thickness":1}},{"type":"Feature","geometry":{"type":"LineString","coordinates":[[-80.19474261111111,25.77758336111111],[-80.1920638888889,25.782819444444442],[-80.18861436111112,25.777967166666667]]},"properties":{"style":"solid","thickness":1}},{"type":"Feature","geometry":{"type":"LineString","coordinates":[[-80.12377447222221,25.927812222222222],[-80.12108888888888,25.933047222222225],[-80.11763777777777,25.928192916666667]]},"properties":{"style":"solid","thickness":1}},{"type":"Feature","geometry":{"type":"LineString","coordinates":[[-80.12328577777777,25.93485111111111],[-80.1206,25.94008611111111],[-80.11714869444444,25.935231805555556]]},"properties":{"style":"solid","thickness":1}},{"type":"Feature","geometry":{"type":"LineString","coordinates":[[-80.12285263888889,25.942959472222224],[-80.12016666666666,25.948194444444443],[-80.11671516666667,25.94334013888889]]},"properties":{"style":"solid","thickness":1}},{"type":"Feature","geometry":{"type":"LineString","coordinates":[[-80.12212291666665,25.978673416666666],[-80.1194361111111,25.983908333333336],[-80.1159836111111,25.979054027777774]]},"properties":{"style":"solid","thickness":1}},{"type":"Feature","geometry":{"type":"LineString","coordinates":[[-80.24466711111111,26.569958083333333],[-80.24197222222222,26.575194444444445],[-80.23849741666666,26.570343777777776]]},"properties":{"style":"solid","thickness":1}},{"type":"Feature","geometry":{"type":"LineString","coordinates":[[-80.21457433333333,26.583997555555555],[-80.21187777777779,26.589233333333333],[-80.20840380555556,26.58438197222222]]},"properties":{"style":"solid","thickness":1}},{"type":"Feature","geometry":{"type":"LineString","coordinates":[[-80.21075227777779,26.583653166666664],[-80.20805555555556,26.58888888888889],[-80.20458175,26.584037416666664]]},"properties":{"style":"solid","thickness":1}},{"type":"Feature","geometry":{"type":"LineString","coordinates":[[-80.09324925,26.225599277777775],[-80.09055555555555,26.230833333333333],[-80.08709708333333,26.22597861111111]]},"properties":{"style":"solid","thickness":1}},{"type":"Feature","geometry":{"type":"LineString","coordinates":[[-80.17303294444444,26.512721111111112],[-80.17033619444445,26.51795622222222],[-80.16686602777779,26.51310377777778]]},"properties":{"style":"solid","thickness":1}},{"type":"Feature","geometry":{"type":"LineString","coordinates":[[-80.32777516666667,25.438936777777776],[-80.32940777777777,25.43589972222222]]},"properties":{"style":"solid","thickness":1}},{"type":"Feature","geometry":{"type":"LineString","coordinates":[[-80.3300671111111,25.434670611111112],[-80.33168277777777,25.431626055555558]]},"properties":{"style":"solid","thickness":1}},{"type":"Feature","geometry":{"type":"LineString","coordinates":[[-80.33224575,25.43863375],[-80.33012591666666,25.435855555555555]]},"properties":{"style":"solid","thickness":1}},{"type":"Feature","geometry":{"type":"LineString","coordinates":[[-80.32928413888888,25.434722222222224],[-80.32717930555555,25.431935083333336]]},"properties":{"style":"solid","thickness":1}},{"type":"Feature","geometry":{"type":"LineString","coordinates":[[-80.33418541666666,25.434988416666666],[-80.3304728611111,25.43522513888889]]},"properties":{"style":"solid","thickness":1}},{"type":"Feature","geometry":{"type":"LineString","coordinates":[[-80.32897058333333,25.435320916666665],[-80.32525802777778,25.4355575]]},"properties":{"style":"solid","thickness":1}},{"type":"Feature","geometry":{"type":"LineString","coordinates":[[-80.32897097222222,25.43532627777778],[-80.32899247222223,25.435447305555556],[-80.32903741666667,25.43556288888889],[-80.3291043611111,25.43566936111111],[-80.32919116666666,25.43576322222222],[-80.32929502777777,25.43584152777778],[-80.32941263888888,25.435901722222223],[-80.32954016666666,25.435941888888888],[-80.32967358333333,25.43596075],[-80.32980852777777,25.43595763888889],[-80.32994069444445,25.435932722222223],[-80.33006586111111,25.435886777777778],[-80.33017997222221,25.435821277777777],[-80.33027936111111,25.435738305555557],[-80.3303608611111,25.435640583333335],[-80.33042180555555,25.435531194444444],[-80.33046027777777,25.435413694444446],[-80.33047499999999,25.43529186111111],[-80.33046555555555,25.435169583333334],[-80.33043222222221,25.43505077777778],[-80.33037602777777,25.434939305555556],[-80.3302988611111,25.43483875],[-80.33020313888889,25.434752305555556],[-80.33009194444445,25.434682777777777],[-80.32996888888889,25.43463238888889],[-80.32983788888889,25.434602777777776],[-80.32970316666666,25.434594861111112],[-80.32956905555555,25.43460891666667],[-80.32943986111111,25.4346445],[-80.32931975,25.434700444444445],[-80.32921258333333,25.434774972222222],[-80.32912177777777,25.434865694444444],[-80.32905027777777,25.434969666666667],[-80.32900036111111,25.435083555555554],[-80.32897363888888,25.435203722222223],[-80.32897097222222,25.43532627777778]]},"properties":{"style":"solid","thickness":1}},{"type":"Feature","geometry":{"type":"LineString","coordinates":[[-80.33418541666666,25.434988416666666],[-80.33402180555555,25.43415322222222],[-80.33367080555556,25.433367055555557],[-80.33314766666666,25.432664222222222],[-80.33247522222221,25.432075333333334],[-80.33168277777777,25.431626055555558]]},"properties":{"style":"solid","thickness":1}},{"type":"Feature","geometry":{"type":"LineString","coordinates":[[-80.32717930555555,25.431935083333336],[-80.32647680555556,25.432481111111112],[-80.3259128611111,25.433146555555556],[-80.32551163888888,25.433903083333334],[-80.32529019444443,25.434718333333333],[-80.32525802777778,25.4355575]]},"properties":{"style":"solid","thickness":1}},{"type":"Feature","geometry":{"type":"LineString","coordinates":[[-80.32777516666667,25.438936777777776],[-80.32850588888888,25.43918861111111],[-80.32927375,25.439321111111113],[-80.33005527777777,25.439330277777778],[-80.33082663888888,25.439215861111112],[-80.33156430555555,25.438981277777778],[-80.33224575,25.43863375]]},"properties":{"style":"solid","thickness":1}},{"type":"Feature","geometry":{"type":"LineString","coordinates":[[-80.16650791666667,26.156933444444444],[-80.163819,26.162168972222222],[-80.16035952777779,26.15731588888889]]},"properties":{"style":"solid","thickness":1}},{"type":"Feature","geometry":{"type":"LineString","coordinates":[[-80.19282333333334,25.780166722222223],[-80.19014444444444,25.78540277777778],[-80.18669491666667,25.780550444444444]]},"properties":{"style":"solid","thickness":1}},{"type":"Feature","geometry":{"type":"LineString","coordinates":[[-80.6074981111111,25.77687736111111],[-80.6074786111111,25.77598808333333]]},"properties":{"style":"solid","thickness":1}},{"type":"Feature","geometry":{"type":"LineString","coordinates":[[-80.60724716666667,25.776987583333334],[-80.60722302777778,25.775886944444444]]},"properties":{"style":"solid","thickness":1}},{"type":"Feature","geometry":{"type":"LineString","coordinates":[[-80.60699391666667,25.77699213888889],[-80.60696977777778,25.77589147222222]]},"properties":{"style":"solid","thickness":1}},{"type":"Feature","geometry":{"type":"LineString","coordinates":[[-80.60673833333333,25.776891],[-80.60671883333333,25.776001722222222]]},"properties":{"style":"solid","thickness":1}},{"type":"Feature","geometry":{"type":"LineString","coordinates":[[-80.60645,25.776451388888887],[-80.60646291666666,25.77655763888889],[-80.60649658333332,25.77666011111111],[-80.60654991666667,25.7767555],[-80.60662119444444,25.77684072222222],[-80.60670813888888,25.776913055555553],[-80.60680794444444,25.776970166666665],[-80.60691741666666,25.77701022222222],[-80.60703302777777,25.777031916666665],[-80.60715108333332,25.77703461111111],[-80.60726774999999,25.777018138888888],[-80.60737927777777,25.77698311111111],[-80.60748213888888,25.776930583333332],[-80.60757297222221,25.776862277777777],[-80.6076488611111,25.776780388888888],[-80.60770741666666,25.776687555555554],[-80.60774669444444,25.77658672222222],[-80.60776547222221,25.776481194444443],[-80.60776311111111,25.776374305555553],[-80.60773972222222,25.776269527777778],[-80.60769605555555,25.776170194444443],[-80.60763349999999,25.776079527777778],[-80.60755405555555,25.776000444444442],[-80.60746030555555,25.775935444444443],[-80.60735525,25.775886666666665],[-80.60724225,25.775855666666665],[-80.60712494444444,25.775843416666667],[-80.6070071111111,25.77585033333333],[-80.60689255555555,25.775876194444443],[-80.60678491666665,25.77592013888889],[-80.60668769444443,25.775980805555555],[-80.60660399999999,25.776056194444443],[-80.60653649999999,25.776143916666665],[-80.60648738888888,25.77624113888889],[-80.60645824999999,25.77634472222222],[-80.60645,25.776451388888887]]},"properties":{"style":"solid","thickness":1}},{"type":"Feature","geometry":{"type":"LineString","coordinates":[[-80.59626858333333,25.78369013888889],[-80.59624916666667,25.78280086111111]]},"properties":{"style":"solid","thickness":1}},{"type":"Feature","geometry":{"type":"LineString","coordinates":[[-80.59601761111111,25.783800361111112],[-80.59599358333332,25.782699694444442]]},"properties":{"style":"solid","thickness":1}},{"type":"Feature","geometry":{"type":"LineString","coordinates":[[-80.59576433333334,25.78380488888889],[-80.59574030555555,25.782704222222222]]},"properties":{"style":"solid","thickness":1}},{"type":"Feature","geometry":{"type":"LineString","coordinates":[[-80.59550875,25.783703722222224],[-80.59548933333333,25.782814444444444]]},"properties":{"style":"solid","thickness":1}},{"type":"Feature","geometry":{"type":"LineString","coordinates":[[-80.59522044444444,25.783264083333332],[-80.59523336111111,25.783370333333334],[-80.59526702777778,25.783472805555558],[-80.59532033333333,25.783568194444445],[-80.59539161111111,25.783653416666667],[-80.59547855555554,25.783725750000002],[-80.59557838888888,25.78378288888889],[-80.5956878611111,25.783822944444445],[-80.59580347222222,25.783844666666667],[-80.59592149999999,25.783847361111114],[-80.59603819444445,25.78383091666667],[-80.59614975,25.783795861111113],[-80.59625261111111,25.783743361111114],[-80.59634344444444,25.783675083333335],[-80.5964193611111,25.783593194444446],[-80.59647791666666,25.783500361111113],[-80.59651719444444,25.783399527777778],[-80.596536,25.783293999999998],[-80.59653366666666,25.78318711111111],[-80.59651027777777,25.783082305555556],[-80.59646661111111,25.782982999999998],[-80.59640405555555,25.782892333333333],[-80.5963246111111,25.78281322222222],[-80.59623086111111,25.78274822222222],[-80.59612580555554,25.782699444444443],[-80.59601280555555,25.782668416666667],[-80.5958955,25.782656166666666],[-80.59577766666666,25.782663083333333],[-80.59566308333333,25.782688916666665],[-80.59555544444444,25.78273286111111],[-80.59545822222222,25.782793527777777],[-80.59537449999999,25.782868916666665],[-80.59530699999999,25.78295661111111],[-80.59525786111111,25.783053833333334],[-80.59522872222222,25.783157444444445],[-80.59522044444444,25.783264083333332]]},"properties":{"style":"solid","thickness":1}},{"type":"Feature","geometry":{"type":"LineString","coordinates":[[-80.58865422222222,25.777834527777777],[-80.5886348611111,25.77694525]]},"properties":{"style":"solid","thickness":1}},{"type":"Feature","geometry":{"type":"LineString","coordinates":[[-80.58840327777777,25.77794475],[-80.58837930555555,25.776844083333334]]},"properties":{"style":"solid","thickness":1}},{"type":"Feature","geometry":{"type":"LineString","coordinates":[[-80.58815,25.77794925],[-80.58812605555555,25.776848583333333]]},"properties":{"style":"solid","thickness":1}},{"type":"Feature","geometry":{"type":"LineString","coordinates":[[-80.58789444444444,25.777848083333332],[-80.58787508333333,25.776958805555555]]},"properties":{"style":"solid","thickness":1}},{"type":"Feature","geometry":{"type":"LineString","coordinates":[[-80.58760619444443,25.777408416666667],[-80.58761908333332,25.777514694444445],[-80.58765272222222,25.777617166666666],[-80.58770605555556,25.777712555555553],[-80.58777733333334,25.777797777777778],[-80.58786425,25.77787011111111],[-80.58796405555555,25.777927249999998],[-80.58807352777777,25.777967305555556],[-80.58818913888888,25.777989055555555],[-80.58830716666667,25.77799172222222],[-80.58842383333332,25.777975305555554],[-80.58853538888889,25.777940277777777],[-80.58863824999999,25.777887749999998],[-80.58872908333333,25.77781947222222],[-80.588805,25.777737583333334],[-80.58886355555555,25.77764475],[-80.58890286111111,25.777543944444442],[-80.58892166666666,25.777438416666666],[-80.58891933333332,25.777331527777775],[-80.58889594444445,25.77722672222222],[-80.58885230555555,25.77712738888889],[-80.58878974999999,25.77703672222222],[-80.58871033333332,25.77695761111111],[-80.58861658333333,25.77689263888889],[-80.58851152777777,25.77684383333333],[-80.58839852777777,25.776812805555554],[-80.58828125,25.776800555555553],[-80.58816341666666,25.776807444444444],[-80.58804883333333,25.776833277777776],[-80.58794119444444,25.77687722222222],[-80.58784397222222,25.77693786111111],[-80.58776025,25.77701325],[-80.58769275,25.77710097222222],[-80.5876436111111,25.777198194444445],[-80.58761444444444,25.777301777777776],[-80.58760619444443,25.777408416666667]]},"properties":{"style":"solid","thickness":1}},{"type":"Feature","geometry":{"type":"LineString","coordinates":[[-80.57803172222222,25.78473638888889],[-80.57801244444444,25.78384711111111]]},"properties":{"style":"solid","thickness":1}},{"type":"Feature","geometry":{"type":"LineString","coordinates":[[-80.57778075,25.784846583333334],[-80.57775688888889,25.783745916666668]]},"properties":{"style":"solid","thickness":1}},{"type":"Feature","geometry":{"type":"LineString","coordinates":[[-80.57752747222222,25.784851083333336],[-80.57750361111111,25.783750416666667]]},"properties":{"style":"solid","thickness":1}},{"type":"Feature","geometry":{"type":"LineString","coordinates":[[-80.57727191666666,25.78474988888889],[-80.5772526111111,25.783860611111113]]},"properties":{"style":"solid","thickness":1}},{"type":"Feature","geometry":{"type":"LineString","coordinates":[[-80.57698366666666,25.784310194444448],[-80.57699655555555,25.784416472222222],[-80.57703019444445,25.784518944444446],[-80.5770835,25.784614333333334],[-80.57715477777778,25.78469955555556],[-80.57724169444444,25.784771916666667],[-80.5773415,25.78482905555556],[-80.57745097222222,25.78486913888889],[-80.57756658333334,25.784890861111112],[-80.57768463888888,25.784893555555556],[-80.57780130555555,25.78487713888889],[-80.57791288888889,25.784842111111114],[-80.57801574999999,25.784789611111112],[-80.57810661111111,25.784721333333334],[-80.57818252777777,25.784639472222224],[-80.57824108333332,25.78454663888889],[-80.57828041666666,25.784445833333336],[-80.57829919444444,25.78434027777778],[-80.57829688888889,25.78423338888889],[-80.57827352777777,25.784128611111115],[-80.57822986111111,25.78402927777778],[-80.57816733333333,25.783938583333335],[-80.57808791666666,25.783859472222225],[-80.57799416666666,25.783794472222223],[-80.5778891111111,25.78374566666667],[-80.5777761111111,25.783714638888892],[-80.57765880555556,25.78370238888889],[-80.57754097222222,25.78370927777778],[-80.57742638888888,25.783735111111113],[-80.57731874999999,25.78377902777778],[-80.5772215,25.78383966666667],[-80.57713777777778,25.783915055555557],[-80.57707024999999,25.784002750000003],[-80.57702111111111,25.784099972222222],[-80.57699194444444,25.784203555555557],[-80.57698366666666,25.784310194444448]]},"properties":{"style":"solid","thickness":1}},{"type":"Feature","geometry":{"type":"LineString","coordinates":[[-80.56970830555555,25.77860597222222],[-80.56968908333333,25.777716666666667]]},"properties":{"style":"solid","thickness":1}},{"type":"Feature","geometry":{"type":"LineString","coordinates":[[-80.56945733333333,25.77871613888889],[-80.56943352777778,25.777615472222223]]},"properties":{"style":"solid","thickness":1}},{"type":"Feature","geometry":{"type":"LineString","coordinates":[[-80.56920405555555,25.77872063888889],[-80.56918027777778,25.777619944444442]]},"properties":{"style":"solid","thickness":1}},{"type":"Feature","geometry":{"type":"LineString","coordinates":[[-80.56894849999999,25.778619416666665],[-80.56892930555556,25.777730138888888]]},"properties":{"style":"solid","thickness":1}},{"type":"Feature","geometry":{"type":"LineString","coordinates":[[-80.56866030555555,25.77817972222222],[-80.56867319444444,25.77828597222222],[-80.56870683333332,25.77838844444444],[-80.56876013888889,25.77848386111111],[-80.56883138888888,25.778569083333334],[-80.56891830555556,25.778641444444442],[-80.5690181111111,25.778698583333334],[-80.56912755555555,25.778738666666666],[-80.56924316666667,25.778760416666664],[-80.56936122222221,25.77876311111111],[-80.56947788888888,25.778746694444443],[-80.56958944444445,25.778711694444443],[-80.56969230555555,25.778659194444444],[-80.56978316666667,25.778590916666666],[-80.56985911111111,25.778509055555556],[-80.56991766666667,25.778416222222223],[-80.56995697222222,25.778315416666665],[-80.56997577777777,25.77820986111111],[-80.56997347222222,25.77810297222222],[-80.56995011111111,25.777998194444443],[-80.56990647222221,25.77789886111111],[-80.56984394444444,25.777808166666667],[-80.56976452777778,25.777729055555554],[-80.56967080555555,25.777664055555555],[-80.56956575,25.77761525],[-80.56945275,25.777584194444444],[-80.56933547222222,25.777571916666666],[-80.56921763888889,25.777578805555553],[-80.56910305555556,25.77760463888889],[-80.56899541666667,25.777648555555555],[-80.56889816666666,25.777709194444444],[-80.56881444444444,25.777784583333332],[-80.56874691666667,25.777872277777778],[-80.56869777777777,25.77796947222222],[-80.56866858333333,25.778073083333332],[-80.56866030555555,25.77817972222222]]},"properties":{"style":"solid","thickness":1}},{"type":"Feature","geometry":{"type":"LineString","coordinates":[[-80.55908483333333,25.78559816666667],[-80.55906569444444,25.78470888888889]]},"properties":{"style":"solid","thickness":1}},{"type":"Feature","geometry":{"type":"LineString","coordinates":[[-80.55883383333332,25.785708333333336],[-80.55881013888889,25.78460763888889]]},"properties":{"style":"solid","thickness":1}},{"type":"Feature","geometry":{"type":"LineString","coordinates":[[-80.55858055555555,25.78571277777778],[-80.55855686111111,25.784612111111112]]},"properties":{"style":"solid","thickness":1}},{"type":"Feature","geometry":{"type":"LineString","coordinates":[[-80.558325,25.78561155555556],[-80.55830586111111,25.784722277777778]]},"properties":{"style":"solid","thickness":1}},{"type":"Feature","geometry":{"type":"LineString","coordinates":[[-80.55803683333333,25.785171833333337],[-80.55804969444443,25.78527811111111],[-80.55808333333333,25.785380583333335],[-80.55813661111111,25.785475972222223],[-80.55820786111111,25.785561222222224],[-80.55829480555555,25.785633583333336],[-80.55839458333332,25.785690722222224],[-80.55850405555556,25.785730833333336],[-80.55861966666666,25.785752583333334],[-80.55873772222222,25.785755305555558],[-80.55885438888889,25.78573888888889],[-80.55896597222223,25.785703861111113],[-80.55906883333333,25.78565138888889],[-80.55915969444445,25.785583111111112],[-80.5592356388889,25.785501250000003],[-80.55929422222222,25.785408444444446],[-80.55933355555555,25.78530763888889],[-80.55935236111111,25.785202083333335],[-80.55935005555556,25.785095194444445],[-80.55932672222222,25.78499041666667],[-80.55928308333333,25.784891083333335],[-80.55922055555556,25.78480038888889],[-80.55914113888889,25.78472127777778],[-80.55904741666666,25.78465625],[-80.55894236111111,25.784607444444447],[-80.55882936111111,25.78457638888889],[-80.55871208333333,25.784564111111113],[-80.55859422222223,25.784570972222223],[-80.55847963888888,25.78459680555556],[-80.55837199999999,25.784640722222225],[-80.55827472222222,25.784701333333334],[-80.558191,25.784776722222222],[-80.55812344444445,25.784864416666668],[-80.55807430555555,25.78496161111111],[-80.55804511111111,25.785065194444446],[-80.55803683333333,25.785171833333337]]},"properties":{"style":"solid","thickness":1}},{"type":"Feature","geometry":{"type":"LineString","coordinates":[[-80.55076252777778,25.779558388888887],[-80.55074344444444,25.77866911111111]]},"properties":{"style":"solid","thickness":1}},{"type":"Feature","geometry":{"type":"LineString","coordinates":[[-80.55051152777777,25.779668527777776],[-80.55048791666667,25.77856786111111]]},"properties":{"style":"solid","thickness":1}},{"type":"Feature","geometry":{"type":"LineString","coordinates":[[-80.55025825,25.779672972222222],[-80.55023463888888,25.778572305555553]]},"properties":{"style":"solid","thickness":1}},{"type":"Feature","geometry":{"type":"LineString","coordinates":[[-80.55000272222222,25.77957175],[-80.54998363888889,25.778682472222222]]},"properties":{"style":"solid","thickness":1}},{"type":"Feature","geometry":{"type":"LineString","coordinates":[[-80.54971458333333,25.779132],[-80.54972747222222,25.779238277777775],[-80.54976108333334,25.77934075],[-80.5498143611111,25.779436138888887],[-80.54988561111111,25.779521416666665],[-80.54997252777778,25.779593777777777],[-80.55007230555556,25.779650916666665],[-80.55018175,25.779691027777776],[-80.5502973611111,25.779712777777778],[-80.55041541666667,25.7797155],[-80.55053208333334,25.779699083333334],[-80.55064363888889,25.779664083333333],[-80.55074652777778,25.77961161111111],[-80.55083738888888,25.77954336111111],[-80.55091333333333,25.7794615],[-80.55097191666667,25.779368666666667],[-80.55101125,25.77926786111111],[-80.55103008333333,25.779162333333332],[-80.55102777777778,25.77905544444444],[-80.55100444444444,25.778950638888887],[-80.55096080555555,25.778851305555555],[-80.55089830555555,25.77876061111111],[-80.55081888888888,25.778681499999998],[-80.55072516666667,25.77861647222222],[-80.55062013888889,25.778567638888887],[-80.55050713888889,25.77853658333333],[-80.55038986111111,25.778524305555553],[-80.55027202777778,25.778531166666667],[-80.55015744444444,25.778556972222223],[-80.55004977777777,25.77860088888889],[-80.54995252777778,25.77866152777778],[-80.54986877777777,25.778736888888886],[-80.54980125,25.778824583333332],[-80.54975208333333,25.77892177777778],[-80.5497228888889,25.77902536111111],[-80.54971458333333,25.779132]]},"properties":{"style":"solid","thickness":1}},{"type":"Feature","geometry":{"type":"LineString","coordinates":[[-80.54105022222222,25.786731111111113],[-80.54103122222222,25.785841833333336]]},"properties":{"style":"solid","thickness":1}},{"type":"Feature","geometry":{"type":"LineString","coordinates":[[-80.54079919444445,25.786841250000002],[-80.54077566666666,25.785740555555556]]},"properties":{"style":"solid","thickness":1}},{"type":"Feature","geometry":{"type":"LineString","coordinates":[[-80.54054591666666,25.786845666666668],[-80.54052238888889,25.785745000000002]]},"properties":{"style":"solid","thickness":1}},{"type":"Feature","geometry":{"type":"LineString","coordinates":[[-80.5402903611111,25.786744416666668],[-80.54027136111111,25.78585513888889]]},"properties":{"style":"solid","thickness":1}},{"type":"Feature","geometry":{"type":"LineString","coordinates":[[-80.54000225,25.78630466666667],[-80.5400151111111,25.786410916666668],[-80.54004872222222,25.78651341666667],[-80.540102,25.786608805555556],[-80.54017325,25.786694055555557],[-80.54026016666667,25.786766444444446],[-80.54035994444445,25.786823583333334],[-80.54046941666667,25.786863694444445],[-80.54058502777778,25.786885472222224],[-80.54070305555555,25.786888194444447],[-80.54081975,25.786871805555556],[-80.54093133333333,25.786836805555556],[-80.54103422222222,25.786784333333333],[-80.54112508333333,25.786716083333335],[-80.54120105555555,25.786634222222222],[-80.54125963888889,25.78654141666667],[-80.54129897222222,25.786440611111114],[-80.54131780555555,25.786335083333334],[-80.54131552777777,25.786228194444448],[-80.54129219444444,25.78612338888889],[-80.54124858333333,25.786024055555558],[-80.54118605555556,25.785933361111113],[-80.54110666666666,25.785854222222223],[-80.54101294444445,25.785789194444448],[-80.54090788888888,25.785740361111113],[-80.54079491666667,25.785709305555557],[-80.54067761111111,25.785697000000003],[-80.54055977777777,25.785703861111113],[-80.54044516666667,25.78572966666667],[-80.54033752777778,25.785773583333334],[-80.54024025,25.785834194444448],[-80.5401565,25.785909555555556],[-80.54008894444445,25.785997222222225],[-80.54003977777778,25.786094444444448],[-80.54001058333333,25.78619802777778],[-80.54000225,25.78630466666667]]},"properties":{"style":"solid","thickness":1}},{"type":"Feature","geometry":{"type":"LineString","coordinates":[[-80.53272819444445,25.78041508333333],[-80.53270925,25.779525777777778]]},"properties":{"style":"solid","thickness":1}},{"type":"Feature","geometry":{"type":"LineString","coordinates":[[-80.53247716666667,25.780525194444444],[-80.53245372222221,25.779424527777778]]},"properties":{"style":"solid","thickness":1}},{"type":"Feature","geometry":{"type":"LineString","coordinates":[[-80.53222391666667,25.78052961111111],[-80.53220047222221,25.779428944444444]]},"properties":{"style":"solid","thickness":1}},{"type":"Feature","geometry":{"type":"LineString","coordinates":[[-80.53196838888888,25.780428333333333],[-80.53194944444445,25.779539055555556]]},"properties":{"style":"solid","thickness":1}},{"type":"Feature","geometry":{"type":"LineString","coordinates":[[-80.53168033333333,25.779988555555555],[-80.53169316666667,25.780094833333333],[-80.53172677777778,25.780197305555554],[-80.53178005555556,25.78029272222222],[-80.53185127777778,25.780377972222222],[-80.53193816666666,25.78045036111111],[-80.53203797222223,25.780507527777775],[-80.53214741666666,25.780547638888887],[-80.532263,25.780569416666665],[-80.53238105555556,25.78057213888889],[-80.53249772222222,25.780555749999998],[-80.53260930555555,25.780520777777777],[-80.53271219444444,25.780468305555555],[-80.53280305555556,25.780400055555553],[-80.53287902777778,25.780318194444444],[-80.53293761111111,25.780225388888887],[-80.53297697222222,25.780124583333333],[-80.53299580555556,25.780019055555556],[-80.53299352777778,25.779912166666666],[-80.53297019444445,25.77980736111111],[-80.53292658333334,25.779708027777776],[-80.53286408333334,25.77961733333333],[-80.53278469444444,25.779538194444445],[-80.53269097222223,25.779473166666666],[-80.53258594444445,25.77942433333333],[-80.53247297222222,25.77939325],[-80.53235566666666,25.779380944444444],[-80.53223783333333,25.779387805555555],[-80.53212325,25.77941361111111],[-80.53201558333333,25.7794575],[-80.53191833333334,25.77951811111111],[-80.53183458333334,25.77959347222222],[-80.53176702777778,25.779681138888886],[-80.5317178611111,25.779778333333333],[-80.5316886388889,25.779881916666664],[-80.53168033333333,25.779988555555555]]},"properties":{"style":"solid","thickness":1}},{"type":"Feature","geometry":{"type":"LineString","coordinates":[[-80.52311588888888,25.787494694444447],[-80.52309699999999,25.78660538888889]]},"properties":{"style":"solid","thickness":1}},{"type":"Feature","geometry":{"type":"LineString","coordinates":[[-80.52286483333333,25.78760477777778],[-80.52284147222223,25.786504111111114]]},"properties":{"style":"solid","thickness":1}},{"type":"Feature","geometry":{"type":"LineString","coordinates":[[-80.52261155555556,25.787609194444446],[-80.52258819444444,25.7865085]]},"properties":{"style":"solid","thickness":1}},{"type":"Feature","geometry":{"type":"LineString","coordinates":[[-80.52235602777778,25.78750788888889],[-80.52233716666666,25.786618611111113]]},"properties":{"style":"solid","thickness":1}},{"type":"Feature","geometry":{"type":"LineString","coordinates":[[-80.52206797222222,25.78706811111111],[-80.52208083333333,25.787174361111113],[-80.52211441666667,25.787276861111113],[-80.52216769444445,25.78737227777778],[-80.52223891666667,25.78745752777778],[-80.52232580555555,25.787529916666667],[-80.5224256111111,25.787587083333335],[-80.52253505555555,25.787627194444447],[-80.52265066666666,25.787649000000002],[-80.52276869444444,25.787651722222225],[-80.5228853888889,25.787635361111114],[-80.52299697222222,25.787600361111114],[-80.5230998611111,25.787547916666668],[-80.52319075,25.78747966666667],[-80.52326672222222,25.787397805555557],[-80.52332533333333,25.787305],[-80.52336469444444,25.787204222222226],[-80.52338352777778,25.787098694444445],[-80.52338127777777,25.78699180555556],[-80.52335797222221,25.786887],[-80.5233143611111,25.78678763888889],[-80.5232518611111,25.786696944444447],[-80.52317247222223,25.786617805555558],[-80.52307875,25.78655277777778],[-80.52297369444445,25.786503916666668],[-80.52286072222222,25.786472833333335],[-80.52274341666667,25.78646052777778],[-80.52262558333334,25.78646738888889],[-80.522511,25.78649316666667],[-80.52240333333333,25.786537055555556],[-80.52230602777777,25.78659766666667],[-80.52222227777777,25.786673],[-80.52215472222223,25.786760694444446],[-80.52210552777778,25.78685788888889],[-80.52207630555556,25.786961472222224],[-80.52206797222222,25.78706811111111]]},"properties":{"style":"solid","thickness":1}},{"type":"Feature","geometry":{"type":"LineString","coordinates":[[-80.51327519444445,25.781363416666665],[-80.51325638888889,25.780474138888888]]},"properties":{"style":"solid","thickness":1}},{"type":"Feature","geometry":{"type":"LineString","coordinates":[[-80.51302416666667,25.7814735],[-80.51300088888888,25.78037283333333]]},"properties":{"style":"solid","thickness":1}},{"type":"Feature","geometry":{"type":"LineString","coordinates":[[-80.5127708888889,25.781477888888887],[-80.51274761111111,25.78037722222222]]},"properties":{"style":"solid","thickness":1}},{"type":"Feature","geometry":{"type":"LineString","coordinates":[[-80.51251538888889,25.781376583333333],[-80.51249658333333,25.780487277777777]]},"properties":{"style":"solid","thickness":1}},{"type":"Feature","geometry":{"type":"LineString","coordinates":[[-80.51222738888889,25.78093675],[-80.51224022222222,25.781043027777777],[-80.51227380555555,25.781145527777777],[-80.51232705555556,25.781240944444445],[-80.51239827777778,25.781326194444443],[-80.51248516666666,25.78139858333333],[-80.51258494444444,25.781455777777776],[-80.51269438888889,25.781495888888887],[-80.51280997222223,25.781517694444442],[-80.51292802777778,25.781520444444443],[-80.51304469444445,25.781504055555555],[-80.51315627777778,25.78146908333333],[-80.51325916666667,25.78141663888889],[-80.51335005555555,25.781348388888887],[-80.51342602777778,25.781266555555554],[-80.51348463888888,25.78117375],[-80.513524,25.781072972222223],[-80.5135428611111,25.780967444444443],[-80.51354061111111,25.780860555555556],[-80.51351730555555,25.780755749999997],[-80.51347372222222,25.78065638888889],[-80.51341122222222,25.780565694444444],[-80.51333183333334,25.78048652777778],[-80.5132381388889,25.7804215],[-80.51313311111112,25.78037263888889],[-80.51302013888889,25.780341555555555],[-80.51290283333333,25.780329249999998],[-80.512785,25.78033608333333],[-80.51267041666667,25.78036186111111],[-80.51256275,25.78040575],[-80.51246547222222,25.780466333333333],[-80.51238169444444,25.780541694444445],[-80.51231413888888,25.78062936111111],[-80.51226494444444,25.780726555555553],[-80.51223572222223,25.78083011111111],[-80.51222738888889,25.78093675]]},"properties":{"style":"solid","thickness":1}},{"type":"Feature","geometry":{"type":"LineString","coordinates":[[-80.50487730555555,25.788256472222223],[-80.50485858333333,25.787367194444446]]},"properties":{"style":"solid","thickness":1}},{"type":"Feature","geometry":{"type":"LineString","coordinates":[[-80.50462625,25.78836655555556],[-80.50460305555555,25.787265861111113]]},"properties":{"style":"solid","thickness":1}},{"type":"Feature","geometry":{"type":"LineString","coordinates":[[-80.50437297222223,25.78837091666667],[-80.50434977777778,25.787270250000002]]},"properties":{"style":"solid","thickness":1}},{"type":"Feature","geometry":{"type":"LineString","coordinates":[[-80.50411744444445,25.788269583333335],[-80.50409872222222,25.78738030555556]]},"properties":{"style":"solid","thickness":1}},{"type":"Feature","geometry":{"type":"LineString","coordinates":[[-80.50382947222222,25.78782975],[-80.50384230555555,25.78793602777778],[-80.50387586111111,25.78803852777778],[-80.50392913888889,25.788133944444446],[-80.50400033333334,25.788219222222224],[-80.50408725,25.788291611111113],[-80.504187,25.78834877777778],[-80.50429644444445,25.78838891666667],[-80.50441205555556,25.788410722222224],[-80.50453011111111,25.788413472222224],[-80.50464680555555,25.788397111111113],[-80.50475838888889,25.78836213888889],[-80.50486127777778,25.788309694444447],[-80.50495219444444,25.788241472222225],[-80.50502816666666,25.788159638888892],[-80.50508680555555,25.788066833333335],[-80.50512616666667,25.78796602777778],[-80.50514502777777,25.7878605],[-80.50514277777778,25.787753611111114],[-80.50511947222222,25.787648805555555],[-80.50507588888888,25.787549472222224],[-80.50501341666667,25.787458750000003],[-80.50493402777778,25.787379611111113],[-80.50484033333333,25.787314555555557],[-80.50473527777778,25.787265694444446],[-80.50462230555556,25.787234611111113],[-80.504505,25.78722227777778],[-80.50438716666666,25.787229111111113],[-80.50427258333333,25.787254888888892],[-80.5041648888889,25.787298777777778],[-80.50406761111111,25.78735936111111],[-80.50398383333334,25.787434694444446],[-80.50391625,25.78752236111111],[-80.50386705555556,25.78761955555556],[-80.50383780555556,25.787723111111113],[-80.50382947222222,25.78782975]]},"properties":{"style":"solid","thickness":1}},{"type":"Feature","geometry":{"type":"LineString","coordinates":[[-80.49675991666666,25.782029805555556],[-80.49674125,25.781140527777776]]},"properties":{"style":"solid","thickness":1}},{"type":"Feature","geometry":{"type":"LineString","coordinates":[[-80.49650886111111,25.78213986111111],[-80.49648575,25.781039194444443]]},"properties":{"style":"solid","thickness":1}},{"type":"Feature","geometry":{"type":"LineString","coordinates":[[-80.49625558333334,25.78214422222222],[-80.49623247222222,25.781043527777776]]},"properties":{"style":"solid","thickness":1}},{"type":"Feature","geometry":{"type":"LineString","coordinates":[[-80.49600011111112,25.78204288888889],[-80.49598144444444,25.78115358333333]]},"properties":{"style":"solid","thickness":1}},{"type":"Feature","geometry":{"type":"LineString","coordinates":[[-80.49571216666666,25.781603027777777],[-80.49572497222222,25.781709305555555],[-80.49575855555555,25.781811805555556],[-80.49581180555556,25.78190722222222],[-80.495883,25.781992499999998],[-80.4959698888889,25.78206488888889],[-80.49606963888888,25.78212208333333],[-80.49617908333333,25.782162222222222],[-80.49629469444444,25.782184027777777],[-80.49641272222222,25.782186805555554],[-80.49652941666666,25.782170444444443],[-80.496641,25.782135472222222],[-80.49674388888889,25.782083027777777],[-80.49683480555555,25.782014805555555],[-80.49691077777779,25.781932972222222],[-80.49696941666667,25.781840166666665],[-80.49700877777778,25.781739388888887],[-80.49702766666667,25.78163386111111],[-80.49702541666667,25.78152697222222],[-80.49700213888889,25.781422166666665],[-80.49695852777778,25.781322805555554],[-80.49689605555555,25.781232083333332],[-80.49681669444445,25.781152944444443],[-80.496723,25.781087888888887],[-80.49661797222223,25.781039027777776],[-80.496505,25.781007916666667],[-80.49638772222222,25.780995583333333],[-80.49626988888889,25.781002416666666],[-80.49615527777777,25.781028194444442],[-80.49604761111111,25.781072055555555],[-80.49595030555555,25.781132638888888],[-80.49586652777778,25.781207972222223],[-80.49579897222222,25.78129563888889],[-80.49574975,25.78139283333333],[-80.4957205,25.781496388888886],[-80.49571216666666,25.781603027777777]]},"properties":{"style":"solid","thickness":1}},{"type":"Feature","geometry":{"type":"LineString","coordinates":[[-80.48592930555556,25.78910863888889],[-80.48591072222223,25.788219361111114]]},"properties":{"style":"solid","thickness":1}},{"type":"Feature","geometry":{"type":"LineString","coordinates":[[-80.48567825,25.789218694444447],[-80.48565522222222,25.788118]]},"properties":{"style":"solid","thickness":1}},{"type":"Feature","geometry":{"type":"LineString","coordinates":[[-80.48542494444445,25.78922302777778],[-80.48540194444445,25.788122333333334]]},"properties":{"style":"solid","thickness":1}},{"type":"Feature","geometry":{"type":"LineString","coordinates":[[-80.48516944444445,25.78912166666667],[-80.48515086111111,25.78823238888889]]},"properties":{"style":"solid","thickness":1}},{"type":"Feature","geometry":{"type":"LineString","coordinates":[[-80.48488152777777,25.78868180555556],[-80.48489433333333,25.788788083333333],[-80.48492791666666,25.788890555555557],[-80.48498113888888,25.788986],[-80.48505236111112,25.78907127777778],[-80.48513922222223,25.789143666666668],[-80.485239,25.789200861111112],[-80.48534844444444,25.78924102777778],[-80.48546402777778,25.789262833333336],[-80.48558208333334,25.789265611111112],[-80.48569877777778,25.78924925],[-80.4858103888889,25.789214305555557],[-80.48591327777778,25.78916186111111],[-80.48600419444445,25.78909363888889],[-80.48608019444444,25.789011833333333],[-80.48613883333333,25.78891902777778],[-80.48617822222222,25.788818250000002],[-80.48619711111111,25.788712722222225],[-80.48619486111112,25.788605833333335],[-80.48617158333333,25.78850102777778],[-80.48612800000001,25.78840166666667],[-80.48606552777778,25.788310944444447],[-80.48598616666666,25.788231777777778],[-80.48589247222222,25.788166722222226],[-80.48578744444444,25.78811786111111],[-80.48567447222223,25.78808675],[-80.48555719444444,25.788074416666667],[-80.48543933333333,25.788081222222225],[-80.48532472222222,25.788106972222224],[-80.48521705555555,25.788150833333336],[-80.48511975,25.78821141666667],[-80.48503594444445,25.78828675],[-80.48496836111111,25.788374416666667],[-80.48491913888888,25.788471583333337],[-80.48488988888889,25.788575166666668],[-80.48488152777777,25.78868180555556]]},"properties":{"style":"solid","thickness":1}},{"type":"Feature","geometry":{"type":"LineString","coordinates":[[-80.47811713888889,25.783064],[-80.47809861111111,25.782174722222223]]},"properties":{"style":"solid","thickness":1}},{"type":"Feature","geometry":{"type":"LineString","coordinates":[[-80.47786605555555,25.783174027777775],[-80.47784313888889,25.78207336111111]]},"properties":{"style":"solid","thickness":1}},{"type":"Feature","geometry":{"type":"LineString","coordinates":[[-80.47761277777778,25.78317836111111],[-80.47758986111111,25.782077666666666]]},"properties":{"style":"solid","thickness":1}},{"type":"Feature","geometry":{"type":"LineString","coordinates":[[-80.47735730555556,25.783077],[-80.47733877777777,25.782187694444442]]},"properties":{"style":"solid","thickness":1}},{"type":"Feature","geometry":{"type":"LineString","coordinates":[[-80.47706944444445,25.78263711111111],[-80.47708225,25.78274336111111],[-80.47711580555556,25.78284586111111],[-80.47716902777778,25.782941305555553],[-80.47724022222222,25.78302658333333],[-80.47732708333334,25.783099],[-80.47742686111111,25.783156194444445],[-80.47753627777777,25.78319636111111],[-80.47765188888889,25.783218166666664],[-80.47776991666667,25.783220944444444],[-80.47788661111112,25.78320461111111],[-80.47799819444445,25.783169666666666],[-80.47810111111112,25.78311722222222],[-80.47819202777778,25.783049],[-80.47826802777777,25.782967194444442],[-80.47832666666667,25.78287438888889],[-80.47836605555555,25.78277361111111],[-80.47838494444444,25.782668083333334],[-80.47838272222222,25.782561194444444],[-80.47835944444445,25.78245638888889],[-80.47831586111111,25.782357027777778],[-80.47825341666667,25.782266305555556],[-80.47817405555556,25.782187138888887],[-80.47808036111111,25.78212208333333],[-80.4779753611111,25.782073194444443],[-80.4778623888889,25.782042083333334],[-80.47774508333333,25.78202975],[-80.47762725,25.782036555555553],[-80.4775126388889,25.782062305555556],[-80.47740497222222,25.782106166666665],[-80.47730766666668,25.78216672222222],[-80.47722388888889,25.782242055555553],[-80.47715627777778,25.782329722222222],[-80.47710705555556,25.78242688888889],[-80.47707780555555,25.78253047222222],[-80.47706944444445,25.78263711111111]]},"properties":{"style":"solid","thickness":1}},{"type":"Feature","geometry":{"type":"LineString","coordinates":[[-80.46748827777778,25.790324694444447],[-80.46746980555555,25.78943538888889]]},"properties":{"style":"solid","thickness":1}},{"type":"Feature","geometry":{"type":"LineString","coordinates":[[-80.46723716666666,25.790434694444446],[-80.46721433333333,25.789334]]},"properties":{"style":"solid","thickness":1}},{"type":"Feature","geometry":{"type":"LineString","coordinates":[[-80.46698386111112,25.790439000000003],[-80.46696102777778,25.789338305555557]]},"properties":{"style":"solid","thickness":1}},{"type":"Feature","geometry":{"type":"LineString","coordinates":[[-80.4667283888889,25.790337611111113],[-80.46670994444445,25.789448305555556]]},"properties":{"style":"solid","thickness":1}},{"type":"Feature","geometry":{"type":"LineString","coordinates":[[-80.46644055555556,25.789897694444445],[-80.46645333333333,25.790003972222223],[-80.4664868888889,25.790106472222224],[-80.46654011111112,25.790201916666668],[-80.46661130555556,25.790287194444446],[-80.46669816666667,25.790359611111114],[-80.46679791666666,25.790416833333335],[-80.46690736111111,25.790456972222223],[-80.46702297222222,25.79047880555556],[-80.467141,25.79048161111111],[-80.46725769444444,25.79046525],[-80.46736930555556,25.790430333333337],[-80.46747222222223,25.790377916666667],[-80.46756313888889,25.790309694444446],[-80.46763916666667,25.79022788888889],[-80.46769780555556,25.790135083333336],[-80.46773722222223,25.790034305555558],[-80.46775611111111,25.789928777777778],[-80.4677538888889,25.78982188888889],[-80.4677306388889,25.789717083333336],[-80.46768708333333,25.789617722222225],[-80.46762461111112,25.789527000000003],[-80.46754527777777,25.789447833333334],[-80.46745158333333,25.78938275],[-80.46734655555555,25.789333861111114],[-80.46723358333334,25.78930275],[-80.46711627777778,25.78929038888889],[-80.46699844444444,25.789297194444448],[-80.46688383333334,25.789322944444447],[-80.46677613888889,25.789366805555556],[-80.46667883333333,25.789427361111112],[-80.46659502777779,25.789502666666667],[-80.46652741666666,25.789590333333337],[-80.46647819444445,25.789687500000003],[-80.46644891666666,25.789791055555558],[-80.46644055555556,25.789897694444445]]},"properties":{"style":"solid","thickness":1}},{"type":"Feature","geometry":{"type":"LineString","coordinates":[[-80.45937258333333,25.78400416666667],[-80.45935419444444,25.78311488888889]]},"properties":{"style":"solid","thickness":1}},{"type":"Feature","geometry":{"type":"LineString","coordinates":[[-80.45912147222222,25.78411416666667],[-80.45909872222222,25.783013472222223]]},"properties":{"style":"solid","thickness":1}},{"type":"Feature","geometry":{"type":"LineString","coordinates":[[-80.45886819444445,25.784118472222225],[-80.45884544444445,25.783017777777776]]},"properties":{"style":"solid","thickness":1}},{"type":"Feature","geometry":{"type":"LineString","coordinates":[[-80.45861275,25.78401705555556],[-80.45859436111111,25.78312775]]},"properties":{"style":"solid","thickness":1}},{"type":"Feature","geometry":{"type":"LineString","coordinates":[[-80.45832494444444,25.78357713888889],[-80.45833772222223,25.78368341666667],[-80.45837125,25.78378591666667],[-80.45842447222222,25.783881333333333],[-80.45849566666666,25.78396663888889],[-80.45858252777778,25.784039055555557],[-80.45868225000001,25.78409627777778],[-80.45879169444444,25.784136444444446],[-80.45890727777778,25.78415827777778],[-80.45902533333333,25.784161083333334],[-80.45914202777779,25.784144750000003],[-80.45925361111111,25.784109805555556],[-80.45935652777779,25.78405738888889],[-80.45944744444445,25.783989194444445],[-80.45952347222223,25.783907388888892],[-80.45958211111112,25.783814583333335],[-80.45962152777778,25.783713833333334],[-80.45964044444445,25.783608305555557],[-80.45963822222222,25.783501416666667],[-80.45961497222223,25.78339661111111],[-80.45957141666666,25.78329722222222],[-80.45950897222222,25.7832065],[-80.45942963888889,25.783127333333333],[-80.45933594444445,25.78306225],[-80.45923094444444,25.78301336111111],[-80.45911797222223,25.78298222222222],[-80.45900069444444,25.78296986111111],[-80.4588828611111,25.782976666666666],[-80.45876825,25.78300238888889],[-80.45866055555555,25.783046249999998],[-80.45856325,25.783106805555555],[-80.45847944444445,25.78318211111111],[-80.45841183333333,25.78326975],[-80.45836258333334,25.78336691666667],[-80.45833330555556,25.7834705],[-80.45832494444444,25.78357713888889]]},"properties":{"style":"solid","thickness":1}},{"type":"Feature","geometry":{"type":"LineString","coordinates":[[-80.44843822222222,25.791080333333333],[-80.44841991666667,25.79019102777778]]},"properties":{"style":"solid","thickness":1}},{"type":"Feature","geometry":{"type":"LineString","coordinates":[[-80.44818711111111,25.79119027777778],[-80.44816444444444,25.790089611111114]]},"properties":{"style":"solid","thickness":1}},{"type":"Feature","geometry":{"type":"LineString","coordinates":[[-80.44793380555556,25.791194555555556],[-80.4479111388889,25.79009388888889]]},"properties":{"style":"solid","thickness":1}},{"type":"Feature","geometry":{"type":"LineString","coordinates":[[-80.44767833333334,25.79109313888889],[-80.44766002777779,25.790203833333337]]},"properties":{"style":"solid","thickness":1}},{"type":"Feature","geometry":{"type":"LineString","coordinates":[[-80.44739055555556,25.790653194444445],[-80.44740333333334,25.790759472222224],[-80.44743686111111,25.790861972222224],[-80.44749008333334,25.790957416666668],[-80.44756125,25.791042722222222],[-80.44764811111112,25.79111513888889],[-80.44774786111111,25.791172361111112],[-80.44785727777779,25.791212555555557],[-80.4479728888889,25.791234388888892],[-80.44809094444444,25.791237194444445],[-80.44820763888889,25.791220861111114],[-80.44831925,25.791185944444447],[-80.44842216666667,25.79113352777778],[-80.44851311111111,25.791065333333336],[-80.44858913888889,25.79098352777778],[-80.44864780555555,25.790890750000003],[-80.44868722222222,25.790789972222225],[-80.4487061388889,25.790684472222225],[-80.44870394444445,25.790577583333334],[-80.44868069444445,25.790472750000003],[-80.4486371388889,25.79037338888889],[-80.44857469444445,25.79028263888889],[-80.44849536111111,25.790203472222224],[-80.44840166666667,25.79013838888889],[-80.44829666666666,25.7900895],[-80.44818369444445,25.790058361111114],[-80.44806641666668,25.790045972222224],[-80.44794855555556,25.79005277777778],[-80.44783394444445,25.7900785],[-80.44772625,25.790122333333336],[-80.44762891666667,25.79018288888889],[-80.44754511111111,25.790258194444448],[-80.44747747222223,25.790345833333333],[-80.44742825,25.790443000000003],[-80.44739894444444,25.790546555555558],[-80.44739055555556,25.790653194444445]]},"properties":{"style":"solid","thickness":1}},{"type":"Feature","geometry":{"type":"LineString","coordinates":[[-80.44012072222223,25.784667222222225],[-80.44010247222222,25.78377791666667]]},"properties":{"style":"solid","thickness":1}},{"type":"Feature","geometry":{"type":"LineString","coordinates":[[-80.43986961111112,25.784777166666668],[-80.43984702777779,25.783676472222226]]},"properties":{"style":"solid","thickness":1}},{"type":"Feature","geometry":{"type":"LineString","coordinates":[[-80.43961633333333,25.784781416666668],[-80.43959375,25.783680750000002]]},"properties":{"style":"solid","thickness":1}},{"type":"Feature","geometry":{"type":"LineString","coordinates":[[-80.43936086111111,25.78468],[-80.43934263888889,25.783790694444445]]},"properties":{"style":"solid","thickness":1}},{"type":"Feature","geometry":{"type":"LineString","coordinates":[[-80.43907313888889,25.78424002777778],[-80.43908591666667,25.78434630555556],[-80.43911944444444,25.784448805555556],[-80.43917263888889,25.784544250000003],[-80.43924380555556,25.784629555555558],[-80.43933063888889,25.784702000000003],[-80.4394303888889,25.784759222222224],[-80.43953980555555,25.784799388888892],[-80.4396553888889,25.78482125],[-80.43977344444446,25.784824055555557],[-80.4398901388889,25.784807750000002],[-80.44000175000001,25.784772833333335],[-80.44010466666667,25.78472041666667],[-80.44019561111112,25.784652222222224],[-80.44027163888889,25.784570444444444],[-80.44033030555556,25.784477666666668],[-80.44036972222223,25.78437688888889],[-80.44038863888889,25.784271361111113],[-80.44038644444444,25.784164472222223],[-80.44036322222223,25.784059666666668],[-80.44031966666667,25.78396027777778],[-80.44025725,25.783869555555558],[-80.44017791666667,25.783790361111112],[-80.44008425,25.78372527777778],[-80.43997925000001,25.783676361111112],[-80.43986627777778,25.783645222222223],[-80.439749,25.783632861111112],[-80.43963116666667,25.78363963888889],[-80.43951655555556,25.783665333333335],[-80.43940883333333,25.783709194444445],[-80.43931152777778,25.783769722222225],[-80.43922769444445,25.78384502777778],[-80.43916008333333,25.78393266666667],[-80.43911083333333,25.784029833333335],[-80.43908155555556,25.78413338888889],[-80.43907313888889,25.78424002777778]]},"properties":{"style":"solid","thickness":1}},{"type":"Feature","geometry":{"type":"LineString","coordinates":[[-80.42979327777778,25.791833055555557],[-80.42977511111111,25.79094375]]},"properties":{"style":"solid","thickness":1}},{"type":"Feature","geometry":{"type":"LineString","coordinates":[[-80.42954213888889,25.791943000000003],[-80.42951963888889,25.790842305555557]]},"properties":{"style":"solid","thickness":1}},{"type":"Feature","geometry":{"type":"LineString","coordinates":[[-80.42928883333335,25.791947250000003],[-80.42926636111112,25.790846555555557]]},"properties":{"style":"solid","thickness":1}},{"type":"Feature","geometry":{"type":"LineString","coordinates":[[-80.4290333888889,25.79184577777778],[-80.42901522222223,25.790956472222224]]},"properties":{"style":"solid","thickness":1}},{"type":"Feature","geometry":{"type":"LineString","coordinates":[[-80.42874566666667,25.791405805555556],[-80.42875841666667,25.791512083333334],[-80.42879194444446,25.791614583333335],[-80.42884513888889,25.79171002777778],[-80.42891630555556,25.791795333333337],[-80.42900313888889,25.791867777777778],[-80.42910288888889,25.79192502777778],[-80.42921230555557,25.791965194444447],[-80.42932791666667,25.791987055555555],[-80.42944597222223,25.79198988888889],[-80.42956266666667,25.791973583333334],[-80.42967427777778,25.791938666666667],[-80.42977722222223,25.79188627777778],[-80.42986816666667,25.791818083333336],[-80.42994419444445,25.791736305555556],[-80.4300028888889,25.79164352777778],[-80.43004233333333,25.79154275],[-80.43006125000001,25.791437222222225],[-80.43005908333333,25.791330333333335],[-80.43003583333333,25.79122552777778],[-80.42999230555556,25.79112613888889],[-80.42992988888889,25.79103541666667],[-80.42985055555556,25.790956222222224],[-80.42975688888889,25.79089111111111],[-80.4296518888889,25.790842222222224],[-80.42953891666667,25.790811055555558],[-80.42942161111111,25.790798666666667],[-80.42930377777778,25.790805444444445],[-80.42918913888889,25.790831166666667],[-80.42908144444445,25.790874972222223],[-80.42898411111112,25.79093552777778],[-80.42890027777779,25.79101080555556],[-80.42883263888889,25.791098444444447],[-80.42878338888889,25.791195611111114],[-80.42875408333333,25.79129916666667],[-80.42874566666667,25.791405805555556]]},"properties":{"style":"solid","thickness":1}},{"type":"Feature","geometry":{"type":"LineString","coordinates":[[-80.42238900000001,25.785693277777778],[-80.42237088888889,25.784803972222225]]},"properties":{"style":"solid","thickness":1}},{"type":"Feature","geometry":{"type":"LineString","coordinates":[[-80.4221378888889,25.785803194444448],[-80.42211547222223,25.784702527777778]]},"properties":{"style":"solid","thickness":1}},{"type":"Feature","geometry":{"type":"LineString","coordinates":[[-80.42188458333334,25.785807444444448],[-80.42186216666667,25.78470675]]},"properties":{"style":"solid","thickness":1}},{"type":"Feature","geometry":{"type":"LineString","coordinates":[[-80.42162916666668,25.785705972222225],[-80.42161105555556,25.784816666666668]]},"properties":{"style":"solid","thickness":1}},{"type":"Feature","geometry":{"type":"LineString","coordinates":[[-80.42134150000001,25.785265972222223],[-80.42135425000001,25.78537225],[-80.42138775000001,25.785474750000002],[-80.42144094444446,25.785570194444446],[-80.42151208333334,25.78565552777778],[-80.42159891666667,25.785727972222222],[-80.42169866666667,25.785785194444447],[-80.42180808333333,25.78582538888889],[-80.42192366666667,25.78584727777778],[-80.42204169444445,25.785850083333337],[-80.42215841666668,25.78583377777778],[-80.42227002777778,25.78579888888889],[-80.42237294444445,25.785746500000002],[-80.4224638888889,25.785678305555557],[-80.42253994444445,25.78559652777778],[-80.42259861111111,25.78550375],[-80.42263805555557,25.785403000000002],[-80.422657,25.785297472222222],[-80.42265483333334,25.785190583333335],[-80.42263161111111,25.78508577777778],[-80.42258808333334,25.78498638888889],[-80.42252566666667,25.78489563888889],[-80.42244633333334,25.784816444444445],[-80.42235266666667,25.784751333333336],[-80.42224769444445,25.78470241666667],[-80.42213472222222,25.78467127777778],[-80.42201744444445,25.78465888888889],[-80.42189958333334,25.78466563888889],[-80.42178497222223,25.784691333333335],[-80.42167727777779,25.784735166666668],[-80.42157994444445,25.784795694444448],[-80.42149611111111,25.784871000000003],[-80.42142847222223,25.78495861111111],[-80.42137922222223,25.785055777777778],[-80.42134991666667,25.785159333333336],[-80.42134150000001,25.785265972222223]]},"properties":{"style":"solid","thickness":1}},{"type":"Feature","geometry":{"type":"LineString","coordinates":[[-80.41276938888889,25.792490333333333],[-80.41275136111112,25.79160102777778]]},"properties":{"style":"solid","thickness":1}},{"type":"Feature","geometry":{"type":"LineString","coordinates":[[-80.41251825,25.792600222222223],[-80.41249591666667,25.79149952777778]]},"properties":{"style":"solid","thickness":1}},{"type":"Feature","geometry":{"type":"LineString","coordinates":[[-80.41226494444444,25.792604444444446],[-80.41224261111111,25.79150375]]},"properties":{"style":"solid","thickness":1}},{"type":"Feature","geometry":{"type":"LineString","coordinates":[[-80.41200950000001,25.792502944444447],[-80.41199144444445,25.791613666666667]]},"properties":{"style":"solid","thickness":1}},{"type":"Feature","geometry":{"type":"LineString","coordinates":[[-80.41172183333335,25.792062944444446],[-80.41173458333334,25.792169222222224],[-80.41176808333334,25.792271722222225],[-80.41182127777779,25.792367194444445],[-80.41189241666667,25.792452500000003],[-80.41197925,25.792524944444445],[-80.412079,25.792582194444446],[-80.41218841666667,25.79262238888889],[-80.412304,25.79264427777778],[-80.41242205555557,25.792647111111112],[-80.41253875000001,25.792630805555557],[-80.41265038888889,25.79259591666667],[-80.41275333333334,25.79254352777778],[-80.41284427777778,25.792475361111112],[-80.41292033333333,25.792393583333336],[-80.41297902777778,25.792300805555556],[-80.41301847222223,25.792200055555558],[-80.41303744444446,25.79209452777778],[-80.41303525000001,25.79198763888889],[-80.41301205555555,25.791882805555556],[-80.41296852777778,25.791783444444444],[-80.41290611111111,25.791692694444446],[-80.41282680555557,25.791613472222224],[-80.4127331388889,25.79154838888889],[-80.41262813888889,25.791499444444447],[-80.41251516666667,25.791468277777778],[-80.41239788888889,25.79145588888889],[-80.41228002777778,25.79146263888889],[-80.41216541666667,25.791488333333334],[-80.41205769444446,25.79153216666667],[-80.41196036111111,25.79159266666667],[-80.4118765,25.791667972222225],[-80.41180886111111,25.791755583333334],[-80.41175958333334,25.79185275],[-80.41173027777778,25.79195630555556],[-80.41172183333335,25.792062944444446]]},"properties":{"style":"solid","thickness":1}},{"type":"Feature","geometry":{"type":"LineString","coordinates":[[-80.40506197222223,25.78634991666667],[-80.405044,25.785460611111112]]},"properties":{"style":"solid","thickness":1}},{"type":"Feature","geometry":{"type":"LineString","coordinates":[[-80.40481083333334,25.78645980555556],[-80.40478855555556,25.785359111111113]]},"properties":{"style":"solid","thickness":1}},{"type":"Feature","geometry":{"type":"LineString","coordinates":[[-80.40455752777778,25.786464000000002],[-80.40453527777778,25.785363305555556]]},"properties":{"style":"solid","thickness":1}},{"type":"Feature","geometry":{"type":"LineString","coordinates":[[-80.40430211111112,25.786362500000003],[-80.4042841388889,25.785473194444446]]},"properties":{"style":"solid","thickness":1}},{"type":"Feature","geometry":{"type":"LineString","coordinates":[[-80.4040145,25.785922472222225],[-80.40402725,25.786028750000003],[-80.40406075,25.78613125],[-80.40411391666667,25.786226722222224],[-80.40418505555556,25.78631202777778],[-80.4042718888889,25.7863845],[-80.40437161111112,25.78644175],[-80.40448102777778,25.786481944444446],[-80.40459661111112,25.786503833333335],[-80.40471463888889,25.786506666666668],[-80.40483136111112,25.78649038888889],[-80.40494297222223,25.786455500000002],[-80.40504591666667,25.786403111111113],[-80.40513686111112,25.786334944444445],[-80.40521291666667,25.78625316666667],[-80.40527161111112,25.78616038888889],[-80.40531108333334,25.78605963888889],[-80.40533002777778,25.785954111111113],[-80.40532786111112,25.785847222222223],[-80.40530466666667,25.785742416666668],[-80.40526113888889,25.78564302777778],[-80.40519875000001,25.78555227777778],[-80.40511944444445,25.785473083333336],[-80.40502577777778,25.785407972222224],[-80.40492077777779,25.78535902777778],[-80.40480783333334,25.785327861111114],[-80.40469055555556,25.785315444444446],[-80.40457272222223,25.785322194444447],[-80.40445808333334,25.78534788888889],[-80.4043503888889,25.785391694444446],[-80.40425302777778,25.785452222222222],[-80.40416919444445,25.7855275],[-80.40410155555556,25.78561513888889],[-80.40405227777778,25.78571227777778],[-80.40402294444445,25.785815833333334],[-80.4040145,25.785922472222225]]},"properties":{"style":"solid","thickness":1}},{"type":"Feature","geometry":{"type":"LineString","coordinates":[[-80.3945295,25.79342163888889],[-80.39451161111111,25.792532333333334]]},"properties":{"style":"solid","thickness":1}},{"type":"Feature","geometry":{"type":"LineString","coordinates":[[-80.39427833333335,25.79353152777778],[-80.39425616666668,25.792430833333334]]},"properties":{"style":"solid","thickness":1}},{"type":"Feature","geometry":{"type":"LineString","coordinates":[[-80.39402502777779,25.793535694444447],[-80.39400286111112,25.792435]]},"properties":{"style":"solid","thickness":1}},{"type":"Feature","geometry":{"type":"LineString","coordinates":[[-80.39376961111111,25.793434194444448],[-80.39375169444445,25.79254488888889]]},"properties":{"style":"solid","thickness":1}},{"type":"Feature","geometry":{"type":"LineString","coordinates":[[-80.39348202777778,25.79299413888889],[-80.39349475,25.793100416666668],[-80.39352822222223,25.793202944444445],[-80.39358138888889,25.79329838888889],[-80.39365252777779,25.793383722222224],[-80.39373936111112,25.79345616666667],[-80.39383908333333,25.793513444444446],[-80.39394850000001,25.793553666666668],[-80.39406408333333,25.79357552777778],[-80.3941821388889,25.79357838888889],[-80.39429886111112,25.79356211111111],[-80.39441047222223,25.793527222222224],[-80.39451344444446,25.79347486111111],[-80.3946043888889,25.793406694444446],[-80.39468047222223,25.79332491666667],[-80.39473916666667,25.79323216666667],[-80.3947786388889,25.793131416666668],[-80.39479761111112,25.79302588888889],[-80.39479544444445,25.792919],[-80.39477225,25.79281416666667],[-80.39472875000001,25.79271477777778],[-80.39466636111112,25.79262402777778],[-80.39458705555556,25.792544805555558],[-80.39449338888889,25.792479694444445],[-80.3943883888889,25.792430777777778],[-80.39427544444445,25.792399583333335],[-80.39415816666667,25.792387166666668],[-80.39404030555556,25.79239391666667],[-80.39392566666668,25.792419583333334],[-80.39381794444445,25.79246338888889],[-80.39372058333333,25.792523916666667],[-80.39363675000001,25.79259916666667],[-80.39356908333335,25.792686805555558],[-80.39351980555556,25.792783944444444],[-80.39349044444445,25.792887500000003],[-80.39348202777778,25.79299413888889]]},"properties":{"style":"solid","thickness":1}},{"type":"Feature","geometry":{"type":"LineString","coordinates":[[-80.38520166666667,25.787281305555556],[-80.38518380555556,25.786392000000003]]},"properties":{"style":"solid","thickness":1}},{"type":"Feature","geometry":{"type":"LineString","coordinates":[[-80.38495047222223,25.78739116666667],[-80.38492841666667,25.786290472222223]]},"properties":{"style":"solid","thickness":1}},{"type":"Feature","geometry":{"type":"LineString","coordinates":[[-80.38469719444446,25.787395333333336],[-80.38467511111112,25.78629463888889]]},"properties":{"style":"solid","thickness":1}},{"type":"Feature","geometry":{"type":"LineString","coordinates":[[-80.38444177777778,25.78729377777778],[-80.38442394444445,25.786404500000003]]},"properties":{"style":"solid","thickness":1}},{"type":"Feature","geometry":{"type":"LineString","coordinates":[[-80.38415425000001,25.786853722222222],[-80.38416697222223,25.78696],[-80.38420044444445,25.78706252777778],[-80.38425361111112,25.787157972222225],[-80.38432472222223,25.787243305555556],[-80.38441155555556,25.787315777777778],[-80.38451127777779,25.78737305555556],[-80.38462066666668,25.78741327777778],[-80.38473625,25.78743516666667],[-80.38485430555556,25.787438027777778],[-80.38497100000001,25.78742175],[-80.38508263888889,25.787386861111113],[-80.38518558333334,25.7873345],[-80.38527655555556,25.78726636111111],[-80.38535261111112,25.787184583333335],[-80.38541133333334,25.787091833333335],[-80.38545080555556,25.786991083333334],[-80.38546977777779,25.786885555555557],[-80.3854676388889,25.786778666666667],[-80.38544444444445,25.786673833333335],[-80.38540094444446,25.786574444444447],[-80.38533855555556,25.786483694444446],[-80.38525925,25.786404472222223],[-80.38516561111112,25.786339361111114],[-80.3850606388889,25.786290416666667],[-80.38494769444445,25.786259222222224],[-80.38483041666667,25.786246805555557],[-80.38471255555557,25.78625352777778],[-80.38459791666668,25.786279222222223],[-80.38449022222223,25.786323000000003],[-80.38439286111112,25.786383500000003],[-80.384309,25.786458777777778],[-80.38424133333334,25.78654638888889],[-80.38419205555556,25.78664352777778],[-80.38416269444446,25.786747083333335],[-80.38415425000001,25.786853722222222]]},"properties":{"style":"solid","thickness":1}},{"type":"Feature","geometry":{"type":"LineString","coordinates":[[-80.37618805555555,25.794442472222222],[-80.37617027777777,25.79355316666667]]},"properties":{"style":"solid","thickness":1}},{"type":"Feature","geometry":{"type":"LineString","coordinates":[[-80.3759368611111,25.794552305555555],[-80.3759148611111,25.793451611111113]]},"properties":{"style":"solid","thickness":1}},{"type":"Feature","geometry":{"type":"LineString","coordinates":[[-80.37568355555555,25.794556472222222],[-80.37566158333333,25.79345577777778]]},"properties":{"style":"solid","thickness":1}},{"type":"Feature","geometry":{"type":"LineString","coordinates":[[-80.37542813888888,25.79445491666667],[-80.37541038888888,25.793565611111113]]},"properties":{"style":"solid","thickness":1}},{"type":"Feature","geometry":{"type":"LineString","coordinates":[[-80.37514063888888,25.794014833333335],[-80.37515333333333,25.794121111111114],[-80.37518680555554,25.79422363888889],[-80.37523997222222,25.794319083333335],[-80.37531108333333,25.79440441666667],[-80.37539791666666,25.79447688888889],[-80.3754976111111,25.79453416666667],[-80.37560702777778,25.79457438888889],[-80.3757226111111,25.794596305555558],[-80.37584066666666,25.794599166666668],[-80.37595738888888,25.79458291666667],[-80.37606902777777,25.79454802777778],[-80.37617197222221,25.794495694444446],[-80.37626294444443,25.794427527777778],[-80.37633902777777,25.79434575],[-80.37639775,25.794253],[-80.37643725,25.794152250000003],[-80.37645622222222,25.794046750000003],[-80.37645408333333,25.793939861111113],[-80.37643091666666,25.793835027777778],[-80.37638741666666,25.79373563888889],[-80.37632502777777,25.79364486111111],[-80.37624572222222,25.79356563888889],[-80.37615208333332,25.79350052777778],[-80.3760471111111,25.793451555555556],[-80.37593416666667,25.79342038888889],[-80.3758168611111,25.793407944444446],[-80.375699,25.793414666666667],[-80.37558436111111,25.793440333333336],[-80.37547663888888,25.79348413888889],[-80.37537927777777,25.79354463888889],[-80.37529541666666,25.79361988888889],[-80.37522775,25.7937075],[-80.37517844444444,25.79380463888889],[-80.37514908333333,25.793908194444445],[-80.37514063888888,25.794014833333335]]},"properties":{"style":"solid","thickness":1}},{"type":"Feature","geometry":{"type":"LineString","coordinates":[[-80.36686108333333,25.788300944444448],[-80.36684338888888,25.78741163888889]]},"properties":{"style":"solid","thickness":1}},{"type":"Feature","geometry":{"type":"LineString","coordinates":[[-80.36660988888889,25.78841077777778],[-80.36658797222222,25.787310055555558]]},"properties":{"style":"solid","thickness":1}},{"type":"Feature","geometry":{"type":"LineString","coordinates":[[-80.3663566111111,25.78841488888889],[-80.36633469444443,25.787314194444445]]},"properties":{"style":"solid","thickness":1}},{"type":"Feature","geometry":{"type":"LineString","coordinates":[[-80.36610119444444,25.788313333333335],[-80.36608349999999,25.787424027777778]]},"properties":{"style":"solid","thickness":1}},{"type":"Feature","geometry":{"type":"LineString","coordinates":[[-80.36581372222221,25.787873222222224],[-80.36582644444444,25.787979500000002],[-80.36585988888888,25.78808202777778],[-80.36591302777778,25.788177500000003],[-80.36598416666666,25.788262833333334],[-80.36607097222222,25.788335305555556],[-80.36617066666666,25.788392583333334],[-80.36628005555555,25.788432833333335],[-80.36639563888889,25.788454750000003],[-80.36651369444444,25.788457611111113],[-80.36663038888888,25.78844136111111],[-80.36674202777778,25.7884065],[-80.366845,25.78835413888889],[-80.36693597222222,25.788286000000003],[-80.36701205555555,25.788204250000003],[-80.36707077777777,25.788111500000003],[-80.36711027777777,25.78801075],[-80.36712924999999,25.787905222222225],[-80.36712713888888,25.787798333333335],[-80.36710397222221,25.787693500000003],[-80.36706047222222,25.78759411111111],[-80.3669981111111,25.787503333333333],[-80.36691883333333,25.78742411111111],[-80.36682519444443,25.787358972222226],[-80.36672022222221,25.787310027777778],[-80.36660727777777,25.787278833333335],[-80.36649,25.78726638888889],[-80.36637213888888,25.787273111111112],[-80.36625749999999,25.787298777777778],[-80.36614977777778,25.787342555555558],[-80.36605241666666,25.787403027777778],[-80.36596855555555,25.787478305555556],[-80.3659008611111,25.78756591666667],[-80.36585155555555,25.78766305555556],[-80.36582219444443,25.787766583333337],[-80.36581372222221,25.787873222222224]]},"properties":{"style":"solid","thickness":1}},{"type":"Feature","geometry":{"type":"LineString","coordinates":[[-80.35723816666666,25.79527775],[-80.35722052777777,25.794388444444447]]},"properties":{"style":"solid","thickness":1}},{"type":"Feature","geometry":{"type":"LineString","coordinates":[[-80.35698694444444,25.795387555555557],[-80.35696513888888,25.794286861111114]]},"properties":{"style":"solid","thickness":1}},{"type":"Feature","geometry":{"type":"LineString","coordinates":[[-80.35673363888888,25.795391666666667],[-80.35671183333332,25.794290972222225]]},"properties":{"style":"solid","thickness":1}},{"type":"Feature","geometry":{"type":"LineString","coordinates":[[-80.35647822222222,25.795290083333335],[-80.3564606111111,25.794400777777778]]},"properties":{"style":"solid","thickness":1}},{"type":"Feature","geometry":{"type":"LineString","coordinates":[[-80.35619077777777,25.794849972222224],[-80.35620347222222,25.794956250000002],[-80.35623694444443,25.79505877777778],[-80.35629008333333,25.795154250000003],[-80.35636119444443,25.795239583333334],[-80.356448,25.795312083333336],[-80.35654769444444,25.795369361111113],[-80.3566571111111,25.79540961111111],[-80.35677269444444,25.79543152777778],[-80.35689074999999,25.79543441666667],[-80.35700744444443,25.795418166666668],[-80.35711908333333,25.795383305555557],[-80.35722205555555,25.795330972222224],[-80.35731305555555,25.795262805555556],[-80.35738913888888,25.795181055555556],[-80.35744788888888,25.795088305555556],[-80.35748738888888,25.794987583333334],[-80.35750638888888,25.794882055555558],[-80.35750427777778,25.794775166666668],[-80.3574811111111,25.794670333333336],[-80.35743763888888,25.794570944444445],[-80.35737524999999,25.79448016666667],[-80.35729597222222,25.794400944444448],[-80.35720233333333,25.79433580555556],[-80.3570973611111,25.794286833333334],[-80.35698441666666,25.79425563888889],[-80.35686713888889,25.794243166666668],[-80.35674927777777,25.794249888888892],[-80.35663463888888,25.794275555555558],[-80.35652688888888,25.794319305555558],[-80.35642952777778,25.794379805555558],[-80.35634563888888,25.794455055555556],[-80.35627794444444,25.79454266666667],[-80.35622863888888,25.79463977777778],[-80.35619924999999,25.794743333333336],[-80.35619077777777,25.794849972222224]]},"properties":{"style":"solid","thickness":1}},{"type":"Feature","geometry":{"type":"LineString","coordinates":[[-80.34933080555555,25.789226194444446],[-80.34931325,25.78833688888889]]},"properties":{"style":"solid","thickness":1}},{"type":"Feature","geometry":{"type":"LineString","coordinates":[[-80.34907961111111,25.789336000000002],[-80.3490578611111,25.78823527777778]]},"properties":{"style":"solid","thickness":1}},{"type":"Feature","geometry":{"type":"LineString","coordinates":[[-80.34882630555555,25.789340083333336],[-80.34880458333333,25.78823938888889]]},"properties":{"style":"solid","thickness":1}},{"type":"Feature","geometry":{"type":"LineString","coordinates":[[-80.34857094444445,25.789238500000003],[-80.3485533611111,25.788349194444447]]},"properties":{"style":"solid","thickness":1}},{"type":"Feature","geometry":{"type":"LineString","coordinates":[[-80.34828352777777,25.788798361111112],[-80.34829622222222,25.78890463888889],[-80.34832966666666,25.789007166666668],[-80.34838277777777,25.78910263888889],[-80.34845388888888,25.789188000000003],[-80.34854069444444,25.789260472222225],[-80.34864038888888,25.78931777777778],[-80.34874977777777,25.78935802777778],[-80.34886536111111,25.789379944444445],[-80.34898341666666,25.789382833333335],[-80.34910011111111,25.789366583333337],[-80.34921175,25.789331722222222],[-80.34931472222222,25.78927938888889],[-80.34940572222222,25.78921125],[-80.34948180555556,25.7891295],[-80.34954055555555,25.78903677777778],[-80.34958005555555,25.78893602777778],[-80.34959905555556,25.78883052777778],[-80.34959694444444,25.78872363888889],[-80.34957380555555,25.788618805555558],[-80.34953033333333,25.78851938888889],[-80.34946797222221,25.78842861111111],[-80.34938869444444,25.78834938888889],[-80.34929505555554,25.788284222222224],[-80.34919008333333,25.78823527777778],[-80.34907716666666,25.788204055555557],[-80.34895988888888,25.788191611111113],[-80.34884202777778,25.788198305555557],[-80.34872738888889,25.788223944444447],[-80.34861966666666,25.788267722222223],[-80.34852227777778,25.788328194444446],[-80.34843838888888,25.788403444444445],[-80.34837072222221,25.788491055555557],[-80.34832138888889,25.788588166666667],[-80.348292,25.788691722222225],[-80.34828352777777,25.788798361111112]]},"properties":{"style":"solid","thickness":1}},{"type":"Feature","geometry":{"type":"LineString","coordinates":[[-80.33889616666666,25.79647730555556],[-80.33887869444445,25.795588000000002]]},"properties":{"style":"solid","thickness":1}},{"type":"Feature","geometry":{"type":"LineString","coordinates":[[-80.33864494444444,25.796587083333335],[-80.33862330555556,25.79548638888889]]},"properties":{"style":"solid","thickness":1}},{"type":"Feature","geometry":{"type":"LineString","coordinates":[[-80.33839163888888,25.79659116666667],[-80.33837,25.795490472222223]]},"properties":{"style":"solid","thickness":1}},{"type":"Feature","geometry":{"type":"LineString","coordinates":[[-80.33813624999999,25.796489555555556],[-80.33811874999999,25.795600250000003]]},"properties":{"style":"solid","thickness":1}},{"type":"Feature","geometry":{"type":"LineString","coordinates":[[-80.33784886111111,25.79604938888889],[-80.33786152777778,25.796155694444447],[-80.33789497222222,25.796258222222225],[-80.33794808333333,25.796353694444445],[-80.33801919444444,25.796439055555556],[-80.338106,25.796511527777778],[-80.33820569444444,25.796568833333335],[-80.33831508333333,25.796609111111113],[-80.33843066666667,25.796631027777778],[-80.33854872222221,25.796633916666668],[-80.33866544444444,25.796617694444446],[-80.33877708333333,25.796582861111112],[-80.33888008333332,25.79653052777778],[-80.33897108333333,25.79646238888889],[-80.33904716666666,25.79638063888889],[-80.33910594444444,25.796287916666667],[-80.33914544444444,25.79618716666667],[-80.33916447222222,25.79608166666667],[-80.33916236111111,25.79597477777778],[-80.33913922222222,25.795869944444448],[-80.33909575,25.79577052777778],[-80.33903338888888,25.79567975],[-80.33895413888888,25.795600500000003],[-80.3388605,25.795535361111114],[-80.33875552777778,25.79548638888889],[-80.33864258333332,25.795455166666667],[-80.33852530555555,25.795442694444446],[-80.33840744444444,25.79544938888889],[-80.33829280555555,25.79547502777778],[-80.33818505555556,25.79551877777778],[-80.33808766666667,25.795579250000003],[-80.33800377777777,25.7956545],[-80.33793608333333,25.795742083333334],[-80.33788672222222,25.795839222222224],[-80.3378573611111,25.79594277777778],[-80.33784886111111,25.79604938888889]]},"properties":{"style":"solid","thickness":1}},{"type":"Feature","geometry":{"type":"LineString","coordinates":[[-80.33098955555555,25.789966055555556],[-80.33097211111111,25.789076750000003]]},"properties":{"style":"solid","thickness":1}},{"type":"Feature","geometry":{"type":"LineString","coordinates":[[-80.33073833333333,25.790075805555556],[-80.33071675,25.788975111111114]]},"properties":{"style":"solid","thickness":1}},{"type":"Feature","geometry":{"type":"LineString","coordinates":[[-80.33048502777777,25.79007988888889],[-80.33046344444445,25.788979194444448]]},"properties":{"style":"solid","thickness":1}},{"type":"Feature","geometry":{"type":"LineString","coordinates":[[-80.33022966666667,25.78997825],[-80.33021222222222,25.789088944444448]]},"properties":{"style":"solid","thickness":1}},{"type":"Feature","geometry":{"type":"LineString","coordinates":[[-80.32994230555555,25.789538083333333],[-80.32995497222223,25.78964436111111],[-80.32998841666667,25.78974688888889],[-80.33004152777778,25.78984238888889],[-80.3301126111111,25.78992775],[-80.33019941666666,25.790000222222226],[-80.3302991111111,25.79005752777778],[-80.33040849999999,25.790097805555558],[-80.33052405555556,25.790119750000002],[-80.3306421111111,25.790122638888892],[-80.33075883333333,25.790106416666667],[-80.33087047222222,25.790071583333336],[-80.33097344444444,25.79001925],[-80.33106444444444,25.789951138888892],[-80.33114055555555,25.789869388888892],[-80.33119930555556,25.78977666666667],[-80.33123883333333,25.789675916666667],[-80.33125786111111,25.789570416666667],[-80.33125575,25.78946352777778],[-80.3312326111111,25.789358694444445],[-80.33118916666666,25.78925927777778],[-80.33112680555556,25.789168500000002],[-80.33104755555556,25.78908925],[-80.33095394444445,25.789024083333334],[-80.33084897222221,25.788975111111114],[-80.33073602777777,25.78894388888889],[-80.33061875,25.788931416666667],[-80.33050091666667,25.78893811111111],[-80.33038627777778,25.788963722222224],[-80.33027852777778,25.7890075],[-80.33018113888889,25.789067944444447],[-80.33009725,25.789143194444446],[-80.33002955555556,25.789230777777778],[-80.32998019444445,25.789327916666668],[-80.32995080555555,25.789431444444446],[-80.32994230555555,25.789538083333333]]},"properties":{"style":"solid","thickness":1}},{"type":"Feature","geometry":{"type":"LineString","coordinates":[[-80.32024963888888,25.797032416666667],[-80.32023230555555,25.796143111111114]]},"properties":{"style":"solid","thickness":1}},{"type":"Feature","geometry":{"type":"LineString","coordinates":[[-80.31999838888889,25.797142166666667],[-80.31997691666666,25.796041472222225]]},"properties":{"style":"solid","thickness":1}},{"type":"Feature","geometry":{"type":"LineString","coordinates":[[-80.31974508333333,25.797146222222224],[-80.3197236111111,25.79604552777778]]},"properties":{"style":"solid","thickness":1}},{"type":"Feature","geometry":{"type":"LineString","coordinates":[[-80.31948972222222,25.797044583333335],[-80.31947236111111,25.79615525]]},"properties":{"style":"solid","thickness":1}},{"type":"Feature","geometry":{"type":"LineString","coordinates":[[-80.31920238888888,25.79660436111111],[-80.31921505555555,25.79671066666667],[-80.31924847222221,25.796813194444447],[-80.31930158333333,25.796908694444447],[-80.31937266666667,25.796994055555558],[-80.31945944444445,25.797066555555556],[-80.31955913888889,25.797123861111114],[-80.31966855555555,25.797164138888892],[-80.3197841111111,25.797186083333337],[-80.31990216666667,25.797189000000003],[-80.32001888888888,25.797172777777778],[-80.32013055555555,25.797137944444447],[-80.32023352777777,25.79708563888889],[-80.32032455555556,25.797017500000003],[-80.32040066666666,25.79693577777778],[-80.32045944444444,25.796843055555556],[-80.32049897222223,25.796742305555558],[-80.32051799999999,25.796636805555558],[-80.32051591666666,25.796529916666668],[-80.32049277777777,25.796425083333336],[-80.32044933333333,25.796325666666668],[-80.320387,25.79623488888889],[-80.32030775,25.79615563888889],[-80.32021411111111,25.796090472222225],[-80.32010916666667,25.796041472222225],[-80.31999622222222,25.796010222222225],[-80.31987894444444,25.79599775],[-80.31976108333333,25.796004444444446],[-80.31964641666666,25.79603005555556],[-80.31953866666666,25.796073805555558],[-80.31944127777777,25.796134277777778],[-80.3193573611111,25.796209500000003],[-80.31928966666666,25.796297083333336],[-80.31924030555555,25.796394194444446],[-80.31921088888889,25.79649775],[-80.31920238888888,25.79660436111111]]},"properties":{"style":"solid","thickness":1}},{"type":"Feature","geometry":{"type":"LineString","coordinates":[[-80.26177719444445,25.79216925],[-80.26176030555555,25.791279916666667]]},"properties":{"style":"solid","thickness":1}},{"type":"Feature","geometry":{"type":"LineString","coordinates":[[-80.26152591666667,25.79227888888889],[-80.26150497222223,25.79117816666667]]},"properties":{"style":"solid","thickness":1}},{"type":"Feature","geometry":{"type":"LineString","coordinates":[[-80.26127261111111,25.792282833333335],[-80.26125166666667,25.791182111111112]]},"properties":{"style":"solid","thickness":1}},{"type":"Feature","geometry":{"type":"LineString","coordinates":[[-80.26101727777778,25.792181083333336],[-80.26100038888889,25.791291750000003]]},"properties":{"style":"solid","thickness":1}},{"type":"Feature","geometry":{"type":"LineString","coordinates":[[-80.26073019444445,25.791740750000002],[-80.26074280555555,25.791847055555557],[-80.26077619444445,25.791949611111114],[-80.26082925,25.79204511111111],[-80.26090027777778,25.792130500000003],[-80.26098702777777,25.79220302777778],[-80.26108669444444,25.79226038888889],[-80.26119605555556,25.792300722222222],[-80.26131161111111,25.792322694444447],[-80.26142966666667,25.792325666666667],[-80.26154638888889,25.7923095],[-80.26165805555556,25.792274694444448],[-80.26176105555555,25.792222444444445],[-80.26185211111111,25.792154361111113],[-80.26192827777778,25.79207263888889],[-80.26198708333334,25.791979944444446],[-80.26202666666667,25.791879222222224],[-80.26204575,25.791773722222224],[-80.26204372222222,25.791666833333334],[-80.26202063888888,25.791562000000003],[-80.26197725,25.791462555555558],[-80.26191494444444,25.791371750000003],[-80.26183572222222,25.791292472222224],[-80.26174213888889,25.791227250000002],[-80.26163722222222,25.791178222222225],[-80.26152427777778,25.791146944444446],[-80.26140702777778,25.79113441666667],[-80.26128916666667,25.791141055555556],[-80.2611745,25.79116663888889],[-80.26106672222222,25.791210333333336],[-80.26096930555556,25.791270750000002],[-80.26088536111111,25.791345944444448],[-80.26081761111111,25.7914335],[-80.26076822222223,25.791530611111114],[-80.26073877777777,25.79163413888889],[-80.26073019444445,25.791740750000002]]},"properties":{"style":"solid","thickness":1}},{"type":"Feature","geometry":{"type":"LineString","coordinates":[[-80.25143827777778,25.79941405555556],[-80.25142144444445,25.798524750000002]]},"properties":{"style":"solid","thickness":1}},{"type":"Feature","geometry":{"type":"LineString","coordinates":[[-80.25118694444444,25.799523694444446],[-80.25116613888889,25.798422972222223]]},"properties":{"style":"solid","thickness":1}},{"type":"Feature","geometry":{"type":"LineString","coordinates":[[-80.2509336388889,25.799527611111113],[-80.25091280555556,25.79842688888889]]},"properties":{"style":"solid","thickness":1}},{"type":"Feature","geometry":{"type":"LineString","coordinates":[[-80.25067830555555,25.799425833333334],[-80.2506615,25.79853652777778]]},"properties":{"style":"solid","thickness":1}},{"type":"Feature","geometry":{"type":"LineString","coordinates":[[-80.25039125,25.7989855],[-80.25040386111111,25.79909180555556],[-80.25043722222222,25.799194361111113],[-80.25049027777777,25.799289861111113],[-80.25056130555555,25.79937525],[-80.25064805555556,25.79944780555556],[-80.25074772222223,25.79950516666667],[-80.25085708333333,25.7995455],[-80.25097263888888,25.799567500000002],[-80.25109069444444,25.799570444444445],[-80.25120744444445,25.79955427777778],[-80.25131911111112,25.79951952777778],[-80.25142213888888,25.799467250000003],[-80.25151319444444,25.799399166666667],[-80.25158936111112,25.799317472222224],[-80.25164819444444,25.79922477777778],[-80.25168777777778,25.799124055555556],[-80.25170686111112,25.799018555555556],[-80.25170486111111,25.79891166666667],[-80.25168177777778,25.798806833333334],[-80.25163838888889,25.79870738888889],[-80.25157608333333,25.798616583333335],[-80.2514968888889,25.79853727777778],[-80.25140330555556,25.798472083333333],[-80.25129836111111,25.79842302777778],[-80.25118544444445,25.79839175],[-80.25106816666667,25.798379222222223],[-80.25095027777778,25.798385833333334],[-80.25083561111111,25.798411416666667],[-80.25072783333333,25.798455111111114],[-80.25063041666667,25.79851552777778],[-80.25054647222223,25.798590694444446],[-80.25047869444444,25.798678250000002],[-80.25042927777778,25.79877536111111],[-80.25039983333333,25.79887888888889],[-80.25039125,25.7989855]]},"properties":{"style":"solid","thickness":1}},{"type":"Feature","geometry":{"type":"LineString","coordinates":[[-80.24313083333334,25.793081361111113],[-80.24311408333334,25.79219202777778]]},"properties":{"style":"solid","thickness":1}},{"type":"Feature","geometry":{"type":"LineString","coordinates":[[-80.24287952777777,25.793190972222224],[-80.24285877777778,25.79209025]]},"properties":{"style":"solid","thickness":1}},{"type":"Feature","geometry":{"type":"LineString","coordinates":[[-80.24262622222223,25.79319486111111],[-80.24260547222222,25.79209416666667]]},"properties":{"style":"solid","thickness":1}},{"type":"Feature","geometry":{"type":"LineString","coordinates":[[-80.24237091666667,25.793093083333336],[-80.24235416666667,25.79220377777778]]},"properties":{"style":"solid","thickness":1}},{"type":"Feature","geometry":{"type":"LineString","coordinates":[[-80.24208388888889,25.792652722222225],[-80.2420965,25.79275902777778],[-80.24212983333334,25.792861583333334],[-80.24218288888889,25.792957083333334],[-80.24225391666667,25.793042500000002],[-80.24234066666666,25.793115055555557],[-80.24244030555556,25.793172416666668],[-80.24254966666666,25.793212750000002],[-80.24266522222223,25.793234750000003],[-80.24278327777778,25.793237722222223],[-80.2429,25.793221555555558],[-80.24301166666666,25.793186805555557],[-80.24311469444444,25.793134555555557],[-80.24320575,25.793066472222225],[-80.24328191666667,25.79298477777778],[-80.24334075,25.792892083333335],[-80.24338036111111,25.792791361111114],[-80.24339944444445,25.792685861111114],[-80.24339744444444,25.792578972222223],[-80.24337436111111,25.792474138888892],[-80.243331,25.792374694444447],[-80.24326869444444,25.792283861111112],[-80.2431895,25.792204583333334],[-80.24309594444445,25.79213936111111],[-80.242991,25.792090305555558],[-80.24287808333334,25.79205902777778],[-80.24276080555556,25.792046472222225],[-80.24264294444444,25.792053111111112],[-80.24252827777778,25.79207866666667],[-80.2424205,25.79212236111111],[-80.24232308333333,25.792182750000002],[-80.24223913888889,25.792257944444447],[-80.24217136111112,25.792345500000003],[-80.24212194444445,25.792442583333337],[-80.24209247222223,25.79254611111111],[-80.24208388888889,25.792652722222225]]},"properties":{"style":"solid","thickness":1}},{"type":"Feature","geometry":{"type":"LineString","coordinates":[[-80.23299338888889,25.800324916666668],[-80.23297669444445,25.799435583333334]]},"properties":{"style":"solid","thickness":1}},{"type":"Feature","geometry":{"type":"LineString","coordinates":[[-80.23274205555556,25.8004345],[-80.23272138888889,25.799333805555555]]},"properties":{"style":"solid","thickness":1}},{"type":"Feature","geometry":{"type":"LineString","coordinates":[[-80.23248872222223,25.80043841666667],[-80.23246805555556,25.799337694444446]]},"properties":{"style":"solid","thickness":1}},{"type":"Feature","geometry":{"type":"LineString","coordinates":[[-80.23223341666667,25.800336611111113],[-80.23221672222222,25.79944727777778]]},"properties":{"style":"solid","thickness":1}},{"type":"Feature","geometry":{"type":"LineString","coordinates":[[-80.23194641666667,25.799896222222223],[-80.231959,25.800002527777778],[-80.23199233333334,25.800105083333335],[-80.23204538888889,25.800200611111112],[-80.23211641666667,25.800286],[-80.23220313888889,25.800358555555555],[-80.23230280555556,25.800415944444445],[-80.23241216666666,25.80045627777778],[-80.23252772222223,25.800478277777778],[-80.23264577777778,25.800481277777777],[-80.23276252777778,25.800465111111112],[-80.23287419444445,25.80043036111111],[-80.23297722222222,25.80037811111111],[-80.23306830555556,25.800310055555556],[-80.23314447222222,25.800228361111113],[-80.23320330555556,25.800135666666666],[-80.23324291666667,25.800034944444445],[-80.23326202777778,25.799929444444444],[-80.23326002777777,25.799822555555558],[-80.23323697222223,25.799717722222223],[-80.23319361111112,25.79961827777778],[-80.23313133333333,25.799527444444447],[-80.2330521111111,25.79944813888889],[-80.23295855555556,25.79938291666667],[-80.23285361111111,25.799333888888892],[-80.23274069444444,25.799302583333336],[-80.23262341666667,25.79929002777778],[-80.23250555555556,25.79929663888889],[-80.23239088888889,25.799322194444446],[-80.23228308333333,25.799365861111113],[-80.2321856388889,25.79942627777778],[-80.23210169444445,25.799501444444445],[-80.23203391666667,25.799589],[-80.23198447222222,25.799686083333334],[-80.231955,25.799789611111112],[-80.23194641666667,25.799896222222223]]},"properties":{"style":"solid","thickness":1}},{"type":"Feature","geometry":{"type":"LineString","coordinates":[[-80.22478811111111,25.794174666666667],[-80.22477147222223,25.793285361111113]]},"properties":{"style":"solid","thickness":1}},{"type":"Feature","geometry":{"type":"LineString","coordinates":[[-80.22453677777779,25.79428425],[-80.22451619444445,25.793183527777778]]},"properties":{"style":"solid","thickness":1}},{"type":"Feature","geometry":{"type":"LineString","coordinates":[[-80.22428344444445,25.79428813888889],[-80.22426288888889,25.79318741666667]]},"properties":{"style":"solid","thickness":1}},{"type":"Feature","geometry":{"type":"LineString","coordinates":[[-80.22402816666667,25.794186305555556],[-80.22401155555556,25.793297000000003]]},"properties":{"style":"solid","thickness":1}},{"type":"Feature","geometry":{"type":"LineString","coordinates":[[-80.22374122222223,25.79374591666667],[-80.22375380555556,25.793852222222224],[-80.2237871388889,25.79395477777778],[-80.22384016666666,25.794050305555558],[-80.22391116666667,25.794135722222222],[-80.22399791666666,25.79420827777778],[-80.22409755555556,25.79426563888889],[-80.22420691666667,25.794306000000002],[-80.22432247222223,25.79432802777778],[-80.2244405,25.794331000000003],[-80.22455725,25.79431486111111],[-80.22466891666667,25.794280111111114],[-80.22477194444444,25.794227861111114],[-80.22486302777779,25.79415980555556],[-80.22493919444445,25.794078111111112],[-80.22499802777779,25.793985444444445],[-80.22503766666667,25.793884722222224],[-80.22505677777778,25.793779222222224],[-80.22505477777779,25.793672333333333],[-80.22503172222223,25.7935675],[-80.22498836111112,25.793468055555557],[-80.22492608333333,25.793377222222222],[-80.22484688888889,25.793297916666667],[-80.22475333333334,25.793232694444445],[-80.22464841666667,25.79318361111111],[-80.2245355,25.79315230555556],[-80.22441822222223,25.79313975],[-80.22430036111112,25.793146361111113],[-80.22418569444444,25.79317191666667],[-80.22407791666667,25.793215583333335],[-80.22398047222222,25.793275972222222],[-80.2238965,25.793351166666667],[-80.22382872222222,25.793438694444447],[-80.22377930555555,25.79353577777778],[-80.22374980555556,25.79363930555556],[-80.22374122222223,25.79374591666667]]},"properties":{"style":"solid","thickness":1}},{"type":"Feature","geometry":{"type":"LineString","coordinates":[[-80.21444691666667,25.801141611111113],[-80.21443036111111,25.800252305555556]]},"properties":{"style":"solid","thickness":1}},{"type":"Feature","geometry":{"type":"LineString","coordinates":[[-80.21419555555556,25.801251194444447],[-80.21417508333333,25.800150472222224]]},"properties":{"style":"solid","thickness":1}},{"type":"Feature","geometry":{"type":"LineString","coordinates":[[-80.21394222222223,25.801255055555558],[-80.21392175,25.800154333333335]]},"properties":{"style":"solid","thickness":1}},{"type":"Feature","geometry":{"type":"LineString","coordinates":[[-80.21368694444445,25.801153222222222],[-80.21367038888889,25.80026388888889]]},"properties":{"style":"solid","thickness":1}},{"type":"Feature","geometry":{"type":"LineString","coordinates":[[-80.21340000000001,25.800712805555555],[-80.21341258333334,25.80081911111111],[-80.21344591666667,25.800921666666667],[-80.21349894444445,25.801017194444444],[-80.21356994444444,25.801102611111112],[-80.21365666666667,25.801175166666667],[-80.21375630555556,25.801232555555558],[-80.21386566666666,25.80127291666667],[-80.21398125,25.801294944444447],[-80.21409927777778,25.801297916666666],[-80.21421602777778,25.801281805555558],[-80.21432772222222,25.801247055555557],[-80.21443075,25.801194805555557],[-80.21452183333334,25.80112675],[-80.21459802777778,25.801045083333335],[-80.2146568888889,25.800952388888888],[-80.21469652777778,25.800851694444447],[-80.21471563888889,25.800746194444447],[-80.2147136388889,25.800639305555556],[-80.21469061111111,25.800534444444445],[-80.21464725,25.800435],[-80.21458497222223,25.80034416666667],[-80.21450580555556,25.800264861111113],[-80.21441225000001,25.80019963888889],[-80.21430730555556,25.800150555555557],[-80.21419438888888,25.80011925],[-80.21407711111111,25.800106694444445],[-80.21395925,25.80011327777778],[-80.21384458333334,25.800138805555555],[-80.21373677777778,25.80018247222222],[-80.21363933333333,25.800242861111112],[-80.21355536111112,25.800318055555557],[-80.21348755555556,25.800405583333333],[-80.21343811111112,25.800502666666667],[-80.21340861111112,25.800606166666668],[-80.21340000000001,25.800712805555555]]},"properties":{"style":"solid","thickness":1}},{"type":"Feature","geometry":{"type":"LineString","coordinates":[[-80.20573586111111,25.79499002777778],[-80.20571936111111,25.794100694444445]]},"properties":{"style":"solid","thickness":1}},{"type":"Feature","geometry":{"type":"LineString","coordinates":[[-80.2054845,25.795099555555556],[-80.20546408333334,25.793998833333337]]},"properties":{"style":"solid","thickness":1}},{"type":"Feature","geometry":{"type":"LineString","coordinates":[[-80.20523119444445,25.795103416666667],[-80.20521077777778,25.794002694444448]]},"properties":{"style":"solid","thickness":1}},{"type":"Feature","geometry":{"type":"LineString","coordinates":[[-80.20497591666667,25.795001555555558],[-80.20495941666667,25.79411225]]},"properties":{"style":"solid","thickness":1}},{"type":"Feature","geometry":{"type":"LineString","coordinates":[[-80.20468902777777,25.79456113888889],[-80.20470158333333,25.794667444444446],[-80.20473491666667,25.794770000000003],[-80.20478791666667,25.79486552777778],[-80.20485891666667,25.794950944444444],[-80.20494563888889,25.79502352777778],[-80.20504527777778,25.795080916666667],[-80.20515463888889,25.79512127777778],[-80.20527019444445,25.795143305555555],[-80.20538822222223,25.79514630555556],[-80.20550497222223,25.795130166666667],[-80.2056166388889,25.795095444444446],[-80.20571969444445,25.795043222222223],[-80.20581077777778,25.794975166666667],[-80.20588697222223,25.794893472222224],[-80.20594583333333,25.794800805555557],[-80.20598544444445,25.794700111111112],[-80.20600458333334,25.794594611111112],[-80.20600261111112,25.794487722222225],[-80.20597958333333,25.794382861111114],[-80.20593622222222,25.79428341666667],[-80.20587397222222,25.794192583333334],[-80.20579477777778,25.79411327777778],[-80.20570125,25.79404802777778],[-80.20559633333333,25.793998944444446],[-80.20548341666667,25.79396763888889],[-80.20536613888889,25.793955055555557],[-80.20524827777778,25.79396163888889],[-80.20513361111111,25.793987166666668],[-80.20502580555556,25.794030833333334],[-80.20492836111112,25.794091222222225],[-80.20484438888889,25.79416638888889],[-80.20477658333334,25.79425391666667],[-80.2047271388889,25.794351000000002],[-80.20469763888889,25.7944545],[-80.20468902777777,25.79456113888889]]},"properties":{"style":"solid","thickness":1}},{"type":"Feature","geometry":{"type":"LineString","coordinates":[[-80.19681222222222,25.802048305555555],[-80.19679580555555,25.801158972222222]]},"properties":{"style":"solid","thickness":1}},{"type":"Feature","geometry":{"type":"LineString","coordinates":[[-80.19656086111111,25.802157833333332],[-80.19654052777778,25.801057111111113]]},"properties":{"style":"solid","thickness":1}},{"type":"Feature","geometry":{"type":"LineString","coordinates":[[-80.19630752777778,25.802161666666667],[-80.19628719444445,25.801060944444444]]},"properties":{"style":"solid","thickness":1}},{"type":"Feature","geometry":{"type":"LineString","coordinates":[[-80.19605225000001,25.802059805555555],[-80.19603583333334,25.80117047222222]]},"properties":{"style":"solid","thickness":1}},{"type":"Feature","geometry":{"type":"LineString","coordinates":[[-80.19576538888889,25.80161936111111],[-80.19577794444444,25.80172563888889],[-80.19581125,25.801828222222223],[-80.19586425,25.80192375],[-80.19593525,25.802009166666668],[-80.19602197222223,25.80208175],[-80.19612161111111,25.80213913888889],[-80.19623097222222,25.8021795],[-80.19634652777778,25.802201555555556],[-80.19646458333334,25.802204555555555],[-80.19658133333334,25.802188444444447],[-80.19669302777778,25.802153722222222],[-80.19679605555557,25.8021015],[-80.19688716666667,25.802033444444444],[-80.19696336111112,25.801951777777777],[-80.19702222222223,25.801859111111114],[-80.19706186111111,25.80175838888889],[-80.19708102777778,25.80165291666667],[-80.19707902777778,25.80154602777778],[-80.19705602777778,25.801441166666667],[-80.19701266666667,25.801341722222222],[-80.19695041666667,25.80125086111111],[-80.19687125,25.801171555555555],[-80.19677769444445,25.801106305555557],[-80.19667277777778,25.801057222222223],[-80.19655986111111,25.80102588888889],[-80.19644258333334,25.801013305555557],[-80.19632472222223,25.801019888888888],[-80.19621002777778,25.801045416666668],[-80.19610222222222,25.801089083333334],[-80.19600477777779,25.801149444444444],[-80.19592077777779,25.801224611111113],[-80.19585297222223,25.80131213888889],[-80.1958035,25.801409222222222],[-80.195774,25.801512722222224],[-80.19576538888889,25.80161936111111]]},"properties":{"style":"solid","thickness":1}},{"type":"Feature","geometry":{"type":"LineString","coordinates":[[-80.18891258333333,25.796079694444447],[-80.18889619444445,25.795190361111114]]},"properties":{"style":"solid","thickness":1}},{"type":"Feature","geometry":{"type":"LineString","coordinates":[[-80.18866119444445,25.796189222222225],[-80.18864094444444,25.795088500000002]]},"properties":{"style":"solid","thickness":1}},{"type":"Feature","geometry":{"type":"LineString","coordinates":[[-80.18840788888889,25.79619302777778],[-80.1883876388889,25.795092305555556]]},"properties":{"style":"solid","thickness":1}},{"type":"Feature","geometry":{"type":"LineString","coordinates":[[-80.1881526388889,25.796091166666667],[-80.18813627777779,25.795201833333333]]},"properties":{"style":"solid","thickness":1}},{"type":"Feature","geometry":{"type":"LineString","coordinates":[[-80.18786580555556,25.795650694444447],[-80.18787833333333,25.795757000000002],[-80.18791163888889,25.79585955555556],[-80.18796466666667,25.795955083333336],[-80.18803563888889,25.79604052777778],[-80.18812236111111,25.79611311111111],[-80.18822197222222,25.796170500000002],[-80.18833133333334,25.79621088888889],[-80.18844688888889,25.796232916666668],[-80.18856491666666,25.796235944444447],[-80.18868166666667,25.796219833333335],[-80.18879336111111,25.796185111111114],[-80.18889638888889,25.79613288888889],[-80.18898750000001,25.796064861111113],[-80.18906369444444,25.795983194444446],[-80.18912258333334,25.795890500000002],[-80.18916222222222,25.795789805555557],[-80.18918136111111,25.795684333333334],[-80.18917938888889,25.795577416666667],[-80.18915638888889,25.795472583333336],[-80.18911305555557,25.79537313888889],[-80.18905080555555,25.79528227777778],[-80.18897163888889,25.795202944444448],[-80.18887808333334,25.795137694444445],[-80.18877319444445,25.79508861111111],[-80.18866027777779,25.79505727777778],[-80.18854300000001,25.795044694444446],[-80.18842513888889,25.79505127777778],[-80.18831047222223,25.79507677777778],[-80.18820266666667,25.795120444444446],[-80.18810519444445,25.795180805555557],[-80.18802122222223,25.795255972222225],[-80.18795341666667,25.795343472222225],[-80.18790394444444,25.795440555555558],[-80.18787441666667,25.795544083333336],[-80.18786580555556,25.795650694444447]]},"properties":{"style":"solid","thickness":1}},{"type":"Feature","geometry":{"type":"LineString","coordinates":[[-80.17826569444445,25.80240166666667],[-80.17824941666667,25.801512333333335]]},"properties":{"style":"solid","thickness":1}},{"type":"Feature","geometry":{"type":"LineString","coordinates":[[-80.17801430555556,25.80251116666667],[-80.17799413888889,25.801410444444446]]},"properties":{"style":"solid","thickness":1}},{"type":"Feature","geometry":{"type":"LineString","coordinates":[[-80.17776097222223,25.802514944444447],[-80.17774083333333,25.801414222222224]]},"properties":{"style":"solid","thickness":1}},{"type":"Feature","geometry":{"type":"LineString","coordinates":[[-80.17750572222222,25.802413055555558],[-80.17748944444445,25.801523722222225]]},"properties":{"style":"solid","thickness":1}},{"type":"Feature","geometry":{"type":"LineString","coordinates":[[-80.17721891666667,25.801972583333335],[-80.17723144444444,25.80207888888889],[-80.17726475,25.802181444444447],[-80.17731775,25.802276972222224],[-80.17738872222223,25.802362416666668],[-80.17747544444445,25.802435],[-80.17757505555556,25.802492416666666],[-80.17768441666666,25.802532805555558],[-80.17779997222223,25.802554861111112],[-80.17791802777778,25.802557888888888],[-80.17803477777778,25.80254177777778],[-80.17814647222222,25.802507055555555],[-80.17824952777778,25.802454833333336],[-80.17834061111111,25.802386805555557],[-80.17841683333334,25.802305166666667],[-80.17847572222223,25.802212472222223],[-80.1785153888889,25.802111777777778],[-80.17853455555556,25.802006305555555],[-80.17853258333334,25.801899416666668],[-80.17850958333334,25.801794555555556],[-80.17846625,25.801695111111112],[-80.178404,25.80160425],[-80.17832483333333,25.80152491666667],[-80.17823130555556,25.801459666666666],[-80.1781263888889,25.801410555555556],[-80.17801347222223,25.801379222222224],[-80.17789622222223,25.80136663888889],[-80.17777833333334,25.801373194444444],[-80.17766363888889,25.801398694444444],[-80.17755583333334,25.801442333333334],[-80.17745836111112,25.801502694444444],[-80.17737436111112,25.801577861111113],[-80.17730655555556,25.801665361111112],[-80.17725708333334,25.801762444444446],[-80.17722755555556,25.801865944444444],[-80.17721891666667,25.801972583333335]]},"properties":{"style":"solid","thickness":1}},{"type":"Feature","geometry":{"type":"LineString","coordinates":[[-80.17026502777779,25.79698238888889],[-80.17024880555556,25.796093055555556]]},"properties":{"style":"solid","thickness":1}},{"type":"Feature","geometry":{"type":"LineString","coordinates":[[-80.17001363888889,25.79709188888889],[-80.16999355555556,25.795991166666667]]},"properties":{"style":"solid","thickness":1}},{"type":"Feature","geometry":{"type":"LineString","coordinates":[[-80.16976033333334,25.797095666666667],[-80.16974025,25.795994944444445]]},"properties":{"style":"solid","thickness":1}},{"type":"Feature","geometry":{"type":"LineString","coordinates":[[-80.16950508333333,25.796993750000002],[-80.16948886111112,25.79610441666667]]},"properties":{"style":"solid","thickness":1}},{"type":"Feature","geometry":{"type":"LineString","coordinates":[[-80.16921833333333,25.796553250000002],[-80.16923086111112,25.796659555555557],[-80.16926413888889,25.79676213888889],[-80.1693171388889,25.796857666666668],[-80.16938811111112,25.796943111111112],[-80.16947480555557,25.797015694444447],[-80.16957441666668,25.797073111111114],[-80.16968375,25.797113500000002],[-80.16979930555556,25.797135555555556],[-80.16991736111112,25.797138611111112],[-80.17003411111112,25.7971225],[-80.17014580555556,25.79708777777778],[-80.17024886111112,25.797035583333336],[-80.17033997222222,25.796967555555558],[-80.17041616666667,25.79688588888889],[-80.17047505555556,25.79679325],[-80.17051472222222,25.79669252777778],[-80.1705338888889,25.79658705555556],[-80.17053194444445,25.79648016666667],[-80.17050894444445,25.796375305555557],[-80.1704656388889,25.796275861111113],[-80.1704033888889,25.796185],[-80.17032422222222,25.79610566666667],[-80.17023069444446,25.79604038888889],[-80.17012580555556,25.795991305555557],[-80.17001291666668,25.795959944444448],[-80.16989563888889,25.795947333333334],[-80.16977775000001,25.795953888888892],[-80.16966308333333,25.79597941666667],[-80.16955527777779,25.79602305555556],[-80.16945780555557,25.796083388888892],[-80.16937380555557,25.796158555555557],[-80.16930597222223,25.796246055555557],[-80.1692565,25.79634313888889],[-80.16922697222223,25.79644663888889],[-80.16921833333333,25.796553250000002]]},"properties":{"style":"solid","thickness":1}},{"type":"Feature","geometry":{"type":"LineString","coordinates":[[-80.15900847222223,25.80376111111111],[-80.15899233333334,25.802871777777778]]},"properties":{"style":"solid","thickness":1}},{"type":"Feature","geometry":{"type":"LineString","coordinates":[[-80.15875705555555,25.803870583333335],[-80.15873708333334,25.802769861111113]]},"properties":{"style":"solid","thickness":1}},{"type":"Feature","geometry":{"type":"LineString","coordinates":[[-80.15850375000001,25.803874333333333],[-80.15848377777779,25.80277361111111]]},"properties":{"style":"solid","thickness":1}},{"type":"Feature","geometry":{"type":"LineString","coordinates":[[-80.1582485,25.803772416666668],[-80.15823236111112,25.802883083333334]]},"properties":{"style":"solid","thickness":1}},{"type":"Feature","geometry":{"type":"LineString","coordinates":[[-80.15796175000001,25.803331888888888],[-80.15797427777778,25.803438194444446],[-80.15800755555556,25.80354077777778],[-80.15806052777778,25.803636305555557],[-80.15813150000001,25.80372175],[-80.15821819444444,25.803794361111112],[-80.15831783333334,25.80385177777778],[-80.15842716666667,25.803892166666667],[-80.15854272222222,25.803914250000002],[-80.15866077777778,25.803917277777778],[-80.15877752777779,25.803901194444446],[-80.15888922222223,25.8038665],[-80.15899230555556,25.803814305555555],[-80.15908341666668,25.80374627777778],[-80.1591596388889,25.80366463888889],[-80.15921855555555,25.803571972222223],[-80.15925822222223,25.803471277777778],[-80.1592773888889,25.803365777777778],[-80.15927544444445,25.80325888888889],[-80.15925247222222,25.80315402777778],[-80.15920916666667,25.803054583333335],[-80.15914691666667,25.802963722222223],[-80.15906777777778,25.802884388888888],[-80.15897425,25.802819111111113],[-80.15886933333334,25.802770000000002],[-80.15875644444445,25.80273863888889],[-80.15863916666667,25.80272602777778],[-80.15852127777778,25.802732583333334],[-80.15840658333335,25.802758083333334],[-80.15829877777779,25.802801694444444],[-80.15820130555556,25.802862055555558],[-80.15811727777778,25.802937194444446],[-80.15804944444444,25.803024694444446],[-80.15799994444446,25.80312177777778],[-80.15797041666667,25.803225277777777],[-80.15796175000001,25.803331888888888]]},"properties":{"style":"solid","thickness":1}},{"type":"Feature","geometry":{"type":"LineString","coordinates":[[-80.15222547222223,25.797699805555556],[-80.15220938888889,25.796810472222223]]},"properties":{"style":"solid","thickness":1}},{"type":"Feature","geometry":{"type":"LineString","coordinates":[[-80.15197408333334,25.79780925],[-80.15195416666667,25.796708527777778]]},"properties":{"style":"solid","thickness":1}},{"type":"Feature","geometry":{"type":"LineString","coordinates":[[-80.15172075000001,25.797813],[-80.15170086111112,25.79671227777778]]},"properties":{"style":"solid","thickness":1}},{"type":"Feature","geometry":{"type":"LineString","coordinates":[[-80.15146552777779,25.797711055555556],[-80.15144944444445,25.796821722222223]]},"properties":{"style":"solid","thickness":1}},{"type":"Feature","geometry":{"type":"LineString","coordinates":[[-80.15117883333333,25.79727052777778],[-80.15119133333334,25.797376833333335],[-80.15122461111112,25.79747941666667],[-80.15127758333334,25.797574944444445],[-80.15134855555556,25.79766038888889],[-80.15143525,25.797733],[-80.15153486111112,25.797790444444445],[-80.15164419444444,25.797830833333336],[-80.15175972222222,25.797852916666667],[-80.15187777777778,25.797855972222223],[-80.15199452777779,25.79783988888889],[-80.15210622222223,25.797805194444447],[-80.15220930555556,25.797753],[-80.15230041666668,25.797684972222225],[-80.1523766388889,25.797603333333335],[-80.15243555555556,25.797510666666668],[-80.15247522222222,25.797409972222223],[-80.15249441666667,25.797304500000003],[-80.15249247222222,25.797197611111113],[-80.15246947222222,25.79709275],[-80.15242619444444,25.79699327777778],[-80.15236397222223,25.79690241666667],[-80.15228480555557,25.796823083333337],[-80.15219130555556,25.796757805555558],[-80.15208638888889,25.796708694444447],[-80.15197350000001,25.79667730555556],[-80.15185625000001,25.796664694444445],[-80.15173836111111,25.796671250000003],[-80.15162366666667,25.796696750000002],[-80.15151586111112,25.796740361111112],[-80.1514183888889,25.796800694444446],[-80.15133436111111,25.796875833333335],[-80.15126652777778,25.796963333333334],[-80.15121705555556,25.797060416666667],[-80.1511875,25.79716391666667],[-80.15117883333333,25.79727052777778]]},"properties":{"style":"solid","thickness":1}},{"type":"Feature","geometry":{"type":"LineString","coordinates":[[-80.14127211111112,25.804293944444446],[-80.14125611111112,25.803404611111112]]},"properties":{"style":"solid","thickness":1}},{"type":"Feature","geometry":{"type":"LineString","coordinates":[[-80.14102066666668,25.80440338888889],[-80.14100086111112,25.803302666666667]]},"properties":{"style":"solid","thickness":1}},{"type":"Feature","geometry":{"type":"LineString","coordinates":[[-80.14076733333334,25.80440711111111],[-80.14074752777779,25.80330638888889]]},"properties":{"style":"solid","thickness":1}},{"type":"Feature","geometry":{"type":"LineString","coordinates":[[-80.14051211111112,25.804305166666666],[-80.14049611111112,25.803415833333332]]},"properties":{"style":"solid","thickness":1}},{"type":"Feature","geometry":{"type":"LineString","coordinates":[[-80.14022544444445,25.803864611111113],[-80.14023794444445,25.803970916666668],[-80.14027119444445,25.804073472222225],[-80.14032416666667,25.804169027777778],[-80.14039513888889,25.804254472222222],[-80.14048183333334,25.804327083333334],[-80.14058141666668,25.804384527777778],[-80.14069077777778,25.804424944444445],[-80.14080633333334,25.80444702777778],[-80.14092436111112,25.804450083333332],[-80.1410411388889,25.804434],[-80.14115283333334,25.804399333333333],[-80.14125591666668,25.80434713888889],[-80.14134702777778,25.80427913888889],[-80.14142327777779,25.8041975],[-80.14148219444445,25.804104833333334],[-80.14152188888889,25.80400413888889],[-80.14154108333334,25.80389866666667],[-80.14153916666667,25.80379177777778],[-80.14151616666668,25.803686916666667],[-80.1414728888889,25.803587444444446],[-80.14141066666667,25.803496583333335],[-80.14133152777778,25.803417222222222],[-80.141238,25.803351944444444],[-80.14113311111112,25.803302833333333],[-80.14102022222222,25.803271444444444],[-80.14090294444445,25.803258833333334],[-80.14078505555557,25.803265361111112],[-80.14067036111112,25.803290833333335],[-80.14056252777779,25.803334444444445],[-80.14046505555557,25.803394805555556],[-80.14038102777778,25.803469916666668],[-80.14031316666667,25.803557416666667],[-80.14026366666667,25.803654472222224],[-80.14023411111111,25.803757972222222],[-80.14022544444445,25.803864611111113]]},"properties":{"style":"solid","thickness":1}},{"type":"Feature","geometry":{"type":"LineString","coordinates":[[-80.13357752777779,25.79850602777778],[-80.13356158333335,25.797616694444446]]},"properties":{"style":"solid","thickness":1}},{"type":"Feature","geometry":{"type":"LineString","coordinates":[[-80.1333261111111,25.798615444444447],[-80.13330636111111,25.797514722222225]]},"properties":{"style":"solid","thickness":1}},{"type":"Feature","geometry":{"type":"LineString","coordinates":[[-80.13307277777777,25.79861916666667],[-80.13305305555555,25.797518444444446]]},"properties":{"style":"solid","thickness":1}},{"type":"Feature","geometry":{"type":"LineString","coordinates":[[-80.13281758333332,25.798517194444447],[-80.13280163888888,25.797627861111113]]},"properties":{"style":"solid","thickness":1}},{"type":"Feature","geometry":{"type":"LineString","coordinates":[[-80.13253094444444,25.798076611111114],[-80.13254344444444,25.79818291666667],[-80.13257669444444,25.798285500000002],[-80.13262966666666,25.798381055555556],[-80.1327006111111,25.7984665],[-80.13278727777777,25.79853911111111],[-80.13288688888888,25.79859655555556],[-80.13299622222222,25.798636972222223],[-80.13311175,25.798659083333334],[-80.13322980555554,25.79866213888889],[-80.13334655555556,25.798646055555558],[-80.13345827777779,25.79861138888889],[-80.13356133333335,25.798559194444447],[-80.13365247222222,25.798491194444445],[-80.13372872222223,25.79840955555556],[-80.13378763888889,25.798316916666668],[-80.13382733333334,25.798216222222223],[-80.13384652777779,25.798110750000003],[-80.13384461111112,25.798003861111113],[-80.13382163888889,25.797899],[-80.13377836111111,25.79779952777778],[-80.1337161388889,25.797708638888892],[-80.13363700000001,25.797629305555557],[-80.1335435,25.797564],[-80.13343861111112,25.79751488888889],[-80.13332572222221,25.797483500000002],[-80.13320844444443,25.797470861111112],[-80.13309058333333,25.79747738888889],[-80.13297588888888,25.79750288888889],[-80.13286805555555,25.797546472222223],[-80.13277058333333,25.797606805555557],[-80.13268655555555,25.797681944444445],[-80.13261869444443,25.797769444444445],[-80.13256919444444,25.7978665],[-80.1325396111111,25.797970000000003],[-80.13253094444444,25.798076611111114]]},"properties":{"style":"solid","thickness":1}},{"type":"Feature","geometry":{"type":"LineString","coordinates":[[-80.12272424999999,25.80519061111111],[-80.12270838888888,25.80430127777778]]},"properties":{"style":"solid","thickness":1}},{"type":"Feature","geometry":{"type":"LineString","coordinates":[[-80.12247280555555,25.80530002777778],[-80.12245316666666,25.80419927777778]]},"properties":{"style":"solid","thickness":1}},{"type":"Feature","geometry":{"type":"LineString","coordinates":[[-80.12221947222221,25.805303722222224],[-80.12219983333333,25.804203]]},"properties":{"style":"solid","thickness":1}},{"type":"Feature","geometry":{"type":"LineString","coordinates":[[-80.12196424999999,25.805201722222222],[-80.12194838888888,25.80431238888889]]},"properties":{"style":"solid","thickness":1}},{"type":"Feature","geometry":{"type":"LineString","coordinates":[[-80.12167766666666,25.80476113888889],[-80.12169013888888,25.804867444444444],[-80.12172338888888,25.804970027777777],[-80.12177633333333,25.805065583333334],[-80.12184730555555,25.80515102777778],[-80.12193397222221,25.805223666666667],[-80.12203355555555,25.80528111111111],[-80.12214288888889,25.805321527777778],[-80.12225844444444,25.80534363888889],[-80.12237649999999,25.805346694444445],[-80.12249324999999,25.80533063888889],[-80.12260497222222,25.805295972222222],[-80.12270805555555,25.805243805555556],[-80.12279919444444,25.805175805555557],[-80.12287544444443,25.805094166666667],[-80.12293438888888,25.80500152777778],[-80.12297408333333,25.804900833333335],[-80.12299330555555,25.80479536111111],[-80.12299138888888,25.804688472222225],[-80.12296844444444,25.804583611111113],[-80.12292516666666,25.80448413888889],[-80.12286294444444,25.80439325],[-80.12278383333333,25.80431388888889],[-80.12269030555555,25.804248611111113],[-80.12258541666667,25.804199472222223],[-80.12247252777777,25.804168083333334],[-80.12235525,25.804155444444444],[-80.1222373611111,25.80416197222222],[-80.12212266666666,25.804187416666668],[-80.12201483333332,25.804231027777778],[-80.12191733333333,25.80429136111111],[-80.12183330555555,25.804366472222224],[-80.12176544444443,25.804453972222223],[-80.12171591666666,25.804551],[-80.12168633333333,25.8046545],[-80.12167766666666,25.80476113888889]]},"properties":{"style":"solid","thickness":1}},{"type":"Feature","geometry":{"type":"LineString","coordinates":[[-80.11482772222222,25.799493194444445],[-80.11481191666667,25.79860386111111]]},"properties":{"style":"solid","thickness":1}},{"type":"Feature","geometry":{"type":"LineString","coordinates":[[-80.11457627777777,25.799602583333336],[-80.11455669444445,25.798501833333336]]},"properties":{"style":"solid","thickness":1}},{"type":"Feature","geometry":{"type":"LineString","coordinates":[[-80.11432294444444,25.79960625],[-80.11430338888889,25.79850552777778]]},"properties":{"style":"solid","thickness":1}},{"type":"Feature","geometry":{"type":"LineString","coordinates":[[-80.11406774999999,25.799504250000002],[-80.11405194444444,25.79861491666667]]},"properties":{"style":"solid","thickness":1}},{"type":"Feature","geometry":{"type":"LineString","coordinates":[[-80.11378119444444,25.799063638888892],[-80.11379366666667,25.799169944444447],[-80.11382691666667,25.79927252777778],[-80.1138798611111,25.799368083333334],[-80.11395077777777,25.79945355555556],[-80.11403744444443,25.799526194444447],[-80.11413705555555,25.79958363888889],[-80.1142463611111,25.799624055555558],[-80.11436191666667,25.79964616666667],[-80.11447997222221,25.79964925],[-80.11459672222222,25.799633194444446],[-80.11470844444443,25.79959852777778],[-80.11481149999999,25.799546361111112],[-80.11490263888888,25.799478361111113],[-80.11497891666666,25.799396750000003],[-80.11503783333333,25.799304111111113],[-80.11507755555554,25.799203416666668],[-80.11509677777777,25.799097944444448],[-80.1150948611111,25.798991055555557],[-80.11507191666666,25.798886194444446],[-80.11502863888889,25.798786722222225],[-80.11496644444443,25.798695833333333],[-80.11488733333333,25.798616472222225],[-80.11479383333332,25.79855116666667],[-80.11468894444444,25.79850202777778],[-80.11457605555555,25.79847063888889],[-80.11445880555554,25.798458],[-80.11434091666666,25.7984645],[-80.11422622222221,25.798489972222225],[-80.11411838888888,25.798533555555558],[-80.11402088888889,25.79859388888889],[-80.1139368611111,25.798669],[-80.11386897222222,25.798756472222223],[-80.11381947222222,25.79885352777778],[-80.11378988888889,25.798957027777778],[-80.11378119444444,25.799063638888892]]},"properties":{"style":"solid","thickness":1}},{"type":"Feature","geometry":{"type":"LineString","coordinates":[[-80.1039728611111,25.806451583333335],[-80.10395713888889,25.80556225]]},"properties":{"style":"solid","thickness":1}},{"type":"Feature","geometry":{"type":"LineString","coordinates":[[-80.10372138888889,25.806560944444445],[-80.10370191666667,25.805460222222223]]},"properties":{"style":"solid","thickness":1}},{"type":"Feature","geometry":{"type":"LineString","coordinates":[[-80.10346802777777,25.80656463888889],[-80.10344858333333,25.80546388888889]]},"properties":{"style":"solid","thickness":1}},{"type":"Feature","geometry":{"type":"LineString","coordinates":[[-80.10321283333333,25.806462583333335],[-80.1031971111111,25.805573250000002]]},"properties":{"style":"solid","thickness":1}},{"type":"Feature","geometry":{"type":"LineString","coordinates":[[-80.10292630555556,25.806021972222222],[-80.10293877777777,25.806128277777777],[-80.102972,25.80623086111111],[-80.10302494444444,25.806326416666668],[-80.10309588888889,25.80641188888889],[-80.10318252777778,25.80648452777778],[-80.10328213888889,25.806541972222224],[-80.10339147222221,25.806582416666668],[-80.103507,25.80660452777778],[-80.10362505555555,25.806607638888888],[-80.10374183333333,25.806591583333333],[-80.10385355555555,25.80655691666667],[-80.10395663888889,25.80650477777778],[-80.10404777777777,25.80643677777778],[-80.10412405555554,25.806355166666666],[-80.10418299999999,25.80626252777778],[-80.10422272222222,25.806161833333334],[-80.10424194444444,25.80605636111111],[-80.10424005555555,25.805949472222224],[-80.10421711111111,25.805844611111112],[-80.10417386111111,25.805745138888888],[-80.10411166666665,25.80565425],[-80.10403255555555,25.805574888888888],[-80.10393905555554,25.805509555555556],[-80.10383416666666,25.805460416666666],[-80.10372127777777,25.80542902777778],[-80.10360399999999,25.805416361111114],[-80.10348611111111,25.80542286111111],[-80.10337141666666,25.805448333333334],[-80.10326358333333,25.805491916666668],[-80.10316605555555,25.80555222222222],[-80.103082,25.805627333333334],[-80.10301413888888,25.805714805555557],[-80.1029646111111,25.805811861111113],[-80.10293499999999,25.80591536111111],[-80.10292630555556,25.806021972222222]]},"properties":{"style":"solid","thickness":1}},{"type":"Feature","geometry":{"type":"LineString","coordinates":[[-80.09638222222222,25.80011136111111],[-80.09636655555555,25.79922202777778]]},"properties":{"style":"solid","thickness":1}},{"type":"Feature","geometry":{"type":"LineString","coordinates":[[-80.09613075,25.800220722222225],[-80.09611136111111,25.799120000000002]]},"properties":{"style":"solid","thickness":1}},{"type":"Feature","geometry":{"type":"LineString","coordinates":[[-80.09587744444444,25.80022438888889],[-80.09585805555555,25.79912363888889]]},"properties":{"style":"solid","thickness":1}},{"type":"Feature","geometry":{"type":"LineString","coordinates":[[-80.09562224999999,25.800122333333334],[-80.09560658333334,25.799233]]},"properties":{"style":"solid","thickness":1}},{"type":"Feature","geometry":{"type":"LineString","coordinates":[[-80.09533574999999,25.799681694444445],[-80.09534822222221,25.799788000000003],[-80.09538144444444,25.799890583333337],[-80.0954343611111,25.79998613888889],[-80.09550530555555,25.80007163888889],[-80.09559194444444,25.80014427777778],[-80.09569152777777,25.800201722222223],[-80.0958008611111,25.800242166666667],[-80.09591638888888,25.800264305555555],[-80.09603444444444,25.80026738888889],[-80.09615119444445,25.800251361111112],[-80.09626291666666,25.800216694444444],[-80.09636602777778,25.800164555555558],[-80.09645716666667,25.800096555555555],[-80.09653344444445,25.800014944444445],[-80.09659238888888,25.799922305555558],[-80.0966321111111,25.79982163888889],[-80.09665133333333,25.79971616666667],[-80.09664944444444,25.79960927777778],[-80.09662652777777,25.79950438888889],[-80.09658327777777,25.799404916666667],[-80.09652108333333,25.79931402777778],[-80.09644197222222,25.799234666666667],[-80.09634847222222,25.79916936111111],[-80.0962436111111,25.799120194444445],[-80.09613072222221,25.79908877777778],[-80.09601347222221,25.79907613888889],[-80.09589558333333,25.799082611111114],[-80.09578088888888,25.799108083333333],[-80.09567305555555,25.79915163888889],[-80.09557552777777,25.799211944444448],[-80.0954915,25.799287055555556],[-80.0954236111111,25.79937452777778],[-80.09537405555555,25.799471583333336],[-80.09534447222222,25.799575083333334],[-80.09533574999999,25.799681694444445]]},"properties":{"style":"solid","thickness":1}},{"type":"Feature","geometry":{"type":"LineString","coordinates":[[-80.08542405555555,25.807526944444444],[-80.08540847222221,25.80663761111111]]},"properties":{"style":"solid","thickness":1}},{"type":"Feature","geometry":{"type":"LineString","coordinates":[[-80.08517258333333,25.807636277777778],[-80.08515327777778,25.80653552777778]]},"properties":{"style":"solid","thickness":1}},{"type":"Feature","geometry":{"type":"LineString","coordinates":[[-80.08491922222221,25.807639916666666],[-80.08489994444444,25.806539166666667]]},"properties":{"style":"solid","thickness":1}},{"type":"Feature","geometry":{"type":"LineString","coordinates":[[-80.08466402777778,25.80753786111111],[-80.08464844444444,25.8066485]]},"properties":{"style":"solid","thickness":1}},{"type":"Feature","geometry":{"type":"LineString","coordinates":[[-80.08437758333334,25.80709716666667],[-80.08439002777777,25.8072035],[-80.08442325,25.807306083333334],[-80.08447616666666,25.80740163888889],[-80.08454708333333,25.807487138888888],[-80.08463375,25.80755977777778],[-80.08473333333333,25.80761725],[-80.08484263888889,25.807657694444444],[-80.08495819444444,25.807679833333335],[-80.08507625,25.807682944444444],[-80.08519302777778,25.80766691666667],[-80.08530474999999,25.80763225],[-80.08540786111111,25.80758011111111],[-80.085499,25.80751213888889],[-80.08557527777778,25.80743052777778],[-80.08563425,25.80733788888889],[-80.085674,25.807237222222223],[-80.08569322222222,25.80713175],[-80.0856913611111,25.807024861111113],[-80.08566841666666,25.80692],[-80.08562519444445,25.8068205],[-80.085563,25.806729611111113],[-80.08548388888889,25.806650222222224],[-80.08539041666666,25.80658491666667],[-80.08528552777777,25.806535750000002],[-80.08517263888888,25.806504333333333],[-80.0850553611111,25.806491666666666],[-80.0849375,25.806498166666668],[-80.08482277777777,25.806523583333334],[-80.08471491666666,25.806567166666667],[-80.08461741666666,25.806627472222225],[-80.08453333333333,25.806702555555557],[-80.08446544444443,25.80679002777778],[-80.08441588888888,25.806887083333333],[-80.08438627777777,25.806990555555558],[-80.08437758333334,25.80709716666667]]},"properties":{"style":"solid","thickness":1}},{"type":"Feature","geometry":{"type":"LineString","coordinates":[[-80.07854411111111,25.801003333333334],[-80.07852858333332,25.800113972222224]]},"properties":{"style":"solid","thickness":1}},{"type":"Feature","geometry":{"type":"LineString","coordinates":[[-80.07829261111111,25.80111263888889],[-80.07827338888889,25.800011916666666]]},"properties":{"style":"solid","thickness":1}},{"type":"Feature","geometry":{"type":"LineString","coordinates":[[-80.07803930555555,25.80111627777778],[-80.07802008333333,25.800015527777777]]},"properties":{"style":"solid","thickness":1}},{"type":"Feature","geometry":{"type":"LineString","coordinates":[[-80.07778411111111,25.801014194444445],[-80.07776858333332,25.80012486111111]]},"properties":{"style":"solid","thickness":1}},{"type":"Feature","geometry":{"type":"LineString","coordinates":[[-80.07749769444445,25.80057352777778],[-80.07751013888888,25.800679833333334],[-80.07754336111111,25.800782416666667],[-80.07759627777777,25.800878],[-80.07766719444444,25.80096347222222],[-80.07775383333333,25.801036111111113],[-80.07785338888888,25.801093611111114],[-80.07796272222222,25.801134055555558],[-80.07807824999999,25.801156194444445],[-80.07819630555555,25.801159305555558],[-80.07831305555555,25.80114327777778],[-80.07842477777777,25.80110863888889],[-80.07852788888889,25.8010565],[-80.07861905555555,25.80098852777778],[-80.07869533333333,25.80090691666667],[-80.07875430555555,25.800814305555555],[-80.07879402777777,25.80071361111111],[-80.07881327777777,25.80060813888889],[-80.07881141666667,25.80050125],[-80.0787885,25.80039638888889],[-80.07874525,25.80029688888889],[-80.07868308333333,25.800206],[-80.078604,25.80012661111111],[-80.0785105,25.800061305555555],[-80.07840563888888,25.80001213888889],[-80.07829275,25.799980694444447],[-80.0781755,25.79996802777778],[-80.0780576111111,25.799974527777778],[-80.07794291666666,25.799999944444448],[-80.07783505555555,25.800043527777778],[-80.07773755555556,25.800103805555555],[-80.0776535,25.80017888888889],[-80.07758558333333,25.800266361111113],[-80.07753602777777,25.800363416666666],[-80.07750641666667,25.800466888888888],[-80.07749769444445,25.80057352777778]]},"properties":{"style":"solid","thickness":1}},{"type":"Feature","geometry":{"type":"LineString","coordinates":[[-80.06788933333333,25.808142805555555],[-80.06787386111111,25.807253444444445]]},"properties":{"style":"solid","thickness":1}},{"type":"Feature","geometry":{"type":"LineString","coordinates":[[-80.06763780555555,25.808252111111113],[-80.06761869444443,25.80715136111111]]},"properties":{"style":"solid","thickness":1}},{"type":"Feature","geometry":{"type":"LineString","coordinates":[[-80.06738447222222,25.808255694444444],[-80.06736533333333,25.80715497222222]]},"properties":{"style":"solid","thickness":1}},{"type":"Feature","geometry":{"type":"LineString","coordinates":[[-80.06712927777778,25.808153611111113],[-80.06711383333332,25.80726427777778]]},"properties":{"style":"solid","thickness":1}},{"type":"Feature","geometry":{"type":"LineString","coordinates":[[-80.06684288888889,25.807712916666667],[-80.06685533333334,25.80781922222222],[-80.06688852777778,25.807921805555555],[-80.06694144444444,25.80801738888889],[-80.06701236111111,25.80810288888889],[-80.067099,25.808175527777777],[-80.06719855555555,25.808233027777778],[-80.06730788888889,25.808273472222222],[-80.06742341666666,25.80829563888889],[-80.06754147222222,25.808298750000002],[-80.06765825,25.808282722222224],[-80.06777,25.808248111111112],[-80.06787311111111,25.808195972222222],[-80.06796427777778,25.808128],[-80.06804055555556,25.808046416666667],[-80.06809952777778,25.80795377777778],[-80.06813927777777,25.80785311111111],[-80.06815855555556,25.80774763888889],[-80.06815669444444,25.80764075],[-80.06813377777777,25.807535861111113],[-80.06809055555556,25.80743638888889],[-80.06802838888889,25.8073455],[-80.06794927777777,25.807266083333335],[-80.06785580555555,25.80720077777778],[-80.06775094444444,25.807151583333333],[-80.06763805555555,25.807120166666667],[-80.06752077777777,25.807107472222224],[-80.06740288888888,25.807113944444446],[-80.06728816666666,25.80713938888889],[-80.06718033333333,25.807182944444445],[-80.06708280555556,25.807243222222223],[-80.06699872222222,25.807318305555555],[-80.06693080555556,25.807405777777777],[-80.06688125,25.807502805555558],[-80.0668516111111,25.807606305555556],[-80.06684288888889,25.807712916666667]]},"properties":{"style":"solid","thickness":1}},{"type":"Feature","geometry":{"type":"LineString","coordinates":[[-80.06009747222222,25.801983833333335],[-80.06008208333333,25.8010945]]},"properties":{"style":"solid","thickness":1}},{"type":"Feature","geometry":{"type":"LineString","coordinates":[[-80.05984597222222,25.802093111111112],[-80.05982691666667,25.80099238888889]]},"properties":{"style":"solid","thickness":1}},{"type":"Feature","geometry":{"type":"LineString","coordinates":[[-80.05959263888889,25.802096722222224],[-80.05957358333333,25.80099597222222]]},"properties":{"style":"solid","thickness":1}},{"type":"Feature","geometry":{"type":"LineString","coordinates":[[-80.05933747222223,25.801994611111112],[-80.05932208333333,25.80110527777778]]},"properties":{"style":"solid","thickness":1}},{"type":"Feature","geometry":{"type":"LineString","coordinates":[[-80.0590511111111,25.80155388888889],[-80.05906355555555,25.801660194444445],[-80.05909675,25.801762805555555],[-80.05914963888888,25.801858361111112],[-80.05922055555556,25.801943861111113],[-80.05930716666667,25.802016527777777],[-80.05940675,25.802074027777778],[-80.05951605555555,25.802114500000002],[-80.05963158333333,25.80213663888889],[-80.05974963888889,25.80213977777778],[-80.05986638888889,25.80212375],[-80.05997813888888,25.80208913888889],[-80.06008125,25.802037000000002],[-80.06017241666666,25.801969055555556],[-80.06024872222221,25.801887444444446],[-80.06030769444445,25.801794833333336],[-80.06034744444445,25.801694166666667],[-80.06036672222221,25.801588694444444],[-80.06036486111111,25.801481805555557],[-80.06034194444445,25.80137691666667],[-80.06029872222221,25.801277444444445],[-80.06023658333334,25.80118652777778],[-80.0601575,25.801107138888888],[-80.06006402777777,25.801041805555556],[-80.05995916666666,25.800992611111113],[-80.05984627777778,25.800961194444444],[-80.05972902777778,25.8009485],[-80.05961113888888,25.800954972222222],[-80.05949641666666,25.80098038888889],[-80.05938858333333,25.801023944444445],[-80.05929102777777,25.801084222222222],[-80.05920697222221,25.801159305555558],[-80.05913905555555,25.80124675],[-80.0590895,25.801343777777777],[-80.05905986111111,25.80144727777778],[-80.0590511111111,25.80155388888889]]},"properties":{"style":"solid","thickness":1}},{"type":"Feature","geometry":{"type":"LineString","coordinates":[[-80.04883394444444,25.808845694444447],[-80.04881863888889,25.807956361111113]]},"properties":{"style":"solid","thickness":1}},{"type":"Feature","geometry":{"type":"LineString","coordinates":[[-80.04858241666666,25.808954972222224],[-80.04856347222223,25.807854222222222]]},"properties":{"style":"solid","thickness":1}},{"type":"Feature","geometry":{"type":"LineString","coordinates":[[-80.04832908333333,25.80895852777778],[-80.0483101111111,25.807857805555557]]},"properties":{"style":"solid","thickness":1}},{"type":"Feature","geometry":{"type":"LineString","coordinates":[[-80.04807391666667,25.808856416666668],[-80.0480586111111,25.807967055555558]]},"properties":{"style":"solid","thickness":1}},{"type":"Feature","geometry":{"type":"LineString","coordinates":[[-80.04778758333333,25.80841566666667],[-80.0478,25.808521972222223],[-80.04783316666666,25.808624583333334],[-80.04788608333332,25.808720166666667],[-80.04795697222222,25.808805666666668],[-80.04804361111111,25.808878333333332],[-80.04814316666666,25.808935833333333],[-80.04825247222222,25.808976305555557],[-80.04836802777777,25.80899847222222],[-80.04848608333333,25.80900161111111],[-80.0486028611111,25.808985611111112],[-80.04871458333334,25.808950972222224],[-80.04881772222222,25.80889886111111],[-80.04890888888889,25.80883091666667],[-80.04898519444444,25.808749333333335],[-80.04904419444445,25.808656694444444],[-80.04908397222222,25.808556055555556],[-80.04910325,25.808450583333332],[-80.04910138888889,25.808343666666666],[-80.0490785,25.808238805555558],[-80.04903527777778,25.808139305555557],[-80.04897313888888,25.80804841666667],[-80.04889405555555,25.807969],[-80.04880058333333,25.807903666666668],[-80.04869572222222,25.80785447222222],[-80.04858283333333,25.80782302777778],[-80.04846558333332,25.807810333333332],[-80.04834769444444,25.807816777777777],[-80.04823297222222,25.807842194444444],[-80.04812508333333,25.80788575],[-80.04802755555555,25.807946027777778],[-80.04794347222222,25.808021083333333],[-80.04787555555555,25.808108555555556],[-80.04782597222221,25.808205583333333],[-80.04779633333334,25.808309055555558],[-80.04778758333333,25.80841566666667]]},"properties":{"style":"solid","thickness":1}},{"type":"Feature","geometry":{"type":"LineString","coordinates":[[-80.04175225,25.80277866666667],[-80.041737,25.801889333333335]]},"properties":{"style":"solid","thickness":1}},{"type":"Feature","geometry":{"type":"LineString","coordinates":[[-80.04150075,25.802887944444446],[-80.04148186111111,25.801787194444444]]},"properties":{"style":"solid","thickness":1}},{"type":"Feature","geometry":{"type":"LineString","coordinates":[[-80.04124741666666,25.8028915],[-80.04122852777778,25.801790750000002]]},"properties":{"style":"solid","thickness":1}},{"type":"Feature","geometry":{"type":"LineString","coordinates":[[-80.04099225,25.802789361111113],[-80.040977,25.80190002777778]]},"properties":{"style":"solid","thickness":1}},{"type":"Feature","geometry":{"type":"LineString","coordinates":[[-80.04070597222223,25.80234861111111],[-80.04071838888889,25.80245491666667],[-80.04075155555556,25.80255752777778],[-80.04080444444445,25.802653111111113],[-80.04087533333333,25.802738611111113],[-80.04096194444445,25.802811277777778],[-80.04106152777777,25.80286877777778],[-80.04117083333333,25.80290925],[-80.0412863611111,25.802931416666667],[-80.04140438888889,25.802934555555556],[-80.04152116666667,25.802918583333334],[-80.04163291666667,25.802883972222222],[-80.04173602777777,25.802831861111112],[-80.04182719444444,25.802763916666667],[-80.04190352777778,25.802682305555557],[-80.0419625,25.802589694444446],[-80.04200227777777,25.802489055555558],[-80.04202155555555,25.802383583333334],[-80.04201972222222,25.802276666666668],[-80.04199683333333,25.802171805555556],[-80.04195363888888,25.802072305555555],[-80.04189149999999,25.80198138888889],[-80.04181241666666,25.801902000000002],[-80.04171894444444,25.80183663888889],[-80.04161411111112,25.801787444444447],[-80.04150122222222,25.801756],[-80.04138397222222,25.801743305555558],[-80.04126608333333,25.80174975],[-80.0411513611111,25.80177513888889],[-80.0410435,25.801818694444446],[-80.04094597222222,25.801878972222223],[-80.04086188888888,25.80195402777778],[-80.04079397222222,25.80204147222222],[-80.04074438888888,25.8021385],[-80.04071472222222,25.802242],[-80.04070597222223,25.80234861111111]]},"properties":{"style":"solid","thickness":1}},{"type":"Feature","geometry":{"type":"LineString","coordinates":[[-80.03038624999999,25.809638916666668],[-80.03037108333334,25.808749583333334]]},"properties":{"style":"solid","thickness":1}},{"type":"Feature","geometry":{"type":"LineString","coordinates":[[-80.03013469444444,25.80974816666667],[-80.03011591666666,25.808647416666666]]},"properties":{"style":"solid","thickness":1}},{"type":"Feature","geometry":{"type":"LineString","coordinates":[[-80.02988136111111,25.809751694444444],[-80.02986258333333,25.808650944444445]]},"properties":{"style":"solid","thickness":1}},{"type":"Feature","geometry":{"type":"LineString","coordinates":[[-80.02962619444445,25.809649555555556],[-80.02961102777778,25.808760194444446]]},"properties":{"style":"solid","thickness":1}},{"type":"Feature","geometry":{"type":"LineString","coordinates":[[-80.02933994444444,25.80920877777778],[-80.02935233333334,25.809315083333335],[-80.0293855,25.80941766666667],[-80.02943838888889,25.80951327777778],[-80.02950927777778,25.80959877777778],[-80.02959588888889,25.809671444444444],[-80.02969544444444,25.809728972222224],[-80.02980475,25.80976947222222],[-80.02992030555555,25.80979163888889],[-80.03003836111111,25.80979477777778],[-80.03015513888889,25.809778805555556],[-80.03026688888889,25.809744194444445],[-80.03037,25.809692083333335],[-80.03046119444444,25.809624166666666],[-80.03053752777778,25.809542583333332],[-80.03059652777777,25.80944997222222],[-80.03063630555556,25.809349305555557],[-80.03065561111111,25.809243833333333],[-80.03065377777777,25.809136944444447],[-80.0306308888889,25.809032055555555],[-80.03058769444445,25.808932555555558],[-80.03052555555556,25.80884163888889],[-80.0304465,25.80876225],[-80.03035302777778,25.80869688888889],[-80.03024816666667,25.808647694444446],[-80.03013530555556,25.808616222222224],[-80.03001802777777,25.8086035],[-80.02990013888889,25.808609944444445],[-80.02978541666667,25.80863536111111],[-80.02967755555555,25.80867888888889],[-80.02958,25.80873913888889],[-80.02949588888889,25.808814194444444],[-80.02942797222222,25.80890163888889],[-80.02937836111111,25.808998666666668],[-80.02934869444444,25.80910216666667],[-80.02933994444444,25.80920877777778]]},"properties":{"style":"solid","thickness":1}},{"type":"Feature","geometry":{"type":"LineString","coordinates":[[-80.02330566666667,25.803479250000002],[-80.02329055555555,25.80258991666667]]},"properties":{"style":"solid","thickness":1}},{"type":"Feature","geometry":{"type":"LineString","coordinates":[[-80.02305413888888,25.8035885],[-80.02303541666666,25.80248775]]},"properties":{"style":"solid","thickness":1}},{"type":"Feature","geometry":{"type":"LineString","coordinates":[[-80.02280080555555,25.80359202777778],[-80.02278208333333,25.80249127777778]]},"properties":{"style":"solid","thickness":1}},{"type":"Feature","geometry":{"type":"LineString","coordinates":[[-80.02254566666666,25.80348986111111],[-80.02253055555555,25.8026005]]},"properties":{"style":"solid","thickness":1}},{"type":"Feature","geometry":{"type":"LineString","coordinates":[[-80.02225944444444,25.803049055555555],[-80.02227183333333,25.803155361111113],[-80.022305,25.803257972222223],[-80.0223578611111,25.803353555555557],[-80.02242875,25.803439083333334],[-80.0225153611111,25.803511750000002],[-80.02261491666667,25.80356927777778],[-80.02272419444445,25.80360977777778],[-80.02283972222222,25.803631944444444],[-80.02295777777778,25.803635111111113],[-80.02307455555555,25.80361913888889],[-80.02318630555556,25.80358452777778],[-80.02328941666667,25.803532444444446],[-80.02338061111111,25.8034645],[-80.02345694444445,25.803382916666667],[-80.02351594444444,25.803290305555556],[-80.02355575,25.80318966666667],[-80.02357502777778,25.803084194444445],[-80.02357322222223,25.802977305555558],[-80.02355033333333,25.802872416666666],[-80.02350716666666,25.80277291666667],[-80.02344502777778,25.802682],[-80.02336597222222,25.802602583333336],[-80.0232725,25.802537222222224],[-80.02316766666667,25.802488027777777],[-80.02305480555556,25.802456555555555],[-80.02293752777777,25.802443833333335],[-80.02281963888889,25.80245027777778],[-80.02270494444444,25.802475666666666],[-80.02259705555555,25.802519194444447],[-80.0224995,25.802579444444444],[-80.02241541666666,25.8026545],[-80.02234747222222,25.802741944444445],[-80.02229788888889,25.802838972222222],[-80.02226822222222,25.802942444444444],[-80.02225944444444,25.803049055555555]]},"properties":{"style":"solid","thickness":1}},{"type":"Feature","geometry":{"type":"LineString","coordinates":[[-80.01193741666667,25.81079675],[-80.01192238888889,25.809907416666668]]},"properties":{"style":"solid","thickness":1}},{"type":"Feature","geometry":{"type":"LineString","coordinates":[[-80.0116858611111,25.810905972222223],[-80.01166725,25.809805222222224]]},"properties":{"style":"solid","thickness":1}},{"type":"Feature","geometry":{"type":"LineString","coordinates":[[-80.0114325,25.810909472222225],[-80.01141391666667,25.809808722222222]]},"properties":{"style":"solid","thickness":1}},{"type":"Feature","geometry":{"type":"LineString","coordinates":[[-80.01117736111111,25.81080727777778],[-80.01116233333333,25.809917944444447]]},"properties":{"style":"solid","thickness":1}},{"type":"Feature","geometry":{"type":"LineString","coordinates":[[-80.01089116666667,25.810366472222224],[-80.01090355555556,25.81047277777778],[-80.01093672222223,25.81057538888889],[-80.01098958333333,25.810670972222223],[-80.01106044444444,25.8107565],[-80.01114705555555,25.810829194444445],[-80.0112466111111,25.81088672222222],[-80.01135591666667,25.810927222222222],[-80.01147144444444,25.810949416666666],[-80.0115895,25.810952583333336],[-80.01170627777778,25.810936611111114],[-80.01181805555555,25.81090202777778],[-80.01192116666667,25.81084991666667],[-80.01201238888889,25.810782],[-80.01208872222222,25.810700416666666],[-80.01214775,25.810607833333336],[-80.01218752777778,25.810507166666667],[-80.01220686111111,25.810401694444444],[-80.01220502777778,25.810294805555557],[-80.01218216666666,25.81018991666667],[-80.012139,25.810090416666668],[-80.01207686111111,25.8099995],[-80.01199780555555,25.809920083333335],[-80.0119043611111,25.809854722222223],[-80.0117995,25.8098055],[-80.01168663888889,25.809774027777777],[-80.01156936111111,25.809761305555558],[-80.01145147222222,25.809767722222222],[-80.01133675,25.809793111111112],[-80.0112288611111,25.809836611111113],[-80.01113130555555,25.809896861111113],[-80.01104719444444,25.80997191666667],[-80.01097925,25.81005936111111],[-80.01092963888888,25.81015638888889],[-80.01089994444445,25.810259861111113],[-80.01089116666667,25.810366472222224]]},"properties":{"style":"solid","thickness":1}},{"type":"Feature","geometry":{"type":"LineString","coordinates":[[-80.00424988888889,25.80454322222222],[-80.00423491666666,25.80365388888889]]},"properties":{"style":"solid","thickness":1}},{"type":"Feature","geometry":{"type":"LineString","coordinates":[[-80.00399833333333,25.804652444444447],[-80.00397980555556,25.803551694444444]]},"properties":{"style":"solid","thickness":1}},{"type":"Feature","geometry":{"type":"LineString","coordinates":[[-80.003745,25.80465591666667],[-80.00372644444444,25.80355516666667]]},"properties":{"style":"solid","thickness":1}},{"type":"Feature","geometry":{"type":"LineString","coordinates":[[-80.0034898611111,25.804553722222224],[-80.00347488888889,25.80366436111111]]},"properties":{"style":"solid","thickness":1}},{"type":"Feature","geometry":{"type":"LineString","coordinates":[[-80.00320372222222,25.80411288888889],[-80.00321608333333,25.804219194444446],[-80.00324925,25.804321805555556],[-80.00330208333334,25.804417416666666],[-80.00337297222222,25.804502944444444],[-80.00345955555555,25.80457563888889],[-80.00355911111112,25.80463316666667],[-80.00366838888888,25.804673666666666],[-80.00378391666666,25.80469586111111],[-80.00390197222222,25.80469902777778],[-80.00401875,25.804683083333334],[-80.0041305,25.8046485],[-80.00423363888889,25.804596416666666],[-80.00432483333333,25.804528472222223],[-80.00440116666667,25.804446916666667],[-80.00446019444445,25.804354305555556],[-80.0045,25.804253666666668],[-80.00451930555556,25.804148194444444],[-80.00451752777778,25.804041305555558],[-80.00449466666667,25.803936416666666],[-80.00445147222223,25.80383691666667],[-80.00438936111111,25.803746],[-80.00431033333334,25.803666555555555],[-80.00421688888889,25.803601194444447],[-80.00411202777778,25.803551972222223],[-80.00399916666667,25.8035205],[-80.00388191666667,25.80350775],[-80.00376402777778,25.803514194444446],[-80.00364930555556,25.803539555555556],[-80.00354141666666,25.803583055555556],[-80.00344386111111,25.803643305555557],[-80.00335975,25.803718361111113],[-80.00329180555556,25.803805805555555],[-80.00324219444444,25.803902805555555],[-80.0032125,25.804006277777777],[-80.00320372222222,25.80411288888889]]},"properties":{"style":"solid","thickness":1}},{"type":"Feature","geometry":{"type":"LineString","coordinates":[[-79.99399641666666,25.811402833333332],[-79.9939815,25.8105135]]},"properties":{"style":"solid","thickness":1}},{"type":"Feature","geometry":{"type":"LineString","coordinates":[[-79.99374483333334,25.811512027777777],[-79.99372638888889,25.810411277777778]]},"properties":{"style":"solid","thickness":1}},{"type":"Feature","geometry":{"type":"LineString","coordinates":[[-79.99349147222222,25.811515500000002],[-79.99347302777778,25.81041475]]},"properties":{"style":"solid","thickness":1}},{"type":"Feature","geometry":{"type":"LineString","coordinates":[[-79.99323636111112,25.811413277777778],[-79.99322144444444,25.810523916666668]]},"properties":{"style":"solid","thickness":1}},{"type":"Feature","geometry":{"type":"LineString","coordinates":[[-79.99295022222222,25.81097241666667],[-79.99296258333334,25.81107875],[-79.99299572222222,25.81118136111111],[-79.99304858333333,25.811276944444444],[-79.99311944444445,25.81136247222222],[-79.99320602777777,25.811435166666666],[-79.99330558333334,25.811492722222223],[-79.9934148611111,25.811533222222224],[-79.99353041666667,25.811555444444444],[-79.99364847222222,25.811558611111113],[-79.99376525,25.811542666666668],[-79.993877,25.811508083333333],[-79.99398013888889,25.811456],[-79.99407136111111,25.811388083333334],[-79.99414772222222,25.811306527777777],[-79.99420675,25.811213944444447],[-79.99424655555556,25.81111327777778],[-79.99426588888889,25.811007833333335],[-79.99426411111111,25.810900944444445],[-79.99424125,25.810796055555556],[-79.99419808333333,25.81069652777778],[-79.99413597222222,25.81060561111111],[-79.99405691666666,25.810526166666666],[-79.99396347222222,25.810460805555557],[-79.9938586388889,25.810411583333334],[-79.99374577777778,25.810380083333335],[-79.9936285,25.810367333333335],[-79.9935106111111,25.81037375],[-79.99339588888888,25.810399111111114],[-79.993288,25.81044261111111],[-79.99319041666666,25.81050286111111],[-79.99310630555556,25.81057788888889],[-79.99303833333333,25.810665333333333],[-79.99298869444445,25.810762333333333],[-79.99295902777777,25.810865805555558],[-79.99295022222222,25.81097241666667]]},"properties":{"style":"solid","thickness":1}},{"type":"Feature","geometry":{"type":"LineString","coordinates":[[-79.98671469444444,25.80533272222222],[-79.98669983333333,25.80444336111111]]},"properties":{"style":"solid","thickness":1}},{"type":"Feature","geometry":{"type":"LineString","coordinates":[[-79.9864631111111,25.80544188888889],[-79.98644475,25.80434113888889]]},"properties":{"style":"solid","thickness":1}},{"type":"Feature","geometry":{"type":"LineString","coordinates":[[-79.98620977777777,25.805445333333335],[-79.98619141666667,25.804344583333336]]},"properties":{"style":"solid","thickness":1}},{"type":"Feature","geometry":{"type":"LineString","coordinates":[[-79.98595466666667,25.80534311111111],[-79.98593983333333,25.80445375]]},"properties":{"style":"solid","thickness":1}},{"type":"Feature","geometry":{"type":"LineString","coordinates":[[-79.98566858333334,25.80490225],[-79.98568094444444,25.805008555555556],[-79.98571408333333,25.805111166666666],[-79.98576691666666,25.80520677777778],[-79.98583777777777,25.805292305555557],[-79.98592436111112,25.805365000000002],[-79.9860238888889,25.805422555555555],[-79.98613316666666,25.805463083333333],[-79.98624869444444,25.805485277777777],[-79.98636675,25.805488472222223],[-79.98648352777778,25.805472527777777],[-79.98659527777778,25.805437944444446],[-79.98669844444444,25.80538588888889],[-79.9867896388889,25.805317972222223],[-79.986866,25.805236416666666],[-79.98692502777777,25.805143805555556],[-79.98696486111112,25.805043166666668],[-79.98698419444445,25.804937694444444],[-79.98698238888889,25.804830805555557],[-79.98695955555556,25.80472591666667],[-79.98691638888889,25.804626416666668],[-79.98685430555555,25.804535472222224],[-79.98677525000001,25.804456055555555],[-79.98668183333334,25.804390666666666],[-79.986577,25.804341444444447],[-79.98646413888889,25.804309944444444],[-79.98634686111112,25.804297194444445],[-79.98622897222222,25.804303611111113],[-79.98611425,25.804328944444446],[-79.98600636111111,25.804372444444446],[-79.98590880555555,25.804432694444444],[-79.98582466666667,25.804507722222223],[-79.98575672222222,25.80459513888889],[-79.98570708333334,25.80469216666667],[-79.98567738888889,25.80479563888889],[-79.98566858333334,25.80490225]]},"properties":{"style":"solid","thickness":1}},{"type":"Feature","geometry":{"type":"LineString","coordinates":[[-79.97585127777778,25.812464944444447],[-79.9758365,25.811575611111113]]},"properties":{"style":"solid","thickness":1}},{"type":"Feature","geometry":{"type":"LineString","coordinates":[[-79.97559966666667,25.81257411111111],[-79.97558138888888,25.811473361111112]]},"properties":{"style":"solid","thickness":1}},{"type":"Feature","geometry":{"type":"LineString","coordinates":[[-79.97534630555556,25.812577555555556],[-79.97532805555555,25.811476805555557]]},"properties":{"style":"solid","thickness":1}},{"type":"Feature","geometry":{"type":"LineString","coordinates":[[-79.97509119444445,25.81247527777778],[-79.97507644444444,25.811585944444445]]},"properties":{"style":"solid","thickness":1}},{"type":"Feature","geometry":{"type":"LineString","coordinates":[[-79.9748051388889,25.81203438888889],[-79.97481747222223,25.812140722222225],[-79.97485061111111,25.812243333333335],[-79.97490344444445,25.812338944444445],[-79.97497430555556,25.812424472222222],[-79.97506088888889,25.812497194444447],[-79.97516041666667,25.81255475],[-79.97526969444445,25.812595277777778],[-79.97538522222223,25.8126175],[-79.97550330555556,25.812620694444444],[-79.97562008333334,25.812604750000002],[-79.97573186111111,25.812570194444444],[-79.975835,25.81251811111111],[-79.97592622222223,25.81245022222222],[-79.97600258333334,25.812368666666668],[-79.9760616388889,25.812276083333334],[-79.97610147222223,25.812175444444446],[-79.97612080555555,25.812069972222222],[-79.97611902777778,25.811963083333335],[-79.97609619444445,25.811858194444444],[-79.97605305555555,25.811758666666666],[-79.97599094444445,25.81166775],[-79.97591191666667,25.811588305555556],[-79.97581847222223,25.811522916666668],[-79.97571363888889,25.811473666666668],[-79.97560077777779,25.811442166666666],[-79.97548352777778,25.811429416666666],[-79.97536563888889,25.811435805555558],[-79.9752508888889,25.811461166666668],[-79.975143,25.81150463888889],[-79.97504541666667,25.811564861111112],[-79.97496127777778,25.81163988888889],[-79.97489330555555,25.811727333333334],[-79.97484366666667,25.811824333333334],[-79.97481394444445,25.811927805555555],[-79.9748051388889,25.81203438888889]]},"properties":{"style":"solid","thickness":1}}]}
