{"type":"FeatureCollection","features":[{"type":"Feature","geometry":{"type":"LineString","coordinates":[[-80.44597508333334,25.704659499999998],[-80.50262775,25.702852555555555]]},"properties":{"style":"solid","thickness":1}},{"type":"Feature","geometry":{"type":"LineString","coordinates":[[-80.49541033333334,25.699596805555554],[-80.50262775,25.702852555555555],[-80.49568222222223,25.706562444444444]]},"properties":{"style":"solid","thickness":1}},{"type":"Feature","geometry":{"type":"LineString","coordinates":[[-79.7313295,25.393867583333332],[-79.76543080555555,25.41917327777778]]},"properties":{"style":"solid","thickness":1}},{"type":"Feature","geometry":{"type":"LineString","coordinates":[[-79.53172825,25.10369041666667],[-79.71944388888889,25.38152416666667]]},"properties":{"style":"solid","thickness":1}},{"type":"Feature","geometry":{"type":"LineString","coordinates":[[-79.1228948611111,25.029806277777777],[-79.40113911111112,25.196391583333334]]},"properties":{"style":"solid","thickness":1}},{"type":"Feature","geometry":{"type":"LineString","coordinates":[[-79.41642261111112,25.2055135],[-79.7165763888889,25.384060694444443]]},"properties":{"style":"solid","thickness":1}},{"type":"Feature","geometry":{"type":"LineString","coordinates":[[-79.73171375,25.393408944444445],[-79.86168641666666,25.476839694444443]]},"properties":{"style":"solid","thickness":1}},{"type":"Feature","geometry":{"type":"LineString","coordinates":[[-79.87665313888888,25.486432],[-80.02334847222222,25.580286972222222]]},"properties":{"style":"solid","thickness":1}},{"type":"Feature","geometry":{"type":"LineString","coordinates":[[-80.03834091666667,25.589862749999998],[-80.1316593611111,25.649397999999998]]},"properties":{"style":"solid","thickness":1}},{"type":"Feature","geometry":{"type":"LineString","coordinates":[[-80.14746783333334,25.657715333333332],[-80.20695872222223,25.683019083333335]]},"properties":{"style":"solid","thickness":1}},{"type":"Feature","geometry":{"type":"LineString","coordinates":[[-80.22357505555556,25.6900805],[-80.26820516666666,25.70903361111111]]},"properties":{"style":"solid","thickness":1}},{"type":"Feature","geometry":{"type":"LineString","coordinates":[[-80.28568286111111,25.71213061111111],[-80.42763769444444,25.705389944444445]]},"properties":{"style":"solid","thickness":1}},{"type":"Feature","geometry":{"type":"LineString","coordinates":[[-79.77953677777778,25.42977802777778],[-79.82287674999999,25.46278261111111]]},"properties":{"style":"solid","thickness":1}},{"type":"Feature","geometry":{"type":"LineString","coordinates":[[-79.81992444444444,25.455987222222223],[-79.82287674999999,25.46278261111111],[-79.81499136111111,25.461328194444445]]},"properties":{"style":"solid","thickness":1}},{"type":"Feature","geometry":{"type":"LineString","coordinates":[[-80.45029277777778,25.68210966666667],[-80.42536858333334,25.683666722222224]]},"properties":{"style":"solid","thickness":1}},{"type":"Feature","geometry":{"type":"LineString","coordinates":[[-80.44962427777779,25.673334444444446],[-80.42470188888889,25.67489136111111]]},"properties":{"style":"solid","thickness":1}},{"type":"Feature","geometry":{"type":"LineString","coordinates":[[-80.29298613888889,25.679592305555555],[-80.26741919444444,25.68116188888889]]},"properties":{"style":"solid","thickness":1}},{"type":"Feature","geometry":{"type":"LineString","coordinates":[[-80.23075133333333,25.655010583333333],[-80.20428216666667,25.6566245]]},"properties":{"style":"solid","thickness":1}},{"type":"Feature","geometry":{"type":"LineString","coordinates":[[-80.15747916666668,25.631072777777778],[-80.13192083333333,25.632618722222222]]},"properties":{"style":"solid","thickness":1}},{"type":"Feature","geometry":{"type":"LineString","coordinates":[[-79.91121366666667,25.459578416666666],[-79.88285102777778,25.461248444444443]]},"properties":{"style":"solid","thickness":1}},{"type":"Feature","geometry":{"type":"LineString","coordinates":[[-79.75436005555555,25.368268055555557],[-79.72634855555556,25.369888805555554]]},"properties":{"style":"solid","thickness":1}},{"type":"Feature","geometry":{"type":"LineString","coordinates":[[-79.76567730555556,25.437826194444444],[-79.7367671111111,25.439499972222222]]},"properties":{"style":"solid","thickness":1}},{"type":"Feature","geometry":{"type":"LineString","coordinates":[[-79.76505986111111,25.429047805555555],[-79.73615175,25.430721472222224]]},"properties":{"style":"solid","thickness":1}},{"type":"Feature","geometry":{"type":"LineString","coordinates":[[-79.73166380555556,25.439843194444446],[-79.70643447222223,25.441298305555556]]},"properties":{"style":"solid","thickness":1}},{"type":"Feature","geometry":{"type":"LineString","coordinates":[[-79.73104544444445,25.43101652777778],[-79.70581797222222,25.43247152777778]]},"properties":{"style":"solid","thickness":1}},{"type":"Feature","geometry":{"type":"LineString","coordinates":[[-80.09432538888889,25.568581277777778],[-80.06971597222221,25.570060083333335]]},"properties":{"style":"solid","thickness":1}},{"type":"Feature","geometry":{"type":"LineString","coordinates":[[-80.06243983333333,25.57054486111111],[-80.03718683333334,25.57205672222222]]},"properties":{"style":"solid","thickness":1}},{"type":"Feature","geometry":{"type":"LineString","coordinates":[[-80.06179669444444,25.561719611111112],[-80.03654552777778,25.56323136111111]]},"properties":{"style":"solid","thickness":1}},{"type":"Feature","geometry":{"type":"LineString","coordinates":[[-79.87772972222221,25.461587972222222],[-79.85249741666667,25.463068166666666]]},"properties":{"style":"solid","thickness":1}},{"type":"Feature","geometry":{"type":"LineString","coordinates":[[-79.8771006111111,25.45276186111111],[-79.85187013888888,25.454241944444444]]},"properties":{"style":"solid","thickness":1}},{"type":"Feature","geometry":{"type":"LineString","coordinates":[[-79.9106378888889,25.44257675],[-79.88172830555555,25.444279083333335]]},"properties":{"style":"solid","thickness":1}},{"type":"Feature","geometry":{"type":"LineString","coordinates":[[-80.15724386111111,25.622222861111112],[-80.13198113888888,25.62375102777778]]},"properties":{"style":"solid","thickness":1}},{"type":"Feature","geometry":{"type":"LineString","coordinates":[[-80.44783933333333,25.68834052777778],[-80.4472873888889,25.688970527777776],[-80.44707341666667,25.68972736111111],[-80.44709275000001,25.689973805555557],[-80.44743047222222,25.690794166666667],[-80.44839002777778,25.691178194444444],[-80.45116427777778,25.690999444444444],[-80.45067294444445,25.68473991666667],[-80.4475725,25.684939694444445],[-80.446737,25.685439333333335],[-80.44647636111111,25.68629825],[-80.44653436111112,25.687037555555555],[-80.44691875000001,25.68775586111111],[-80.44783933333333,25.68834052777778],[-80.4509398888889,25.68814075]]},"properties":{"style":"solid","thickness":1}},{"type":"Feature","geometry":{"type":"LineString","coordinates":[[-80.44414566666667,25.685160416666665],[-80.4446366388889,25.691419944444444]]},"properties":{"style":"solid","thickness":1}},{"type":"Feature","geometry":{"type":"LineString","coordinates":[[-80.44235197222223,25.691567055555556],[-80.44186111111111,25.6853075],[-80.43794469444445,25.68555961111111]]},"properties":{"style":"solid","thickness":1}},{"type":"Feature","geometry":{"type":"LineString","coordinates":[[-80.43615066666668,25.691966166666667],[-80.43212525,25.69222511111111],[-80.43566013888889,25.68570661111111],[-80.43136294444444,25.685983027777777]]},"properties":{"style":"solid","thickness":1}},{"type":"Feature","geometry":{"type":"LineString","coordinates":[[-80.42962294444445,25.69238602777778],[-80.42559750000001,25.69264477777778],[-80.42913275000001,25.686126416666667],[-80.42483552777779,25.68640263888889]]},"properties":{"style":"solid","thickness":1}},{"type":"Feature","geometry":{"type":"LineString","coordinates":[[-80.29697805555556,25.697133472222223],[-80.29447544444444,25.697292055555558],[-80.2935163611111,25.69690702777778],[-80.29283422222223,25.69586052777778],[-80.29245188888889,25.694448305555557],[-80.29264136111111,25.69265311111111],[-80.29315608333333,25.69153077777778],[-80.29399227777778,25.691032027777776],[-80.29649472222222,25.690873416666665],[-80.29697805555556,25.697133472222223]]},"properties":{"style":"solid","thickness":1}},{"type":"Feature","geometry":{"type":"LineString","coordinates":[[-80.28610927777778,25.693017277777777],[-80.28953663888889,25.69280025]]},"properties":{"style":"solid","thickness":1}},{"type":"Feature","geometry":{"type":"LineString","coordinates":[[-80.28996658333332,25.691287055555556],[-80.28816455555555,25.697691805555557],[-80.28545122222222,25.691572944444445]]},"properties":{"style":"solid","thickness":1}},{"type":"Feature","geometry":{"type":"LineString","coordinates":[[-80.28370338888888,25.69797422222222],[-80.28322075,25.69171413888889]]},"properties":{"style":"solid","thickness":1}},{"type":"Feature","geometry":{"type":"LineString","coordinates":[[-80.27930380555556,25.691961972222224],[-80.27978622222223,25.698222083333334]]},"properties":{"style":"solid","thickness":1}},{"type":"Feature","geometry":{"type":"LineString","coordinates":[[-80.27954691666666,25.695116666666667],[-80.28346397222222,25.694868833333334]]},"properties":{"style":"solid","thickness":1}},{"type":"Feature","geometry":{"type":"LineString","coordinates":[[-80.27750122222223,25.698366611111112],[-80.27701891666666,25.6921065],[-80.27310194444445,25.692354194444444]]},"properties":{"style":"solid","thickness":1}},{"type":"Feature","geometry":{"type":"LineString","coordinates":[[-80.26695944444444,25.69422836111111],[-80.2703868611111,25.694011777777778]]},"properties":{"style":"solid","thickness":1}},{"type":"Feature","geometry":{"type":"LineString","coordinates":[[-80.27081705555555,25.69249863888889],[-80.269014,25.698903166666668],[-80.26630161111112,25.692783944444443]]},"properties":{"style":"solid","thickness":1}},{"type":"Feature","geometry":{"type":"LineString","coordinates":[[-80.28964258333333,25.68708738888889],[-80.29003861111111,25.687260416666668],[-80.29071041666667,25.68746552777778],[-80.29136319444444,25.687424194444446],[-80.29221458333333,25.687122583333334],[-80.2930595,25.68602886111111],[-80.293201,25.68502925],[-80.29311733333333,25.683944833333335],[-80.29293625,25.683015166666667],[-80.292406,25.681810444444444],[-80.29176577777777,25.68130613888889],[-80.29088022222221,25.681164111111112],[-80.28948491666667,25.68150016666667],[-80.28897897222222,25.68202752777778],[-80.28870961111112,25.682787583333333],[-80.28879441666666,25.683178472222224],[-80.28911202777778,25.68375275],[-80.28975986111111,25.68435563888889],[-80.29059102777778,25.68450113888889],[-80.29119322222222,25.684512527777777],[-80.29204458333334,25.684210916666668],[-80.29254291666666,25.683584944444444],[-80.29273883333333,25.68258188888889]]},"properties":{"style":"solid","thickness":1}},{"type":"Feature","geometry":{"type":"LineString","coordinates":[[-80.28488961111111,25.687834111111112],[-80.2843456111111,25.687868555555557],[-80.28339422222221,25.687582055555556],[-80.28244402777777,25.686602],[-80.28213144444445,25.685383472222224],[-80.28204405555556,25.68424975],[-80.28216666666667,25.683003694444444],[-80.2830116388889,25.68191002777778],[-80.283863,25.681608472222223],[-80.28440697222221,25.681574027777778],[-80.28524194444444,25.681768833333333],[-80.2862465,25.682745416666666],[-80.2865591111111,25.683963944444443],[-80.28664655555555,25.685097666666667],[-80.28652777777778,25.68639302777778],[-80.28568280555555,25.68748672222222],[-80.28488961111111,25.687834111111112]]},"properties":{"style":"solid","thickness":1}},{"type":"Feature","geometry":{"type":"LineString","coordinates":[[-80.27814397222222,25.688260972222224],[-80.27759997222222,25.68829538888889],[-80.27664858333333,25.688008833333335],[-80.27569844444444,25.68702875],[-80.27538591666666,25.685810222222223],[-80.27529861111111,25.684676500000002],[-80.27542127777778,25.683430416666667],[-80.27626633333334,25.682336805555558],[-80.27711769444444,25.68203527777778],[-80.27766169444445,25.682000861111113],[-80.27849663888888,25.68219572222222],[-80.27950116666666,25.68317236111111],[-80.27981372222222,25.68439088888889],[-80.27990108333333,25.685524611111113],[-80.27978222222222,25.68681997222222],[-80.27893719444444,25.68791361111111],[-80.27814397222222,25.688260972222224]]},"properties":{"style":"solid","thickness":1}},{"type":"Feature","geometry":{"type":"LineString","coordinates":[[-80.27139830555555,25.688687527777777],[-80.27085427777777,25.688721916666665],[-80.26990291666667,25.688435333333334],[-80.26895283333333,25.687455194444446],[-80.26864036111111,25.68623663888889],[-80.2685531111111,25.68510291666667],[-80.2686758611111,25.683856833333333],[-80.26952097222222,25.68276325],[-80.27037236111111,25.682461777777778],[-80.2709163611111,25.682427416666666],[-80.27175130555555,25.682622277777778],[-80.27275577777777,25.68359897222222],[-80.27306825,25.684817527777778],[-80.27315555555556,25.68595125],[-80.27303663888888,25.687246583333334],[-80.27219152777778,25.688340194444443],[-80.27139830555555,25.688687527777777]]},"properties":{"style":"solid","thickness":1}},{"type":"Feature","geometry":{"type":"LineString","coordinates":[[-80.22763994444445,25.671760000000003],[-80.22858958333333,25.67274038888889],[-80.22947500000001,25.672882805555556],[-80.23007336111111,25.67284513888889],[-80.23087416666667,25.67259661111111],[-80.23171952777778,25.67150325],[-80.23183130555556,25.670109333333336],[-80.2317746388889,25.669369944444444],[-80.23173686111112,25.668877000000002],[-80.23164847222222,25.668436777777778],[-80.23142483333334,25.667658361111112],[-80.23042461111112,25.666730694444446],[-80.22959361111111,25.666584861111108],[-80.22910408333334,25.666615666666665],[-80.22819452777777,25.66687102777778],[-80.22734538888889,25.667915083333334]]},"properties":{"style":"solid","thickness":1}},{"type":"Feature","geometry":{"type":"LineString","coordinates":[[-80.22149936111111,25.672938722222224],[-80.22262122222223,25.673313944444445],[-80.22387230555556,25.673235277777778],[-80.2249806388889,25.67271977777778],[-80.22540977777778,25.671900305555557],[-80.22538711111112,25.671604527777777],[-80.22478655555555,25.670899333333335],[-80.22151847222223,25.669618944444444],[-80.22092169444444,25.668963027777778],[-80.22093080555555,25.668368083333334],[-80.22135994444444,25.667548611111112],[-80.22225066666667,25.667046805555557],[-80.22355608333334,25.66696472222222],[-80.2241695,25.66712425],[-80.22508130555556,25.667611750000003]]},"properties":{"style":"solid","thickness":1}},{"type":"Feature","geometry":{"type":"LineString","coordinates":[[-80.21897672222222,25.673543083333335],[-80.21446188888889,25.673826805555557]]},"properties":{"style":"solid","thickness":1}},{"type":"Feature","geometry":{"type":"LineString","coordinates":[[-80.21669211111112,25.67368666666667],[-80.21621308333333,25.66742636111111]]},"properties":{"style":"solid","thickness":1}},{"type":"Feature","geometry":{"type":"LineString","coordinates":[[-80.21175286111111,25.667706583333334],[-80.21223166666667,25.673966916666668]]},"properties":{"style":"solid","thickness":1}},{"type":"Feature","geometry":{"type":"LineString","coordinates":[[-80.20798877777779,25.674233361111114],[-80.20744480555555,25.674267500000003],[-80.20649369444445,25.673980500000003],[-80.20554425,25.672999944444445],[-80.20523247222222,25.671781250000002],[-80.20514583333333,25.670647472222225],[-80.20526922222223,25.669401472222223],[-80.20611480555556,25.668308250000003],[-80.20696625000001,25.66800713888889],[-80.20751019444445,25.667973],[-80.20834494444445,25.66816825],[-80.20934877777778,25.669145361111113],[-80.20966058333333,25.670364055555556],[-80.20974727777778,25.671497805555557],[-80.20962769444445,25.672793111111112],[-80.20878211111112,25.673886361111112],[-80.20798877777779,25.674233361111114]]},"properties":{"style":"solid","thickness":1}},{"type":"Feature","geometry":{"type":"LineString","coordinates":[[-80.22756763888889,25.660114805555555],[-80.22677066666667,25.660412583333333],[-80.226467,25.660728888888887],[-80.22630605555555,25.66148197222222],[-80.22632872222222,25.66177775],[-80.22666108333334,25.66254933333333],[-80.22700252777778,25.66272597222222],[-80.22810922222223,25.662903999999997],[-80.22923252777778,25.66258563888889],[-80.22954377777778,25.662367944444444],[-80.22975527777778,25.66156211111111],[-80.22973261111112,25.66126636111111],[-80.22945841666667,25.660540638888886],[-80.22910941666667,25.660265416666665],[-80.22827469444445,25.660070305555553],[-80.22756763888889,25.660114805555555],[-80.22672536111111,25.65982108333333],[-80.22613616666666,25.659263777777777],[-80.22581136111111,25.65859075],[-80.22579247222222,25.658344305555556],[-80.22594586111111,25.65749261111111],[-80.22650258333333,25.65691275],[-80.22724891666667,25.656667666666664],[-80.22801033333333,25.656619749999997],[-80.22878686111112,25.656768999999997],[-80.22942669444444,25.657273583333332],[-80.22970466666666,25.658048583333333],[-80.22972733333333,25.658344333333332],[-80.22950825,25.659051583333333],[-80.22900969444444,25.65967733333333],[-80.22827469444445,25.660070305555553]]},"properties":{"style":"solid","thickness":1}},{"type":"Feature","geometry":{"type":"LineString","coordinates":[[-80.22190869444445,25.663294055555554],[-80.22136477777778,25.66332825],[-80.22041372222222,25.663041333333332],[-80.21946425,25.662060861111108],[-80.21915236111111,25.66084219444444],[-80.21906558333333,25.659708444444444],[-80.21918883333333,25.658462416666666],[-80.22003419444445,25.65736911111111],[-80.22088552777778,25.657067916666666],[-80.22142941666667,25.65703372222222],[-80.22226411111112,25.657228888888888],[-80.22326797222222,25.658205916666667],[-80.22357988888889,25.659424583333333],[-80.22366669444445,25.66055833333333],[-80.22354727777778,25.66185363888889],[-80.22270191666667,25.662946972222223],[-80.22190869444445,25.663294055555554]]},"properties":{"style":"solid","thickness":1}},{"type":"Feature","geometry":{"type":"LineString","coordinates":[[-80.21516419444444,25.663718],[-80.21462030555556,25.66375219444444],[-80.21366925000001,25.66346522222222],[-80.21271980555557,25.66248472222222],[-80.212408,25.661266027777778],[-80.21232130555556,25.660132277777777],[-80.21244461111111,25.65888625],[-80.21329005555556,25.657792999999998],[-80.21414141666666,25.65749183333333],[-80.21468527777778,25.657457666666666],[-80.21551997222222,25.65765286111111],[-80.21652377777778,25.658629944444442],[-80.21683561111111,25.65984861111111],[-80.21692238888889,25.66098236111111],[-80.21680288888889,25.662277694444445],[-80.21595744444444,25.66337097222222],[-80.21516419444444,25.663718]]},"properties":{"style":"solid","thickness":1}},{"type":"Feature","geometry":{"type":"LineString","coordinates":[[-80.20841966666667,25.664141666666666],[-80.20787577777779,25.664175805555555],[-80.20692472222223,25.663888805555555],[-80.20597536111111,25.662908249999997],[-80.20566361111112,25.661689555555554],[-80.20557697222222,25.660555777777777],[-80.20570033333334,25.659309777777775],[-80.20654583333334,25.658216555555555],[-80.20739722222223,25.65791544444444],[-80.20794111111111,25.657881305555556],[-80.20877577777777,25.658076527777776],[-80.20977952777778,25.65905363888889],[-80.21009130555557,25.66027233333333],[-80.210178,25.66140611111111],[-80.21005844444444,25.662701416666664],[-80.20921294444445,25.663794666666664],[-80.20841966666667,25.664141666666666]]},"properties":{"style":"solid","thickness":1}},{"type":"Feature","geometry":{"type":"LineString","coordinates":[[-80.15789908333333,25.636865055555557],[-80.15607855555557,25.633759333333334]]},"properties":{"style":"solid","thickness":1}},{"type":"Feature","geometry":{"type":"LineString","coordinates":[[-80.1603745,25.633491],[-80.16085050000001,25.639751527777776],[-80.15807702777778,25.63992477777778],[-80.15724255555556,25.63972925],[-80.15646066666667,25.6387875],[-80.15641569444445,25.638195944444444],[-80.15699333333333,25.637169277777776],[-80.15784469444445,25.636868472222222],[-80.16061811111112,25.636695222222222]]},"properties":{"style":"solid","thickness":1}},{"type":"Feature","geometry":{"type":"LineString","coordinates":[[-80.14999161111112,25.63562522222222],[-80.15341755555556,25.63541136111111]]},"properties":{"style":"solid","thickness":1}},{"type":"Feature","geometry":{"type":"LineString","coordinates":[[-80.15384900000001,25.633898555555554],[-80.15204061111112,25.640301694444442],[-80.1493355,25.634180277777777]]},"properties":{"style":"solid","thickness":1}},{"type":"Feature","geometry":{"type":"LineString","coordinates":[[-80.14734544444445,25.637474305555553],[-80.14451761111111,25.637650694444442]]},"properties":{"style":"solid","thickness":1}},{"type":"Feature","geometry":{"type":"LineString","coordinates":[[-80.14361130555557,25.640827583333333],[-80.14758125,25.640579944444443],[-80.14710591666667,25.634319388888887],[-80.14286430555556,25.634583944444444]]},"properties":{"style":"solid","thickness":1}},{"type":"Feature","geometry":{"type":"LineString","coordinates":[[-80.13806491666668,25.63830063888889],[-80.13751158333334,25.638929472222223],[-80.13729575,25.63968586111111],[-80.13731444444446,25.639932333333334],[-80.13764991666667,25.640753444444442],[-80.13860808333334,25.64113947222222],[-80.14138161111111,25.640966583333334],[-80.14090661111112,25.634705999999998],[-80.13780694444445,25.63489922222222],[-80.1369705,25.63539711111111],[-80.13670777777779,25.63625547222222],[-80.13676383333333,25.636994916666666],[-80.13714622222223,25.63771402777778],[-80.13806491666668,25.63830063888889],[-80.14116466666667,25.638107416666667]]},"properties":{"style":"solid","thickness":1}},{"type":"Feature","geometry":{"type":"LineString","coordinates":[[-80.13438097222223,25.635112694444445],[-80.1348556388889,25.641373305555554],[-80.13008491666666,25.63538025],[-80.13055936111111,25.641640888888887]]},"properties":{"style":"solid","thickness":1}},{"type":"Feature","geometry":{"type":"LineString","coordinates":[[-80.15290197222222,25.627905166666668],[-80.15371208333335,25.627062111111112],[-80.15455961111111,25.626712],[-80.1550996388889,25.626628750000002],[-80.15594150000001,25.62692288888889],[-80.15657708333335,25.6273785],[-80.15690891666667,25.62815025],[-80.15692763888889,25.628396722222224],[-80.15677383333333,25.629248333333333],[-80.1562093888889,25.62972936111111],[-80.15535808333334,25.630030166666668],[-80.15481430555556,25.63006411111111],[-80.15397991666667,25.629868583333334],[-80.15329369444446,25.629465638888888],[-80.15295813888889,25.628644583333333],[-80.15281958333334,25.62682063888889],[-80.15287966666668,25.626173027777778],[-80.15299230555556,25.624779166666666],[-80.1532305,25.624318527777778],[-80.15353800000001,25.624051666666666],[-80.15433866666667,25.623803555555558],[-80.15488241666667,25.62376961111111],[-80.155713,25.62391586111111],[-80.156058,25.624141944444446]]},"properties":{"style":"solid","thickness":1}},{"type":"Feature","geometry":{"type":"LineString","coordinates":[[-80.1488871388889,25.63043411111111],[-80.14834336111112,25.630468027777777],[-80.14739272222224,25.630180638888888],[-80.14644408333334,25.629199694444445],[-80.14613302777778,25.62798088888889],[-80.14604697222222,25.626847055555555],[-80.14617094444445,25.625601111111113],[-80.14701675,25.62450822222222],[-80.14786802777779,25.624207444444444],[-80.14841177777778,25.624173527777778],[-80.1492461388889,25.62436911111111],[-80.15024911111112,25.62534663888889],[-80.15056022222223,25.626565444444445],[-80.15064630555555,25.62769925],[-80.15052613888889,25.628994527777778],[-80.14968033333334,25.63008741666667],[-80.1488871388889,25.63043411111111]]},"properties":{"style":"solid","thickness":1}},{"type":"Feature","geometry":{"type":"LineString","coordinates":[[-80.14214425,25.630854694444444],[-80.14160044444445,25.63088861111111],[-80.14064983333334,25.63060116666667],[-80.13970127777779,25.629620194444446],[-80.13939027777778,25.628401361111113],[-80.13930427777778,25.627267555555555],[-80.13942830555557,25.626021583333333],[-80.14027416666667,25.624928722222222],[-80.1411255,25.624628],[-80.14166925,25.62459411111111],[-80.14250358333334,25.62478972222222],[-80.14350652777779,25.625767305555556],[-80.14381755555556,25.62698613888889],[-80.14390358333334,25.628119944444446],[-80.14378333333335,25.629415194444444],[-80.14293747222223,25.630508055555556],[-80.14214425,25.630854694444444]]},"properties":{"style":"solid","thickness":1}},{"type":"Feature","geometry":{"type":"LineString","coordinates":[[-80.13540130555556,25.631275000000002],[-80.13485752777778,25.63130888888889],[-80.13390691666667,25.63102138888889],[-80.13295838888888,25.63004038888889],[-80.13264747222222,25.628821527777777],[-80.13256152777777,25.627687694444443],[-80.13268563888889,25.62644175],[-80.13353158333334,25.625348944444443],[-80.13438291666667,25.62504825],[-80.13492666666667,25.62501438888889],[-80.135761,25.62521002777778],[-80.13676386111112,25.62618763888889],[-80.13707483333334,25.6274065],[-80.13716080555557,25.628540305555557],[-80.13704050000001,25.629835583333335],[-80.13619455555556,25.63092838888889],[-80.13540130555556,25.631275000000002]]},"properties":{"style":"solid","thickness":1}},{"type":"Feature","geometry":{"type":"LineString","coordinates":[[-79.89393733333334,25.463298277777778],[-79.8943988888889,25.469559777777775],[-79.88964691666668,25.463558833333334],[-79.89010822222222,25.46982033333333]]},"properties":{"style":"solid","thickness":1}},{"type":"Feature","geometry":{"type":"LineString","coordinates":[[-79.8876526388889,25.466849416666665],[-79.88482847222222,25.467020833333333]]},"properties":{"style":"solid","thickness":1}},{"type":"Feature","geometry":{"type":"LineString","coordinates":[[-79.88391661111112,25.470196138888888],[-79.88788141666667,25.469955527777778],[-79.88742022222223,25.463694027777777],[-79.88318405555555,25.46395111111111]]},"properties":{"style":"solid","thickness":1}},{"type":"Feature","geometry":{"type":"LineString","coordinates":[[-79.88168980555555,25.47033122222222],[-79.88122891666666,25.46406972222222]]},"properties":{"style":"solid","thickness":1}},{"type":"Feature","geometry":{"type":"LineString","coordinates":[[-79.87837672222221,25.470532166666665],[-79.88139583333333,25.466337666666664]]},"properties":{"style":"solid","thickness":1}},{"type":"Feature","geometry":{"type":"LineString","coordinates":[[-79.88040397222221,25.46768544444444],[-79.87731858333332,25.464306861111112]]},"properties":{"style":"solid","thickness":1}},{"type":"Feature","geometry":{"type":"LineString","coordinates":[[-79.87503755555555,25.464445138888887],[-79.87549813888889,25.470706666666665],[-79.87074705555555,25.46470513888889],[-79.87120738888888,25.470966694444442]]},"properties":{"style":"solid","thickness":1}},{"type":"Feature","geometry":{"type":"LineString","coordinates":[[-79.86875225,25.46799547222222],[-79.86592802777777,25.4681665]]},"properties":{"style":"solid","thickness":1}},{"type":"Feature","geometry":{"type":"LineString","coordinates":[[-79.86501566666666,25.471341694444444],[-79.86898055555555,25.471101583333333],[-79.86852030555555,25.464840027777775],[-79.86428408333333,25.465096555555554]]},"properties":{"style":"solid","thickness":1}},{"type":"Feature","geometry":{"type":"LineString","coordinates":[[-79.5669466111111,25.087353944444445],[-79.56650316666666,25.08109136111111]]},"properties":{"style":"solid","thickness":1}},{"type":"Feature","geometry":{"type":"LineString","coordinates":[[-79.56364352777777,25.08754788888889],[-79.56666377777778,25.083359694444443]]},"properties":{"style":"solid","thickness":1}},{"type":"Feature","geometry":{"type":"LineString","coordinates":[[-79.56567161111111,25.08470538888889],[-79.56260463888889,25.08132025]]},"properties":{"style":"solid","thickness":1}},{"type":"Feature","geometry":{"type":"LineString","coordinates":[[-79.55784988888888,25.084817833333332],[-79.55605291666666,25.081704694444444]]},"properties":{"style":"solid","thickness":1}},{"type":"Feature","geometry":{"type":"LineString","coordinates":[[-79.56033049999999,25.08145372222222],[-79.5607736111111,25.087716333333333],[-79.55801202777778,25.08787836111111],[-79.55718233333333,25.087679444444444],[-79.55640863888888,25.0867345],[-79.55636680555556,25.08614275],[-79.55694683333333,25.085118388888887],[-79.55779575,25.084821027777778],[-79.56055727777778,25.084659]]},"properties":{"style":"solid","thickness":1}},{"type":"Feature","geometry":{"type":"LineString","coordinates":[[-79.55232633333333,25.088211777777776],[-79.55178483333333,25.088243527777777],[-79.55083988888889,25.087952305555554],[-79.54990033333333,25.086967527777777],[-79.54959661111111,25.085747416666667],[-79.54951644444444,25.08461325],[-79.54964591666666,25.083367749999997],[-79.55049325,25.082278249999998],[-79.55134216666666,25.081980916666666],[-79.55188363888888,25.081949166666668],[-79.55271327777777,25.08214811111111],[-79.55370697222222,25.083129694444445],[-79.55401072222222,25.084349777777778],[-79.55409091666667,25.08548397222222],[-79.55396497222222,25.086778777777777],[-79.55311766666667,25.087868305555553],[-79.55232633333333,25.088211777777776]]},"properties":{"style":"solid","thickness":1}},{"type":"Feature","geometry":{"type":"LineString","coordinates":[[-79.54756116666667,25.088491055555554],[-79.54711872222222,25.082228444444443]]},"properties":{"style":"solid","thickness":1}},{"type":"Feature","geometry":{"type":"LineString","coordinates":[[-79.54425802777777,25.088684555555556],[-79.54727897222222,25.084496777777776]]},"properties":{"style":"solid","thickness":1}},{"type":"Feature","geometry":{"type":"LineString","coordinates":[[-79.54628658333333,25.08584236111111],[-79.54322013888888,25.082456805555555]]},"properties":{"style":"solid","thickness":1}},{"type":"Feature","geometry":{"type":"LineString","coordinates":[[-79.54138808333333,25.088852638888888],[-79.53689361111111,25.089115694444445]]},"properties":{"style":"solid","thickness":1}},{"type":"Feature","geometry":{"type":"LineString","coordinates":[[-79.53911377777777,25.088985777777776],[-79.53867174999999,25.08272311111111]]},"properties":{"style":"solid","thickness":1}},{"type":"Feature","geometry":{"type":"LineString","coordinates":[[-79.43016327777778,25.187493305555556],[-79.429816,25.182512583333335],[-79.43008269444445,25.181655472222225],[-79.43108141666667,25.181152194444447],[-79.43167755555557,25.18111777777778],[-79.43290075,25.18149275],[-79.43322677777778,25.18226611111111],[-79.43328180555557,25.18305513888889]]},"properties":{"style":"solid","thickness":1}},{"type":"Feature","geometry":{"type":"LineString","coordinates":[[-79.42452688888889,25.187818583333332],[-79.42417980555555,25.18283788888889],[-79.42444655555556,25.181980777777778],[-79.42544530555556,25.181477555555556],[-79.42604144444445,25.18144313888889],[-79.4272646388889,25.18181816666667],[-79.42759061111111,25.182591555555558],[-79.42764561111112,25.183380555555555]]},"properties":{"style":"solid","thickness":1}},{"type":"Feature","geometry":{"type":"LineString","coordinates":[[-79.4220883888889,25.18484],[-79.41927025000001,25.18500252777778]]},"properties":{"style":"solid","thickness":1}},{"type":"Feature","geometry":{"type":"LineString","coordinates":[[-79.41834847222222,25.188174916666668],[-79.42230483333334,25.18794677777778],[-79.42186852777779,25.18168388888889],[-79.41764141666667,25.181927666666667]]},"properties":{"style":"solid","thickness":1}},{"type":"Feature","geometry":{"type":"LineString","coordinates":[[-79.41612641666667,25.188303027777778],[-79.41162805555557,25.188562222222224]]},"properties":{"style":"solid","thickness":1}},{"type":"Feature","geometry":{"type":"LineString","coordinates":[[-79.41385013888889,25.188434194444444],[-79.41341427777779,25.182171305555556]]},"properties":{"style":"solid","thickness":1}},{"type":"Feature","geometry":{"type":"LineString","coordinates":[[-79.40541872222222,25.188474166666666],[-79.40653352777778,25.188855611111112],[-79.40778005555556,25.188783833333332],[-79.40888733333334,25.188274472222222],[-79.40932022222223,25.18745736111111],[-79.4092996388889,25.187161472222222],[-79.40870622222222,25.186452972222224],[-79.40546,25.18515452777778],[-79.40487002777779,25.184495305555554],[-79.40488308333335,25.183900416666667],[-79.405316,25.183083333333336],[-79.40620644444445,25.182586444444446],[-79.40750711111112,25.182511555555557],[-79.40811697222223,25.1826745],[-79.40902180555557,25.183167]]},"properties":{"style":"solid","thickness":1}},{"type":"Feature","geometry":{"type":"LineString","coordinates":[[-79.1374641388889,25.008899555555555],[-79.13839977777778,25.009886916666666],[-79.139279,25.010035805555557],[-79.13987436111111,25.010002555555555],[-79.14067291666667,25.009759944444443],[-79.14152330555557,25.008672833333332],[-79.1416468888889,25.00727977777778],[-79.14159711111112,25.00654],[-79.14156391666667,25.006046805555556],[-79.14147994444446,25.005605972222224],[-79.14126447222223,25.004825916666668],[-79.14027808333334,25.003890944444443],[-79.13945302777779,25.003739],[-79.13896594444445,25.00376622222222],[-79.13805916666668,25.00401488888889],[-79.13720544444445,25.005052666666668]]},"properties":{"style":"solid","thickness":1}},{"type":"Feature","geometry":{"type":"LineString","coordinates":[[-79.13532802777779,25.010256444444444],[-79.13490694444445,25.003992888888888],[-79.13101027777778,25.00421038888889]]},"properties":{"style":"solid","thickness":1}},{"type":"Feature","geometry":{"type":"LineString","coordinates":[[-79.12679102777777,25.007713055555556],[-79.12657241666666,25.004457972222223]]},"properties":{"style":"solid","thickness":1}},{"type":"Feature","geometry":{"type":"LineString","coordinates":[[-79.12915802777778,25.01060077777778],[-79.12679102777777,25.007713055555556],[-79.12482816666666,25.01084225]]},"properties":{"style":"solid","thickness":1}},{"type":"Feature","geometry":{"type":"LineString","coordinates":[[-79.12234641666666,25.00786186111111],[-79.11953205555555,25.00801872222222]]},"properties":{"style":"solid","thickness":1}},{"type":"Feature","geometry":{"type":"LineString","coordinates":[[-79.11860397222222,25.011189166666668],[-79.12255497222222,25.010969],[-79.12213452777777,25.004705416666667],[-79.11791311111111,25.004940666666666]]},"properties":{"style":"solid","thickness":1}},{"type":"Feature","geometry":{"type":"LineString","coordinates":[[-79.11347366666666,25.00840566666667],[-79.11168922222221,25.00528727777778]]},"properties":{"style":"solid","thickness":1}},{"type":"Feature","geometry":{"type":"LineString","coordinates":[[-79.11596477777778,25.005049194444446],[-79.11638488888889,25.01131277777778],[-79.11362458333333,25.0114665],[-79.11279619444444,25.01126511111111],[-79.11202647222221,25.01031788888889],[-79.11198677777777,25.009726055555557],[-79.11257013888888,25.0087035],[-79.11341955555555,25.008408694444444],[-79.11617977777777,25.008254972222222]]},"properties":{"style":"solid","thickness":1}},{"type":"Feature","geometry":{"type":"LineString","coordinates":[[-79.75296622222223,25.360884055555555],[-79.75342011111111,25.367146]]},"properties":{"style":"solid","thickness":1}},{"type":"Feature","geometry":{"type":"LineString","coordinates":[[-79.74741830555556,25.367059333333334],[-79.7478125,25.36723386111111],[-79.74848158333333,25.367441444444445],[-79.74913283333333,25.3674025],[-79.74998327777777,25.367104027777778],[-79.75083080555555,25.36601338888889],[-79.75097641666666,25.365014277777778],[-79.75089783333334,25.363929527777778],[-79.75072138888889,25.362999194444445],[-79.75019794444445,25.3617925],[-79.74956169444445,25.361285833333334],[-79.74867913888889,25.361140527777778],[-79.74728605555556,25.361471444444447],[-79.74677911111111,25.361996972222222],[-79.74650705555555,25.362756027777777],[-79.74658991666666,25.36314725],[-79.7469041111111,25.363722694444444],[-79.74754747222222,25.364328],[-79.74837580555555,25.36447652777778],[-79.74897633333333,25.36449013888889],[-79.74982675,25.364191666666667],[-79.75032655555556,25.36356752777778],[-79.75052644444445,25.36256516666667]]},"properties":{"style":"solid","thickness":1}},{"type":"Feature","geometry":{"type":"LineString","coordinates":[[-79.74267472222222,25.367788611111113],[-79.74213202777779,25.36782102777778],[-79.74118444444444,25.36753102777778],[-79.74024116666666,25.366547444444446],[-79.7399348888889,25.365327750000002],[-79.73985280555556,25.364193694444445],[-79.73998066666667,25.362948055555556],[-79.74082825,25.361857472222223],[-79.74167869444445,25.361559055555556],[-79.7422213611111,25.361526611111113],[-79.74305322222223,25.3617245],[-79.74405075,25.362704805555556],[-79.74435708333334,25.363924500000003],[-79.74443919444444,25.365058555555557],[-79.74431494444444,25.36635352777778],[-79.74346733333333,25.367444111111112],[-79.74267472222222,25.367788611111113]]},"properties":{"style":"solid","thickness":1}},{"type":"Feature","geometry":{"type":"LineString","coordinates":[[-79.73594522222223,25.36819063888889],[-79.73540252777778,25.368223027777777],[-79.73445494444445,25.367932972222224],[-79.73351175,25.36694936111111],[-79.7332055,25.365729666666667],[-79.7331235,25.364595583333333],[-79.73325141666668,25.363349944444447],[-79.73409908333333,25.362259416666667],[-79.73494952777777,25.361961055555557],[-79.73549222222222,25.36192863888889],[-79.73632405555556,25.362126555555555],[-79.73732152777778,25.36310688888889],[-79.73762777777777,25.364326611111114],[-79.73770986111111,25.365460666666667],[-79.73758552777778,25.366755611111113],[-79.73673786111111,25.367846166666666],[-79.73594522222223,25.36819063888889]]},"properties":{"style":"solid","thickness":1}},{"type":"Feature","geometry":{"type":"LineString","coordinates":[[-79.72921566666668,25.368592361111112],[-79.72867297222223,25.368624722222222],[-79.72772541666667,25.36833463888889],[-79.72678225,25.367350972222223],[-79.72647611111111,25.366131250000002],[-79.72639413888889,25.364997194444445],[-79.7265221388889,25.363751555555556],[-79.72736986111111,25.362661055555556],[-79.72822033333334,25.362362722222223],[-79.72876302777777,25.362330333333336],[-79.72959486111111,25.362528305555557],[-79.73059227777777,25.363508694444445],[-79.73089847222222,25.36472841666667],[-79.73098047222223,25.365862472222222],[-79.73085608333334,25.367157416666668],[-79.73000836111112,25.368247916666668],[-79.72921566666668,25.368592361111112]]},"properties":{"style":"solid","thickness":1}},{"type":"Feature","geometry":{"type":"LineString","coordinates":[[-79.90974719444445,25.452199888888888],[-79.91020950000001,25.458461333333332]]},"properties":{"style":"solid","thickness":1}},{"type":"Feature","geometry":{"type":"LineString","coordinates":[[-79.90371658333333,25.45474586111111],[-79.90762655555557,25.454508],[-79.90764475,25.454754527777776],[-79.90488744444446,25.45878513888889],[-79.90450730555555,25.458808277777777],[-79.90404525000001,25.452546805555556]]},"properties":{"style":"solid","thickness":1}},{"type":"Feature","geometry":{"type":"LineString","coordinates":[[-79.89978258333333,25.459095555555553],[-79.89923950000001,25.459128555555555],[-79.89829083333333,25.458839555555556],[-79.89734558333333,25.457857],[-79.89703747222222,25.45663761111111],[-79.89695386111111,25.455503666666665],[-79.89708022222223,25.45425788888889],[-79.89792705555556,25.453166416666665],[-79.89877775000001,25.452867083333334],[-79.89932077777779,25.452834083333332],[-79.90015352777779,25.453031055555556],[-79.90115308333334,25.454010305555556],[-79.90146122222222,25.455229666666664],[-79.90154486111112,25.456363638888888],[-79.90142222222222,25.45765872222222],[-79.90057536111112,25.45875022222222],[-79.89978258333333,25.459095555555553]]},"properties":{"style":"solid","thickness":1}},{"type":"Feature","geometry":{"type":"LineString","coordinates":[[-79.89304847222223,25.45950475],[-79.89250538888889,25.459537722222223],[-79.89155672222223,25.459248694444444],[-79.89061152777778,25.45826608333333],[-79.89030347222223,25.457046694444443],[-79.89021994444445,25.455912722222223],[-79.89034636111111,25.454666944444444],[-79.89119325,25.453575527777776],[-79.89204397222223,25.45327622222222],[-79.89258702777778,25.45324325],[-79.89341975,25.453440277777776],[-79.89441925000001,25.454419555555553],[-79.89472733333334,25.455638944444445],[-79.89481091666667,25.456772916666665],[-79.89468816666667,25.458068],[-79.89384127777778,25.459159444444445],[-79.89304847222223,25.45950475]]},"properties":{"style":"solid","thickness":1}},{"type":"Feature","geometry":{"type":"LineString","coordinates":[[-79.88631430555556,25.45991363888889],[-79.88577122222223,25.45994661111111],[-79.88482258333335,25.4596575],[-79.88387741666668,25.45867486111111],[-79.88356944444445,25.45745547222222],[-79.88348597222223,25.45632147222222],[-79.88361247222223,25.455075722222222],[-79.88445941666667,25.45398433333333],[-79.88531016666667,25.453685083333333],[-79.88585322222222,25.45365211111111],[-79.88668594444445,25.453849194444444],[-79.8876853888889,25.454828527777778],[-79.8879933888889,25.456047916666666],[-79.88807691666668,25.45718188888889],[-79.88795411111111,25.458476972222222],[-79.8871071388889,25.45956836111111],[-79.88631430555556,25.45991363888889]]},"properties":{"style":"solid","thickness":1}},{"type":"Feature","geometry":{"type":"LineString","coordinates":[[-79.74929675,25.444736250000002],[-79.74647291666666,25.444904972222222]]},"properties":{"style":"solid","thickness":1}},{"type":"Feature","geometry":{"type":"LineString","coordinates":[[-79.74555405555556,25.448030111111112],[-79.74951838888889,25.447793222222224],[-79.74906441666667,25.441531333333334]]},"properties":{"style":"solid","thickness":1}},{"type":"Feature","geometry":{"type":"LineString","coordinates":[[-79.74039080555556,25.44526825],[-79.7385838888889,25.442157333333334]]},"properties":{"style":"solid","thickness":1}},{"type":"Feature","geometry":{"type":"LineString","coordinates":[[-79.74287386111111,25.441901194444444],[-79.7433275,25.44816311111111],[-79.74055788888889,25.4483285],[-79.73972544444445,25.448130583333334],[-79.73894805555555,25.44718661111111],[-79.73890522222223,25.446594916666665],[-79.73948547222223,25.44556988888889],[-79.7403365,25.445271472222224],[-79.74310602777778,25.445106111111112]]},"properties":{"style":"solid","thickness":1}},{"type":"Feature","geometry":{"type":"LineString","coordinates":[[-79.73250033333333,25.444005944444445],[-79.7359215,25.443801833333335]]},"properties":{"style":"solid","thickness":1}},{"type":"Feature","geometry":{"type":"LineString","coordinates":[[-79.73635747222222,25.442290222222223],[-79.73452988888889,25.44868825],[-79.73185025000001,25.44255913888889]]},"properties":{"style":"solid","thickness":1}},{"type":"Feature","geometry":{"type":"LineString","coordinates":[[-79.72714036111111,25.44605875],[-79.72533377777778,25.442947694444445]]},"properties":{"style":"solid","thickness":1}},{"type":"Feature","geometry":{"type":"LineString","coordinates":[[-79.72962380555556,25.442691916666668],[-79.73007675,25.44895388888889],[-79.72730711111112,25.449119],[-79.72647469444445,25.44892102777778],[-79.72569738888889,25.44797697222222],[-79.72565461111111,25.447385305555557],[-79.726235,25.446360333333335],[-79.72708605555556,25.446062],[-79.72985561111112,25.445896861111112]]},"properties":{"style":"solid","thickness":1}},{"type":"Feature","geometry":{"type":"LineString","coordinates":[[-79.72310730555556,25.443080388888887],[-79.72355994444445,25.449342333333334]]},"properties":{"style":"solid","thickness":1}},{"type":"Feature","geometry":{"type":"LineString","coordinates":[[-79.7639588611111,25.430273722222225],[-79.76441358333334,25.43653561111111]]},"properties":{"style":"solid","thickness":1}},{"type":"Feature","geometry":{"type":"LineString","coordinates":[[-79.76017813888889,25.43678913888889],[-79.75963513888888,25.43682161111111],[-79.75868697222222,25.436531722222224],[-79.75774302777778,25.435548277777777],[-79.75743638888889,25.434328611111113],[-79.75735411111111,25.433194555555556],[-79.75748186111112,25.431948916666666],[-79.75832980555556,25.43085825],[-79.75918066666667,25.43055975],[-79.75972366666667,25.43052725],[-79.76055602777778,25.43072502777778],[-79.76155425,25.431705222222224],[-79.76186091666666,25.43292486111111],[-79.76194325,25.434058916666668],[-79.76181911111111,25.43535386111111],[-79.76097116666666,25.436444555555557],[-79.76017813888889,25.43678913888889]]},"properties":{"style":"solid","thickness":1}},{"type":"Feature","geometry":{"type":"LineString","coordinates":[[-79.7534448611111,25.437191916666666],[-79.75290183333334,25.43722438888889],[-79.75195369444444,25.436934444444443],[-79.75100980555555,25.435950944444446],[-79.75070325,25.43473127777778],[-79.75062102777778,25.433597250000002],[-79.75074883333333,25.432351583333336],[-79.75159683333334,25.431260972222223],[-79.75244775,25.4309625],[-79.75299072222222,25.43093002777778],[-79.75382305555556,25.43112786111111],[-79.75482125,25.432108083333336],[-79.7551278611111,25.43332775],[-79.75521011111111,25.434461777777777],[-79.75508591666667,25.43575675],[-79.75423791666667,25.43684738888889],[-79.7534448611111,25.437191916666666]]},"properties":{"style":"solid","thickness":1}},{"type":"Feature","geometry":{"type":"LineString","coordinates":[[-79.74671152777778,25.437594416666666],[-79.74616852777778,25.437626861111113],[-79.7452203888889,25.43733686111111],[-79.74427655555556,25.436353333333333],[-79.74397002777778,25.43513363888889],[-79.74388788888889,25.433999611111112],[-79.74401577777778,25.432753972222223],[-79.74486383333334,25.43166338888889],[-79.74571475,25.431364944444447],[-79.74625775,25.4313325],[-79.74709008333333,25.43153036111111],[-79.74808819444445,25.43251063888889],[-79.74839475,25.433730305555557],[-79.74847694444445,25.43486436111111],[-79.74835266666666,25.436159305555556],[-79.74750461111111,25.437249916666666],[-79.74671152777778,25.437594416666666]]},"properties":{"style":"solid","thickness":1}},{"type":"Feature","geometry":{"type":"LineString","coordinates":[[-79.73997816666667,25.437996583333334],[-79.7394351388889,25.438029027777777],[-79.73848702777778,25.437738972222224],[-79.73754325,25.436755416666667],[-79.73723680555555,25.435535694444443],[-79.73715469444444,25.43440163888889],[-79.73728266666667,25.43315602777778],[-79.73813080555556,25.432065472222224],[-79.73898172222222,25.431767083333334],[-79.73952472222223,25.431734666666667],[-79.74035705555556,25.431932555555555],[-79.74135511111112,25.43291288888889],[-79.74166158333334,25.434132583333334],[-79.74174372222222,25.43526661111111],[-79.74161938888889,25.436561555555556],[-79.74077125,25.43765211111111],[-79.73997816666667,25.437996583333334]]},"properties":{"style":"solid","thickness":1}},{"type":"Feature","geometry":{"type":"LineString","coordinates":[[-79.73015569444445,25.437470027777778],[-79.72998127777778,25.438074666666665],[-79.72941961111111,25.438603361111113],[-79.72861936111111,25.43884913888889],[-79.72802202777778,25.43888477777778],[-79.72719322222223,25.438736111111112],[-79.72655669444444,25.438229333333332],[-79.72624597222223,25.43770313888889],[-79.72620675,25.437160777777777],[-79.72639186111111,25.436704055555555],[-79.72768166666667,25.435686305555556],[-79.72965672222223,25.43358775],[-79.72983827777777,25.433081722222223],[-79.72979547222222,25.432490055555558],[-79.72588591666667,25.43272316666667]]},"properties":{"style":"solid","thickness":1}},{"type":"Feature","geometry":{"type":"LineString","coordinates":[[-79.72041969444444,25.439337833333333],[-79.72378644444444,25.43913725],[-79.72384411111112,25.436162638888888],[-79.72258008333334,25.436782694444446],[-79.72165697222222,25.436837694444446],[-79.72076677777778,25.43659361111111],[-79.72018455555556,25.436083583333332],[-79.71985961111112,25.435360166666666],[-79.7198026388889,25.43457125],[-79.72001713888889,25.43376616666667],[-79.7205245,25.43324075],[-79.7217048611111,25.432972333333336],[-79.72251933333334,25.432923805555557],[-79.72313088888889,25.433085444444444],[-79.72365880555556,25.433598694444445]]},"properties":{"style":"solid","thickness":1}},{"type":"Feature","geometry":{"type":"LineString","coordinates":[[-79.71591255555556,25.439606277777777],[-79.71536952777778,25.43963861111111],[-79.71442147222223,25.439348416666668],[-79.71347786111112,25.438364694444445],[-79.71317166666667,25.437144944444444],[-79.71308980555555,25.43601086111111],[-79.713218,25.434765277777778],[-79.71406636111111,25.43367486111111],[-79.71491736111112,25.43337661111111],[-79.71546036111111,25.433344277777778],[-79.71629266666667,25.433542305555555],[-79.71729055555556,25.43452277777778],[-79.71759680555556,25.435742527777776],[-79.71767869444444,25.436876583333333],[-79.71755408333334,25.4381715],[-79.71670575,25.439261916666666],[-79.71591255555556,25.439606277777777]]},"properties":{"style":"solid","thickness":1}},{"type":"Feature","geometry":{"type":"LineString","coordinates":[[-79.71113391666667,25.439890722222223],[-79.71068194444445,25.433628722222224]]},"properties":{"style":"solid","thickness":1}},{"type":"Feature","geometry":{"type":"LineString","coordinates":[[-79.70782141666668,25.440087805555557],[-79.7108456388889,25.435896833333334]]},"properties":{"style":"solid","thickness":1}},{"type":"Feature","geometry":{"type":"LineString","coordinates":[[-79.70985213888889,25.437243444444444],[-79.70677233333333,25.433861305555556]]},"properties":{"style":"solid","thickness":1}},{"type":"Feature","geometry":{"type":"LineString","coordinates":[[-80.07722761111111,25.57732463888889],[-80.07822961111111,25.578302666666666],[-80.07911416666666,25.578446],[-80.07976644444445,25.578405583333332],[-80.08045822222222,25.57816461111111],[-80.08130427777778,25.577072083333334],[-80.08142144444444,25.575727583333332],[-80.08134344444444,25.574692305555555],[-80.08096024999999,25.57323022222222],[-80.08007069444444,25.572294777777778],[-80.07924052777777,25.57214811111111],[-80.07864263888888,25.572185138888887],[-80.07778783333333,25.572436194444442],[-80.07694177777778,25.573528694444445],[-80.07703458333333,25.574761166666665],[-80.07823038888888,25.574687083333334]]},"properties":{"style":"solid","thickness":1}},{"type":"Feature","geometry":{"type":"LineString","coordinates":[[-80.07076391666666,25.574158861111112],[-80.07418824999999,25.57394686111111]]},"properties":{"style":"solid","thickness":1}},{"type":"Feature","geometry":{"type":"LineString","coordinates":[[-80.07462047222222,25.57243425],[-80.07280880555555,25.57883647222222],[-80.07010911111111,25.572713555555556]]},"properties":{"style":"solid","thickness":1}},{"type":"Feature","geometry":{"type":"LineString","coordinates":[[-80.06788058333333,25.572851472222222],[-80.06835155555555,25.579112333333335],[-80.06527158333333,25.57301286111111],[-80.06324197222222,25.579428416666666],[-80.06277127777777,25.573167527777777]]},"properties":{"style":"solid","thickness":1}},{"type":"Feature","geometry":{"type":"LineString","coordinates":[[-80.06072552777778,25.57646377777778],[-80.05789902777778,25.5766385]]},"properties":{"style":"solid","thickness":1}},{"type":"Feature","geometry":{"type":"LineString","coordinates":[[-80.05699088888889,25.57981486111111],[-80.06095897222222,25.579569583333335],[-80.06048838888888,25.573308666666666],[-80.05624875,25.57357072222222]]},"properties":{"style":"solid","thickness":1}},{"type":"Feature","geometry":{"type":"LineString","coordinates":[[-80.05236208333334,25.577079666666666],[-80.05211777777778,25.573825944444444]]},"properties":{"style":"solid","thickness":1}},{"type":"Feature","geometry":{"type":"LineString","coordinates":[[-80.05476222222222,25.579952555555554],[-80.05236208333334,25.577079666666666],[-80.05041361111111,25.580221166666668]]},"properties":{"style":"solid","thickness":1}},{"type":"Feature","geometry":{"type":"LineString","coordinates":[[-80.09251586111111,25.56104102777778],[-80.09298805555555,25.567301861111112]]},"properties":{"style":"solid","thickness":1}},{"type":"Feature","geometry":{"type":"LineString","coordinates":[[-80.09023322222222,25.561182666666667],[-80.09070530555555,25.567443472222223]]},"properties":{"style":"solid","thickness":1}},{"type":"Feature","geometry":{"type":"LineString","coordinates":[[-80.08646591666667,25.567706416666667],[-80.08592241666666,25.56774011111111],[-80.08497241666666,25.567452333333332],[-80.08402480555556,25.566470972222223],[-80.08371452777777,25.565252],[-80.08362911111111,25.56411813888889],[-80.08375363888888,25.56287222222222],[-80.08459955555556,25.561779694444446],[-80.08545058333333,25.561479277777778],[-80.08599405555555,25.561445583333334],[-80.0868278611111,25.561641527777777],[-80.08782983333333,25.562619472222224],[-80.0881401111111,25.563838444444446],[-80.08822558333333,25.564972305555557],[-80.08810480555555,25.56626752777778],[-80.08725888888888,25.567360083333334],[-80.08646591666667,25.567706416666667]]},"properties":{"style":"solid","thickness":1}},{"type":"Feature","geometry":{"type":"LineString","coordinates":[[-80.07972633333333,25.568124166666667],[-80.07918280555555,25.568157833333334],[-80.0782328611111,25.56787],[-80.07728527777778,25.56688861111111],[-80.07697508333332,25.56566961111111],[-80.07688972222222,25.56453575],[-80.07701430555555,25.563289833333336],[-80.07786030555555,25.562197333333334],[-80.07871133333333,25.561896972222222],[-80.07925483333332,25.561863305555555],[-80.08008861111111,25.562059277777777],[-80.08109052777777,25.563037277777777],[-80.08140075,25.56425627777778],[-80.08148616666666,25.56539011111111],[-80.08136530555555,25.566685333333332],[-80.08051933333333,25.56777786111111],[-80.07972633333333,25.568124166666667]]},"properties":{"style":"solid","thickness":1}},{"type":"Feature","geometry":{"type":"LineString","coordinates":[[-80.07298669444444,25.56854161111111],[-80.07244319444445,25.56857525],[-80.07149322222222,25.56828736111111],[-80.07054569444443,25.567305916666665],[-80.07023558333333,25.566086916666666],[-80.07015027777777,25.564953055555556],[-80.07027494444444,25.563707166666667],[-80.07112099999999,25.562614694444445],[-80.07197205555555,25.562314361111113],[-80.07251552777777,25.562280722222223],[-80.07334933333333,25.562476750000002],[-80.07435119444445,25.56345477777778],[-80.07466136111111,25.564673777777777],[-80.07474669444444,25.565807638888888],[-80.07462577777777,25.56710286111111],[-80.07377972222221,25.568195333333332],[-80.07298669444444,25.56854161111111]]},"properties":{"style":"solid","thickness":1}},{"type":"Feature","geometry":{"type":"LineString","coordinates":[[-80.06092358333333,25.568175083333333],[-80.06075063888889,25.56878011111111],[-80.06018980555555,25.569310055555555],[-80.05938933333333,25.569557666666668],[-80.05879147222223,25.56959461111111],[-80.05796136111111,25.56944783333333],[-80.05732272222222,25.5689425],[-80.05701022222222,25.568417],[-80.05696947222222,25.56787472222222],[-80.05715355555556,25.56741761111111],[-80.05844197222223,25.566396944444445],[-80.0604135,25.564293944444444],[-80.06059383333333,25.56378752777778],[-80.06054938888889,25.563195944444445],[-80.05663616666666,25.56343786111111]]},"properties":{"style":"solid","thickness":1}},{"type":"Feature","geometry":{"type":"LineString","coordinates":[[-80.05118202777777,25.570064805555557],[-80.05455191666667,25.56985663888889],[-80.05460152777778,25.566881916666667],[-80.05333780555556,25.567504805555554],[-80.05241383333333,25.56756188888889],[-80.05152197222222,25.567319805555556],[-80.05093775,25.566811083333334],[-80.05061047222222,25.56608838888889],[-80.05055125,25.56529961111111],[-80.05076380555555,25.564494055555556],[-80.05127030555555,25.5639675],[-80.05245119444444,25.563696444444446],[-80.05326647222222,25.563646083333335],[-80.05387911111112,25.563806333333336],[-80.05440899999999,25.56431838888889]]},"properties":{"style":"solid","thickness":1}},{"type":"Feature","geometry":{"type":"LineString","coordinates":[[-80.04667069444444,25.57034338888889],[-80.04612716666666,25.570376916666667],[-80.04517725,25.57008886111111],[-80.04422994444444,25.56910727777778],[-80.04392005555556,25.567888222222223],[-80.043835,25.566754333333332],[-80.04395994444444,25.565508444444447],[-80.04480625,25.56441613888889],[-80.04565738888888,25.564115972222222],[-80.04620088888889,25.56408241666667],[-80.04703463888889,25.564278583333333],[-80.04803630555556,25.565256805555556],[-80.04834622222222,25.566475861111112],[-80.04843130555555,25.567609722222223],[-80.0483101111111,25.568904916666668],[-80.04746380555555,25.56999725],[-80.04667069444444,25.57034338888889]]},"properties":{"style":"solid","thickness":1}},{"type":"Feature","geometry":{"type":"LineString","coordinates":[[-80.04188755555555,25.570638583333334],[-80.041418,25.564377611111112]]},"properties":{"style":"solid","thickness":1}},{"type":"Feature","geometry":{"type":"LineString","coordinates":[[-80.03857197222221,25.57084311111111],[-80.04158808333334,25.56664536111111]]},"properties":{"style":"solid","thickness":1}},{"type":"Feature","geometry":{"type":"LineString","coordinates":[[-80.04059716666667,25.567994194444445],[-80.03750472222222,25.564619]]},"properties":{"style":"solid","thickness":1}},{"type":"Feature","geometry":{"type":"LineString","coordinates":[[-80.445682,25.681043250000002],[-80.44905433333334,25.680826],[-80.44909422222223,25.677851194444447],[-80.44783138888889,25.678477472222223],[-80.44690672222222,25.678537055555555],[-80.44601327777778,25.67829738888889],[-80.44542683333334,25.67779025],[-80.4450968888889,25.677068444444444],[-80.44503502777778,25.676279833333336],[-80.4452451388889,25.675473722222222],[-80.44575036111111,25.674945805555556],[-80.44693147222223,25.674671583333335],[-80.44774730555557,25.674619],[-80.44836105555557,25.67477761111111],[-80.44889311111112,25.67528825]]},"properties":{"style":"solid","thickness":1}},{"type":"Feature","geometry":{"type":"LineString","coordinates":[[-80.44116741666667,25.681333944444447],[-80.4406235,25.681368972222224],[-80.43967177777778,25.681083472222223],[-80.43872036111111,25.680104444444446],[-80.43840622222223,25.67888625],[-80.43831736111112,25.67775263888889],[-80.43843836111111,25.67650641666667],[-80.43928186111111,25.67541186111111],[-80.44013277777778,25.67510938888889],[-80.44067666666668,25.67507438888889],[-80.44151183333334,25.675268305555555],[-80.44251763888889,25.676243805555558],[-80.44283180555556,25.677462000000002],[-80.44292072222223,25.678595611111113],[-80.44280363888889,25.67989111111111],[-80.44196013888889,25.680985694444445],[-80.44116741666667,25.681333944444447]]},"properties":{"style":"solid","thickness":1}},{"type":"Feature","geometry":{"type":"LineString","coordinates":[[-80.43442272222222,25.68176802777778],[-80.43387880555557,25.681803000000002],[-80.43292708333334,25.68151747222222],[-80.43197572222223,25.68053838888889],[-80.4316616388889,25.679320194444447],[-80.43157286111112,25.678186555555556],[-80.43169391666667,25.67694036111111],[-80.43253747222222,25.675845833333334],[-80.43338841666667,25.675543416666667],[-80.43393233333333,25.675508416666666],[-80.43476747222222,25.67570238888889],[-80.43577322222222,25.676677944444446],[-80.43608733333333,25.67789613888889],[-80.43617616666667,25.67902975],[-80.43605902777779,25.680325250000003],[-80.43521544444445,25.681419805555556],[-80.43442272222222,25.68176802777778]]},"properties":{"style":"solid","thickness":1}},{"type":"Feature","geometry":{"type":"LineString","coordinates":[[-80.42767797222223,25.682201777777777],[-80.42713402777778,25.682236722222225],[-80.42618233333334,25.68195113888889],[-80.42523102777778,25.68097202777778],[-80.42491702777778,25.679753805555556],[-80.42482827777778,25.67862016666667],[-80.42494941666668,25.677373972222224],[-80.42579305555556,25.6762795],[-80.42664400000001,25.675977111111113],[-80.42718791666667,25.67594213888889],[-80.42802305555556,25.67613613888889],[-80.42902875,25.67711175],[-80.42934280555556,25.678329972222222],[-80.42943158333334,25.679463583333334],[-80.42931436111111,25.680759083333335],[-80.42847072222223,25.681853583333336],[-80.42767797222223,25.682201777777777]]},"properties":{"style":"solid","thickness":1}},{"type":"Feature","geometry":{"type":"LineString","coordinates":[[-79.75178555555556,25.37730636111111],[-79.74905230555555,25.37118075],[-79.74728077777777,25.37757577777778]]},"properties":{"style":"solid","thickness":1}},{"type":"Feature","geometry":{"type":"LineString","coordinates":[[-79.74460202777777,25.37144686111111],[-79.74505555555555,25.377708805555557]]},"properties":{"style":"solid","thickness":1}},{"type":"Feature","geometry":{"type":"LineString","coordinates":[[-79.7423226388889,25.371583083333334],[-79.74277602777778,25.377845055555557]]},"properties":{"style":"solid","thickness":1}},{"type":"Feature","geometry":{"type":"LineString","coordinates":[[-79.7361196111111,25.377004694444445],[-79.73706291666667,25.377988277777778],[-79.73794558333333,25.37813363888889],[-79.73854261111111,25.37809797222222],[-79.73934244444445,25.37785211111111],[-79.74019016666666,25.376761555555557],[-79.74030733333333,25.375368],[-79.74025377777778,25.37462838888889],[-79.74021808333333,25.374135333333335],[-79.74013169444444,25.373694805555555],[-79.73991177777778,25.37291561111111],[-79.73891777777777,25.371984583333333],[-79.73808941666667,25.371836000000002],[-79.73760097222222,25.371865166666666],[-79.73669263888888,25.3721175],[-79.73584133333334,25.37315875]]},"properties":{"style":"solid","thickness":1}},{"type":"Feature","geometry":{"type":"LineString","coordinates":[[-79.73375883333334,25.375263888888888],[-79.73093658333333,25.375432333333332]]},"properties":{"style":"solid","thickness":1}},{"type":"Feature","geometry":{"type":"LineString","coordinates":[[-79.73002144444445,25.378606694444446],[-79.73398352777778,25.378370222222223],[-79.73353058333333,25.372108222222224],[-79.72929733333334,25.37236088888889]]},"properties":{"style":"solid","thickness":1}},{"type":"Feature","geometry":{"type":"LineString","coordinates":[[-79.87621780555556,25.459413305555554],[-79.87604408333333,25.46001811111111],[-79.87548294444444,25.46054736111111],[-79.87468283333332,25.46079397222222],[-79.87408544444443,25.460830166666668],[-79.87325630555554,25.46068233333333],[-79.87261902777777,25.460176194444443],[-79.87230761111111,25.459650333333332],[-79.87226774999999,25.45910797222222],[-79.8724523611111,25.458651083333333],[-79.87374113888889,25.457632027777777],[-79.87571408333332,25.4555315],[-79.87589502777777,25.455025305555555],[-79.8758515,25.454433666666667],[-79.87194149999999,25.454670666666665]]},"properties":{"style":"solid","thickness":1}},{"type":"Feature","geometry":{"type":"LineString","coordinates":[[-79.86763341666666,25.45839827777778],[-79.86683691666666,25.458694138888887],[-79.86653280555555,25.459009694444443],[-79.86636988888888,25.459762416666667],[-79.86639163888889,25.460058222222223],[-79.86672113888888,25.46083063888889],[-79.86706149999999,25.46100811111111],[-79.86816577777778,25.46118886111111],[-79.86928813888888,25.46087325],[-79.86959949999999,25.460656305555556],[-79.86981305555555,25.459851],[-79.86979133333332,25.459555166666664],[-79.86951972222222,25.45882877777778],[-79.86917213888889,25.458552694444442],[-79.86833941666666,25.458355527777776],[-79.86763341666666,25.45839827777778],[-79.86679344444444,25.4581025],[-79.86620688888888,25.45754375],[-79.86588463888889,25.456869944444446],[-79.86586652777777,25.456623416666666],[-79.86602216666667,25.455772083333333],[-79.86657969444444,25.455193583333333],[-79.86732547222222,25.454950305555556],[-79.86808577777776,25.45490427777778],[-79.86886055555554,25.455055416666667],[-79.86949777777777,25.45556158333333],[-79.869773,25.456337277777777],[-79.86979472222221,25.456633083333333],[-79.86957394444444,25.457339805555556],[-79.86907433333333,25.457964333333333],[-79.86833941666666,25.458355527777776]]},"properties":{"style":"solid","thickness":1}},{"type":"Feature","geometry":{"type":"LineString","coordinates":[[-79.86197455555555,25.46156372222222],[-79.86143144444443,25.461596611111112],[-79.86048286111111,25.46130736111111],[-79.85953788888888,25.460324555555555],[-79.85923016666666,25.45910511111111],[-79.85914691666666,25.45797111111111],[-79.85927363888888,25.45672536111111],[-79.86012083333333,25.45563411111111],[-79.86097163888888,25.455335027777778],[-79.86151472222221,25.45530213888889],[-79.86234741666667,25.45549936111111],[-79.86334666666666,25.456478861111112],[-79.86365444444444,25.457698305555557],[-79.86373772222221,25.458832277777777],[-79.86361466666666,25.460127333333332],[-79.86276747222222,25.46121861111111],[-79.86197455555555,25.46156372222222]]},"properties":{"style":"solid","thickness":1}},{"type":"Feature","geometry":{"type":"LineString","coordinates":[[-79.85719533333332,25.461852916666665],[-79.85673572222221,25.455591333333334]]},"properties":{"style":"solid","thickness":1}},{"type":"Feature","geometry":{"type":"LineString","coordinates":[[-79.85388244444444,25.462053305555553],[-79.85690219444444,25.457859305555555]]},"properties":{"style":"solid","thickness":1}},{"type":"Feature","geometry":{"type":"LineString","coordinates":[[-79.8559101111111,25.459206916666666],[-79.85282563888889,25.455827833333334]]},"properties":{"style":"solid","thickness":1}},{"type":"Feature","geometry":{"type":"LineString","coordinates":[[-80.29401894444445,25.798500222222223],[-80.29401894444445,25.797077555555557]]},"properties":{"style":"solid","thickness":1}},{"type":"Feature","geometry":{"type":"LineString","coordinates":[[-80.29361372222222,25.798669305555556],[-80.29361372222222,25.796908472222224]]},"properties":{"style":"solid","thickness":1}},{"type":"Feature","geometry":{"type":"LineString","coordinates":[[-80.29320849999999,25.798669305555556],[-80.29320849999999,25.796908472222224]]},"properties":{"style":"solid","thickness":1}},{"type":"Feature","geometry":{"type":"LineString","coordinates":[[-80.29280324999999,25.798500222222223],[-80.29280324999999,25.797077555555557]]},"properties":{"style":"solid","thickness":1}},{"type":"Feature","geometry":{"type":"LineString","coordinates":[[-80.2923575,25.797788888888892],[-80.29237444444445,25.797959194444445],[-80.29242469444445,25.798124027777778],[-80.29250663888888,25.798278083333336],[-80.29261766666666,25.79841641666667],[-80.29275419444444,25.798534583333335],[-80.29291183333333,25.79862877777778],[-80.29308552777778,25.798695972222223],[-80.29326966666666,25.79873402777778],[-80.2934583888889,25.798741694444445],[-80.29364555555556,25.798718750000003],[-80.29382519444444,25.798665916666668],[-80.29399152777778,25.79858488888889],[-80.29413922222221,25.79847827777778],[-80.2942635,25.7983495],[-80.2943603611111,25.798202722222225],[-80.29442675,25.798042611111114],[-80.29446047222223,25.79787438888889],[-80.29446047222223,25.79770338888889],[-80.29442675,25.79753513888889],[-80.2943603611111,25.79737505555556],[-80.29426347222223,25.79722827777778],[-80.29413919444444,25.7970995],[-80.29399152777778,25.79699288888889],[-80.29382519444444,25.796911861111113],[-80.29364555555556,25.796859027777778],[-80.2934583888889,25.796836083333336],[-80.29326966666666,25.79684375],[-80.29308552777778,25.796881805555557],[-80.29291183333333,25.796949],[-80.29275419444444,25.797043194444445],[-80.29261766666666,25.79716136111111],[-80.29250663888888,25.797299694444447],[-80.29242469444445,25.797453750000003],[-80.29237444444445,25.797618583333335],[-80.2923575,25.797788888888892]]},"properties":{"style":"solid","thickness":1}},{"type":"Feature","geometry":{"type":"LineString","coordinates":[[-79.90926672222223,25.443820305555555],[-79.909729,25.45008175]]},"properties":{"style":"solid","thickness":1}},{"type":"Feature","geometry":{"type":"LineString","coordinates":[[-79.90735366666667,25.448938666666667],[-79.90718011111112,25.449543527777777],[-79.90661916666667,25.450072888888887],[-79.90581919444445,25.450319666666665],[-79.90522186111112,25.450356],[-79.90439275,25.450208333333332],[-79.90375541666667,25.449702333333335],[-79.9034438888889,25.449176527777777],[-79.90340386111112,25.448634194444445],[-79.90358833333335,25.44817725],[-79.90487677777779,25.44715791666667],[-79.90684897222222,25.445056972222222],[-79.90702977777778,25.44455072222222],[-79.90698611111112,25.443959083333333],[-79.90307650000001,25.444196916666666]]},"properties":{"style":"solid","thickness":1}},{"type":"Feature","geometry":{"type":"LineString","coordinates":[[-79.89930280555556,25.450715944444443],[-79.89875975000001,25.450748944444445],[-79.8978111388889,25.450459944444443],[-79.89686597222223,25.44947738888889],[-79.89655788888889,25.448258],[-79.89647427777778,25.44712402777778],[-79.8966006388889,25.44587825],[-79.89744741666668,25.44478677777778],[-79.89829805555556,25.44448747222222],[-79.89884105555556,25.444454444444446],[-79.89967375,25.444651444444446],[-79.90067322222222,25.445630694444446],[-79.90098133333333,25.446850055555554],[-79.90106497222223,25.44798402777778],[-79.90094230555556,25.44927911111111],[-79.90009552777778,25.45037061111111],[-79.89930280555556,25.450715944444443]]},"properties":{"style":"solid","thickness":1}},{"type":"Feature","geometry":{"type":"LineString","coordinates":[[-79.8925691388889,25.45112511111111],[-79.89202611111112,25.45115811111111],[-79.89107750000001,25.450869055555554],[-79.8901323888889,25.449886444444445],[-79.88982436111112,25.448667055555557],[-79.88974083333333,25.447533083333333],[-79.88986725000001,25.446287305555554],[-79.89071408333334,25.44519588888889],[-79.89156475,25.444896583333332],[-79.89210775000001,25.44486361111111],[-79.89294044444445,25.44506063888889],[-79.89393986111112,25.446039944444443],[-79.89424791666667,25.447259305555555],[-79.89433147222223,25.44839327777778],[-79.89420875,25.44968836111111],[-79.89336188888889,25.450779805555555],[-79.8925691388889,25.45112511111111]]},"properties":{"style":"solid","thickness":1}},{"type":"Feature","geometry":{"type":"LineString","coordinates":[[-79.88583544444445,25.451534],[-79.88529241666667,25.451566944444444],[-79.88434383333335,25.45127786111111],[-79.88339875000001,25.450295194444443],[-79.88309080555555,25.449075805555555],[-79.88300733333332,25.447941833333335],[-79.88313380555554,25.446696055555556],[-79.88398072222223,25.445604666666668],[-79.8848313888889,25.445305416666667],[-79.88537441666668,25.44527247222222],[-79.88620708333335,25.445469527777778],[-79.88720644444444,25.44644886111111],[-79.88751444444445,25.44766827777778],[-79.88759794444445,25.44880225],[-79.8874751388889,25.450097305555555],[-79.88662822222223,25.45118872222222],[-79.88583544444445,25.451534]]},"properties":{"style":"solid","thickness":1}},{"type":"Feature","geometry":{"type":"LineString","coordinates":[[-80.43294566666667,25.70519811111111],[-80.43305655555557,25.705818055555554],[-80.43328783333334,25.706410138888888],[-80.43363208333334,25.706955277777777],[-80.43407827777779,25.707435944444445],[-80.43461202777779,25.70783675],[-80.43521619444445,25.70814475],[-80.43587133333334,25.708350055555556],[-80.43655644444445,25.70844608333333],[-80.43724947222222,25.70842975],[-80.43792813888889,25.708301583333334],[-80.43857061111112,25.708065666666666],[-80.43915627777778,25.70772961111111],[-80.43966630555556,25.70730422222222],[-80.44008427777779,25.706803166666667],[-80.44039677777778,25.706242555555555],[-80.44059375,25.705640388888888],[-80.4406688888889,25.705016027777777],[-80.44061977777778,25.704389555555554],[-80.44044797222223,25.70378111111111],[-80.44015900000001,25.70321022222222],[-80.43976216666667,25.702695249999998],[-80.43927022222222,25.70225275],[-80.438699,25.701896944444442],[-80.43806680555556,25.70163925],[-80.437394,25.70148797222222],[-80.43670219444445,25.701447972222223],[-80.43601361111112,25.701520527777777],[-80.43535041666667,25.701703305555554],[-80.43473386111111,25.701990416666668],[-80.43418383333334,25.702372666666665],[-80.43371794444445,25.70283775],[-80.43335122222223,25.703370694444445],[-80.43309541666667,25.703954444444445],[-80.43295877777778,25.704570166666667],[-80.43294566666667,25.70519811111111]]},"properties":{"style":"solid","thickness":1}},{"type":"Feature","geometry":{"type":"LineString","coordinates":[[-80.43743741666667,25.713046],[-80.43708241666667,25.71150547222222],[-80.43641930555556,25.710050916666667],[-80.43547094444445,25.708732388888887],[-80.43427,25.707595333333334],[-80.43285783333334,25.706678916666664],[-80.43128308333334,25.706014638888888],[-80.42959997222222,25.705625416666667],[-80.42786644444445,25.705524666666665]]},"properties":{"style":"solid","thickness":1}},{"type":"Feature","geometry":{"type":"LineString","coordinates":[[-80.42786644444445,25.705524666666665],[-80.4295668888889,25.705203166666667],[-80.43117244444444,25.7046025],[-80.43262783333334,25.70374338888889],[-80.43388288888889,25.702655416666666],[-80.43489441666667,25.701376027777776],[-80.43562758333334,25.699949361111113],[-80.43605711111111,25.6984245],[-80.43616822222222,25.696854000000002]]},"properties":{"style":"solid","thickness":1}},{"type":"Feature","geometry":{"type":"LineString","coordinates":[[-80.43616822222222,25.696854000000002],[-80.43652316666667,25.69839452777778],[-80.43718619444445,25.699849083333334],[-80.43813452777778,25.701167583333334],[-80.43933544444445,25.70230461111111],[-80.44074761111112,25.703221],[-80.4423223888889,25.70388513888889],[-80.4440055,25.70427422222222],[-80.44573902777778,25.704374805555556]]},"properties":{"style":"solid","thickness":1}},{"type":"Feature","geometry":{"type":"LineString","coordinates":[[-80.44573902777778,25.704374805555556],[-80.4440386388889,25.7046965],[-80.44243313888889,25.705297277777778],[-80.44097780555556,25.7061565],[-80.43972277777779,25.707244527777778],[-80.43871125,25.708523944444444],[-80.43797808333333,25.709950638888888],[-80.43754852777778,25.7114755],[-80.43743741666667,25.713046]]},"properties":{"style":"solid","thickness":1}},{"type":"Feature","geometry":{"type":"LineString","coordinates":[[-80.272659,25.712805],[-80.27276905555556,25.713425083333334],[-80.27299955555556,25.714017388888887],[-80.2733431111111,25.714562916666665],[-80.27378866666666,25.715044083333332],[-80.27432191666666,25.715445444444445],[-80.27492569444445,25.71575411111111],[-80.27558063888888,25.71596013888889],[-80.27626566666666,25.716056916666666],[-80.27695875,25.71604136111111],[-80.2776376111111,25.715913916666665],[-80.27828047222222,25.715678694444442],[-80.27886661111111,25.715343305555553],[-80.27937722222222,25.714918472222223],[-80.27979591666667,25.71441786111111],[-80.28010916666666,25.713857583333333],[-80.28030697222222,25.71325563888889],[-80.28038294444444,25.712631388888887],[-80.28033463888889,25.71200486111111],[-80.2801636388889,25.711396194444443],[-80.27987541666667,25.710825],[-80.27947925,25.71030961111111],[-80.27898788888889,25.709866555555553],[-80.27841708333334,25.709510138888888],[-80.27778519444445,25.70925175],[-80.27711255555556,25.70909975],[-80.27642075,25.70905897222222],[-80.27573202777778,25.709130777777776],[-80.27506852777778,25.709312805555555],[-80.27445158333333,25.709599277777777],[-80.273901,25.709980916666666],[-80.27343447222222,25.710445472222222],[-80.273067,25.710978027777777],[-80.27281038888889,25.7115615],[-80.27267291666666,25.712177055555554],[-80.272659,25.712805]]},"properties":{"style":"solid","thickness":1}},{"type":"Feature","geometry":{"type":"LineString","coordinates":[[-80.27714055555555,25.720657805555554],[-80.27678758333333,25.719116888888887],[-80.27612636111111,25.717661611111108],[-80.27517972222222,25.716342055555554],[-80.27398019444445,25.715203694444444],[-80.27256916666667,25.714285694444445],[-80.27099519444444,25.713619694444443],[-80.2693125,25.71322863888889],[-80.267579,25.713125972222223]]},"properties":{"style":"solid","thickness":1}},{"type":"Feature","geometry":{"type":"LineString","coordinates":[[-80.267579,25.713125972222223],[-80.26927997222222,25.712806333333333],[-80.27088644444444,25.712207444444445],[-80.27234305555555,25.711349916666666],[-80.27359966666667,25.710263333333334],[-80.27461297222222,25.708985055555555],[-80.27534805555555,25.707559194444443],[-80.27577963888889,25.706034805555554],[-80.2758928611111,25.704464416666667]]},"properties":{"style":"solid","thickness":1}},{"type":"Feature","geometry":{"type":"LineString","coordinates":[[-80.2758928611111,25.704464416666667],[-80.27624577777777,25.706005333333334],[-80.27690691666666,25.70746061111111],[-80.27785352777778,25.708780166666667],[-80.27905302777778,25.7099185],[-80.28046405555556,25.710836416666666],[-80.28203805555556,25.711502305555555],[-80.28372075,25.711893222222223],[-80.28545425,25.711995694444443]]},"properties":{"style":"solid","thickness":1}},{"type":"Feature","geometry":{"type":"LineString","coordinates":[[-80.28545425,25.711995694444443],[-80.28375333333334,25.712315527777776],[-80.28214691666666,25.712914555555553],[-80.28069036111111,25.713772166666665],[-80.27943377777778,25.714858833333334],[-80.27842047222222,25.71613713888889],[-80.27768536111111,25.717563027777775],[-80.27725377777777,25.719087416666664],[-80.27714055555555,25.720657805555554]]},"properties":{"style":"solid","thickness":1}},{"type":"Feature","geometry":{"type":"LineString","coordinates":[[-80.21140969444444,25.686792277777776],[-80.21151941666668,25.687412388888887],[-80.21174958333333,25.688004805555554],[-80.21209277777778,25.68855047222222],[-80.21253800000001,25.689031833333335],[-80.21307091666667,25.689433444444443],[-80.21367441666666,25.68974236111111],[-80.21432911111111,25.689948666666666],[-80.21501394444445,25.690045722222223],[-80.21570688888889,25.690030444444446],[-80.21638566666667,25.689903277777777],[-80.2170285,25.689668333333334],[-80.21761469444445,25.689333194444444],[-80.21812541666667,25.688908555555557],[-80.21854425000001,25.68840813888889],[-80.21885772222222,25.687848],[-80.21905580555556,25.68724611111111],[-80.21913208333334,25.68662188888889],[-80.21908411111112,25.685995333333334],[-80.21891344444445,25.685386611111113],[-80.21862558333333,25.684815305555556],[-80.21822977777778,25.68429972222222],[-80.21773872222222,25.68385647222222],[-80.21716822222223,25.683499805555556],[-80.21653661111111,25.68324116666667],[-80.21586419444445,25.683088861111113],[-80.21517255555555,25.683047805555557],[-80.21448394444445,25.683119333333334],[-80.2138205,25.683301083333333],[-80.21320352777778,25.68358727777778],[-80.21265286111111,25.683968694444445],[-80.21218622222223,25.684433055555555],[-80.21181855555555,25.684965472222224],[-80.21156172222223,25.685548833333332],[-80.21142394444445,25.686164333333334],[-80.21140969444444,25.686792277777776]]},"properties":{"style":"solid","thickness":1}},{"type":"Feature","geometry":{"type":"LineString","coordinates":[[-80.21588627777778,25.694646972222223],[-80.21553416666667,25.693105916666667],[-80.21487386111112,25.691650361111112],[-80.21392808333334,25.69033038888889],[-80.21272941666668,25.689191527777776],[-80.2113191388889,25.688272944444446],[-80.20974586111112,25.68760627777778],[-80.20806372222222,25.68721452777778],[-80.20633066666667,25.687111138888888]]},"properties":{"style":"solid","thickness":1}},{"type":"Feature","geometry":{"type":"LineString","coordinates":[[-80.20633066666667,25.687111138888888],[-80.20803141666667,25.686792194444443],[-80.20963786111112,25.686193972222224],[-80.21109458333333,25.685337055555557],[-80.21235147222222,25.684250972222223],[-80.21336519444445,25.68297313888889],[-80.21410086111112,25.681547555555557],[-80.2145331388889,25.68002336111111],[-80.21464713888889,25.678453]]},"properties":{"style":"solid","thickness":1}},{"type":"Feature","geometry":{"type":"LineString","coordinates":[[-80.21464713888889,25.678453],[-80.21499919444445,25.679994083333334],[-80.21565944444444,25.68144963888889],[-80.21660516666667,25.682769583333336],[-80.21780380555556,25.683908444444445],[-80.21921408333334,25.684826944444445],[-80.2207873888889,25.6854935],[-80.22246952777778,25.685885111111112],[-80.22420258333334,25.685988333333334]]},"properties":{"style":"solid","thickness":1}},{"type":"Feature","geometry":{"type":"LineString","coordinates":[[-80.22420258333334,25.685988333333334],[-80.22250188888889,25.686307444444445],[-80.22089552777778,25.686905805555554],[-80.21943883333334,25.687762805555554],[-80.21818197222223,25.68884897222222],[-80.21716825,25.690126833333334],[-80.21643255555556,25.691552416666667],[-80.21600027777778,25.69307663888889],[-80.21588627777778,25.694646972222223]]},"properties":{"style":"solid","thickness":1}},{"type":"Feature","geometry":{"type":"LineString","coordinates":[[-80.13530780555556,25.654420805555553],[-80.13541711111112,25.655040999999997],[-80.13564683333334,25.655633555555553],[-80.13598958333334,25.656179388888887],[-80.1364343888889,25.656661],[-80.13696691666668,25.65706286111111],[-80.13757005555556,25.657372083333332],[-80.13822444444445,25.65757875],[-80.13890900000001,25.657676166666665],[-80.13960177777778,25.65766125],[-80.14028047222223,25.657534444444444],[-80.14092327777779,25.657299833333333],[-80.14150952777779,25.65696497222222],[-80.14202036111112,25.656540611111108],[-80.14243941666668,25.656040388888886],[-80.14275316666668,25.655480416666666],[-80.14295155555556,25.65487863888889],[-80.14302819444445,25.654254444444444],[-80.1429806388889,25.653627861111108],[-80.14281041666668,25.653019055555554],[-80.14252300000001,25.65244758333333],[-80.14212761111112,25.651931805555556],[-80.14163697222223,25.651488305555553],[-80.14106686111111,25.651131333333332],[-80.14043558333334,25.65087236111111],[-80.13976344444445,25.65071972222222],[-80.13907202777779,25.650678305555555],[-80.13838355555556,25.650749444444443],[-80.13772016666667,25.650930888888887],[-80.13710319444445,25.65121675],[-80.13655244444445,25.651597888888887],[-80.13608561111111,25.652061999999997],[-80.13571769444445,25.65259425],[-80.13546058333334,25.65317744444444],[-80.13532247222223,25.653792916666664],[-80.13530780555556,25.654420805555553]]},"properties":{"style":"solid","thickness":1}},{"type":"Feature","geometry":{"type":"LineString","coordinates":[[-80.13977822222223,25.662277888888887],[-80.13942719444445,25.66073663888889],[-80.13876797222223,25.65928072222222],[-80.13782327777778,25.657960277777775],[-80.1366256388889,25.656820777777778],[-80.13521633333335,25.655901444444442],[-80.1336438888889,25.65523397222222],[-80.13196247222221,25.654841333333334],[-80.13022994444444,25.654737055555554]]},"properties":{"style":"solid","thickness":1}},{"type":"Feature","geometry":{"type":"LineString","coordinates":[[-80.13022994444444,25.654737055555554],[-80.13193044444444,25.654418999999997],[-80.13353680555556,25.65382161111111],[-80.13499369444445,25.652965444444444],[-80.13625094444446,25.651880027777775],[-80.13726519444445,25.650602694444444],[-80.13800155555556,25.6491775],[-80.13843466666667,25.6476535],[-80.13854963888889,25.64608322222222]]},"properties":{"style":"solid","thickness":1}},{"type":"Feature","geometry":{"type":"LineString","coordinates":[[-80.13854963888889,25.64608322222222],[-80.13890061111111,25.647624472222223],[-80.13955977777779,25.649080388888887],[-80.14050441666667,25.650400833333332],[-80.14170202777778,25.651540305555553],[-80.14311133333334,25.652459555555556],[-80.14468377777779,25.653126916666665],[-80.14636522222223,25.653519416666665],[-80.14809775,25.6536235]]},"properties":{"style":"solid","thickness":1}},{"type":"Feature","geometry":{"type":"LineString","coordinates":[[-80.14809775,25.6536235],[-80.14639730555557,25.653941749999998],[-80.14479100000001,25.654539277777776],[-80.14333416666668,25.655395555555554],[-80.14207694444445,25.656481027777776],[-80.14106269444446,25.657758388888887],[-80.14032630555556,25.65918361111111],[-80.13989316666667,25.66070761111111],[-80.13977822222223,25.662277888888887]]},"properties":{"style":"solid","thickness":1}},{"type":"Feature","geometry":{"type":"LineString","coordinates":[[-80.02699038888889,25.585312416666664],[-80.02709905555555,25.585932694444445],[-80.0273281111111,25.586525416666664],[-80.02767019444444,25.5870715],[-80.02811427777777,25.587553444444442],[-80.02864613888889,25.587955694444442],[-80.02924866666666,25.58826538888889],[-80.02990247222222,25.58847252777778],[-80.03058658333333,25.588570444444443],[-80.03127894444444,25.588556027777777],[-80.03195736111111,25.58842972222222],[-80.0326,25.58819558333333],[-80.03318622222223,25.587861166666666],[-80.03369716666667,25.587437194444444],[-80.03411641666666,25.586937277777775],[-80.03443047222223,25.586377527777778],[-80.03462930555555,25.585775888888886],[-80.03470647222223,25.585151749999998],[-80.0346595,25.58452513888889],[-80.03448991666666,25.583916194444445],[-80.03420316666667,25.5833445],[-80.03380847222222,25.582828416666665],[-80.03331852777778,25.582384555555556],[-80.03274905555556,25.582027166666666],[-80.03211836111112,25.58176772222222],[-80.03144675,25.581614583333334],[-80.03075577777777,25.581572666666666],[-80.0300676388889,25.581643305555556],[-80.02940447222223,25.58182425],[-80.02878758333333,25.582109638888888],[-80.02823680555555,25.58249038888889],[-80.02776983333334,25.582954166666667],[-80.02740166666666,25.583486138888887],[-80.02714416666666,25.584069166666666],[-80.02700558333333,25.584684499999998],[-80.02699038888889,25.585312416666664]]},"properties":{"style":"solid","thickness":1}},{"type":"Feature","geometry":{"type":"LineString","coordinates":[[-80.03145116666667,25.59317283333333],[-80.03110169444444,25.591631333333332],[-80.03044416666667,25.590174916666665],[-80.02950119444445,25.58885375],[-80.02830530555555,25.58771336111111],[-80.02689763888888,25.586793],[-80.02532669444444,25.58612436111111],[-80.02364658333333,25.58573047222222],[-80.02191513888889,25.585624916666667]]},"properties":{"style":"solid","thickness":1}},{"type":"Feature","geometry":{"type":"LineString","coordinates":[[-80.02191513888889,25.585624916666667],[-80.02361497222222,25.58530811111111],[-80.02522094444444,25.584711888888886],[-80.02667775,25.583856805555556],[-80.02793522222223,25.582772305555554],[-80.02895005555555,25.581495722222222],[-80.02968727777778,25.580071055555557],[-80.03012149999999,25.57854736111111],[-80.03023780555556,25.57697713888889]]},"properties":{"style":"solid","thickness":1}},{"type":"Feature","geometry":{"type":"LineString","coordinates":[[-80.03023780555556,25.57697713888889],[-80.03058722222222,25.578518666666668],[-80.03124469444444,25.579975083333334],[-80.03218761111111,25.58129622222222],[-80.03338347222223,25.582436583333333],[-80.03479113888889,25.583356888888886],[-80.0363621111111,25.584025416666666],[-80.03804222222222,25.584419166666667],[-80.03977366666666,25.584524555555554]]},"properties":{"style":"solid","thickness":1}},{"type":"Feature","geometry":{"type":"LineString","coordinates":[[-80.03977366666666,25.584524555555554],[-80.03807388888889,25.584841527777776],[-80.03646797222223,25.585437888888887],[-80.03501122222222,25.58629308333333],[-80.03375377777778,25.58737763888889],[-80.03273894444445,25.588654249999998],[-80.03200169444445,25.590078944444443],[-80.03156744444445,25.591602638888887],[-80.03145116666667,25.59317283333333]]},"properties":{"style":"solid","thickness":1}},{"type":"Feature","geometry":{"type":"LineString","coordinates":[[-79.86531838888888,25.481869305555556],[-79.86542613888888,25.482489694444443],[-79.86565422222222,25.483082666666665],[-79.86599527777777,25.48362913888889],[-79.86643833333332,25.484111583333334],[-79.86696922222221,25.484514416666666],[-79.86757080555554,25.484824777777778],[-79.86822377777777,25.485032611111112],[-79.86890713888889,25.485131305555555],[-79.86959894444443,25.48511763888889],[-79.87027694444444,25.484992083333335],[-79.87091933333333,25.484758666666668],[-79.87150547222221,25.484424861111112],[-79.87201655555555,25.484001444444445],[-79.87243608333333,25.483502],[-79.87275063888889,25.482942583333333],[-79.87295008333332,25.482341166666664],[-79.87302802777778,25.481717083333333],[-79.87298194444443,25.481090416666664],[-79.87281330555555,25.480481305555553],[-79.87252758333332,25.479909277777775],[-79.87213391666666,25.479392777777775],[-79.87164497222221,25.478948361111108],[-79.87107647222221,25.478590333333333],[-79.87044666666667,25.478330194444442],[-79.86977583333332,25.47817633333333],[-79.86908552777777,25.478133638888888],[-79.86839788888888,25.478203527777776],[-79.86773505555554,25.47838375],[-79.86711833333332,25.47866847222222],[-79.86656749999999,25.47904861111111],[-79.86610033333332,25.479511888888887],[-79.86573177777777,25.480043444444444],[-79.86547369444443,25.480626194444444],[-79.86533441666666,25.481241416666666],[-79.86531838888888,25.481869305555556]]},"properties":{"style":"solid","thickness":1}},{"type":"Feature","geometry":{"type":"LineString","coordinates":[[-79.86976483333332,25.489734694444444],[-79.86941775,25.48819277777778],[-79.86876272222221,25.48673561111111],[-79.86782233333332,25.485413416666667],[-79.86662897222222,25.484271694444445],[-79.86522375,25.48334977777778],[-79.86365505555555,25.482679416666667],[-79.86197691666666,25.482283694444444],[-79.86024713888888,25.482176222222222]]},"properties":{"style":"solid","thickness":1}},{"type":"Feature","geometry":{"type":"LineString","coordinates":[[-79.86024713888888,25.482176222222222],[-79.86194591666666,25.481861305555555],[-79.86355127777777,25.481266833333333],[-79.86500797222222,25.48041333333333],[-79.86626583333333,25.479330194444444],[-79.86728147222222,25.478054722222222],[-79.86801994444444,25.476630861111108],[-79.86845583333333,25.475107638888886],[-79.86857413888889,25.473537527777776]]},"properties":{"style":"solid","thickness":1}},{"type":"Feature","geometry":{"type":"LineString","coordinates":[[-79.86857413888889,25.473537527777776],[-79.86892116666667,25.475079444444443],[-79.86957613888889,25.476536611111108],[-79.87051647222222,25.477858777777776],[-79.87170980555555,25.47900047222222],[-79.87311502777777,25.47992233333333],[-79.87468372222222,25.480592583333333],[-79.87636188888888,25.480988166666666],[-79.87809166666666,25.481095444444442]]},"properties":{"style":"solid","thickness":1}},{"type":"Feature","geometry":{"type":"LineString","coordinates":[[-79.87809166666666,25.481095444444442],[-79.87639297222222,25.481410583333332],[-79.87478763888888,25.482005166666664],[-79.873331,25.482858777777775],[-79.87207316666667,25.483941972222222],[-79.87105752777777,25.485217472222224],[-79.87031902777777,25.48664136111111],[-79.86988311111111,25.488164583333333],[-79.86976483333332,25.489734694444444]]},"properties":{"style":"solid","thickness":1}},{"type":"Feature","geometry":{"type":"LineString","coordinates":[[-79.76867283333333,25.424664],[-79.76878002777778,25.425284472222224],[-79.76900752777777,25.425877583333335],[-79.76934797222222,25.426424305555557],[-79.76979047222223,25.426907],[-79.77032075,25.427310222222225],[-79.77092180555556,25.427620944444445],[-79.77157430555556,25.427829222222222],[-79.77225725,25.427928361111114],[-79.77294875,25.42791516666667],[-79.77362652777778,25.427790027777778],[-79.77426877777778,25.42755702777778],[-79.77485491666667,25.427223611111113],[-79.77536608333334,25.42680052777778],[-79.77578583333333,25.42630136111111],[-79.77610066666666,25.42574213888889],[-79.7763005,25.425140861111114],[-79.77637888888889,25.424516833333335],[-79.77633330555555,25.42389013888889],[-79.77616525,25.42328088888889],[-79.7758801111111,25.422708694444445],[-79.77548705555556,25.422191944444446],[-79.77499869444445,25.421747194444446],[-79.77443075,25.421388805555555],[-79.77380147222222,25.421128250000002],[-79.77313108333333,25.420973944444444],[-79.7724411111111,25.420930805555557],[-79.77175377777777,25.421000250000002],[-79.7710911111111,25.42118002777778],[-79.77047444444445,25.421464361111113],[-79.76992358333334,25.421844111111113],[-79.76945625,25.422307111111113],[-79.76908747222222,25.422838416666668],[-79.76882905555556,25.423421],[-79.76868936111111,25.42403611111111],[-79.76867283333333,25.424664]]},"properties":{"style":"solid","thickness":1}},{"type":"Feature","geometry":{"type":"LineString","coordinates":[[-79.7731108888889,25.432532305555558],[-79.77276519444445,25.430990166666668],[-79.77211163888889,25.429532583333334],[-79.77117275,25.42820977777778],[-79.76998086111111,25.42706727777778],[-79.76857705555555,25.426144416666666],[-79.76700966666667,25.42547302777778],[-79.76533263888889,25.425076194444447],[-79.76360375,25.42496761111111]]},"properties":{"style":"solid","thickness":1}},{"type":"Feature","geometry":{"type":"LineString","coordinates":[[-79.76360375,25.42496761111111],[-79.76530197222222,25.424653777777777],[-79.76690705555555,25.42406038888889],[-79.76836372222222,25.423207833333336],[-79.76962183333333,25.4221255],[-79.770638,25.420850694444447],[-79.77137725,25.41942730555556],[-79.77181413888889,25.41790438888889],[-79.77193363888888,25.416334361111108]]},"properties":{"style":"solid","thickness":1}},{"type":"Feature","geometry":{"type":"LineString","coordinates":[[-79.77193363888888,25.416334361111108],[-79.77227927777777,25.417876500000002],[-79.77293277777778,25.419334083333336],[-79.7738716111111,25.42065688888889],[-79.77506347222221,25.421799361111113],[-79.77646727777778,25.42272213888889],[-79.77803469444444,25.423393416666666],[-79.77971172222222,25.423790111111114],[-79.78144061111111,25.42389852777778]]},"properties":{"style":"solid","thickness":1}},{"type":"Feature","geometry":{"type":"LineString","coordinates":[[-79.78144061111111,25.42389852777778],[-79.77974247222222,25.42421252777778],[-79.77813744444444,25.424806083333333],[-79.77668080555556,25.425658722222224],[-79.77542272222222,25.426741111111113],[-79.77440655555556,25.428015944444446],[-79.77366727777778,25.429439333333335],[-79.7732303611111,25.43096227777778],[-79.7731108888889,25.432532305555558]]},"properties":{"style":"solid","thickness":1}},{"type":"Feature","geometry":{"type":"LineString","coordinates":[[-79.72039333333333,25.38883497222222],[-79.72050027777777,25.38945547222222],[-79.72072744444445,25.390048666666665],[-79.72106758333334,25.390595472222223],[-79.72150975,25.391078333333333],[-79.72203972222222,25.39148172222222],[-79.72264047222222,25.391792638888887],[-79.72329269444445,25.392001138888887],[-79.72397541666668,25.392100499999998],[-79.72466669444445,25.39208752777778],[-79.72534430555555,25.39196261111111],[-79.72598647222222,25.391729833333333],[-79.72657255555556,25.391396611111112],[-79.72708372222222,25.390973694444444],[-79.72750355555556,25.39047463888889],[-79.72781852777779,25.389915527777777],[-79.72801852777778,25.38931433333333],[-79.72809713888888,25.388690333333333],[-79.72805183333334,25.38806361111111],[-79.72788408333334,25.387454305555554],[-79.72759925,25.386882027777776],[-79.72720650000001,25.38636511111111],[-79.72671847222223,25.38592022222222],[-79.72615083333334,25.385561638888888],[-79.72552183333333,25.38530088888889],[-79.72485172222223,25.38514636111111],[-79.72416197222222,25.385103],[-79.72347480555555,25.38517222222222],[-79.72281227777778,25.385351777777778],[-79.72219566666666,25.385635916666665],[-79.72164483333333,25.3860155],[-79.72117747222222,25.386478305555556],[-79.72080855555556,25.387009527777778],[-79.72055,25.387591999999998],[-79.72041008333333,25.388207083333334],[-79.72039333333333,25.38883497222222]]},"properties":{"style":"solid","thickness":1}},{"type":"Feature","geometry":{"type":"LineString","coordinates":[[-79.72482694444444,25.39670472222222],[-79.72448197222222,25.39516247222222],[-79.72382916666668,25.393704666666665],[-79.72289111111111,25.392381555555556],[-79.72170002777779,25.391238666666666],[-79.720297,25.39031536111111],[-79.71873033333334,25.38964347222222],[-79.71705397222222,25.389246083333333],[-79.71532566666667,25.389136916666665]]},"properties":{"style":"solid","thickness":1}},{"type":"Feature","geometry":{"type":"LineString","coordinates":[[-79.71532566666667,25.389136916666665],[-79.71702347222222,25.388823638888887],[-79.71862833333334,25.38823077777778],[-79.72008488888889,25.387378694444443],[-79.72134305555555,25.386296777777776],[-79.72235941666666,25.385022305555555],[-79.72309902777778,25.383599166666666],[-79.72353638888889,25.38207636111111],[-79.72365647222223,25.380506361111113]]},"properties":{"style":"solid","thickness":1}},{"type":"Feature","geometry":{"type":"LineString","coordinates":[[-79.72365647222223,25.380506361111113],[-79.7240013888889,25.38204863888889],[-79.72465411111111,25.383506416666666],[-79.72559213888889,25.384829555555555],[-79.72678319444445,25.385972416666664],[-79.72818622222222,25.386895638888888],[-79.72975291666667,25.387567444444443],[-79.73142927777778,25.387964666666665],[-79.73315761111111,25.388073666666667]]},"properties":{"style":"solid","thickness":1}},{"type":"Feature","geometry":{"type":"LineString","coordinates":[[-79.73315761111111,25.388073666666667],[-79.73145983333333,25.38838711111111],[-79.72985505555556,25.38898013888889],[-79.72839852777778,25.389832305555554],[-79.72714038888888,25.390914277777778],[-79.72612402777779,25.39218877777778],[-79.72538438888888,25.393611944444444],[-79.72494702777777,25.39513475],[-79.72482694444444,25.39670472222222]]},"properties":{"style":"solid","thickness":1}},{"type":"Feature","geometry":{"type":"LineString","coordinates":[[-79.52311338888889,25.096827138888887],[-79.52321905555556,25.097447777777777],[-79.52344475,25.098041277777778],[-79.52378319444445,25.098588555555555],[-79.52422352777778,25.099072],[-79.52475158333333,25.099476083333332],[-79.52535036111111,25.099787805555554],[-79.52600069444445,25.099997138888888],[-79.52668158333333,25.100097416666667],[-79.52737122222221,25.100085333333336],[-79.52804741666667,25.099961333333333],[-79.52868838888888,25.09972938888889],[-79.52927361111111,25.099396916666667],[-79.52978422222222,25.098974666666667],[-79.53020380555556,25.098476194444444],[-79.53051891666667,25.09791747222222],[-79.53071938888888,25.097316527777778],[-79.53079880555555,25.09669261111111],[-79.5307546111111,25.09606583333333],[-79.53058822222222,25.095456305555555],[-79.53030497222223,25.094883638888888],[-79.529914,25.09436622222222],[-79.52942786111112,25.093920694444442],[-79.52886216666667,25.09356136111111],[-79.52823511111112,25.093299777777776],[-79.52756686111111,25.09314436111111],[-79.52687886111111,25.093100083333333],[-79.52619322222222,25.093168388888888],[-79.525532,25.09334708333333],[-79.52491644444444,25.093630416666667],[-79.52436633333333,25.094009277777776],[-79.5238993611111,25.09447147222222],[-79.52353049999999,25.095002194444444],[-79.52327163888889,25.09558436111111],[-79.52313108333333,25.096199249999998],[-79.52311338888889,25.096827138888887]]},"properties":{"style":"solid","thickness":1}},{"type":"Feature","geometry":{"type":"LineString","coordinates":[[-79.52752375,25.104702805555558],[-79.52718205555556,25.103160083333336],[-79.52653316666667,25.101701416666668],[-79.52559947222223,25.10037702777778],[-79.52441308333333,25.099232555555556],[-79.52301491666667,25.098307416666664],[-79.52145311111111,25.097633444444444],[-79.51978144444445,25.09723386111111],[-79.51805747222222,25.097122416666664]]},"properties":{"style":"solid","thickness":1}},{"type":"Feature","geometry":{"type":"LineString","coordinates":[[-79.51805747222222,25.097122416666664],[-79.51975169444444,25.09681136111111],[-79.52135358333334,25.09622061111111],[-79.522808,25.095370444444445],[-79.52406483333333,25.094290166666667],[-79.52508077777777,25.093017],[-79.52582086111111,25.091594833333332],[-79.52625958333333,25.09007258333333],[-79.5263818611111,25.08850275]]},"properties":{"style":"solid","thickness":1}},{"type":"Feature","geometry":{"type":"LineString","coordinates":[[-79.5263818611111,25.08850275],[-79.52672352777778,25.090045472222222],[-79.52737233333333,25.091504138888887],[-79.528306,25.0928285],[-79.52949236111111,25.09397294444444],[-79.53089052777777,25.094898027777777],[-79.53245236111111,25.095571916666664],[-79.53412405555555,25.09597136111111],[-79.53584802777777,25.09608261111111]]},"properties":{"style":"solid","thickness":1}},{"type":"Feature","geometry":{"type":"LineString","coordinates":[[-79.53584802777777,25.09608261111111],[-79.53415386111111,25.096393833333334],[-79.532552,25.096984749999997],[-79.5310976388889,25.097835],[-79.52984083333334,25.09891533333333],[-79.52882488888889,25.100188527777778],[-79.52808477777778,25.101610722222222],[-79.52764602777778,25.103132972222223],[-79.52752375,25.104702805555558]]},"properties":{"style":"solid","thickness":1}},{"type":"Feature","geometry":{"type":"LineString","coordinates":[[-79.40493769444446,25.201173999999998],[-79.40504286111111,25.20179472222222],[-79.40526816666667,25.202388388888888],[-79.40560636111111,25.202935916666664],[-79.40604658333334,25.203419722222222],[-79.40657466666667,25.20382422222222],[-79.40717366666668,25.204136416666667],[-79.40782433333334,25.204346305555553],[-79.40850572222223,25.20444711111111],[-79.40919594444445,25.204435611111112],[-79.40987280555557,25.204312166666664],[-79.41051458333334,25.204080722222223],[-79.41110058333334,25.20374875],[-79.41161205555557,25.203326916666665],[-79.41203250000001,25.20282877777778],[-79.41234841666667,25.20227036111111],[-79.41254963888889,25.20166958333333],[-79.41262975000001,25.20104575],[-79.41258611111111,25.200418944444444],[-79.41242019444445,25.199809305555554],[-79.41213727777779,25.19923641666667],[-79.41174647222223,25.198718666666668],[-79.41126036111112,25.19827275],[-79.41069455555557,25.197912972222223],[-79.41006722222222,25.19765088888889],[-79.40939855555555,25.197494916666667],[-79.40871,25.197450083333333],[-79.40802372222223,25.197517833333333],[-79.40736177777778,25.197696],[-79.40674544444445,25.197978805555557],[-79.40619450000001,25.19835722222222],[-79.40572666666667,25.198819055555557],[-79.40535697222222,25.199349444444444],[-79.40509730555556,25.19993138888889],[-79.40495605555556,25.200546166666665],[-79.40493769444446,25.201173999999998]]},"properties":{"style":"solid","thickness":1}},{"type":"Feature","geometry":{"type":"LineString","coordinates":[[-79.40934405555556,25.20905311111111],[-79.40900358333334,25.20751013888889],[-79.40835558333333,25.206050972222222],[-79.40742238888889,25.20472586111111],[-79.4062361388889,25.203580444444444],[-79.40483769444445,25.202654166666665],[-79.40327522222223,25.201978944444445],[-79.40160255555556,25.201577999999998],[-79.39987722222223,25.201465166666665]]},"properties":{"style":"solid","thickness":1}},{"type":"Feature","geometry":{"type":"LineString","coordinates":[[-79.39987722222223,25.201465166666665],[-79.40157316666667,25.2011555],[-79.40317702777779,25.200566055555555],[-79.4046335,25.199717083333333],[-79.40589244444445,25.198637861111113],[-79.40691050000001,25.197365555555557],[-79.40765261111112,25.195944],[-79.40809319444445,25.194422166666666],[-79.40821711111111,25.192852444444444]]},"properties":{"style":"solid","thickness":1}},{"type":"Feature","geometry":{"type":"LineString","coordinates":[[-79.40821711111111,25.192852444444444],[-79.40855755555556,25.194395416666666],[-79.40920547222223,25.195854583333332],[-79.4101386388889,25.197179694444443],[-79.41132486111111,25.198325055555557],[-79.41272330555556,25.19925127777778],[-79.41428577777778,25.199926416666667],[-79.4159585,25.200327194444444],[-79.41768380555555,25.20043986111111]]},"properties":{"style":"solid","thickness":1}},{"type":"Feature","geometry":{"type":"LineString","coordinates":[[-79.41768380555555,25.20043986111111],[-79.41598791666667,25.200749694444443],[-79.41438413888889,25.201339305555553],[-79.41292769444445,25.202188361111112],[-79.41166877777778,25.20326763888889],[-79.41065072222223,25.20453997222222],[-79.40990861111112,25.205961527777777],[-79.40946797222223,25.20748338888889],[-79.40934405555556,25.20905311111111]]},"properties":{"style":"solid","thickness":1}},{"type":"Feature","geometry":{"type":"LineString","coordinates":[[-79.11143730555555,25.025444194444443],[-79.11154083333332,25.02606511111111],[-79.11176438888889,25.02665922222222],[-79.11210077777777,25.027207388888886],[-79.11253919444444,25.027692055555555],[-79.11306555555555,25.02809758333333],[-79.11366291666666,25.028410944444442],[-79.1143121111111,25.028622111111112],[-79.11499225,25.02872425],[-79.1156815,25.02871411111111],[-79.11635763888889,25.028592],[-79.11699902777777,25.02836183333333],[-79.11758497222222,25.028031027777775],[-79.11809666666666,25.027610222222222],[-79.11851766666666,25.027112916666667],[-79.11883444444443,25.026555138888888],[-79.11903680555555,25.02595475],[-79.11911827777777,25.02533111111111],[-79.11907619444443,25.024704222222223],[-79.11891197222222,25.024094277777778],[-79.11863083333333,25.023520833333333],[-79.1182418611111,25.02300236111111],[-79.1177575,25.0225555],[-79.11719338888888,25.02219461111111],[-79.11656761111111,25.021931277777778],[-79.11590030555556,25.021774],[-79.11521288888888,25.021727833333333],[-79.11452747222222,25.021794222222223],[-79.11386605555555,25.021971055555554],[-79.11324994444443,25.022252666666667],[-79.11269891666666,25.022629972222223],[-79.11223069444443,25.02309086111111],[-79.11186027777777,25.023620527777776],[-79.11159963888889,25.024201944444442],[-79.11145711111111,25.024816416666667],[-79.11143730555555,25.025444194444443]]},"properties":{"style":"solid","thickness":1}},{"type":"Feature","geometry":{"type":"LineString","coordinates":[[-79.11581841666666,25.033331777777775],[-79.1154821111111,25.031788166666665],[-79.11483855555555,25.030327777777778],[-79.11390988888888,25.02900086111111],[-79.11272811111111,25.027853138888887],[-79.11133394444444,25.026924138888887],[-79.10977538888888,25.02624583333333],[-79.1081061111111,25.02584161111111],[-79.1063836111111,25.025725388888887]]},"properties":{"style":"solid","thickness":1}},{"type":"Feature","geometry":{"type":"LineString","coordinates":[[-79.1063836111111,25.025725388888887],[-79.10807780555555,25.025419083333333],[-79.10968066666666,25.024832805555555],[-79.111137,25.023986722222222],[-79.11239666666665,25.022910027777776],[-79.11341622222221,25.02163975],[-79.1141606111111,25.020219694444442],[-79.11460416666667,25.01869875],[-79.11473163888888,25.017129333333333]]},"properties":{"style":"solid","thickness":1}},{"type":"Feature","geometry":{"type":"LineString","coordinates":[[-79.11473163888888,25.017129333333333],[-79.11506788888889,25.018672944444443],[-79.11571141666666,25.020133333333334],[-79.11664002777778,25.02146025],[-79.11782177777778,25.022607916666665],[-79.11921594444443,25.02353686111111],[-79.12077452777777,25.024215055555555],[-79.12244380555555,25.024619138888887],[-79.12416630555555,25.024735194444442]]},"properties":{"style":"solid","thickness":1}},{"type":"Feature","geometry":{"type":"LineString","coordinates":[[-79.12416630555555,25.024735194444442],[-79.12247219444444,25.025041666666667],[-79.1208693611111,25.02562811111111],[-79.11941308333333,25.026474277777776],[-79.11815344444443,25.027551027777776],[-79.1171338611111,25.028821333333333],[-79.11638947222221,25.030241416666666],[-79.11594588888889,25.03176236111111],[-79.11581841666666,25.033331777777775]]},"properties":{"style":"solid","thickness":1}},{"type":"Feature","geometry":{"type":"LineString","coordinates":[[-80.0107571111111,25.573145],[-80.01160183333333,25.572053222222223]]},"properties":{"style":"solid","thickness":1}},{"type":"Feature","geometry":{"type":"LineString","coordinates":[[-80.01034633333333,25.573077194444444],[-80.01139183333333,25.57172588888889]]},"properties":{"style":"solid","thickness":1}},{"type":"Feature","geometry":{"type":"LineString","coordinates":[[-80.01003594444444,25.57287963888889],[-80.01108144444444,25.57152836111111]]},"properties":{"style":"solid","thickness":1}},{"type":"Feature","geometry":{"type":"LineString","coordinates":[[-80.00982594444444,25.572552333333334],[-80.01067066666667,25.571460555555554]]},"properties":{"style":"solid","thickness":1}},{"type":"Feature","geometry":{"type":"LineString","coordinates":[[-80.0099068611111,25.57178913888889],[-80.00981872222222,25.571928083333333],[-80.00975933333334,25.572079083333332],[-80.00973063888888,25.57223725],[-80.00973355555556,25.572397555555554],[-80.00976794444445,25.57255477777778],[-80.00983277777777,25.572703916666665],[-80.00992588888889,25.572840166666666],[-80.01004436111111,25.572959166666667],[-80.01018433333333,25.57305702777778],[-80.01034133333333,25.573130666666668],[-80.01051030555556,25.573177694444443],[-80.01068583333333,25.57319661111111],[-80.01086225,25.573186777777778],[-80.01103391666666,25.573148555555555],[-80.01119527777777,25.57308313888889],[-80.01134116666667,25.572992638888888],[-80.01146688888889,25.57287997222222],[-80.01156841666666,25.572748722222222],[-80.01164247222222,25.572603166666667],[-80.01168669444445,25.57244797222222],[-80.01169963888889,25.572288083333333],[-80.01168091666666,25.572128666666668],[-80.01163108333333,25.571974861111112],[-80.01155180555556,25.57183158333333],[-80.01144558333333,25.57170347222222],[-80.01131583333333,25.57159461111111],[-80.01116675,25.5715085],[-80.01100311111111,25.571447916666667],[-80.01083016666666,25.571414833333332],[-80.01065347222222,25.57141025],[-80.01047875,25.57143438888889],[-80.01031155555556,25.571486416666666],[-80.01015733333334,25.571564694444444],[-80.01002097222222,25.571666694444446],[-80.0099068611111,25.57178913888889]]},"properties":{"style":"solid","thickness":1}},{"type":"Feature","geometry":{"type":"LineString","coordinates":[[-80.01387844444444,25.569110583333334],[-80.01472311111111,25.568018777777777]]},"properties":{"style":"solid","thickness":1}},{"type":"Feature","geometry":{"type":"LineString","coordinates":[[-80.01346766666667,25.569042777777778],[-80.01451311111111,25.567691472222222]]},"properties":{"style":"solid","thickness":1}},{"type":"Feature","geometry":{"type":"LineString","coordinates":[[-80.01315727777778,25.56884525],[-80.01420272222222,25.567493916666667]]},"properties":{"style":"solid","thickness":1}},{"type":"Feature","geometry":{"type":"LineString","coordinates":[[-80.01294730555556,25.568517916666668],[-80.01379194444445,25.567426138888887]]},"properties":{"style":"solid","thickness":1}},{"type":"Feature","geometry":{"type":"LineString","coordinates":[[-80.01302819444444,25.567754722222222],[-80.01294005555556,25.567893694444443],[-80.01288069444445,25.568044666666665],[-80.012852,25.56820286111111],[-80.0128548888889,25.568363138888888],[-80.01288930555556,25.56852038888889],[-80.01295411111111,25.56866952777778],[-80.01304725,25.56880577777778],[-80.01316572222223,25.56892475],[-80.01330569444444,25.56902263888889],[-80.01346269444444,25.56909625],[-80.01363166666667,25.569143277777776],[-80.01380716666667,25.569162194444445],[-80.01398358333333,25.56915236111111],[-80.01415522222223,25.56911413888889],[-80.01431658333334,25.569048694444444],[-80.01446247222222,25.568958194444445],[-80.01458819444444,25.56884552777778],[-80.01468972222223,25.568714305555556],[-80.01476377777777,25.56856875],[-80.01480797222223,25.56841352777778],[-80.01482091666666,25.568253638888887],[-80.01480219444444,25.56809425],[-80.0147523611111,25.567940416666666],[-80.01467308333334,25.567797166666665],[-80.0145668611111,25.56766902777778],[-80.0144371111111,25.567560166666667],[-80.01428802777778,25.567474055555554],[-80.01412438888889,25.5674135],[-80.01395144444444,25.56738038888889],[-80.01377477777778,25.567375833333333],[-80.01360005555556,25.567399972222223],[-80.01343288888889,25.567452],[-80.01327863888889,25.567530277777777],[-80.01314227777777,25.56763227777778],[-80.01302819444444,25.567754722222222]]},"properties":{"style":"solid","thickness":1}},{"type":"Feature","geometry":{"type":"LineString","coordinates":[[-80.00763555555555,25.577179333333333],[-80.00848033333334,25.576087583333333]]},"properties":{"style":"solid","thickness":1}},{"type":"Feature","geometry":{"type":"LineString","coordinates":[[-80.00722477777778,25.577111555555554],[-80.00827033333333,25.57576027777778]]},"properties":{"style":"solid","thickness":1}},{"type":"Feature","geometry":{"type":"LineString","coordinates":[[-80.00691436111111,25.576913972222222],[-80.00795994444445,25.575562694444443]]},"properties":{"style":"solid","thickness":1}},{"type":"Feature","geometry":{"type":"LineString","coordinates":[[-80.00670438888889,25.576586666666667],[-80.00754913888889,25.575494916666667]]},"properties":{"style":"solid","thickness":1}},{"type":"Feature","geometry":{"type":"LineString","coordinates":[[-80.00678533333334,25.575823472222222],[-80.00669716666667,25.575962416666666],[-80.00663777777778,25.576113416666665],[-80.00660908333333,25.576271583333334],[-80.00661197222222,25.57643186111111],[-80.00664638888888,25.57658911111111],[-80.00671119444445,25.57673825],[-80.00680433333333,25.5768745],[-80.00692280555556,25.5769935],[-80.00706277777778,25.577091361111112],[-80.00721977777778,25.577165027777777],[-80.00738875,25.577212055555556],[-80.00756427777777,25.577230944444445],[-80.00774072222222,25.577221138888888],[-80.00791236111111,25.577182916666665],[-80.00807375,25.5771175],[-80.00821963888889,25.577027],[-80.00834536111111,25.576914333333335],[-80.00844691666667,25.576783111111112],[-80.00852097222223,25.576637555555557],[-80.00856519444444,25.576482333333335],[-80.0085781388889,25.576322444444443],[-80.00855941666667,25.576163055555554],[-80.00850961111111,25.57600925],[-80.00843030555555,25.57586597222222],[-80.00832408333333,25.57573783333333],[-80.00819433333334,25.575628972222223],[-80.00804525,25.57554286111111],[-80.00788161111112,25.575482277777777],[-80.00770866666667,25.575449166666665],[-80.00753197222222,25.57544461111111],[-80.00735722222223,25.575468722222222],[-80.00719005555555,25.57552077777778],[-80.00703580555556,25.575599027777777],[-80.00689941666667,25.57570102777778],[-80.00678533333334,25.575823472222222]]},"properties":{"style":"solid","thickness":1}}]}
