{"type":"FeatureCollection","features":[{"type":"Feature","geometry":{"type":"LineString","coordinates":[[-80.54198869444444,26.103563166666667],[-80.52317297222223,26.10478213888889]]},"properties":{"style":"solid","thickness":1}},{"type":"Feature","geometry":{"type":"LineString","coordinates":[[-80.40974627777778,26.099765166666664],[-80.39092975000001,26.100967083333334]]},"properties":{"style":"solid","thickness":1}},{"type":"Feature","geometry":{"type":"LineString","coordinates":[[-80.32382208333333,26.105938333333334],[-80.30500369444444,26.10712913888889]]},"properties":{"style":"solid","thickness":1}},{"type":"Feature","geometry":{"type":"LineString","coordinates":[[-80.16276333333334,26.099874805555555],[-80.14394433333334,26.101044833333336]]},"properties":{"style":"solid","thickness":1}},{"type":"Feature","geometry":{"type":"LineString","coordinates":[[-80.0645838611111,26.20055483333333],[-80.04574797222222,26.201712083333334]]},"properties":{"style":"solid","thickness":1}},{"type":"Feature","geometry":{"type":"LineString","coordinates":[[-79.96229075000001,26.09240597222222],[-79.94347111111111,26.093550138888887]]},"properties":{"style":"solid","thickness":1}},{"type":"Feature","geometry":{"type":"LineString","coordinates":[[-79.74994466666666,26.132677166666667],[-79.73111683333333,26.133793861111112]]},"properties":{"style":"solid","thickness":1}},{"type":"Feature","geometry":{"type":"LineString","coordinates":[[-80.39558166666667,26.027264555555554],[-80.39651950000001,26.028784583333334],[-80.39748347222223,26.030346916666666],[-80.39844747222223,26.03190925],[-80.39941150000001,26.033471583333334],[-80.40037555555556,26.03503391666667],[-80.4013396388889,26.036596250000002],[-80.40230375,26.038158555555558],[-80.40326788888889,26.039720861111114],[-80.40423202777778,26.04128316666667],[-80.40519622222223,26.042845444444445],[-80.40616041666667,26.04440775],[-80.40712466666668,26.04597002777778],[-80.40808891666667,26.047532305555556],[-80.40905319444445,26.049094555555556],[-80.41001750000001,26.050656833333335],[-80.41098183333334,26.052219083333334],[-80.41194619444445,26.053781333333333],[-80.41291058333334,26.055343555555556],[-80.413875,26.05690577777778],[-80.41483944444445,26.058468027777778],[-80.41580391666668,26.060030222222224],[-80.4167683888889,26.061592444444447],[-80.41773291666667,26.06315463888889],[-80.41869744444445,26.064716861111112],[-80.419662,26.066279055555555],[-80.42062661111112,26.06784122222222],[-80.42159122222223,26.069403416666667],[-80.42255586111112,26.070965583333333],[-80.42352052777778,26.07252775],[-80.42448522222223,26.07408988888889],[-80.42544994444445,26.075652055555555],[-80.42641469444445,26.077214194444444],[-80.42737944444445,26.078776333333334],[-80.42834425000001,26.080338472222223],[-80.42930908333334,26.081900583333333],[-80.43027391666668,26.083462694444442],[-80.43123880555557,26.085024805555555],[-80.43220369444445,26.086586916666665],[-80.43316861111111,26.088148999999998],[-80.43398744444445,26.08947458333333]]},"properties":{"style":"solid","thickness":1}},{"type":"Feature","geometry":{"type":"LineString","coordinates":[[-80.43251944444445,26.010508833333333],[-80.43283116666667,26.010339777777777],[-80.43306891666667,26.0102105],[-80.43330652777779,26.010080972222223],[-80.433544,26.00995125],[-80.43378133333334,26.009821305555555],[-80.43401852777778,26.00969113888889],[-80.43425555555557,26.00956077777778],[-80.43449244444444,26.009430166666668],[-80.43472919444444,26.00929936111111],[-80.43496580555556,26.00916836111111],[-80.43520225,26.009037111111112],[-80.43543855555556,26.008905666666667],[-80.43567472222223,26.00877402777778],[-80.43591075,26.008642138888888],[-80.43614661111111,26.008510055555554],[-80.43638233333334,26.00837775],[-80.43661791666668,26.00824525],[-80.43685333333333,26.00811252777778],[-80.43708861111112,26.007979583333334],[-80.43732375,26.007846416666666],[-80.43755875000001,26.007713055555556],[-80.43779358333333,26.007579472222222],[-80.43802827777778,26.007445694444446],[-80.43826280555555,26.007311694444443],[-80.43849719444445,26.00717747222222],[-80.43873144444444,26.007043055555556],[-80.43896552777778,26.00690838888889],[-80.43919947222223,26.006773555555554],[-80.43943327777778,26.0066385],[-80.43966691666667,26.00650322222222],[-80.43990041666667,26.006367722222222],[-80.44013375,26.006232027777777],[-80.44036694444445,26.006096111111113],[-80.4406,26.00596],[-80.44083288888889,26.005823666666668],[-80.44106561111111,26.005687138888888],[-80.44129819444444,26.00555038888889],[-80.44153063888889,26.005413416666666],[-80.44176291666668,26.00527625],[-80.44199505555557,26.00513886111111],[-80.44222702777778,26.00500127777778],[-80.44245886111112,26.004863472222222],[-80.44269052777778,26.004725444444443],[-80.44292202777778,26.004587222222224],[-80.44315338888889,26.004448805555555],[-80.44338461111111,26.004310166666667],[-80.44361566666667,26.004171305555555],[-80.44384655555555,26.00403225],[-80.44407730555555,26.00389297222222],[-80.44430791666667,26.0037535],[-80.44453833333334,26.003613805555556],[-80.44476863888889,26.003473916666668],[-80.44499875000001,26.003333805555556],[-80.44522872222223,26.0031935],[-80.44545852777779,26.00305297222222],[-80.44568819444444,26.00291225],[-80.44591769444445,26.00277133333333],[-80.44614705555556,26.002630166666666],[-80.44637622222223,26.002488833333334],[-80.44660527777778,26.002347277777776],[-80.44683413888889,26.0022055],[-80.44706286111112,26.00206352777778],[-80.44729141666667,26.001921361111112],[-80.44751980555556,26.001778972222223],[-80.44774805555556,26.00163638888889],[-80.44797613888889,26.001493583333332],[-80.44820408333334,26.001350583333334],[-80.44843183333333,26.00120736111111],[-80.44865944444444,26.001063944444443],[-80.4488868888889,26.000920305555557],[-80.44911419444445,26.0007765],[-80.44934130555556,26.000632444444445],[-80.44956827777779,26.000488222222224],[-80.44979508333334,26.00034377777778],[-80.45002175,26.00019911111111],[-80.45024822222223,26.00005425],[-80.45047455555556,25.999909194444445],[-80.45070072222222,25.999763916666666],[-80.45092672222222,25.999618444444444],[-80.45115255555555,25.99947277777778],[-80.45137825,25.99932688888889],[-80.45160375,25.999180805555557],[-80.45182911111111,25.999034527777777],[-80.45205430555556,25.998888027777777],[-80.45227933333334,25.998741333333335],[-80.45250419444444,25.998594444444446],[-80.45272891666667,25.998447333333335],[-80.45295344444445,25.99830002777778],[-80.45317783333334,25.99815252777778],[-80.45340205555556,25.998004805555556],[-80.45362608333333,25.99785688888889],[-80.45384997222223,25.997708777777778],[-80.45407369444445,25.997560444444446],[-80.45429725,25.997411944444444],[-80.4545206388889,25.997263194444447],[-80.45474386111111,25.99711427777778],[-80.45496691666666,25.99696513888889],[-80.45518983333334,25.996815805555556],[-80.45541255555555,25.996666277777777],[-80.4556351111111,25.996516555555555],[-80.45585750000001,25.996366611111114],[-80.45607975,25.996216472222223],[-80.45630180555555,25.99606613888889],[-80.45652369444444,25.995915583333336],[-80.45674541666666,25.995764861111113],[-80.45696697222222,25.995613916666667],[-80.4571883888889,25.995462777777778],[-80.45740961111112,25.995311416666667],[-80.45763066666667,25.99515988888889],[-80.45785155555556,25.99500813888889],[-80.45807227777777,25.994856194444445],[-80.45829280555556,25.994704055555555],[-80.45851319444445,25.994551722222223],[-80.45873341666667,25.994399166666668],[-80.45895344444445,25.994246444444446],[-80.45917333333334,25.9940935],[-80.45939302777778,25.99394036111111],[-80.45961255555555,25.993787027777778],[-80.45983191666667,25.9936335],[-80.46005111111111,25.993479750000002],[-80.46027013888889,25.993325833333333],[-80.46048900000001,25.993171694444445],[-80.46070766666666,25.99301736111111],[-80.46092619444445,25.992862833333334],[-80.46114452777778,25.992708111111114],[-80.46136269444445,25.992553194444444],[-80.46158066666666,25.992398083333335],[-80.4617985,25.992242750000003],[-80.4620161388889,25.99208725],[-80.46223361111112,25.99193152777778],[-80.46245091666667,25.991775611111112],[-80.46266805555555,25.99161952777778],[-80.462885,25.991463222222222],[-80.46310177777778,25.991306722222223],[-80.4633183888889,25.991150027777778],[-80.46353483333334,25.99099313888889],[-80.46375108333334,25.990836055555558],[-80.46396716666666,25.990678777777777],[-80.46418308333334,25.990521305555557],[-80.46439880555556,25.99036361111111],[-80.46461438888889,25.99020575],[-80.46482975,25.990047694444446],[-80.46504497222223,25.989889444444444],[-80.46526,25.989731000000003],[-80.46547486111112,25.989572333333335],[-80.46568955555556,25.9894135],[-80.46590405555555,25.989254472222225],[-80.46611838888889,25.989095250000002],[-80.46633252777778,25.988935805555556],[-80.4665465,25.988776194444444],[-80.46676030555555,25.98861638888889],[-80.46697391666667,25.98845638888889],[-80.46718736111112,25.988296194444445],[-80.46740061111112,25.988135805555558],[-80.46761372222223,25.98797522222222],[-80.46782661111111,25.987814444444446],[-80.46803933333334,25.987653472222224],[-80.46825188888889,25.987492305555556],[-80.46846427777778,25.987330944444444],[-80.46867644444444,25.987169416666667],[-80.46888847222222,25.987007666666667],[-80.46910030555556,25.98684575],[-80.46931194444444,25.98668361111111],[-80.46952341666668,25.986521305555556],[-80.46973472222223,25.986358805555557],[-80.46994583333334,25.986196111111113],[-80.47015675,25.986033222222222],[-80.47036750000001,25.985870138888888],[-80.47057808333334,25.98570688888889],[-80.47078847222222,25.98554341666667],[-80.47099866666667,25.98537977777778],[-80.47120869444444,25.985215944444445],[-80.47141855555556,25.985051916666666],[-80.47162819444445,25.984887694444446],[-80.47183769444445,25.98472327777778],[-80.47204697222223,25.98455866666667],[-80.47225608333333,25.98439388888889],[-80.47246502777777,25.984228916666666],[-80.47267377777779,25.98406375],[-80.47288233333333,25.98389838888889],[-80.47309072222222,25.98373286111111],[-80.47329891666666,25.98356711111111],[-80.47350691666666,25.983401194444447],[-80.47371475,25.98323508333333],[-80.4739223888889,25.983068805555554],[-80.47412983333334,25.982902305555555],[-80.47433711111111,25.982735638888887],[-80.47454419444445,25.982568777777775],[-80.47475111111112,25.98240172222222],[-80.47495783333333,25.982234499999997],[-80.47516436111111,25.98206708333333],[-80.47537069444445,25.98189947222222],[-80.47557686111111,25.981731666666665],[-80.47578283333334,25.981563694444443],[-80.47598861111112,25.981395527777774],[-80.47619422222222,25.981227166666667],[-80.47639963888889,25.981058638888886],[-80.47660486111111,25.980889888888886],[-80.4768098888889,25.980721],[-80.47701475,25.980551888888886],[-80.47721941666667,25.98038261111111],[-80.4774238888889,25.98021313888889],[-80.47762816666666,25.980043499999997],[-80.47783227777778,25.979873638888886],[-80.47803619444444,25.979703638888886],[-80.47823991666667,25.979533416666666],[-80.47844344444445,25.979363027777776],[-80.47864677777778,25.979192444444443],[-80.47884994444445,25.979021694444445],[-80.47905288888889,25.97885075],[-80.47925566666667,25.978679638888888],[-80.47945825000001,25.978508305555554],[-80.47966063888889,25.97833683333333],[-80.47986286111112,25.978165138888887],[-80.48006486111112,25.977993277777777],[-80.48026669444445,25.977821249999998],[-80.48046830555556,25.977649027777776],[-80.48066975,25.977476611111108],[-80.48087100000001,25.977304027777777],[-80.48107205555556,25.97713125],[-80.48127291666667,25.976958305555552],[-80.48147361111111,25.976785166666666],[-80.48167408333333,25.976611833333333],[-80.48187436111111,25.97643833333333],[-80.48207447222222,25.976264666666665],[-80.48227436111111,25.976090805555554],[-80.48247408333333,25.97591675],[-80.48267358333334,25.975742527777776],[-80.48287291666666,25.97556813888889],[-80.48307205555555,25.975393555555552],[-80.48327097222223,25.975218805555553],[-80.48346972222222,25.97504386111111],[-80.48366827777778,25.974868722222222],[-80.48386661111111,25.974693416666664],[-80.48406477777777,25.974517944444443],[-80.48426275,25.974342277777776],[-80.4844605,25.974166444444442],[-80.48465808333333,25.973990416666666],[-80.48485547222222,25.97381422222222],[-80.48505263888889,25.97363783333333],[-80.48524963888889,25.973461277777776],[-80.48544641666666,25.973284555555555],[-80.485643,25.973107638888887],[-80.48583941666666,25.972930555555553],[-80.4860356111111,25.972753277777777],[-80.48623161111111,25.97257583333333],[-80.48642741666667,25.97239822222222],[-80.48662302777778,25.972220416666666],[-80.48681844444445,25.972042444444444],[-80.48701366666667,25.971864277777776],[-80.48720866666667,25.97168594444444],[-80.4874035,25.97150744444444],[-80.48759811111111,25.971328777777774],[-80.48779252777778,25.971149916666665],[-80.48798675,25.970970888888885],[-80.48818077777779,25.970791666666663],[-80.48837461111111,25.970612277777775],[-80.48856825,25.97043272222222],[-80.48876166666666,25.97025297222222],[-80.48895488888888,25.970073083333332],[-80.48914791666667,25.96989297222222],[-80.48934075,25.96971272222222],[-80.48953338888889,25.969532277777777],[-80.48972580555555,25.969351666666665],[-80.48991802777778,25.969170888888886],[-80.49011005555556,25.96898994444444],[-80.4903018888889,25.968808805555554],[-80.49049352777777,25.968627499999997],[-80.49068494444444,25.968446027777777],[-80.49087616666667,25.96826436111111],[-80.49106719444444,25.968082555555554],[-80.491258,25.967900555555556],[-80.49144861111111,25.967718388888887],[-80.49163902777778,25.967536027777776],[-80.49182925,25.967353527777775],[-80.49201925,25.96717083333333],[-80.49220905555556,25.96698797222222],[-80.49239866666667,25.966804944444444],[-80.49258808333333,25.966621749999998],[-80.49277727777778,25.96643836111111],[-80.49296627777778,25.966254833333334],[-80.49315505555556,25.96607111111111],[-80.49334363888889,25.96588722222222],[-80.49353202777777,25.965703166666668],[-80.49372019444445,25.965518944444444],[-80.49390816666667,25.965334527777777],[-80.49409594444444,25.96514997222222],[-80.4942835,25.964965222222222],[-80.49447086111111,25.964780333333334],[-80.49465802777777,25.96459525],[-80.49484497222223,25.96441],[-80.49503172222222,25.964224583333333],[-80.49521825000001,25.964039],[-80.49540458333334,25.96385325],[-80.49559069444445,25.963667333333333],[-80.49577661111111,25.96348122222222],[-80.49592408333334,25.96333333333333],[-80.59640858333333,25.96333333333333],[-80.59642283333334,25.963380916666665],[-80.59654316666666,25.963784444444443],[-80.59666305555555,25.964188055555553],[-80.59678247222222,25.964591777777777],[-80.59690147222221,25.96499561111111],[-80.59702002777777,25.965399555555553],[-80.59713811111111,25.96580361111111],[-80.59725577777778,25.96620775],[-80.59737297222222,25.966612027777778],[-80.59748975,25.967016388888887],[-80.59760605555554,25.96742086111111],[-80.59772191666666,25.967825444444443],[-80.59783733333333,25.968230111111108],[-80.59795230555555,25.968634888888886],[-80.59806683333333,25.969039777777777],[-80.59818091666666,25.969444777777777],[-80.59829455555555,25.969849861111108],[-80.59840774999999,25.97025508333333],[-80.59852047222222,25.970660361111108],[-80.59863275,25.971065777777778],[-80.5987446111111,25.971471277777777],[-80.598856,25.97187686111111],[-80.59896694444444,25.97228258333333],[-80.59907744444443,25.972688388888887],[-80.5991875,25.973094277777776],[-80.59929708333333,25.973500277777777],[-80.59940625,25.97390638888889],[-80.59951494444444,25.974312583333333],[-80.59962319444443,25.974718888888887],[-80.59973099999999,25.975125277777774],[-80.59983836111111,25.97553175],[-80.59994527777778,25.97593836111111],[-80.60005172222222,25.976345027777775],[-80.60015775,25.976751805555555],[-80.60026330555554,25.977158694444444],[-80.60036841666665,25.977565666666663],[-80.60047308333333,25.97797272222222],[-80.60057727777777,25.978379888888888],[-80.60068105555555,25.978787138888887],[-80.60078436111111,25.979194472222222],[-80.60088722222221,25.979601916666667],[-80.60098963888888,25.98000944444444],[-80.6010916111111,25.980417083333332],[-80.6011931111111,25.980824805555553],[-80.60129416666666,25.98123261111111],[-80.60139477777777,25.981640499999997],[-80.60149494444444,25.982048499999998],[-80.60159463888888,25.98245658333333],[-80.60169391666666,25.982864749999997],[-80.60179272222221,25.983272999999997],[-80.60189108333333,25.983681361111113],[-80.60198897222222,25.98408977777778],[-80.60208641666667,25.984498305555558],[-80.60218344444444,25.984906916666667],[-80.60227997222222,25.98531563888889],[-80.60237608333333,25.985724416666667],[-80.60247172222222,25.98613327777778],[-80.60256691666666,25.98654225],[-80.60266166666666,25.986951305555557],[-80.60275597222221,25.987360416666668],[-80.60284980555555,25.98776963888889],[-80.60294319444444,25.988178944444446],[-80.60303613888888,25.988588333333333],[-80.6031286111111,25.988997805555556],[-80.60322063888889,25.989407361111112],[-80.60331222222221,25.989816972222222],[-80.60340333333333,25.990226694444445],[-80.60349402777777,25.9906365],[-80.60358425,25.99104638888889],[-80.603674,25.991456333333335],[-80.60376330555555,25.99186638888889],[-80.60385216666666,25.992276500000003],[-80.60394058333333,25.992686722222224],[-80.60402852777777,25.993097000000002],[-80.60411602777778,25.993507361111114],[-80.60420308333333,25.993917805555558],[-80.60428969444443,25.994328305555555],[-80.60437583333332,25.994738916666666],[-80.6044615,25.995149583333333],[-80.60454675,25.995560333333334],[-80.60463152777777,25.995971166666667],[-80.60471583333333,25.996382083333334],[-80.60479972222221,25.996793055555557],[-80.60488313888888,25.997204111111113],[-80.60496608333332,25.997615250000003],[-80.6050486111111,25.998026444444445],[-80.60513066666667,25.998437722222224],[-80.60521225,25.998849083333333],[-80.60529338888888,25.99926052777778],[-80.60537408333333,25.99967202777778],[-80.60545430555555,26.000083583333332],[-80.60553411111111,26.00049525],[-80.60561341666666,26.000906944444445],[-80.60569227777778,26.00131875],[-80.60577069444444,26.00173061111111],[-80.60584866666666,26.002142527777778],[-80.60592616666666,26.00255452777778],[-80.60600322222221,26.002966611111113],[-80.60607980555555,26.00337875],[-80.60615594444444,26.003790944444443],[-80.60623163888889,26.004203222222223],[-80.60630686111111,26.004615583333333],[-80.6063816111111,26.005028],[-80.60645594444443,26.005440472222222],[-80.60652980555555,26.00585302777778],[-80.60660319444443,26.006265638888888],[-80.60667613888889,26.006678305555557],[-80.60674863888889,26.007091055555556],[-80.60682066666666,26.00750386111111],[-80.60689225,26.00791675],[-80.6069633611111,26.008329694444445],[-80.60703402777777,26.008742694444443],[-80.60710422222222,26.00915575],[-80.60717397222221,26.00956888888889],[-80.60724327777777,26.009982083333334],[-80.6073121111111,26.010395333333335],[-80.60738049999999,26.010808666666666],[-80.60744841666666,26.011222027777777],[-80.60751588888888,26.01163547222222],[-80.60758288888889,26.01204897222222],[-80.60764944444443,26.012462527777778],[-80.60771555555554,26.01287616666667],[-80.60778116666665,26.01328983333333],[-80.6078463611111,26.013703583333335],[-80.60791108333333,26.014117388888888],[-80.6079753611111,26.01453125],[-80.60803916666666,26.01494513888889],[-80.6081025,26.01535911111111],[-80.60816538888888,26.01577313888889],[-80.60822783333333,26.01618725],[-80.60828980555554,26.01660138888889],[-80.60835133333333,26.017015583333333],[-80.60841238888888,26.01742983333333],[-80.60847299999999,26.017844138888886],[-80.60853313888889,26.018258499999998],[-80.60859283333333,26.018672916666667],[-80.60865205555555,26.019087388888888],[-80.60871080555555,26.019501916666666],[-80.60876913888889,26.0199165],[-80.60882697222222,26.02033111111111],[-80.60888438888888,26.020745805555556],[-80.60894130555555,26.021160527777777],[-80.60899777777777,26.021575305555555],[-80.60905380555555,26.02199013888889],[-80.60910936111111,26.022405027777776],[-80.60916447222222,26.022819972222223],[-80.6092191111111,26.023234944444443],[-80.60927330555555,26.02364997222222],[-80.60932702777777,26.024065055555553],[-80.60938027777777,26.024480194444443],[-80.60943308333333,26.02489536111111],[-80.60948544444445,26.025310583333333],[-80.60953733333332,26.02572586111111],[-80.60958875,26.026141194444442],[-80.60963972222221,26.026556555555555],[-80.60969022222221,26.02697197222222],[-80.60974027777777,26.027387416666667],[-80.60978986111111,26.027802916666666],[-80.609839,26.02821847222222],[-80.60988766666667,26.028634055555553],[-80.60993588888888,26.029049694444442],[-80.60998363888888,26.02946536111111],[-80.61003091666666,26.029881083333333],[-80.61007774999999,26.03029686111111],[-80.61012413888888,26.030712666666666],[-80.61017005555556,26.031128499999998],[-80.6102155,26.03154438888889],[-80.6102605,26.031960305555554],[-80.61030502777777,26.032376277777775],[-80.61034908333333,26.032792305555553],[-80.61039269444444,26.03320833333333],[-80.6104358611111,26.033624444444445],[-80.61047855555555,26.034040555555556],[-80.61052077777777,26.034456722222224],[-80.61056255555555,26.034872916666668],[-80.6106038611111,26.03528916666667],[-80.61064472222222,26.035705444444446],[-80.61068511111111,26.036121750000003],[-80.61072502777778,26.036538111111113],[-80.61076449999999,26.0369545],[-80.61080349999999,26.037370916666667],[-80.61084205555555,26.037787361111114],[-80.61088013888889,26.038203861111114],[-80.61091777777777,26.03862038888889],[-80.61095494444444,26.039036944444447],[-80.61099163888888,26.03945352777778],[-80.61102788888888,26.039870166666667],[-80.61106366666667,26.040286805555557],[-80.61109897222222,26.040703500000003],[-80.61113383333333,26.041120222222222],[-80.61116824999999,26.041536972222225],[-80.61120216666666,26.04195375],[-80.61123566666666,26.042370583333334],[-80.61126866666666,26.04278741666667],[-80.61130122222221,26.04320427777778],[-80.61133330555555,26.043621194444444],[-80.61136494444443,26.044038111111114],[-80.6113961111111,26.044455083333336],[-80.61142683333333,26.044872083333335],[-80.61145708333333,26.045289083333333],[-80.6114868611111,26.04570613888889],[-80.61151619444443,26.046123194444448],[-80.61154505555555,26.04654027777778],[-80.61157344444445,26.046957416666668],[-80.61160138888889,26.047374555555557],[-80.6116288611111,26.047791722222225],[-80.61165588888888,26.048208916666667],[-80.61168244444444,26.048626138888892],[-80.61170852777778,26.04904338888889],[-80.61173416666666,26.04946066666667],[-80.61175933333332,26.049877944444447],[-80.61178405555555,26.05029525],[-80.61180830555556,26.050712583333333],[-80.61183208333333,26.051129944444444],[-80.61185541666666,26.051547333333335],[-80.61187827777778,26.051964722222223],[-80.61190066666666,26.05238213888889],[-80.61192261111111,26.052799583333336],[-80.61194408333333,26.05321702777778],[-80.61196508333333,26.053634527777778],[-80.61198563888888,26.054052000000002],[-80.61200572222222,26.05446952777778],[-80.61202536111111,26.054887055555557],[-80.61204452777777,26.05530461111111],[-80.61206322222222,26.055722166666666],[-80.61208147222221,26.05613975],[-80.61209925,26.05655736111111],[-80.61211655555555,26.05697497222222],[-80.61213341666667,26.057392611111112],[-80.61214980555555,26.05781025],[-80.61216572222222,26.058227916666667],[-80.61218119444443,26.058645583333334],[-80.61219619444444,26.059063277777778],[-80.61221074999999,26.05948097222222],[-80.61222483333333,26.059898694444446],[-80.61223844444444,26.060316416666666],[-80.6122516111111,26.060734166666666],[-80.61226430555556,26.061151916666667],[-80.61227652777777,26.061569666666667],[-80.61228830555555,26.061987444444444],[-80.61229961111111,26.062405222222225],[-80.61231044444443,26.062823027777778],[-80.61232083333333,26.063240833333335],[-80.61233075,26.06365863888889],[-80.61234019444444,26.064076444444446],[-80.61234919444443,26.06449427777778],[-80.61235772222221,26.064912111111113],[-80.61236577777777,26.065329972222223],[-80.61237338888888,26.065747805555556],[-80.61238052777777,26.066165666666667],[-80.61238722222221,26.06658352777778],[-80.61239344444444,26.067001416666667],[-80.61239919444444,26.067419277777777],[-80.61240447222221,26.067837166666667],[-80.61240930555554,26.068255055555554],[-80.61241369444444,26.068672944444444],[-80.61241758333333,26.069090833333334],[-80.61242102777777,26.06950872222222],[-80.61242399999999,26.06992661111111],[-80.61242652777777,26.070344527777777],[-80.61242858333333,26.070762416666668],[-80.61243016666666,26.071180333333334],[-80.61243130555555,26.07159825],[-80.61243197222221,26.072016138888888],[-80.61243216666666,26.072434055555554],[-80.61243191666667,26.07285197222222],[-80.61243119444444,26.07326986111111],[-80.61242999999999,26.073687777777778],[-80.6124283611111,26.074105694444444],[-80.61242625,26.074523583333335],[-80.61242366666666,26.07494147222222],[-80.61242063888888,26.075359388888888],[-80.61241713888889,26.075777277777778],[-80.61241316666666,26.076195166666665],[-80.61240875,26.076613055555555],[-80.6124038611111,26.077030944444445],[-80.6123985,26.07744883333333],[-80.61239269444444,26.077866694444445],[-80.61238641666667,26.078284555555555],[-80.61237969444444,26.078702416666665],[-80.61237247222222,26.07912027777778],[-80.61236480555554,26.07953813888889],[-80.61235669444444,26.079955972222223],[-80.6123481111111,26.080373805555556],[-80.61233905555555,26.08079163888889],[-80.61232952777777,26.081209444444443],[-80.61231955555554,26.081627277777777],[-80.6123091111111,26.082045055555554],[-80.61229822222222,26.08246286111111],[-80.6122868611111,26.082880638888888],[-80.61227502777777,26.083298416666665],[-80.61226272222221,26.083716166666665],[-80.61224997222222,26.084133916666666],[-80.61223675,26.084551638888886],[-80.61222308333333,26.084969388888886],[-80.61220894444443,26.085387083333334],[-80.61219433333332,26.085804777777778],[-80.61217927777777,26.08622247222222],[-80.61216375,26.08664013888889],[-80.61214774999999,26.087057805555553],[-80.61213127777778,26.087475444444443],[-80.61211436111111,26.087893055555554],[-80.61209699999999,26.088310694444445],[-80.61207913888889,26.088728277777776],[-80.61206083333333,26.08914586111111],[-80.61204208333332,26.089563416666664],[-80.6120228611111,26.08998097222222],[-80.61200316666667,26.0903985],[-80.611983,26.090816],[-80.61196238888888,26.091233499999998],[-80.61194130555555,26.091650972222222],[-80.61191975,26.092068416666667],[-80.61189775,26.09248586111111],[-80.61187527777777,26.092903277777776],[-80.6118523611111,26.093320666666667],[-80.61182897222221,26.093738027777775],[-80.61180511111111,26.094155388888886],[-80.61178080555555,26.09457272222222],[-80.611756,26.094990027777776],[-80.61173077777777,26.095407305555554],[-80.61170505555555,26.095824555555556],[-80.61167888888889,26.096241805555554],[-80.61165227777778,26.096659027777775],[-80.61162519444444,26.097076194444444],[-80.61159763888888,26.09749336111111],[-80.61156961111111,26.097910499999998],[-80.61154113888888,26.09832761111111],[-80.61151219444444,26.09874472222222],[-80.61148280555555,26.099161777777777],[-80.61145294444444,26.099578805555556],[-80.61142261111111,26.099995805555555],[-80.61139183333333,26.100412805555557],[-80.61136058333332,26.100829750000003],[-80.6113288611111,26.10124666666667],[-80.61129669444443,26.101663555555557],[-80.61126405555555,26.102080444444447],[-80.61123094444444,26.10249727777778],[-80.61119738888888,26.102914083333335],[-80.61116336111111,26.10333086111111],[-80.61112888888889,26.103747583333334],[-80.61109394444443,26.104164305555557],[-80.61105852777777,26.104581000000003],[-80.61102266666666,26.10499763888889],[-80.61098633333333,26.105414250000003],[-80.61094955555555,26.105830833333336],[-80.61091230555554,26.10624738888889],[-80.61087458333333,26.10666388888889],[-80.61083638888888,26.10708038888889],[-80.61079774999999,26.107496833333336],[-80.61075866666665,26.107913250000003],[-80.61071911111111,26.108329611111113],[-80.61067908333332,26.108745972222223],[-80.61063858333333,26.10916225],[-80.61059763888888,26.109578527777778],[-80.61055624999999,26.109994750000002],[-80.61051438888889,26.110410944444446],[-80.61047205555555,26.110827111111114],[-80.61042925,26.111243222222225],[-80.61038599999999,26.111659305555555],[-80.61034230555555,26.112075333333333],[-80.6102981111111,26.112491333333335],[-80.61025347222221,26.11290727777778],[-80.61020838888888,26.113323222222224],[-80.61016283333333,26.113739083333336],[-80.61011680555555,26.114154916666667],[-80.61007033333333,26.114570722222222],[-80.61002338888888,26.114986472222224],[-80.60997599999999,26.11540216666667],[-80.60992813888889,26.115817833333335],[-80.60987980555555,26.116233472222223],[-80.60983102777777,26.11664902777778],[-80.60978177777777,26.117064583333335],[-80.60973208333333,26.117480055555557],[-80.60968191666666,26.1178955],[-80.60963130555555,26.11831088888889],[-80.60958022222222,26.11872625],[-80.60952866666666,26.119141555555554],[-80.60947666666667,26.119556805555558],[-80.60942419444444,26.119972027777777],[-80.60937127777777,26.120387194444444],[-80.60931788888888,26.120802305555557],[-80.60926402777777,26.12121738888889],[-80.60920972222222,26.12163238888889],[-80.60915494444444,26.12204736111111],[-80.60909972222221,26.122462277777778],[-80.60904405555554,26.12287716666667],[-80.60898788888888,26.123291972222223],[-80.60893127777777,26.12370675],[-80.60887422222221,26.12412147222222],[-80.60881669444444,26.12453613888889],[-80.60875872222222,26.12495075],[-80.60870025,26.125365305555555],[-80.60864136111111,26.125779805555556],[-80.608582,26.12619425],[-80.60852216666666,26.126608666666666],[-80.60846188888888,26.127023],[-80.60840113888888,26.127437305555556],[-80.60833994444444,26.12785152777778],[-80.60827827777777,26.128265722222224],[-80.60821616666667,26.128679833333333],[-80.60815358333333,26.12909391666667],[-80.60809052777778,26.129507916666668],[-80.60802702777777,26.12992188888889],[-80.60796308333333,26.130335777777777],[-80.60789866666666,26.13074961111111],[-80.60783377777777,26.13116338888889],[-80.60776844444445,26.131577111111113],[-80.60770266666665,26.13199077777778],[-80.60763641666667,26.13240438888889],[-80.60756969444444,26.132817916666667],[-80.60750252777777,26.133231416666668],[-80.60743488888889,26.13364483333333],[-80.60736680555554,26.134058194444442],[-80.60729827777777,26.1344715],[-80.60722927777778,26.13488472222222],[-80.60715980555555,26.13529788888889],[-80.60708988888888,26.135711],[-80.60701949999999,26.136124055555555],[-80.60694866666667,26.136537027777777],[-80.60687738888889,26.136949972222222],[-80.60680563888889,26.137362805555554],[-80.60673341666666,26.13777561111111],[-80.60666074999999,26.138188333333332],[-80.60658763888888,26.138600999999998],[-80.60651405555555,26.139013583333334],[-80.60643999999999,26.13942611111111],[-80.6063655,26.139838555555556],[-80.60629055555555,26.140250944444443],[-80.60621513888889,26.140663277777776],[-80.60613927777777,26.141075527777776],[-80.60606294444445,26.141487722222223],[-80.60598616666667,26.141899833333333],[-80.60590891666666,26.142311888888887],[-80.60583122222222,26.14272386111111],[-80.60575308333333,26.143135777777776],[-80.60567447222222,26.14354761111111],[-80.60559538888889,26.14395936111111],[-80.6055158611111,26.144371055555556],[-80.60543588888888,26.144782694444444],[-80.60535544444444,26.145194222222223],[-80.60527455555555,26.145605694444445],[-80.60519319444444,26.14601711111111],[-80.60511138888889,26.146428444444442],[-80.60502913888888,26.146839694444445],[-80.60494641666666,26.14725086111111],[-80.60486322222222,26.14766197222222],[-80.6047796111111,26.148073],[-80.60469549999999,26.148483972222223],[-80.60461097222222,26.148894833333333],[-80.60452597222222,26.149305638888887],[-80.6044405,26.14971636111111],[-80.6043546111111,26.150126999999998],[-80.60426822222222,26.150537583333332],[-80.60418141666666,26.150948083333333],[-80.60409413888888,26.15135847222222],[-80.60400638888888,26.151768805555555],[-80.60391822222222,26.152179083333333],[-80.60382958333332,26.15258925],[-80.60374047222221,26.15299933333333],[-80.60365091666667,26.15340936111111],[-80.60356091666667,26.153819277777778],[-80.60347044444444,26.154229138888887],[-80.60337952777778,26.154638888888886],[-80.60328816666666,26.155048583333333],[-80.60319633333333,26.155458194444442],[-80.60310405555555,26.155867722222222],[-80.60301130555555,26.15627713888889],[-80.60291811111111,26.1566865],[-80.60282447222221,26.157095777777776],[-80.60273038888889,26.157504944444444],[-80.60263583333332,26.157914055555555],[-80.60254083333332,26.158323055555552],[-80.60244536111111,26.158731999999997],[-80.60234944444444,26.159140833333332],[-80.60225308333332,26.15954958333333],[-80.60215625,26.15995825],[-80.602059,26.16036683333333],[-80.60196124999999,26.160775333333333],[-80.60186308333333,26.16118372222222],[-80.60176444444444,26.161592027777775],[-80.6016653611111,26.16200025],[-80.60156580555555,26.16240838888889],[-80.60146583333332,26.16281644444444],[-80.60136538888888,26.16322438888889],[-80.60126447222221,26.16363225],[-80.60116313888888,26.164040027777776],[-80.60106133333333,26.164447694444444],[-80.60095905555555,26.164855277777775],[-80.6008563611111,26.165262777777777],[-80.60075319444444,26.16567019444444],[-80.60064958333332,26.1660775],[-80.60054552777777,26.166484694444442],[-80.60044099999999,26.166891833333334],[-80.60033602777777,26.167298861111114],[-80.6002306111111,26.16770577777778],[-80.60012474999999,26.168112611111113],[-80.60001841666666,26.168519361111112],[-80.59991163888888,26.168926000000003],[-80.59980441666666,26.169332555555556],[-80.59969674999999,26.169739],[-80.5995886111111,26.17014536111111],[-80.59948002777777,26.17055161111111],[-80.59937099999999,26.17095775],[-80.59926152777777,26.171363805555558],[-80.59915158333332,26.17176977777778],[-80.59904119444444,26.17217563888889],[-80.5989303611111,26.17258138888889],[-80.59881908333332,26.172987055555556],[-80.59870736111111,26.17339261111111],[-80.59859516666666,26.173798055555558],[-80.59848252777778,26.174203416666668],[-80.59836944444444,26.174608666666668],[-80.59825591666666,26.175013805555558],[-80.59814194444444,26.175418861111112],[-80.5980275,26.175823805555556],[-80.59791261111111,26.17622863888889],[-80.59779727777777,26.17663338888889],[-80.5976815,26.17703802777778],[-80.59756527777778,26.177442555555558],[-80.5974486111111,26.177846972222223],[-80.59733147222222,26.17825127777778],[-80.59721388888889,26.1786555],[-80.5970958611111,26.17905961111111],[-80.59697738888889,26.179463611111114],[-80.59685847222222,26.1798675],[-80.5967391111111,26.18027127777778],[-80.59661927777778,26.180674944444444],[-80.596499,26.181078527777778],[-80.59637830555555,26.181481972222223],[-80.59625713888889,26.181885333333334],[-80.59613552777778,26.182288555555555],[-80.59601347222221,26.182691694444447],[-80.59589094444443,26.183094722222222],[-80.59576799999999,26.18349761111111],[-80.59564461111111,26.183900416666667],[-80.59552074999999,26.184303083333333],[-80.59539644444445,26.184705666666666],[-80.59527172222222,26.18510813888889],[-80.59514652777777,26.185510472222223],[-80.59502088888888,26.185912722222223],[-80.59489480555555,26.186314833333334],[-80.59476827777777,26.186716833333335],[-80.59464130555556,26.187118722222223],[-80.59451386111111,26.1875205],[-80.594386,26.187922166666667],[-80.59425769444444,26.188323722222222],[-80.59412894444444,26.188725138888888],[-80.59399972222222,26.189126444444444],[-80.59387008333333,26.18952763888889],[-80.59373997222222,26.189928722222223],[-80.59360944444444,26.190329694444443],[-80.59347844444444,26.190730527777777],[-80.593347,26.19113125],[-80.59321513888888,26.191531861111113],[-80.59308280555555,26.19193236111111],[-80.59295005555555,26.192332722222222],[-80.59281683333333,26.192732972222224],[-80.59268316666666,26.193133083333333],[-80.59254908333332,26.193533083333335],[-80.59241452777778,26.19393297222222],[-80.59227955555555,26.19433275],[-80.59214411111111,26.194732388888887],[-80.59200822222222,26.195131888888888],[-80.59187191666666,26.19553127777778],[-80.59173513888888,26.195930555555556],[-80.59159794444444,26.196329694444444],[-80.59146027777777,26.196728722222222],[-80.59132219444444,26.19712763888889],[-80.59118366666667,26.19752638888889],[-80.59104466666666,26.197925055555555],[-80.59090524999999,26.198323583333334],[-80.59076538888888,26.198721972222224],[-80.59062508333332,26.19912025],[-80.59048433333332,26.19951838888889],[-80.59034313888888,26.19991638888889],[-80.59020149999999,26.200314277777778],[-80.59005944444444,26.200712055555556],[-80.58991691666667,26.201109666666667],[-80.58977394444445,26.201507166666666],[-80.58963055555554,26.201904555555554],[-80.58948672222222,26.202301805555553],[-80.58934241666667,26.202698916666666],[-80.58919769444444,26.20309588888889],[-80.58905252777777,26.20349275],[-80.58890691666666,26.203889472222222],[-80.58876088888888,26.204286055555556],[-80.58861438888889,26.2046825],[-80.58846747222222,26.20507883333333],[-80.58832008333333,26.205475027777776],[-80.58817227777777,26.20587108333333],[-80.58802402777778,26.206267],[-80.5878753611111,26.206662805555556],[-80.58772622222222,26.207058444444442],[-80.58757663888889,26.207453972222222],[-80.58742663888889,26.207849361111112],[-80.58727619444444,26.20824461111111],[-80.58712530555555,26.208639722222223],[-80.586974,26.209034694444444],[-80.58682222222222,26.209429527777775],[-80.58667002777777,26.20982425],[-80.58651738888888,26.210218805555556],[-80.58636430555555,26.21061322222222],[-80.58621077777778,26.211007527777777],[-80.58605683333333,26.211401666666667],[-80.58590244444444,26.211795666666667],[-80.5857476111111,26.212189555555554],[-80.58559233333332,26.212583277777778],[-80.58543663888888,26.21297686111111],[-80.5852805,26.213370333333334],[-80.58512391666666,26.21376363888889],[-80.58496688888889,26.214156805555554],[-80.58480944444445,26.214549833333333],[-80.58465155555555,26.214942694444442],[-80.58449322222222,26.215335444444445],[-80.58433447222222,26.21572802777778],[-80.58417525,26.2161205],[-80.58401561111111,26.216512805555556],[-80.58385555555554,26.21690497222222],[-80.58369505555555,26.217296972222222],[-80.5835341111111,26.21768886111111],[-80.58337272222222,26.218080583333332],[-80.58321091666666,26.218472166666665],[-80.58304866666666,26.21886361111111],[-80.58288597222221,26.219254888888887],[-80.58272286111111,26.219646027777777],[-80.58255930555555,26.220037027777778],[-80.58239530555555,26.22042788888889],[-80.58223088888889,26.220818583333333],[-80.58206602777777,26.221209138888888],[-80.58190075,26.221599527777776],[-80.58173502777777,26.221989777777775],[-80.58156886111111,26.222379888888888],[-80.58140227777777,26.22276983333333],[-80.58123524999999,26.223159638888887],[-80.58106777777778,26.223549277777778],[-80.58089988888888,26.223938777777775],[-80.58073158333333,26.224328138888886],[-80.58056280555556,26.22471733333333],[-80.58039363888888,26.22510636111111],[-80.580224,26.225495249999998],[-80.58005394444444,26.225883999999997],[-80.57988347222222,26.226272583333333],[-80.57971255555555,26.226661],[-80.57954119444445,26.227049277777777],[-80.57936941666667,26.227437388888887],[-80.57919719444445,26.22782536111111],[-80.57902455555555,26.228213166666666],[-80.5788515,26.228600805555555],[-80.57867797222222,26.228988305555553],[-80.57850405555556,26.229375638888886],[-80.57832966666666,26.229762833333332],[-80.57815488888889,26.230149833333332],[-80.57797966666666,26.230536694444442],[-80.577804,26.230923416666666],[-80.57762791666666,26.23130997222222],[-80.5775918611111,26.231388888888887],[-80.57666666666667,26.231388888888887],[-80.57466666666666,26.231388888888887],[-80.57266666666666,26.231388888888887],[-80.57066666666667,26.231388888888887],[-80.56866666666666,26.231388888888887],[-80.56666666666666,26.231388888888887],[-80.56466666666667,26.231388888888887],[-80.56266666666666,26.231388888888887],[-80.56066666666666,26.231388888888887],[-80.55866666666667,26.231388888888887],[-80.55666666666666,26.231388888888887],[-80.55466666666666,26.231388888888887],[-80.55266666666667,26.231388888888887],[-80.55066666666666,26.231388888888887],[-80.54866666666666,26.231388888888887],[-80.54666666666667,26.231388888888887],[-80.54466666666667,26.231388888888887],[-80.54266666666666,26.231388888888887],[-80.54066666666667,26.231388888888887],[-80.53866666666667,26.231388888888887],[-80.53666666666666,26.231388888888887],[-80.53466666666667,26.231388888888887],[-80.53266666666667,26.231388888888887],[-80.53066666666666,26.231388888888887],[-80.52866666666667,26.231388888888887],[-80.52666666666667,26.231388888888887],[-80.52466666666666,26.231388888888887],[-80.52266666666667,26.231388888888887],[-80.52066666666667,26.231388888888887],[-80.51866666666666,26.231388888888887],[-80.51666666666667,26.231388888888887],[-80.51466666666667,26.231388888888887],[-80.51266666666666,26.231388888888887],[-80.51066666666667,26.231388888888887],[-80.50866666666667,26.231388888888887],[-80.50666666666666,26.231388888888887],[-80.50466666666667,26.231388888888887],[-80.50266666666667,26.231388888888887],[-80.50066666666666,26.231388888888887],[-80.49866666666667,26.231388888888887],[-80.49666666666667,26.231388888888887],[-80.49466666666667,26.231388888888887],[-80.49266666666666,26.231388888888887],[-80.49066666666667,26.231388888888887],[-80.48866666666667,26.231388888888887],[-80.48666666666666,26.231388888888887],[-80.48466666666667,26.231388888888887],[-80.48266666666667,26.231388888888887],[-80.48066666666666,26.231388888888887],[-80.47866666666667,26.231388888888887],[-80.47666666666667,26.231388888888887],[-80.47466666666666,26.231388888888887],[-80.47266666666667,26.231388888888887],[-80.47066666666667,26.231388888888887],[-80.46866666666666,26.231388888888887],[-80.46666666666667,26.231388888888887],[-80.46466666666667,26.231388888888887],[-80.46266666666666,26.231388888888887],[-80.46069561111112,26.231388888888887]]},"properties":{"style":"solid","thickness":1}},{"type":"Feature","geometry":{"type":"LineString","coordinates":[[-80.44678505555557,26.1675],[-80.46069561111112,26.231388888888887],[-80.45866666666667,26.231388888888887],[-80.45666666666666,26.231388888888887],[-80.45466666666667,26.231388888888887],[-80.45266666666667,26.231388888888887],[-80.45066666666666,26.231388888888887],[-80.44866666666667,26.231388888888887],[-80.44666666666667,26.231388888888887],[-80.44466666666668,26.231388888888887],[-80.44266666666667,26.231388888888887],[-80.44066666666667,26.231388888888887],[-80.43866666666668,26.231388888888887],[-80.43666666666667,26.231388888888887],[-80.43466666666667,26.231388888888887],[-80.43266666666668,26.231388888888887],[-80.43066666666667,26.231388888888887],[-80.42866666666667,26.231388888888887],[-80.42666666666668,26.231388888888887],[-80.42466666666667,26.231388888888887],[-80.42266666666667,26.231388888888887],[-80.42066666666668,26.231388888888887],[-80.41866666666667,26.231388888888887],[-80.41666666666667,26.231388888888887],[-80.41466666666668,26.231388888888887],[-80.41266666666667,26.231388888888887],[-80.41066666666667,26.231388888888887],[-80.40866666666668,26.231388888888887],[-80.40666666666667,26.231388888888887],[-80.40466666666667,26.231388888888887],[-80.40266666666668,26.231388888888887],[-80.40066666666667,26.231388888888887],[-80.39866666666667,26.231388888888887],[-80.39666666666668,26.231388888888887],[-80.39466666666668,26.231388888888887],[-80.39266666666667,26.231388888888887],[-80.39066666666668,26.231388888888887],[-80.38866666666668,26.231388888888887],[-80.38666666666667,26.231388888888887],[-80.38466666666667,26.231388888888887],[-80.38266666666667,26.231388888888887],[-80.38066666666666,26.231388888888887],[-80.37866666666666,26.231388888888887],[-80.37666666666667,26.231388888888887],[-80.37466666666666,26.231388888888887],[-80.37266666666666,26.231388888888887],[-80.37066666666666,26.231388888888887],[-80.36866666666666,26.231388888888887],[-80.36666666666666,26.231388888888887],[-80.36466666666666,26.231388888888887],[-80.36266666666666,26.231388888888887],[-80.36066666666666,26.231388888888887],[-80.35866666666666,26.231388888888887],[-80.35666666666665,26.231388888888887],[-80.35466666666666,26.231388888888887],[-80.35266666666666,26.231388888888887],[-80.35066666666665,26.231388888888887],[-80.34866666666666,26.231388888888887],[-80.34666666666666,26.231388888888887],[-80.34466666666667,26.231388888888887],[-80.34266666666666,26.231388888888887],[-80.34066666666666,26.231388888888887],[-80.33866666666667,26.231388888888887],[-80.33666666666666,26.231388888888887],[-80.33466666666666,26.231388888888887],[-80.33266666666667,26.231388888888887],[-80.33066666666666,26.231388888888887],[-80.32866666666666,26.231388888888887],[-80.32666666666667,26.231388888888887],[-80.32466666666666,26.231388888888887],[-80.32266666666666,26.231388888888887],[-80.32066666666667,26.231388888888887],[-80.31866666666666,26.231388888888887],[-80.31666666666666,26.231388888888887],[-80.31466666666667,26.231388888888887],[-80.31266666666666,26.231388888888887],[-80.31066666666666,26.231388888888887],[-80.30866666666667,26.231388888888887],[-80.30666666666666,26.231388888888887],[-80.30466666666666,26.231388888888887],[-80.30266666666667,26.231388888888887],[-80.30066666666666,26.231388888888887],[-80.29866666666666,26.231388888888887],[-80.29666666666667,26.231388888888887],[-80.29466666666667,26.231388888888887],[-80.29266666666666,26.231388888888887],[-80.29066666666667,26.231388888888887],[-80.28866666666667,26.231388888888887],[-80.28666666666666,26.231388888888887],[-80.28466666666667,26.231388888888887],[-80.28266666666667,26.231388888888887],[-80.28066666666666,26.231388888888887],[-80.27866666666667,26.231388888888887],[-80.27666666666667,26.231388888888887],[-80.27466666666666,26.231388888888887],[-80.27266666666667,26.231388888888887],[-80.27066666666667,26.231388888888887],[-80.26866666666666,26.231388888888887],[-80.26666666666667,26.231388888888887],[-80.26466666666667,26.231388888888887],[-80.26266666666666,26.231388888888887],[-80.26066666666667,26.231388888888887],[-80.25866666666667,26.231388888888887],[-80.25666666666666,26.231388888888887],[-80.25466666666667,26.231388888888887],[-80.25266666666667,26.231388888888887],[-80.25066666666666,26.231388888888887],[-80.24866666666667,26.231388888888887],[-80.24666666666667,26.231388888888887],[-80.24466666666667,26.231388888888887],[-80.24266666666666,26.231388888888887],[-80.24066666666667,26.231388888888887],[-80.23866666666667,26.231388888888887],[-80.23666666666666,26.231388888888887],[-80.23466666666667,26.231388888888887],[-80.23266666666667,26.231388888888887],[-80.23066666666666,26.231388888888887],[-80.22866666666667,26.231388888888887],[-80.22666666666667,26.231388888888887],[-80.22466666666666,26.231388888888887],[-80.22266666666667,26.231388888888887],[-80.22066666666667,26.231388888888887],[-80.21866666666666,26.231388888888887],[-80.21666666666667,26.231388888888887],[-80.21466666666667,26.231388888888887],[-80.21266666666666,26.231388888888887],[-80.21066666666667,26.231388888888887],[-80.20866666666667,26.231388888888887],[-80.20666666666666,26.231388888888887],[-80.20466666666667,26.231388888888887],[-80.20266666666667,26.231388888888887],[-80.20066666666666,26.231388888888887],[-80.19866666666667,26.231388888888887],[-80.19666666666667,26.231388888888887],[-80.19466666666668,26.231388888888887],[-80.19266666666667,26.231388888888887],[-80.19066666666667,26.231388888888887],[-80.18866666666668,26.231388888888887],[-80.18666666666667,26.231388888888887],[-80.18466666666667,26.231388888888887],[-80.18266666666668,26.231388888888887],[-80.18066666666667,26.231388888888887],[-80.17866666666667,26.231388888888887],[-80.17666666666668,26.231388888888887],[-80.17466666666667,26.231388888888887],[-80.17266666666667,26.231388888888887],[-80.17066666666668,26.231388888888887],[-80.16866666666667,26.231388888888887],[-80.16666666666667,26.231388888888887],[-80.16466666666668,26.231388888888887],[-80.16266666666667,26.231388888888887],[-80.16066666666667,26.231388888888887],[-80.15866666666668,26.231388888888887],[-80.15666666666667,26.231388888888887],[-80.15466666666667,26.231388888888887],[-80.15266666666668,26.231388888888887],[-80.15066666666667,26.231388888888887],[-80.14866666666667,26.231388888888887],[-80.14666666666668,26.231388888888887],[-80.14466666666668,26.231388888888887],[-80.14266666666667,26.231388888888887],[-80.14066666666668,26.231388888888887],[-80.13866666666668,26.231388888888887],[-80.13666666666667,26.231388888888887],[-80.13466666666667,26.231388888888887],[-80.13266666666667,26.231388888888887],[-80.13066666666666,26.231388888888887],[-80.12866666666666,26.231388888888887],[-80.12666666666667,26.231388888888887],[-80.12466666666666,26.231388888888887],[-80.12266666666666,26.231388888888887],[-80.12066666666666,26.231388888888887],[-80.11866666666666,26.231388888888887],[-80.11666666666666,26.231388888888887],[-80.11466666666666,26.231388888888887],[-80.11266666666666,26.231388888888887],[-80.11066666666666,26.231388888888887],[-80.10866666666666,26.231388888888887],[-80.10666666666665,26.231388888888887],[-80.10466666666666,26.231388888888887],[-80.10266666666666,26.231388888888887],[-80.10066666666665,26.231388888888887],[-80.09866666666666,26.231388888888887],[-80.09666666666666,26.231388888888887],[-80.09466666666667,26.231388888888887],[-80.09266666666666,26.231388888888887],[-80.09066666666666,26.231388888888887],[-80.08866666666667,26.231388888888887],[-80.08666666666666,26.231388888888887],[-80.08466666666666,26.231388888888887],[-80.08266666666667,26.231388888888887],[-80.08066666666666,26.231388888888887],[-80.07866666666666,26.231388888888887],[-80.07666666666667,26.231388888888887],[-80.07466666666666,26.231388888888887],[-80.07266666666666,26.231388888888887],[-80.07066666666667,26.231388888888887],[-80.06866666666666,26.231388888888887],[-80.06666666666666,26.231388888888887],[-80.06466666666667,26.231388888888887],[-80.06266666666666,26.231388888888887],[-80.06066666666666,26.231388888888887],[-80.05866666666667,26.231388888888887],[-80.05666666666666,26.231388888888887],[-80.05466666666666,26.231388888888887],[-80.05266666666667,26.231388888888887],[-80.05066666666666,26.231388888888887],[-80.04866666666666,26.231388888888887],[-80.04666666666667,26.231388888888887],[-80.04466666666667,26.231388888888887],[-80.04266666666666,26.231388888888887],[-80.04066666666667,26.231388888888887],[-80.03866666666667,26.231388888888887],[-80.03666666666666,26.231388888888887],[-80.03466666666667,26.231388888888887],[-80.03266666666667,26.231388888888887],[-80.03066666666666,26.231388888888887],[-80.02866666666667,26.231388888888887],[-80.02666666666667,26.231388888888887],[-80.02466666666666,26.231388888888887],[-80.02266666666667,26.231388888888887],[-80.02066666666667,26.231388888888887],[-80.01866666666666,26.231388888888887],[-80.01666666666667,26.231388888888887],[-80.01466666666667,26.231388888888887],[-80.01266666666666,26.231388888888887],[-80.01066666666667,26.231388888888887],[-80.00866666666667,26.231388888888887],[-80.00666666666666,26.231388888888887],[-80.00466666666667,26.231388888888887],[-80.00266666666667,26.231388888888887],[-80.00066666666666,26.231388888888887],[-79.99866666666667,26.231388888888887],[-79.99666666666667,26.231388888888887],[-79.99466666666667,26.231388888888887],[-79.99266666666666,26.231388888888887],[-79.99066666666667,26.231388888888887],[-79.98866666666667,26.231388888888887],[-79.98666666666666,26.231388888888887],[-79.98466666666667,26.231388888888887],[-79.98266666666667,26.231388888888887],[-79.98066666666666,26.231388888888887],[-79.97866666666667,26.231388888888887],[-79.97666666666667,26.231388888888887],[-79.97466666666666,26.231388888888887],[-79.97266666666667,26.231388888888887],[-79.97066666666667,26.231388888888887],[-79.96866666666666,26.231388888888887],[-79.96666666666667,26.231388888888887],[-79.96466666666667,26.231388888888887],[-79.96266666666666,26.231388888888887],[-79.96066666666667,26.231388888888887],[-79.95866666666667,26.231388888888887],[-79.95666666666666,26.231388888888887],[-79.95466666666667,26.231388888888887],[-79.95266666666667,26.231388888888887],[-79.95066666666666,26.231388888888887],[-79.94866666666667,26.231388888888887],[-79.94666666666667,26.231388888888887],[-79.94466666666668,26.231388888888887],[-79.94266666666667,26.231388888888887],[-79.94066666666667,26.231388888888887],[-79.93866666666668,26.231388888888887],[-79.93666666666667,26.231388888888887],[-79.93466666666667,26.231388888888887],[-79.93266666666668,26.231388888888887],[-79.93066666666667,26.231388888888887],[-79.92866666666667,26.231388888888887],[-79.92666666666668,26.231388888888887],[-79.92466666666667,26.231388888888887],[-79.92266666666667,26.231388888888887],[-79.92066666666668,26.231388888888887],[-79.91866666666667,26.231388888888887],[-79.91666666666667,26.231388888888887],[-79.91466666666668,26.231388888888887],[-79.91266666666667,26.231388888888887],[-79.91066666666667,26.231388888888887],[-79.90866666666668,26.231388888888887],[-79.90666666666667,26.231388888888887],[-79.90466666666667,26.231388888888887],[-79.90266666666668,26.231388888888887],[-79.90066666666667,26.231388888888887],[-79.89866666666667,26.231388888888887],[-79.89666666666668,26.231388888888887],[-79.89466666666668,26.231388888888887],[-79.89266666666667,26.231388888888887],[-79.89066666666668,26.231388888888887],[-79.88866666666668,26.231388888888887],[-79.88666666666667,26.231388888888887],[-79.88466666666667,26.231388888888887],[-79.88266666666667,26.231388888888887],[-79.88066666666666,26.231388888888887],[-79.87866666666666,26.231388888888887],[-79.87666666666667,26.231388888888887],[-79.87466666666666,26.231388888888887],[-79.87266666666666,26.231388888888887],[-79.87066666666666,26.231388888888887],[-79.86866666666666,26.231388888888887],[-79.86666666666666,26.231388888888887],[-79.86466666666666,26.231388888888887],[-79.86266666666666,26.231388888888887],[-79.86066666666666,26.231388888888887],[-79.85866666666666,26.231388888888887],[-79.85666666666665,26.231388888888887],[-79.85466666666666,26.231388888888887],[-79.85266666666666,26.231388888888887],[-79.85066666666665,26.231388888888887],[-79.84866666666666,26.231388888888887],[-79.84666666666666,26.231388888888887],[-79.84466666666667,26.231388888888887],[-79.84266666666666,26.231388888888887],[-79.84066666666666,26.231388888888887],[-79.83866666666667,26.231388888888887],[-79.83666666666666,26.231388888888887],[-79.83466666666666,26.231388888888887],[-79.83266666666667,26.231388888888887],[-79.83066666666666,26.231388888888887],[-79.82866666666666,26.231388888888887],[-79.82666666666667,26.231388888888887],[-79.82466666666666,26.231388888888887],[-79.82426233333332,26.231388888888887]]},"properties":{"style":"solid","thickness":1}},{"type":"Feature","geometry":{"type":"LineString","coordinates":[[-79.78577858333333,26.010833333333334],[-79.78721283333333,26.010833333333334],[-79.78921152777778,26.010833333333334],[-79.79121022222222,26.010833333333334],[-79.79320888888888,26.010833333333334],[-79.79520758333334,26.010833333333334],[-79.79720625,26.010833333333334],[-79.79920494444444,26.010833333333334],[-79.8012036388889,26.010833333333334],[-79.80320230555556,26.010833333333334],[-79.805201,26.010833333333334],[-79.80719969444444,26.010833333333334],[-79.80919836111111,26.010833333333334],[-79.81119705555555,26.010833333333334],[-79.81319572222222,26.010833333333334],[-79.81519441666667,26.010833333333334],[-79.81719311111111,26.010833333333334],[-79.81919177777777,26.010833333333334],[-79.82119047222221,26.010833333333334],[-79.82318913888888,26.010833333333334],[-79.82518783333333,26.010833333333334],[-79.82718652777777,26.010833333333334],[-79.82918519444443,26.010833333333334],[-79.83118388888889,26.010833333333334],[-79.83318258333333,26.010833333333334],[-79.83518124999999,26.010833333333334],[-79.83717994444444,26.010833333333334],[-79.83917861111111,26.010833333333334],[-79.84117730555555,26.010833333333334],[-79.843176,26.010833333333334],[-79.84517466666667,26.010833333333334],[-79.8471733611111,26.010833333333334],[-79.84917205555556,26.010833333333334],[-79.85117072222222,26.010833333333334],[-79.85316941666666,26.010833333333334],[-79.85516808333333,26.010833333333334],[-79.85716677777778,26.010833333333334],[-79.85916547222222,26.010833333333334],[-79.86116413888888,26.010833333333334],[-79.86316283333333,26.010833333333334],[-79.86516152777777,26.010833333333334],[-79.86716019444444,26.010833333333334],[-79.86915888888888,26.010833333333334],[-79.87115755555556,26.010833333333334],[-79.87315625,26.010833333333334],[-79.87515494444443,26.010833333333334],[-79.8771536111111,26.010833333333334],[-79.87915230555555,26.010833333333334],[-79.88041655555556,26.010833333333334]]},"properties":{"style":"solid","thickness":1}},{"type":"Feature","geometry":{"type":"LineString","coordinates":[[-80.22407127777778,26.1675],[-80.22266666666667,26.1675],[-80.22066666666667,26.1675],[-80.21866666666666,26.1675],[-80.21666666666667,26.1675],[-80.21466666666667,26.1675],[-80.21266666666666,26.1675],[-80.21066666666667,26.1675],[-80.20866666666667,26.1675],[-80.20666666666666,26.1675],[-80.20466666666667,26.1675],[-80.20266666666667,26.1675],[-80.20066666666666,26.1675],[-80.19866666666667,26.1675],[-80.19666666666667,26.1675],[-80.19466666666668,26.1675],[-80.19266666666667,26.1675],[-80.19066666666667,26.1675],[-80.18866666666668,26.1675],[-80.18666666666667,26.1675],[-80.18466666666667,26.1675],[-80.18266666666668,26.1675],[-80.18066666666667,26.1675],[-80.17866666666667,26.1675],[-80.17666666666668,26.1675],[-80.17466666666667,26.1675],[-80.17266666666667,26.1675],[-80.17066666666668,26.1675],[-80.16866666666667,26.1675],[-80.16666666666667,26.1675],[-80.16466666666668,26.1675],[-80.16266666666667,26.1675],[-80.16066666666667,26.1675],[-80.15866666666668,26.1675],[-80.15666666666667,26.1675],[-80.15466666666667,26.1675],[-80.15266666666668,26.1675],[-80.15066666666667,26.1675],[-80.14866666666667,26.1675],[-80.14666666666668,26.1675],[-80.14466666666668,26.1675],[-80.14266666666667,26.1675],[-80.14066666666668,26.1675],[-80.13866666666668,26.1675],[-80.13666666666667,26.1675],[-80.13466666666667,26.1675],[-80.13266666666667,26.1675],[-80.13066666666666,26.1675],[-80.12866666666666,26.1675],[-80.12666666666667,26.1675],[-80.12466666666666,26.1675],[-80.12266666666666,26.1675],[-80.12066666666666,26.1675],[-80.11866666666666,26.1675],[-80.11666666666666,26.1675],[-80.11466666666666,26.1675],[-80.11266666666666,26.1675],[-80.11066666666666,26.1675],[-80.10866666666666,26.1675],[-80.10666666666665,26.1675],[-80.10466666666666,26.1675],[-80.10266666666666,26.1675],[-80.10066666666665,26.1675],[-80.09866666666666,26.1675],[-80.09666666666666,26.1675],[-80.09466666666667,26.1675],[-80.09266666666666,26.1675],[-80.09066666666666,26.1675],[-80.08866666666667,26.1675],[-80.08666666666666,26.1675],[-80.08466666666666,26.1675],[-80.08266666666667,26.1675],[-80.08066666666666,26.1675],[-80.07866666666666,26.1675],[-80.07666666666667,26.1675],[-80.07531758333333,26.1675]]},"properties":{"style":"solid","thickness":1}},{"type":"Feature","geometry":{"type":"LineString","coordinates":[[-80.03904188888889,26.010833333333334],[-80.03988094444445,26.010833333333334],[-80.04187675,26.010833333333334],[-80.04387255555555,26.010833333333334],[-80.04586833333333,26.010833333333334],[-80.04786413888888,26.010833333333334],[-80.04985994444445,26.010833333333334],[-80.05185575,26.010833333333334],[-80.05385152777778,26.010833333333334],[-80.05584733333333,26.010833333333334],[-80.05784313888888,26.010833333333334],[-80.05983894444444,26.010833333333334],[-80.06183472222222,26.010833333333334],[-80.06383052777778,26.010833333333334],[-80.06582633333333,26.010833333333334],[-80.06782211111111,26.010833333333334],[-80.06981791666666,26.010833333333334],[-80.07181372222222,26.010833333333334],[-80.07380952777777,26.010833333333334],[-80.07580530555555,26.010833333333334],[-80.07780111111111,26.010833333333334],[-80.07979691666667,26.010833333333334],[-80.08179272222222,26.010833333333334],[-80.0837885,26.010833333333334],[-80.08578430555555,26.010833333333334],[-80.0877801111111,26.010833333333334],[-80.08977591666667,26.010833333333334],[-80.09177169444445,26.010833333333334],[-80.0937675,26.010833333333334],[-80.09576330555555,26.010833333333334],[-80.0977591111111,26.010833333333334],[-80.09975488888888,26.010833333333334],[-80.10175069444443,26.010833333333334],[-80.1037465,26.010833333333334],[-80.10574230555555,26.010833333333334],[-80.10773808333333,26.010833333333334],[-80.10973388888888,26.010833333333334],[-80.11172969444443,26.010833333333334],[-80.11372547222221,26.010833333333334],[-80.11572127777777,26.010833333333334],[-80.11771708333333,26.010833333333334],[-80.11971288888888,26.010833333333334],[-80.12170866666666,26.010833333333334],[-80.12370447222222,26.010833333333334],[-80.12570027777777,26.010833333333334],[-80.12769608333333,26.010833333333334],[-80.1296918611111,26.010833333333334],[-80.13168766666666,26.010833333333334],[-80.13368347222223,26.010833333333334],[-80.13567927777778,26.010833333333334],[-80.13767505555556,26.010833333333334],[-80.13967086111111,26.010833333333334],[-80.14166666666668,26.010833333333334],[-80.14366247222223,26.010833333333334],[-80.14565825000001,26.010833333333334],[-80.14765405555556,26.010833333333334],[-80.14831308333333,26.010833333333334],[-80.1483971388889,26.01087861111111],[-80.14863563888889,26.011006805555557],[-80.14887427777778,26.01113475],[-80.14911305555556,26.0112625],[-80.14935197222223,26.011390055555555],[-80.14959105555556,26.01151736111111],[-80.14983025000001,26.011644472222223],[-80.15006961111112,26.011771361111112],[-80.15030911111111,26.01189802777778],[-80.15054872222223,26.012024472222222],[-80.1507885,26.012150694444443],[-80.15102841666668,26.01227672222222],[-80.15126847222223,26.012402527777777],[-80.1515086388889,26.012528111111113],[-80.15174897222222,26.012653472222222],[-80.15198944444445,26.012778611111113],[-80.15223005555556,26.012903527777777],[-80.15247080555557,26.01302825],[-80.15271169444445,26.01315275],[-80.15295272222222,26.01327702777778],[-80.15319386111112,26.013401083333335],[-80.15343516666667,26.013524916666668],[-80.15367661111112,26.01364852777778],[-80.15391819444444,26.013771944444443],[-80.1541598888889,26.01389511111111],[-80.15440175,26.014018083333333],[-80.15464372222223,26.014140833333332],[-80.15488583333334,26.014263361111112],[-80.15512808333334,26.014385666666666],[-80.1553705,26.01450775],[-80.15561302777779,26.01462961111111],[-80.15585566666667,26.014751277777776],[-80.15609847222223,26.014872694444446],[-80.15634141666668,26.01499388888889],[-80.15658447222222,26.01511488888889],[-80.15682766666667,26.015235666666666],[-80.157071,26.015356194444443],[-80.15731447222223,26.01547652777778],[-80.15755808333334,26.01559663888889],[-80.15780180555556,26.015716527777776],[-80.15804569444445,26.015836194444443],[-80.15828969444445,26.01595563888889],[-80.15853380555556,26.01607486111111],[-80.15877808333335,26.016193861111113],[-80.15902247222223,26.016312638888888],[-80.159267,26.016431222222224],[-80.15951166666667,26.016549555555557],[-80.15975647222223,26.016667666666667],[-80.1600013888889,26.016785555555554],[-80.16024644444445,26.01690325],[-80.1604916388889,26.017020694444444],[-80.16073694444445,26.017137916666666],[-80.1609823888889,26.017254944444442],[-80.16122797222222,26.017371722222222],[-80.16147366666667,26.017488277777776],[-80.1617195,26.01760461111111],[-80.16196547222224,26.01772075],[-80.16221155555556,26.017836638888888],[-80.16245777777779,26.017952305555553],[-80.1627041388889,26.01806775],[-80.16295061111111,26.018183],[-80.16319722222222,26.018297999999998],[-80.16344394444445,26.018412777777776],[-80.16369080555556,26.01852733333333],[-80.16393780555556,26.018641666666667],[-80.16418491666667,26.018755777777777],[-80.16443216666667,26.018869666666667],[-80.16467952777778,26.01898333333333],[-80.16492702777778,26.01909675],[-80.1651746388889,26.01920997222222],[-80.1654223888889,26.01932297222222],[-80.16567025,26.019435722222223],[-80.16591825,26.019548277777776],[-80.16616636111112,26.019660583333334],[-80.16641461111112,26.019772694444445],[-80.16666297222223,26.019884555555553],[-80.16691147222222,26.019996194444442],[-80.16716011111112,26.02010761111111],[-80.16740883333334,26.020218805555555],[-80.16765769444444,26.02032977777778],[-80.16790669444445,26.0204405],[-80.16815580555556,26.020551027777778],[-80.16840502777778,26.020661305555553],[-80.1686543888889,26.02077138888889],[-80.16890386111112,26.020881222222222],[-80.16915347222222,26.020990833333332],[-80.16940319444446,26.02110022222222],[-80.16965302777778,26.021209388888888],[-80.169903,26.021318333333333],[-80.17015308333333,26.021427027777776],[-80.17040330555557,26.0215355],[-80.17065361111112,26.021643777777776],[-80.17090405555555,26.021751805555553],[-80.1711546388889,26.02185961111111],[-80.17140533333334,26.021967166666666],[-80.17165613888889,26.022074527777775],[-80.17190705555556,26.02218163888889],[-80.17215808333334,26.02228852777778],[-80.17240925,26.022395194444442],[-80.17266052777778,26.022501638888887],[-80.17291194444445,26.02260786111111],[-80.17316344444446,26.02271383333333],[-80.17341508333334,26.022819583333334],[-80.17366683333334,26.02292511111111],[-80.17391869444445,26.023030416666664],[-80.17417069444446,26.0231355],[-80.17442280555557,26.023240333333334],[-80.17467502777778,26.023344972222223],[-80.17492736111112,26.023449333333332],[-80.17517980555556,26.0235535],[-80.17543236111112,26.023657444444442],[-80.17568505555556,26.023761138888887],[-80.17593783333334,26.02386461111111],[-80.17619075,26.02396786111111],[-80.17644377777778,26.02407086111111],[-80.17669691666667,26.024173666666666],[-80.17695016666667,26.02427622222222],[-80.17720355555556,26.024378555555554],[-80.17745702777778,26.02448063888889],[-80.17771061111111,26.024582499999998],[-80.17796433333334,26.024684138888887],[-80.1782181388889,26.024785555555553],[-80.17847208333333,26.02488675],[-80.17872613888889,26.024987694444444],[-80.17898027777778,26.025088416666666],[-80.17923455555557,26.025188888888888],[-80.17948894444444,26.025289166666667],[-80.17974344444445,26.025389194444443],[-80.17999802777778,26.02548897222222],[-80.18025275000001,26.025588555555554],[-80.18050758333334,26.02568788888889],[-80.1807625,26.025786999999998],[-80.18101755555556,26.02588586111111],[-80.18127272222223,26.025984527777776],[-80.18152797222223,26.026082944444443],[-80.18178333333334,26.02618111111111],[-80.18203883333334,26.026279055555555],[-80.18229441666666,26.026376777777777],[-80.18255011111111,26.026474277777776],[-80.18280591666667,26.026571527777776],[-80.18306183333334,26.026668555555556],[-80.18331786111112,26.02676536111111],[-80.18357400000001,26.026861916666665],[-80.18383022222223,26.02695825],[-80.18408658333334,26.027054333333332],[-80.18434302777779,26.02715022222222],[-80.18459958333334,26.027245833333332],[-80.18485625000001,26.02734125],[-80.18511302777779,26.027436416666667],[-80.18536988888889,26.02753136111111],[-80.18562688888889,26.027626055555555],[-80.18588397222223,26.027720527777777],[-80.18614116666667,26.027814777777778],[-80.18639844444445,26.02790877777778],[-80.18665586111112,26.028002555555556],[-80.18691336111111,26.02809608333333],[-80.18717097222222,26.028189388888887],[-80.18742866666668,26.028282472222223],[-80.1876865,26.028375305555553],[-80.18794441666667,26.028467916666667],[-80.18820241666667,26.02856027777778],[-80.18846055555557,26.028652416666667],[-80.18871877777778,26.028744333333332],[-80.18897711111111,26.028836],[-80.18923552777778,26.028927444444445],[-80.18949405555556,26.02901863888889],[-80.18975269444445,26.02910961111111],[-80.19001141666666,26.02920036111111],[-80.19027025,26.02929086111111],[-80.19052919444445,26.02938111111111],[-80.19078822222222,26.029471166666667],[-80.19104736111112,26.029560944444444],[-80.19130658333334,26.029650527777775],[-80.19156591666668,26.029739833333334],[-80.19182536111111,26.029828944444443],[-80.1920848888889,26.029917805555556],[-80.19234452777778,26.030006416666666],[-80.19260425,26.030094805555553],[-80.19286408333333,26.03018297222222],[-80.193124,26.03027088888889],[-80.19338402777778,26.03035858333333],[-80.1936441388889,26.030446027777778],[-80.19390436111111,26.03053322222222],[-80.19416466666667,26.03062019444444],[-80.19442508333334,26.030706944444443],[-80.19468558333334,26.030793444444445],[-80.19494619444446,26.03087972222222],[-80.19520688888889,26.03096575],[-80.19546766666667,26.031051555555553],[-80.19572855555556,26.03113711111111],[-80.19598952777778,26.031222444444442],[-80.19625061111111,26.031307527777777],[-80.19651177777779,26.03139238888889],[-80.19677305555555,26.031477],[-80.19703441666667,26.03156138888889],[-80.19729586111112,26.031645527777776],[-80.19755741666667,26.031729416666664],[-80.19781905555556,26.03181311111111],[-80.19808077777778,26.03189652777778],[-80.19834261111112,26.03197972222222],[-80.19860452777777,26.032062694444445],[-80.19886652777778,26.032145416666665],[-80.1991286388889,26.032227888888887],[-80.19939083333334,26.03231013888889],[-80.19965311111112,26.032392138888888],[-80.1999155,26.032473916666667],[-80.20017797222222,26.032555444444444],[-80.20044052777779,26.032636749999998],[-80.20070316666667,26.032717805555556],[-80.20096588888889,26.032798638888888],[-80.20122872222223,26.03287922222222],[-80.2014916388889,26.032959555555554],[-80.20175463888889,26.033039666666667],[-80.20201775,26.033119527777778],[-80.20228091666667,26.033199166666666],[-80.20254419444444,26.033278555555555],[-80.20280755555555,26.033357722222224],[-80.20307100000001,26.03343663888889],[-80.20333452777778,26.033515305555557],[-80.20359816666667,26.03359375],[-80.20386186111111,26.033671944444446],[-80.20412566666667,26.033749916666668],[-80.20438955555557,26.03382763888889],[-80.2046535,26.033905111111114],[-80.20491755555555,26.033982361111114],[-80.20518169444445,26.03405936111111],[-80.20544594444445,26.03413613888889],[-80.20571025000001,26.03421266666667],[-80.20597463888889,26.034288944444445],[-80.20623911111112,26.034365],[-80.20650369444445,26.03444080555556],[-80.20676833333333,26.034516361111113],[-80.20703305555556,26.034591694444448],[-80.20729788888889,26.03466677777778],[-80.20756277777778,26.03474163888889],[-80.20782775,26.034816250000002],[-80.20809283333334,26.034890611111113],[-80.20835797222223,26.03496475],[-80.20862319444444,26.035038638888892],[-80.20888852777779,26.035112305555558],[-80.20915391666666,26.035185694444447],[-80.20941938888889,26.03525888888889],[-80.20968494444445,26.035331805555558],[-80.20995058333334,26.035404500000002],[-80.21021630555556,26.035476944444447],[-80.21048208333333,26.03554913888889],[-80.21074797222222,26.035621111111112],[-80.21101394444445,26.035692833333336],[-80.21127997222223,26.035764333333336],[-80.21154608333333,26.035835583333334],[-80.21181227777778,26.035906583333336],[-80.21207855555556,26.035977333333335],[-80.21234491666667,26.03604786111111],[-80.21261133333334,26.03611813888889],[-80.21287786111111,26.036188194444446],[-80.21314444444445,26.036257972222224],[-80.21341111111111,26.03632755555556],[-80.21367786111111,26.03639686111111],[-80.21394466666666,26.036465944444448],[-80.21421155555556,26.036534777777778],[-80.21447852777779,26.036603361111112],[-80.21474558333334,26.036671694444447],[-80.21501272222223,26.036739805555555],[-80.21527991666667,26.036807666666668],[-80.21554719444445,26.036875305555558],[-80.21581452777778,26.036942694444445],[-80.21608197222223,26.037009833333336],[-80.21634944444445,26.037076722222224],[-80.21661702777779,26.03714338888889],[-80.21688466666667,26.03720977777778],[-80.21715238888889,26.037275972222226],[-80.21742019444444,26.03734188888889],[-80.21768805555556,26.037407583333334],[-80.217956,26.03747302777778],[-80.21822402777778,26.037538222222224],[-80.21849211111112,26.037603166666667],[-80.21876025,26.03766788888889],[-80.21902850000001,26.037732361111114],[-80.21929677777779,26.037796583333336],[-80.21956516666667,26.037860583333334],[-80.21983361111111,26.037924333333336],[-80.22010211111112,26.037987833333336],[-80.22037069444444,26.038051083333336],[-80.22063936111111,26.038114111111113],[-80.22090808333334,26.03817686111111],[-80.22117686111112,26.03823938888889],[-80.22144572222223,26.038301694444446],[-80.22171466666667,26.038363722222226],[-80.22198366666667,26.03842552777778],[-80.22225275,26.038487083333337],[-80.22252188888889,26.03854838888889],[-80.22279108333333,26.038609444444447],[-80.22306036111111,26.03867027777778],[-80.22332969444444,26.038730861111112],[-80.22359911111111,26.038791194444446],[-80.22386858333334,26.03885127777778],[-80.22413811111112,26.038911138888892],[-80.22440772222222,26.03897075],[-80.22467741666667,26.039030083333333],[-80.2249471388889,26.039089222222223],[-80.22521694444444,26.039148083333334],[-80.22548683333333,26.039206722222225],[-80.22575675,26.039265083333333],[-80.22602675,26.039323222222222],[-80.22629683333334,26.039381138888892],[-80.22656694444444,26.03943877777778],[-80.2268371388889,26.03949616666667],[-80.22710741666667,26.039553333333334],[-80.22737772222223,26.039610250000003],[-80.22764811111111,26.03966691666667],[-80.22791855555556,26.03972336111111],[-80.22818905555556,26.039779527777778],[-80.22845963888889,26.039835472222222],[-80.22873027777779,26.039891166666667],[-80.22900097222222,26.039946611111112],[-80.22927172222222,26.04000180555556],[-80.22954255555555,26.040056777777778],[-80.22981341666667,26.040111472222225],[-80.23008436111111,26.040165944444446],[-80.23035536111111,26.040220166666668],[-80.23062641666667,26.04027413888889],[-80.23089755555556,26.040327861111113],[-80.23116872222222,26.040381361111113],[-80.23143997222222,26.040434583333337],[-80.23171125,26.040487583333334],[-80.2319826111111,26.040540333333336],[-80.23225402777778,26.040592833333335],[-80.23252550000001,26.040645083333334],[-80.23279702777778,26.04069711111111],[-80.23306861111111,26.040748861111112],[-80.23334027777778,26.04080038888889],[-80.23361197222222,26.04085166666667],[-80.23388372222222,26.040902666666668],[-80.23415555555556,26.040953472222224],[-80.23442741666666,26.041004],[-80.23469936111111,26.04105427777778],[-80.23497133333333,26.041104333333337],[-80.23524338888889,26.041154111111112],[-80.23551547222222,26.041203666666668],[-80.2357876388889,26.041252972222225],[-80.23605983333333,26.04130202777778],[-80.23633208333334,26.041350833333336],[-80.23660441666667,26.041399416666668],[-80.23687677777778,26.041447722222223],[-80.23714919444444,26.041495805555556],[-80.23742166666666,26.041543611111113],[-80.23769419444444,26.041591194444447],[-80.23796677777779,26.041638527777778],[-80.23823941666667,26.041685611111113],[-80.2385121111111,26.041732444444445],[-80.23878483333334,26.04177902777778],[-80.23905761111111,26.041825388888892],[-80.23933047222222,26.041871472222223],[-80.23960336111111,26.041917333333334],[-80.23987630555555,26.041962944444446],[-80.24014930555556,26.04200827777778],[-80.24042233333333,26.042053388888892],[-80.24069541666667,26.042098250000002],[-80.24096858333334,26.042142861111113],[-80.24124175,26.04218725],[-80.241515,26.042231361111114],[-80.24178830555556,26.042275222222223],[-80.24206163888888,26.042318861111113],[-80.24233502777778,26.042362222222224],[-80.24260844444444,26.04240536111111],[-80.24288194444445,26.042448250000003],[-80.24315547222223,26.042490861111112],[-80.24342905555555,26.04253325],[-80.24370266666666,26.042575388888892],[-80.24397633333334,26.04261727777778],[-80.24425005555555,26.042658944444447],[-80.24452383333333,26.042700333333336],[-80.24479763888888,26.042741472222225],[-80.2450715,26.04278238888889],[-80.2453453888889,26.04282302777778],[-80.24561933333334,26.042863444444446],[-80.24589333333333,26.042903583333334],[-80.2461673611111,26.042943500000003],[-80.24644144444444,26.04298316666667],[-80.24671555555555,26.043022583333336],[-80.24698972222222,26.043061722222223],[-80.24726394444444,26.04310063888889],[-80.24753819444445,26.043139305555556],[-80.2478125,26.043177722222225],[-80.24808683333333,26.043215916666668],[-80.24836122222223,26.043253833333335],[-80.24863563888889,26.043291500000002],[-80.24891011111112,26.043328916666667],[-80.24918461111112,26.043366111111112],[-80.24945916666667,26.043403027777778],[-80.24973375,26.043439722222224],[-80.25000838888889,26.04347613888889],[-80.25028305555556,26.043512333333336],[-80.25055775,26.04354825],[-80.2508325,26.043583944444446],[-80.25110730555555,26.043619388888892],[-80.25138211111111,26.043654583333335],[-80.251657,26.043689500000003],[-80.25193188888889,26.043724194444447],[-80.25220683333333,26.04375863888889],[-80.25248183333333,26.043792833333335],[-80.25275683333334,26.04382677777778],[-80.25303188888888,26.043860472222224],[-80.253307,26.04389391666667],[-80.25358213888889,26.043927111111113],[-80.25385730555556,26.04396005555556],[-80.2541325,26.04399275],[-80.25440775,26.044025194444448],[-80.25468302777777,26.044057416666668],[-80.25495833333333,26.044089361111112],[-80.25523369444444,26.044121055555557],[-80.25550908333334,26.044152500000003],[-80.2557845,26.044183722222225],[-80.25605994444444,26.04421466666667],[-80.25633544444445,26.044245361111113],[-80.25661094444445,26.044275833333334],[-80.2568865,26.04430602777778],[-80.25716208333333,26.044336],[-80.25743772222222,26.044365694444448],[-80.25771336111112,26.04439513888889],[-80.25798905555556,26.044424361111112],[-80.25826477777778,26.044453305555557],[-80.25854052777778,26.04448202777778],[-80.25881630555556,26.044510472222225],[-80.25909213888889,26.044538694444444],[-80.25936797222222,26.04456663888889],[-80.25964386111112,26.044594361111113],[-80.25991975,26.044621805555558],[-80.26019569444445,26.04464902777778],[-80.26047166666666,26.044676000000003],[-80.26074766666666,26.044702694444446],[-80.26102369444445,26.04472916666667],[-80.26129975,26.04475536111111],[-80.26157583333334,26.044781333333336],[-80.26185194444444,26.04480702777778],[-80.26212808333334,26.044832500000002],[-80.26240427777778,26.044857722222226],[-80.26268047222223,26.04488266666667],[-80.26295669444444,26.04490738888889],[-80.26323294444444,26.044931833333337],[-80.26350922222223,26.044956055555556],[-80.26378552777778,26.04498002777778],[-80.26406186111112,26.045003722222223],[-80.26433822222222,26.045027194444447],[-80.26461461111111,26.04505038888889],[-80.26489102777778,26.04507336111111],[-80.26516747222222,26.045096055555558],[-80.26544394444444,26.04511852777778],[-80.26572041666667,26.045140722222225],[-80.26599694444444,26.045162694444446],[-80.26627347222222,26.04518438888889],[-80.26655002777778,26.045205861111114],[-80.26682661111111,26.045227055555557],[-80.26710322222222,26.04524802777778],[-80.26737986111111,26.045268722222225],[-80.2676565,26.045289194444447],[-80.26793319444444,26.045309388888892],[-80.26820988888889,26.045329333333335],[-80.26848661111111,26.04534905555556],[-80.26876333333334,26.045368500000002],[-80.26904011111111,26.045387722222223],[-80.2693168888889,26.04540666666667],[-80.26959369444444,26.045425361111114],[-80.26987052777778,26.045443805555557],[-80.27014736111111,26.04546202777778],[-80.27042425,26.045479972222225],[-80.27070113888888,26.04549766666667],[-80.27097802777777,26.04551511111111],[-80.27125497222222,26.045532305555557],[-80.27153191666666,26.04554927777778],[-80.27180886111111,26.045565972222224],[-80.27208586111111,26.04558241666667],[-80.2723628611111,26.045598611111114],[-80.27263986111112,26.045614555555556],[-80.27291691666666,26.045630250000002],[-80.27319394444444,26.045645694444445],[-80.27347102777777,26.04566088888889],[-80.2737481111111,26.045675833333334],[-80.27402522222222,26.04569052777778],[-80.27430233333334,26.045704972222225],[-80.27457947222221,26.04571913888889],[-80.2748566111111,26.045733083333335],[-80.27513377777778,26.04574677777778],[-80.27541097222222,26.045760222222224],[-80.27568816666667,26.04577338888889],[-80.276039,26.045789694444448]]},"properties":{"style":"solid","thickness":1}},{"type":"Feature","geometry":{"type":"LineString","coordinates":[[-80.32002266666666,26.1675],[-80.31866666666666,26.1675],[-80.31666666666666,26.1675],[-80.31466666666667,26.1675],[-80.31266666666666,26.1675],[-80.31066666666666,26.1675],[-80.30866666666667,26.1675],[-80.30666666666666,26.1675],[-80.30466666666666,26.1675],[-80.30266666666667,26.1675],[-80.30066666666666,26.1675],[-80.29866666666666,26.1675],[-80.29666666666667,26.1675],[-80.29466666666667,26.1675],[-80.29266666666666,26.1675],[-80.29066666666667,26.1675],[-80.28866666666667,26.1675],[-80.28666666666666,26.1675],[-80.28466666666667,26.1675],[-80.28266666666667,26.1675],[-80.28066666666666,26.1675],[-80.27866666666667,26.1675],[-80.27666666666667,26.1675],[-80.27466666666666,26.1675],[-80.27266666666667,26.1675],[-80.27066666666667,26.1675],[-80.26866666666666,26.1675],[-80.26666666666667,26.1675],[-80.26466666666667,26.1675],[-80.26266666666666,26.1675],[-80.26066666666667,26.1675],[-80.25866666666667,26.1675],[-80.25666666666666,26.1675],[-80.25466666666667,26.1675],[-80.25266666666667,26.1675],[-80.25066666666666,26.1675],[-80.24866666666667,26.1675],[-80.24666666666667,26.1675],[-80.24466666666667,26.1675],[-80.24266666666666,26.1675],[-80.24066666666667,26.1675],[-80.23866666666667,26.1675],[-80.23666666666666,26.1675],[-80.23466666666667,26.1675],[-80.23266666666667,26.1675],[-80.23066666666666,26.1675],[-80.22866666666667,26.1675],[-80.22666666666667,26.1675],[-80.22466666666666,26.1675],[-80.22407127777778,26.1675],[-80.22421133333333,26.167411277777777],[-80.22431736111112,26.167343944444447],[-80.22442333333333,26.1672765],[-80.22452922222223,26.167208972222223],[-80.22463505555555,26.167141333333333],[-80.22474077777778,26.167073611111114],[-80.22484644444445,26.167005777777778],[-80.22495205555556,26.166937861111112],[-80.22505755555555,26.166869861111113],[-80.225163,26.16680175],[-80.22526836111112,26.16673352777778],[-80.22537366666667,26.166665249999998],[-80.22547886111111,26.166596833333333],[-80.225584,26.16652836111111],[-80.22568908333334,26.166459777777778],[-80.22579405555555,26.16639108333333],[-80.22589897222223,26.166322305555553],[-80.22600380555556,26.166253444444443],[-80.22610855555556,26.16618447222222],[-80.22621325,26.166115416666667],[-80.22631783333334,26.166046277777777],[-80.22642236111112,26.165977027777778],[-80.22652680555555,26.165907694444442],[-80.22663119444445,26.16583825],[-80.22673547222223,26.16576872222222],[-80.22683969444445,26.165699083333333],[-80.22694383333334,26.165629361111108],[-80.22704791666666,26.165559555555554],[-80.2271518888889,26.165489666666666],[-80.22725580555556,26.165419666666665],[-80.22735963888888,26.165349555555554],[-80.22746338888889,26.16527936111111],[-80.22756705555555,26.16520908333333],[-80.22767066666667,26.16513872222222],[-80.22777416666666,26.165068249999997],[-80.22787761111111,26.164997694444445],[-80.22798097222223,26.164927027777775],[-80.22808425,26.164856277777776],[-80.22818747222222,26.164785444444444],[-80.22829058333333,26.1647145],[-80.22839363888889,26.16464347222222],[-80.22849661111111,26.16457236111111],[-80.2285995,26.164501138888888],[-80.22870230555556,26.164429833333333],[-80.22880502777778,26.164358444444442],[-80.22890769444444,26.16428694444444],[-80.22901025,26.16421536111111],[-80.22911275,26.164143694444444],[-80.22921516666666,26.164071916666664],[-80.22931750000001,26.164000055555555],[-80.22941975,26.16392808333333],[-80.22952191666667,26.163856055555556],[-80.22962402777777,26.163783916666667],[-80.22972602777779,26.163711666666664],[-80.22982797222222,26.16363936111111],[-80.22992983333333,26.163566944444444],[-80.23003158333333,26.163494416666666],[-80.23013327777778,26.16342183333333],[-80.23023488888889,26.163349138888886],[-80.23033644444445,26.16327636111111],[-80.23043788888889,26.16320347222222],[-80.23053925,26.163130499999998],[-80.23064052777778,26.163057444444444],[-80.23074175,26.162984305555554],[-80.23084286111111,26.162911055555554],[-80.23094391666667,26.16283772222222],[-80.23104488888889,26.162764305555555],[-80.23114575,26.162690777777776],[-80.23124655555556,26.162617194444444],[-80.23134727777779,26.162543499999998],[-80.23144791666667,26.162469694444443],[-80.23154847222223,26.16239583333333],[-80.23164894444444,26.16232186111111],[-80.23174933333334,26.162247805555555],[-80.23184963888889,26.162173638888888],[-80.23194986111112,26.162099388888887],[-80.23205,26.162025083333333],[-80.23215005555556,26.161950638888886],[-80.23225005555555,26.16187613888889],[-80.23234994444445,26.161801527777776],[-80.23244975,26.161726833333333],[-80.23254947222222,26.161652055555553],[-80.23264913888889,26.161577194444444],[-80.23274869444445,26.16150222222222],[-80.23284816666667,26.161427166666666],[-80.23294755555555,26.161352027777777],[-80.2330468888889,26.161276805555556],[-80.23314611111111,26.16120147222222],[-80.23324525,26.161126055555552],[-80.23334430555556,26.161050555555555],[-80.23344330555555,26.16097497222222],[-80.23354219444444,26.160899277777776],[-80.233641,26.160823527777776],[-80.23373972222223,26.160747666666666],[-80.23383836111111,26.160671722222222],[-80.23393691666666,26.160595666666666],[-80.23403538888888,26.160519555555553],[-80.23413377777779,26.160443333333333],[-80.23423208333334,26.160367027777777],[-80.23433030555556,26.16029063888889],[-80.23442844444445,26.160214166666666],[-80.2345265,26.16013758333333],[-80.23462447222222,26.160060944444442],[-80.23472233333334,26.159984194444444],[-80.23482013888889,26.15990736111111],[-80.23491783333334,26.15983044444444],[-80.23501547222223,26.159753416666664],[-80.235113,26.159676333333334],[-80.23521044444445,26.159599138888886],[-80.23530783333334,26.15952186111111],[-80.2354051111111,26.1594445],[-80.23550230555556,26.159367055555553],[-80.23559941666667,26.1592895],[-80.23569641666667,26.159211888888887],[-80.2357933611111,26.159134166666664],[-80.23589022222222,26.15905636111111],[-80.23598697222222,26.15897847222222],[-80.23608366666667,26.158900499999998],[-80.23618025,26.158822444444443],[-80.23627675,26.158744277777778],[-80.23637316666667,26.158666055555553],[-80.2364695,26.158587722222222],[-80.23656575,26.158509305555555],[-80.23666188888889,26.158430805555554],[-80.23675797222222,26.15835222222222],[-80.23685394444445,26.158273555555553],[-80.23694986111111,26.158194805555553],[-80.23704566666667,26.158115944444443],[-80.23714136111111,26.158037027777777],[-80.23723700000001,26.157957999999997],[-80.23733255555555,26.157878888888888],[-80.237428,26.157799722222222],[-80.23752338888889,26.157720444444443],[-80.23761866666666,26.15764108333333],[-80.23771386111112,26.15756161111111],[-80.23780894444444,26.15748208333333],[-80.23790397222223,26.15740247222222],[-80.2379988888889,26.15732275],[-80.23809375,26.15724297222222],[-80.2381885,26.15716308333333],[-80.23828313888889,26.157083138888886],[-80.23837772222222,26.157003083333333],[-80.23847219444444,26.156922944444442],[-80.23856661111111,26.15684272222222],[-80.23866091666667,26.156762416666666],[-80.23875511111112,26.156682027777777],[-80.23884925,26.156601555555554],[-80.23894327777778,26.156520999999998],[-80.23903725,26.15644036111111],[-80.2391311111111,26.15635961111111],[-80.23922486111111,26.156278805555555],[-80.23931855555556,26.156197916666667],[-80.2394121388889,26.156116916666665],[-80.23950563888889,26.15603586111111],[-80.23959905555556,26.155954694444443],[-80.23969236111111,26.155873472222222],[-80.23978561111112,26.155792138888888],[-80.23987875,26.155710749999997],[-80.23997177777778,26.155629249999997],[-80.24006475,26.155547666666664],[-80.24015761111112,26.155466027777777],[-80.2402503888889,26.155384277777777],[-80.24034308333333,26.155302444444445],[-80.24043566666667,26.155220555555555],[-80.24052816666666,26.155138555555553],[-80.24062058333334,26.15505647222222],[-80.24071291666667,26.15497433333333],[-80.24080513888889,26.154892083333333],[-80.24089727777778,26.15480975],[-80.24098933333333,26.154727333333334],[-80.24108130555555,26.15464486111111],[-80.24117316666667,26.154562277777778],[-80.24126494444444,26.15447961111111],[-80.24135661111112,26.154396888888886],[-80.24144822222222,26.154314055555552],[-80.24153969444444,26.154231166666666],[-80.24163111111112,26.154148166666666],[-80.24172241666666,26.154065083333332],[-80.24181363888889,26.153981944444443],[-80.24190477777778,26.153898694444443],[-80.24199580555556,26.153815388888887],[-80.24208675,26.153731999999998],[-80.24217761111112,26.1536485],[-80.24226838888889,26.153564944444444],[-80.24235905555555,26.153481305555555],[-80.24244961111111,26.153397555555554],[-80.24254011111111,26.15331375],[-80.2426305,26.15322986111111],[-80.24272077777778,26.153145888888886],[-80.24281097222223,26.153061833333332],[-80.24290108333334,26.15297769444444],[-80.24299111111111,26.15289347222222],[-80.24308102777778,26.152809194444444],[-80.24317086111111,26.152724805555554],[-80.24326058333334,26.15264033333333],[-80.24335022222222,26.152555805555554],[-80.24343977777778,26.152471166666665],[-80.24352922222222,26.152386472222222],[-80.24361858333333,26.152301694444443],[-80.24370786111112,26.15221683333333],[-80.24379702777777,26.15213188888889],[-80.24388611111111,26.15204686111111],[-80.24397508333334,26.151961749999998],[-80.24406397222222,26.151876555555553],[-80.24415277777778,26.151791305555555],[-80.24424147222223,26.151705944444444],[-80.24433005555555,26.151620527777776],[-80.24441858333333,26.151535],[-80.244507,26.151449416666665],[-80.24459530555556,26.151363749999998],[-80.24468352777778,26.151277999999998],[-80.24477166666667,26.151192194444445],[-80.24485969444444,26.151106277777778],[-80.24494763888889,26.151020305555555],[-80.24503547222223,26.150934222222222],[-80.24512322222222,26.150848083333333],[-80.24521086111112,26.15076186111111],[-80.24529841666667,26.150675555555555],[-80.24538588888889,26.150589194444443],[-80.24547325,26.15050272222222],[-80.24556052777778,26.150416194444443],[-80.24564769444444,26.150329555555555],[-80.24573477777778,26.15024286111111],[-80.24582175,26.150156083333332],[-80.24590863888889,26.150069249999998],[-80.24599541666667,26.149982305555554],[-80.24608211111111,26.149895305555557],[-80.24616869444445,26.149808194444443],[-80.24625519444444,26.149721027777776],[-80.24634158333333,26.149633805555556],[-80.24642788888889,26.149546472222223],[-80.24651411111111,26.149459083333333],[-80.24660022222223,26.149371583333334],[-80.24668622222222,26.149284027777778],[-80.24677213888889,26.14919638888889],[-80.24685797222223,26.149108694444443],[-80.24694366666667,26.149020888888888],[-80.24702930555556,26.148933027777776],[-80.24711483333333,26.148845083333335],[-80.24720025,26.148757083333333],[-80.24728558333334,26.14866897222222],[-80.24737080555556,26.148580805555554],[-80.24745594444444,26.148492555555556],[-80.247541,26.148404222222222],[-80.24762591666666,26.148315805555555],[-80.24771077777778,26.148227333333335],[-80.2477955,26.148138777777778],[-80.24788016666666,26.148050138888888],[-80.24796469444445,26.147961416666668],[-80.24804913888889,26.147872638888888],[-80.2481335,26.14778377777778],[-80.24821775,26.147694833333333],[-80.24830188888889,26.147605805555553],[-80.24838594444445,26.14751672222222],[-80.24846988888889,26.147427555555556],[-80.24855375,26.147338305555554],[-80.2486375,26.147249],[-80.24872116666667,26.147159583333334],[-80.24880472222222,26.14707013888889],[-80.24888819444445,26.14698058333333],[-80.24897155555556,26.14689097222222],[-80.24905480555556,26.14680125],[-80.24913797222223,26.1467115],[-80.24922102777778,26.146621638888888],[-80.24930397222222,26.14653172222222],[-80.24938683333333,26.14644172222222],[-80.24946961111111,26.146351638888888],[-80.24955225000001,26.146261499999998],[-80.24963483333333,26.14617127777778],[-80.24971727777778,26.146081],[-80.24979963888889,26.14599061111111],[-80.2498818888889,26.145900166666667],[-80.24996405555555,26.145809666666665],[-80.25004611111112,26.145719055555556],[-80.25012808333334,26.145628388888888],[-80.25020994444445,26.145537666666666],[-80.25029169444444,26.145446833333335],[-80.25037336111112,26.145355944444443],[-80.25045491666667,26.145265],[-80.25053636111112,26.145173944444444],[-80.25061772222222,26.14508286111111],[-80.25069897222222,26.144991666666666],[-80.25078011111111,26.144900416666665],[-80.25086116666667,26.14480908333333],[-80.25094211111112,26.144717666666665],[-80.25102297222222,26.144626194444445],[-80.25110369444444,26.144534666666665],[-80.25118436111111,26.14444302777778],[-80.25126488888888,26.144351333333333],[-80.25134533333333,26.144259583333334],[-80.25142566666666,26.14416772222222],[-80.25150591666667,26.144075833333332],[-80.25158605555555,26.143983833333333],[-80.25166608333333,26.143891777777778],[-80.251746,26.143799666666666],[-80.25182583333333,26.143707444444445],[-80.25190555555555,26.143615166666667],[-80.25198519444444,26.143522833333332],[-80.25206469444444,26.143430416666668],[-80.25214411111111,26.143337916666667],[-80.25222344444444,26.14324536111111],[-80.25230266666667,26.14315275],[-80.25238175,26.14306002777778],[-80.25246077777778,26.142967249999998],[-80.25253966666666,26.142874416666665],[-80.25261847222222,26.142781499999998],[-80.25269716666666,26.1426885],[-80.25277577777777,26.142595444444446],[-80.25285425,26.142502305555556],[-80.2529326388889,26.14240911111111],[-80.25301094444444,26.14231583333333],[-80.25308911111111,26.1422225],[-80.25316719444444,26.142129083333334],[-80.25324516666667,26.142035611111112],[-80.25332305555555,26.141942055555557],[-80.25340080555556,26.141848416666665],[-80.25347847222223,26.14175472222222],[-80.25355602777778,26.141660972222223],[-80.25363347222222,26.141567138888888],[-80.25371083333333,26.14147322222222],[-80.25378808333333,26.14137925],[-80.25386522222222,26.141285222222223],[-80.25394225,26.141191111111112],[-80.25401919444444,26.141096916666665],[-80.25409602777778,26.141002666666665],[-80.25417275,26.140908333333332],[-80.2542493611111,26.140813944444442],[-80.25432588888889,26.1407195],[-80.25440230555556,26.140624972222223],[-80.25447861111111,26.14053036111111],[-80.25455480555556,26.140435694444445],[-80.25463088888888,26.140340972222223],[-80.25470688888889,26.140246166666667],[-80.25478277777778,26.14015127777778],[-80.25485855555556,26.140056333333334],[-80.25493422222222,26.139961333333332],[-80.25500980555556,26.13986625],[-80.25508525,26.13977111111111],[-80.25516061111111,26.13967588888889],[-80.25523586111112,26.13958061111111],[-80.25531102777778,26.13948525],[-80.25538605555556,26.139389833333333],[-80.255461,26.139294361111112],[-80.25553580555555,26.139198805555555],[-80.25561055555555,26.139103166666665],[-80.25568516666667,26.139007499999998],[-80.25575966666666,26.138911722222222],[-80.25583408333334,26.138815916666665],[-80.25590836111111,26.138720027777776],[-80.25598255555556,26.138624055555557],[-80.2560566388889,26.138528027777777],[-80.25613063888889,26.138431944444445],[-80.2562045,26.138335777777776],[-80.25627827777778,26.138239555555554],[-80.25635191666667,26.13814327777778],[-80.25642547222222,26.138046916666667],[-80.25649891666667,26.1379505],[-80.25657225,26.137854],[-80.2566455,26.137757444444443],[-80.25671861111111,26.13766083333333],[-80.25679163888888,26.137564138888887],[-80.25686452777778,26.13746738888889],[-80.25693733333334,26.137370555555556],[-80.25701002777778,26.137273666666665],[-80.25708261111112,26.13717672222222],[-80.25715511111112,26.137079694444445],[-80.25722747222223,26.13698261111111],[-80.25729972222223,26.13688547222222],[-80.25737188888888,26.13678825],[-80.25744394444445,26.136690972222222],[-80.25751588888889,26.13659363888889],[-80.25758772222223,26.13649622222222],[-80.25765944444444,26.136398749999998],[-80.25773105555555,26.136301222222222],[-80.25780255555556,26.13620361111111],[-80.25787397222223,26.136105944444445],[-80.25794525,26.136008222222223],[-80.25801644444445,26.135910416666665],[-80.2580875,26.135812555555557],[-80.25815847222222,26.13571463888889],[-80.25822933333333,26.135616638888887],[-80.25830008333334,26.135518583333333],[-80.25837072222222,26.135420472222222],[-80.25844125,26.135322305555555],[-80.25851166666666,26.135224055555554],[-80.258582,26.13512575],[-80.25865219444445,26.13502738888889],[-80.25872227777778,26.134928944444443],[-80.25879227777777,26.134830444444443],[-80.25886213888889,26.13473188888889],[-80.25893191666667,26.134633277777777],[-80.25900158333333,26.134534583333334],[-80.25907111111111,26.13443583333333],[-80.25914055555556,26.13433702777778],[-80.25920988888889,26.13423813888889],[-80.25927911111111,26.13413922222222],[-80.25934822222223,26.13404022222222],[-80.25941722222223,26.13394113888889],[-80.25948611111112,26.133842027777778],[-80.25955488888889,26.133742833333333],[-80.25962355555555,26.13364358333333],[-80.25969211111111,26.133544277777776],[-80.25976055555556,26.133444916666665],[-80.25982888888889,26.13334547222222],[-80.25989713888889,26.133245972222223],[-80.25996525,26.133146416666666],[-80.26003325,26.133046805555555],[-80.26010116666667,26.13294711111111],[-80.26016894444444,26.13284738888889],[-80.26023661111111,26.132747583333334],[-80.26030419444444,26.132647722222224],[-80.26037163888888,26.132547777777777],[-80.26043897222222,26.132447805555557],[-80.26050622222222,26.13234775],[-80.26057333333334,26.132247638888888],[-80.26064036111111,26.132147472222222],[-80.26070725,26.13204725],[-80.26077402777777,26.131946972222224],[-80.26084072222223,26.13184661111111],[-80.26090727777778,26.131746222222223],[-80.26097372222222,26.13164575],[-80.26104008333333,26.131545222222222],[-80.26110630555556,26.13144461111111],[-80.26117241666667,26.131343972222222],[-80.26123844444444,26.131243277777777],[-80.26130433333333,26.1311425],[-80.2613701111111,26.13104166666667],[-80.26143580555555,26.130940777777777],[-80.26150136111112,26.130839833333333],[-80.26156680555556,26.130738833333332],[-80.26163213888888,26.13063777777778],[-80.26169736111112,26.130536638888888],[-80.26176247222222,26.130435472222224],[-80.26182747222222,26.130334222222224],[-80.26189236111111,26.130232916666667],[-80.26195713888889,26.130131583333334],[-80.26202180555556,26.130030166666668],[-80.26208636111112,26.129928694444445],[-80.26215080555555,26.12982713888889],[-80.26221511111112,26.129725555555556],[-80.26227933333334,26.129623916666667],[-80.26234344444444,26.129522194444444],[-80.26240741666666,26.129420444444445],[-80.26247130555555,26.129318611111113],[-80.26253505555556,26.12921672222222],[-80.26259872222222,26.129114805555556],[-80.26266225,26.129012805555558],[-80.26272566666667,26.12891075],[-80.26278897222222,26.128808638888888],[-80.26285216666666,26.128706472222223],[-80.26291525,26.128604250000002],[-80.26297822222222,26.12850197222222],[-80.26304108333333,26.12839963888889],[-80.26310383333333,26.12829725],[-80.26316644444445,26.12819477777778],[-80.26322897222222,26.128092277777778],[-80.26329136111111,26.12798972222222],[-80.26335366666666,26.127887083333334],[-80.26341583333334,26.127784416666668],[-80.26347788888889,26.127681694444444],[-80.26353983333334,26.12757888888889],[-80.26360166666667,26.127476055555555],[-80.26366338888889,26.12737316666667],[-80.263725,26.127270194444446],[-80.2637865,26.127167194444446],[-80.26384786111112,26.12706411111111],[-80.2639091111111,26.126961],[-80.26397027777777,26.126857833333332],[-80.26403130555556,26.126754583333334],[-80.26409222222222,26.126651305555555],[-80.26415302777778,26.126547972222223],[-80.26421372222222,26.126444555555555],[-80.26427427777777,26.126341111111113],[-80.26433475,26.12623761111111],[-80.26439508333333,26.126134027777777],[-80.26445533333333,26.126030416666666],[-80.26451544444444,26.12592675],[-80.26457544444445,26.125823027777777],[-80.26463533333333,26.12571925],[-80.26469508333334,26.125615416666665],[-80.26475475,26.12551152777778],[-80.26481427777777,26.125407583333335],[-80.26487369444445,26.12530361111111],[-80.26493302777777,26.125199555555557],[-80.26499222222222,26.125095444444444],[-80.26505127777777,26.124991305555557],[-80.26511025,26.124887083333334],[-80.26516908333333,26.124782833333335],[-80.26522783333333,26.1246785],[-80.26528644444444,26.12457413888889],[-80.26534494444445,26.124469722222223],[-80.26540333333334,26.12436525],[-80.26546158333333,26.12426072222222],[-80.26551975,26.12415613888889],[-80.26557777777778,26.124051527777777],[-80.26563569444444,26.123946833333335],[-80.2656935,26.123842111111113],[-80.26575119444445,26.123737305555554],[-80.26580877777778,26.123632472222223],[-80.26586622222223,26.123527583333335],[-80.26592355555556,26.12342263888889],[-80.26598077777778,26.12331763888889],[-80.26603788888889,26.123212583333334],[-80.26609488888889,26.1231075],[-80.26615175,26.123002361111112],[-80.2662085,26.122897138888888],[-80.26626513888888,26.12279188888889],[-80.26632166666667,26.122686583333333],[-80.26637808333334,26.12258125],[-80.26643436111111,26.122475833333333],[-80.26649055555555,26.12237038888889],[-80.26654661111111,26.122264861111113],[-80.26660252777778,26.122159305555556],[-80.26665836111111,26.122053694444446],[-80.26671405555555,26.121948055555556],[-80.26676963888889,26.121842333333333],[-80.2668251111111,26.121736583333334],[-80.26688047222223,26.121630777777778],[-80.26693569444444,26.12152491666667],[-80.26699083333334,26.121419],[-80.26704583333333,26.121313055555557],[-80.26710072222222,26.12120702777778],[-80.26715547222223,26.121100972222223],[-80.26721011111111,26.12099488888889],[-80.26726466666666,26.120888722222222],[-80.26731905555556,26.120782527777777],[-80.26737336111111,26.12067625],[-80.26742752777778,26.120569972222224],[-80.26748161111111,26.120463611111113],[-80.26753552777778,26.120357194444445],[-80.2675893611111,26.12025075],[-80.26764305555555,26.12014425],[-80.26769666666667,26.12003772222222],[-80.26775011111111,26.11993111111111],[-80.26780347222223,26.119824472222223],[-80.26785669444445,26.11971777777778],[-80.26790983333333,26.119611055555556],[-80.26796280555556,26.119504250000002],[-80.26801569444444,26.11939741666667],[-80.26806844444444,26.119290555555555],[-80.26812108333333,26.11918361111111],[-80.26817361111111,26.119076638888888],[-80.26822602777777,26.118969611111112],[-80.26827830555555,26.11886252777778],[-80.26833047222222,26.118755416666666],[-80.26838252777777,26.11864825],[-80.26843444444444,26.118541027777777],[-80.26848625,26.118433777777778],[-80.26853794444445,26.118326472222222],[-80.26858952777778,26.118219111111113],[-80.26864097222222,26.118111722222224],[-80.26869230555556,26.11800427777778],[-80.26874352777777,26.11789677777778],[-80.2687946111111,26.11778925],[-80.26884558333333,26.117681666666666],[-80.26889644444444,26.117574027777778],[-80.26894719444445,26.117466333333333],[-80.26899780555556,26.11735861111111],[-80.26904830555556,26.11725086111111],[-80.26909866666666,26.11714302777778],[-80.26914894444444,26.117035194444444],[-80.26919908333333,26.11692727777778],[-80.26924908333334,26.116819333333332],[-80.269299,26.116711333333335],[-80.26934877777778,26.11660327777778],[-80.26939844444445,26.116495194444447],[-80.26944797222222,26.116387083333336],[-80.2694973888889,26.11627888888889],[-80.26954669444444,26.116170694444445],[-80.26959588888889,26.11606241666667],[-80.26964494444444,26.11595411111111],[-80.26969388888888,26.115845750000002],[-80.26974269444445,26.115737361111112],[-80.26979141666666,26.11562891666667],[-80.26983997222221,26.115520444444446],[-80.26988844444445,26.11541191666667],[-80.26993677777777,26.115303333333333],[-80.269985,26.115194722222224],[-80.2700331111111,26.115086055555558],[-80.27008108333334,26.114977361111112],[-80.27012894444444,26.114868611111113],[-80.27017666666667,26.114759833333334],[-80.27022430555556,26.114651000000002],[-80.27027177777778,26.114542111111113],[-80.27031916666667,26.114433194444445],[-80.27036641666666,26.114324250000003],[-80.27041355555555,26.11421525],[-80.27046055555556,26.114106194444446],[-80.27050747222222,26.11399711111111],[-80.27055422222222,26.113887972222223],[-80.2706008888889,26.113778805555558],[-80.27064741666666,26.113669583333333],[-80.27069383333333,26.113560333333336],[-80.27074011111111,26.113451027777778],[-80.27078627777777,26.113341694444447],[-80.27083230555556,26.113232305555556],[-80.27087825,26.113122888888892],[-80.27092405555555,26.113013416666668],[-80.27096972222222,26.112903916666667],[-80.27101527777778,26.112794361111114],[-80.27106072222222,26.11268477777778],[-80.27110602777778,26.11257516666667],[-80.27115122222222,26.112465472222222],[-80.27119630555555,26.11235577777778],[-80.27124125,26.11224602777778],[-80.27128608333334,26.112136222222222],[-80.27133080555555,26.11202638888889],[-80.27137538888888,26.11191652777778],[-80.27141983333333,26.111806611111113],[-80.27146419444445,26.111696666666667],[-80.27150841666666,26.111586666666668],[-80.2715525,26.11147663888889],[-80.27159647222223,26.111366555555556],[-80.27164033333334,26.111256444444447],[-80.27168408333333,26.111146305555557],[-80.27172769444444,26.111036111111112],[-80.27177116666667,26.110925861111113],[-80.27181452777778,26.110815611111114],[-80.27185777777778,26.110705305555555],[-80.27190091666667,26.110594944444447],[-80.27194391666667,26.11048455555556],[-80.27198677777778,26.11037413888889],[-80.27202952777778,26.11026366666667],[-80.27207216666666,26.110153166666667],[-80.27211466666667,26.110042611111112],[-80.27215705555555,26.109932055555557],[-80.27219933333333,26.10982141666667],[-80.27224147222222,26.109710777777778],[-80.2722835,26.109600083333333],[-80.27232538888889,26.109489333333336],[-80.27236716666667,26.109378583333335],[-80.27240880555556,26.10926777777778]]},"properties":{"style":"solid","thickness":1}},{"type":"Feature","geometry":{"type":"LineString","coordinates":[[-79.82426233333332,26.231388888888887],[-79.82357880555556,26.231388888888887],[-79.82157622222222,26.231388888888887],[-79.81957363888888,26.231388888888887],[-79.81757105555555,26.231388888888887],[-79.81556847222222,26.231388888888887],[-79.81356588888889,26.231388888888887],[-79.81156330555555,26.231388888888887],[-79.80956072222222,26.231388888888887],[-79.80755813888888,26.231388888888887],[-79.80555555555556,26.231388888888887],[-79.80355297222222,26.231388888888887],[-79.80155038888888,26.231388888888887],[-79.79954780555555,26.231388888888887],[-79.79754522222223,26.231388888888887],[-79.79554263888889,26.231388888888887],[-79.79354005555555,26.231388888888887],[-79.79153747222222,26.231388888888887],[-79.78953488888888,26.231388888888887],[-79.78753230555556,26.231388888888887],[-79.78552972222222,26.231388888888887],[-79.78352713888889,26.231388888888887],[-79.78152455555555,26.231388888888887],[-79.77952197222223,26.231388888888887],[-79.77751938888889,26.231388888888887],[-79.77551680555555,26.231388888888887],[-79.77351419444445,26.231388888888887],[-79.77151161111111,26.231388888888887],[-79.76950902777777,26.231388888888887],[-79.76750644444445,26.231388888888887],[-79.76550386111111,26.231388888888887],[-79.76350127777778,26.231388888888887],[-79.76149869444444,26.231388888888887],[-79.7594961111111,26.231388888888887],[-79.75749352777778,26.231388888888887],[-79.75549094444445,26.231388888888887],[-79.75348836111111,26.231388888888887],[-79.75148577777777,26.231388888888887],[-79.74948319444445,26.231388888888887],[-79.74748061111111,26.231388888888887],[-79.74547802777778,26.231388888888887],[-79.74347544444444,26.231388888888887],[-79.7414728611111,26.231388888888887],[-79.73947027777778,26.231388888888887],[-79.73746769444445,26.231388888888887],[-79.73546511111111,26.231388888888887],[-79.73346252777777,26.231388888888887],[-79.73145994444445,26.231388888888887],[-79.72945736111112,26.231388888888887],[-79.72745477777778,26.231388888888887],[-79.72545219444444,26.231388888888887],[-79.7234496111111,26.231388888888887],[-79.721797,26.231388888888887],[-79.7217936388889,26.23138158333333],[-79.72161747222222,26.230995055555553],[-79.72144175,26.230608388888886],[-79.72126644444445,26.230221555555556],[-79.72109155555556,26.229834555555556],[-79.7209171111111,26.229447388888886],[-79.72074308333333,26.22906008333333],[-79.7205695,26.228672638888888],[-79.72039636111111,26.228285],[-79.7202236388889,26.22789722222222],[-79.72005133333333,26.227509305555554],[-79.71987947222222,26.227121194444443],[-79.71970805555556,26.22673297222222],[-79.71953705555556,26.226344555555553],[-79.7193665,26.225956],[-79.71919636111112,26.225567305555554],[-79.71902663888889,26.225178444444442],[-79.71885738888889,26.224789416666663],[-79.71868855555556,26.22440025],[-79.71852013888889,26.224010944444444],[-79.71835216666666,26.22362147222222],[-79.71818463888889,26.22323186111111],[-79.71801752777777,26.222842083333333],[-79.71785086111112,26.222452166666667],[-79.71768461111111,26.22206208333333],[-79.71751880555556,26.22167186111111],[-79.71735344444444,26.22128147222222],[-79.7171885,26.22089097222222],[-79.717024,26.220500277777777],[-79.71685994444445,26.22010947222222],[-79.71669630555556,26.2197185],[-79.71653311111112,26.21932738888889],[-79.71637033333333,26.218936138888886],[-79.71620800000001,26.21854472222222],[-79.71604611111111,26.218153166666664],[-79.7158846388889,26.21776147222222],[-79.71572363888889,26.21736961111111],[-79.71556302777778,26.21697761111111],[-79.71540288888889,26.21658547222222],[-79.71524316666667,26.216193194444443],[-79.7150838888889,26.215800777777776],[-79.71492505555555,26.215408194444443],[-79.71476663888889,26.2150155],[-79.71460866666666,26.214622638888887],[-79.71445113888889,26.214229638888888],[-79.71429402777778,26.2138365],[-79.71413736111111,26.21344322222222],[-79.7139811388889,26.213049777777776],[-79.71382536111112,26.212656222222222],[-79.71367000000001,26.212262527777778],[-79.7135151111111,26.211868666666668],[-79.71336061111111,26.211474694444444],[-79.71320658333333,26.211080555555554],[-79.713053,26.210686305555555],[-79.71289983333334,26.210291916666666],[-79.71274711111111,26.20989736111111],[-79.71259483333334,26.209502694444442],[-79.71244297222222,26.20910786111111],[-79.71229158333334,26.208712916666666],[-79.71214061111111,26.208317833333332],[-79.71199008333333,26.207922611111112],[-79.71184000000001,26.20752725],[-79.71169033333334,26.20713175],[-79.71154113888889,26.20673611111111],[-79.71139236111111,26.20634036111111],[-79.71124402777778,26.205944444444444],[-79.71109613888889,26.205548416666666],[-79.71094869444445,26.205152249999998],[-79.71080169444444,26.204755972222223],[-79.71065511111111,26.204359527777775],[-79.71050897222223,26.20396297222222],[-79.71036330555556,26.203566277777778],[-79.71021805555556,26.203169444444445],[-79.71007325000001,26.20277247222222],[-79.7099288888889,26.20237538888889],[-79.70978494444445,26.201978166666667],[-79.70964147222223,26.20158083333333],[-79.70949841666668,26.201183333333333],[-79.70935583333333,26.200785749999998],[-79.70921366666667,26.200388],[-79.70907194444445,26.19999013888889],[-79.70893066666667,26.19959213888889],[-79.70878983333334,26.19919402777778],[-79.70864944444445,26.19879577777778],[-79.7085095,26.198397416666666],[-79.70837,26.197998916666666],[-79.70823094444445,26.197600277777777],[-79.70809233333334,26.19720152777778],[-79.7079541388889,26.196802666666667],[-79.70781641666667,26.19640366666667],[-79.70767911111112,26.196004527777777],[-79.70754227777778,26.195605277777776],[-79.70740588888889,26.195205916666666],[-79.70726991666668,26.194806416666665],[-79.70713438888889,26.194406805555555],[-79.70699933333334,26.194007055555556],[-79.70686469444445,26.193607194444446],[-79.70673052777778,26.193207222222224],[-79.70659677777778,26.19280711111111],[-79.7064635,26.19240688888889],[-79.70633063888889,26.192006555555555],[-79.70619822222223,26.191606083333333],[-79.70606627777778,26.1912055],[-79.70593475,26.190804805555555],[-79.70580369444444,26.19040397222222],[-79.70567305555556,26.190003027777777],[-79.70554288888889,26.189601972222224],[-79.70541313888889,26.189200805555554],[-79.70528386111111,26.18879952777778],[-79.70515502777778,26.188398111111113],[-79.70502661111111,26.187996583333334],[-79.70489866666667,26.187594944444445],[-79.70477116666667,26.187193194444443],[-79.70464411111111,26.186791305555555],[-79.70451750000001,26.186389333333334],[-79.70439133333333,26.185987222222224],[-79.70426561111111,26.18558502777778],[-79.70414033333334,26.185182694444446],[-79.7040155,26.18478025],[-79.70389113888889,26.184377694444446],[-79.70376719444445,26.183975027777777],[-79.70364372222222,26.183572277777778],[-79.70352066666666,26.18316938888889],[-79.70339808333334,26.18276638888889],[-79.70327594444444,26.182363277777778],[-79.70315425,26.181960055555557],[-79.703033,26.181556722222222],[-79.70291219444445,26.181153277777778],[-79.70279186111111,26.18074975],[-79.70267194444445,26.180346083333333],[-79.7025525,26.179942333333333],[-79.7024335,26.179538444444447],[-79.70231494444445,26.179134472222223],[-79.70219683333333,26.17873038888889],[-79.70207916666666,26.178326194444445],[-79.70196194444445,26.17792188888889],[-79.70184519444445,26.1775175],[-79.7017288888889,26.177113000000002],[-79.70161300000001,26.17670838888889],[-79.70149758333334,26.17630366666667],[-79.70138263888889,26.175898833333335],[-79.70126811111112,26.175493916666667],[-79.70115405555556,26.17508888888889],[-79.70104044444444,26.17468375],[-79.70092725,26.17427852777778],[-79.70081455555555,26.173873194444447],[-79.70070227777778,26.17346775],[-79.70059047222223,26.173062194444444],[-79.70047908333333,26.172656555555555],[-79.70036816666666,26.172250833333333],[-79.70025772222222,26.171845],[-79.70014769444445,26.171439055555556],[-79.70003813888889,26.171033],[-79.69992902777778,26.170626861111113],[-79.69982036111111,26.17022063888889],[-79.6997121388889,26.16981430555556],[-79.69960438888889,26.16940786111111],[-79.69949708333334,26.169001333333334],[-79.69939022222222,26.168594722222224],[-79.69928380555555,26.168188],[-79.69917786111111,26.167781166666668],[-79.69907233333333,26.16737427777778],[-79.69896730555556,26.166967250000003],[-79.69886269444444,26.166560166666667],[-79.69875855555556,26.16615297222222],[-79.69865486111111,26.165745666666666],[-79.69855161111111,26.165338277777778],[-79.69844880555556,26.164930805555553],[-79.69834647222223,26.16452325],[-79.69824458333333,26.16411558333333],[-79.6981431388889,26.163707833333333],[-79.69804216666667,26.16329997222222],[-79.69794163888889,26.162892027777776],[-79.69784155555556,26.162484],[-79.69774194444445,26.162075888888886],[-79.69764275,26.161667694444443],[-79.69754405555555,26.161259388888887],[-79.69744577777779,26.160850999999997],[-79.69734797222223,26.160442527777775],[-79.69725061111112,26.16003397222222],[-79.69715369444445,26.15962533333333],[-79.69705725,26.159216583333333],[-79.69696125,26.158807749999998],[-79.69686572222223,26.15839886111111],[-79.69677061111112,26.15798986111111],[-79.69667597222222,26.157580777777778],[-79.69658180555555,26.15717161111111],[-79.69648808333334,26.15676236111111],[-79.69639480555556,26.156353],[-79.69630197222223,26.155943583333332],[-79.69620961111112,26.155534083333333],[-79.69611769444445,26.1551245],[-79.69602625,26.154714833333333],[-79.69593525,26.15430508333333],[-79.69584469444445,26.153895249999998],[-79.69575461111111,26.153485333333332],[-79.69566497222223,26.153075333333334],[-79.69557577777778,26.15266525],[-79.69548705555556,26.152255083333333],[-79.69539877777778,26.15184483333333],[-79.69531097222223,26.151434527777777],[-79.69522361111112,26.151024138888886],[-79.69513669444444,26.150613666666665],[-79.69505025000001,26.15020311111111],[-79.69496425,26.14979247222222],[-79.69487872222223,26.14938175]]},"properties":{"style":"solid","thickness":1}},{"type":"Feature","geometry":{"type":"LineString","coordinates":[[-79.89302580555557,26.1675],[-79.89288205555556,26.167184944444447],[-79.89277661111112,26.166952972222223],[-79.8926713888889,26.16672088888889],[-79.89256644444445,26.16648872222222],[-79.89246175000001,26.16625647222222],[-79.89235730555556,26.16602411111111],[-79.89225313888889,26.165791666666664],[-79.89214919444446,26.16555911111111],[-79.89204555555557,26.165326472222223],[-79.8919421388889,26.165093749999997],[-79.891839,26.164860916666665],[-79.89173611111111,26.164627999999997],[-79.89163347222222,26.164394972222222],[-79.89153111111112,26.164161888888888],[-79.891429,26.163928666666664],[-79.8913271388889,26.163695388888886],[-79.89122555555556,26.163462],[-79.89112422222223,26.163228527777775],[-79.8910231388889,26.162994972222222],[-79.89092233333334,26.162761305555556],[-79.89082177777779,26.162527583333333],[-79.89072147222222,26.16229372222222],[-79.89062144444445,26.162059805555554],[-79.8905216388889,26.161825777777775],[-79.8904221388889,26.161591666666666],[-79.89032288888889,26.16135747222222],[-79.8902238888889,26.161123194444443],[-79.89012513888889,26.160888805555555],[-79.89002666666667,26.16065436111111],[-79.88992844444445,26.160419805555556],[-79.88983047222223,26.160185166666665],[-79.88973277777778,26.159950416666664],[-79.88963536111112,26.15971561111111],[-79.88953816666667,26.159480694444444],[-79.88944125,26.159245694444444],[-79.88934461111111,26.15901061111111],[-79.88924822222224,26.158775444444444],[-79.88915208333334,26.15854019444444],[-79.88905619444445,26.15830486111111],[-79.88896061111112,26.158069416666667],[-79.88886525000001,26.157833916666664],[-79.88877016666667,26.157598305555553],[-79.88867533333334,26.15736261111111],[-79.88858077777779,26.157126833333333],[-79.88848647222223,26.15689097222222],[-79.88839241666668,26.156655027777777],[-79.8882986388889,26.156419],[-79.88820513888889,26.15618288888889],[-79.8881118888889,26.15594669444444],[-79.8880188888889,26.155710416666665],[-79.8879261388889,26.155474055555555],[-79.88783369444445,26.155237611111108],[-79.88774147222223,26.15500108333333],[-79.88764952777778,26.154764472222222],[-79.88755786111112,26.15452775],[-79.88746644444446,26.15429097222222],[-79.88737527777778,26.15405411111111],[-79.8872843888889,26.153817166666666],[-79.88719375000001,26.153580138888888],[-79.88710338888889,26.153343027777776],[-79.88701327777778,26.15310583333333],[-79.88692344444445,26.152868583333333],[-79.88683386111111,26.152631222222222],[-79.88674455555557,26.152393777777775],[-79.8866555,26.152156277777777],[-79.88656672222223,26.151918666666667],[-79.88647819444445,26.151681],[-79.88638994444445,26.15144325],[-79.88630194444445,26.151205416666667],[-79.88621422222222,26.1509675],[-79.88612675,26.150729499999997],[-79.88603955555556,26.150491444444445],[-79.88595261111112,26.150253277777775],[-79.88586591666667,26.150015055555553],[-79.88577952777779,26.14977675],[-79.88569336111112,26.149538361111112],[-79.8856075,26.149299888888887],[-79.88552186111112,26.149061361111112],[-79.88543652777778,26.14882275],[-79.88535144444445,26.148584055555556],[-79.88526661111112,26.14834527777778],[-79.88518205555556,26.148106444444444],[-79.88509775,26.1478675],[-79.88501372222223,26.1476285],[-79.88492997222222,26.147389444444443],[-79.88484647222222,26.147150277777776],[-79.88476325,26.146911055555556],[-79.88468027777779,26.14667175],[-79.88459758333335,26.14643238888889],[-79.8845151388889,26.146192916666667],[-79.88443297222223,26.145953388888888],[-79.88435108333334,26.145713805555555],[-79.88426944444446,26.14547413888889],[-79.88418805555557,26.145234388888888],[-79.88410694444445,26.144994555555556],[-79.88402611111111,26.144754666666667],[-79.88394552777778,26.144514694444442],[-79.88386522222223,26.144274666666668],[-79.88378519444446,26.144034555555557],[-79.88370541666667,26.143794361111112],[-79.88362591666667,26.14355411111111],[-79.88354666666667,26.143313777777777],[-79.88346769444445,26.143073388888887],[-79.88338897222224,26.142832916666666],[-79.88331055555555,26.14259238888889],[-79.8832323611111,26.142351777777776],[-79.88315447222222,26.142111083333333],[-79.88307683333332,26.141870333333333],[-79.88299944444444,26.1416295],[-79.88292233333333,26.14138861111111],[-79.88284549999999,26.141147666666665],[-79.88276891666666,26.14090663888889],[-79.88269263888888,26.140665527777777],[-79.88261658333333,26.140424361111112],[-79.88254080555555,26.14018311111111],[-79.88246530555556,26.13994183333333],[-79.88239008333332,26.139700444444443],[-79.8823151111111,26.139459],[-79.88224041666666,26.1392175],[-79.882166,26.138975916666666],[-79.88209183333332,26.13873427777778],[-79.88201794444444,26.138492555555555],[-79.88194430555555,26.138250777777778],[-79.88187094444444,26.138008944444444],[-79.88179786111111,26.137767027777777],[-79.88172502777778,26.137525055555557],[-79.88165247222221,26.137283027777777],[-79.88158019444444,26.137040916666667],[-79.88150819444444,26.13679875],[-79.88143644444443,26.1365565],[-79.88136494444444,26.136314194444445],[-79.88129375,26.136071833333332],[-79.88122280555555,26.135829416666667],[-79.88115213888888,26.135586916666668],[-79.88108172222222,26.13534436111111],[-79.88101158333333,26.13510175],[-79.88094172222222,26.134859055555555],[-79.88087213888888,26.134616305555554],[-79.88080280555555,26.1343735],[-79.88073374999999,26.134130638888887],[-79.88066497222222,26.133887694444443],[-79.88059644444444,26.133644694444445],[-79.88052819444444,26.133401638888888],[-79.88046022222221,26.133158527777777],[-79.8803925,26.132915333333333],[-79.88032505555555,26.132672083333333],[-79.88025788888888,26.132428805555556],[-79.880191,26.132185444444445],[-79.8801243611111,26.131942000000002],[-79.88005799999999,26.13169852777778],[-79.87999191666665,26.131454972222222],[-79.87992608333333,26.13121138888889],[-79.87986052777777,26.130967722222223],[-79.87979524999999,26.130724],[-79.87973025,26.13048022222222],[-79.87966549999999,26.130236361111113],[-79.87960105555555,26.129992472222224],[-79.87953683333333,26.129748527777778],[-79.87947291666666,26.1295045],[-79.87940925,26.129260444444444],[-79.8793458611111,26.129016305555556],[-79.87928274999999,26.12877211111111],[-79.87921991666666,26.12852788888889],[-79.87915733333332,26.128283583333335],[-79.87909502777777,26.128039222222224],[-79.87903299999999,26.127794805555556],[-79.87897124999999,26.127550361111112],[-79.87890974999999,26.127305833333335],[-79.87884852777778,26.12706125],[-79.87878758333332,26.12681661111111],[-79.87872691666666,26.126571916666666],[-79.8786665,26.126327166666666],[-79.87860636111111,26.12608238888889],[-79.8785465,26.12583752777778],[-79.87848691666666,26.125592611111113],[-79.87842758333332,26.125347666666666],[-79.87836855555555,26.12510263888889],[-79.87830977777777,26.124857583333334],[-79.87825127777778,26.12461247222222],[-79.87819302777777,26.124367305555555],[-79.87813508333333,26.124122083333333],[-79.87807738888888,26.123876805555557],[-79.87801997222222,26.123631472222222],[-79.87796283333333,26.123386083333333],[-79.87790594444444,26.123140638888888],[-79.8778493611111,26.122895166666666],[-79.87779302777777,26.12264963888889],[-79.87773697222221,26.122404055555556],[-79.87768119444443,26.122158416666668],[-79.87762566666666,26.121912722222223],[-79.87757044444444,26.121667000000002],[-79.87751547222221,26.121421222222224],[-79.87746077777777,26.12117536111111],[-79.8774063611111,26.1209295],[-79.87735219444444,26.120683555555555],[-79.87729833333333,26.120437583333334],[-79.87724472222222,26.120191555555557],[-79.87719138888889,26.119945472222224],[-79.87713833333332,26.119699333333333],[-79.87708555555555,26.119453166666666],[-79.87703305555554,26.119206944444446],[-79.87698080555555,26.118960666666666],[-79.87692883333332,26.118714361111113],[-79.87687713888889,26.118468],[-79.87682572222222,26.118221583333334],[-79.87677458333333,26.11797511111111],[-79.87672369444444,26.11772861111111],[-79.8766731111111,26.117482083333332],[-79.87662277777777,26.117235472222223],[-79.87657272222222,26.116988833333334],[-79.87652294444443,26.11674216666667],[-79.87647344444444,26.11649541666667],[-79.87642422222221,26.116248666666667],[-79.87637525,26.116001833333335],[-79.87632655555555,26.115754972222224],[-79.87627816666667,26.11550805555556],[-79.87623002777777,26.115261111111113],[-79.87618213888888,26.115014138888892],[-79.87613455555555,26.114767083333334],[-79.87608725,26.114520000000002],[-79.87604019444444,26.11427288888889],[-79.87599344444443,26.114025722222223],[-79.87594694444444,26.11377852777778],[-79.87590072222221,26.113531277777778],[-79.87585477777777,26.113283972222224],[-79.87580911111111,26.11303663888889],[-79.87576369444444,26.11278927777778],[-79.87571858333332,26.11254186111111],[-79.87567372222222,26.112294416666668],[-79.87562913888888,26.112046916666667],[-79.87558486111111,26.11179938888889],[-79.87554083333333,26.111551805555557],[-79.87549708333333,26.111304194444447],[-79.87545358333333,26.111056555555557],[-79.87541038888888,26.110808861111114],[-79.87536747222221,26.110561111111114],[-79.87532480555555,26.110313361111114],[-79.87528241666666,26.110065527777778],[-79.87524033333332,26.109817694444445],[-79.8751985,26.10956980555556],[-79.87515694444444,26.10932188888889],[-79.87511566666666,26.109073916666667],[-79.87507463888888,26.108825944444447],[-79.87503391666667,26.10857788888889],[-79.87499347222222,26.108329833333336],[-79.87495327777778,26.108081722222224],[-79.87491338888888,26.107833583333335],[-79.87487374999999,26.10758538888889],[-79.87483438888889,26.107337194444447],[-79.87479530555555,26.107088944444445],[-79.87475649999999,26.106840666666667],[-79.87471797222221,26.106592333333335],[-79.87467972222221,26.106343972222223],[-79.87464172222222,26.106095583333335],[-79.87460402777778,26.105847166666667],[-79.8745666111111,26.105598722222222],[-79.87452944444443,26.105350222222224],[-79.87449255555555,26.105101694444446],[-79.87445597222222,26.104853138888892],[-79.87441963888888,26.104604555555557],[-79.87438358333333,26.10435591666667],[-79.87434780555554,26.10410727777778],[-79.87431230555555,26.103858583333334],[-79.87427708333333,26.103609861111114],[-79.87424213888889,26.103361111111113],[-79.87420744444444,26.103112333333335],[-79.87417305555554,26.1028635],[-79.87413894444444,26.102614666666668],[-79.87410508333333,26.102365805555557],[-79.87407152777777,26.10211688888889],[-79.87403822222221,26.101867944444447],[-79.87400519444444,26.101618972222223],[-79.87397247222222,26.101370000000003],[-79.87393999999999,26.101120972222223],[-79.87390780555555,26.10087191666667],[-79.87387588888888,26.100622833333336],[-79.87384424999999,26.100373722222223],[-79.87381288888888,26.100124583333336],[-79.87378180555555,26.099875416666666],[-79.87375097222221,26.099626194444443],[-79.87372044444444,26.09937697222222],[-79.87369019444444,26.09912772222222],[-79.87366019444444,26.098878444444445],[-79.87363049999999,26.09862913888889],[-79.87360105555555,26.098379805555556],[-79.87357191666666,26.098130444444443],[-79.87354302777777,26.097881055555554],[-79.87351444444444,26.097631666666665],[-79.8734861111111,26.097382222222222],[-79.87345805555555,26.09713275],[-79.87343027777777,26.096883277777778],[-79.87340277777777,26.09663375],[-79.87337555555555,26.09638422222222],[-79.87334863888888,26.096134666666664],[-79.87332197222221,26.095885083333332],[-79.87329555555554,26.09563547222222],[-79.87326944444443,26.09538583333333],[-79.8732436111111,26.095136166666666],[-79.87321805555555,26.094886499999998],[-79.87319277777777,26.094636777777776],[-79.87316777777777,26.094387055555554],[-79.87314302777777,26.094137305555556],[-79.87311858333332,26.093887527777778],[-79.87309441666666,26.09363775],[-79.8730705,26.093387916666664],[-79.87304688888888,26.093138083333333],[-79.87302352777778,26.09288822222222],[-79.87300047222222,26.09263836111111],[-79.87297766666666,26.092388472222222]]},"properties":{"style":"solid","thickness":1}},{"type":"Feature","geometry":{"type":"LineString","coordinates":[[-80.32002266666666,26.1675],[-80.341107,26.148502],[-80.343592,26.142476],[-80.343955,26.127548],[-80.344977,26.122963000000002],[-80.35478099999999,26.109804],[-80.35577366666666,26.108422361111113],[-80.35676627777777,26.107040722222223],[-80.35775888888888,26.105659083333336],[-80.3587515,26.104277444444445],[-80.35974405555555,26.10289577777778],[-80.36073658333333,26.10151411111111],[-80.3617291111111,26.100132444444444],[-80.36361699999999,26.094151],[-80.36370799999999,26.087961999999997],[-80.36036299999999,26.075446],[-80.35390899999999,26.061403000000002],[-80.35264541666666,26.039653972222222],[-80.35290402777777,26.039599722222224],[-80.35317433333333,26.03954277777778],[-80.35344458333333,26.039485555555558],[-80.35371475,26.039428111111114],[-80.35398488888889,26.039370416666667],[-80.35425494444443,26.039312472222225],[-80.35452491666666,26.039254305555556],[-80.3547948611111,26.039195861111114],[-80.35506469444444,26.039137194444447],[-80.3553345,26.03907827777778],[-80.35560422222221,26.039019111111113],[-80.35587388888888,26.038959722222224],[-80.35614349999999,26.03890005555556],[-80.35641302777778,26.038840166666667],[-80.35668247222222,26.03878002777778],[-80.35695188888889,26.03871963888889],[-80.35722119444443,26.03865902777778],[-80.35749047222221,26.038598166666667],[-80.35775966666667,26.038537055555558],[-80.35802877777778,26.038475694444447],[-80.35829783333332,26.038414083333336],[-80.35856683333333,26.038352250000003],[-80.35883575,26.03829016666667],[-80.3591046111111,26.038227833333334],[-80.35937338888888,26.038165250000002],[-80.35964208333333,26.038102444444448],[-80.35991072222221,26.03803938888889],[-80.36017930555555,26.037976083333334],[-80.36044780555555,26.03791252777778],[-80.36071622222222,26.037848750000002],[-80.36098458333333,26.037784722222224],[-80.36125288888888,26.037720444444446],[-80.36152108333333,26.03765591666667],[-80.36178925,26.03759116666667],[-80.36205730555555,26.03752616666667],[-80.36232530555554,26.037460916666667],[-80.36259324999999,26.03739541666667],[-80.36286108333333,26.037329694444445],[-80.36312886111111,26.037263722222225],[-80.36339658333333,26.0371975],[-80.36366422222221,26.03713105555556],[-80.36393177777778,26.037064333333333],[-80.36419925,26.036997388888892],[-80.36446666666666,26.036930222222225],[-80.364734,26.03686277777778],[-80.36500127777778,26.03679511111111],[-80.36526844444444,26.036727222222225],[-80.36553555555555,26.036659055555557],[-80.3658026111111,26.03659066666667],[-80.36606955555555,26.036522027777778],[-80.36633644444444,26.03645313888889],[-80.36660325,26.03638402777778],[-80.36686997222222,26.03631466666667],[-80.3671366111111,26.036245083333334],[-80.36740319444444,26.036175222222223],[-80.36766969444444,26.03610513888889],[-80.3679361111111,26.036034805555555],[-80.36820244444444,26.035964250000003],[-80.36846869444443,26.035893444444447],[-80.36873488888888,26.035822388888892],[-80.369001,26.035751111111114],[-80.369267,26.035679583333334],[-80.36953294444444,26.035607805555557],[-80.36979883333332,26.03553577777778],[-80.3700646111111,26.03546352777778],[-80.37033030555556,26.035391055555557],[-80.37059591666666,26.035318305555556],[-80.37086147222222,26.035245333333336],[-80.37112694444444,26.035172111111113],[-80.37139230555555,26.03509866666667],[-80.3716576111111,26.035024972222224],[-80.37192283333333,26.03495102777778],[-80.37218794444443,26.034876861111112],[-80.372453,26.034802444444445],[-80.37271797222222,26.03472777777778],[-80.3729828611111,26.03465288888889],[-80.37324766666666,26.03457775],[-80.37351236111111,26.03450238888889],[-80.37377699999999,26.034426777777778],[-80.37404155555555,26.034350916666668],[-80.37430602777778,26.034274833333335],[-80.37457038888888,26.034198500000002],[-80.37483469444443,26.034121916666667],[-80.37509891666666,26.034045111111112],[-80.37536302777777,26.033968055555558],[-80.37562705555555,26.033890777777778],[-80.37589102777777,26.03381325],[-80.37615488888888,26.033735472222222],[-80.37641866666667,26.033657472222224],[-80.37668236111111,26.033579222222222],[-80.37694597222222,26.03350075],[-80.37720947222222,26.033422027777778],[-80.37747291666666,26.03334305555556],[-80.37773625,26.03326386111111],[-80.37799949999999,26.033184416666664],[-80.37826266666666,26.03310475],[-80.37852575,26.033024833333332],[-80.37878875,26.032944694444442],[-80.37905163888888,26.032864305555556],[-80.37931444444443,26.032783666666667],[-80.37957716666666,26.032702805555555],[-80.37983980555555,26.032621694444444],[-80.38010233333333,26.03254036111111],[-80.38036477777777,26.032458777777777],[-80.38062713888888,26.03237697222222],[-80.38088941666666,26.032294916666665],[-80.38115158333332,26.03221261111111],[-80.38141366666666,26.032130083333332],[-80.38167566666667,26.03204733333333],[-80.38193758333333,26.03196433333333],[-80.38219938888888,26.03188108333333],[-80.38246108333333,26.03179761111111],[-80.38272272222221,26.031713888888888],[-80.38298424999999,26.031629944444443],[-80.38324569444444,26.03154575],[-80.38350702777778,26.031461333333333],[-80.38376827777779,26.031376666666667],[-80.38402941666668,26.031291777777778],[-80.3842905,26.03120663888889],[-80.38455144444445,26.03112127777778],[-80.38481233333334,26.031035666666664],[-80.38507308333334,26.03094983333333],[-80.38533377777779,26.030863749999998],[-80.38559436111112,26.030777444444443],[-80.38585483333334,26.030690888888888],[-80.38611525,26.03060411111111],[-80.38637552777779,26.030517083333333],[-80.38663572222222,26.030429833333333],[-80.38689583333334,26.030342333333333],[-80.38715583333334,26.03025461111111],[-80.38741575,26.03016663888889],[-80.38767555555556,26.03007844444444],[-80.38793525000001,26.029990027777778],[-80.38819486111112,26.02990136111111],[-80.38845438888889,26.029812444444442],[-80.38871380555557,26.029723305555553],[-80.38897311111111,26.029633944444445],[-80.38923233333334,26.029544333333334],[-80.38949144444445,26.0294545],[-80.38975044444445,26.029364416666667],[-80.39000936111111,26.02927411111111],[-80.39026819444445,26.029183555555555],[-80.3905268888889,26.029092777777777],[-80.3907855,26.02900175],[-80.39104402777778,26.02891052777778],[-80.39130244444445,26.028819027777775],[-80.39156075000001,26.028727333333332],[-80.39181894444445,26.02863536111111],[-80.39207705555556,26.028543194444442],[-80.39233505555556,26.028450777777778],[-80.39259294444444,26.02835811111111],[-80.39285075000001,26.02826525],[-80.39310844444445,26.02817211111111],[-80.39336602777779,26.028078777777775],[-80.3936235,26.027985194444444],[-80.3938808888889,26.02789136111111],[-80.39413816666668,26.027797333333332],[-80.39439533333334,26.027703027777775],[-80.39465241666667,26.027608527777776],[-80.39490936111112,26.027513777777777],[-80.39516622222223,26.027418805555556],[-80.39542297222224,26.02732358333333],[-80.39567961111112,26.027228138888887],[-80.39593616666667,26.02713247222222],[-80.39619258333335,26.027036555555554],[-80.39644891666667,26.026940416666665],[-80.39670513888889,26.026844027777777],[-80.39696125,26.026747444444442],[-80.39721725000001,26.02665061111111],[-80.3974731388889,26.026553527777775],[-80.39772891666668,26.026456222222222],[-80.39798461111111,26.026358694444443],[-80.39824016666667,26.026260944444445],[-80.39849563888889,26.026162944444444],[-80.398751,26.02606472222222],[-80.39900625000001,26.02596625],[-80.39926136111112,26.025867583333333],[-80.3995163888889,26.025768638888888],[-80.39977130555556,26.0256695],[-80.40002611111112,26.02557011111111],[-80.40028080555557,26.025470499999997],[-80.4005353888889,26.025370666666667],[-80.40078986111112,26.02527058333333],[-80.40104422222223,26.025170305555555],[-80.40129847222222,26.02506975],[-80.40155261111111,26.024969],[-80.4018066388889,26.024867999999998],[-80.40206055555556,26.024766777777778],[-80.40231436111112,26.02466533333333],[-80.40256802777779,26.02456363888889],[-80.40282161111112,26.02446175],[-80.40307508333333,26.02435961111111],[-80.40332841666667,26.02425722222222],[-80.4035816388889,26.024154638888888],[-80.40383477777779,26.024051805555555],[-80.40408777777779,26.02394875],[-80.40434066666667,26.023845444444444],[-80.40459344444444,26.023741944444442],[-80.40484611111111,26.023638194444445],[-80.4050986388889,26.02353422222222],[-80.40535108333334,26.023430027777778],[-80.40560338888889,26.02332558333333],[-80.40585558333333,26.023220944444443],[-80.40610766666667,26.023116055555555],[-80.4063596388889,26.023010916666667],[-80.40661147222222,26.022905583333333],[-80.40686322222223,26.022800027777777],[-80.40711483333334,26.02269422222222],[-80.40736630555556,26.022588194444445],[-80.40761769444445,26.022481944444444],[-80.40786894444444,26.022375444444442],[-80.40812008333334,26.02226875],[-80.40837111111112,26.022161805555555],[-80.40862202777778,26.02205463888889],[-80.40887280555556,26.02194725],[-80.40912347222223,26.02183963888889],[-80.409374,26.021731805555554],[-80.40962444444445,26.02162372222222],[-80.40987475,26.021515416666666],[-80.41012491666667,26.021406888888887],[-80.41037497222223,26.021298138888888],[-80.41062491666668,26.021189166666666],[-80.41087475,26.02107997222222],[-80.41112444444445,26.020970527777777],[-80.41137402777778,26.020860888888887],[-80.41162347222223,26.020751],[-80.41187280555556,26.020640888888888],[-80.41212202777778,26.020530555555556],[-80.41237111111111,26.020419999999998],[-80.41262008333334,26.02030922222222],[-80.41286891666667,26.02019822222222],[-80.41311763888889,26.02008697222222],[-80.41336622222222,26.019975527777778],[-80.41361469444445,26.019863833333332],[-80.41386305555557,26.019751916666667],[-80.41411127777778,26.019639805555556],[-80.41435936111111,26.019527444444442],[-80.41460733333334,26.01941486111111],[-80.41485519444446,26.019302055555556],[-80.41510291666667,26.019189],[-80.4153505,26.01907575],[-80.41559797222223,26.018962277777778],[-80.41584533333334,26.018848583333334],[-80.41609255555557,26.018734638888887],[-80.4163396388889,26.0186205],[-80.41658661111111,26.018506111111112],[-80.41683344444445,26.018391527777776],[-80.41708013888889,26.018276694444445],[-80.41732672222223,26.018161638888888],[-80.41757319444444,26.018046388888887],[-80.41781950000001,26.017930888888888],[-80.41806569444445,26.017815166666665],[-80.41831177777779,26.01769925],[-80.41855772222223,26.01758308333333],[-80.41880352777778,26.017466694444444],[-80.41904919444445,26.017350083333334],[-80.41929475,26.017233277777777],[-80.41954019444445,26.01711622222222],[-80.41978547222223,26.016998944444442],[-80.42003063888889,26.016881444444444],[-80.42027566666667,26.016763722222223],[-80.42052055555556,26.016645805555555],[-80.42076533333334,26.01652763888889],[-80.42100997222222,26.01640925],[-80.42125447222223,26.016290666666666],[-80.42149886111112,26.016171833333335],[-80.42174308333334,26.016052777777777],[-80.42198719444445,26.01593352777778],[-80.42223116666668,26.01581402777778],[-80.42247502777778,26.015694333333332],[-80.42271872222223,26.01557438888889],[-80.42296230555556,26.01545425],[-80.42320575000001,26.01533388888889],[-80.42344905555557,26.015213305555555],[-80.42369225,26.0150925],[-80.42393527777779,26.014971444444445],[-80.42417819444445,26.014850194444445],[-80.42442094444445,26.01472875],[-80.42466358333334,26.014607055555555],[-80.42490608333334,26.01448513888889],[-80.42514847222223,26.014363],[-80.42539069444445,26.014240666666666],[-80.42563277777778,26.01411811111111],[-80.42587475,26.013995305555557],[-80.42611655555557,26.013872305555555],[-80.42635825,26.013749083333334],[-80.42659980555555,26.01362563888889],[-80.42684122222222,26.013501972222222],[-80.42708247222222,26.013378111111113],[-80.42732361111112,26.013254],[-80.42756461111112,26.013129694444444],[-80.42780547222223,26.013005166666666],[-80.42804619444445,26.01288041666667],[-80.42828677777779,26.012755444444444],[-80.42852722222223,26.01263025],[-80.42876752777778,26.012504833333335],[-80.42900769444445,26.012379222222222],[-80.42924772222223,26.01225338888889],[-80.42948761111111,26.012127333333332],[-80.42972733333333,26.012001055555555],[-80.42996694444444,26.011874555555554],[-80.43020641666668,26.01174786111111],[-80.43044575,26.011620916666665],[-80.43068491666668,26.011493777777776],[-80.43092397222223,26.011366416666668],[-80.43116286111112,26.01123886111111],[-80.43140161111111,26.011111055555556],[-80.43164022222223,26.010983055555556],[-80.43187869444445,26.010854833333333],[-80.43211702777778,26.010726388888887],[-80.43235522222223,26.01059775],[-80.43251944444445,26.010508833333333],[-80.433439,26.044109000000002],[-80.434234,26.109855000000003],[-80.44678505555557,26.1675],[-80.44666666666667,26.1675],[-80.44466666666668,26.1675],[-80.44266666666667,26.1675],[-80.44066666666667,26.1675],[-80.43866666666668,26.1675],[-80.43666666666667,26.1675],[-80.43466666666667,26.1675],[-80.43266666666668,26.1675],[-80.43066666666667,26.1675],[-80.42866666666667,26.1675],[-80.42666666666668,26.1675],[-80.42466666666667,26.1675],[-80.42266666666667,26.1675],[-80.42066666666668,26.1675],[-80.41866666666667,26.1675],[-80.41666666666667,26.1675],[-80.41466666666668,26.1675],[-80.41266666666667,26.1675],[-80.41066666666667,26.1675],[-80.40866666666668,26.1675],[-80.40666666666667,26.1675],[-80.40466666666667,26.1675],[-80.40266666666668,26.1675],[-80.40066666666667,26.1675],[-80.39866666666667,26.1675],[-80.39666666666668,26.1675],[-80.39466666666668,26.1675],[-80.39266666666667,26.1675],[-80.39066666666668,26.1675],[-80.38866666666668,26.1675],[-80.38666666666667,26.1675],[-80.38466666666667,26.1675],[-80.38266666666667,26.1675],[-80.38066666666666,26.1675],[-80.37866666666666,26.1675],[-80.37666666666667,26.1675],[-80.37466666666666,26.1675],[-80.37266666666666,26.1675],[-80.37066666666666,26.1675],[-80.36866666666666,26.1675],[-80.36666666666666,26.1675],[-80.36466666666666,26.1675],[-80.36266666666666,26.1675],[-80.36066666666666,26.1675],[-80.35866666666666,26.1675],[-80.35666666666665,26.1675],[-80.35466666666666,26.1675],[-80.35266666666666,26.1675],[-80.35066666666665,26.1675],[-80.34866666666666,26.1675],[-80.34666666666666,26.1675],[-80.34466666666667,26.1675],[-80.34266666666666,26.1675],[-80.34066666666666,26.1675],[-80.33866666666667,26.1675],[-80.33666666666666,26.1675],[-80.33466666666666,26.1675],[-80.33266666666667,26.1675],[-80.33066666666666,26.1675],[-80.32866666666666,26.1675],[-80.32666666666667,26.1675],[-80.32466666666666,26.1675],[-80.32266666666666,26.1675],[-80.32066666666667,26.1675],[-80.32002266666666,26.1675]]},"properties":{"style":"solid","thickness":1}},{"type":"Feature","geometry":{"type":"LineString","coordinates":[[-79.69487872222223,26.14938175],[-79.6947936388889,26.148970972222223],[-79.694709,26.14856011111111],[-79.69462483333334,26.148149166666666],[-79.69454111111112,26.14773813888889],[-79.69445786111112,26.147327055555554],[-79.69437505555555,26.146915888888888],[-79.69429269444444,26.14650463888889],[-79.69421080555556,26.146093333333333],[-79.69412936111111,26.145681944444444],[-79.69404838888889,26.145270472222222],[-79.69396786111112,26.144858944444444],[-79.69388780555556,26.144447333333332],[-79.69380819444444,26.144035666666667],[-79.69372902777778,26.143623916666666],[-79.69365033333334,26.14321208333333],[-79.69357211111111,26.142800194444444],[-79.69349433333333,26.142388222222223],[-79.69341700000001,26.141976194444442],[-79.6933401388889,26.141564083333332],[-79.69326372222223,26.141151916666665],[-79.69318775,26.140739666666665],[-79.69311225,26.14032736111111],[-79.69303722222223,26.139915],[-79.69296263888889,26.13950252777778],[-79.69288852777778,26.139090027777776],[-79.69281486111112,26.138677444444443],[-79.69274163888889,26.138264805555554],[-79.69266888888889,26.137852083333332],[-79.69259658333334,26.137439305555557],[-79.69252475,26.13702647222222],[-79.6924533888889,26.136613555555556],[-79.69238247222222,26.136200583333334],[-79.692312,26.135787555555556],[-79.69224200000001,26.135374444444444],[-79.69217244444445,26.134961305555557],[-79.69210336111111,26.134548055555555],[-79.69203472222223,26.134134777777778],[-79.69196655555555,26.133721444444443],[-79.69189886111111,26.13330802777778],[-79.69183158333334,26.132894555555556],[-79.69176480555556,26.13248102777778],[-79.69169847222223,26.13206741666667],[-79.69163258333333,26.131653777777778],[-79.69156716666667,26.131240055555555],[-79.69150219444445,26.130826305555555],[-79.69143769444445,26.130412472222222],[-79.69137366666666,26.129998583333332],[-79.69131008333333,26.12958463888889],[-79.69124694444444,26.12917063888889],[-79.69118427777778,26.128756583333335],[-79.69112208333334,26.128342472222222],[-79.69106033333334,26.127928305555557],[-79.69099905555557,26.127514055555555],[-79.69093822222223,26.12709977777778],[-79.69087786111112,26.126685444444444],[-79.69081794444445,26.126271055555556],[-79.6907585,26.12585661111111],[-79.69069950000001,26.125442111111113],[-79.69064097222223,26.125027555555555],[-79.6905828888889,26.124612972222224],[-79.69052527777778,26.124198305555556],[-79.69046813888889,26.12378361111111],[-79.69041144444445,26.123368833333334],[-79.69035519444445,26.122954027777777],[-79.69029944444445,26.122539166666666],[-79.69024411111111,26.12212425],[-79.69018927777778,26.121709305555555],[-79.69013488888889,26.12129427777778],[-79.69008094444445,26.12087922222222],[-79.69002747222223,26.12046411111111],[-79.68997447222223,26.12004897222222],[-79.68992191666668,26.11963377777778],[-79.68986980555556,26.1192185],[-79.68981819444444,26.118803222222223],[-79.68976702777778,26.118387861111113],[-79.68971630555556,26.117972472222224],[-79.68966605555556,26.117557055555555],[-79.68961627777779,26.117141555555555],[-79.68956694444445,26.11672602777778],[-79.68951808333334,26.116310472222224],[-79.68946966666667,26.115894861111112],[-79.68942172222222,26.115479194444447],[-79.68937422222223,26.1150635],[-79.68932719444445,26.114647750000003],[-79.68928063888889,26.114231972222225],[-79.68923452777778,26.11381613888889],[-79.68918888888889,26.113400277777778],[-79.68914372222223,26.112984361111113],[-79.689099,26.11256841666667],[-79.68905475,26.112152416666667],[-79.68901094444445,26.11173638888889],[-79.68896761111111,26.111320333333335],[-79.68892472222223,26.110904222222224],[-79.68888230555557,26.110488083333333],[-79.68884036111112,26.11007188888889],[-79.68879886111111,26.10965566666667],[-79.68875783333334,26.10923938888889],[-79.68871727777778,26.108823111111114],[-79.68867716666666,26.10840677777778],[-79.6886375,26.10799038888889],[-79.68859833333333,26.107574000000003],[-79.68855961111112,26.107157555555556],[-79.68852133333334,26.106741083333336],[-79.68848355555556,26.106324583333336],[-79.68844619444445,26.10590802777778],[-79.68840933333334,26.105491444444446],[-79.68837291666667,26.105074833333333],[-79.68833694444444,26.104658194444447],[-79.68830147222222,26.10424152777778],[-79.68826644444445,26.103824805555558],[-79.68823186111112,26.103408083333335],[-79.68819775,26.102991305555555],[-79.68816411111112,26.102574500000003],[-79.68813091666667,26.102157666666667],[-79.68809822222222,26.101740805555558],[-79.68806594444445,26.10132391666667],[-79.6880341388889,26.100907000000003],[-79.68800280555556,26.100490055555557],[-79.68797194444444,26.100073083333335],[-79.68794152777778,26.099656083333333],[-79.68791158333333,26.099239055555554],[-79.68788208333334,26.098822],[-79.68785308333334,26.098404916666667],[-79.6878245,26.097987805555555],[-79.68779641666667,26.097570666666666],[-79.68776877777778,26.097153499999997],[-79.68774158333333,26.096736333333332],[-79.68771488888889,26.09631911111111],[-79.68768863888889,26.09590188888889],[-79.68766283333333,26.095484638888887],[-79.68763750000001,26.095067333333333],[-79.6876126388889,26.094650055555555],[-79.68758825,26.09423272222222],[-79.68756430555555,26.09381536111111],[-79.68754083333334,26.093398],[-79.68751780555556,26.09298061111111],[-79.68749525,26.092563194444445],[-79.68747316666666,26.092145777777777],[-79.68745152777778,26.091728333333332],[-79.68743036111111,26.09131086111111],[-79.68740966666667,26.09089336111111],[-79.68738941666668,26.09047586111111],[-79.6873696388889,26.09005833333333],[-79.68735033333334,26.089640805555554],[-79.68733147222223,26.08922322222222],[-79.68731308333334,26.088805666666666],[-79.68729516666667,26.088388055555555],[-79.68727769444445,26.087970444444444],[-79.68726069444445,26.087552833333334],[-79.68724413888889,26.087135194444443],[-79.68722808333334,26.086717527777775],[-79.68721244444446,26.08629986111111],[-79.68719730555556,26.085882194444444],[-79.68718261111111,26.0854645],[-79.68716838888889,26.085046777777777],[-79.68715461111111,26.084629055555553],[-79.68714133333334,26.084211333333332],[-79.68712847222223,26.083793583333332],[-79.68711611111111,26.08337583333333],[-79.68710419444444,26.082958055555554],[-79.68709275,26.082540277777778],[-79.68708175,26.0821225],[-79.68707122222223,26.081704694444444],[-79.68706116666667,26.08128688888889],[-79.68705155555556,26.080869055555556],[-79.68704241666667,26.08045125],[-79.68703375,26.080033416666666],[-79.68702552777778,26.079615555555556],[-79.68701777777778,26.079197722222222],[-79.6870105,26.078779861111112],[-79.68700366666667,26.078362],[-79.68699730555556,26.07794413888889],[-79.68699141666667,26.07752625],[-79.68698597222223,26.077108388888888],[-79.686981,26.076690499999998],[-79.6869765,26.07627261111111],[-79.68697244444445,26.07585472222222],[-79.68696886111111,26.075436833333335],[-79.68696575,26.075018916666668],[-79.68696308333334,26.074601027777778],[-79.68696088888889,26.07418311111111],[-79.68695916666667,26.07376522222222],[-79.6869578888889,26.073347305555554],[-79.68695708333334,26.072929416666668],[-79.68695672222222,26.0725115],[-79.68695683333334,26.072093583333334],[-79.68695741666667,26.071675694444444],[-79.68695847222223,26.071257777777777],[-79.68695997222223,26.07083986111111],[-79.68696194444445,26.07042197222222],[-79.68696436111111,26.070004055555554],[-79.68696727777778,26.069586166666667],[-79.68697061111112,26.069168277777777],[-79.68697444444444,26.068750388888887],[-79.68697872222222,26.06833247222222],[-79.68698347222222,26.06791461111111],[-79.68698866666666,26.067496722222224],[-79.68699433333333,26.067078833333333],[-79.68700047222222,26.066660972222223],[-79.68700705555555,26.066243111111113],[-79.6870141388889,26.06582525],[-79.6870216388889,26.06540738888889],[-79.68702963888889,26.064989555555556],[-79.68703808333333,26.064571722222222],[-79.68704697222222,26.06415388888889],[-79.68705636111112,26.063736055555555],[-79.68706619444445,26.063318250000002],[-79.68707647222223,26.062900444444445],[-79.68708722222223,26.06248263888889],[-79.68709844444444,26.06206486111111],[-79.6871101388889,26.061647083333334],[-79.68712227777777,26.061229333333333],[-79.68713488888889,26.060811555555556],[-79.68714797222222,26.060393833333332],[-79.6871615,26.059976083333336],[-79.68717547222222,26.059558388888888],[-79.68718994444446,26.059140666666668],[-79.68720486111111,26.058722972222224],[-79.68722025000001,26.058305305555557],[-79.68723608333333,26.05788763888889],[-79.6872523888889,26.057470000000002],[-79.68726916666667,26.05705236111111],[-79.6872863888889,26.05663475],[-79.68730408333333,26.05621713888889],[-79.68732225000001,26.055799555555556],[-79.68734086111111,26.05538197222222],[-79.68735994444445,26.054964444444444],[-79.68737947222223,26.05454688888889],[-79.68739947222222,26.05412938888889],[-79.68741994444444,26.05371188888889],[-79.68744086111111,26.05329438888889],[-79.68746225000001,26.052876944444446],[-79.68748411111112,26.0524595],[-79.68750641666666,26.052042083333333],[-79.68752919444445,26.05162466666667],[-79.68755244444445,26.051207277777777],[-79.68757613888889,26.050789916666666],[-79.68760030555556,26.050372583333335],[-79.68762491666666,26.04995527777778],[-79.68765,26.049537972222225],[-79.68767555555556,26.049120722222224],[-79.68770155555556,26.048703472222225],[-79.68772802777778,26.048286222222224],[-79.68775497222222,26.04786902777778],[-79.68778236111112,26.047451861111114],[-79.68781022222223,26.047034722222225],[-79.68783852777779,26.046617583333337],[-79.68786730555556,26.046200472222225],[-79.68789655555555,26.04578341666667],[-79.68792625,26.045366361111114],[-79.68795641666667,26.044949333333335],[-79.68798702777778,26.044532361111113],[-79.68801811111112,26.04411538888889],[-79.68804966666667,26.043698444444445],[-79.68808166666668,26.043281555555556],[-79.68811413888889,26.042864666666667],[-79.68814708333333,26.042447805555557],[-79.68818047222223,26.042031],[-79.68821430555556,26.041614194444445],[-79.6882486388889,26.041197444444446],[-79.68828341666666,26.040780722222223],[-79.68831863888889,26.04036402777778],[-79.68835433333334,26.039947361111114],[-79.6883905,26.039530722222224],[-79.68842711111111,26.03911413888889],[-79.68846419444445,26.038697583333335],[-79.68850172222223,26.038281027777778],[-79.68853972222223,26.037864555555558],[-79.68857819444445,26.037448083333334],[-79.68861711111111,26.03703163888889],[-79.68865650000001,26.03661525],[-79.68869633333334,26.036198916666667],[-79.6887366388889,26.035782583333337],[-79.68877741666667,26.035366305555556],[-79.68881863888889,26.03495005555556],[-79.68886033333334,26.034533833333334],[-79.68890247222222,26.034117666666667],[-79.68894508333334,26.03370152777778],[-79.68898813888889,26.033285444444445],[-79.68903166666666,26.032869388888887],[-79.68907566666667,26.03245336111111],[-79.68912011111111,26.032037388888888],[-79.689165,26.03162147222222],[-79.6892103888889,26.031205555555555],[-79.68925619444445,26.03078972222222],[-79.68930250000001,26.03037388888889],[-79.68934925,26.029958138888887],[-79.68939644444445,26.02954238888889],[-79.68944411111111,26.02912672222222],[-79.68949225,26.02871108333333],[-79.68954083333334,26.028295472222222],[-79.68958986111112,26.027879916666667],[-79.68963938888889,26.027464416666664],[-79.68968933333333,26.027048944444445],[-79.68973977777779,26.026633527777776],[-79.6897906388889,26.026218166666666],[-79.689842,26.025802833333334],[-79.68989380555556,26.025387555555554],[-79.68994605555557,26.024972305555554],[-79.68999877777779,26.02455711111111],[-79.69005194444445,26.02414197222222],[-79.69010558333333,26.023726888888888],[-79.69015969444445,26.02331186111111],[-79.69021425,26.02289686111111],[-79.69026927777779,26.022481916666667],[-79.69032475,26.022067027777776],[-79.69038066666667,26.021652166666666],[-79.69043705555556,26.02123738888889],[-79.69049391666667,26.020822638888887],[-79.69055122222223,26.020407944444443],[-79.69060900000001,26.019993305555555],[-79.69066722222223,26.01957872222222],[-79.69072591666666,26.019164194444443],[-79.69078505555557,26.01874972222222],[-79.69084463888889,26.018335277777776],[-79.69090472222223,26.017920916666665],[-79.69096522222223,26.01750661111111],[-79.69102619444445,26.017092333333334],[-79.69108763888889,26.01667813888889],[-79.69114952777778,26.016263972222223],[-79.69121188888889,26.015849888888887],[-79.69127469444445,26.015435833333335],[-79.69133794444444,26.015021861111112],[-79.69140166666666,26.014607944444446],[-79.69146586111111,26.014194055555556],[-79.6915305,26.01378025],[-79.69159558333334,26.0133665],[-79.69166113888889,26.012952805555557],[-79.6917271388889,26.012539194444443],[-79.69179361111111,26.01212561111111],[-79.69186055555556,26.011712083333332],[-79.69192791666667,26.01129863888889],[-79.69199575,26.01088525],[-79.69200433333334,26.010833333333334],[-79.69253730555556,26.010833333333334],[-79.69452736111111,26.010833333333334],[-79.69651741666667,26.010833333333334],[-79.69850747222223,26.010833333333334],[-79.7004975,26.010833333333334],[-79.70248755555556,26.010833333333334],[-79.70447761111112,26.010833333333334],[-79.70646766666667,26.010833333333334],[-79.70845769444445,26.010833333333334],[-79.71044775,26.010833333333334],[-79.71243780555555,26.010833333333334],[-79.71442786111112,26.010833333333334],[-79.71641791666667,26.010833333333334],[-79.71840794444445,26.010833333333334],[-79.720398,26.010833333333334],[-79.72238805555556,26.010833333333334],[-79.72437811111111,26.010833333333334],[-79.72636816666667,26.010833333333334],[-79.72835819444444,26.010833333333334],[-79.73034825,26.010833333333334],[-79.73233830555556,26.010833333333334],[-79.73432836111111,26.010833333333334],[-79.73631841666666,26.010833333333334],[-79.73830844444444,26.010833333333334],[-79.7402985,26.010833333333334],[-79.74228855555556,26.010833333333334],[-79.74427861111111,26.010833333333334],[-79.74626863888889,26.010833333333334],[-79.74825869444444,26.010833333333334],[-79.75024875,26.010833333333334],[-79.75223880555555,26.010833333333334],[-79.75422886111112,26.010833333333334],[-79.7562188888889,26.010833333333334],[-79.75820894444445,26.010833333333334],[-79.760199,26.010833333333334],[-79.76218905555555,26.010833333333334],[-79.7641791111111,26.010833333333334],[-79.76616913888888,26.010833333333334],[-79.76815919444445,26.010833333333334],[-79.77014925,26.010833333333334],[-79.77213930555556,26.010833333333334],[-79.77412936111111,26.010833333333334],[-79.77611938888889,26.010833333333334],[-79.77810944444444,26.010833333333334],[-79.7800995,26.010833333333334],[-79.78208955555556,26.010833333333334],[-79.78407961111111,26.010833333333334],[-79.78577858333333,26.010833333333334],[-79.78575302777777,26.010957055555554],[-79.7856855,26.01128577777778],[-79.7856183611111,26.011614555555557],[-79.78555158333333,26.011943388888888],[-79.78548516666666,26.012272305555555],[-79.78541908333334,26.01260125],[-79.78535341666667,26.012930277777777],[-79.78528808333333,26.01325936111111],[-79.78522311111111,26.0135885],[-79.7851585,26.013917694444444],[-79.78509427777777,26.014246944444444],[-79.78503038888888,26.01457625],[-79.78496688888889,26.01490561111111],[-79.78490375,26.015235027777777],[-79.78484094444444,26.015564527777777],[-79.78477852777777,26.015894055555556],[-79.7847165,26.016223666666665],[-79.78465480555555,26.016553305555554],[-79.78459347222223,26.016883],[-79.78453252777777,26.017212777777775],[-79.78447191666666,26.01754258333333],[-79.78441169444444,26.017872472222223],[-79.78435183333333,26.018202388888888],[-79.78429233333333,26.01853236111111],[-79.78423319444444,26.018862388888888],[-79.78417441666666,26.019192472222223],[-79.78411602777777,26.01952261111111],[-79.78405797222221,26.019852805555555],[-79.78400030555555,26.020183055555556],[-79.783943,26.02051336111111],[-79.78388605555556,26.020843694444444],[-79.78382947222222,26.02117408333333],[-79.78377325,26.021504555555556],[-79.78371741666666,26.021835027777776],[-79.78366191666666,26.022165583333333],[-79.78360680555555,26.022496194444443],[-79.78355205555556,26.022826833333333],[-79.78349766666666,26.023157527777776],[-79.78344363888888,26.023488277777776],[-79.78339,26.023819083333333],[-79.78333669444444,26.024149916666666],[-79.78328377777778,26.024480805555555],[-79.78323122222223,26.024811749999998],[-79.78317902777778,26.02514275],[-79.78312722222222,26.025473777777776],[-79.78307575,26.02580486111111],[-79.78302466666666,26.026135999999997],[-79.78297394444445,26.026467166666666],[-79.78292358333333,26.02679838888889],[-79.78287358333333,26.027129638888887],[-79.78282394444444,26.027460944444442],[-79.78277469444444,26.027792305555554],[-79.78272580555556,26.028123694444442],[-79.78267727777778,26.028455138888887],[-79.7826291111111,26.02878663888889],[-79.78258130555555,26.029118166666667],[-79.78253388888889,26.02944972222222],[-79.78248683333334,26.029781333333332],[-79.78244013888889,26.030113],[-79.78239380555556,26.030444694444444],[-79.78234783333333,26.030776444444445],[-79.78230225,26.031108222222223],[-79.78225702777777,26.031440055555553],[-79.78221216666667,26.031771916666667],[-79.78216766666667,26.032103805555554],[-79.78212355555556,26.032435749999998],[-79.78207977777778,26.032767749999998],[-79.78203638888888,26.033099749999998],[-79.7819933611111,26.033431833333335],[-79.78195072222222,26.03376391666667],[-79.78190841666667,26.03409605555556],[-79.78186649999999,26.03442825],[-79.78182494444444,26.034760444444448],[-79.78178377777778,26.035092694444447],[-79.78174294444445,26.035425],[-79.7817025,26.035757333333336],[-79.78166241666666,26.036089694444446],[-79.78162269444444,26.036422083333335],[-79.7815833611111,26.03675452777778],[-79.78154436111112,26.037086972222223],[-79.78150575,26.037419500000002],[-79.7814675,26.03775202777778],[-79.7814296388889,26.038084611111113],[-79.78139213888889,26.038417194444445],[-79.78135497222222,26.038749833333334],[-79.78131822222223,26.03908252777778],[-79.78128180555555,26.039415222222225],[-79.78124577777778,26.039747972222223],[-79.78121011111111,26.04008075],[-79.78117480555555,26.040413555555556],[-79.78113986111111,26.04074638888889],[-79.78110530555556,26.041079250000003],[-79.7810711111111,26.04141213888889],[-79.78103727777777,26.041745083333335],[-79.78100383333333,26.04207802777778],[-79.78097072222222,26.042411027777778],[-79.780938,26.042744055555556],[-79.78090566666667,26.043077083333333],[-79.78087366666666,26.043410166666668],[-79.78084205555555,26.04374327777778],[-79.78081080555556,26.04407641666667],[-79.78077991666666,26.044409583333334],[-79.78074941666667,26.04474275],[-79.78071927777778,26.045075972222225],[-79.7806895,26.045409222222222],[-79.7806601111111,26.045742500000003],[-79.78063105555556,26.046075805555557],[-79.7806023888889,26.046409111111114],[-79.78057411111111,26.046742472222224],[-79.78054616666667,26.047075833333334],[-79.7805186111111,26.04740925],[-79.78049141666666,26.047742666666668],[-79.78046458333333,26.04807611111111],[-79.78043813888888,26.048409583333335],[-79.78041205555556,26.048743083333335],[-79.78038633333333,26.04907661111111],[-79.780361,26.04941013888889],[-79.78033602777778,26.049743722222225],[-79.78031141666666,26.050077305555558],[-79.78028716666667,26.050410916666667],[-79.78026330555555,26.050744555555557],[-79.78023980555555,26.051078194444447],[-79.78021666666666,26.051411861111113],[-79.78019391666666,26.051745555555556],[-79.78017152777778,26.05207927777778],[-79.7801495,26.052413027777778],[-79.78012783333334,26.052746777777777],[-79.78010655555555,26.053080555555557],[-79.78008563888889,26.053414333333333],[-79.78006508333333,26.05374816666667],[-79.78004491666667,26.054081972222225],[-79.78002511111112,26.054415833333334],[-79.78000566666667,26.054749694444446],[-79.77998661111111,26.055083583333335],[-79.77996791666666,26.055417472222224],[-79.77994958333333,26.055751416666666],[-79.77993161111111,26.056085333333336],[-79.77991402777778,26.056419277777778],[-79.77989680555555,26.05675325],[-79.77987997222222,26.057087222222222],[-79.77986347222222,26.057421222222224],[-79.77984736111111,26.05775525],[-79.7798316388889,26.05808927777778],[-79.77981625,26.058423305555557],[-79.77980125,26.058757361111113],[-79.7797866111111,26.059091416666668],[-79.77977236111111,26.0594255],[-79.77975847222223,26.059759583333335],[-79.77974494444445,26.060093694444443],[-79.77973180555556,26.060427805555555],[-79.779719,26.060761944444444],[-79.77970658333334,26.061096083333332],[-79.77969455555555,26.061430222222224],[-79.77968288888889,26.06176438888889],[-79.77967158333334,26.062098555555558],[-79.77966063888888,26.06243275],[-79.77965008333334,26.062766944444444],[-79.7796398888889,26.06310113888889],[-79.77963005555556,26.06343536111111],[-79.77962061111111,26.063769583333332],[-79.77961152777777,26.064103805555558],[-79.77960280555556,26.06443802777778],[-79.77959447222221,26.064772277777777],[-79.7795865,26.06510652777778],[-79.77957888888889,26.065440777777777],[-79.77957166666667,26.065775055555555],[-79.77956480555555,26.066109305555557],[-79.77955830555555,26.066443583333335],[-79.77955216666666,26.06677786111111],[-79.77954641666666,26.067112166666668],[-79.77954102777778,26.067446444444442],[-79.77953602777778,26.06778075],[-79.77953138888888,26.068115055555555],[-79.77952711111111,26.06844936111111],[-79.77952322222222,26.068783666666665],[-79.77951966666667,26.069117972222223],[-79.7795165,26.069452277777778],[-79.77951372222222,26.069786611111113],[-79.77951130555556,26.070120916666667],[-79.77950925,26.07045525],[-79.77950755555555,26.070789583333333],[-79.77950625,26.071123888888888],[-79.77950530555556,26.071458222222223],[-79.77950475,26.071792555555554],[-79.77950452777777,26.07212688888889],[-79.77950472222223,26.072461194444443],[-79.77950525,26.072795527777778],[-79.77950616666666,26.07312986111111],[-79.77950744444445,26.073464194444444],[-79.77950908333334,26.0737985],[-79.7795111111111,26.074132833333334],[-79.7795135,26.07446713888889],[-79.77951625,26.074801472222223],[-79.77951938888889,26.075135777777778],[-79.77952288888889,26.075470083333332],[-79.77952675,26.075804388888887],[-79.779531,26.076138694444445],[-79.77953561111111,26.076473],[-79.77954058333333,26.076807305555555],[-79.77954594444445,26.077141583333333],[-79.77955166666666,26.077475888888888],[-79.77955775,26.077810166666666],[-79.77956422222222,26.078144444444444],[-79.77957105555555,26.078478694444446],[-79.77957825,26.078812972222224],[-79.77958583333333,26.079147222222222],[-79.77959377777778,26.079481472222223],[-79.77960208333333,26.07981572222222],[-79.77961077777778,26.080149944444443],[-79.77961983333333,26.080484194444445],[-79.77962925,26.08081838888889],[-79.77963902777778,26.08115261111111],[-79.77964919444445,26.081486805555556],[-79.77965975,26.081821],[-79.77967063888889,26.082155194444443],[-79.77968191666666,26.08248936111111],[-79.77969355555555,26.082823527777776],[-79.77970558333334,26.083157666666665],[-79.77971797222222,26.083491805555553],[-79.77973072222223,26.083825944444442],[-79.77974383333333,26.084160055555554],[-79.77975733333334,26.08449413888889],[-79.77977119444445,26.084828249999997],[-79.77978544444444,26.085162333333333],[-79.77980002777778,26.085496388888888],[-79.779815,26.085830444444444],[-79.77983036111111,26.086164472222222],[-79.77984608333334,26.086498499999998],[-79.77986216666666,26.086832527777776],[-79.77987861111112,26.0871665],[-79.77989544444445,26.087500499999997],[-79.77991263888889,26.08783447222222],[-79.77993019444445,26.088168416666665],[-79.77994813888888,26.08850233333333],[-79.77996644444444,26.08883625],[-79.77998511111112,26.089170166666666],[-79.78000416666667,26.089504055555555],[-79.78002355555556,26.089837916666667],[-79.78004336111111,26.09017175],[-79.7800635,26.090505583333332],[-79.78008402777778,26.090839416666665],[-79.78010491666666,26.091173194444444],[-79.78012619444445,26.09150697222222],[-79.78014780555556,26.09184072222222],[-79.78016983333333,26.092174472222222],[-79.78019219444444,26.092508166666665],[-79.78021494444444,26.09284186111111],[-79.78023805555556,26.093175555555554],[-79.78026152777778,26.093509194444444],[-79.78028538888888,26.093842833333333],[-79.78030961111111,26.094176444444443],[-79.78033419444445,26.094510027777776],[-79.78035913888888,26.094843583333333],[-79.78038447222222,26.09517713888889],[-79.78041016666667,26.095510666666666],[-79.78043625,26.09584413888889],[-79.78046269444444,26.09617761111111],[-79.7804895,26.096511083333333],[-79.78051666666667,26.0968445],[-79.78054422222222,26.097177888888886],[-79.78057213888889,26.097511277777777],[-79.78060041666667,26.09784461111111],[-79.78062905555555,26.098177944444444],[-79.78065808333334,26.098511249999998],[-79.78068747222223,26.0988445],[-79.78071725,26.09917775],[-79.78074736111111,26.09951097222222],[-79.7807778611111,26.099844166666667],[-79.78080875,26.100177333333335],[-79.78083997222222,26.100510444444446],[-79.78087158333334,26.100843555555556],[-79.78090355555555,26.10117663888889],[-79.78093591666666,26.101509694444445],[-79.7809686111111,26.101842694444446],[-79.78100172222221,26.102175694444448],[-79.78103516666667,26.10250863888889],[-79.78106897222222,26.102841583333333],[-79.78110316666667,26.103174472222225],[-79.78113772222223,26.103507333333337],[-79.78117266666666,26.103840166666668],[-79.78120797222222,26.104172972222223],[-79.78124361111111,26.10450575],[-79.78127966666666,26.104838500000003],[-79.78131605555555,26.105171194444445],[-79.78135283333333,26.105503861111114],[-79.78138997222221,26.105836500000002],[-79.78142747222222,26.10616911111111],[-79.78146536111112,26.106501694444447],[-79.7815036111111,26.106834222222222],[-79.78154222222223,26.107166722222225],[-79.78158119444444,26.107499194444447],[-79.78162055555555,26.10783163888889],[-79.78166027777777,26.10816402777778],[-79.7817003611111,26.10849638888889],[-79.78174083333333,26.108828722222224],[-79.78178163888889,26.109161],[-79.78182283333334,26.10949325],[-79.78186441666666,26.109825472222223],[-79.78190633333334,26.11015763888889],[-79.78194863888889,26.11048977777778],[-79.78199130555555,26.110821861111113],[-79.78203433333333,26.111153944444446],[-79.78207772222223,26.111485944444446],[-79.7821215,26.111817944444446],[-79.78216563888888,26.112149861111114],[-79.78221013888889,26.11248177777778],[-79.78225502777778,26.11281363888889],[-79.78230027777778,26.113145472222225],[-79.78234586111111,26.113477250000003],[-79.78239186111111,26.113808972222223],[-79.78243819444444,26.114140666666668],[-79.78248491666666,26.114472333333335],[-79.782532,26.114803944444446],[-79.78257944444444,26.1151355],[-79.78262725,26.11546702777778],[-79.78267544444445,26.11579852777778],[-79.78272397222221,26.116129972222225],[-79.78277288888889,26.116461361111114],[-79.78282219444445,26.116792694444445],[-79.78287183333333,26.117124],[-79.7829218611111,26.11745527777778],[-79.78297225,26.1177865],[-79.783023,26.118117666666667],[-79.7830741111111,26.11844877777778],[-79.7831256111111,26.11877986111111],[-79.78317747222222,26.11911088888889],[-79.78322969444444,26.11944188888889],[-79.78328227777777,26.119772805555556],[-79.78333522222222,26.120103694444445],[-79.78338855555555,26.120434555555555],[-79.78344225,26.120765333333335],[-79.78349630555556,26.121096083333335],[-79.78355072222222,26.121426777777778],[-79.7836055,26.121757416666668],[-79.78366066666666,26.122088027777778],[-79.78371619444444,26.122418555555555],[-79.78377208333333,26.122749055555555],[-79.78382833333333,26.1230795],[-79.78388494444444,26.12340988888889],[-79.78394194444444,26.12374025],[-79.78399927777778,26.12407052777778],[-79.784057,26.12440077777778],[-79.78411508333333,26.124730972222224],[-79.78417355555555,26.125061083333335],[-79.78423236111111,26.125391166666667],[-79.78429155555555,26.125721194444445],[-79.78435108333333,26.126051194444447],[-79.78441099999999,26.12638111111111],[-79.78447130555556,26.126710972222224],[-79.78453194444444,26.12704077777778],[-79.78459294444444,26.127370527777778],[-79.78465433333334,26.12770025],[-79.78471608333334,26.12802988888889]]},"properties":{"style":"solid","thickness":1}},{"type":"Feature","geometry":{"type":"LineString","coordinates":[[-79.78471608333334,26.12802988888889],[-79.78477819444444,26.128359472222222],[-79.78484066666667,26.128689],[-79.7849035,26.129018472222224],[-79.78496669444445,26.129347916666667],[-79.78503027777778,26.129677277777777],[-79.78509422222223,26.130006583333333],[-79.78515852777778,26.130335805555557],[-79.78522319444444,26.130665],[-79.78528822222222,26.13099413888889],[-79.7853536111111,26.13132322222222],[-79.78541936111111,26.131652222222222],[-79.7854855,26.131981166666666],[-79.785552,26.132310055555557],[-79.78561883333333,26.132638888888888],[-79.78568605555556,26.132967666666666],[-79.78575363888889,26.13329638888889],[-79.78582158333333,26.13362502777778],[-79.78588991666666,26.13395361111111],[-79.78595858333333,26.13428213888889],[-79.78602763888888,26.13461061111111],[-79.78609702777777,26.134939027777776],[-79.78616680555555,26.13526736111111],[-79.78623694444444,26.135595638888887],[-79.78630744444445,26.135923833333333],[-79.78637830555556,26.136252],[-79.78644952777778,26.13658008333333],[-79.78652111111111,26.13690808333333],[-79.78659308333333,26.137236055555555],[-79.78666538888889,26.137563944444445],[-79.78673808333333,26.137891749999998],[-79.7868111111111,26.13821952777778],[-79.78688452777777,26.138547222222222],[-79.78695830555556,26.138874833333333],[-79.78703244444445,26.13920238888889],[-79.78710694444445,26.139529888888887],[-79.78718180555555,26.139857305555555],[-79.78725702777777,26.140184666666666],[-79.78733261111111,26.14051197222222],[-79.78740855555556,26.140839166666666],[-79.78748486111111,26.141166333333334],[-79.78756155555556,26.141493416666666],[-79.78763858333333,26.141820416666665],[-79.787716,26.14214736111111],[-79.78779374999999,26.14247425],[-79.78787188888889,26.142801055555555],[-79.78795036111111,26.143127777777778],[-79.78802922222222,26.143454444444444],[-79.78810844444445,26.143781027777777],[-79.78818802777778,26.144107555555554],[-79.78826794444444,26.144434],[-79.78834825,26.14476036111111],[-79.78842891666666,26.145086666666668],[-79.78850994444444,26.145412888888888],[-79.78859133333333,26.145739055555556],[-79.78867308333334,26.14606511111111],[-79.78875519444445,26.146391138888887],[-79.78883766666667,26.146717055555555],[-79.7889205,26.147042916666667],[-79.78900369444445,26.147368694444445],[-79.78908725,26.147694416666667],[-79.78917116666666,26.14802002777778],[-79.78925544444444,26.148345583333334],[-79.78934008333333,26.148671083333333],[-79.78942508333333,26.148996472222223],[-79.78951044444445,26.149321805555555],[-79.78959616666667,26.149647055555555],[-79.78968225,26.14997222222222],[-79.78976869444445,26.150297305555554],[-79.7898555,26.15062233333333],[-79.78994266666666,26.150947277777778],[-79.79003019444444,26.15127211111111],[-79.79011808333333,26.15159688888889],[-79.79020633333333,26.15192161111111],[-79.79029494444444,26.15224622222222],[-79.79038391666667,26.15257075],[-79.79047322222222,26.15289522222222],[-79.79056291666666,26.153219583333332],[-79.79065297222222,26.153543888888887],[-79.79074336111111,26.15386811111111],[-79.79083413888888,26.15419222222222],[-79.79092527777777,26.154516277777777],[-79.79101675,26.15484025],[-79.79110858333333,26.15516413888889],[-79.79120080555555,26.15548794444444],[-79.79129336111112,26.155811666666665],[-79.79138627777778,26.156135305555555],[-79.79147955555555,26.156458833333332],[-79.79157322222223,26.156782305555556],[-79.79166722222222,26.157105694444443],[-79.79176155555555,26.157428999999997],[-79.79185627777778,26.15775219444444],[-79.7919513611111,26.158075333333333],[-79.79204680555556,26.15839836111111],[-79.79214258333333,26.158721305555556],[-79.79223875,26.159044194444444],[-79.79233525,26.15936697222222],[-79.79243211111111,26.159689666666665],[-79.79252933333333,26.160012249999998],[-79.79262691666666,26.160334777777777],[-79.79272486111111,26.160657194444443],[-79.79282316666666,26.160979527777776],[-79.79292183333334,26.161301777777776],[-79.79302083333333,26.161623944444443],[-79.79312022222221,26.161946027777777],[-79.79321994444444,26.162267999999997],[-79.79332002777778,26.16258988888889],[-79.79342047222222,26.162911694444443],[-79.79352127777777,26.163233416666664],[-79.79362241666666,26.163555027777775],[-79.79372394444444,26.163876555555554],[-79.79382580555556,26.164198],[-79.79392805555555,26.16451933333333],[-79.79403063888888,26.164840583333334],[-79.79413355555555,26.16516175],[-79.7942368611111,26.165482805555556],[-79.79434052777778,26.165803777777775],[-79.79444452777777,26.166124666666665],[-79.79454888888888,26.16644544444444],[-79.79465361111112,26.16676613888889],[-79.79475869444444,26.167086722222223],[-79.79486413888888,26.167407222222224],[-79.79496991666666,26.16772761111111],[-79.79507605555555,26.168047944444446],[-79.79518255555556,26.16836813888889],[-79.79528941666666,26.168688250000002],[-79.79539663888889,26.169008277777777],[-79.79550419444445,26.169328194444446],[-79.79561211111111,26.16964802777778],[-79.79572038888888,26.16996775],[-79.79582902777777,26.17028738888889],[-79.79593802777778,26.170606916666667],[-79.7960473611111,26.170926333333334],[-79.79615705555555,26.171245666666668],[-79.7962671111111,26.171564916666668],[-79.79637749999999,26.171884055555555],[-79.79648827777777,26.172203083333333],[-79.7965993888889,26.172522],[-79.79671083333334,26.172840833333336],[-79.79682266666667,26.173159583333334],[-79.79693483333332,26.173478222222222],[-79.79704736111111,26.17379675],[-79.79716025,26.174115166666667],[-79.79727347222222,26.174433500000003],[-79.79738708333333,26.174751722222222],[-79.79750102777777,26.175069833333335],[-79.79761530555555,26.175387861111112],[-79.79772994444444,26.17570577777778],[-79.79784494444445,26.176023583333336],[-79.79796030555555,26.17634127777778],[-79.79807602777778,26.17665888888889],[-79.79819208333333,26.17697638888889],[-79.79830847222222,26.17729377777778],[-79.79842525,26.177611083333336],[-79.7985423611111,26.17792825],[-79.79865983333333,26.178245333333333],[-79.7987776388889,26.178562305555555],[-79.79889583333333,26.17887916666667],[-79.79901433333333,26.179195916666668],[-79.79913322222222,26.179512555555558],[-79.79925244444445,26.17982911111111],[-79.79937202777778,26.18014555555556],[-79.79949194444444,26.180461861111112],[-79.79961222222222,26.180778083333333],[-79.79973286111111,26.181094194444444],[-79.79985383333333,26.181410194444446],[-79.79997516666667,26.181726083333334],[-79.80009686111111,26.182041861111113],[-79.80021888888889,26.18235752777778],[-79.80034127777778,26.182673083333334],[-79.80046402777778,26.182988555555557],[-79.80058711111111,26.18330388888889],[-79.80071052777778,26.18361911111111],[-79.80083433333333,26.183934222222224],[-79.80095844444445,26.184249222222224],[-79.80108294444445,26.18456411111111],[-79.80120777777778,26.18487888888889],[-79.80133297222221,26.185193555555557],[-79.8014585,26.185508111111112],[-79.80158438888888,26.185822555555557],[-79.8017106111111,26.186136861111112],[-79.80183719444445,26.186451083333335],[-79.8019641111111,26.186765166666667],[-79.80209138888888,26.187079166666667],[-79.80221902777778,26.187393027777777],[-79.802347,26.187706777777777],[-79.80247533333333,26.188020416666667],[-79.802604,26.188333944444445],[-79.80273302777778,26.188647333333332],[-79.80286238888888,26.18896061111111],[-79.80299211111111,26.189273777777778],[-79.80312216666667,26.189586833333333],[-79.80325258333333,26.18989977777778],[-79.80338333333333,26.190212583333334],[-79.80351444444445,26.190525277777777],[-79.80364588888888,26.19083786111111],[-79.80377769444443,26.191150333333333],[-79.80390983333334,26.191462666666666],[-79.80404233333333,26.19177488888889],[-79.80417516666667,26.192087],[-79.80430836111111,26.19239897222222],[-79.80444188888889,26.192710833333333],[-79.80457577777777,26.193022583333335],[-79.80471,26.193334194444446],[-79.80484458333333,26.193645694444445],[-79.8049795,26.193957055555554],[-79.80511475,26.194268305555557],[-79.8052503611111,26.194579444444443],[-79.80538633333333,26.194890472222223],[-79.80552261111112,26.195201333333333],[-79.80565927777778,26.19551211111111],[-79.80579625,26.19582275],[-79.80593358333333,26.19613325],[-79.80607127777778,26.196443666666667],[-79.80620930555556,26.196753916666665],[-79.80634766666667,26.197064055555554],[-79.80648638888889,26.197374083333333],[-79.80662544444444,26.197683972222222],[-79.8067648611111,26.197993722222222],[-79.80690461111111,26.198303361111112],[-79.80704469444444,26.19861288888889],[-79.80718511111111,26.19892227777778],[-79.80732588888888,26.199231527777776],[-79.80746702777778,26.199540666666667],[-79.8076085,26.199849666666665],[-79.80775030555556,26.200158555555554],[-79.80789244444445,26.200467305555556],[-79.80803494444444,26.200775916666665],[-79.80817777777777,26.201084416666667],[-79.80832097222222,26.201392777777777],[-79.80846447222221,26.201701],[-79.80860836111111,26.20200911111111],[-79.80875255555556,26.202317083333334],[-79.80889711111111,26.202624916666664],[-79.80904199999999,26.20293263888889],[-79.80918722222222,26.203240194444444],[-79.80933280555556,26.203547666666665],[-79.80947872222222,26.20385497222222],[-79.80962497222222,26.204162166666666],[-79.80977158333333,26.204469222222222],[-79.8099185,26.20477613888889],[-79.81006580555555,26.205082916666665],[-79.81021341666667,26.205389583333332],[-79.8103613888889,26.205696083333333],[-79.81050966666666,26.20600247222222],[-79.81065833333334,26.206308749999998],[-79.81080730555556,26.20661486111111],[-79.81095663888888,26.20692083333333],[-79.81110627777778,26.207226694444444],[-79.81125630555556,26.20753238888889],[-79.81140663888888,26.207837972222222],[-79.81155730555555,26.208143416666665],[-79.81170833333333,26.208448722222222],[-79.81185969444444,26.20875388888889],[-79.81201138888889,26.209058916666667],[-79.81216344444444,26.20936383333333],[-79.81231580555556,26.209668583333332],[-79.81246852777778,26.209973194444444],[-79.81262158333332,26.210277694444443],[-79.81277497222221,26.21058202777778],[-79.81292869444444,26.21088622222222],[-79.81308277777778,26.211190305555554],[-79.81323716666667,26.21149422222222],[-79.81339191666666,26.211797999999998],[-79.813547,26.212101666666666],[-79.81370241666666,26.212405166666667],[-79.81385816666666,26.212708527777778],[-79.81401427777777,26.21301175],[-79.81417069444444,26.21331483333333],[-79.81432747222222,26.213617777777777],[-79.81448455555555,26.213920583333334],[-79.81464199999999,26.21422325],[-79.81479977777778,26.21452575],[-79.81495788888888,26.214828138888887],[-79.81511633333334,26.21513036111111],[-79.8152751111111,26.215432444444442],[-79.81543425,26.215734388888887],[-79.81559369444444,26.216036194444445],[-79.81575347222221,26.21633786111111],[-79.81591361111111,26.21663936111111],[-79.81607408333333,26.21694072222222],[-79.81623486111111,26.217241944444442],[-79.816396,26.217543027777776],[-79.81655744444444,26.21784397222222],[-79.81671924999999,26.218144749999997],[-79.81688138888889,26.218445388888888],[-79.8170438611111,26.218745888888886],[-79.81720666666666,26.21904622222222],[-79.81736977777777,26.219346416666664],[-79.81753325,26.21964647222222],[-79.81769705555556,26.219946388888886],[-79.81786119444445,26.220246138888886],[-79.81802566666666,26.22054575],[-79.81819047222221,26.220845194444443],[-79.81835558333333,26.221144499999998],[-79.81852105555555,26.221443666666666],[-79.8186868611111,26.221742666666664],[-79.81885299999999,26.222041527777776],[-79.81901944444444,26.22234025],[-79.81918625,26.222638805555555],[-79.81935336111111,26.22293722222222],[-79.81952083333333,26.22323547222222],[-79.8196886111111,26.22353358333333],[-79.81985675,26.223831527777776],[-79.82002519444444,26.22412933333333],[-79.82019397222221,26.224426972222222],[-79.82036308333333,26.22472447222222],[-79.82053252777777,26.225021833333333],[-79.82070230555556,26.225319],[-79.82087241666666,26.225616055555555],[-79.82104286111111,26.225912944444442],[-79.8212136111111,26.226209666666666],[-79.82138472222222,26.22650625],[-79.82155613888888,26.226802666666664],[-79.82172788888889,26.227098916666666],[-79.82189997222221,26.227395027777778],[-79.82207238888888,26.227691],[-79.8222451111111,26.227986777777776],[-79.82241819444444,26.228282444444442],[-79.82259158333333,26.228577916666666],[-79.82276533333334,26.22887325],[-79.82293936111111,26.229168416666663],[-79.82311374999999,26.22946344444444],[-79.82328847222222,26.229758305555553],[-79.8234635,26.230052999999998],[-79.8236388611111,26.230347527777777],[-79.82381455555556,26.230641916666666],[-79.82399058333333,26.230936138888886],[-79.82416694444444,26.23123022222222],[-79.82426233333332,26.231388888888887]]},"properties":{"style":"solid","thickness":1}},{"type":"Feature","geometry":{"type":"LineString","coordinates":[[-79.87297766666666,26.092388472222222],[-79.87295516666666,26.092138527777777],[-79.87293291666666,26.09188861111111],[-79.87291094444444,26.091638638888888],[-79.87288927777777,26.091388666666667],[-79.8728678611111,26.091138666666666],[-79.87284672222222,26.090888638888888],[-79.87282586111111,26.09063861111111],[-79.87280530555554,26.090388555555556],[-79.872785,26.090138472222222],[-79.87276497222221,26.089888388888888],[-79.87274522222222,26.089638277777777],[-79.87272574999999,26.08938813888889],[-79.87270655555555,26.089138],[-79.87268763888888,26.08888783333333],[-79.87266899999999,26.088637666666667],[-79.87265063888889,26.08838747222222],[-79.87263255555555,26.08813725],[-79.87261475,26.087887027777775],[-79.87259722222221,26.087636777777778],[-79.87257997222221,26.087386499999997],[-79.872563,26.08713622222222],[-79.87254630555555,26.086885944444443],[-79.87252988888888,26.086635638888886],[-79.87251375,26.086385305555556],[-79.87249788888889,26.086134972222222],[-79.87248227777778,26.08588463888889],[-79.87246697222221,26.08563427777778],[-79.87245194444444,26.085383888888888],[-79.87243719444444,26.085133499999998],[-79.87242269444444,26.08488308333333],[-79.87240849999999,26.084632666666664],[-79.87239458333333,26.084382249999997],[-79.87238094444444,26.084131805555554],[-79.87236755555556,26.08388136111111],[-79.87235447222221,26.083630888888887],[-79.87234166666666,26.083380416666664],[-79.8723291111111,26.083129916666667],[-79.8723168611111,26.082879416666668],[-79.87230488888888,26.082628888888888],[-79.87229316666667,26.082378388888888],[-79.87228175,26.082127833333335],[-79.87227058333333,26.081877305555555],[-79.87225972222221,26.081626749999998],[-79.8722491111111,26.081376194444445],[-79.87223880555555,26.081125611111112],[-79.87222877777778,26.08087502777778],[-79.87221899999999,26.080624444444446],[-79.87220952777777,26.080373833333333],[-79.87220030555555,26.080123222222223],[-79.87219138888888,26.07987261111111],[-79.87218272222222,26.079622],[-79.8721743611111,26.07937136111111],[-79.87216624999999,26.07912072222222],[-79.87215844444444,26.07887008333333],[-79.87215088888888,26.078619416666665],[-79.87214363888889,26.07836877777778],[-79.87213663888888,26.07811811111111],[-79.87212994444444,26.077867416666667],[-79.87212349999999,26.07761675],[-79.87211733333332,26.077366055555554],[-79.87211147222222,26.07711536111111],[-79.87210586111111,26.076864666666665],[-79.87210055555555,26.076613972222223],[-79.8720955,26.076363277777777],[-79.87209075,26.076112555555554],[-79.87208625,26.07586186111111],[-79.87208202777776,26.07561113888889],[-79.87207811111111,26.075360416666665],[-79.87207444444444,26.075109694444443],[-79.87207108333332,26.074858972222223],[-79.87206797222221,26.07460822222222],[-79.87206513888889,26.0743575],[-79.8720626111111,26.07410677777778],[-79.87206033333332,26.073856027777776],[-79.8720583611111,26.073605277777776],[-79.87205663888888,26.073354555555554],[-79.87205519444444,26.073103805555554],[-79.87205405555555,26.072853055555555],[-79.87205316666666,26.072602305555556],[-79.87205255555556,26.072351583333333],[-79.87205225,26.072100833333334],[-79.87205219444444,26.071850083333334],[-79.87205241666666,26.07159933333333],[-79.87205294444443,26.071348583333332],[-79.87205372222222,26.071097833333333],[-79.87205477777778,26.07084711111111],[-79.87205613888888,26.07059636111111],[-79.87205775,26.07034561111111],[-79.87205963888889,26.07009488888889],[-79.87206180555555,26.06984413888889],[-79.87206427777777,26.06959338888889],[-79.87206699999999,26.069342666666667],[-79.87207,26.069091944444445],[-79.87207330555555,26.068841194444445],[-79.87207686111111,26.068590472222223],[-79.87208069444443,26.06833975],[-79.87208480555555,26.068089027777777],[-79.87208922222221,26.067838333333334],[-79.87209388888888,26.06758761111111],[-79.87209883333333,26.067336916666665],[-79.87210405555555,26.067086222222223],[-79.87210955555555,26.0668355],[-79.8721153611111,26.066584833333334],[-79.87212141666666,26.06633413888889],[-79.87212774999999,26.066083444444445],[-79.87213436111111,26.06583277777778],[-79.87214125,26.065582111111112],[-79.87214844444443,26.065331444444446],[-79.87215588888888,26.06508077777778],[-79.8721636111111,26.06483013888889],[-79.8721716111111,26.0645795],[-79.87217988888888,26.06432886111111],[-79.87218844444443,26.06407825],[-79.87219727777777,26.063827611111112],[-79.87220638888888,26.063577000000002],[-79.87221577777777,26.063326416666666],[-79.87222544444444,26.063075805555556],[-79.87223538888888,26.062825222222223],[-79.87224561111111,26.06257463888889],[-79.8722561111111,26.062324083333333],[-79.87226688888889,26.062073527777777],[-79.87227794444443,26.061822972222224],[-79.87228927777777,26.061572444444444],[-79.87230088888889,26.061321916666667],[-79.87231277777776,26.06107138888889],[-79.87232494444444,26.06082088888889],[-79.87233738888888,26.06057038888889],[-79.8723501111111,26.060319916666668],[-79.8723631111111,26.060069444444444],[-79.87237638888888,26.059818972222224],[-79.87238994444444,26.059568527777778],[-79.87240374999999,26.05931811111111],[-79.8724178611111,26.059067666666667],[-79.87243224999999,26.058817277777777],[-79.87244691666666,26.05856686111111],[-79.87246183333333,26.0583165],[-79.87247705555555,26.058066111111113],[-79.87249255555555,26.05781577777778],[-79.87250830555556,26.057565416666666],[-79.8725243611111,26.057315083333336],[-79.87254066666667,26.05706477777778],[-79.87255727777777,26.0568145],[-79.87257416666667,26.056564194444444],[-79.87259130555555,26.056313944444444],[-79.87260875,26.056063694444447],[-79.87262644444444,26.055813444444446],[-79.87264441666666,26.055563222222222],[-79.87266269444444,26.05531302777778],[-79.87268122222221,26.055062833333334],[-79.87270005555555,26.054812666666667],[-79.87271913888888,26.05456252777778],[-79.8727385,26.05431238888889],[-79.87275813888888,26.05406225],[-79.87277808333333,26.053812166666667],[-79.87279827777778,26.053562083333333],[-79.87281875,26.05331202777778],[-79.8728395,26.053061972222224],[-79.87286052777777,26.052811944444446],[-79.87288183333332,26.052561944444445],[-79.87290341666666,26.052311944444444],[-79.87292527777777,26.052061972222223],[-79.87294741666666,26.05181202777778],[-79.87296983333333,26.05156211111111],[-79.8729925,26.051312194444446],[-79.87301547222222,26.051062305555558],[-79.87303872222222,26.050812444444446],[-79.87306222222222,26.05056261111111],[-79.87308602777777,26.05031277777778],[-79.8731101111111,26.05006297222222],[-79.87313444444443,26.049813194444447],[-79.87315908333332,26.049563444444445],[-79.87318397222222,26.049313694444447],[-79.87320913888888,26.049064],[-79.8732346111111,26.048814305555556],[-79.87326033333332,26.04856463888889],[-79.87328633333333,26.048315000000002],[-79.8733126111111,26.048065361111114],[-79.87333919444444,26.047815777777778],[-79.87336602777778,26.047566194444446],[-79.87339313888889,26.04731663888889],[-79.8734205,26.04706713888889],[-79.87344816666666,26.04681763888889],[-79.8734761111111,26.046568166666667],[-79.87350433333333,26.046318694444444],[-79.87353283333333,26.04606927777778],[-79.87356158333333,26.04581988888889],[-79.87359063888888,26.04557052777778],[-79.87361994444444,26.045321166666668],[-79.87364955555555,26.04507186111111],[-79.87367941666666,26.04482255555556],[-79.87370955555555,26.044573305555556],[-79.87373997222221,26.044324055555556],[-79.87377069444443,26.044074861111113],[-79.87380166666667,26.043825666666667],[-79.87383291666666,26.04357652777778],[-79.87386441666666,26.04332738888889],[-79.87389622222221,26.043078305555557],[-79.87392830555555,26.042829222222224],[-79.87396066666666,26.042580194444447],[-79.87399327777777,26.042331194444447],[-79.87402619444444,26.042082222222223],[-79.87405936111111,26.041833250000003],[-79.87409280555555,26.041584333333336],[-79.87412655555555,26.041335444444446],[-79.87416055555555,26.041086583333335],[-79.87419483333332,26.040837777777778],[-79.87422938888888,26.040588972222224],[-79.87426422222221,26.040340194444447],[-79.87429933333333,26.040091472222223],[-79.87433469444444,26.03984277777778],[-79.8743703611111,26.039594111111114],[-79.87440627777777,26.039345472222223],[-79.87444249999999,26.039096861111112],[-79.87447897222222,26.03884827777778],[-79.87451572222221,26.038599750000003],[-79.87455274999999,26.03835125],[-79.87459005555554,26.03810277777778],[-79.87462763888888,26.037854333333335],[-79.87466549999999,26.037605916666667],[-79.87470363888889,26.03735755555556],[-79.87474202777777,26.037109222222224],[-79.87478072222221,26.03686091666667],[-79.87481966666665,26.036612666666667],[-79.87485888888888,26.036364416666668],[-79.87489841666665,26.036116222222223],[-79.87493819444444,26.035868083333334],[-79.87497825,26.035619944444445],[-79.87501855555554,26.035371861111113],[-79.87505916666666,26.035123805555557],[-79.87510002777778,26.034875805555558],[-79.87514119444444,26.034627833333335],[-79.8751826111111,26.03437988888889],[-79.87522430555555,26.034132000000003],[-79.87526627777777,26.033884111111114],[-79.87530852777778,26.033636305555557],[-79.87535105555556,26.0333885],[-79.8753938611111,26.033140749999998],[-79.87543691666666,26.032893055555554],[-79.87548025,26.032645388888888],[-79.87552388888888,26.032397749999998],[-79.87556777777777,26.032150166666664],[-79.87561194444444,26.03190261111111],[-79.8756563611111,26.031655083333334],[-79.87570108333333,26.03140761111111],[-79.87574608333333,26.031160194444443],[-79.87579133333332,26.030912805555555],[-79.87583686111111,26.030665444444445],[-79.87588266666666,26.030418138888887],[-79.87592875,26.03017086111111],[-79.8759751111111,26.02992363888889],[-79.87602172222222,26.02967647222222],[-79.87606863888888,26.029429333333333],[-79.87611580555554,26.02918222222222],[-79.87616324999999,26.028935166666667],[-79.87621097222221,26.028688166666665],[-79.87625897222222,26.028441194444444],[-79.87630725,26.02819425],[-79.87635577777777,26.027947388888887],[-79.87640458333333,26.027700527777778],[-79.87645366666666,26.02745375],[-79.87650302777777,26.027207],[-79.87655266666665,26.02696027777778],[-79.87660258333332,26.02671363888889],[-79.87665274999999,26.026467],[-79.87670319444443,26.026220444444444],[-79.87675391666666,26.025973916666665],[-79.87680491666666,26.025727444444442],[-79.87685619444444,26.025481],[-79.87690772222221,26.02523461111111],[-79.87695955555554,26.024988277777776],[-79.87701163888889,26.024742],[-79.87706397222222,26.02449575],[-79.8771166111111,26.024249555555553],[-79.87716952777777,26.02400338888889],[-79.87722269444444,26.023757305555556],[-79.87727613888889,26.02351125],[-79.87732986111111,26.023265249999998],[-79.8773838611111,26.023019277777777],[-79.8774381111111,26.02277336111111],[-79.87749263888888,26.0225275],[-79.87754744444443,26.022281694444445],[-79.87760252777777,26.022035944444443],[-79.87765788888888,26.021790222222222],[-79.8777135,26.021544583333334],[-79.87776938888888,26.021298972222223],[-79.87782555555555,26.021053416666664],[-79.877882,26.02080788888889],[-79.87793869444444,26.020562444444444],[-79.87799569444444,26.020317027777775],[-79.87805294444443,26.020071694444443],[-79.87811044444443,26.019826388888887],[-79.87816824999999,26.01958113888889],[-79.87822630555554,26.019335916666666],[-79.87828463888889,26.019090777777777],[-79.87834325,26.018845694444444],[-79.87840213888889,26.018600638888888],[-79.87846127777777,26.018355666666665],[-79.87852069444443,26.01811072222222],[-79.87858038888888,26.01786586111111],[-79.87864036111111,26.01762102777778],[-79.87870058333333,26.017376249999998],[-79.87876108333333,26.017131555555554],[-79.8788218611111,26.016886888888887],[-79.87888288888888,26.016642277777777],[-79.87894422222222,26.016397722222223],[-79.87900580555555,26.016153222222222],[-79.87906763888888,26.015908777777778],[-79.87912977777778,26.015664416666667],[-79.87919216666666,26.015420083333332],[-79.87925483333332,26.015175805555554],[-79.87931777777777,26.014931583333333],[-79.87938097222222,26.014687444444444],[-79.87944444444443,26.014443333333332],[-79.87950819444444,26.014199277777777],[-79.87957219444444,26.013955305555555],[-79.87963649999999,26.01371138888889],[-79.87970105555554,26.0134675],[-79.87976586111111,26.013223694444445],[-79.87983097222221,26.012979944444446],[-79.87989633333332,26.01273625],[-79.87996194444443,26.01249261111111],[-79.8800278611111,26.012249055555557],[-79.88009402777777,26.012005527777777],[-79.88016047222222,26.011762083333334],[-79.88022716666666,26.011518666666667],[-79.88029413888889,26.011275333333334],[-79.88036138888889,26.011032055555557],[-79.88041655555556,26.010833333333334]]},"properties":{"style":"solid","thickness":1}},{"type":"Feature","geometry":{"type":"LineString","coordinates":[[-80.02139241666667,26.088030555555555],[-80.02141052777777,26.088146416666664],[-80.02142877777777,26.08826225],[-80.02144716666666,26.088378083333332],[-80.02146566666667,26.088493916666664],[-80.02148430555556,26.088609694444443],[-80.02150305555556,26.088725472222222],[-80.02152197222222,26.088841249999998],[-80.02154097222223,26.088956999999997],[-80.02156013888889,26.08907272222222],[-80.02157941666667,26.089188444444442],[-80.02159880555556,26.089304138888888],[-80.02161833333334,26.089419805555554],[-80.021638,26.08953547222222],[-80.02165780555555,26.08965111111111],[-80.02167772222222,26.08976675],[-80.02169775,26.089882333333332],[-80.02171794444445,26.089997944444445],[-80.02173822222223,26.090113499999998],[-80.02175866666667,26.090229055555554],[-80.02177922222222,26.090344583333334],[-80.02179991666667,26.09046011111111],[-80.02182072222222,26.09057561111111],[-80.02184166666666,26.090691083333333],[-80.02186272222222,26.090806527777776],[-80.02188394444444,26.090921972222223],[-80.02190525,26.09103738888889],[-80.02192672222222,26.091152777777776],[-80.02194830555555,26.091268166666666],[-80.02197,26.091383527777776],[-80.02199183333333,26.09149886111111],[-80.02201380555556,26.091614194444443],[-80.0220358888889,26.0917295],[-80.02205811111111,26.091844777777776],[-80.02208047222223,26.091960027777777],[-80.02210294444444,26.092075277777777],[-80.02212552777777,26.092190499999997],[-80.02214827777777,26.092305694444445],[-80.0221711388889,26.09242088888889],[-80.0221941111111,26.092536055555556],[-80.02221722222222,26.092651194444443],[-80.02224047222222,26.092766305555553],[-80.02226383333333,26.092881388888888],[-80.02228733333334,26.09299647222222],[-80.02231094444444,26.093111527777776],[-80.02233469444444,26.093226555555553],[-80.02235858333333,26.093341555555554],[-80.02238258333334,26.093456555555555],[-80.02240672222221,26.093571527777776],[-80.02243097222222,26.09368647222222],[-80.02245536111111,26.09380138888889],[-80.02247988888888,26.093916305555556],[-80.02250452777778,26.094031166666664],[-80.02252930555555,26.094146027777775],[-80.02255419444444,26.09426086111111],[-80.02257922222222,26.094375694444444],[-80.0226043611111,26.094490472222223],[-80.02262963888889,26.094605249999997],[-80.02265505555556,26.094719972222222],[-80.02268058333333,26.094834694444444],[-80.02270625,26.09494938888889],[-80.02273202777778,26.095064083333334],[-80.02275794444445,26.095178722222222],[-80.022784,26.09529336111111],[-80.02281016666666,26.095407972222223],[-80.02283644444444,26.095522527777778],[-80.02286286111111,26.095637083333333],[-80.02288941666667,26.09575163888889],[-80.02291611111112,26.095866138888887],[-80.02294288888889,26.09598061111111],[-80.02296983333333,26.09609508333333],[-80.02299688888888,26.096209527777777],[-80.02302405555555,26.096323944444443],[-80.02305138888889,26.096438305555555],[-80.02307880555556,26.096552694444444],[-80.02310638888889,26.096667027777777],[-80.02313405555556,26.096781333333332],[-80.0231618888889,26.09689561111111],[-80.02318983333333,26.097009888888888],[-80.0232178888889,26.09712411111111],[-80.02324608333333,26.097238333333333],[-80.02327441666667,26.0973525],[-80.0233028611111,26.097466666666666],[-80.02333144444444,26.097580805555555],[-80.02336013888889,26.097694916666665],[-80.02338897222222,26.097808999999998],[-80.02341791666666,26.097923055555555],[-80.023447,26.09803708333333],[-80.02347622222221,26.09815108333333],[-80.02350555555556,26.098265055555554],[-80.023535,26.098379027777778],[-80.02356458333334,26.098492944444445],[-80.02359430555555,26.09860683333333],[-80.02362413888889,26.09872072222222],[-80.02365411111111,26.098834555555555],[-80.02368419444444,26.09894836111111],[-80.02371441666666,26.099062166666666],[-80.02374475,26.099175916666667],[-80.02377522222223,26.099289666666664],[-80.02380583333333,26.09940336111111],[-80.02383655555555,26.099517055555555],[-80.02386738888889,26.099630694444443],[-80.02389836111111,26.099744333333334],[-80.02392947222222,26.099857916666664],[-80.02396069444444,26.099971472222222],[-80.02399202777778,26.10008502777778],[-80.02402352777777,26.100198527777778],[-80.02405511111111,26.10031202777778],[-80.02408686111112,26.100425472222224],[-80.02411869444444,26.10053888888889],[-80.02415066666667,26.10065227777778],[-80.02418277777778,26.100765666666668],[-80.02421502777777,26.100879000000003],[-80.02424736111111,26.100992305555557],[-80.02427986111111,26.101105583333336],[-80.02431247222222,26.101218833333334],[-80.02434519444445,26.101332055555556],[-80.02437805555556,26.10144525],[-80.02441102777777,26.101558416666666],[-80.02444413888888,26.10167152777778],[-80.02447738888888,26.10178463888889],[-80.02451075,26.101897722222223],[-80.02454422222222,26.10201075],[-80.02457783333334,26.10212377777778],[-80.02461155555555,26.102236750000003],[-80.02464541666667,26.102349694444445],[-80.02467941666667,26.10246261111111],[-80.02471352777778,26.1025755],[-80.02474775,26.102688361111113],[-80.02478211111111,26.102801194444446],[-80.0248166111111,26.102914000000002],[-80.02485122222222,26.10302675],[-80.02488594444445,26.103139472222225],[-80.02492080555555,26.103252194444448],[-80.02495580555555,26.103364861111114],[-80.02499091666667,26.1034775],[-80.02502613888889,26.103590111111114],[-80.02506149999999,26.103702666666667],[-80.025097,26.103815222222224],[-80.0251326111111,26.103927722222224],[-80.02516833333333,26.104040222222224],[-80.02520419444444,26.104152666666668],[-80.02524016666666,26.104265083333335],[-80.02527627777778,26.104377444444445],[-80.02531252777777,26.104489805555556],[-80.02534886111111,26.104602111111113],[-80.0253853611111,26.10471438888889],[-80.02542194444445,26.10482663888889],[-80.02545869444444,26.104938861111112],[-80.02549555555555,26.105051055555556],[-80.02553252777777,26.105163194444447],[-80.02556961111111,26.10527530555556],[-80.02560686111111,26.10538738888889],[-80.02564419444444,26.105499444444447],[-80.02568166666667,26.105611472222222],[-80.02571927777778,26.105723444444447],[-80.025757,26.10583538888889],[-80.02579486111111,26.105947305555556],[-80.02583283333333,26.106059194444445],[-80.02587091666666,26.10617102777778],[-80.02590913888889,26.106282833333335],[-80.02594747222223,26.106394611111114],[-80.02598594444444,26.106506361111112],[-80.02602452777778,26.106618083333334],[-80.02606324999999,26.106729750000003],[-80.02610208333333,26.106841388888892],[-80.02614105555556,26.106952972222224],[-80.02618013888889,26.107064555555556],[-80.02621936111112,26.107176083333336],[-80.02625869444444,26.107287583333335],[-80.02629813888889,26.107399027777777],[-80.02633772222222,26.107510472222224],[-80.02637741666666,26.107621833333337],[-80.02641725,26.107733194444446],[-80.02645719444445,26.10784452777778],[-80.02649727777778,26.10795580555556],[-80.02653747222222,26.10806702777778],[-80.02657780555556,26.10817825],[-80.02661825,26.10828941666667],[-80.02665880555556,26.10840055555556],[-80.02669949999999,26.108511638888892],[-80.02674030555555,26.108622722222222],[-80.02678125,26.108733750000003],[-80.02682230555556,26.108844722222223],[-80.0268635,26.108955666666667],[-80.02690480555556,26.109066583333334],[-80.02694622222222,26.109177472222225],[-80.02698777777778,26.109288305555555],[-80.02702944444444,26.109399111111113],[-80.02707125,26.109509861111114],[-80.02711316666667,26.109620583333335],[-80.02715519444445,26.10973127777778],[-80.0271973611111,26.109841916666667],[-80.02723966666666,26.10995252777778],[-80.02728205555556,26.110063111111113],[-80.02732461111111,26.11017363888889],[-80.02736725,26.11028413888889],[-80.02741002777778,26.11039461111111],[-80.02745294444445,26.11050502777778],[-80.02749594444444,26.110615388888892],[-80.02753911111111,26.11072575],[-80.02758236111112,26.11083602777778],[-80.02762575,26.110946305555558],[-80.02766927777778,26.11105652777778],[-80.02771288888889,26.111166722222222],[-80.02775666666666,26.11127686111111],[-80.02780052777777,26.111386972222224],[-80.02784452777777,26.11149702777778],[-80.02788866666667,26.111607055555556],[-80.02793288888888,26.11171702777778],[-80.02797727777778,26.111826972222225],[-80.02802175,26.11193688888889],[-80.02806636111112,26.11204675],[-80.02811108333333,26.112156583333334],[-80.02815594444445,26.11226636111111],[-80.02820091666666,26.11237611111111],[-80.028246,26.112485805555558],[-80.02829122222222,26.112595472222225],[-80.02833658333333,26.112705083333335],[-80.02838202777778,26.11281466666667],[-80.02842761111111,26.112924222222222],[-80.02847330555555,26.113033722222223],[-80.02851913888888,26.113143166666667],[-80.02856508333333,26.113252583333335],[-80.02861116666666,26.113361972222222],[-80.02865733333333,26.11347127777778],[-80.02870363888889,26.113580583333334],[-80.02875008333334,26.113689833333336],[-80.02879663888889,26.11379902777778],[-80.02884330555555,26.113908194444445],[-80.02889011111111,26.114017333333337],[-80.02893702777777,26.114126416666668],[-80.02898405555555,26.114235444444446],[-80.02903119444444,26.114344444444445],[-80.02907847222222,26.11445338888889],[-80.02912588888888,26.114562305555555],[-80.02917338888889,26.114671166666668],[-80.02922102777778,26.11478],[-80.02926880555556,26.11488877777778],[-80.02931666666666,26.1149975],[-80.02936469444444,26.115106194444447],[-80.02941280555555,26.115214861111113],[-80.02946105555556,26.115323472222222],[-80.02950941666667,26.11543202777778],[-80.02955788888889,26.115540555555558],[-80.0296065,26.115649027777778],[-80.02965522222222,26.115757444444444],[-80.02970405555556,26.115865833333334],[-80.02975302777777,26.115974194444444],[-80.02980211111111,26.116082472222224],[-80.02985130555555,26.11619075],[-80.02990063888889,26.116298944444445],[-80.02995008333333,26.116407111111112],[-80.02999963888888,26.116515250000003],[-80.03004933333334,26.116623305555557],[-80.03009911111111,26.11673136111111],[-80.03014905555555,26.116839333333335],[-80.03019908333333,26.11694727777778],[-80.03024925,26.117055166666667],[-80.03029952777777,26.117163027777778],[-80.03034994444444,26.117270833333333],[-80.03040044444444,26.117378583333334],[-80.03045108333333,26.117486305555556],[-80.0305018611111,26.117593972222224],[-80.03055272222223,26.117701583333332],[-80.03060372222222,26.117809166666667],[-80.03065483333333,26.117916694444446],[-80.03070608333333,26.118024194444445],[-80.03075744444445,26.11813161111111],[-80.03080891666667,26.11823902777778],[-80.0308605,26.11834636111111],[-80.03091222222223,26.118453666666667],[-80.03096405555556,26.118560916666667],[-80.031016,26.118668111111113],[-80.03106805555555,26.11877527777778],[-80.03112025,26.11888238888889],[-80.03117255555556,26.118989444444445],[-80.03122499999999,26.11909647222222],[-80.03127752777777,26.119203444444445],[-80.03133019444445,26.11931036111111],[-80.03138297222222,26.11941722222222],[-80.0314358611111,26.119524055555555],[-80.03148888888889,26.119630833333336],[-80.03154202777777,26.119737555555556],[-80.03159527777778,26.11984425],[-80.03164866666667,26.11995088888889],[-80.03170213888889,26.12005747222222],[-80.03175575,26.120164],[-80.03180947222222,26.1202705],[-80.03186333333333,26.120376916666668],[-80.03191727777778,26.120483333333333],[-80.0319713611111,26.120589666666667],[-80.03202558333334,26.120695944444446],[-80.03207988888889,26.120802194444444],[-80.03213433333333,26.12090838888889],[-80.03218886111111,26.121014555555558],[-80.03224355555555,26.12112063888889],[-80.03229833333333,26.121226694444445],[-80.03235325,26.121332694444444],[-80.03240825,26.12143863888889],[-80.03246338888889,26.12154452777778],[-80.03251866666666,26.121650388888888],[-80.03257402777777,26.121756194444444],[-80.03262952777777,26.121861944444444],[-80.0326851388889,26.12196763888889],[-80.03274086111111,26.12207327777778],[-80.03279669444444,26.12217888888889],[-80.03285266666667,26.122284416666666],[-80.03290875,26.122389916666666],[-80.03296494444444,26.122495361111113],[-80.03302125,26.122600777777777],[-80.03307766666667,26.12270611111111],[-80.03313422222222,26.122811388888888],[-80.03319088888888,26.12291663888889],[-80.03324766666667,26.123021833333333],[-80.03330455555556,26.123126972222224],[-80.03336155555556,26.123232055555555],[-80.03341869444444,26.123337111111113],[-80.03347594444445,26.123442083333334],[-80.03353330555555,26.12354702777778],[-80.03359077777777,26.12365188888889],[-80.0336483611111,26.123756722222222],[-80.03370608333333,26.1238615],[-80.03376388888888,26.12396625],[-80.03382183333333,26.124070916666668],[-80.03387988888889,26.12417552777778],[-80.03393808333333,26.124280111111112],[-80.03399636111111,26.12438461111111],[-80.03405477777778,26.124489083333334],[-80.03411327777778,26.1245935],[-80.03417191666666,26.124697833333332],[-80.03423066666666,26.12480213888889],[-80.03428955555556,26.12490638888889],[-80.03434852777778,26.12501061111111],[-80.0344076388889,26.12511475],[-80.03446683333333,26.125218833333335],[-80.03452616666667,26.125322861111112],[-80.03458561111111,26.125426861111112],[-80.03464519444444,26.12553077777778],[-80.03470486111111,26.125634666666667],[-80.03476463888889,26.1257385],[-80.03482455555556,26.12584225],[-80.03488458333334,26.125945972222222],[-80.03494472222222,26.12604963888889],[-80.03500497222223,26.12615322222222],[-80.03506533333334,26.12625677777778],[-80.03512580555555,26.126360277777778],[-80.03518641666666,26.126463722222223],[-80.0352471111111,26.12656711111111],[-80.03530794444444,26.126670444444446],[-80.03536888888888,26.12677372222222],[-80.03542994444445,26.126876944444444],[-80.03549111111111,26.126980111111113],[-80.03555238888889,26.127083222222222],[-80.03561377777777,26.127186277777778],[-80.03567527777777,26.127289277777777],[-80.03573691666666,26.127392222222223],[-80.03579866666666,26.127495111111113],[-80.0358605,26.127597944444446],[-80.03592247222223,26.127700722222222],[-80.03598455555556,26.127803444444446],[-80.03604675,26.127906111111113],[-80.03610905555556,26.128008722222223],[-80.03617147222222,26.12811127777778],[-80.03623402777778,26.128213777777777],[-80.03629666666666,26.12831622222222],[-80.03635944444444,26.128418611111112],[-80.03642230555555,26.128520916666666],[-80.03648530555556,26.128623194444444],[-80.03654841666666,26.12872541666667],[-80.03661161111111,26.128827555555556],[-80.03667494444444,26.128929666666668],[-80.03673838888889,26.129031694444446],[-80.03680194444445,26.129133694444445],[-80.03686561111111,26.129235611111113],[-80.03692941666667,26.129337500000002],[-80.03699330555555,26.129439305555557],[-80.03705730555555,26.129541055555556],[-80.03712144444444,26.129642750000002],[-80.03718566666666,26.129744388888888],[-80.03725,26.129845972222224],[-80.03731447222222,26.1299475],[-80.03737905555555,26.130048944444447],[-80.03744372222222,26.130150361111113],[-80.03750852777777,26.130251694444446],[-80.03757344444445,26.130353],[-80.03763844444444,26.130454222222223],[-80.03770358333333,26.13055538888889],[-80.03776883333333,26.1306565],[-80.03783419444444,26.130757555555554],[-80.03789966666666,26.130858555555555],[-80.03796525,26.1309595],[-80.03803094444444,26.13106036111111],[-80.03809675,26.13116116666667],[-80.03816266666666,26.131261944444446],[-80.03822869444444,26.131362638888888],[-80.03829483333332,26.13146327777778],[-80.03836108333333,26.131563833333335],[-80.03842744444444,26.131664361111113],[-80.03849391666667,26.131764833333335],[-80.0385605,26.131865222222224],[-80.03862722222222,26.131965555555556],[-80.03869402777778,26.132065833333336],[-80.03876094444445,26.132166055555555],[-80.03882797222222,26.132266194444444],[-80.0388951111111,26.132366305555557],[-80.0389623611111,26.132466333333333],[-80.03902972222222,26.132566305555557],[-80.03909722222222,26.132666222222223],[-80.03916480555556,26.132766083333333],[-80.0392325,26.13286586111111],[-80.03930030555556,26.13296561111111],[-80.03936822222222,26.133065277777778],[-80.03943625,26.133164861111112],[-80.03950438888889,26.133264416666666],[-80.03957263888888,26.133363888888887],[-80.039641,26.13346333333333],[-80.03970947222221,26.133562694444443],[-80.03977805555556,26.13366197222222],[-80.03984672222222,26.133761222222223],[-80.03991552777778,26.133860388888888],[-80.03998444444444,26.1339595],[-80.04005347222223,26.134058555555555],[-80.04012258333333,26.134157555555554],[-80.04019183333334,26.134256472222223],[-80.04026119444444,26.134355333333332],[-80.04033063888889,26.134454138888888],[-80.04040022222222,26.13455286111111],[-80.0404698888889,26.134651555555553],[-80.04053966666666,26.134750166666667],[-80.04060958333334,26.134848694444443],[-80.04067958333333,26.134947194444443],[-80.04074969444444,26.13504561111111],[-80.04081991666666,26.13514397222222],[-80.04089025,26.135242277777778],[-80.04096069444444,26.135340499999998],[-80.04103125,26.135438666666666],[-80.04110188888889,26.135536777777777],[-80.04117266666667,26.135634805555554],[-80.04124355555555,26.13573277777778],[-80.04131452777777,26.135830694444444],[-80.04138563888888,26.135928555555555],[-80.04145683333333,26.136026333333334],[-80.04152813888889,26.136124055555555],[-80.04159955555555,26.136221694444444],[-80.04167108333333,26.136319305555556],[-80.04174272222222,26.13641683333333],[-80.04181447222221,26.136514277777778],[-80.04188633333334,26.136611666666667],[-80.04195827777778,26.136709],[-80.0420303611111,26.136806277777776],[-80.04210252777777,26.136903472222222],[-80.04217480555555,26.137000611111112],[-80.04224719444444,26.137097694444442],[-80.04231969444444,26.137194694444442],[-80.04239230555555,26.13729163888889],[-80.04246502777778,26.1373885],[-80.04253783333333,26.137485305555554],[-80.04261077777778,26.137582055555555],[-80.04268380555555,26.137678722222223],[-80.04275694444445,26.137775333333334],[-80.04283019444445,26.13787188888889],[-80.04290355555555,26.13796836111111],[-80.04297702777778,26.138064777777778],[-80.04305061111111,26.13816111111111],[-80.04312427777778,26.13825738888889],[-80.04319805555555,26.13835361111111],[-80.04327194444444,26.13844975],[-80.04334594444444,26.138545833333332],[-80.04342005555556,26.13864186111111],[-80.04349427777778,26.138737805555554],[-80.04356858333333,26.138833666666667],[-80.043643,26.138929472222223],[-80.04371752777777,26.139025222222223],[-80.04379216666666,26.13912088888889],[-80.04386691666666,26.1392165],[-80.04394177777777,26.139312055555553],[-80.04401672222222,26.139407527777777],[-80.04409177777778,26.139502944444445],[-80.04416694444444,26.13959827777778],[-80.04424222222222,26.139693527777776],[-80.04431761111111,26.13978875],[-80.04439308333333,26.13988388888889],[-80.04446866666666,26.139978944444444],[-80.04454436111111,26.140073944444445],[-80.04462016666666,26.14016886111111],[-80.04469605555555,26.140263722222222],[-80.04477208333333,26.140358527777778],[-80.04484819444444,26.14045325],[-80.04492441666666,26.14054788888889],[-80.04500075,26.140642472222222],[-80.04507716666666,26.140736999999998],[-80.04515369444444,26.140831444444444],[-80.04523033333334,26.140925833333334],[-80.04530708333333,26.141020138888887],[-80.04538394444444,26.14111436111111],[-80.04546088888888,26.141208555555554],[-80.04553794444445,26.141302638888888],[-80.0456151111111,26.141396666666665],[-80.04569236111111,26.14149063888889],[-80.04576975,26.141584527777777],[-80.04584722222222,26.14167836111111],[-80.04592480555556,26.14177211111111],[-80.04600247222223,26.141865777777777],[-80.04608025,26.14195938888889],[-80.04615813888888,26.142052944444444],[-80.04623613888889,26.142146416666666],[-80.04631425,26.142239805555555],[-80.04639244444444,26.142333138888887],[-80.04647075,26.14242638888889],[-80.04654916666667,26.142519583333332],[-80.04662766666667,26.142612694444445],[-80.04670627777777,26.14270575],[-80.046785,26.14279872222222],[-80.04686380555556,26.14289161111111],[-80.04694275,26.142984444444444],[-80.04702177777777,26.14307722222222],[-80.04710088888889,26.143169916666665],[-80.04718013888889,26.14326252777778],[-80.04725947222222,26.143355083333333],[-80.04733888888889,26.143447555555554],[-80.04741844444445,26.143539944444445],[-80.04749808333334,26.143632277777776],[-80.04757783333334,26.143724555555554],[-80.04765766666667,26.143816722222223],[-80.04773763888889,26.143908833333334],[-80.04781766666666,26.14400088888889],[-80.04789783333334,26.144092861111112],[-80.04797808333333,26.14418475],[-80.04805844444444,26.144276583333333],[-80.04813891666666,26.144368333333333],[-80.04821947222221,26.14446002777778],[-80.04830013888889,26.14455163888889],[-80.04838088888889,26.144643166666665],[-80.04846175,26.14473461111111],[-80.04854272222222,26.144826],[-80.04862380555555,26.144917333333332],[-80.04870497222223,26.145008555555556],[-80.04878622222222,26.14509975],[-80.0488676111111,26.145190833333334],[-80.04894908333333,26.145281861111112],[-80.04903066666667,26.145372805555557],[-80.04911233333333,26.145463666666664],[-80.0491941111111,26.145554472222223],[-80.04927597222222,26.145645194444445],[-80.04935794444444,26.14573586111111],[-80.04944002777778,26.145826444444445],[-80.04952222222222,26.145916944444444],[-80.0496045,26.14600736111111],[-80.04968686111111,26.146097722222223],[-80.0497693611111,26.146188],[-80.04985191666667,26.14627822222222],[-80.04993461111111,26.14636836111111],[-80.05001738888889,26.146458416666665],[-80.05010027777777,26.14654838888889],[-80.05018325,26.146638305555555],[-80.05026633333333,26.14672813888889],[-80.0503495,26.14681788888889],[-80.05043277777777,26.146907583333334],[-80.05051616666667,26.146997166666665],[-80.05059963888888,26.147086722222223],[-80.05068319444445,26.147176166666664],[-80.05076688888889,26.147265555555556],[-80.05085066666666,26.14735486111111],[-80.05093452777777,26.147444083333333],[-80.0510185,26.14753325],[-80.05110258333333,26.147622305555554],[-80.05118675,26.147711305555553],[-80.051271,26.14780025],[-80.0513553611111,26.147889083333332],[-80.05143983333333,26.147977861111112],[-80.05152441666667,26.148066555555555],[-80.05160905555556,26.148155194444445],[-80.05169383333333,26.148243722222222],[-80.05177869444444,26.148332194444443],[-80.05186363888889,26.148420583333333],[-80.05194869444445,26.148508916666668],[-80.05203386111111,26.14859713888889],[-80.05211911111111,26.148685305555556],[-80.05220444444444,26.148773388888888],[-80.05228988888888,26.14886138888889],[-80.05237544444444,26.148949333333334],[-80.05246108333333,26.149037166666666],[-80.05254680555555,26.149124944444445],[-80.05263263888888,26.149212638888887],[-80.05271858333333,26.149300277777776],[-80.05280461111111,26.149387805555556],[-80.05289075,26.14947527777778],[-80.05297697222223,26.149562666666665],[-80.05306327777778,26.14964997222222],[-80.05314969444444,26.149737194444445],[-80.05323622222222,26.14982436111111],[-80.05332283333333,26.149911416666665],[-80.05340955555555,26.149998416666666],[-80.05349633333333,26.150085333333333],[-80.05358325,26.150172166666664],[-80.05367025,26.15025894444444],[-80.05375733333334,26.15034561111111],[-80.05384452777777,26.15043222222222],[-80.05393180555555,26.15051875],[-80.05401919444444,26.15060519444444],[-80.05410666666667,26.150691555555554],[-80.05419425,26.15077786111111],[-80.05428191666667,26.150864055555555],[-80.05436966666666,26.150950194444444],[-80.05445752777777,26.15103622222222],[-80.0545455,26.151122194444444],[-80.05463355555555,26.151208083333334],[-80.05472169444444,26.151293916666667],[-80.05480994444444,26.151379638888887],[-80.05489827777778,26.151465305555554],[-80.05498669444444,26.151550861111108],[-80.05507522222221,26.15163636111111],[-80.05516383333332,26.151721777777777],[-80.05525255555555,26.15180711111111],[-80.0553413611111,26.15189236111111],[-80.05543027777777,26.151977527777778],[-80.05551927777778,26.15206261111111],[-80.05560836111111,26.152147638888888],[-80.05569755555555,26.152232555555553],[-80.05578683333333,26.152317416666666],[-80.05587622222222,26.152402166666665],[-80.05596569444444,26.15248686111111],[-80.05605525,26.15257147222222],[-80.05614491666667,26.152656],[-80.05623466666667,26.152740444444444],[-80.0563245,26.152824805555554],[-80.05641444444444,26.15290908333333],[-80.05650447222222,26.152993305555555],[-80.05659461111111,26.153077416666665],[-80.05668483333334,26.15316147222222],[-80.05677513888888,26.153245416666664],[-80.05686552777777,26.153329305555555],[-80.05695602777777,26.153413083333334],[-80.05704663888889,26.153496805555555],[-80.05713730555556,26.153580444444444],[-80.05722808333333,26.15366397222222],[-80.05731897222222,26.15374744444444],[-80.05740991666666,26.15383083333333],[-80.05750097222221,26.153914138888886],[-80.0575921388889,26.15399736111111],[-80.0576833611111,26.1540805],[-80.05777469444445,26.154163555555556],[-80.05786611111111,26.154246527777776],[-80.05795763888888,26.154329416666666],[-80.05804925,26.15441222222222],[-80.05814094444445,26.154494944444444],[-80.05823272222221,26.15457758333333],[-80.0583246111111,26.154660138888886],[-80.05841658333333,26.15474261111111],[-80.05850866666667,26.154825027777775],[-80.05860080555556,26.15490733333333],[-80.05869305555555,26.154989555555556],[-80.05878541666667,26.155071694444445],[-80.05887783333333,26.15515375],[-80.05897036111111,26.15523572222222],[-80.05906297222222,26.15531763888889],[-80.05915566666667,26.15539944444444],[-80.05924847222222,26.155481166666664],[-80.05934136111111,26.155562805555554],[-80.05943433333333,26.15564436111111],[-80.05952738888888,26.15572583333333],[-80.05962055555555,26.155807222222222],[-80.05971380555555,26.155888527777776],[-80.05980713888889,26.155969749999997],[-80.05990055555556,26.15605088888889],[-80.05999408333334,26.156131944444443],[-80.06008769444445,26.156212916666664],[-80.06018138888889,26.156293777777776],[-80.06027516666667,26.15637458333333],[-80.06036905555555,26.156455305555554],[-80.060463,26.156535944444443],[-80.06055705555555,26.156616472222222],[-80.06065122222222,26.156696944444445],[-80.06074544444444,26.156777305555554],[-80.06083977777777,26.15685758333333],[-80.06093416666667,26.156937805555554],[-80.06102866666666,26.157017916666664],[-80.06112327777778,26.157097944444445],[-80.06121794444444,26.15717788888889],[-80.06131272222223,26.15725775],[-80.06140755555555,26.157337527777777],[-80.0615025,26.15741722222222],[-80.06159755555555,26.157496833333333],[-80.06169266666666,26.15757636111111],[-80.06178786111111,26.157655777777777],[-80.06188316666666,26.15773513888889],[-80.06197855555556,26.157814388888887],[-80.06207402777777,26.157893555555553],[-80.06216958333333,26.157972666666666],[-80.06226525,26.158051666666665],[-80.06236097222222,26.15813058333333],[-80.06245680555556,26.15820938888889],[-80.06255269444443,26.15828813888889],[-80.06264869444445,26.158366805555556],[-80.06274477777778,26.15844536111111],[-80.06284097222222,26.15852386111111],[-80.06293722222222,26.158602249999998],[-80.06303358333334,26.158680555555556],[-80.06313,26.158758777777777],[-80.06322652777777,26.158836916666665],[-80.06332313888889,26.15891497222222],[-80.06341983333333,26.158992916666666],[-80.06351661111111,26.159070805555555],[-80.06361347222222,26.15914858333333],[-80.06371041666667,26.159226277777776],[-80.06380747222222,26.15930388888889],[-80.06390458333333,26.159381416666665],[-80.06400180555555,26.159458833333332],[-80.06409908333333,26.159536194444442],[-80.06419647222222,26.159613444444442],[-80.06429394444444,26.15969061111111],[-80.0643915,26.159767694444444],[-80.06448913888889,26.159844694444445],[-80.06458686111111,26.15992161111111],[-80.06468466666666,26.159998416666664],[-80.06478255555555,26.16007513888889],[-80.06488055555555,26.160151777777777],[-80.0649786111111,26.160228333333333],[-80.06507675,26.160304805555555],[-80.065175,26.160381194444444],[-80.06527330555555,26.16045747222222],[-80.06537172222222,26.160533666666666],[-80.06547022222222,26.160609777777776],[-80.06556877777777,26.160685805555556],[-80.06566744444444,26.160761722222222],[-80.06576619444444,26.160837555555553],[-80.065865,26.160913333333333],[-80.06596391666666,26.16098897222222],[-80.06606291666667,26.161064555555555],[-80.06616199999999,26.161140027777776],[-80.06626113888889,26.161215444444444],[-80.06636038888888,26.16129075],[-80.06645972222222,26.161365944444444],[-80.06655913888889,26.161441083333333],[-80.06665863888888,26.16151611111111],[-80.06675822222222,26.161591055555554],[-80.0668578611111,26.161665916666664],[-80.0669576111111,26.161740694444443],[-80.06705744444444,26.16181536111111],[-80.06715736111111,26.161889944444443],[-80.0672573611111,26.161964444444443],[-80.06735741666667,26.16203886111111],[-80.06745758333334,26.162113166666664],[-80.06755783333332,26.16218738888889],[-80.06765813888889,26.162261527777776],[-80.06775855555556,26.162335555555554],[-80.06785902777777,26.162409527777776],[-80.0679596111111,26.162483388888887],[-80.06806025,26.162557138888886],[-80.06816099999999,26.16263083333333],[-80.06826180555555,26.162704416666664],[-80.06836269444445,26.162777916666666],[-80.06846369444445,26.162851333333332],[-80.06856475,26.16292463888889],[-80.06866588888889,26.16299786111111],[-80.06876711111111,26.163071],[-80.06886841666666,26.163144027777776],[-80.06896980555555,26.163217],[-80.06907125,26.16328983333333],[-80.06917280555555,26.16336261111111],[-80.06927444444445,26.163435277777776],[-80.06937613888888,26.16350786111111],[-80.06947791666666,26.16358036111111],[-80.06957980555555,26.163652749999997],[-80.06968175,26.163725055555553],[-80.06978377777777,26.163797277777775],[-80.06988588888889,26.163869416666664],[-80.06998805555556,26.163941444444443],[-80.07009033333333,26.16401336111111],[-80.07019269444444,26.16408522222222],[-80.07029511111111,26.16415697222222],[-80.0703976111111,26.164228638888886],[-80.07050019444443,26.164300194444444],[-80.07060286111111,26.164371666666664],[-80.07070561111111,26.164443055555555],[-80.07080844444444,26.164514333333333],[-80.0709113611111,26.164585555555554],[-80.07101433333332,26.164656638888886],[-80.07111738888888,26.164727666666664],[-80.07122052777777,26.164798583333333],[-80.07132374999999,26.16486938888889],[-80.07142705555555,26.164940138888888],[-80.07153041666666,26.165010777777777],[-80.07163388888888,26.165081305555553],[-80.07173741666666,26.165151777777776],[-80.07184102777778,26.16522211111111],[-80.07194472222221,26.165292388888886],[-80.07204847222222,26.165362555555554],[-80.07215233333334,26.165432638888888],[-80.07225625,26.16550261111111],[-80.07236025,26.1655725],[-80.07246433333333,26.165642305555554],[-80.07256847222222,26.165712],[-80.07267272222222,26.16578161111111],[-80.07277702777778,26.16585111111111],[-80.07288141666666,26.165920527777775],[-80.07298588888888,26.16598986111111],[-80.07309041666666,26.16605908333333],[-80.07319502777777,26.16612822222222],[-80.07329972222222,26.166197277777776],[-80.0734045,26.16626622222222],[-80.07350933333333,26.166335055555553],[-80.07361427777778,26.16640383333333],[-80.07371927777777,26.16647247222222],[-80.07382433333333,26.166541055555555],[-80.07392949999999,26.166609527777776],[-80.07403472222222,26.16667788888889],[-80.07414002777777,26.166746194444446],[-80.07424541666666,26.16681436111111],[-80.07435086111111,26.166882472222223],[-80.07445638888889,26.166950444444446],[-80.074562,26.16701836111111],[-80.07466769444444,26.167086166666667],[-80.07477344444445,26.167153861111114],[-80.07487927777777,26.1672215],[-80.07498516666666,26.167289],[-80.07509116666667,26.167356444444447],[-80.07519722222222,26.16742375],[-80.07531758333333,26.1675],[-80.07503777777778,26.1675],[-80.07303597222221,26.1675],[-80.07103413888889,26.1675],[-80.06903233333333,26.1675],[-80.0670305,26.1675],[-80.06502869444444,26.1675],[-80.06302686111111,26.1675],[-80.06102505555555,26.1675],[-80.05902322222222,26.1675],[-80.05702141666666,26.1675],[-80.05501958333333,26.1675],[-80.05301777777777,26.1675],[-80.05101594444444,26.1675],[-80.0490141388889,26.1675],[-80.04701230555555,26.1675],[-80.0450105,26.1675],[-80.04300866666667,26.1675],[-80.04100686111111,26.1675],[-80.03900502777778,26.1675],[-80.03700322222222,26.1675],[-80.03500138888889,26.1675],[-80.03299958333334,26.1675],[-80.03099775,26.1675],[-80.02899594444445,26.1675],[-80.02699411111111,26.1675],[-80.02499230555556,26.1675],[-80.02299047222222,26.1675],[-80.02098866666667,26.1675],[-80.01898683333333,26.1675],[-80.01698502777778,26.1675],[-80.01498319444444,26.1675],[-80.01298138888889,26.1675],[-80.01097955555555,26.1675],[-80.00897775,26.1675],[-80.00697591666666,26.1675],[-80.00497411111111,26.1675],[-80.00297227777777,26.1675],[-80.00097047222222,26.1675],[-79.99896863888888,26.1675],[-79.99696683333333,26.1675],[-79.99496500000001,26.1675],[-79.99296319444444,26.1675],[-79.99096136111112,26.1675],[-79.98895955555555,26.1675],[-79.98695772222223,26.1675],[-79.98495591666666,26.1675],[-79.98295408333334,26.1675],[-79.98095227777777,26.1675],[-79.97895044444445,26.1675],[-79.97694863888889,26.1675],[-79.97494680555556,26.1675],[-79.972945,26.1675],[-79.97094319444444,26.1675],[-79.9689413611111,26.1675],[-79.96693955555556,26.1675],[-79.96493772222223,26.1675],[-79.96293591666667,26.1675],[-79.96093408333334,26.1675],[-79.95893227777778,26.1675],[-79.95693044444445,26.1675],[-79.95492863888889,26.1675],[-79.95292680555556,26.1675],[-79.950925,26.1675],[-79.94892316666667,26.1675],[-79.94692136111111,26.1675],[-79.94491952777778,26.1675],[-79.94291772222222,26.1675],[-79.9409158888889,26.1675],[-79.93891408333333,26.1675],[-79.93691225,26.1675],[-79.93491044444445,26.1675],[-79.93290861111112,26.1675],[-79.93090680555557,26.1675],[-79.92890497222223,26.1675],[-79.92690316666668,26.1675],[-79.92490133333334,26.1675],[-79.92289952777779,26.1675],[-79.92089769444445,26.1675],[-79.9188958888889,26.1675],[-79.91689405555556,26.1675],[-79.91489225000001,26.1675],[-79.91289041666667,26.1675],[-79.91088861111112,26.1675],[-79.90888677777778,26.1675],[-79.90688497222223,26.1675],[-79.90488313888889,26.1675],[-79.90288133333334,26.1675],[-79.9008795,26.1675],[-79.89887769444445,26.1675],[-79.89687586111111,26.1675],[-79.89487405555556,26.1675],[-79.89302580555557,26.1675]]},"properties":{"style":"solid","thickness":1}},{"type":"Feature","geometry":{"type":"LineString","coordinates":[[-80.27240880555556,26.10926777777778],[-80.27245033333334,26.109156916666667],[-80.27249175,26.10904602777778],[-80.27253302777778,26.108935111111112],[-80.27257419444445,26.10882416666667],[-80.27261522222223,26.108713166666668],[-80.27265613888889,26.10860213888889],[-80.27269694444445,26.108491055555557],[-80.27273761111111,26.108379972222224],[-80.27277813888888,26.108268833333334],[-80.27281855555556,26.10815763888889],[-80.2728588611111,26.108046416666667],[-80.27289902777778,26.107935166666667],[-80.27293908333333,26.10782388888889],[-80.27297902777778,26.10771255555556],[-80.27301883333334,26.107601222222225],[-80.2730585,26.107489805555556],[-80.27309805555555,26.10737838888889],[-80.2731375,26.107266916666667],[-80.27317680555555,26.107155416666668],[-80.273216,26.10704388888889],[-80.27325505555555,26.106932305555556],[-80.27329399999999,26.106820694444448],[-80.27333280555555,26.106709055555555],[-80.2733715,26.106597361111113],[-80.27341008333333,26.106485666666668],[-80.27344852777777,26.10637391666667],[-80.27348683333334,26.10626213888889],[-80.27352502777778,26.106150305555555],[-80.27356311111112,26.106038472222224],[-80.27360105555556,26.105926583333336],[-80.27363888888888,26.105814666666667],[-80.27367658333333,26.105702694444446],[-80.27371416666666,26.105590722222225],[-80.27375161111111,26.105478694444447],[-80.27378894444445,26.105366638888892],[-80.2738261388889,26.105254555555558],[-80.27386322222222,26.105142416666666],[-80.27390016666666,26.10503027777778],[-80.273937,26.104918083333335],[-80.27397372222222,26.104805861111114],[-80.27401030555555,26.104693583333336],[-80.27404675,26.104581305555556],[-80.27408308333334,26.104468972222225],[-80.27411930555556,26.10435663888889],[-80.27415538888889,26.10424425],[-80.27419133333333,26.104131833333334],[-80.27422716666666,26.104019361111114],[-80.27426288888888,26.10390688888889],[-80.27429847222223,26.103794361111113],[-80.27433394444445,26.103681805555556],[-80.27436927777778,26.103569250000003],[-80.2744045,26.103456611111113],[-80.27443958333333,26.103343972222223],[-80.27447452777778,26.103231305555557],[-80.27450936111111,26.103118583333334],[-80.27454408333334,26.10300586111111],[-80.27457866666667,26.102893083333335],[-80.27461313888888,26.10278027777778],[-80.27464747222223,26.102667444444446],[-80.27468169444444,26.102554583333333],[-80.27471577777777,26.102441694444448],[-80.27474975,26.102328777777778],[-80.27478358333333,26.102215805555556],[-80.27481727777777,26.102102833333333],[-80.2748508611111,26.101989805555558],[-80.27488433333333,26.101876750000002],[-80.27491766666667,26.101763694444447],[-80.27495088888888,26.101650583333335],[-80.27498397222222,26.101537444444446],[-80.27501691666667,26.10142427777778],[-80.27504975,26.101311083333336],[-80.27508247222222,26.101197861111114],[-80.27511505555556,26.101084583333336],[-80.2751475,26.100971305555557],[-80.27517983333333,26.100858000000002],[-80.27521205555556,26.10074463888889],[-80.2752441388889,26.10063127777778],[-80.27527608333334,26.10051788888889],[-80.27530791666666,26.100404444444447],[-80.2753396388889,26.100291000000002],[-80.27537119444445,26.1001775],[-80.27540266666666,26.100063972222223],[-80.27543397222222,26.099950444444442],[-80.27546519444445,26.09983686111111],[-80.27549625,26.099723277777777],[-80.27552722222222,26.09960963888889],[-80.27555802777778,26.099495972222222],[-80.27558872222222,26.099382305555554],[-80.27561930555555,26.09926858333333],[-80.27564975,26.099154833333333],[-80.27568008333333,26.099041083333333],[-80.27571027777778,26.098927277777776],[-80.27574033333333,26.098813472222222],[-80.27577027777778,26.09869961111111],[-80.27580008333334,26.098585749999998],[-80.27582977777777,26.09847183333333],[-80.27585933333333,26.098357916666664],[-80.27588877777778,26.098243944444445],[-80.27591808333334,26.09812997222222],[-80.27594727777777,26.09801597222222],[-80.27597633333333,26.097901916666665],[-80.27600525,26.09778786111111],[-80.27603405555556,26.097673777777775],[-80.27606275,26.097559666666665],[-80.27609130555555,26.097445527777776],[-80.27611972222222,26.09733136111111],[-80.27614802777778,26.097217166666667],[-80.27617619444445,26.097102944444444],[-80.27620424999999,26.096988694444445],[-80.27623216666666,26.096874444444442],[-80.27625994444445,26.09676013888889],[-80.27628761111112,26.096645833333334],[-80.27631516666666,26.096531499999998],[-80.27634258333333,26.09641711111111],[-80.2763698611111,26.09630272222222],[-80.27639702777778,26.096188305555554],[-80.27642405555555,26.09607388888889],[-80.27645094444445,26.095959416666666],[-80.27647772222222,26.095844916666664],[-80.27650438888888,26.095730416666665],[-80.27653091666667,26.09561586111111],[-80.27655730555556,26.095501305555555],[-80.27658358333333,26.09538672222222],[-80.27660972222222,26.09527211111111],[-80.27663575,26.095157472222223],[-80.27666163888888,26.09504283333333],[-80.27668738888889,26.09492813888889],[-80.27671302777777,26.094813444444444],[-80.27673855555555,26.094698722222223],[-80.27676391666667,26.09458397222222],[-80.27678916666666,26.094469194444443],[-80.27681430555556,26.094354416666665],[-80.27683930555555,26.094239583333334],[-80.27686419444444,26.09412475],[-80.27688891666666,26.094009888888888],[-80.27691355555555,26.093895],[-80.27693802777777,26.09378011111111],[-80.27696238888889,26.093665166666664],[-80.27698663888889,26.09355022222222],[-80.27701075,26.09343525],[-80.27703472222223,26.093320249999998],[-80.27705858333333,26.09320525],[-80.27708230555555,26.093090194444443],[-80.27710591666667,26.09297513888889],[-80.2771293888889,26.092860055555555],[-80.27715272222223,26.09274497222222],[-80.27717594444444,26.09262986111111],[-80.27719902777778,26.092514694444443],[-80.277222,26.092399527777776],[-80.27724483333333,26.09228436111111],[-80.27726752777778,26.092169166666665],[-80.27729011111111,26.092053916666664],[-80.27731258333333,26.091938694444444],[-80.27733488888889,26.091823416666667],[-80.27735708333333,26.091708138888887],[-80.27737916666666,26.091592833333333],[-80.2774011111111,26.0914775],[-80.27742291666667,26.091362166666666],[-80.27744461111111,26.091246805555553],[-80.27746616666667,26.091131416666666],[-80.27748758333333,26.091016],[-80.27750888888889,26.090900583333333],[-80.27753005555556,26.090785138888887],[-80.27755111111111,26.090669666666667],[-80.27757202777778,26.090554194444444],[-80.27759280555556,26.090438694444444],[-80.27761347222223,26.090323194444444],[-80.277634,26.090207638888888],[-80.27765441666666,26.09009208333333],[-80.27767469444444,26.089976527777775],[-80.27769483333333,26.089860916666666],[-80.27771486111111,26.089745305555553],[-80.27773475,26.089629694444444],[-80.27775452777777,26.089514055555554],[-80.27777416666666,26.08939838888889],[-80.27779366666667,26.089282694444442],[-80.27781305555555,26.089167],[-80.27783230555555,26.089051277777777],[-80.27785144444444,26.088935555555555],[-80.27787041666667,26.088819805555556],[-80.27788930555556,26.088704027777776],[-80.27790802777778,26.088588249999997],[-80.27792663888889,26.08847244444444],[-80.27794513888888,26.08835663888889],[-80.2779635,26.088240805555554],[-80.27798172222222,26.088124944444445],[-80.27799980555555,26.088009083333333],[-80.27801777777778,26.087893194444444],[-80.2780356388889,26.087777277777775],[-80.27805333333333,26.08766136111111],[-80.27807091666666,26.087545444444444],[-80.27808838888889,26.0874295],[-80.27810572222222,26.087313527777777],[-80.27812291666666,26.087197555555555],[-80.27813997222222,26.087081555555553],[-80.27815691666666,26.086965555555555],[-80.27817375,26.086849527777776],[-80.27819041666666,26.08673347222222],[-80.27820697222222,26.086617416666666],[-80.27822341666666,26.08650136111111],[-80.27823972222222,26.086385277777776],[-80.27825588888889,26.086269166666664],[-80.27827191666667,26.086153055555556],[-80.27828783333334,26.086036916666664],[-80.27830363888889,26.085920777777776],[-80.27831927777778,26.08580461111111],[-80.27833480555556,26.085688444444443],[-80.27835022222222,26.085572277777775],[-80.27836547222222,26.085456055555554],[-80.27838063888889,26.08533986111111],[-80.27839563888888,26.085223638888888],[-80.27841052777778,26.085107388888886],[-80.27842527777777,26.08499113888889],[-80.27843991666667,26.08487486111111],[-80.27845441666666,26.084758583333333],[-80.27846877777777,26.084642277777778],[-80.27848302777778,26.08452597222222],[-80.2784971388889,26.084409666666666],[-80.27851111111111,26.08429333333333],[-80.27852497222221,26.084177],[-80.27853869444445,26.08406063888889],[-80.27855230555555,26.08394427777778],[-80.27856575,26.083827888888887],[-80.27857911111111,26.0837115],[-80.27859230555555,26.083595083333332],[-80.27860538888889,26.083478666666664],[-80.27861833333333,26.08336225],[-80.27863116666667,26.083245805555556],[-80.2786438611111,26.083129361111112],[-80.27865641666666,26.083012888888888],[-80.27866886111111,26.082896416666667],[-80.27868116666667,26.082779916666667],[-80.27869333333334,26.082663416666666],[-80.2787053888889,26.082546916666665],[-80.27871730555556,26.082430388888888],[-80.2787291111111,26.08231386111111],[-80.27874077777777,26.082197333333333],[-80.27875230555556,26.082080777777776],[-80.27876369444445,26.081964222222222],[-80.27877497222222,26.08184763888889],[-80.27878611111112,26.081731055555554],[-80.27879713888889,26.08161447222222],[-80.27880802777777,26.08149786111111],[-80.27881877777777,26.08138125],[-80.27882941666667,26.08126463888889],[-80.27883991666667,26.081148],[-80.27885027777778,26.081031361111112],[-80.27886052777778,26.08091472222222],[-80.27887063888889,26.080798055555555],[-80.2788806111111,26.080681388888888],[-80.27889047222222,26.08056472222222],[-80.27890019444445,26.080448027777777],[-80.27890980555556,26.080331333333334],[-80.27891925,26.08021463888889],[-80.27892861111111,26.080097944444443],[-80.27893780555556,26.079981222222223],[-80.27894688888888,26.079864472222223],[-80.27895583333333,26.07974775],[-80.2789646388889,26.079631],[-80.27897333333333,26.07951425],[-80.27898191666667,26.0793975],[-80.27899033333333,26.079280722222222],[-80.2789986388889,26.079163944444446],[-80.27900680555555,26.079047166666665],[-80.27901486111111,26.07893038888889],[-80.27902277777778,26.078813583333332],[-80.27903055555555,26.07869677777778],[-80.27903822222223,26.078579972222222],[-80.27904575,26.078463166666666],[-80.27905313888888,26.078346333333332],[-80.2790603888889,26.0782295],[-80.27906752777778,26.078112666666666],[-80.27907455555555,26.077995833333333],[-80.27908141666667,26.077878972222223],[-80.27908816666667,26.07776211111111],[-80.27909480555556,26.07764525],[-80.27910127777778,26.07752838888889],[-80.27910763888889,26.0774115],[-80.27911388888889,26.077294638888887],[-80.27912,26.07717775],[-80.27912597222222,26.07706086111111],[-80.27913180555555,26.07694397222222],[-80.27913752777778,26.076827055555555],[-80.27914311111111,26.07671013888889],[-80.27914855555555,26.07659325],[-80.27915388888889,26.076476333333332],[-80.27915908333333,26.076359416666666],[-80.27916413888889,26.076242472222223],[-80.27916908333333,26.076125555555556],[-80.27917388888889,26.07600861111111],[-80.27917858333333,26.075891666666667],[-80.27918311111111,26.07577472222222],[-80.27918755555555,26.075657777777778],[-80.27919183333333,26.07554083333333],[-80.279196,26.07542388888889],[-80.27920002777778,26.075306916666666],[-80.27920391666666,26.075189972222223],[-80.27920769444444,26.075073],[-80.27921133333334,26.074956027777777],[-80.27921486111111,26.074839055555554],[-80.27921825,26.074722083333334],[-80.2792215,26.07460511111111],[-80.2792246111111,26.074488111111112],[-80.27922761111111,26.07437113888889],[-80.27923047222222,26.07425413888889],[-80.27923322222222,26.074137166666667],[-80.27923583333333,26.074020166666667],[-80.27923830555555,26.073903166666668],[-80.2792406388889,26.073786166666668],[-80.27924286111111,26.073669194444445],[-80.27924494444444,26.073552194444446],[-80.27924691666666,26.073435194444443],[-80.27924875,26.073318166666667],[-80.27925044444444,26.073201166666667],[-80.279252,26.073084166666668],[-80.27925344444445,26.072967166666665],[-80.27925474999999,26.07285013888889],[-80.27925594444444,26.07273313888889],[-80.279257,26.07261613888889],[-80.27925791666667,26.07249911111111],[-80.27925872222222,26.07238211111111],[-80.27925936111112,26.072265083333335],[-80.27925991666666,26.07214808333333],[-80.27926030555555,26.072031055555556],[-80.27926058333333,26.071914055555556],[-80.27926072222222,26.071797027777777],[-80.27926075,26.071680027777777],[-80.27926063888889,26.071563],[-80.27926038888889,26.07144597222222],[-80.27926,26.071328972222222],[-80.2792595,26.071211944444443],[-80.27925888888889,26.071094944444443],[-80.2792581111111,26.070977944444444],[-80.27925722222223,26.070860916666668],[-80.27925619444444,26.070743916666668],[-80.27925505555555,26.07062688888889],[-80.27925377777778,26.07050988888889],[-80.2792523611111,26.07039288888889],[-80.27925083333334,26.07027586111111],[-80.27924913888889,26.07015886111111],[-80.2792473611111,26.07004186111111],[-80.27924541666667,26.06992486111111],[-80.27924336111111,26.069807861111112],[-80.27924116666667,26.06969086111111],[-80.27923886111111,26.06957386111111],[-80.27923641666666,26.06945686111111],[-80.27923383333334,26.069339888888887],[-80.27923113888889,26.069222888888888],[-80.27922830555555,26.06910588888889],[-80.27922533333333,26.068988916666665],[-80.27922225,26.068871944444446],[-80.27921902777777,26.068754944444443],[-80.27921566666667,26.068637972222223],[-80.27921219444444,26.068521],[-80.27920858333333,26.068404027777778],[-80.27920483333334,26.068287083333335],[-80.27920094444444,26.06817011111111],[-80.27919694444445,26.06805313888889],[-80.27919283333333,26.067936194444446],[-80.27918855555555,26.06781925],[-80.27918416666667,26.067702305555557],[-80.27917966666666,26.06758536111111],[-80.279175,26.067468416666667],[-80.27917022222222,26.06735147222222],[-80.27916533333334,26.067234555555554],[-80.27916027777778,26.06711761111111],[-80.27915511111111,26.067000694444445],[-80.27914983333334,26.06688377777778],[-80.27914441666667,26.066766861111113],[-80.27913886111111,26.066649972222223],[-80.27913316666667,26.066533055555556],[-80.27912736111111,26.066416166666666],[-80.27912141666667,26.06629927777778],[-80.27911533333334,26.06618238888889],[-80.27910913888888,26.0660655],[-80.27910280555555,26.06594861111111],[-80.27909636111112,26.06583175],[-80.27908975,26.06571488888889],[-80.27908302777777,26.065598027777778],[-80.27907619444444,26.065481194444445],[-80.27906922222222,26.065364333333335],[-80.27906211111112,26.0652475],[-80.2790548611111,26.06513066666667],[-80.2790475,26.065013833333335],[-80.27904,26.06489702777778],[-80.2790323888889,26.064780194444445],[-80.27902463888888,26.06466338888889],[-80.27901675,26.064546611111112],[-80.27900875,26.064429805555555],[-80.27900061111112,26.06431302777778],[-80.27899233333333,26.064196250000002],[-80.27898391666666,26.06407947222222],[-80.27897538888888,26.06396272222222],[-80.27896675,26.06384597222222],[-80.27895794444444,26.06372922222222],[-80.27894902777777,26.06361247222222],[-80.27894,26.06349575],[-80.27893080555556,26.063379027777778],[-80.2789215,26.063262333333334],[-80.27891208333334,26.06314561111111],[-80.2789025,26.063028916666667],[-80.27889283333333,26.062912222222224],[-80.278883,26.062795555555557],[-80.27887305555555,26.06267888888889],[-80.27886297222223,26.062562222222223],[-80.27885275,26.062445583333336],[-80.27884241666666,26.062328944444445],[-80.27883194444445,26.062212305555555],[-80.27882136111111,26.062095666666668],[-80.27881063888888,26.061979055555557],[-80.27879977777778,26.061862444444444],[-80.27878880555555,26.061745861111113],[-80.27877769444444,26.06162927777778],[-80.27876644444444,26.061512694444446],[-80.27875508333334,26.061396138888888],[-80.27874358333334,26.061279583333334],[-80.27873194444444,26.061163055555557],[-80.27872019444445,26.0610465],[-80.27870830555555,26.06093],[-80.27869627777778,26.06081347222222],[-80.27868413888889,26.060696972222225],[-80.2786718611111,26.0605805],[-80.27865947222222,26.06046402777778],[-80.27864694444445,26.060347555555555],[-80.27863427777778,26.060231083333335],[-80.27862147222223,26.06011463888889],[-80.27860855555555,26.059998222222223],[-80.27859552777778,26.059881805555555],[-80.27858233333333,26.059765388888888],[-80.27856902777778,26.059649],[-80.27855561111112,26.059532611111113],[-80.27854205555555,26.05941622222222],[-80.27852836111111,26.05929986111111],[-80.27851452777777,26.05918352777778],[-80.27850058333333,26.059067194444445],[-80.2784865,26.05895086111111],[-80.27847230555555,26.058834555555556],[-80.27845797222223,26.058718250000002],[-80.2784435,26.058601972222224],[-80.27842891666667,26.058485722222223],[-80.27841419444444,26.058369444444445],[-80.27839933333333,26.058253194444447],[-80.27838436111111,26.058136972222222],[-80.27836925,26.05802075],[-80.27835402777778,26.057904555555556],[-80.27833866666667,26.05778836111111],[-80.27832316666667,26.057672194444446],[-80.27830752777777,26.05755602777778],[-80.27829177777778,26.05743988888889],[-80.27827591666667,26.057323750000002],[-80.27825991666667,26.05720763888889],[-80.27824377777777,26.05709152777778],[-80.2782275,26.056975444444443],[-80.2782111111111,26.056859361111112],[-80.27819458333333,26.056743305555557],[-80.27817794444444,26.056627250000002],[-80.27816116666666,26.056511222222223],[-80.27814425,26.05639522222222],[-80.27812722222222,26.056279222222223],[-80.27811005555556,26.056163222222224],[-80.27809277777777,26.056047250000002],[-80.2780753611111,26.055931305555557],[-80.27805780555555,26.05581536111111],[-80.27804011111111,26.055699444444446],[-80.27802230555555,26.055583555555557],[-80.27800438888889,26.05546766666667],[-80.27798633333333,26.05535177777778],[-80.2779681388889,26.055235944444444],[-80.27794980555555,26.055120083333335],[-80.27793136111111,26.05500427777778],[-80.27791280555556,26.054888472222224],[-80.27789408333334,26.05477266666667],[-80.27787527777778,26.05465688888889],[-80.27785630555556,26.05454113888889],[-80.27783722222222,26.054425416666668],[-80.277818,26.054309694444445],[-80.27779866666667,26.054193972222222],[-80.27777919444445,26.054078305555556],[-80.27775958333334,26.05396263888889],[-80.27773986111112,26.053846972222225],[-80.27772,26.053731333333335],[-80.27770002777778,26.053615722222222],[-80.27767991666667,26.05350013888889],[-80.27765966666666,26.053384555555557],[-80.27763930555555,26.053269],[-80.27761880555555,26.053153444444444],[-80.27759819444444,26.053037916666668],[-80.27757744444445,26.052922416666668],[-80.27755655555555,26.052806944444445],[-80.27753555555556,26.05269147222222],[-80.27751441666666,26.05257602777778],[-80.27749316666666,26.052460583333335],[-80.27747177777778,26.052345194444445],[-80.27745025,26.052229805555555],[-80.2774286111111,26.05211441666667],[-80.27740683333333,26.051999083333335],[-80.27738494444445,26.051883750000002],[-80.27736291666666,26.051768444444445],[-80.27734075,26.051653138888888],[-80.27731847222222,26.05153786111111],[-80.27729605555555,26.05142261111111],[-80.27727352777778,26.05130738888889],[-80.27725086111111,26.051192166666667],[-80.27722808333333,26.051076972222223],[-80.27720513888889,26.050961805555556],[-80.27718211111112,26.05084666666667],[-80.27715891666666,26.050731527777778],[-80.2771356388889,26.050616444444444],[-80.27711219444444,26.050501361111113],[-80.27708863888888,26.05038627777778],[-80.27706494444445,26.05027125],[-80.27704113888889,26.050156222222224],[-80.27701719444444,26.050041222222223],[-80.27699313888888,26.049926250000002],[-80.27696894444445,26.049811277777778],[-80.2769446111111,26.049696361111113],[-80.27692016666667,26.049581444444446],[-80.27689561111112,26.049466555555558],[-80.2768708888889,26.04935166666667],[-80.27684608333334,26.049236833333335],[-80.2768211111111,26.049122],[-80.27679602777778,26.049007222222222],[-80.27677083333333,26.048892444444448],[-80.27674547222222,26.04877766666667],[-80.27672002777777,26.048662944444445],[-80.27669441666667,26.048548222222223],[-80.27666869444444,26.048433555555558],[-80.27664286111111,26.04831888888889],[-80.27661688888888,26.04820425],[-80.27659080555556,26.04808963888889],[-80.27656455555555,26.04797502777778],[-80.27653822222221,26.047860472222222],[-80.27651172222222,26.047745916666667],[-80.27648513888889,26.04763141666667],[-80.27645838888888,26.04751691666667],[-80.27643152777777,26.047402444444447],[-80.27640455555556,26.047287972222225],[-80.27637744444445,26.047173555555556],[-80.27635019444445,26.047059166666667],[-80.27632283333334,26.046944777777778],[-80.27629533333334,26.046830444444446],[-80.27626772222222,26.046716111111113],[-80.27623997222221,26.046601805555557],[-80.27621211111111,26.046487527777778],[-80.2761841111111,26.04637327777778],[-80.27615597222223,26.046259055555556],[-80.27612772222223,26.046144861111113],[-80.27609936111111,26.046030694444447],[-80.27607083333334,26.045916555555557],[-80.276039,26.045789694444448],[-80.27624261111112,26.04579902777778],[-80.27651983333334,26.045811444444446],[-80.27679708333334,26.04582363888889],[-80.2770743611111,26.045835555555556],[-80.27735163888889,26.04584725],[-80.27762891666667,26.045858666666668],[-80.27790622222223,26.04586986111111],[-80.27818355555556,26.04588077777778],[-80.27846088888889,26.045891444444447],[-80.27873822222222,26.045901888888892],[-80.27901558333333,26.045912055555558],[-80.27929294444445,26.045921972222224],[-80.27957030555555,26.04593163888889],[-80.27984769444444,26.045941055555556],[-80.28012508333333,26.04595025],[-80.2804025,26.04595916666667],[-80.28067991666667,26.045967833333336],[-80.28095733333333,26.045976250000002],[-80.28123475,26.04598441666667],[-80.28151219444445,26.045992305555558],[-80.28178966666667,26.045999972222223],[-80.2820671111111,26.046007388888892],[-80.28234458333333,26.04601455555556],[-80.28262205555555,26.046021472222225],[-80.28289955555556,26.046028111111113],[-80.28317702777778,26.04603452777778],[-80.28345452777778,26.046040694444446],[-80.28373202777777,26.046046583333336],[-80.28400955555556,26.046052250000002],[-80.28428705555555,26.04605763888889],[-80.28456458333334,26.046062805555557],[-80.2848421111111,26.046067694444446],[-80.28511963888889,26.046072333333335],[-80.28539719444444,26.04607675],[-80.28567472222223,26.04608088888889],[-80.28595227777778,26.04608477777778],[-80.28622983333334,26.046088416666667],[-80.2865073888889,26.04609180555556],[-80.28678494444445,26.046094944444445],[-80.2870625,26.046097833333334],[-80.28734005555556,26.046100472222225],[-80.28761763888889,26.046102861111113],[-80.28789519444445,26.046105],[-80.28817277777777,26.04610688888889],[-80.2884503611111,26.04610852777778],[-80.28872791666666,26.04610991666667],[-80.2890055,26.04611102777778],[-80.28928308333333,26.046111916666668],[-80.28956066666666,26.046112555555556],[-80.28983825,26.04611291666667],[-80.29011583333333,26.04611305555556],[-80.29016727777777,26.04611305555556],[-80.29044486111111,26.046112861111112],[-80.29072241666667,26.046112444444447],[-80.291,26.046111777777778],[-80.29127758333333,26.046110861111114],[-80.29155516666667,26.04610966666667],[-80.29183275,26.046108250000003],[-80.29211030555555,26.046106555555557],[-80.29238788888888,26.04610463888889],[-80.29266547222223,26.046102444444447],[-80.29294302777778,26.04610002777778],[-80.29322058333334,26.046097333333336],[-80.29349816666667,26.04609438888889],[-80.29377572222222,26.046091194444447],[-80.29405327777778,26.046087777777778],[-80.29433080555556,26.046084083333334],[-80.2946083611111,26.04608013888889],[-80.29488591666666,26.046075944444446],[-80.29516344444444,26.0460715],[-80.29544097222222,26.046066805555558],[-80.29571849999999,26.046061861111113],[-80.29599602777778,26.04605666666667],[-80.29627352777777,26.046051222222225],[-80.29655105555555,26.0460455],[-80.29682855555555,26.046039555555556],[-80.29710605555556,26.046033361111114],[-80.29738352777778,26.04602691666667],[-80.29766102777778,26.046020194444445],[-80.2979385,26.04601325],[-80.29821594444444,26.04600602777778],[-80.29849341666666,26.045998583333336],[-80.29877086111111,26.04599086111111],[-80.29904830555556,26.04598291666667],[-80.29932575,26.045974694444446],[-80.29960316666667,26.045966250000003],[-80.29988058333333,26.04595752777778],[-80.30015797222222,26.045948555555558],[-80.30043536111111,26.045939333333337],[-80.30071275,26.045929861111112],[-80.3009901111111,26.04592016666667],[-80.30126747222222,26.045910194444446],[-80.30154483333332,26.045899972222223],[-80.30182216666667,26.0458895],[-80.3020995,26.04587877777778],[-80.30237680555555,26.045867805555556],[-80.30265411111111,26.045856583333336],[-80.30293141666667,26.045845111111113],[-80.30320869444444,26.045833361111114],[-80.30348594444445,26.04582138888889],[-80.30376319444444,26.04580916666667],[-80.30404041666667,26.045796694444444],[-80.30431763888889,26.045783944444445],[-80.30459486111111,26.045770972222225],[-80.30487205555555,26.04575775],[-80.30514922222221,26.045744250000002],[-80.30542638888889,26.045730527777778],[-80.30570355555555,26.04571652777778],[-80.30598066666667,26.045702305555558],[-80.30625780555555,26.045687805555556],[-80.30653488888889,26.045673083333334],[-80.30681197222222,26.045658083333336],[-80.30708905555555,26.045642861111112],[-80.30736608333333,26.045627361111112],[-80.3076431111111,26.045611611111113],[-80.30792013888889,26.04559563888889],[-80.30819713888889,26.04557938888889],[-80.30847411111111,26.04556288888889],[-80.30875108333333,26.04554613888889],[-80.30902802777777,26.04552913888889],[-80.30930494444443,26.04551191666667],[-80.30958183333333,26.045494416666667],[-80.30985872222222,26.04547666666667],[-80.31013558333333,26.04545866666667],[-80.31041244444444,26.04544041666667],[-80.31068925,26.04542191666667],[-80.31096605555555,26.045403166666667],[-80.31124283333332,26.04538416666667],[-80.31151958333334,26.045364916666667],[-80.31179633333333,26.045345416666667],[-80.31207305555556,26.045325666666667],[-80.31234975,26.045305666666668],[-80.31262641666666,26.04528541666667],[-80.31290305555555,26.045264916666667],[-80.31317969444444,26.04524416666667],[-80.31345630555555,26.04522316666667],[-80.3137328888889,26.04520188888889],[-80.31400944444444,26.04518038888889],[-80.31428597222222,26.04515863888889],[-80.31456247222222,26.04513663888889],[-80.31483894444445,26.04511438888889],[-80.31511541666666,26.045091861111114],[-80.31539186111111,26.04506911111111],[-80.31566825,26.045046111111112],[-80.31594463888888,26.045022861111114],[-80.316221,26.044999361111113],[-80.31649733333333,26.044975583333336],[-80.31677363888889,26.044951583333336],[-80.31704988888889,26.044927333333334],[-80.31732613888889,26.044902833333335],[-80.31760236111111,26.044878055555557],[-80.31787855555555,26.044853055555556],[-80.31815472222222,26.044827805555556],[-80.31843086111111,26.044802305555557],[-80.31870697222222,26.04477652777778],[-80.31898305555555,26.04475052777778],[-80.31925911111111,26.044724277777778],[-80.31953513888888,26.04469777777778],[-80.31981113888888,26.044671],[-80.32008708333333,26.044644],[-80.32036302777777,26.044616750000003],[-80.32063891666667,26.04458925],[-80.32091480555555,26.0445615],[-80.32119063888888,26.044533472222223],[-80.32146644444444,26.044505222222224],[-80.32174222222221,26.044476722222225],[-80.32201797222221,26.044447972222223],[-80.32229369444444,26.044418972222225],[-80.3225693611111,26.044389722222224],[-80.32284502777777,26.044360194444447],[-80.32312063888888,26.044330444444444],[-80.32339622222221,26.044300444444445],[-80.32367175,26.044270194444447],[-80.32394727777778,26.044239694444446],[-80.32422274999999,26.044208944444446],[-80.32449819444444,26.044177944444446],[-80.32477361111111,26.044146694444446],[-80.32504899999999,26.044115194444448],[-80.32532433333333,26.044083444444446],[-80.32559963888889,26.044051472222225],[-80.32587491666666,26.044019222222225],[-80.32615013888889,26.043986722222225],[-80.3264253611111,26.043953972222223],[-80.32670052777777,26.043920972222224],[-80.32697563888888,26.043887750000003],[-80.32725072222222,26.043854250000003],[-80.32752577777778,26.043820500000002],[-80.32780080555555,26.04378652777778],[-80.32807577777777,26.04375227777778],[-80.32835069444444,26.04371777777778],[-80.32862561111111,26.043683055555558],[-80.32890047222222,26.043648055555558],[-80.32917527777778,26.043612833333334],[-80.32945005555555,26.04357736111111],[-80.32972480555556,26.043541611111113],[-80.3299995,26.04350563888889],[-80.33027416666667,26.043469416666667],[-80.33054880555555,26.043432944444447],[-80.33082338888889,26.043396222222224],[-80.33109791666666,26.043359222222225],[-80.33137241666667,26.043322000000003],[-80.33164686111111,26.04328452777778],[-80.33192127777778,26.043246833333335],[-80.33219566666666,26.04320886111111],[-80.33247,26.043170638888892],[-80.33274427777778,26.04313216666667],[-80.33301852777777,26.043093444444445],[-80.33329272222223,26.0430545],[-80.33356688888888,26.04301527777778],[-80.33384099999999,26.042975833333337],[-80.33411508333333,26.042936111111114],[-80.33438911111111,26.04289616666667],[-80.33466308333333,26.042855972222224],[-80.33493702777777,26.04281552777778],[-80.33521091666667,26.042774805555556],[-80.33548477777778,26.042733861111113],[-80.33575855555556,26.042692666666667],[-80.33603233333334,26.042651250000002],[-80.33630602777777,26.042609555555558],[-80.33657969444444,26.042567611111114],[-80.33685330555555,26.042525416666667],[-80.33712688888889,26.042483],[-80.33740038888888,26.04244030555556],[-80.33767388888889,26.04239738888889],[-80.33794730555555,26.042354222222222],[-80.33822069444444,26.04231077777778],[-80.338494,26.042267111111112],[-80.33876730555555,26.042223194444446],[-80.33904052777777,26.04217902777778],[-80.33931369444444,26.042134611111113],[-80.33958683333333,26.042089972222225],[-80.33985991666667,26.04204505555556],[-80.34013294444443,26.041999888888892],[-80.34040594444444,26.041954500000003],[-80.3406788611111,26.041908861111114],[-80.34095175,26.041862944444446],[-80.34122458333333,26.041816805555555],[-80.34149736111111,26.04177041666667],[-80.34177008333333,26.04172377777778],[-80.34204277777778,26.041676916666667],[-80.34231538888888,26.04162977777778],[-80.34258797222222,26.04158238888889],[-80.34286047222221,26.04153477777778],[-80.34313294444443,26.041486916666667],[-80.34340536111111,26.04143877777778],[-80.34367772222221,26.04139041666667],[-80.34395002777778,26.041341805555557],[-80.34422227777777,26.041292972222223],[-80.34449447222222,26.041243861111113],[-80.34476661111111,26.041194500000003],[-80.34503869444444,26.041144916666667],[-80.34531072222222,26.041095083333335],[-80.34558269444445,26.041044972222224],[-80.34585461111111,26.04099463888889],[-80.34612647222222,26.040944083333336],[-80.34639827777778,26.040893250000003],[-80.34667002777778,26.040842166666668],[-80.34694172222221,26.040790861111113],[-80.3472133611111,26.040739277777778],[-80.34748494444445,26.040687472222224],[-80.34775647222222,26.040635416666667],[-80.34802791666667,26.04058311111111],[-80.34829933333333,26.040530583333336],[-80.34857066666666,26.04047777777778],[-80.34884197222222,26.040424750000003],[-80.34911319444444,26.040371444444446],[-80.3493843611111,26.04031791666667],[-80.34965547222222,26.040264166666667],[-80.34992652777777,26.04021013888889],[-80.3501975,26.040155861111113],[-80.35046844444445,26.040101361111113],[-80.35073930555555,26.040046611111112],[-80.35101011111111,26.039991611111112],[-80.3512808611111,26.039936361111113],[-80.35155152777777,26.03988086111111],[-80.35182216666666,26.039825111111114],[-80.35209272222221,26.03976913888889],[-80.35236322222222,26.03971291666667],[-80.35264541666666,26.039653972222222]]},"properties":{"style":"solid","thickness":1}},{"type":"Feature","geometry":{"type":"LineString","coordinates":[[-79.88041655555556,26.010833333333334],[-79.88066666666666,26.010833333333334],[-79.88266666666667,26.010833333333334],[-79.88466666666667,26.010833333333334],[-79.88666666666667,26.010833333333334],[-79.88866666666668,26.010833333333334],[-79.89066666666668,26.010833333333334],[-79.89266666666667,26.010833333333334],[-79.89466666666668,26.010833333333334],[-79.89666666666668,26.010833333333334],[-79.89866666666667,26.010833333333334],[-79.90066666666667,26.010833333333334],[-79.90266666666668,26.010833333333334],[-79.90466666666667,26.010833333333334],[-79.90666666666667,26.010833333333334],[-79.90866666666668,26.010833333333334],[-79.91066666666667,26.010833333333334],[-79.91266666666667,26.010833333333334],[-79.91466666666668,26.010833333333334],[-79.91666666666667,26.010833333333334],[-79.91866666666667,26.010833333333334],[-79.92066666666668,26.010833333333334],[-79.92266666666667,26.010833333333334],[-79.92466666666667,26.010833333333334],[-79.92666666666668,26.010833333333334],[-79.92866666666667,26.010833333333334],[-79.93066666666667,26.010833333333334],[-79.93266666666668,26.010833333333334],[-79.93466666666667,26.010833333333334],[-79.93666666666667,26.010833333333334],[-79.93866666666668,26.010833333333334],[-79.94066666666667,26.010833333333334],[-79.94266666666667,26.010833333333334],[-79.94466666666668,26.010833333333334],[-79.94666666666667,26.010833333333334],[-79.94866666666667,26.010833333333334],[-79.95066666666666,26.010833333333334],[-79.95266666666667,26.010833333333334],[-79.95466666666667,26.010833333333334],[-79.95666666666666,26.010833333333334],[-79.95866666666667,26.010833333333334],[-79.96066666666667,26.010833333333334],[-79.96266666666666,26.010833333333334],[-79.96466666666667,26.010833333333334],[-79.96666666666667,26.010833333333334],[-79.96866666666666,26.010833333333334],[-79.97066666666667,26.010833333333334],[-79.97266666666667,26.010833333333334],[-79.97466666666666,26.010833333333334],[-79.97666666666667,26.010833333333334],[-79.97866666666667,26.010833333333334],[-79.98066666666666,26.010833333333334],[-79.98266666666667,26.010833333333334],[-79.98466666666667,26.010833333333334],[-79.98666666666666,26.010833333333334],[-79.98866666666667,26.010833333333334],[-79.99066666666667,26.010833333333334],[-79.99266666666666,26.010833333333334],[-79.99466666666667,26.010833333333334],[-79.99666666666667,26.010833333333334],[-79.99866666666667,26.010833333333334],[-80.00066666666666,26.010833333333334],[-80.00266666666667,26.010833333333334],[-80.00466666666667,26.010833333333334],[-80.00666666666666,26.010833333333334],[-80.00866666666667,26.010833333333334],[-80.01066666666667,26.010833333333334],[-80.01266666666666,26.010833333333334],[-80.01466666666667,26.010833333333334],[-80.01666666666667,26.010833333333334],[-80.01866666666666,26.010833333333334],[-80.02066666666667,26.010833333333334],[-80.02266666666667,26.010833333333334],[-80.02466666666666,26.010833333333334],[-80.02666666666667,26.010833333333334],[-80.02866666666667,26.010833333333334],[-80.03066666666666,26.010833333333334],[-80.03266666666667,26.010833333333334],[-80.03466666666667,26.010833333333334],[-80.03666666666666,26.010833333333334],[-80.03866666666667,26.010833333333334],[-80.03904188888889,26.010833333333334],[-80.0389695,26.010940805555556],[-80.03890230555555,26.011040833333333],[-80.03883522222222,26.011140944444445],[-80.03876825,26.011241083333335],[-80.03870138888888,26.011341305555554],[-80.0386346388889,26.011441555555557],[-80.038568,26.01154188888889],[-80.03850147222222,26.011642305555554],[-80.03843502777778,26.01174275],[-80.03836872222222,26.01184325],[-80.03830252777777,26.011943833333333],[-80.03823644444444,26.01204447222222],[-80.03817047222222,26.012145166666667],[-80.03810461111111,26.012245916666668],[-80.0380388611111,26.012346722222222],[-80.03797322222222,26.012447583333334],[-80.03790769444444,26.012548527777778],[-80.03784225,26.0126495],[-80.03777694444445,26.012750555555556],[-80.03771175,26.012851666666666],[-80.03764666666666,26.012952833333333],[-80.03758169444444,26.013054055555557],[-80.03751686111111,26.013155333333334],[-80.03745211111111,26.013256666666667],[-80.03738747222222,26.013358055555557],[-80.03732294444444,26.013459527777776],[-80.03725852777778,26.01356102777778],[-80.03719422222223,26.013662611111112],[-80.03713005555555,26.01376425],[-80.03706597222222,26.013865944444444],[-80.037002,26.013967694444446],[-80.03693816666666,26.0140695],[-80.03687441666666,26.01417136111111],[-80.03681080555555,26.01427327777778],[-80.03674730555555,26.01437525],[-80.03668388888889,26.01447727777778],[-80.0366206111111,26.01457938888889],[-80.03655744444444,26.01468152777778],[-80.03649438888888,26.014783722222223],[-80.03643144444445,26.014886],[-80.03636861111112,26.014988333333335],[-80.03630588888889,26.015090694444446],[-80.03624327777777,26.01519313888889],[-80.03618077777777,26.01529561111111],[-80.03611838888888,26.015398166666667],[-80.03605613888888,26.015500777777778],[-80.03599397222222,26.015603416666668],[-80.03593194444444,26.015706138888888],[-80.03587002777778,26.015808916666668],[-80.03580819444444,26.01591175],[-80.0357465,26.01601461111111],[-80.03568491666667,26.016117555555557],[-80.03562344444444,26.016220555555556],[-80.03556208333333,26.016323611111112],[-80.0355008611111,26.01642672222222],[-80.03543972222222,26.01652986111111],[-80.03537869444445,26.016633083333332],[-80.03531780555555,26.01673636111111],[-80.03525702777777,26.016839666666666],[-80.03519633333333,26.016943055555554],[-80.03513577777778,26.0170465],[-80.03507533333332,26.01714997222222],[-80.03501502777777,26.017253527777775],[-80.03495480555556,26.017357138888887],[-80.03489469444445,26.017460777777778],[-80.03483472222221,26.017564472222222],[-80.03477483333333,26.01766825],[-80.03471508333332,26.017772055555554],[-80.03465544444444,26.017875916666664],[-80.03459591666666,26.01797986111111],[-80.0345365,26.018083833333332],[-80.03447722222222,26.01818786111111],[-80.03441802777778,26.018291944444442],[-80.03435897222222,26.018396083333332],[-80.03430002777777,26.018500277777775],[-80.03424119444445,26.0186045],[-80.03418247222223,26.018708805555555],[-80.03412386111111,26.018813166666664],[-80.0340653611111,26.018917555555554],[-80.034007,26.019022027777776],[-80.03394872222222,26.019126527777775],[-80.03389058333333,26.01923108333333],[-80.03383255555555,26.019335694444443],[-80.03377463888889,26.01944036111111],[-80.0337168611111,26.019545083333334],[-80.03365916666667,26.01964986111111],[-80.03360161111111,26.019754666666667],[-80.03354416666666,26.019859555555556],[-80.03348683333333,26.01996447222222],[-80.0334296111111,26.020069444444445],[-80.03337252777777,26.020174472222223],[-80.03331552777777,26.020279555555554],[-80.03325866666667,26.020384694444445],[-80.03320191666667,26.02048986111111],[-80.03314527777778,26.02059511111111],[-80.03308875,26.020700388888887],[-80.03303236111111,26.02080572222222],[-80.03297608333334,26.02091111111111],[-80.03291988888888,26.021016555555555],[-80.03286386111111,26.02112202777778],[-80.03280791666667,26.02122758333333],[-80.03275208333334,26.021333166666665],[-80.0326963888889,26.021438805555555],[-80.03264080555556,26.021544499999997],[-80.03258533333333,26.02165025],[-80.03253,26.021756027777776],[-80.03247475,26.02186186111111],[-80.03241963888888,26.021967749999998],[-80.0323646388889,26.022073694444444],[-80.03230975,26.022179694444443],[-80.03225497222222,26.02228572222222],[-80.03220033333334,26.022391805555554],[-80.03214580555556,26.022497944444442],[-80.03209138888889,26.022604138888887],[-80.03203708333334,26.02271038888889],[-80.03198291666666,26.022816666666667],[-80.03192886111111,26.022923],[-80.03187491666667,26.023029388888887],[-80.03182108333333,26.023135805555555],[-80.0317673888889,26.023242277777776],[-80.03171377777778,26.023348805555553],[-80.03166030555555,26.023455388888888],[-80.03160697222222,26.02356202777778],[-80.03155372222223,26.023668694444442],[-80.03150061111111,26.023775416666666],[-80.0314476111111,26.023882194444443],[-80.03139472222222,26.023989],[-80.03134194444445,26.02409586111111],[-80.03128930555556,26.024202777777777],[-80.03123677777778,26.02430972222222],[-80.03118436111112,26.02441675],[-80.03113208333333,26.024523805555553],[-80.03107991666667,26.024630888888886],[-80.03102786111111,26.024738055555556],[-80.03097591666666,26.02484525],[-80.0309241111111,26.02495247222222],[-80.0308723888889,26.025059777777777],[-80.03082083333334,26.02516711111111],[-80.03076936111111,26.0252745],[-80.03071802777778,26.025381916666667],[-80.03066680555555,26.02548938888889],[-80.03061569444445,26.025596916666665],[-80.03056469444445,26.02570447222222],[-80.03051383333333,26.02581208333333],[-80.03046308333333,26.02591975],[-80.03041244444444,26.026027444444445],[-80.03036194444444,26.026135194444443],[-80.03031155555556,26.026242999999997],[-80.03026127777778,26.026350833333332],[-80.03021113888889,26.02645872222222],[-80.03016111111111,26.026566666666664],[-80.03011119444444,26.02667463888889],[-80.03006138888888,26.026782666666666],[-80.03001172222223,26.02689072222222],[-80.02996216666666,26.026998833333334],[-80.02991272222222,26.027106999999997],[-80.02986341666667,26.027215194444445],[-80.02981422222223,26.027323444444445],[-80.02976513888889,26.02743172222222],[-80.02971619444445,26.02754008333333],[-80.02966736111111,26.027648444444445],[-80.02961863888889,26.02775686111111],[-80.02957002777778,26.02786533333333],[-80.02952155555556,26.02797386111111],[-80.02947319444445,26.028082388888887],[-80.02942497222222,26.028191],[-80.0293768611111,26.02829963888889],[-80.02932886111111,26.02840833333333],[-80.02928097222222,26.028517055555554],[-80.02923322222222,26.028625833333333],[-80.02918558333333,26.02873463888889],[-80.02913808333334,26.0288435],[-80.02909066666666,26.02895238888889],[-80.02904341666667,26.02906133333333],[-80.02899625,26.029170333333333],[-80.02894922222222,26.02927936111111],[-80.02890230555555,26.029388416666666],[-80.02885552777778,26.029497527777778],[-80.02880883333333,26.029606694444443],[-80.02876230555556,26.029715888888887],[-80.02871586111111,26.02982513888889],[-80.02866955555555,26.029934416666666],[-80.02862336111112,26.03004372222222],[-80.02857730555556,26.03015308333333],[-80.0285313611111,26.0302625],[-80.02848552777778,26.030371944444443],[-80.02843983333334,26.030481444444444],[-80.02839425,26.03059097222222],[-80.02834877777778,26.03070052777778],[-80.02830344444445,26.03081013888889],[-80.02825822222222,26.030919805555556],[-80.02821313888889,26.0310295],[-80.02816813888889,26.031139222222222],[-80.02812330555555,26.031249],[-80.02807855555555,26.031358805555556],[-80.02803394444445,26.031468666666665],[-80.02798947222222,26.031578555555555],[-80.02794508333334,26.031688499999998],[-80.02790083333333,26.03179847222222],[-80.02785672222223,26.0319085],[-80.02781272222222,26.032018555555556],[-80.02776883333333,26.03212863888889],[-80.02772508333334,26.032238777777778],[-80.02768144444444,26.032348944444443],[-80.02763791666666,26.032459166666666],[-80.02759452777778,26.032569416666664],[-80.02755125,26.03267972222222],[-80.0275081111111,26.032790055555555],[-80.02746508333333,26.032900416666667],[-80.02742216666667,26.033010833333332],[-80.02737938888889,26.033121277777777],[-80.02733672222222,26.03323175],[-80.02729419444444,26.03334227777778],[-80.02725177777778,26.033452833333335],[-80.02720947222222,26.033563444444447],[-80.02716730555555,26.033674083333334],[-80.02712525,26.03378477777778],[-80.02708333333334,26.033895472222223],[-80.02704152777778,26.034006222222224],[-80.02699983333333,26.03411702777778],[-80.02695827777778,26.034227861111113],[-80.02691683333333,26.034338722222223],[-80.02687552777778,26.034449611111114],[-80.02683433333333,26.034560555555558],[-80.02679325,26.03467152777778],[-80.02675230555556,26.03478255555556],[-80.0267115,26.034893611111112],[-80.02667077777778,26.035004694444446],[-80.02663019444444,26.035115805555556],[-80.02658975,26.035226972222222],[-80.02654941666667,26.03533816666667],[-80.02650922222222,26.03544941666667],[-80.02646911111111,26.035560694444445],[-80.02642916666666,26.035672],[-80.02638933333333,26.035783333333335],[-80.02634961111112,26.035894722222224],[-80.02631,26.03600613888889],[-80.02627055555556,26.036117583333336],[-80.02623119444445,26.03622905555556],[-80.02619197222222,26.036340583333335],[-80.02615286111111,26.03645213888889],[-80.02611388888889,26.036563722222223],[-80.02607505555555,26.03667536111111],[-80.02603630555555,26.03678702777778],[-80.02599769444444,26.036898722222222],[-80.02595922222223,26.037010444444444],[-80.0259208611111,26.037122222222223],[-80.02588263888889,26.037234027777778],[-80.02584452777778,26.037345861111113],[-80.02580652777777,26.037457722222225],[-80.02576866666666,26.03756963888889],[-80.02573091666666,26.037681583333335],[-80.02569330555555,26.037793555555556],[-80.02565580555556,26.037905555555557],[-80.02561844444445,26.038017583333335],[-80.02558119444444,26.03812966666667],[-80.02554408333333,26.03824177777778],[-80.02550708333334,26.03835391666667],[-80.02547022222222,26.038466083333336],[-80.02543347222222,26.038578305555557],[-80.02539683333333,26.038690527777778],[-80.02536033333334,26.03880280555556],[-80.02532397222222,26.038915111111113],[-80.02528772222222,26.039027444444447],[-80.02525158333333,26.039139833333333],[-80.02521558333333,26.039252222222224],[-80.02517969444445,26.039364666666668],[-80.02514394444444,26.03947713888889],[-80.02510833333334,26.03958963888889],[-80.02507280555555,26.039702166666668],[-80.02503744444445,26.03981475],[-80.02500219444444,26.039927333333335],[-80.02496705555555,26.040039972222225],[-80.02493205555555,26.04015263888889],[-80.02489716666666,26.040265333333334],[-80.02486241666666,26.040378055555557],[-80.02482777777777,26.040490805555557],[-80.02479325,26.040603583333336],[-80.02475888888888,26.04071641666667],[-80.02472461111111,26.04082925],[-80.0246905,26.04094213888889],[-80.02465647222222,26.041055055555557],[-80.02462258333333,26.041167972222222],[-80.02458883333333,26.041280944444445],[-80.02455519444445,26.041393972222224],[-80.02452169444445,26.041507000000003],[-80.02448830555555,26.04162005555556],[-80.02445505555555,26.04173313888889],[-80.02442191666667,26.04184627777778],[-80.02438891666667,26.041959416666668],[-80.02435602777777,26.042072611111113],[-80.02432327777778,26.042185805555558],[-80.02429063888889,26.042299055555556],[-80.02425813888888,26.042412333333335],[-80.02422575,26.04252563888889],[-80.0241935,26.042638944444445],[-80.02416136111111,26.042752305555556],[-80.02412936111111,26.042865694444448],[-80.02409747222222,26.042979111111112],[-80.02406572222222,26.043092555555557],[-80.02403408333333,26.043206027777778],[-80.02400258333333,26.04331952777778],[-80.02397122222222,26.043433083333333],[-80.02393997222222,26.04354663888889],[-80.02390883333334,26.043660222222226],[-80.02387783333333,26.043773833333336],[-80.02384697222222,26.043887472222224],[-80.02381622222222,26.04400113888889],[-80.02378558333334,26.044114833333335],[-80.02375508333333,26.044228583333336],[-80.02372472222223,26.044342333333336],[-80.02369447222222,26.044456111111113],[-80.02366436111112,26.044569916666667],[-80.0236343611111,26.04468375],[-80.0236045,26.04479761111111],[-80.02357475,26.0449115],[-80.02354513888889,26.045025416666668],[-80.02351563888888,26.04513936111111],[-80.02348627777778,26.045253333333335],[-80.02345702777778,26.045367333333335],[-80.02342791666666,26.045481333333335],[-80.02339894444444,26.04559538888889],[-80.02337008333333,26.045709472222224],[-80.02334136111111,26.045823583333334],[-80.02331275,26.045937694444447],[-80.02328425,26.046051861111113],[-80.02325591666667,26.04616602777778],[-80.02322766666667,26.046280222222222],[-80.02319958333334,26.046394472222225],[-80.02317161111111,26.046508722222224],[-80.02314375,26.046623],[-80.02311602777777,26.046737305555556],[-80.02308844444444,26.046851638888892],[-80.02306097222223,26.046965972222225],[-80.02303363888889,26.047080361111114],[-80.02300641666666,26.047194750000003],[-80.02297933333334,26.047309194444445],[-80.02295236111111,26.04742363888889],[-80.02292552777777,26.047538111111113],[-80.02289880555556,26.04765261111111],[-80.02287222222222,26.04776713888889],[-80.02284577777777,26.047881694444445],[-80.02281944444444,26.04799627777778],[-80.02279324999999,26.048110861111113],[-80.02276716666667,26.0482255],[-80.02274122222222,26.04834013888889],[-80.02271538888888,26.048454805555558],[-80.02268969444444,26.048569500000003],[-80.02266413888889,26.048684194444448],[-80.02263869444444,26.048798944444446],[-80.02261338888889,26.048913694444447],[-80.02258819444444,26.049028472222226],[-80.02256313888888,26.04914327777778],[-80.02253819444444,26.04925811111111],[-80.02251338888888,26.049372972222223],[-80.02248872222222,26.049487833333334],[-80.02246416666667,26.049602722222225],[-80.02243975,26.04971763888889],[-80.02241544444445,26.049832583333334],[-80.02239127777777,26.04994755555556],[-80.02236722222221,26.05006252777778],[-80.02234330555555,26.050177527777777],[-80.02231952777778,26.050292555555558],[-80.0222958611111,26.050407611111112],[-80.02227233333333,26.050522666666666],[-80.02224891666667,26.05063775],[-80.02222563888888,26.05075286111111],[-80.0222025,26.050868],[-80.02217947222222,26.05098316666667],[-80.02215658333333,26.051098333333336],[-80.02213380555555,26.05121352777778],[-80.02211116666666,26.05132875],[-80.02208863888889,26.051443972222224],[-80.02206625,26.051559222222224],[-80.022044,26.0516745],[-80.02202186111111,26.051789805555558],[-80.02199986111111,26.05190511111111],[-80.021978,26.052020444444445],[-80.02195625,26.052135805555555],[-80.0219346111111,26.052251166666668],[-80.02191313888889,26.052366583333335],[-80.02189177777778,26.05248197222222],[-80.02187052777778,26.052597416666668],[-80.02184941666667,26.05271286111111],[-80.02182844444444,26.052828333333334],[-80.02180758333333,26.052943833333334],[-80.02178686111111,26.053059333333334],[-80.02176625,26.053174861111113],[-80.02174577777778,26.053290416666666],[-80.02172544444444,26.053405972222222],[-80.02170522222222,26.053521555555555],[-80.02168513888888,26.053637138888888],[-80.02166519444444,26.053752777777778],[-80.02164536111111,26.053868416666667],[-80.02162563888889,26.053984055555556],[-80.02160608333334,26.054099722222222],[-80.0215866111111,26.05421541666667],[-80.02156730555555,26.05433113888889],[-80.02154811111112,26.054446861111114],[-80.02152905555556,26.054562583333333],[-80.02151011111111,26.05467836111111],[-80.02149130555556,26.05479413888889],[-80.0214726388889,26.054909916666666],[-80.02145408333334,26.055025722222222],[-80.02143566666666,26.055141555555558],[-80.0214173611111,26.05525738888889],[-80.02139919444444,26.055373250000002],[-80.02138116666667,26.05548913888889],[-80.02136325,26.05560502777778],[-80.02134547222222,26.055720944444445],[-80.02132780555556,26.05583686111111],[-80.02131030555556,26.055952805555556],[-80.0212928888889,26.05606875],[-80.0212756388889,26.056184722222223],[-80.0212585,26.056300722222222],[-80.02124147222221,26.056416722222224],[-80.02122461111111,26.056532722222222],[-80.02120783333334,26.05664875],[-80.02119122222223,26.056764805555556],[-80.02117472222223,26.05688086111111],[-80.0211583611111,26.056996944444446],[-80.0211421111111,26.057113027777778],[-80.021126,26.05722913888889],[-80.02111002777778,26.057345277777777],[-80.02109416666667,26.05746141666667],[-80.02107844444444,26.057577555555557],[-80.02106283333333,26.057693722222222],[-80.02104736111112,26.05780988888889],[-80.02103202777778,26.057926083333335],[-80.02101680555556,26.058042305555556],[-80.02100172222222,26.058158527777778],[-80.02098677777778,26.058274750000002],[-80.02097194444444,26.058391],[-80.02095725,26.05850725],[-80.02094269444444,26.05862352777778],[-80.02092825,26.058739805555557],[-80.02091394444444,26.058856111111112],[-80.02089975,26.058972416666666],[-80.02088569444444,26.05908875],[-80.02087177777777,26.059205083333335],[-80.02085797222222,26.059321444444446],[-80.02084430555556,26.059437805555557],[-80.02083077777777,26.05955416666667],[-80.02081736111111,26.059670555555556],[-80.02080408333333,26.059786972222224],[-80.02079094444444,26.05990336111111],[-80.02077791666666,26.06001977777778],[-80.02076502777777,26.060136222222223],[-80.02075225,26.060252666666667],[-80.02073961111111,26.06036913888889],[-80.02072711111111,26.060485611111112],[-80.02071472222222,26.060602083333333],[-80.02070247222223,26.060718555555557],[-80.02069036111111,26.060835083333334],[-80.02067836111111,26.060951583333335],[-80.0206665,26.061068111111112],[-80.02065477777778,26.06118463888889],[-80.02064316666666,26.061301194444447],[-80.02063169444445,26.06141775],[-80.02062033333333,26.061534305555558],[-80.02060913888889,26.061650888888888],[-80.02059802777778,26.061767472222222],[-80.02058708333334,26.061884055555556],[-80.02057625,26.062000666666666],[-80.02056555555555,26.06211727777778],[-80.02055497222221,26.062233916666667],[-80.02054452777777,26.062350555555557],[-80.02053422222222,26.062467194444444],[-80.02052402777778,26.062583833333335],[-80.02051397222222,26.062700500000002],[-80.02050405555555,26.06281716666667],[-80.02049425,26.062933861111112],[-80.02048458333333,26.063050555555556],[-80.02047505555555,26.06316725],[-80.0204656388889,26.063283944444446],[-80.02045636111112,26.063400666666666],[-80.02044719444444,26.06351738888889],[-80.02043819444444,26.06363411111111],[-80.02042927777778,26.06375086111111],[-80.02042052777777,26.06386761111111],[-80.02041188888889,26.06398436111111],[-80.0204033888889,26.06410111111111],[-80.020395,26.06421788888889],[-80.02038675,26.064334666666667],[-80.02037863888889,26.064451444444444],[-80.02037066666666,26.06456825],[-80.02036280555555,26.064685055555557],[-80.02035508333333,26.06480186111111],[-80.02034747222223,26.064918666666667],[-80.02034,26.0650355],[-80.02033266666666,26.065152305555557],[-80.02032544444444,26.06526913888889],[-80.02031836111111,26.065386],[-80.02031141666667,26.065502833333333],[-80.02030458333333,26.065619694444447],[-80.02029788888889,26.065736555555556],[-80.02029133333333,26.065853416666666],[-80.02028488888888,26.06597027777778],[-80.02027858333334,26.066087166666666],[-80.02027241666667,26.06620402777778],[-80.02026636111111,26.06632091666667],[-80.02026044444445,26.066437833333335],[-80.02025463888889,26.06655472222222],[-80.02024899999999,26.06667161111111],[-80.02024347222222,26.066788527777778],[-80.02023805555555,26.066905444444444],[-80.02023277777778,26.06702236111111],[-80.02022763888888,26.067139277777777],[-80.02022263888888,26.067256222222223],[-80.02021775,26.06737313888889],[-80.020213,26.067490083333333],[-80.02020836111112,26.06760702777778],[-80.02020388888889,26.067723972222222],[-80.02019952777778,26.067840916666665],[-80.02019527777777,26.06795786111111],[-80.02019116666666,26.068074833333334],[-80.02018719444445,26.068191777777777],[-80.02018336111111,26.06830875],[-80.02017963888889,26.068425722222223],[-80.02017605555555,26.068542694444446],[-80.02017258333333,26.068659666666665],[-80.02016925,26.068776638888888],[-80.02016605555555,26.06889361111111],[-80.020163,26.069010583333334],[-80.02016005555555,26.069127583333334],[-80.02015722222222,26.069244555555557],[-80.02015455555555,26.069361555555556],[-80.020152,26.069478555555555],[-80.02014958333334,26.069595555555555],[-80.02014727777778,26.069712555555554],[-80.0201451111111,26.069829527777777],[-80.02014308333334,26.069946527777777],[-80.02014119444445,26.070063555555556],[-80.02013941666667,26.070180555555556],[-80.02013777777778,26.070297555555555],[-80.02013625,26.070414555555555],[-80.02013486111112,26.070531583333334],[-80.0201336111111,26.070648583333334],[-80.02013247222222,26.070765583333333],[-80.02013147222222,26.07088261111111],[-80.02013061111111,26.070999611111112],[-80.02012988888889,26.07111663888889],[-80.02012927777778,26.071233638888888],[-80.02012877777777,26.071350666666667],[-80.02012844444444,26.071467666666667],[-80.02012822222223,26.071584694444443],[-80.0201281388889,26.071701694444446],[-80.02012816666667,26.071818722222222],[-80.02012833333333,26.07193572222222],[-80.02012863888889,26.07205275],[-80.02012905555556,26.07216975],[-80.02012961111112,26.072286777777776],[-80.02013030555555,26.072403777777776],[-80.02013113888889,26.072520805555556],[-80.02013208333334,26.072637805555555],[-80.0201331388889,26.072754833333335],[-80.0201343611111,26.072871833333334],[-80.02013569444445,26.072988833333334],[-80.02013713888888,26.07310586111111],[-80.02013875,26.073222861111113],[-80.02014047222222,26.073339861111112],[-80.02014233333334,26.07345686111111],[-80.02014430555556,26.07357386111111],[-80.02014641666666,26.07369086111111],[-80.02014866666667,26.07380786111111],[-80.02015102777777,26.07392486111111],[-80.02015352777778,26.074041861111112],[-80.02015616666667,26.074158833333332],[-80.02015891666666,26.07427583333333],[-80.02016180555556,26.074392805555554],[-80.02016483333333,26.074509805555554],[-80.02016797222223,26.074626777777777],[-80.02017125,26.07474375],[-80.02017466666666,26.074860722222223],[-80.02017819444444,26.074977694444446],[-80.02018186111111,26.075094666666665],[-80.02018566666666,26.075211638888888],[-80.02018958333333,26.075328583333334],[-80.02019363888888,26.075445555555554],[-80.02019783333333,26.0755625],[-80.02020213888889,26.075679444444443],[-80.02020658333333,26.07579638888889],[-80.02021116666667,26.075913333333332],[-80.02021586111111,26.07603027777778],[-80.02022069444445,26.07614722222222],[-80.02022566666666,26.076264138888888],[-80.02023075,26.076381083333334],[-80.02023597222222,26.076498],[-80.02024133333333,26.076614916666667],[-80.02024680555556,26.076731805555557],[-80.02025241666666,26.076848722222223],[-80.02025813888889,26.07696561111111],[-80.02026402777777,26.077082527777776],[-80.02027,26.077199416666666],[-80.02027613888889,26.07731627777778],[-80.02028238888889,26.077433166666665],[-80.02028877777778,26.07755002777778],[-80.02029530555555,26.077666916666665],[-80.02030194444444,26.07778377777778],[-80.02030872222223,26.07790061111111],[-80.02031561111112,26.07801747222222],[-80.02032263888889,26.078134305555555],[-80.02032980555555,26.078251138888888],[-80.0203371111111,26.07836797222222],[-80.02034452777778,26.078484805555554],[-80.02035208333334,26.07860161111111],[-80.02035975,26.078718416666668],[-80.02036755555555,26.07883522222222],[-80.0203755,26.078952027777778],[-80.02038358333333,26.079068805555554],[-80.02039177777777,26.079185583333334],[-80.02040008333333,26.07930236111111],[-80.02040855555555,26.079419138888888],[-80.02041713888889,26.079535888888888],[-80.02042586111111,26.079652638888888],[-80.02043469444445,26.079769388888888],[-80.02044366666667,26.07988611111111],[-80.02045277777778,26.08000283333333],[-80.020462,26.080119555555555],[-80.0204713611111,26.08023627777778],[-80.02048086111111,26.080352972222222],[-80.02049047222222,26.080469666666666],[-80.02050022222222,26.080586333333333],[-80.02051011111111,26.080703027777776],[-80.02052011111111,26.080819694444443],[-80.02053025,26.080936333333334],[-80.0205405,26.081053],[-80.02055088888889,26.081169638888888],[-80.02056141666667,26.081286249999998],[-80.02057208333333,26.081402861111112],[-80.02058286111111,26.081519472222222],[-80.02059377777778,26.081636083333333],[-80.02060480555555,26.081752666666667],[-80.02061597222222,26.08186925],[-80.02062727777778,26.081985833333334],[-80.02063869444444,26.082102388888888],[-80.02065027777778,26.082218916666665],[-80.02066194444444,26.082335472222223],[-80.02067377777777,26.082452],[-80.02068572222223,26.0825685],[-80.02069777777778,26.082685027777778],[-80.02070997222222,26.0828015],[-80.02072230555555,26.082918],[-80.02073477777778,26.083034472222224],[-80.0207473611111,26.083150916666668],[-80.02076008333333,26.08326738888889],[-80.02077291666667,26.083383805555556],[-80.02078591666667,26.08350025],[-80.020799,26.083616666666664],[-80.02081225,26.083733055555555],[-80.0208256111111,26.083849444444443],[-80.02083911111112,26.08396583333333],[-80.02085272222222,26.084082194444445],[-80.02086647222222,26.084198555555556],[-80.02088033333334,26.084314888888887],[-80.0208943611111,26.08443122222222],[-80.0209085,26.084547527777776],[-80.02092275,26.084663833333334],[-80.02093713888888,26.08478013888889],[-80.02095166666666,26.084896416666666],[-80.02096633333333,26.085012666666664],[-80.02098111111111,26.085128916666665],[-80.020996,26.085245166666667],[-80.02101105555556,26.085361388888888],[-80.02102622222222,26.08547761111111],[-80.0210415,26.085593805555554],[-80.02105694444444,26.085709972222222],[-80.02107247222222,26.085826138888887],[-80.02108816666667,26.085942305555555],[-80.02110397222222,26.086058444444443],[-80.02111991666666,26.08617458333333],[-80.02113597222223,26.086290694444443],[-80.02115216666667,26.086406777777775],[-80.0211685,26.08652286111111],[-80.02118494444444,26.086638916666665],[-80.02120152777778,26.08675497222222],[-80.02121825,26.086871027777775],[-80.02123508333334,26.086987055555554],[-80.02125205555555,26.087103055555556],[-80.02126913888888,26.087219027777778],[-80.02128636111111,26.087335027777776],[-80.02130372222223,26.08745097222222],[-80.02132119444444,26.087566916666667],[-80.02133880555556,26.08768286111111],[-80.02135655555556,26.087798777777778],[-80.02137441666666,26.087914666666666],[-80.02139241666667,26.088030555555555]]},"properties":{"style":"solid","thickness":1}},{"type":"Feature","geometry":{"type":"LineString","coordinates":[[-80.42935688888889,26.036228750000003],[-80.41055061111112,26.037433194444446]]},"properties":{"style":"solid","thickness":1}},{"type":"Feature","geometry":{"type":"LineString","coordinates":[[-80.53506605555556,26.10998936111111],[-80.540312,26.109649333333333],[-80.536423,26.116634305555557],[-80.53575594444445,26.108244444444445]]},"properties":{"style":"solid","thickness":1}},{"type":"Feature","geometry":{"type":"LineString","coordinates":[[-80.52693519444445,26.111944194444447],[-80.52709641666667,26.113974000000002],[-80.52741261111112,26.115109694444445],[-80.52760549999999,26.115641250000003],[-80.5278626111111,26.11603266666667],[-80.52882647222222,26.11678636111111],[-80.52975272222223,26.117066416666667],[-80.5300525,26.117047],[-80.53092497222222,26.116650472222222],[-80.53168486111112,26.11578513888889],[-80.53195238888888,26.11535975],[-80.53205927777778,26.114808777777778],[-80.53219269444445,26.113643972222224],[-80.53203136111111,26.11161416666667],[-80.53171513888888,26.110478500000003],[-80.53152222222222,26.10994691666667],[-80.53119019444445,26.10956036111111],[-80.53030133333333,26.108801833333334],[-80.5293751388889,26.108521777777778],[-80.52907536111111,26.108541194444445],[-80.52820294444444,26.108937722222223],[-80.52736813888889,26.10980788888889],[-80.52717555555556,26.11022841666667],[-80.52706866666666,26.11077938888889],[-80.52693519444445,26.111944194444447]]},"properties":{"style":"solid","thickness":1}},{"type":"Feature","geometry":{"type":"LineString","coordinates":[[-80.53846899999999,26.09891936111111],[-80.53843708333333,26.099465555555554],[-80.5383141111111,26.099813583333333],[-80.53783794444445,26.100456583333333],[-80.53740983333333,26.10075638888889],[-80.53698169444445,26.101056194444446],[-80.53631797222222,26.101235222222222],[-80.53594327777778,26.1012595],[-80.53510816666666,26.101177611111112],[-80.53439602777777,26.100747666666667],[-80.53390875,26.10030313888889],[-80.53380152777778,26.099902],[-80.53369397222222,26.098548722222223],[-80.53396147222222,26.098123305555553],[-80.53444838888889,26.097615638888886],[-80.53507983333333,26.09703063888889],[-80.53560438888888,26.09699663888889]]},"properties":{"style":"solid","thickness":1}},{"type":"Feature","geometry":{"type":"LineString","coordinates":[[-80.53507983333333,26.09703063888889],[-80.53414291666667,26.09661525],[-80.53382163888888,26.096363999999998],[-80.53340930555555,26.09591463888889],[-80.53331822222222,26.095716499999998],[-80.53319488888889,26.09511236111111],[-80.53317877777778,26.09490936111111],[-80.53321069444445,26.094363194444444],[-80.53332830555556,26.0939475],[-80.53366533333333,26.093449555555555],[-80.53408805555556,26.09308211111111],[-80.53480516666666,26.092627555555556],[-80.53652869444444,26.09251586111111],[-80.53706938888888,26.092684833333333],[-80.53793672222223,26.09317272222222],[-80.53809736111111,26.093298333333333],[-80.53837597222223,26.093960416666665],[-80.5383975,26.094231083333334]]},"properties":{"style":"solid","thickness":1}},{"type":"Feature","geometry":{"type":"LineString","coordinates":[[-80.52509647222222,26.096521027777776],[-80.52525766666666,26.098551],[-80.52557383333333,26.09968675],[-80.52576669444444,26.100218361111114],[-80.52602375,26.100609805555557],[-80.52698755555555,26.101363555555558],[-80.52791372222222,26.10164363888889],[-80.52821349999999,26.10162425],[-80.52908591666666,26.101227666666666],[-80.52984577777778,26.100362305555556],[-80.53011327777777,26.099936888888887],[-80.53022016666667,26.09938586111111],[-80.53035358333334,26.098221],[-80.53019233333333,26.096191055555554],[-80.52987611111111,26.095055305555555],[-80.52968325,26.094523694444444],[-80.52935125,26.09413711111111],[-80.52846244444444,26.093378527777777],[-80.52753630555556,26.093098444444443],[-80.52723655555556,26.09311783333333],[-80.52636419444444,26.093514388888888],[-80.52552941666667,26.09438461111111],[-80.52533683333333,26.094805138888887],[-80.52522994444445,26.095356166666665],[-80.52509647222222,26.096521027777776]]},"properties":{"style":"solid","thickness":1}},{"type":"Feature","geometry":{"type":"LineString","coordinates":[[-80.40281669444445,26.106185111111113],[-80.40806286111112,26.105849861111114],[-80.40416619444446,26.112831333333336],[-80.4035085,26.10444080555556]]},"properties":{"style":"solid","thickness":1}},{"type":"Feature","geometry":{"type":"LineString","coordinates":[[-80.39468388888889,26.108132555555557],[-80.39484286111112,26.110162527777778],[-80.39515777777778,26.1112985],[-80.39535008333334,26.11183025],[-80.39560672222223,26.11222191666667],[-80.39656972222222,26.112976472222222],[-80.3974956388889,26.11325738888889],[-80.39779544444445,26.113238250000002],[-80.39866833333333,26.112842472222223],[-80.39942916666668,26.111977833333334],[-80.3996971388889,26.111552694444445],[-80.3998046388889,26.111001805555556],[-80.39993933333334,26.10983713888889],[-80.39978030555557,26.107807166666667],[-80.39946533333334,26.106671222222225],[-80.39927302777778,26.106139444444445],[-80.39894144444445,26.10575261111111],[-80.39805341666667,26.10499327777778],[-80.39712758333334,26.104712361111112],[-80.39682780555556,26.1047315],[-80.39595494444445,26.105127250000002],[-80.39511919444445,26.10599666666667],[-80.39492616666668,26.106417],[-80.39481863888889,26.10696788888889],[-80.39468388888889,26.108132555555557]]},"properties":{"style":"solid","thickness":1}},{"type":"Feature","geometry":{"type":"LineString","coordinates":[[-80.40488680555556,26.097176388888887],[-80.40376263888889,26.09724822222222],[-80.40310500000001,26.088857166666667]]},"properties":{"style":"solid","thickness":1}},{"type":"Feature","geometry":{"type":"LineString","coordinates":[[-80.39484947222223,26.097885527777777],[-80.39829694444445,26.09766538888889],[-80.39891002777779,26.093953777777777],[-80.39825675,26.094267527777777],[-80.39768372222223,26.094644166666665],[-80.39633472222224,26.094730305555554],[-80.3956496388889,26.094638027777776],[-80.39494336111112,26.094275083333333],[-80.39411975,26.093375527777777],[-80.39390627777779,26.092573055555555],[-80.39382680555556,26.091558],[-80.39421819444445,26.090784916666667],[-80.39468450000001,26.090007055555553],[-80.39489341666668,26.089789694444445],[-80.39531655555557,26.089422638888887],[-80.39605536111112,26.089239444444445],[-80.39687972222222,26.089186805555553],[-80.39748983333334,26.08928386111111],[-80.39826041666667,26.08950669444444],[-80.39897730555556,26.09000497222222],[-80.3990681388889,26.09020319444444]]},"properties":{"style":"solid","thickness":1}},{"type":"Feature","geometry":{"type":"LineString","coordinates":[[-80.31688747222222,26.11235416666667],[-80.32213416666666,26.112022000000003],[-80.31823225,26.119001166666667],[-80.31758058333332,26.11061027777778]]},"properties":{"style":"solid","thickness":1}},{"type":"Feature","geometry":{"type":"LineString","coordinates":[[-80.30875283333333,26.114296833333334],[-80.3089103611111,26.11632688888889],[-80.30922447222223,26.117463055555557],[-80.30941638888889,26.117994916666667],[-80.30967277777778,26.118386722222223],[-80.31063527777778,26.11914186111111],[-80.31156102777777,26.119423305555557],[-80.31186086111111,26.119404333333335],[-80.31273408333332,26.119009083333335],[-80.31349558333334,26.11814491666667],[-80.31376388888889,26.117719916666665],[-80.31387177777778,26.117169083333334],[-80.31400733333334,26.116004500000003],[-80.31384975,26.113974444444445],[-80.31353558333333,26.112838305555556],[-80.31334366666667,26.11230641666667],[-80.31301233333333,26.11191938888889],[-80.31212480555556,26.11115952777778],[-80.31119913888888,26.110878083333336],[-80.31089933333332,26.110897027777778],[-80.31002613888889,26.11129227777778],[-80.30918972222221,26.112161166666667],[-80.30899636111111,26.112581416666668],[-80.30888844444443,26.113132250000003],[-80.30875283333333,26.114296833333334]]},"properties":{"style":"solid","thickness":1}},{"type":"Feature","geometry":{"type":"LineString","coordinates":[[-80.31862691666666,26.10336802777778],[-80.31750263888888,26.103439222222224],[-80.31685105555555,26.09504775]]},"properties":{"style":"solid","thickness":1}},{"type":"Feature","geometry":{"type":"LineString","coordinates":[[-80.31350672222221,26.101447916666668],[-80.31353825,26.101853972222223],[-80.3134251111111,26.10233716666667],[-80.31317258333333,26.102965194444447],[-80.31290427777778,26.103390194444447],[-80.31247558333332,26.103689333333335],[-80.31188647222221,26.10386261111111],[-80.31076216666666,26.103933750000003],[-80.30992719444444,26.103850555555557],[-80.30953666666666,26.103671222222225],[-80.30897525,26.103230694444445],[-80.30879911111111,26.102901805555558],[-80.30860719444445,26.102369916666667],[-80.30852319444445,26.10128713888889],[-80.30864161111111,26.100871611111113],[-80.30920591666667,26.099407805555554],[-80.31003180555555,26.0984035],[-80.31135605555555,26.09702763888889],[-80.31294858333332,26.09522675],[-80.30822688888888,26.095525416666664]]},"properties":{"style":"solid","thickness":1}},{"type":"Feature","geometry":{"type":"LineString","coordinates":[[-80.15582041666667,26.106283],[-80.16106727777779,26.10595661111111],[-80.15715611111112,26.112931472222222],[-80.15651583333334,26.104539861111114]]},"properties":{"style":"solid","thickness":1}},{"type":"Feature","geometry":{"type":"LineString","coordinates":[[-80.14768358333335,26.108216666666667],[-80.14783833333334,26.110246916666668],[-80.14815088888889,26.11138338888889],[-80.14834208333335,26.111915472222222],[-80.14859791666667,26.112307555555557],[-80.14955933333334,26.113063750000002],[-80.15048466666667,26.113346222222223],[-80.1507845,26.113327611111114],[-80.15165822222222,26.112933305555558],[-80.15242083333334,26.112069972222223],[-80.15268972222223,26.11164527777778],[-80.15279833333334,26.111094583333333],[-80.15293547222223,26.109930138888892],[-80.1527806388889,26.10789988888889],[-80.15246802777779,26.106763416666666],[-80.15227683333335,26.106231333333334],[-80.15194605555556,26.105843916666668],[-80.1510596388889,26.105083083333334],[-80.15013436111111,26.104800611111113],[-80.14983455555556,26.104819250000002],[-80.1489608888889,26.1052135],[-80.14812333333334,26.106081500000002],[-80.1479293888889,26.10650152777778],[-80.14782075000001,26.107052222222222],[-80.14768358333335,26.108216666666667]]},"properties":{"style":"solid","thickness":1}},{"type":"Feature","geometry":{"type":"LineString","coordinates":[[-80.15961386111111,26.09642375],[-80.16034008333334,26.097058555555556],[-80.16049516666668,26.097116916666664],[-80.16147988888889,26.097191638888887],[-80.16229405555556,26.09700497222222],[-80.16272311111112,26.096706277777777],[-80.16314702777778,26.09633988888889],[-80.16347527777778,26.095707444444443],[-80.16335644444445,26.09415086111111],[-80.16286022222222,26.09356972222222],[-80.16253975000001,26.093317666666664],[-80.16138447222222,26.092981583333334],[-80.16008447222222,26.09272247222222],[-80.15915408333333,26.09237236111111],[-80.15882327777778,26.091984944444444],[-80.15860108333334,26.091046777777777],[-80.15868386111111,26.09015761111111],[-80.15901727777778,26.08959286111111],[-80.1593713888889,26.08929883333333],[-80.15965569444445,26.089077166666666],[-80.16001494444446,26.088850805555555],[-80.1608238888889,26.08859647222222],[-80.16127358333334,26.08856847222222],[-80.16173361111112,26.088675833333333],[-80.16235386111111,26.08890925],[-80.16274927777778,26.089156638888888],[-80.16331525000001,26.089665416666666]]},"properties":{"style":"solid","thickness":1}},{"type":"Feature","geometry":{"type":"LineString","coordinates":[[-80.15560286111112,26.093205277777777],[-80.15133058333333,26.093470916666664]]},"properties":{"style":"solid","thickness":1}},{"type":"Feature","geometry":{"type":"LineString","coordinates":[[-80.15143597222223,26.09781633333333],[-80.15593327777778,26.097536694444443],[-80.15527763888889,26.088941499999997]]},"properties":{"style":"solid","thickness":1}},{"type":"Feature","geometry":{"type":"LineString","coordinates":[[-80.14233544444446,26.097973749999998],[-80.14280577777778,26.098216527777776],[-80.14334077777778,26.098319305555556],[-80.14513972222223,26.09820758333333],[-80.14580400000001,26.098030305555554],[-80.14602372222222,26.097948666666664],[-80.1471016388889,26.097269694444442],[-80.14772463888889,26.096550999999998],[-80.14789791666668,26.09586022222222],[-80.14832975,26.094609416666664],[-80.14821111111112,26.09305277777778],[-80.14800447222223,26.092317638888886],[-80.14773319444446,26.0917225],[-80.14738180555557,26.091064333333332],[-80.14657558333334,26.09036644444444],[-80.14509994444445,26.08977811111111],[-80.14411013888889,26.08963561111111],[-80.14328566666667,26.089686805555555],[-80.14225183333333,26.089955027777776],[-80.14189255555556,26.090181333333334],[-80.14160305555556,26.090335305555556]]},"properties":{"style":"solid","thickness":1}},{"type":"Feature","geometry":{"type":"LineString","coordinates":[[-80.05762972222222,26.20695813888889],[-80.06288130555555,26.20663533333333],[-80.05896102777777,26.21360736111111],[-80.05832719444444,26.205215527777778]]},"properties":{"style":"solid","thickness":1}},{"type":"Feature","geometry":{"type":"LineString","coordinates":[[-80.04948441666666,26.20888625],[-80.04963761111111,26.210916555555556],[-80.0499495,26.21205322222222],[-80.05014038888889,26.212585416666666],[-80.05039611111111,26.212977666666667],[-80.05135775,26.2137345],[-80.05228361111111,26.214017583333334],[-80.05258372222222,26.213999138888887],[-80.05345849999999,26.21360547222222],[-80.0542225,26.212742666666667],[-80.05449194444444,26.212318166666666],[-80.05460111111111,26.211767555555554],[-80.05473933333333,26.210603222222222],[-80.05458605555555,26.208572944444445],[-80.05427413888889,26.207436277777777],[-80.05408322222222,26.20690408333333],[-80.05375247222221,26.206516472222223],[-80.05286591666666,26.205755027777776],[-80.05194011111111,26.205471944444444],[-80.05164002777778,26.205490388888887],[-80.05076530555556,26.205884055555554],[-80.04992630555556,26.206751444444443],[-80.04973186111111,26.20717133333333],[-80.04962266666666,26.207721944444444],[-80.04948441666666,26.20888625]]},"properties":{"style":"solid","thickness":1}},{"type":"Feature","geometry":{"type":"LineString","coordinates":[[-80.0615096388889,26.195601222222223],[-80.06154033333333,26.196007305555558],[-80.06142608333333,26.196490305555557],[-80.061172,26.19711786111111],[-80.06090258333333,26.197542416666668],[-80.06047291666667,26.197840805555554],[-80.05988297222223,26.198013055555556],[-80.05875763888889,26.198082222222222],[-80.05792216666666,26.197997583333333],[-80.05753172222222,26.197817611111113],[-80.05697080555555,26.19737611111111],[-80.05679522222222,26.197046944444445],[-80.05660427777778,26.196514722222222],[-80.05652252777777,26.195431833333334],[-80.05664191666666,26.195016527777778],[-80.05720977777777,26.19355375],[-80.05803844444443,26.19255088888889],[-80.05936666666666,26.191177333333332],[-80.06096425,26.18937925],[-80.05623822222222,26.18966975]]},"properties":{"style":"solid","thickness":1}},{"type":"Feature","geometry":{"type":"LineString","coordinates":[[-80.04862963888888,26.19870441666667],[-80.05208066666667,26.198492472222224],[-80.05270511111111,26.194782444444446],[-80.05205036111111,26.19509463888889],[-80.05147572222222,26.19546988888889],[-80.05012536111111,26.195552833333334],[-80.04943994444444,26.195458916666666],[-80.04873413888889,26.195094305555557],[-80.04791247222222,26.194192833333332],[-80.04770116666667,26.19338986111111],[-80.04762458333333,26.192374666666666],[-80.04801855555556,26.19160252777778],[-80.0484875,26.190825805555555],[-80.04869725,26.190608944444445],[-80.04912183333333,26.19024288888889],[-80.04986177777778,26.190061472222222],[-80.05068697222222,26.190010805555556],[-80.05129733333332,26.190109305555556],[-80.05206791666666,26.190333944444443],[-80.05278394444444,26.190833916666666],[-80.05287427777778,26.191032361111112]]},"properties":{"style":"solid","thickness":1}},{"type":"Feature","geometry":{"type":"LineString","coordinates":[[-79.9553375,26.098804583333333],[-79.96058458333333,26.098485416666666],[-79.95666188888889,26.105454861111113],[-79.95603583333333,26.097062416666667]]},"properties":{"style":"solid","thickness":1}},{"type":"Feature","geometry":{"type":"LineString","coordinates":[[-79.947198,26.100727055555556],[-79.94734930555556,26.102757500000003],[-79.94765994444445,26.10389441666667],[-79.94785022222223,26.10442677777778],[-79.94810536111112,26.104819194444445],[-79.94906544444444,26.105576694444444],[-79.94999022222223,26.105860444444446],[-79.95029008333334,26.105842222222222],[-79.9511643888889,26.105449166666666],[-79.95192844444445,26.104586861111112],[-79.95219800000001,26.104162555555558],[-79.95230755555556,26.103612000000002],[-79.95244663888889,26.102447750000003],[-79.95229525,26.100417305555556],[-79.95198458333334,26.09928038888889],[-79.95179427777778,26.098748055555554],[-79.95146416666667,26.098360194444442],[-79.95057908333334,26.097598138888888],[-79.94965436111112,26.097314388888886],[-79.94935455555556,26.09733261111111],[-79.94848027777778,26.097725694444442],[-79.94764130555556,26.0985925],[-79.94744669444445,26.099012249999998],[-79.9473371388889,26.099562833333334],[-79.947198,26.100727055555556]]},"properties":{"style":"solid","thickness":1}},{"type":"Feature","geometry":{"type":"LineString","coordinates":[[-79.95710408333333,26.089822833333333],[-79.95597972222222,26.08989122222222],[-79.95535372222223,26.081498222222223]]},"properties":{"style":"solid","thickness":1}},{"type":"Feature","geometry":{"type":"LineString","coordinates":[[-79.95199036111111,26.087890055555555],[-79.9520206388889,26.088296166666666],[-79.95190605555555,26.088779083333332],[-79.95165163888889,26.089406472222223],[-79.95138208333334,26.089830805555554],[-79.95095252777779,26.090128888888888],[-79.95036294444445,26.090300694444444],[-79.94923858333334,26.090369027777776],[-79.94840397222222,26.090283777777778],[-79.94801405555556,26.090103499999998],[-79.94745402777778,26.08966158333333],[-79.94727888888889,26.08933225],[-79.94708863888889,26.08879988888889],[-79.94700794444445,26.087716916666665],[-79.94712758333334,26.08730169444444],[-79.94769627777778,26.085839305555556],[-79.94852511111111,26.084837027777777],[-79.9498533888889,26.083464444444445],[-79.95145119444445,26.08166752777778],[-79.94672919444444,26.0819545]]},"properties":{"style":"solid","thickness":1}},{"type":"Feature","geometry":{"type":"LineString","coordinates":[[-79.74297769444445,26.1390655],[-79.74822705555556,26.138754],[-79.74429061111111,26.145717555555557],[-79.74367938888889,26.13732438888889]]},"properties":{"style":"solid","thickness":1}},{"type":"Feature","geometry":{"type":"LineString","coordinates":[[-79.73483208333333,26.140976055555555],[-79.73497980555555,26.143006666666665],[-79.73528852777778,26.144144],[-79.7354778888889,26.144676611111112],[-79.73573244444445,26.145069416666665],[-79.73669147222222,26.145828305555554],[-79.73761605555556,26.14611338888889],[-79.73791602777779,26.14609561111111],[-79.73879133333334,26.145703833333332],[-79.73955716666667,26.144842666666666],[-79.73982758333334,26.14441875],[-79.73993813888889,26.14386836111111],[-79.74007936111111,26.14270436111111],[-79.73993155555556,26.14067375],[-79.73962283333333,26.13953638888889],[-79.73943341666667,26.139003805555554],[-79.73910391666666,26.13861547222222],[-79.73821988888889,26.13785213888889],[-79.7372953888889,26.137567055555554],[-79.73699541666667,26.13758483333333],[-79.73612016666667,26.13797661111111],[-79.73527936111111,26.138842194444443],[-79.73508394444444,26.13926163888889],[-79.73497336111112,26.139812027777776],[-79.73483208333333,26.140976055555555]]},"properties":{"style":"solid","thickness":1}},{"type":"Feature","geometry":{"type":"LineString","coordinates":[[-79.74645519444445,26.128014444444446],[-79.7464196388889,26.128560416666666],[-79.74629430555555,26.12890777777778],[-79.74581375,26.12954813888889],[-79.74538355555556,26.12984561111111],[-79.74495333333333,26.130143083333333],[-79.74428827777778,26.130318527777778],[-79.74391333333334,26.130340750000002],[-79.74307858333333,26.130254333333333],[-79.74236916666666,26.129820527777778],[-79.74188475,26.12937338888889],[-79.74178019444444,26.12897166666667],[-79.74168161111112,26.127617861111112],[-79.741952,26.127193916666666],[-79.74244241666666,26.126688916666666],[-79.74307788888889,26.12610736111111],[-79.74360280555555,26.126076222222224]]},"properties":{"style":"solid","thickness":1}},{"type":"Feature","geometry":{"type":"LineString","coordinates":[[-79.74307788888889,26.12610736111111],[-79.74214355555556,26.12568688888889],[-79.74182388888889,26.125433916666665],[-79.74141444444444,26.124982333333335],[-79.74132469444444,26.124783694444446],[-79.74120536111111,26.124178944444445],[-79.74119055555556,26.123975861111113],[-79.74122613888889,26.12342988888889],[-79.74134652777778,26.123014833333333],[-79.74168697222223,26.12251875],[-79.74211225,26.122153611111113],[-79.74283252777778,26.121702972222224],[-79.74455716666667,26.12160063888889],[-79.74509683333333,26.121772555555555],[-79.74596111111111,26.12226513888889],[-79.74612094444444,26.122391611111112],[-79.74639519444445,26.123055166666667],[-79.74641491666667,26.123325944444446]]},"properties":{"style":"solid","thickness":1}},{"type":"Feature","geometry":{"type":"LineString","coordinates":[[-79.73309583333334,26.12554352777778],[-79.73324352777777,26.12757427777778],[-79.73355219444444,26.128711722222224],[-79.73374155555555,26.129244361111112],[-79.73399605555555,26.12963716666667],[-79.73495502777777,26.13039613888889],[-79.73587952777778,26.130681250000002],[-79.7361795,26.130663472222224],[-79.73705475,26.130271666666665],[-79.73782052777779,26.129410472222222],[-79.73809094444445,26.12898652777778],[-79.7382015,26.12843611111111],[-79.73834272222223,26.127272],[-79.73819494444444,26.125241250000002],[-79.73788625,26.124103833333333],[-79.73769688888889,26.123571194444445],[-79.73736738888888,26.123182833333335],[-79.73648344444445,26.122419444444446],[-79.735559,26.122134333333335],[-79.73525905555556,26.122152111111113],[-79.73438386111111,26.122543916666668],[-79.73354311111112,26.123409555555558],[-79.73334769444445,26.123829027777777],[-79.73323711111111,26.124379444444443],[-79.73309583333334,26.12554352777778]]},"properties":{"style":"solid","thickness":1}},{"type":"Feature","geometry":{"type":"LineString","coordinates":[[-80.29439688888888,25.79790280555556],[-80.29328525,25.79689652777778]]},"properties":{"style":"solid","thickness":1}},{"type":"Feature","geometry":{"type":"LineString","coordinates":[[-80.2942423611111,25.79828188888889],[-80.2928665,25.79703638888889]]},"properties":{"style":"solid","thickness":1}},{"type":"Feature","geometry":{"type":"LineString","coordinates":[[-80.29395572222222,25.79854138888889],[-80.29257986111111,25.797295861111113]]},"properties":{"style":"solid","thickness":1}},{"type":"Feature","geometry":{"type":"LineString","coordinates":[[-80.29353697222221,25.79868125],[-80.29242533333333,25.797674944444445]]},"properties":{"style":"solid","thickness":1}},{"type":"Feature","geometry":{"type":"LineString","coordinates":[[-80.29266583333333,25.79846352777778],[-80.29281088888888,25.798573166666667],[-80.29297522222222,25.798657583333334],[-80.29315358333334,25.798714055555557],[-80.29334019444444,25.798740833333333],[-80.29352911111111,25.798736972222223],[-80.29371422222222,25.798702666666667],[-80.29388958333332,25.798639],[-80.29404958333333,25.798548],[-80.29418905555555,25.798432583333334],[-80.29430352777777,25.798296500000003],[-80.29438930555555,25.798144083333334],[-80.2944436388889,25.79798027777778],[-80.29446480555555,25.797810305555558],[-80.29445208333333,25.797639638888892],[-80.29440591666666,25.79747377777778],[-80.29432777777778,25.79731802777778],[-80.29422016666666,25.797177416666667],[-80.29408655555555,25.797056472222224],[-80.29393125,25.796959055555558],[-80.29375919444445,25.796888333333335],[-80.29357597222221,25.79684652777778],[-80.29338744444445,25.796835027777778],[-80.29319969444444,25.796854194444446],[-80.29301872222221,25.796903361111113],[-80.2928503611111,25.79698102777778],[-80.29270002777777,25.79708463888889],[-80.29257255555555,25.79721088888889],[-80.29247202777778,25.797355722222225],[-80.29240169444444,25.797514500000002],[-80.29236377777778,25.79768205555556],[-80.29235952777778,25.797853055555557],[-80.29238908333333,25.798022000000003],[-80.2924515,25.798183472222224],[-80.29254475,25.798332222222225],[-80.29266583333333,25.79846352777778]]},"properties":{"style":"solid","thickness":1}},{"type":"Feature","geometry":{"type":"LineString","coordinates":[[-80.42243205555556,26.042649722222222],[-80.4276753888889,26.04231375],[-80.42378191666667,26.049295833333336],[-80.42312319444444,26.040905277777778]]},"properties":{"style":"solid","thickness":1}},{"type":"Feature","geometry":{"type":"LineString","coordinates":[[-80.41430391666667,26.04459827777778],[-80.41446313888889,26.04662825],[-80.41477808333335,26.047764194444447],[-80.41497036111112,26.048295944444448],[-80.41522694444446,26.048687555555556],[-80.41618952777779,26.049442000000003],[-80.41711500000001,26.04972277777778],[-80.4174146388889,26.049703611111113],[-80.418287,26.049307722222224],[-80.41904727777778,26.048442972222222],[-80.41931505555556,26.048017805555556],[-80.41942238888889,26.04746686111111],[-80.41955683333333,26.046302166666667],[-80.41939755555556,26.044272194444446],[-80.41908255555556,26.043136250000003],[-80.41889027777778,26.04260452777778],[-80.41855880555556,26.042217722222222],[-80.41767113888889,26.041458472222224],[-80.41674575,26.041177694444446],[-80.41644611111111,26.04119688888889],[-80.41557380555557,26.041592750000003],[-80.41473863888889,26.04246227777778],[-80.41454577777779,26.042882666666667],[-80.41443841666667,26.043433583333336],[-80.41430391666667,26.04459827777778]]},"properties":{"style":"solid","thickness":1}},{"type":"Feature","geometry":{"type":"LineString","coordinates":[[-80.42627172222222,26.031282666666666],[-80.42630361111111,26.031688694444444],[-80.426191,26.032171972222223],[-80.42593922222223,26.03280022222222],[-80.42567147222222,26.033225444444444],[-80.42524330555555,26.033524916666668],[-80.42465469444446,26.03369866666667],[-80.42353113888889,26.03377063888889],[-80.42269658333333,26.033688083333335],[-80.4223061388889,26.033509083333335],[-80.42174461111112,26.03306897222222],[-80.42156825,26.03274022222222],[-80.42137597222222,26.032208444444443],[-80.42129100000001,26.03112572222222],[-80.42140894444445,26.03071011111111],[-80.42197152777779,26.02924586111111],[-80.42279597222223,26.028240888888888],[-80.4241181388889,26.02686397222222],[-80.425708,26.025061833333332],[-80.4209893888889,26.025364166666666]]},"properties":{"style":"solid","thickness":1}},{"type":"Feature","geometry":{"type":"LineString","coordinates":[[-80.41453733333334,26.034278583333336],[-80.41550636111111,26.033196416666666],[-80.41633091666667,26.03219147222222],[-80.41701094444444,26.031263805555554],[-80.41741788888889,26.030693666666664],[-80.41773930555556,26.029992999999997],[-80.41783602777778,26.029306694444443],[-80.41786313888889,26.02869286111111],[-80.41776758333334,26.027474805555556],[-80.41750572222223,26.027015499999997],[-80.41717427777779,26.026628666666667],[-80.41683752777779,26.026174138888887],[-80.41522216666667,26.02573347222222],[-80.41432338888889,26.025791027777778],[-80.41338683333333,26.02632702777778],[-80.41324763888889,26.02647197222222],[-80.41269088888889,26.027051694444445],[-80.41262661111112,26.027191805555553],[-80.41240127777779,26.028158388888887],[-80.41245433333334,26.028835083333334],[-80.41264127777778,26.029299194444445],[-80.41282291666667,26.02969563888889],[-80.41315966666667,26.03015013888889],[-80.41379602777778,26.0305855],[-80.41441647222223,26.030817805555554],[-80.41479630555556,26.0308615],[-80.41532061111111,26.030827944444443],[-80.41568980555556,26.030736305555553],[-80.41692069444444,26.030113416666666],[-80.41784133333334,26.02937436111111]]},"properties":{"style":"solid","thickness":1}}]}
