{"type":"FeatureCollection","features":[{"type":"Feature","geometry":{"type":"LineString","coordinates":[[-80.10328705555555,25.91451108333333],[-80.10522172222221,25.901383416666665]]},"properties":{"style":"solid","thickness":1}},{"type":"Feature","geometry":{"type":"LineString","coordinates":[[-79.55812227777777,26.535934583333336],[-79.71634127777779,26.4618]]},"properties":{"style":"solid","thickness":1}},{"type":"Feature","geometry":{"type":"LineString","coordinates":[[-80.29834369444444,25.8793725],[-80.40998727777779,25.933731416666667]]},"properties":{"style":"solid","thickness":1}},{"type":"Feature","geometry":{"type":"LineString","coordinates":[[-80.20165505555556,25.87825697222222],[-80.28106758333334,25.875723583333333]]},"properties":{"style":"solid","thickness":1}},{"type":"Feature","geometry":{"type":"LineString","coordinates":[[-80.16470841666667,25.87911366666667],[-80.18328055555556,25.878735305555555]]},"properties":{"style":"solid","thickness":1}},{"type":"Feature","geometry":{"type":"LineString","coordinates":[[-80.10891124999999,25.917195500000002],[-80.14868475,25.8848595]]},"properties":{"style":"solid","thickness":1}},{"type":"Feature","geometry":{"type":"LineString","coordinates":[[-80.06642016666666,26.061401],[-80.09999202777777,25.93085177777778]]},"properties":{"style":"solid","thickness":1}},{"type":"Feature","geometry":{"type":"LineString","coordinates":[[-80.03329258333333,26.20375186111111],[-80.06046144444444,26.084809888888888]]},"properties":{"style":"solid","thickness":1}},{"type":"Feature","geometry":{"type":"LineString","coordinates":[[-80.07250955555556,26.452895138888888],[-80.06210266666666,26.403807916666665]]},"properties":{"style":"solid","thickness":1}},{"type":"Feature","geometry":{"type":"LineString","coordinates":[[-80.137072,26.70367758333333],[-80.11088522222222,26.607356444444445]]},"properties":{"style":"solid","thickness":1}},{"type":"Feature","geometry":{"type":"LineString","coordinates":[[-80.1066676111111,26.591168999999997],[-80.07626127777777,26.469173416666663]]},"properties":{"style":"solid","thickness":1}},{"type":"Feature","geometry":{"type":"LineString","coordinates":[[-79.73134636111111,26.452342694444443],[-79.80684305555555,26.39014322222222]]},"properties":{"style":"solid","thickness":1}},{"type":"Feature","geometry":{"type":"LineString","coordinates":[[-80.42728047222222,25.937524027777776],[-80.46420852777779,25.93693213888889]]},"properties":{"style":"solid","thickness":1}},{"type":"Feature","geometry":{"type":"LineString","coordinates":[[-79.66856091666668,26.61784025],[-79.7217161111111,26.465873527777777]]},"properties":{"style":"solid","thickness":1}},{"type":"Feature","geometry":{"type":"LineString","coordinates":[[-80.43330975,25.954695527777776],[-80.40768591666668,25.95628961111111]]},"properties":{"style":"solid","thickness":1}},{"type":"Feature","geometry":{"type":"LineString","coordinates":[[-80.43263433333334,25.945834444444444],[-80.4070123888889,25.947428416666668]]},"properties":{"style":"solid","thickness":1}},{"type":"Feature","geometry":{"type":"LineString","coordinates":[[-80.28575736111111,25.884439027777777],[-80.26014661111111,25.88600727777778]]},"properties":{"style":"solid","thickness":1}},{"type":"Feature","geometry":{"type":"LineString","coordinates":[[-80.21477300000001,25.887278277777778],[-80.18916072222223,25.888834055555556]]},"properties":{"style":"solid","thickness":1}},{"type":"Feature","geometry":{"type":"LineString","coordinates":[[-80.15323016666667,26.58525622222222],[-80.12433630555554,26.58698786111111]]},"properties":{"style":"solid","thickness":1}},{"type":"Feature","geometry":{"type":"LineString","coordinates":[[-80.12105172222222,26.452060083333333],[-80.09283608333332,26.453746944444443]]},"properties":{"style":"solid","thickness":1}},{"type":"Feature","geometry":{"type":"LineString","coordinates":[[-79.70668969444445,26.62551486111111],[-79.67788027777779,26.62715177777778]]},"properties":{"style":"solid","thickness":1}},{"type":"Feature","geometry":{"type":"LineString","coordinates":[[-79.71125891666667,26.443601694444446],[-79.68246119444444,26.44524188888889]]},"properties":{"style":"solid","thickness":1}},{"type":"Feature","geometry":{"type":"LineString","coordinates":[[-79.566659,26.558069972222224],[-79.54007544444444,26.559555916666667]]},"properties":{"style":"solid","thickness":1}},{"type":"Feature","geometry":{"type":"LineString","coordinates":[[-80.21183169444444,26.705162333333334],[-80.18299280555556,26.7069005]]},"properties":{"style":"solid","thickness":1}},{"type":"Feature","geometry":{"type":"LineString","coordinates":[[-80.17835358333333,26.7160415],[-80.15285713888889,26.717572444444443]]},"properties":{"style":"solid","thickness":1}},{"type":"Feature","geometry":{"type":"LineString","coordinates":[[-80.17769583333333,26.70721911111111],[-80.15220127777778,26.708749944444445]]},"properties":{"style":"solid","thickness":1}},{"type":"Feature","geometry":{"type":"LineString","coordinates":[[-80.13727041666667,26.384178305555555],[-80.10907125,26.385868388888888]]},"properties":{"style":"solid","thickness":1}},{"type":"Feature","geometry":{"type":"LineString","coordinates":[[-80.11863719444443,26.31009688888889],[-80.09357708333333,26.31159688888889]]},"properties":{"style":"solid","thickness":1}},{"type":"Feature","geometry":{"type":"LineString","coordinates":[[-80.0867561111111,26.320866944444443],[-80.06134411111111,26.32238222222222]]},"properties":{"style":"solid","thickness":1}},{"type":"Feature","geometry":{"type":"LineString","coordinates":[[-80.08610733333333,26.31204313888889],[-80.06069722222222,26.313558333333333]]},"properties":{"style":"solid","thickness":1}},{"type":"Feature","geometry":{"type":"LineString","coordinates":[[-79.89994172222222,26.30509236111111],[-79.87119658333333,26.306769250000002]]},"properties":{"style":"solid","thickness":1}},{"type":"Feature","geometry":{"type":"LineString","coordinates":[[-79.86654913888889,26.315901333333333],[-79.84113563888889,26.317378166666668]]},"properties":{"style":"solid","thickness":1}},{"type":"Feature","geometry":{"type":"LineString","coordinates":[[-79.86591683333333,26.30707663888889],[-79.84050522222222,26.308553361111112]]},"properties":{"style":"solid","thickness":1}},{"type":"Feature","geometry":{"type":"LineString","coordinates":[[-80.05165702777778,26.048315944444447],[-80.02711258333333,26.04977730555556]]},"properties":{"style":"solid","thickness":1}},{"type":"Feature","geometry":{"type":"LineString","coordinates":[[-80.20338755555557,25.714610416666666],[-80.17845344444444,25.716125416666667]]},"properties":{"style":"solid","thickness":1}},{"type":"Feature","geometry":{"type":"LineString","coordinates":[[-80.10633402777778,25.91538536111111],[-80.21195175,25.732468138888887]]},"properties":{"style":"solid","thickness":1}},{"type":"Feature","geometry":{"type":"LineString","coordinates":[[-80.45029277777778,25.68210966666667],[-80.42472741666667,25.683706722222222]]},"properties":{"style":"solid","thickness":1}},{"type":"Feature","geometry":{"type":"LineString","coordinates":[[-80.44962427777779,25.673334444444446],[-80.42406077777778,25.674931361111113]]},"properties":{"style":"solid","thickness":1}},{"type":"Feature","geometry":{"type":"LineString","coordinates":[[-80.29298613888889,25.679592305555555],[-80.26741919444444,25.68116188888889]]},"properties":{"style":"solid","thickness":1}},{"type":"Feature","geometry":{"type":"LineString","coordinates":[[-80.22514733333334,25.72323936111111],[-80.26757091666667,25.71442211111111]]},"properties":{"style":"solid","thickness":1}},{"type":"Feature","geometry":{"type":"LineString","coordinates":[[-80.49529805555555,25.698670888888888],[-80.50257705555556,25.701812027777777],[-80.49570411111111,25.705631166666667]]},"properties":{"style":"solid","thickness":1}},{"type":"Feature","geometry":{"type":"LineString","coordinates":[[-80.44596808333334,25.70451452777778],[-80.50257705555556,25.701812027777777]]},"properties":{"style":"solid","thickness":1}},{"type":"Feature","geometry":{"type":"LineString","coordinates":[[-80.29943791666666,25.875131222222223],[-80.37908752777777,25.87253547222222]]},"properties":{"style":"solid","thickness":1}},{"type":"Feature","geometry":{"type":"LineString","coordinates":[[-80.53221841666667,25.93235752777778],[-80.53938597222222,25.935726694444444],[-80.53235641666667,25.939326083333334]]},"properties":{"style":"solid","thickness":1}},{"type":"Feature","geometry":{"type":"LineString","coordinates":[[-80.48259705555556,25.93663788888889],[-80.53938597222222,25.935726694444444]]},"properties":{"style":"solid","thickness":1}},{"type":"Feature","geometry":{"type":"LineString","coordinates":[[-80.4469616388889,25.866880055555555],[-80.45418919444445,25.870135694444446],[-80.44723397222222,25.8738455]]},"properties":{"style":"solid","thickness":1}},{"type":"Feature","geometry":{"type":"LineString","coordinates":[[-80.39745733333334,25.871942833333335],[-80.45418919444445,25.870135694444446]]},"properties":{"style":"solid","thickness":1}},{"type":"Feature","geometry":{"type":"LineString","coordinates":[[-80.097471,25.84039622222222],[-80.10068944444444,25.8336975],[-80.10514380555556,25.839789055555553]]},"properties":{"style":"solid","thickness":1}},{"type":"Feature","geometry":{"type":"LineString","coordinates":[[-80.10563502777777,25.884858666666666],[-80.10068944444444,25.8336975]]},"properties":{"style":"solid","thickness":1}},{"type":"Feature","geometry":{"type":"LineString","coordinates":[[-80.09211325,25.886114444444445],[-80.06649969444445,25.88764872222222]]},"properties":{"style":"solid","thickness":1}},{"type":"Feature","geometry":{"type":"LineString","coordinates":[[-80.09146352777778,25.877251694444446],[-80.06585186111111,25.87878588888889]]},"properties":{"style":"solid","thickness":1}},{"type":"Feature","geometry":{"type":"LineString","coordinates":[[-80.28568286111111,25.71213061111111],[-80.42763769444444,25.705389944444445]]},"properties":{"style":"solid","thickness":1}},{"type":"Feature","geometry":{"type":"LineString","coordinates":[[-80.05815991666667,26.387570305555556],[-80.04379336111111,26.335127277777776]]},"properties":{"style":"solid","thickness":1}},{"type":"Feature","geometry":{"type":"LineString","coordinates":[[-80.03937380555556,26.31898372222222],[-80.02391269444445,26.262469444444445]]},"properties":{"style":"solid","thickness":1}},{"type":"Feature","geometry":{"type":"LineString","coordinates":[[-80.02356913888889,26.24625488888889],[-80.02956802777777,26.22003694444444]]},"properties":{"style":"solid","thickness":1}},{"type":"Feature","geometry":{"type":"LineString","coordinates":[[-80.10789563888888,26.097497333333333],[-80.08007480555555,26.09916347222222]]},"properties":{"style":"solid","thickness":1}},{"type":"Feature","geometry":{"type":"LineString","coordinates":[[-80.10651041666667,26.07866686111111],[-80.07869397222221,26.08033275]]},"properties":{"style":"solid","thickness":1}},{"type":"Feature","geometry":{"type":"LineString","coordinates":[[-79.82131233333332,26.37986763888889],[-79.90006958333333,26.330623083333332]]},"properties":{"style":"solid","thickness":1}},{"type":"Feature","geometry":{"type":"LineString","coordinates":[[-79.91522411111112,26.321137444444446],[-80.01413719444444,26.259146]]},"properties":{"style":"solid","thickness":1}},{"type":"Feature","geometry":{"type":"LineString","coordinates":[[-80.10307963888889,26.386433916666665],[-80.07765369444444,26.387951972222222]]},"properties":{"style":"solid","thickness":1}},{"type":"Feature","geometry":{"type":"LineString","coordinates":[[-80.10242927777777,26.377610333333333],[-80.07700525,26.379128305555557]]},"properties":{"style":"solid","thickness":1}},{"type":"Feature","geometry":{"type":"LineString","coordinates":[[-80.07510233333333,26.200113944444443],[-80.050065,26.201606583333334]]},"properties":{"style":"solid","thickness":1}},{"type":"Feature","geometry":{"type":"LineString","coordinates":[[-80.00418925,26.235309305555557],[-79.97914363888889,26.236789694444447]]},"properties":{"style":"solid","thickness":1}},{"type":"Feature","geometry":{"type":"LineString","coordinates":[[-80.43668291666667,25.96336911111111],[-80.43619119444445,25.95710986111111]]},"properties":{"style":"solid","thickness":1}},{"type":"Feature","geometry":{"type":"LineString","coordinates":[[-80.4333571388889,25.963582583333334],[-80.43636930555556,25.959377]]},"properties":{"style":"solid","thickness":1}},{"type":"Feature","geometry":{"type":"LineString","coordinates":[[-80.43537958333334,25.960728416666665],[-80.43226588888889,25.957361805555554]]},"properties":{"style":"solid","thickness":1}},{"type":"Feature","geometry":{"type":"LineString","coordinates":[[-80.42997611111112,25.957508722222222],[-80.4304675,25.963767999999998],[-80.42768691666667,25.96394636111111],[-80.42684975,25.96375238888889],[-80.42606363888889,25.96281213888889],[-80.42601722222223,25.962220694444444],[-80.42659411111111,25.961193027777778],[-80.42744708333333,25.960890666666668],[-80.43022761111112,25.960712305555553]]},"properties":{"style":"solid","thickness":1}},{"type":"Feature","geometry":{"type":"LineString","coordinates":[[-80.42196213888889,25.964313416666666],[-80.42141691666667,25.96434836111111],[-80.420463,25.964062777777777],[-80.4195095,25.963083666666666],[-80.41919477777778,25.9618655],[-80.4191058888889,25.960731916666667],[-80.41922736111111,25.959485805555556],[-80.42007302777779,25.958391388888888],[-80.42092600000001,25.958089055555554],[-80.42147119444445,25.95805411111111],[-80.42230830555556,25.958248138888887],[-80.42331633333333,25.959223722222223],[-80.42363105555556,25.960441888888887],[-80.42372,25.961575444444442],[-80.42360244444446,25.96287086111111],[-80.42275677777778,25.963965277777778],[-80.42196213888889,25.964313416666666]]},"properties":{"style":"solid","thickness":1}},{"type":"Feature","geometry":{"type":"LineString","coordinates":[[-80.41667352777779,25.958361555555555],[-80.41716422222223,25.96462086111111],[-80.41236647222223,25.958637416666665],[-80.41285694444446,25.964896749999998]]},"properties":{"style":"solid","thickness":1}},{"type":"Feature","geometry":{"type":"LineString","coordinates":[[-80.41037827777778,25.961934833333334],[-80.40754319444444,25.962116305555554]]},"properties":{"style":"solid","thickness":1}},{"type":"Feature","geometry":{"type":"LineString","coordinates":[[-80.4066413888889,25.965294611111112],[-80.41062152777778,25.965039861111112],[-80.41013119444445,25.958780527777776],[-80.4058786388889,25.95905272222222]]},"properties":{"style":"solid","thickness":1}},{"type":"Feature","geometry":{"type":"LineString","coordinates":[[-80.42862425,25.949709666666667],[-80.43254933333334,25.949457805555557],[-80.43256866666667,25.94970425],[-80.42981761111112,25.953744416666666],[-80.42943597222222,25.953768888888888],[-80.42894469444445,25.947509611111112]]},"properties":{"style":"solid","thickness":1}},{"type":"Feature","geometry":{"type":"LineString","coordinates":[[-80.424693,25.95407311111111],[-80.42414783333334,25.954108055555555],[-80.42319400000001,25.95382247222222],[-80.42224052777779,25.952843388888887],[-80.42192583333333,25.951625222222223],[-80.42183691666668,25.950491638888888],[-80.42195836111111,25.949245527777776],[-80.42280391666667,25.948151111111112],[-80.42365683333334,25.94784875],[-80.42420197222222,25.947813805555555],[-80.425039,25.948007805555555],[-80.42604697222222,25.94898336111111],[-80.42636169444445,25.95020152777778],[-80.4264506388889,25.95133511111111],[-80.4263331388889,25.952630527777778],[-80.42548755555556,25.953724944444442],[-80.424693,25.95407311111111]]},"properties":{"style":"solid","thickness":1}},{"type":"Feature","geometry":{"type":"LineString","coordinates":[[-80.41793286111111,25.954506416666668],[-80.41738769444444,25.95454133333333],[-80.41643386111112,25.95425572222222],[-80.41548044444446,25.953276583333334],[-80.41516580555556,25.952058416666667],[-80.41507697222222,25.95092483333333],[-80.41519847222223,25.949678694444444],[-80.41604411111112,25.948584333333333],[-80.41689702777778,25.94828202777778],[-80.41744216666667,25.948247083333335],[-80.41827922222222,25.948441111111112],[-80.41928711111112,25.94941675],[-80.41960177777779,25.950634916666665],[-80.41969066666667,25.9517685],[-80.41957308333333,25.953063888888888],[-80.41872744444444,25.954158305555556],[-80.41793286111111,25.954506416666668]]},"properties":{"style":"solid","thickness":1}},{"type":"Feature","geometry":{"type":"LineString","coordinates":[[-80.41117269444445,25.954939416666665],[-80.4106275,25.954974305555556],[-80.40967366666668,25.95468863888889],[-80.40872033333333,25.953709472222222],[-80.40840575,25.952491277777778],[-80.40831697222222,25.951357694444443],[-80.40843855555556,25.95011158333333],[-80.40928425,25.949017222222224],[-80.41013719444445,25.948714972222223],[-80.41068233333334,25.948680055555556],[-80.41151936111112,25.94887413888889],[-80.41252722222222,25.949849805555555],[-80.41284183333335,25.951067972222223],[-80.4129306388889,25.952201555555554],[-80.41281297222223,25.953496972222222],[-80.41196727777778,25.954591333333333],[-80.41117269444445,25.954939416666665]]},"properties":{"style":"solid","thickness":1}},{"type":"Feature","geometry":{"type":"LineString","coordinates":[[-80.29003419444444,25.895671666666665],[-80.29051799999999,25.9019315],[-80.28741847222221,25.895837027777777],[-80.28539525,25.902255305555553],[-80.28491172222222,25.895995444444445]]},"properties":{"style":"solid","thickness":1}},{"type":"Feature","geometry":{"type":"LineString","coordinates":[[-80.28310636111111,25.902399916666667],[-80.28059944444445,25.902558277777775],[-80.27963875,25.902173166666664],[-80.27895555555556,25.901126638888886],[-80.27857275,25.899714416666665],[-80.27876275,25.897919333333334],[-80.2792785,25.896797083333333],[-80.28011616666666,25.896298416666667],[-80.28262294444444,25.896140055555556],[-80.28310636111111,25.902399916666667]]},"properties":{"style":"solid","thickness":1}},{"type":"Feature","geometry":{"type":"LineString","coordinates":[[-80.27460466666666,25.90293675],[-80.27405969444445,25.902971138888887],[-80.2731066111111,25.902684583333333],[-80.27215480555556,25.901704499999997],[-80.27184175,25.900485999999997],[-80.27175430555556,25.899352333333333],[-80.27187725,25.898106305555554],[-80.27272383333333,25.89701275],[-80.27357675,25.896711277777776],[-80.27412172222222,25.896676888888887],[-80.27495816666666,25.896871722222222],[-80.27596444444444,25.897848361111112],[-80.27627752777778,25.89906686111111],[-80.276365,25.900200527777777],[-80.27624591666667,25.901495833333332],[-80.27539933333333,25.902589416666665],[-80.27460466666666,25.90293675]]},"properties":{"style":"solid","thickness":1}},{"type":"Feature","geometry":{"type":"LineString","coordinates":[[-80.26932611111111,25.89697947222222],[-80.26980883333333,25.90323936111111],[-80.26502094444444,25.897251],[-80.26550344444445,25.90351088888889]]},"properties":{"style":"solid","thickness":1}},{"type":"Feature","geometry":{"type":"LineString","coordinates":[[-80.25892230555556,25.899121305555553],[-80.2623556111111,25.898904916666666]]},"properties":{"style":"solid","thickness":1}},{"type":"Feature","geometry":{"type":"LineString","coordinates":[[-80.26278661111111,25.89739186111111],[-80.26098005555555,25.903796055555553],[-80.25826344444444,25.897676916666665]]},"properties":{"style":"solid","thickness":1}},{"type":"Feature","geometry":{"type":"LineString","coordinates":[[-80.28240763888888,25.89193363888889],[-80.28280433333333,25.892106722222223],[-80.28347727777778,25.89231186111111],[-80.28413119444444,25.89227052777778],[-80.28498402777778,25.891969],[-80.28583044444444,25.89087536111111],[-80.28597227777777,25.889875777777778],[-80.28588852777777,25.888791388888887],[-80.28570719444444,25.88786175],[-80.28517608333333,25.886657055555556],[-80.28453483333332,25.88615275],[-80.28364775,25.886010666666667],[-80.28225002777778,25.886346638888888],[-80.28174319444445,25.886873972222222],[-80.28147333333334,25.887633972222222],[-80.28155827777778,25.88802486111111],[-80.28187638888889,25.88859913888889],[-80.28252527777778,25.889202027777777],[-80.28335786111111,25.889347555555556],[-80.28396108333334,25.889358972222222],[-80.28481391666666,25.889057416666667],[-80.28531313888888,25.8884315],[-80.28550947222222,25.887428472222222]]},"properties":{"style":"solid","thickness":1}},{"type":"Feature","geometry":{"type":"LineString","coordinates":[[-80.2776465,25.89268013888889],[-80.27710155555556,25.892714555555553],[-80.27614855555555,25.892428],[-80.27519677777778,25.891447944444444],[-80.27488375,25.890229444444444],[-80.27479627777778,25.88909575],[-80.27491919444445,25.88784975],[-80.27576566666667,25.886756166666665],[-80.2766185,25.886454666666666],[-80.27716341666667,25.88642025],[-80.27799977777778,25.886615083333332],[-80.27900602777778,25.887591694444446],[-80.27931908333333,25.888810194444442],[-80.27940661111111,25.88994386111111],[-80.27928755555556,25.891239194444445],[-80.27844105555556,25.892332777777778],[-80.2776465,25.89268013888889]]},"properties":{"style":"solid","thickness":1}},{"type":"Feature","geometry":{"type":"LineString","coordinates":[[-80.27088930555556,25.893106638888888],[-80.27034436111111,25.893141027777776],[-80.2693913611111,25.892854444444446],[-80.26843963888889,25.891874333333334],[-80.26812666666666,25.890655833333334],[-80.26803927777777,25.88952213888889],[-80.26816225,25.88827611111111],[-80.26900880555556,25.88718258333333],[-80.26986163888888,25.886881111111112],[-80.27040655555555,25.88684675],[-80.27124291666667,25.887041611111112],[-80.27224911111111,25.88801827777778],[-80.27256211111111,25.88923677777778],[-80.27264955555556,25.890370444444443],[-80.27253044444444,25.891665777777778],[-80.27168388888889,25.892759333333334],[-80.27088930555556,25.893106638888888]]},"properties":{"style":"solid","thickness":1}},{"type":"Feature","geometry":{"type":"LineString","coordinates":[[-80.26413205555555,25.89353283333333],[-80.26358711111111,25.893567194444444],[-80.26263411111111,25.893280555555556],[-80.26168247222222,25.892300416666668],[-80.26136955555556,25.891081888888888],[-80.26128222222222,25.889948194444443],[-80.26140525,25.888702194444445],[-80.26225186111111,25.887608694444445],[-80.26310475,25.887307277777776],[-80.26364966666667,25.887272916666667],[-80.26448602777778,25.887467833333332],[-80.26549213888889,25.88844452777778],[-80.26580508333333,25.889663055555555],[-80.26589247222222,25.890796722222223],[-80.26577327777778,25.892092027777778],[-80.26492666666667,25.893185555555554],[-80.26413205555555,25.89353283333333]]},"properties":{"style":"solid","thickness":1}},{"type":"Feature","geometry":{"type":"LineString","coordinates":[[-80.21430230555556,25.902029694444444],[-80.21247627777778,25.898924805555556]]},"properties":{"style":"solid","thickness":1}},{"type":"Feature","geometry":{"type":"LineString","coordinates":[[-80.21678161111112,25.89865483333333],[-80.21726158333334,25.904914916666666],[-80.21448205555556,25.90508922222222],[-80.21364566666666,25.904894],[-80.21286158333334,25.903952583333332],[-80.21281625,25.903361083333333],[-80.21339469444445,25.90233425],[-80.21424780555556,25.90203311111111],[-80.21702727777777,25.901858805555555]]},"properties":{"style":"solid","thickness":1}},{"type":"Feature","geometry":{"type":"LineString","coordinates":[[-80.21024186111111,25.89906486111111],[-80.2107215,25.905324944444445],[-80.20762594444444,25.899228805555556],[-80.20559838888889,25.905645944444444],[-80.20511902777778,25.89938586111111]]},"properties":{"style":"solid","thickness":1}},{"type":"Feature","geometry":{"type":"LineString","coordinates":[[-80.19896483333333,25.90125708333333],[-80.20239827777777,25.90104211111111]]},"properties":{"style":"solid","thickness":1}},{"type":"Feature","geometry":{"type":"LineString","coordinates":[[-80.20283008333334,25.89952922222222],[-80.20102025,25.905932666666665],[-80.19830669444445,25.899812416666666]]},"properties":{"style":"solid","thickness":1}},{"type":"Feature","geometry":{"type":"LineString","coordinates":[[-80.19607222222223,25.89995225],[-80.19655111111112,25.90621238888889],[-80.19176680555556,25.90022161111111],[-80.19224547222223,25.906481749999998]]},"properties":{"style":"solid","thickness":1}},{"type":"Feature","geometry":{"type":"LineString","coordinates":[[-80.18953233333333,25.90036136111111],[-80.19001088888889,25.9066215]]},"properties":{"style":"solid","thickness":1}},{"type":"Feature","geometry":{"type":"LineString","coordinates":[[-80.21249086111112,25.892326666666666],[-80.21169233333333,25.89262436111111],[-80.21138802777779,25.89294061111111],[-80.21122669444445,25.893693666666667],[-80.21124933333334,25.893989416666667],[-80.21158225,25.894761],[-80.21192433333334,25.894937666666667],[-80.21303313888889,25.895115805555555],[-80.21415869444445,25.894797583333332],[-80.21447055555556,25.894579916666665],[-80.21468258333334,25.893774166666667],[-80.21465991666668,25.893478416666667],[-80.21438525,25.892752694444443],[-80.21403561111111,25.892477444444445],[-80.21319930555556,25.89228225],[-80.21249086111112,25.892326666666666],[-80.211647,25.89203286111111],[-80.21105675,25.89147552777778],[-80.21073138888889,25.8908025],[-80.2107125,25.890556055555557],[-80.21086627777778,25.889704416666667],[-80.21142416666667,25.889124638888887],[-80.21217197222222,25.888879638888888],[-80.2129348888889,25.888831805555554],[-80.21371291666667,25.888981138888887],[-80.2143538888889,25.88948575],[-80.21463230555555,25.89026075],[-80.21465497222222,25.8905565],[-80.21443541666667,25.891263694444444],[-80.21393577777778,25.89188936111111],[-80.21319930555556,25.89228225]]},"properties":{"style":"solid","thickness":1}},{"type":"Feature","geometry":{"type":"LineString","coordinates":[[-80.20682055555555,25.895505194444443],[-80.20627558333334,25.895539333333332],[-80.20532272222222,25.895252305555555],[-80.20437152777778,25.894271805555555],[-80.20405919444445,25.893053138888888],[-80.20397238888889,25.891919416666667],[-80.20409602777778,25.890673472222222],[-80.20494319444445,25.889580305555555],[-80.20579622222222,25.88927922222222],[-80.20634116666668,25.889245083333332],[-80.20717744444445,25.889440333333333],[-80.20818311111111,25.890417416666665],[-80.20849547222222,25.891636055555555],[-80.20858233333334,25.892769777777776],[-80.2084625,25.894065027777778],[-80.20761536111111,25.89515822222222],[-80.20682055555555,25.895505194444443]]},"properties":{"style":"solid","thickness":1}},{"type":"Feature","geometry":{"type":"LineString","coordinates":[[-80.20006294444445,25.895928416666667],[-80.19951797222222,25.895962527777776],[-80.19856511111111,25.895675472222223],[-80.19761397222223,25.894694916666666],[-80.19730172222222,25.89347625],[-80.19721497222223,25.892342527777778],[-80.19733869444445,25.891096583333333],[-80.19818591666667,25.890003444444442],[-80.19903897222223,25.88970238888889],[-80.19958391666667,25.889668277777776],[-80.20042016666667,25.889863555555554],[-80.20142580555556,25.890840694444442],[-80.20173811111111,25.892059361111112],[-80.20182486111112,25.893193083333333],[-80.20170497222223,25.89448833333333],[-80.20085775,25.895581472222222],[-80.20006294444445,25.895928416666667]]},"properties":{"style":"solid","thickness":1}},{"type":"Feature","geometry":{"type":"LineString","coordinates":[[-80.19330527777778,25.89635133333333],[-80.19276030555557,25.896385416666668],[-80.19180747222222,25.896098333333335],[-80.19085638888889,25.89511772222222],[-80.19054419444444,25.893899055555554],[-80.19045752777778,25.892765305555557],[-80.19058130555555,25.89151936111111],[-80.19142858333333,25.890426277777777],[-80.19228163888889,25.890125277777777],[-80.19282661111112,25.890091194444445],[-80.19366286111112,25.8902865],[-80.19466844444445,25.891263694444444],[-80.19498066666667,25.89248236111111],[-80.19506736111111,25.89361608333333],[-80.19494741666666,25.894911333333333],[-80.1941001388889,25.896004444444443],[-80.19330527777778,25.89635133333333]]},"properties":{"style":"solid","thickness":1}},{"type":"Feature","geometry":{"type":"LineString","coordinates":[[-80.08778147222222,25.924813444444446],[-80.08878647222221,25.925791361111113],[-80.08967358333332,25.925934611111114],[-80.09032775,25.92589416666667],[-80.09102152777777,25.925653166666667],[-80.09186997222221,25.924560666666668],[-80.09198733333334,25.923216222222223],[-80.09190905555555,25.92218102777778],[-80.09152463888888,25.92071902777778],[-80.09063241666666,25.919783722222224],[-80.08979983333333,25.919637083333335],[-80.08920022222222,25.919674166666667],[-80.08834297222222,25.91992527777778],[-80.08749452777778,25.92101775],[-80.08758769444444,25.92225013888889],[-80.08878694444444,25.922175972222224]]},"properties":{"style":"solid","thickness":1}},{"type":"Feature","geometry":{"type":"LineString","coordinates":[[-80.08563955555555,25.926183972222223],[-80.08526327777777,25.921205194444447],[-80.08497816666666,25.920331361111113],[-80.08396716666667,25.91999763888889],[-80.08211377777778,25.92011216666667],[-80.08116236111111,25.92056713888889],[-80.08090233333333,25.92147466666667],[-80.08127844444444,25.926453444444444]]},"properties":{"style":"solid","thickness":1}},{"type":"Feature","geometry":{"type":"LineString","coordinates":[[-80.07458916666667,25.92562838888889],[-80.07553955555555,25.92660975],[-80.07642666666666,25.926753083333335],[-80.07702633333334,25.926716055555556],[-80.07782913888889,25.92646838888889],[-80.07867772222222,25.925375944444447],[-80.07879152777777,25.923982222222225],[-80.07873566666666,25.923242805555557],[-80.07869844444444,25.92274986111111],[-80.07861041666666,25.922309555555557],[-80.07838733333332,25.921530944444445],[-80.07738616666666,25.92060227777778],[-80.07655361111111,25.920455583333336],[-80.07606299999999,25.92048586111111],[-80.07515119444444,25.92074025],[-80.07429891666666,25.921783361111114]]},"properties":{"style":"solid","thickness":1}},{"type":"Feature","geometry":{"type":"LineString","coordinates":[[-80.06804747222222,25.926032055555556],[-80.06899777777777,25.927013444444444],[-80.06988488888888,25.92715680555556],[-80.07048455555555,25.927119805555556],[-80.07128741666666,25.92687216666667],[-80.07213602777777,25.925779805555557],[-80.07224991666666,25.924386083333335],[-80.0721941111111,25.92364663888889],[-80.07215691666666,25.923153694444444],[-80.07206891666667,25.92271338888889],[-80.0718458611111,25.92193477777778],[-80.07084474999999,25.921006055555555],[-80.07001219444444,25.920859305555556],[-80.06952158333333,25.920889583333334],[-80.06860975,25.921143944444445],[-80.06775741666667,25.922187]]},"properties":{"style":"solid","thickness":1}},{"type":"Feature","geometry":{"type":"LineString","coordinates":[[-80.06543319444444,25.92114177777778],[-80.06590530555555,25.92740227777778]]},"properties":{"style":"solid","thickness":1}},{"type":"Feature","geometry":{"type":"LineString","coordinates":[[-80.09351552777777,25.89189525],[-80.09326949999999,25.888641777777778]]},"properties":{"style":"solid","thickness":1}},{"type":"Feature","geometry":{"type":"LineString","coordinates":[[-80.09592294444444,25.894767333333334],[-80.09351552777777,25.89189525],[-80.09156297222222,25.89503711111111]]},"properties":{"style":"solid","thickness":1}},{"type":"Feature","geometry":{"type":"LineString","coordinates":[[-80.08493422222222,25.890643055555554],[-80.08836755555555,25.890430777777777]]},"properties":{"style":"solid","thickness":1}},{"type":"Feature","geometry":{"type":"LineString","coordinates":[[-80.08880074999999,25.888918222222223],[-80.086985,25.89532022222222],[-80.0842775,25.889197888888887]]},"properties":{"style":"solid","thickness":1}},{"type":"Feature","geometry":{"type":"LineString","coordinates":[[-80.07956019444444,25.892708555555554],[-80.07773783333333,25.889601972222223]]},"properties":{"style":"solid","thickness":1}},{"type":"Feature","geometry":{"type":"LineString","coordinates":[[-80.0820431111111,25.88933597222222],[-80.082516,25.895596472222223],[-80.0797365,25.895768222222223],[-80.07890038888888,25.89557225],[-80.07811744444444,25.89463011111111],[-80.07807277777778,25.894038555555554],[-80.07865233333332,25.893012249999998],[-80.07950569444444,25.892711916666666],[-80.08228513888889,25.892540166666667]]},"properties":{"style":"solid","thickness":1}},{"type":"Feature","geometry":{"type":"LineString","coordinates":[[-80.07597597222222,25.8960005],[-80.07145241666666,25.896279777777778]]},"properties":{"style":"solid","thickness":1}},{"type":"Feature","geometry":{"type":"LineString","coordinates":[[-80.07368694444445,25.89614183333333],[-80.07321452777778,25.889881305555555]]},"properties":{"style":"solid","thickness":1}},{"type":"Feature","geometry":{"type":"LineString","coordinates":[[-80.06725586111111,25.89653872222222],[-80.06671083333333,25.89657236111111],[-80.06575830555555,25.896284444444444],[-80.06480825,25.89530302777778],[-80.06449733333334,25.894084083333333],[-80.06441186111111,25.89295027777778],[-80.06453697222221,25.891704444444443],[-80.06538538888888,25.890612083333334],[-80.06623877777777,25.890311805555555],[-80.06678377777777,25.890278194444445],[-80.06761983333332,25.89047422222222],[-80.0686243611111,25.891452277777777],[-80.06893530555556,25.892671222222223],[-80.06902083333333,25.893805],[-80.0688995,25.89510013888889],[-80.06805105555556,25.896192527777778],[-80.06725586111111,25.89653872222222]]},"properties":{"style":"solid","thickness":1}},{"type":"Feature","geometry":{"type":"LineString","coordinates":[[-80.17464691666667,25.865847944444447],[-80.17409269444445,25.86647688888889],[-80.17387669444444,25.867233305555555],[-80.1738955,25.867479777777778],[-80.17423186111111,25.86830075],[-80.17519194444445,25.868686555555556],[-80.17797069444445,25.868513],[-80.17749291666667,25.86225275],[-80.17438741666668,25.862446722222224],[-80.17354952777778,25.862944805555557],[-80.17328655555556,25.863803194444447],[-80.17334297222223,25.864542583333336],[-80.17372627777779,25.865261583333336],[-80.17464691666667,25.865847944444447],[-80.17775250000001,25.865653972222223]]},"properties":{"style":"solid","thickness":1}},{"type":"Feature","geometry":{"type":"LineString","coordinates":[[-80.17143244444445,25.86892127777778],[-80.17095502777778,25.86266102777778],[-80.16703225,25.862905861111113]]},"properties":{"style":"solid","thickness":1}},{"type":"Feature","geometry":{"type":"LineString","coordinates":[[-80.16281252777779,25.866437944444446],[-80.1625646388889,25.863184555555556]]},"properties":{"style":"solid","thickness":1}},{"type":"Feature","geometry":{"type":"LineString","coordinates":[[-80.16522108333334,25.869308888888888],[-80.16281252777779,25.866437944444446],[-80.16086219444445,25.86958075]]},"properties":{"style":"solid","thickness":1}},{"type":"Feature","geometry":{"type":"LineString","coordinates":[[-80.15809702777779,25.863463111111113],[-80.15857377777779,25.869723416666666],[-80.15548180555557,25.863626111111113],[-80.15345205555556,25.870042583333333],[-80.15297555555556,25.86378227777778]]},"properties":{"style":"solid","thickness":1}},{"type":"Feature","geometry":{"type":"LineString","coordinates":[[-80.1487553888889,25.867313944444444],[-80.1485078888889,25.864060555555557]]},"properties":{"style":"solid","thickness":1}},{"type":"Feature","geometry":{"type":"LineString","coordinates":[[-80.15116361111112,25.87018513888889],[-80.1487553888889,25.867313944444444],[-80.14680466666667,25.870456583333333]]},"properties":{"style":"solid","thickness":1}},{"type":"Feature","geometry":{"type":"LineString","coordinates":[[-80.15177591666668,26.600259166666667],[-80.1512181388889,26.60088788888889],[-80.15100063888889,26.60164413888889],[-80.1510195,26.601890555555556],[-80.15135777777779,26.602711444444445],[-80.15232375000001,26.603097333333334],[-80.15511983333334,26.60292425],[-80.1546403888889,26.59666511111111],[-80.15151552777779,26.5968585],[-80.15067233333333,26.59735636111111],[-80.15040755555556,26.598214555555554],[-80.15046413888889,26.598953833333333],[-80.15084969444445,26.59967275],[-80.15177591666668,26.600259166666667],[-80.15490086111112,26.600065750000002]]},"properties":{"style":"solid","thickness":1}},{"type":"Feature","geometry":{"type":"LineString","coordinates":[[-80.14508683333334,26.603545],[-80.14470597222223,26.598567222222222],[-80.14497080555556,26.59770902777778],[-80.14597850000001,26.597201055555555],[-80.14658152777778,26.59716375],[-80.14782158333334,26.597532722222223],[-80.14815605555556,26.59830433333333],[-80.1482163888889,26.599092888888887]]},"properties":{"style":"solid","thickness":1}},{"type":"Feature","geometry":{"type":"LineString","coordinates":[[-80.14086527777778,26.603805972222222],[-80.14031702777778,26.603839861111112],[-80.13935861111112,26.603552444444446],[-80.13840227777779,26.60257166666667],[-80.13808877777778,26.601353083333336],[-80.13800211111112,26.600219527777778],[-80.13812719444445,26.59897386111111],[-80.13898005555556,26.597881277777777],[-80.13983836111112,26.59758063888889],[-80.14038661111111,26.597546777777776],[-80.14122777777779,26.59774236111111],[-80.14223894444446,26.598719749999997],[-80.14255247222223,26.599938305555554],[-80.14263919444446,26.601071861111112],[-80.14251791666668,26.602366833333335],[-80.14166505555556,26.603459416666666],[-80.14086527777778,26.603805972222222]]},"properties":{"style":"solid","thickness":1}},{"type":"Feature","geometry":{"type":"LineString","coordinates":[[-80.1360406388889,26.604104083333336],[-80.13149008333333,26.604385083333334]]},"properties":{"style":"solid","thickness":1}},{"type":"Feature","geometry":{"type":"LineString","coordinates":[[-80.13373794444445,26.60424627777778],[-80.13325963888889,26.597987055555553]]},"properties":{"style":"solid","thickness":1}},{"type":"Feature","geometry":{"type":"LineString","coordinates":[[-80.12487488888888,26.599990166666664],[-80.12832880555555,26.599777027777776]]},"properties":{"style":"solid","thickness":1}},{"type":"Feature","geometry":{"type":"LineString","coordinates":[[-80.12876413888888,26.59826461111111],[-80.12693949999999,26.604665972222225],[-80.12421377777777,26.598545416666667]]},"properties":{"style":"solid","thickness":1}},{"type":"Feature","geometry":{"type":"LineString","coordinates":[[-80.11849505555556,26.459864472222222],[-80.11945005555555,26.460845416666665],[-80.12034125,26.460988472222223],[-80.1209436111111,26.460951305555554],[-80.12174997222222,26.460703416666664],[-80.12260197222221,26.45961088888889],[-80.12271580555554,26.458217305555554],[-80.12265944444444,26.457478],[-80.1226218611111,26.45698513888889],[-80.12253330555555,26.456544916666665],[-80.12230891666665,26.455766472222223],[-80.12130291666666,26.454838194444445],[-80.12046652777777,26.45469177777778],[-80.11997372222221,26.454722194444443],[-80.11905788888889,26.454976805555553],[-80.1182021111111,26.45602002777778]]},"properties":{"style":"solid","thickness":1}},{"type":"Feature","geometry":{"type":"LineString","coordinates":[[-80.11231255555555,26.461038305555554],[-80.11344152777777,26.461414333333334],[-80.114701,26.46133661111111],[-80.11581716666666,26.460822083333333],[-80.11624991666666,26.460003055555553],[-80.11622738888889,26.459707333333334],[-80.1156235,26.459001805555555],[-80.11233488888888,26.457719138888887],[-80.11173477777777,26.45706288888889],[-80.1117445,26.456468055555554],[-80.11217727777777,26.455649055555554],[-80.1130743611111,26.455148027777778],[-80.11438852777778,26.455066944444443],[-80.1150058611111,26.455226916666668],[-80.11592327777777,26.455715027777778]]},"properties":{"style":"solid","thickness":1}},{"type":"Feature","geometry":{"type":"LineString","coordinates":[[-80.10977261111111,26.461640638888888],[-80.1052275,26.46192086111111]]},"properties":{"style":"solid","thickness":1}},{"type":"Feature","geometry":{"type":"LineString","coordinates":[[-80.10747266666667,26.461782444444445],[-80.10699630555555,26.45552288888889]]},"properties":{"style":"solid","thickness":1}},{"type":"Feature","geometry":{"type":"LineString","coordinates":[[-80.09862130555555,26.457524555555555],[-80.10207108333333,26.45731202777778]]},"properties":{"style":"solid","thickness":1}},{"type":"Feature","geometry":{"type":"LineString","coordinates":[[-80.10250619444444,26.455799638888887],[-80.10068238888888,26.462200944444444],[-80.09796130555556,26.456079638888887]]},"properties":{"style":"solid","thickness":1}},{"type":"Feature","geometry":{"type":"LineString","coordinates":[[-80.096192,26.4624775],[-80.09571625,26.456217916666667],[-80.09177366666667,26.456460611111112]]},"properties":{"style":"solid","thickness":1}},{"type":"Feature","geometry":{"type":"LineString","coordinates":[[-79.70385572222223,26.64222413888889],[-79.70486358333333,26.643204527777776],[-79.70575563888889,26.64335011111111],[-79.70641388888889,26.643311444444443],[-79.70711266666667,26.643072333333333],[-79.70796983333334,26.64198233333333],[-79.70809236111111,26.640638499999998],[-79.708017,26.639603305555553],[-79.70763508333333,26.638140611111112],[-79.70674055555556,26.637203083333333],[-79.70590341666667,26.63705425],[-79.70530002777778,26.63708972222222],[-79.70443675,26.637338472222222],[-79.70357955555556,26.638428444444443],[-79.70366922222223,26.639660833333334],[-79.704876,26.639589916666665]]},"properties":{"style":"solid","thickness":1}},{"type":"Feature","geometry":{"type":"LineString","coordinates":[[-79.70147041666667,26.640483083333333],[-79.69861802777778,26.64065061111111]]},"properties":{"style":"solid","thickness":1}},{"type":"Feature","geometry":{"type":"LineString","coordinates":[[-79.69769186111111,26.643823805555556],[-79.70169633333333,26.64358863888889],[-79.70124094444445,26.637328222222223],[-79.69696244444445,26.63757947222222]]},"properties":{"style":"solid","thickness":1}},{"type":"Feature","geometry":{"type":"LineString","coordinates":[[-79.69544277777779,26.643955833333333],[-79.69498775000001,26.637695416666666],[-79.69103833333334,26.637927166666667]]},"properties":{"style":"solid","thickness":1}},{"type":"Feature","geometry":{"type":"LineString","coordinates":[[-79.68918922222223,26.644322777777777],[-79.68666583333334,26.64447075],[-79.68570105555555,26.644081777777778],[-79.68501891666666,26.643032666666667],[-79.68464086111112,26.641619194444445],[-79.6848411388889,26.639825277777778],[-79.68536580555556,26.638705416666667],[-79.68621125,26.638210305555557],[-79.68873450000001,26.638062333333334],[-79.68918922222223,26.644322777777777]]},"properties":{"style":"solid","thickness":1}},{"type":"Feature","geometry":{"type":"LineString","coordinates":[[-79.68238105555557,26.64160313888889],[-79.67952861111111,26.641770305555553]]},"properties":{"style":"solid","thickness":1}},{"type":"Feature","geometry":{"type":"LineString","coordinates":[[-79.67860194444445,26.64494336111111],[-79.68260647222223,26.644708722222223],[-79.68215211111112,26.638448277777776],[-79.67787352777778,26.638698972222222]]},"properties":{"style":"solid","thickness":1}},{"type":"Feature","geometry":{"type":"LineString","coordinates":[[-79.71221802777778,26.44930775],[-79.70937027777778,26.449475555555555]]},"properties":{"style":"solid","thickness":1}},{"type":"Feature","geometry":{"type":"LineString","coordinates":[[-79.70844600000001,26.452649027777777],[-79.71244391666667,26.452413472222222],[-79.71198858333334,26.44615275],[-79.70771705555556,26.44640438888889]]},"properties":{"style":"solid","thickness":1}},{"type":"Feature","geometry":{"type":"LineString","coordinates":[[-79.70574558333334,26.446520500000002],[-79.70620058333334,26.45278125],[-79.70141927777777,26.446775194444445],[-79.70187402777778,26.45303597222222]]},"properties":{"style":"solid","thickness":1}},{"type":"Feature","geometry":{"type":"LineString","coordinates":[[-79.6966683888889,26.45027275],[-79.69484763888889,26.447161833333332]]},"properties":{"style":"solid","thickness":1}},{"type":"Feature","geometry":{"type":"LineString","coordinates":[[-79.69917397222223,26.446907333333332],[-79.69962861111111,26.45316811111111],[-79.6968355,26.453332416666665],[-79.69599611111111,26.453134249999998],[-79.69521258333334,26.452190166666664],[-79.6951696388889,26.45159861111111],[-79.69575527777778,26.450574],[-79.69661361111112,26.450275972222222],[-79.69940663888889,26.450111666666665]]},"properties":{"style":"solid","thickness":1}},{"type":"Feature","geometry":{"type":"LineString","coordinates":[[-79.68864061111111,26.452576527777776],[-79.68964672222222,26.453557055555557],[-79.69053730555557,26.453702749999998],[-79.69119450000001,26.45366411111111],[-79.69189216666668,26.453425083333332],[-79.69274808333334,26.45233508333333],[-79.69287058333333,26.450991166666665],[-79.69279547222223,26.449955916666667],[-79.69241433333333,26.448493111111112],[-79.69152133333334,26.447555444444443],[-79.69068555555556,26.447406555555556],[-79.69008316666667,26.447441944444446],[-79.68922122222223,26.44769063888889],[-79.68836530555556,26.44878061111111],[-79.68845469444445,26.450013055555555],[-79.68965952777778,26.44994225]]},"properties":{"style":"solid","thickness":1}},{"type":"Feature","geometry":{"type":"LineString","coordinates":[[-79.68407586111111,26.451062416666666],[-79.68384002777778,26.447808777777777]]},"properties":{"style":"solid","thickness":1}},{"type":"Feature","geometry":{"type":"LineString","coordinates":[[-79.68648452777778,26.453940888888887],[-79.68407586111111,26.451062416666666],[-79.68210313888889,26.45419822222222]]},"properties":{"style":"solid","thickness":1}},{"type":"Feature","geometry":{"type":"LineString","coordinates":[[-79.56364252777777,26.564815777777778],[-79.56308180555556,26.56544225],[-79.56286058333333,26.566197583333334],[-79.56287819444444,26.566444083333334],[-79.56321224999999,26.567266305555556],[-79.56417597222222,26.567656083333333],[-79.56697194444445,26.567494361111113],[-79.566524,26.561233444444444],[-79.56339927777778,26.561414194444446],[-79.56255386111111,26.56190861111111],[-79.56228488888888,26.562765694444444],[-79.56233775,26.56350516666667],[-79.56271955555555,26.56422563888889],[-79.56364252777777,26.564815777777778],[-79.5667673611111,26.56463502777778]]},"properties":{"style":"solid","thickness":1}},{"type":"Feature","geometry":{"type":"LineString","coordinates":[[-79.55994558333333,26.56161388888889],[-79.56039316666666,26.567874805555554]]},"properties":{"style":"solid","thickness":1}},{"type":"Feature","geometry":{"type":"LineString","coordinates":[[-79.5536715,26.567025666666666],[-79.55462263888889,26.568010277777777],[-79.55551388888888,26.568156805555557],[-79.55611694444444,26.568121944444446],[-79.55692522222222,26.56787725],[-79.55778322222221,26.566788111111112],[-79.55790386111111,26.565395083333335],[-79.557851,26.564655583333334],[-79.55781577777778,26.56416261111111],[-79.55772925,26.563722083333335],[-79.55750841666666,26.562942805555558],[-79.556506,26.562010694444446],[-79.55566961111111,26.561861027777777],[-79.55517622222222,26.56188952777778],[-79.55425836111111,26.562140555555555],[-79.55339683333332,26.56318036111111]]},"properties":{"style":"solid","thickness":1}},{"type":"Feature","geometry":{"type":"LineString","coordinates":[[-79.54716830555556,26.56383702777778],[-79.55062205555555,26.56363763888889]]},"properties":{"style":"solid","thickness":1}},{"type":"Feature","geometry":{"type":"LineString","coordinates":[[-79.55106466666666,26.562127027777777],[-79.54920916666667,26.568520916666667],[-79.54651452777777,26.562389694444445]]},"properties":{"style":"solid","thickness":1}},{"type":"Feature","geometry":{"type":"LineString","coordinates":[[-79.54426686111111,26.562519416666667],[-79.5447136111111,26.56878038888889],[-79.54191758333333,26.568941666666667],[-79.5410776388889,26.568742611111112],[-79.54029461111111,26.56779775],[-79.54025241666666,26.567206166666665],[-79.54083997222222,26.566182222222224],[-79.54169955555555,26.56588513888889],[-79.54449552777777,26.565723833333333]]},"properties":{"style":"solid","thickness":1}},{"type":"Feature","geometry":{"type":"LineString","coordinates":[[-80.19319872222222,26.721052999999998],[-80.19136061111111,26.7179485]]},"properties":{"style":"solid","thickness":1}},{"type":"Feature","geometry":{"type":"LineString","coordinates":[[-80.19569594444445,26.71767925],[-80.19617805555556,26.723938027777777],[-80.19337916666667,26.72411186111111],[-80.19253697222223,26.72391658333333],[-80.1917476388889,26.722975249999998],[-80.19170211111111,26.72238386111111],[-80.19228477777779,26.72135733333333],[-80.19314386111111,26.721056388888886],[-80.19594269444445,26.720882555555555]]},"properties":{"style":"solid","thickness":1}},{"type":"Feature","geometry":{"type":"LineString","coordinates":[[-80.18935341666668,26.72124222222222],[-80.18649966666668,26.721419333333333]]},"properties":{"style":"solid","thickness":1}},{"type":"Feature","geometry":{"type":"LineString","coordinates":[[-80.18558611111112,26.72459561111111],[-80.1895923888889,26.72434697222222],[-80.18911063888889,26.718088166666664],[-80.18483016666667,26.71835383333333]]},"properties":{"style":"solid","thickness":1}},{"type":"Feature","geometry":{"type":"LineString","coordinates":[[-80.17890563888889,26.723772027777777],[-80.17986330555556,26.724752499999997],[-80.18075658333333,26.724895194444443],[-80.18136027777778,26.724857749999998],[-80.18216830555556,26.724609555555553],[-80.18302169444445,26.723516777777775],[-80.18313505555557,26.72212325],[-80.18307819444445,26.721384027777777],[-80.18304027777778,26.720891194444444],[-80.18295130555556,26.72045108333333],[-80.182726,26.719672777777777],[-80.18171727777778,26.718745],[-80.18087894444444,26.718598916666664],[-80.18038502777779,26.718629555555555],[-80.17946725,26.718884527777774],[-80.17861011111111,26.719928027777776]]},"properties":{"style":"solid","thickness":1}},{"type":"Feature","geometry":{"type":"LineString","coordinates":[[-80.17651158333334,26.722038805555552],[-80.17365783333334,26.722215666666663]]},"properties":{"style":"solid","thickness":1}},{"type":"Feature","geometry":{"type":"LineString","coordinates":[[-80.17274388888889,26.72539186111111],[-80.17675025,26.72514358333333],[-80.1762691388889,26.71888472222222],[-80.17198861111112,26.71915]]},"properties":{"style":"solid","thickness":1}},{"type":"Feature","geometry":{"type":"LineString","coordinates":[[-80.17049375,26.72553125],[-80.17001297222222,26.719272388888886]]},"properties":{"style":"solid","thickness":1}},{"type":"Feature","geometry":{"type":"LineString","coordinates":[[-80.16714594444444,26.72573858333333],[-80.17018711111112,26.72153936111111]]},"properties":{"style":"solid","thickness":1}},{"type":"Feature","geometry":{"type":"LineString","coordinates":[[-80.16918791666667,26.722888694444443],[-80.16606169444445,26.719517083333333]]},"properties":{"style":"solid","thickness":1}},{"type":"Feature","geometry":{"type":"LineString","coordinates":[[-80.2106875,26.706393944444443],[-80.21117038888889,26.712652694444444]]},"properties":{"style":"solid","thickness":1}},{"type":"Feature","geometry":{"type":"LineString","coordinates":[[-80.20518905555556,26.713024777777775],[-80.20859127777778,26.712813166666667],[-80.20863758333334,26.709839194444445],[-80.20736241666667,26.71046322222222],[-80.20642958333333,26.71052125],[-80.20552880555556,26.710280166666667],[-80.20493825,26.709772194444444],[-80.20460688888889,26.709050027777778],[-80.20454611111111,26.708261527777776],[-80.20475966666667,26.707455944444444],[-80.20527041666666,26.706929],[-80.2064623888889,26.706656805555554],[-80.20728547222222,26.70660561111111],[-80.20790425,26.706765194444444],[-80.20843991666666,26.707276555555556]]},"properties":{"style":"solid","thickness":1}},{"type":"Feature","geometry":{"type":"LineString","coordinates":[[-80.20063441666667,26.71330797222222],[-80.20008566666667,26.713342055555554],[-80.19912622222222,26.713055083333334],[-80.19816847222222,26.712074722222223],[-80.19785405555555,26.710856305555556],[-80.19776672222223,26.709722833333334],[-80.19789130555556,26.708477138888888],[-80.19874441666667,26.70738425],[-80.19960338888889,26.707083277777777],[-80.20015211111111,26.707049166666668],[-80.20099416666667,26.707244416666665],[-80.20200677777778,26.708221333333334],[-80.20232122222222,26.709439749999998],[-80.20240858333334,26.710573222222223],[-80.20228786111112,26.711868194444445],[-80.20143475,26.71296111111111],[-80.20063441666667,26.71330797222222]]},"properties":{"style":"solid","thickness":1}},{"type":"Feature","geometry":{"type":"LineString","coordinates":[[-80.1938298888889,26.71373075],[-80.19328111111112,26.713764833333332],[-80.19232166666667,26.713477777777776],[-80.19136400000001,26.712497388888888],[-80.1910496388889,26.71127897222222],[-80.19096238888889,26.710145472222223],[-80.19108702777778,26.708899805555554],[-80.19194019444444,26.707806944444442],[-80.19279919444445,26.70750602777778],[-80.19334791666667,26.707471944444443],[-80.19418997222223,26.70766722222222],[-80.19520252777778,26.708644194444442],[-80.19551691666668,26.70986261111111],[-80.19560422222223,26.71099608333333],[-80.19548341666668,26.712291055555553],[-80.19463025,26.713383944444445],[-80.1938298888889,26.71373075]]},"properties":{"style":"solid","thickness":1}},{"type":"Feature","geometry":{"type":"LineString","coordinates":[[-80.18702527777778,26.714153222222222],[-80.18647652777778,26.71418727777778],[-80.18551708333334,26.713900194444445],[-80.18455947222223,26.712919749999998],[-80.18424519444444,26.711701305555554],[-80.18415800000001,26.710567805555556],[-80.18428272222222,26.70932213888889],[-80.18513594444445,26.708229333333332],[-80.18599497222223,26.707928444444445],[-80.18654369444445,26.70789438888889],[-80.18738575,26.708089722222223],[-80.18839822222223,26.70906672222222],[-80.18871255555555,26.710285166666665],[-80.18879977777779,26.711418638888887],[-80.18867888888889,26.71271361111111],[-80.18782566666667,26.713806444444444],[-80.18702527777778,26.714153222222222]]},"properties":{"style":"solid","thickness":1}},{"type":"Feature","geometry":{"type":"LineString","coordinates":[[-80.1768203888889,26.713673555555555],[-80.17664633333334,26.714278527777775],[-80.17608058333334,26.714808777777776],[-80.17527258333334,26.715056944444445],[-80.17466894444445,26.715094333333333],[-80.17383063888889,26.714948222222223],[-80.17318533333334,26.714443527777778],[-80.17286930555557,26.713918416666665],[-80.17282766666668,26.713376305555556],[-80.17301308333334,26.712919166666666],[-80.17431302777779,26.71189777777778],[-80.17630166666667,26.709793833333332],[-80.17648327777778,26.709287416666665],[-80.17643783333334,26.708696027777776],[-80.17248691666667,26.70894088888889]]},"properties":{"style":"solid","thickness":1}},{"type":"Feature","geometry":{"type":"LineString","coordinates":[[-80.1681423888889,26.71267622222222],[-80.16733816666667,26.71297361111111],[-80.16703161111111,26.713289694444445],[-80.16686886111111,26.714042527777778],[-80.16689155555557,26.71433822222222],[-80.1672265,26.71510975],[-80.16757088888889,26.715286499999998],[-80.16868736111111,26.715464944444445],[-80.16982083333333,26.715147138888888],[-80.17013497222223,26.71492961111111],[-80.17034877777779,26.71412411111111],[-80.17032608333334,26.713828416666665],[-80.17004977777778,26.71310275],[-80.16969783333334,26.712827472222223],[-80.16885577777778,26.712632027777776],[-80.1681423888889,26.71267622222222],[-80.16729275,26.71238222222222],[-80.16669858333334,26.711824805555555],[-80.16637125000001,26.711151833333332],[-80.16635233333334,26.710905416666666],[-80.16650750000001,26.710054027777776],[-80.16706950000001,26.709474527777775],[-80.16782261111112,26.709229833333332],[-80.16859086111111,26.709182249999998],[-80.16937422222223,26.709331805555554],[-80.17001947222222,26.709836527777778],[-80.17029952777779,26.710611444444442],[-80.17032225,26.71090713888889],[-80.17010086111111,26.711614083333334],[-80.16959752777778,26.712239472222223],[-80.16885577777778,26.712632027777776]]},"properties":{"style":"solid","thickness":1}},{"type":"Feature","geometry":{"type":"LineString","coordinates":[[-80.16243133333334,26.715852249999998],[-80.16188255555556,26.71588622222222],[-80.16092319444445,26.71559897222222],[-80.15996575000001,26.71461836111111],[-80.15965172222222,26.713399888888887],[-80.15956475,26.71226636111111],[-80.15968975000001,26.711020722222223],[-80.16054322222223,26.709928055555554],[-80.16140230555555,26.709627305555554],[-80.16195105555556,26.709593333333334],[-80.16279308333334,26.709788805555554],[-80.16380538888889,26.710766],[-80.16411944444445,26.7119845],[-80.16420644444445,26.713117999999998],[-80.16408527777779,26.714412916666667],[-80.16323180555555,26.71550561111111],[-80.16243133333334,26.715852249999998]]},"properties":{"style":"solid","thickness":1}},{"type":"Feature","geometry":{"type":"LineString","coordinates":[[-80.15760211111112,26.716151055555557],[-80.15712208333333,26.70989213888889]]},"properties":{"style":"solid","thickness":1}},{"type":"Feature","geometry":{"type":"LineString","coordinates":[[-80.15425458333334,26.716358083333333],[-80.15729594444446,26.71215913888889]]},"properties":{"style":"solid","thickness":1}},{"type":"Feature","geometry":{"type":"LineString","coordinates":[[-80.15629669444445,26.713508388888886],[-80.15317108333333,26.71013647222222]]},"properties":{"style":"solid","thickness":1}},{"type":"Feature","geometry":{"type":"LineString","coordinates":[[-80.15200958333334,26.586765777777778],[-80.15248886111112,26.59302497222222]]},"properties":{"style":"solid","thickness":1}},{"type":"Feature","geometry":{"type":"LineString","coordinates":[[-80.1501863888889,26.593167444444443],[-80.14651344444445,26.593394666666665],[-80.14667613888889,26.59264183333333],[-80.1470183888889,26.592075972222222],[-80.1475288888889,26.59154922222222],[-80.14858755555557,26.590988527777778],[-80.14776525,26.591039416666664],[-80.14686175000001,26.590748666666666],[-80.14627583333333,26.59028972222222],[-80.14594141666667,26.58951811111111],[-80.14587730555556,26.588680277777776],[-80.14608727777778,26.58782547222222],[-80.14665255555556,26.587295305555553],[-80.14745975000001,26.587047305555554],[-80.1483916388889,26.586989666666664],[-80.149229,26.587135944444444],[-80.14976383333334,26.587647555555556]]},"properties":{"style":"solid","thickness":1}},{"type":"Feature","geometry":{"type":"LineString","coordinates":[[-80.14196330555556,26.593676027777775],[-80.14141511111112,26.593709916666665],[-80.14045677777779,26.593422527777776],[-80.13950050000001,26.59244175],[-80.139187,26.591223166666666],[-80.13910033333335,26.59008961111111],[-80.13922541666668,26.588843916666665],[-80.14007819444446,26.587751333333333],[-80.14093644444445,26.587450694444442],[-80.14148461111112,26.587416805555556],[-80.14232572222222,26.587612416666666],[-80.14333680555556,26.588589777777777],[-80.14365033333334,26.58980833333333],[-80.14373702777779,26.590941916666665],[-80.14361577777778,26.59223686111111],[-80.142763,26.59332947222222],[-80.14196330555556,26.593676027777775]]},"properties":{"style":"solid","thickness":1}},{"type":"Feature","geometry":{"type":"LineString","coordinates":[[-80.13516552777779,26.594096083333334],[-80.13461730555557,26.594129944444443],[-80.13365897222224,26.593842527777777],[-80.13270274999999,26.592861694444444],[-80.13238933333332,26.59164311111111],[-80.13230275,26.590509527777776],[-80.13242788888888,26.58926386111111],[-80.13328072222221,26.588171305555555],[-80.134139,26.58787072222222],[-80.13468716666668,26.58783686111111],[-80.13552827777778,26.588032499999997],[-80.13653930555556,26.589009916666665],[-80.13685275,26.5902285],[-80.13693938888889,26.591362055555553],[-80.13681808333334,26.592657027777776],[-80.13596522222223,26.59374958333333],[-80.13516552777779,26.594096083333334]]},"properties":{"style":"solid","thickness":1}},{"type":"Feature","geometry":{"type":"LineString","coordinates":[[-80.12836766666666,26.594515833333332],[-80.12781944444444,26.594549666666666],[-80.12686113888888,26.594262194444443],[-80.12590497222222,26.593281333333334],[-80.12559163888888,26.59206272222222],[-80.12550508333332,26.59092913888889],[-80.12563030555555,26.58968347222222],[-80.12648322222222,26.58859097222222],[-80.1273415,26.588290416666666],[-80.12788969444443,26.588256583333333],[-80.12873077777778,26.58845225],[-80.12974175,26.58942972222222],[-80.13005513888888,26.590648305555554],[-80.13014172222222,26.59178188888889],[-80.13002030555555,26.59307683333333],[-80.12916741666666,26.59416936111111],[-80.12836766666666,26.594515833333332]]},"properties":{"style":"solid","thickness":1}},{"type":"Feature","geometry":{"type":"LineString","coordinates":[[-80.11984019444444,26.444668055555557],[-80.12031719444444,26.450927583333332]]},"properties":{"style":"solid","thickness":1}},{"type":"Feature","geometry":{"type":"LineString","coordinates":[[-80.1142603611111,26.450855777777775],[-80.11465866666666,26.451029277777778],[-80.11533449999999,26.451235166666667],[-80.11599155555555,26.45119463888889],[-80.11684886111111,26.45089411111111],[-80.11770083333333,26.449801611111113],[-80.11784474999999,26.448802333333333],[-80.11776216666667,26.447718000000002],[-80.11758130555555,26.446788305555557],[-80.11704941666666,26.44558313888889],[-80.11640583333333,26.44507813888889],[-80.11551477777778,26.444935055555554],[-80.11411,26.445269361111112],[-80.11359999999999,26.445796027777778],[-80.11332777777777,26.446555611111112],[-80.11341255555556,26.44694652777778],[-80.1137313611111,26.44752111111111],[-80.11438244444444,26.448124694444445],[-80.11521877777777,26.448271138888888],[-80.11582480555555,26.44828327777778],[-80.1166821111111,26.44798275],[-80.11718458333333,26.4473575],[-80.11738324999999,26.446354833333334]]},"properties":{"style":"solid","thickness":1}},{"type":"Feature","geometry":{"type":"LineString","coordinates":[[-80.10947569444444,26.451596638888887],[-80.10892813888888,26.451630388888887],[-80.10797102777777,26.45134277777778],[-80.10701616666667,26.45036175],[-80.10670338888889,26.449143055555556],[-80.10661713888888,26.448009444444445],[-80.10674238888889,26.446763722222222],[-80.10759444444444,26.445671277777777],[-80.10845172222221,26.445370805555555],[-80.10899925,26.445337055555555],[-80.10983930555555,26.445532833333335],[-80.11084888888888,26.446510472222222],[-80.11116169444443,26.447729166666665],[-80.11124799999999,26.448862777777777],[-80.11112655555554,26.450157777777775],[-80.11027449999999,26.451250249999998],[-80.10947569444444,26.451596638888887]]},"properties":{"style":"solid","thickness":1}},{"type":"Feature","geometry":{"type":"LineString","coordinates":[[-80.10268597222222,26.452015222222222],[-80.10213841666666,26.452048944444442],[-80.10118133333333,26.451761305555554],[-80.10022655555555,26.45078022222222],[-80.09991383333333,26.4495615],[-80.09982763888888,26.44842788888889],[-80.09995297222221,26.447182194444444],[-80.10080508333333,26.44608977777778],[-80.10166238888888,26.44578936111111],[-80.10220991666667,26.44575561111111],[-80.10304994444444,26.445951444444443],[-80.10405949999999,26.44692911111111],[-80.10437222222221,26.448147833333334],[-80.10445847222222,26.449281444444445],[-80.10433694444444,26.450576444444444],[-80.10348483333333,26.45166886111111],[-80.10268597222222,26.452015222222222]]},"properties":{"style":"solid","thickness":1}},{"type":"Feature","geometry":{"type":"LineString","coordinates":[[-80.09589622222222,26.45243347222222],[-80.09534866666667,26.452467194444445],[-80.0943916111111,26.4521795],[-80.0934368611111,26.451198388888887],[-80.09312422222222,26.449979638888887],[-80.09303808333333,26.44884602777778],[-80.09316349999999,26.447600333333334],[-80.09401566666666,26.446507944444445],[-80.09487299999999,26.446207583333333],[-80.09542052777778,26.446173861111113],[-80.09626055555555,26.446369722222222],[-80.09727002777777,26.447347444444446],[-80.09758272222221,26.448566166666666],[-80.09766888888889,26.449699805555557],[-80.09754727777778,26.450994777777776],[-80.0966951111111,26.452087166666665],[-80.09589622222222,26.45243347222222]]},"properties":{"style":"solid","thickness":1}},{"type":"Feature","geometry":{"type":"LineString","coordinates":[[-79.70547616666667,26.627019861111112],[-79.70593175,26.63328027777778]]},"properties":{"style":"solid","thickness":1}},{"type":"Feature","geometry":{"type":"LineString","coordinates":[[-79.70362800000001,26.633415666666668],[-79.69967875,26.633647666666665],[-79.69966083333334,26.633401194444446],[-79.70075283333334,26.63175288888889],[-79.70115683333334,26.630491527777778],[-79.70131994444445,26.62894727777778],[-79.70119805555557,26.62727125]]},"properties":{"style":"solid","thickness":1}},{"type":"Feature","geometry":{"type":"LineString","coordinates":[[-79.6954003888889,26.63389888888889],[-79.69485186111112,26.633931083333334],[-79.69389433333333,26.633640777777778],[-79.6929415,26.632657083333335],[-79.69263255555556,26.631437583333334],[-79.69255016666666,26.630303805555556],[-79.69268002777778,26.629058555555556],[-79.69353725,26.627968638888888],[-79.69439688888889,26.62767063888889],[-79.6949453888889,26.627638444444443],[-79.69578602777779,26.62783663888889],[-79.69679369444445,26.628817083333335],[-79.69710266666667,26.630036555555556],[-79.69718508333334,26.631170333333333],[-79.69705886111112,26.63246488888889],[-79.6962016388889,26.63355483333333],[-79.6954003888889,26.63389888888889]]},"properties":{"style":"solid","thickness":1}},{"type":"Feature","geometry":{"type":"LineString","coordinates":[[-79.68859883333333,26.634298],[-79.68805030555556,26.634330194444445],[-79.68709277777778,26.634039805555556],[-79.68614000000001,26.633056083333333],[-79.68583113888889,26.631836583333335],[-79.68574880555556,26.630702777777778],[-79.68587875,26.629457555555557],[-79.68673602777778,26.628367666666666],[-79.68759569444445,26.62806972222222],[-79.68814419444445,26.628037555555554],[-79.68898480555556,26.62823575],[-79.68999241666667,26.62921625],[-79.69030133333334,26.63043575],[-79.69038369444445,26.631569555555554],[-79.6902573888889,26.632864083333335],[-79.68940011111111,26.633953972222223],[-79.68859883333333,26.634298]]},"properties":{"style":"solid","thickness":1}},{"type":"Feature","geometry":{"type":"LineString","coordinates":[[-79.68179722222223,26.634696805555556],[-79.68124872222222,26.634728944444443],[-79.68029119444445,26.634438527777778],[-79.67933847222223,26.63345475],[-79.67902966666666,26.63223525],[-79.67894741666667,26.631101444444443],[-79.67907741666667,26.629856222222223],[-79.67993477777779,26.628766388888888],[-79.68079447222223,26.628468472222224],[-79.68134294444445,26.628436333333333],[-79.68218358333334,26.628634583333334],[-79.68319113888889,26.62961511111111],[-79.68349997222222,26.63083463888889],[-79.68358227777779,26.631968416666666],[-79.68345588888889,26.633262944444446],[-79.68259855555556,26.634352805555555],[-79.68179722222223,26.634696805555556]]},"properties":{"style":"solid","thickness":1}},{"type":"Feature","geometry":{"type":"LineString","coordinates":[[-79.56561644444444,26.553884833333335],[-79.56276597222222,26.554049694444444]]},"properties":{"style":"solid","thickness":1}},{"type":"Feature","geometry":{"type":"LineString","coordinates":[[-79.56183336111111,26.55717277777778],[-79.56583508333333,26.556941333333334],[-79.56538725,26.55068041666667]]},"properties":{"style":"solid","thickness":1}},{"type":"Feature","geometry":{"type":"LineString","coordinates":[[-79.55958580555556,26.55730275],[-79.55913830555555,26.551041805555556],[-79.55519158333333,26.55126988888889]]},"properties":{"style":"solid","thickness":1}},{"type":"Feature","geometry":{"type":"LineString","coordinates":[[-79.55288933333333,26.551402916666667],[-79.5533365,26.557663861111113]]},"properties":{"style":"solid","thickness":1}},{"type":"Feature","geometry":{"type":"LineString","coordinates":[[-79.5468705,26.55576013888889],[-79.54769127777777,26.55492075],[-79.54854725,26.554574305555555],[-79.54909188888888,26.554493361111113],[-79.54993877777778,26.55479097222222],[-79.55057697222222,26.55524913888889],[-79.55090738888889,26.556022083333335],[-79.55092499999999,26.556268583333335],[-79.55076555555556,26.557119333333333],[-79.55019422222222,26.557597833333332],[-79.54933472222223,26.557894972222222],[-79.54878655555555,26.55792663888889],[-79.54794666666666,26.557727611111112],[-79.54725716666667,26.55732188888889],[-79.54692327777778,26.55649963888889],[-79.54679308333333,26.554675583333335],[-79.54685697222222,26.55402836111111],[-79.54697772222222,26.552635333333335],[-79.54722013888889,26.552175805555557],[-79.54753144444445,26.551910333333336],[-79.5483396111111,26.55166566666667],[-79.54888777777778,26.55163402777778],[-79.54972408333333,26.551783722222222],[-79.55007058333334,26.55201125]]},"properties":{"style":"solid","thickness":1}},{"type":"Feature","geometry":{"type":"LineString","coordinates":[[-79.54281127777777,26.5582715],[-79.54226308333332,26.558303111111112],[-79.54130655555555,26.55801177777778],[-79.54035561111111,26.557027083333335],[-79.54004844444444,26.55580725],[-79.53996758333334,26.55467338888889],[-79.54009897222222,26.55342825],[-79.54095702777778,26.552339222222223],[-79.5418165,26.55204213888889],[-79.54236466666667,26.5520105],[-79.5432045,26.552209555555557],[-79.54421022222222,26.553191083333335],[-79.54451741666666,26.55441088888889],[-79.54459833333333,26.55554477777778],[-79.5444705,26.556839194444446],[-79.54361247222222,26.55792825],[-79.54281127777777,26.5582715]]},"properties":{"style":"solid","thickness":1}},{"type":"Feature","geometry":{"type":"LineString","coordinates":[[-79.70959005555555,26.436233944444446],[-79.71004519444445,26.44249472222222]]},"properties":{"style":"solid","thickness":1}},{"type":"Feature","geometry":{"type":"LineString","coordinates":[[-79.70398919444445,26.442405833333332],[-79.70438686111112,26.442580444444445],[-79.70506191666666,26.442788222222223],[-79.70571905555556,26.442749527777778],[-79.70657733333334,26.442451444444444],[-79.70743302777778,26.44136138888889],[-79.70758041666667,26.44036252777778],[-79.70750158333334,26.439278],[-79.707324,26.43834777777778],[-79.70679636111112,26.437141166666667],[-79.70615458333333,26.43663436111111],[-79.7052641388889,26.43648877777778],[-79.70385830555556,26.436819083333333],[-79.70334652777778,26.437344305555555],[-79.70307169444445,26.43810311111111],[-79.70315508333334,26.438494277777778],[-79.70347186111111,26.43906972222222],[-79.70412077777777,26.43967511111111],[-79.70495652777778,26.439823944444445],[-79.70556247222223,26.43983777777778],[-79.70642072222222,26.439539694444445],[-79.70692533333333,26.438915861111113],[-79.70712747222223,26.437913777777776]]},"properties":{"style":"solid","thickness":1}},{"type":"Feature","geometry":{"type":"LineString","coordinates":[[-79.69920238888889,26.44313313888889],[-79.69865477777778,26.443165361111113],[-79.69769877777779,26.442875055555557],[-79.69674744444445,26.44189136111111],[-79.69643894444445,26.440671805555557],[-79.69635663888889,26.439537944444446],[-79.69648622222222,26.43829263888889],[-79.69734197222222,26.43720261111111],[-79.69820022222223,26.436904583333334],[-79.69874783333334,26.43687236111111],[-79.69958711111111,26.4370705],[-79.70059319444445,26.43805097222222],[-79.70090172222223,26.43927052777778],[-79.70098408333334,26.44040436111111],[-79.70085811111112,26.441699],[-79.70000236111112,26.442789027777778],[-79.69920238888889,26.44313313888889]]},"properties":{"style":"solid","thickness":1}},{"type":"Feature","geometry":{"type":"LineString","coordinates":[[-79.6924118888889,26.443532555555556],[-79.69186427777778,26.44356475],[-79.69090827777778,26.443274388888888],[-79.689957,26.44229063888889],[-79.68964855555556,26.441071083333334],[-79.68956633333333,26.43993725],[-79.68969597222222,26.438691916666667],[-79.69055180555556,26.437601944444445],[-79.69141008333334,26.437303944444444],[-79.69195769444445,26.43727175],[-79.69279694444445,26.437469944444445],[-79.69380297222223,26.438450444444445],[-79.69411144444445,26.43967],[-79.69419372222222,26.44080386111111],[-79.69406769444444,26.442098472222224],[-79.69321186111111,26.44318847222222],[-79.6924118888889,26.443532555555556]]},"properties":{"style":"solid","thickness":1}},{"type":"Feature","geometry":{"type":"LineString","coordinates":[[-79.68562136111112,26.443931638888888],[-79.68507372222223,26.443963833333335],[-79.68411775,26.443673416666666],[-79.68316652777779,26.44268963888889],[-79.68285816666668,26.441470055555556],[-79.68277597222223,26.440336194444445],[-79.68290572222223,26.439090888888888],[-79.68376161111111,26.438000944444443],[-79.68461988888889,26.437703],[-79.6851675,26.437670833333332],[-79.68600675,26.437869055555556],[-79.68701275000001,26.438849611111113],[-79.68732113888889,26.440069194444444],[-79.68740336111111,26.441203027777778],[-79.68727725000001,26.442497638888888],[-79.68642136111112,26.443587611111113],[-79.68562136111112,26.443931638888888]]},"properties":{"style":"solid","thickness":1}},{"type":"Feature","geometry":{"type":"LineString","coordinates":[[-80.11906036111111,26.39143011111111],[-80.11881261111111,26.388177055555555]]},"properties":{"style":"solid","thickness":1}},{"type":"Feature","geometry":{"type":"LineString","coordinates":[[-80.1214785,26.394301444444444],[-80.11906036111111,26.39143011111111],[-80.11710019444443,26.394571916666667]]},"properties":{"style":"solid","thickness":1}},{"type":"Feature","geometry":{"type":"LineString","coordinates":[[-80.11044261111111,26.390179472222222],[-80.11389038888888,26.38996663888889]]},"properties":{"style":"solid","thickness":1}},{"type":"Feature","geometry":{"type":"LineString","coordinates":[[-80.1143251111111,26.388454194444446],[-80.11250297222222,26.394855749999998],[-80.10978283333333,26.38873458333333]]},"properties":{"style":"solid","thickness":1}},{"type":"Feature","geometry":{"type":"LineString","coordinates":[[-80.10359788888888,26.394167166666666],[-80.10455225,26.395148222222222],[-80.10544291666666,26.39529138888889],[-80.10604491666666,26.39525425],[-80.1068508611111,26.395006444444444],[-80.10770252777778,26.393914],[-80.10781647222221,26.39252038888889],[-80.10776025,26.391781055555555],[-80.10772275,26.391288166666666],[-80.10763427777778,26.390847944444445],[-80.10741011111111,26.390069472222223],[-80.10640480555556,26.38914108333333],[-80.10556891666666,26.388994555555556],[-80.1050763611111,26.389024944444444],[-80.10416099999999,26.38927947222222],[-80.10330558333332,26.39032261111111]]},"properties":{"style":"solid","thickness":1}},{"type":"Feature","geometry":{"type":"LineString","coordinates":[[-80.10144763888889,26.39553775],[-80.1009718611111,26.389278027777777]]},"properties":{"style":"solid","thickness":1}},{"type":"Feature","geometry":{"type":"LineString","coordinates":[[-80.09810913888889,26.39574352777778],[-80.10114419444444,26.391545333333333]]},"properties":{"style":"solid","thickness":1}},{"type":"Feature","geometry":{"type":"LineString","coordinates":[[-80.10014702777777,26.392894333333334],[-80.09703152777777,26.38952088888889]]},"properties":{"style":"solid","thickness":1}},{"type":"Feature","geometry":{"type":"LineString","coordinates":[[-80.09323816666667,26.39604361111111],[-80.09269086111111,26.396077333333334],[-80.09173425,26.39578961111111],[-80.09078,26.394808444444443],[-80.09046752777778,26.393589694444444],[-80.09038147222222,26.392456055555556],[-80.09050683333332,26.391210333333333],[-80.09135863888888,26.39011797222222],[-80.09221555555555,26.389817583333333],[-80.09276283333332,26.38978388888889],[-80.09360244444444,26.38997977777778],[-80.09461141666667,26.39095752777778],[-80.09492391666666,26.39217627777778],[-80.09501002777778,26.393309916666666],[-80.09488844444444,26.394604916666665],[-80.09403666666667,26.395697305555554],[-80.09323816666667,26.39604361111111]]},"properties":{"style":"solid","thickness":1}},{"type":"Feature","geometry":{"type":"LineString","coordinates":[[-80.13589441666667,26.376796416666668],[-80.13637200000001,26.38305602777778]]},"properties":{"style":"solid","thickness":1}},{"type":"Feature","geometry":{"type":"LineString","coordinates":[[-80.13407363888889,26.38319827777778],[-80.13040716666666,26.383425111111112],[-80.13056969444443,26.38267225],[-80.13091141666666,26.38210638888889],[-80.13142105555555,26.38157963888889],[-80.13247791666666,26.381019055555555],[-80.13165708333332,26.381069833333335],[-80.13075522222222,26.380778972222224],[-80.13017041666666,26.380319944444445],[-80.12983669444444,26.37954825],[-80.12977280555555,26.37871036111111],[-80.12998252777777,26.37785552777778],[-80.1305468611111,26.377325388888888],[-80.13135263888888,26.377077472222222],[-80.13228288888888,26.37701991666667],[-80.13311872222222,26.37716627777778],[-80.13365255555556,26.377677972222223]]},"properties":{"style":"solid","thickness":1}},{"type":"Feature","geometry":{"type":"LineString","coordinates":[[-80.12586513888888,26.383706],[-80.12531791666666,26.383739833333333],[-80.12436130555555,26.383452305555554],[-80.12340688888888,26.382471388888888],[-80.1230941111111,26.381252694444445],[-80.12300775,26.380119055555557],[-80.12313275,26.378873305555555],[-80.12398413888889,26.37778075],[-80.12484091666666,26.377480194444445],[-80.1253881111111,26.37744636111111],[-80.12622769444444,26.377642055555555],[-80.12723683333333,26.378619583333332],[-80.12754963888888,26.37983825],[-80.12763605555556,26.38097188888889],[-80.12751486111111,26.382266944444446],[-80.12666344444443,26.383359527777777],[-80.12586513888888,26.383706]]},"properties":{"style":"solid","thickness":1}},{"type":"Feature","geometry":{"type":"LineString","coordinates":[[-80.11907941666666,26.38412536111111],[-80.11853216666665,26.384159166666667],[-80.11757558333332,26.38387161111111],[-80.11662122222222,26.382890638888888],[-80.11630849999999,26.381671944444445],[-80.11622219444443,26.380538277777777],[-80.11634727777778,26.379292555555555],[-80.11719875,26.37820002777778],[-80.11805552777777,26.3778995],[-80.11860275,26.377865694444445],[-80.11944230555555,26.378061444444445],[-80.12045141666665,26.37903902777778],[-80.12076413888889,26.380257694444445],[-80.12085049999999,26.381391361111113],[-80.12072919444444,26.38268638888889],[-80.11987774999999,26.383778916666667],[-80.11907941666666,26.38412536111111]]},"properties":{"style":"solid","thickness":1}},{"type":"Feature","geometry":{"type":"LineString","coordinates":[[-80.11229363888889,26.384544416666667],[-80.11174638888889,26.384578194444444],[-80.11078983333333,26.384290583333332],[-80.10983549999999,26.383309555555556],[-80.1095228611111,26.382090861111113],[-80.10943661111111,26.380957194444445],[-80.10956177777777,26.379711472222223],[-80.11041330555555,26.378619],[-80.11127011111111,26.3783185],[-80.11181730555555,26.378284722222222],[-80.11265688888888,26.378480500000002],[-80.11366591666666,26.37945813888889],[-80.11397858333332,26.380676833333332],[-80.1140648611111,26.381810472222224],[-80.11394352777778,26.3831055],[-80.11309197222222,26.384197999999998],[-80.11229363888889,26.384544416666667]]},"properties":{"style":"solid","thickness":1}},{"type":"Feature","geometry":{"type":"LineString","coordinates":[[-80.10511633333333,26.32873836111111],[-80.10106863888889,26.328988083333332],[-80.10464061111111,26.322478555555556],[-80.10031963888888,26.322745138888887]]},"properties":{"style":"solid","thickness":1}},{"type":"Feature","geometry":{"type":"LineString","coordinates":[[-80.09613625,26.3262715],[-80.09588927777777,26.32301836111111]]},"properties":{"style":"solid","thickness":1}},{"type":"Feature","geometry":{"type":"LineString","coordinates":[[-80.0985525,26.329143277777778],[-80.09613625,26.3262715],[-80.09417655555555,26.329413055555555]]},"properties":{"style":"solid","thickness":1}},{"type":"Feature","geometry":{"type":"LineString","coordinates":[[-80.08746447222222,26.32858858333333],[-80.08847288888889,26.329566416666665],[-80.08936302777778,26.329709666666666],[-80.09001941666666,26.329669222222222],[-80.09071555555555,26.32942825],[-80.09156688888888,26.32833586111111],[-80.09168469444444,26.326991555555555],[-80.09160613888888,26.325956472222224],[-80.09122044444445,26.32449461111111],[-80.09032519444445,26.323559361111112],[-80.08948980555554,26.32341275],[-80.08888813888889,26.323449805555555],[-80.08802794444443,26.32370088888889],[-80.0871766111111,26.32479325],[-80.08727008333332,26.3260255],[-80.08847341666666,26.32595138888889]]},"properties":{"style":"solid","thickness":1}},{"type":"Feature","geometry":{"type":"LineString","coordinates":[[-80.08090058333333,26.32899272222222],[-80.08190891666666,26.329970583333335],[-80.08279908333333,26.330113861111112],[-80.08345547222221,26.33007347222222],[-80.08415161111111,26.32983252777778],[-80.08500302777777,26.328740166666666],[-80.08512088888888,26.32739586111111],[-80.08504241666667,26.32636077777778],[-80.08465680555555,26.324898916666665],[-80.0837616111111,26.32396361111111],[-80.08292619444444,26.32381697222222],[-80.08232452777777,26.323854],[-80.08146433333333,26.324105027777776],[-80.08061291666667,26.325197361111112],[-80.08070630555555,26.32642961111111],[-80.08190966666666,26.326355555555555]]},"properties":{"style":"solid","thickness":1}},{"type":"Feature","geometry":{"type":"LineString","coordinates":[[-80.0763355,26.32749088888889],[-80.07608905555556,26.32423772222222]]},"properties":{"style":"solid","thickness":1}},{"type":"Feature","geometry":{"type":"LineString","coordinates":[[-80.07875127777777,26.330363],[-80.0763355,26.32749088888889],[-80.07437527777778,26.330632166666668]]},"properties":{"style":"solid","thickness":1}},{"type":"Feature","geometry":{"type":"LineString","coordinates":[[-80.11702005555554,26.31136011111111],[-80.11749638888888,26.31761988888889]]},"properties":{"style":"solid","thickness":1}},{"type":"Feature","geometry":{"type":"LineString","coordinates":[[-80.11472308333333,26.311502055555557],[-80.11519927777778,26.317761833333332]]},"properties":{"style":"solid","thickness":1}},{"type":"Feature","geometry":{"type":"LineString","coordinates":[[-80.11093319444444,26.318025388888888],[-80.11038627777778,26.318059138888888],[-80.10943024999999,26.31777152777778],[-80.10847647222222,26.3167905],[-80.10816402777778,26.31557175],[-80.10807783333333,26.314438083333336],[-80.10820294444444,26.313192333333333],[-80.109054,26.312099833333335],[-80.10991030555554,26.311799333333333],[-80.11045722222222,26.311765583333333],[-80.11129630555556,26.311961361111113],[-80.11230477777777,26.312939],[-80.11261725,26.31415775],[-80.11270347222222,26.315291416666668],[-80.11258216666666,26.316586444444447],[-80.11173111111111,26.31767897222222],[-80.11093319444444,26.318025388888888]]},"properties":{"style":"solid","thickness":1}},{"type":"Feature","geometry":{"type":"LineString","coordinates":[[-80.10415119444444,26.318444055555556],[-80.10360424999999,26.318477805555556],[-80.10264824999999,26.318190166666668],[-80.10169452777777,26.317209055555555],[-80.10138213888888,26.315990305555555],[-80.10129602777778,26.31485663888889],[-80.10142119444444,26.31361088888889],[-80.10227233333333,26.312518444444446],[-80.10312866666666,26.312218],[-80.10367555555555,26.31218425],[-80.10451466666666,26.312380055555558],[-80.10552305555555,26.313357777777778],[-80.10583547222221,26.3145765],[-80.10592163888889,26.31571016666667],[-80.10580024999999,26.31700522222222],[-80.10494913888888,26.318097694444443],[-80.10415119444444,26.318444055555556]]},"properties":{"style":"solid","thickness":1}},{"type":"Feature","geometry":{"type":"LineString","coordinates":[[-80.09736913888888,26.318862444444445],[-80.09682219444444,26.318896166666665],[-80.09586619444444,26.318608472222223],[-80.09491252777778,26.317627305555554],[-80.09460022222221,26.316408555555558],[-80.09451416666666,26.31527488888889],[-80.09463941666667,26.31402913888889],[-80.0954906111111,26.312936722222222],[-80.09634694444443,26.312636305555557],[-80.09689386111111,26.312602583333334],[-80.09773294444445,26.312798444444446],[-80.09874130555555,26.313776194444443],[-80.09905363888889,26.314994972222223],[-80.09913974999999,26.31612863888889],[-80.09901827777777,26.317423666666667],[-80.09816708333332,26.318516111111112],[-80.09736913888888,26.318862444444445]]},"properties":{"style":"solid","thickness":1}},{"type":"Feature","geometry":{"type":"LineString","coordinates":[[-80.08522988888889,26.31849775],[-80.08505597222222,26.319102722222222],[-80.08449169444444,26.319632666666667],[-80.08368622222221,26.319880333333334],[-80.08308455555556,26.31991738888889],[-80.08224919444444,26.319770722222223],[-80.08160644444445,26.319265583333333],[-80.08129188888888,26.31874022222222],[-80.08125080555556,26.31819802777778],[-80.08143594444444,26.317740944444445],[-80.08273230555555,26.31672025],[-80.0847158611111,26.314617277777778],[-80.08489727777777,26.314110916666667],[-80.08485241666666,26.31351941666667],[-80.08091458333332,26.31376186111111]]},"properties":{"style":"solid","thickness":1}},{"type":"Feature","geometry":{"type":"LineString","coordinates":[[-80.07542722222222,26.32038861111111],[-80.07881833333333,26.32017997222222],[-80.07886772222221,26.317205722222223],[-80.07759613888888,26.317828694444444],[-80.07666636111111,26.31788588888889],[-80.07576883333333,26.31764397222222],[-80.07518083333333,26.317135416666666],[-80.0748513611111,26.31641288888889],[-80.07479163888888,26.31562425],[-80.07500538888888,26.314818777777777],[-80.07551497222222,26.314292222222225],[-80.07670327777777,26.314021027777777],[-80.07752366666666,26.313970555555557],[-80.07814022222222,26.314130694444444],[-80.07867352777778,26.31464261111111]]},"properties":{"style":"solid","thickness":1}},{"type":"Feature","geometry":{"type":"LineString","coordinates":[[-80.0708875,26.32066777777778],[-80.07034052777777,26.320701416666665],[-80.06938458333333,26.320413527777777],[-80.06843111111111,26.319432222222222],[-80.06811908333333,26.31821338888889],[-80.06803327777777,26.31707972222222],[-80.06815880555556,26.315834000000002],[-80.06901024999999,26.31474175],[-80.06986669444444,26.3144415],[-80.0704136111111,26.31440786111111],[-80.07125266666667,26.31460388888889],[-80.07226080555556,26.315581805555556],[-80.07257288888889,26.31680063888889],[-80.07265872222222,26.317934305555557],[-80.07253697222222,26.319229333333332],[-80.07168552777777,26.320321611111112],[-80.0708875,26.32066777777778]]},"properties":{"style":"solid","thickness":1}},{"type":"Feature","geometry":{"type":"LineString","coordinates":[[-80.06607425,26.320963638888887],[-80.06560063888888,26.314703694444447]]},"properties":{"style":"solid","thickness":1}},{"type":"Feature","geometry":{"type":"LineString","coordinates":[[-80.06273777777777,26.321168611111112],[-80.06577216666666,26.316971083333332]]},"properties":{"style":"solid","thickness":1}},{"type":"Feature","geometry":{"type":"LineString","coordinates":[[-80.06477525,26.318319833333334],[-80.06166272222222,26.314945611111114]]},"properties":{"style":"solid","thickness":1}},{"type":"Feature","geometry":{"type":"LineString","coordinates":[[-80.00337333333333,26.25128861111111],[-80.00281641666666,26.251916833333333],[-80.00259861111111,26.25267291666667],[-80.0026171111111,26.252919388888888],[-80.00295336111111,26.253740694444446],[-80.003916,26.254127583333332],[-80.006704,26.253957333333332],[-80.00623377777778,26.247697111111112],[-80.00311794444444,26.24788738888889],[-80.00227663888889,26.248384416666667],[-80.00201155555555,26.249242416666668],[-80.00206705555556,26.249981833333333],[-80.00245058333333,26.250701194444446],[-80.00337333333333,26.25128861111111],[-80.00648925,26.251098333333335]]},"properties":{"style":"solid","thickness":1}},{"type":"Feature","geometry":{"type":"LineString","coordinates":[[-79.99967411111112,26.248097583333333],[-80.000144,26.254357833333334],[-79.9953556388889,26.248361083333336],[-79.99582530555556,26.254621361111113]]},"properties":{"style":"solid","thickness":1}},{"type":"Feature","geometry":{"type":"LineString","coordinates":[[-79.99335472222222,26.251701861111112],[-79.99051208333333,26.251875194444445]]},"properties":{"style":"solid","thickness":1}},{"type":"Feature","geometry":{"type":"LineString","coordinates":[[-79.98959322222223,26.255001361111113],[-79.99358394444444,26.254758055555556],[-79.99311441666667,26.24849777777778]]},"properties":{"style":"solid","thickness":1}},{"type":"Feature","geometry":{"type":"LineString","coordinates":[[-79.9833278611111,26.254937472222224],[-79.98445444444445,26.255314527777777],[-79.98571180555555,26.255237916666665],[-79.98682658333334,26.254724305555555],[-79.98725947222222,26.253905638888888],[-79.98723730555555,26.25360988888889],[-79.98663522222222,26.252903777777778],[-79.98335377777778,26.251618166666667],[-79.98275541666666,26.250961333333333],[-79.98276575,26.2503665],[-79.98319866666667,26.249547833333335],[-79.98409472222222,26.249047555555556],[-79.98540669444445,26.24896763888889],[-79.98602277777778,26.24912816666667],[-79.98693805555556,26.24961711111111]]},"properties":{"style":"solid","thickness":1}},{"type":"Feature","geometry":{"type":"LineString","coordinates":[[-79.98079169444445,26.255537611111112],[-79.98032283333333,26.249277305555555]]},"properties":{"style":"solid","thickness":1}},{"type":"Feature","geometry":{"type":"LineString","coordinates":[[-79.97638694444444,26.249516944444444],[-79.97685561111112,26.25577725]]},"properties":{"style":"solid","thickness":1}},{"type":"Feature","geometry":{"type":"LineString","coordinates":[[-79.97662311111111,26.25267175],[-79.98055911111112,26.252432111111112]]},"properties":{"style":"solid","thickness":1}},{"type":"Feature","geometry":{"type":"LineString","coordinates":[[-79.80254738888888,26.379019777777778],[-79.80099299999999,26.37282438888889],[-79.80002983333333,26.37916977777778],[-79.79814722222223,26.372993916666665],[-79.79740280555555,26.37932627777778]]},"properties":{"style":"solid","thickness":1}},{"type":"Feature","geometry":{"type":"LineString","coordinates":[[-79.79313386111112,26.379580444444446],[-79.79258655555556,26.37961302777778],[-79.79163083333333,26.379323333333335],[-79.79067919444444,26.378340222222224],[-79.79036988888889,26.377120861111113],[-79.79028672222222,26.37598702777778],[-79.79041522222222,26.374741583333332],[-79.79126966666666,26.373651],[-79.79212722222222,26.37335238888889],[-79.7926745,26.373319805555557],[-79.7935135,26.37351741666667],[-79.79451983333333,26.37449725],[-79.79482916666666,26.37571663888889],[-79.79491238888889,26.376850444444443],[-79.79478752777777,26.378145194444446],[-79.79393311111112,26.379235805555556],[-79.79313386111112,26.379580444444446]]},"properties":{"style":"solid","thickness":1}},{"type":"Feature","geometry":{"type":"LineString","coordinates":[[-79.78634727777778,26.379984305555556],[-79.78579997222222,26.380016833333332],[-79.78484427777778,26.379727111111112],[-79.78389269444445,26.378743944444444],[-79.78358344444445,26.377524555555556],[-79.78350036111111,26.37639075],[-79.78362894444444,26.375145305555556],[-79.78448344444445,26.37405475],[-79.78534102777778,26.373756194444447],[-79.78588830555556,26.37372363888889],[-79.78672727777777,26.37392127777778],[-79.78773355555555,26.374901166666668],[-79.78804283333334,26.376120555555556],[-79.78812599999999,26.377254361111113],[-79.78800105555555,26.378549111111113],[-79.78714655555555,26.379639666666666],[-79.78634727777778,26.379984305555556]]},"properties":{"style":"solid","thickness":1}},{"type":"Feature","geometry":{"type":"LineString","coordinates":[[-79.77750313888889,26.3800645],[-79.77863024999999,26.380443111111113],[-79.77988905555556,26.380368305555557],[-79.78100591666667,26.379856305555556],[-79.78144069444444,26.379038277777777],[-79.781419,26.3787425],[-79.78081752777777,26.378035583333332],[-79.7775348888889,26.376745361111112],[-79.77693705555555,26.376087722222223],[-79.77694844444444,26.37549288888889],[-79.77738325,26.37467488888889],[-79.77828111111111,26.374175916666665],[-79.77959458333333,26.37409786111111],[-79.78021105555555,26.374259277777778],[-79.78112641666667,26.374749472222224]]},"properties":{"style":"solid","thickness":1}},{"type":"Feature","geometry":{"type":"LineString","coordinates":[[-79.77061794444444,26.376116472222222],[-79.77406586111111,26.375911722222224]]},"properties":{"style":"solid","thickness":1}},{"type":"Feature","geometry":{"type":"LineString","coordinates":[[-79.77450488888888,26.374400305555557],[-79.77266458333334,26.38079752777778],[-79.76996244444445,26.374670055555555]]},"properties":{"style":"solid","thickness":1}},{"type":"Feature","geometry":{"type":"LineString","coordinates":[[-79.8807271111111,26.322813333333333],[-79.88167905555555,26.32379588888889],[-79.88256888888888,26.32394038888889],[-79.8831706111111,26.323904166666665],[-79.88397652777779,26.32365761111111],[-79.88482975000001,26.322566444444444],[-79.88494622222223,26.321172999999998],[-79.88489141666668,26.320433583333333],[-79.8848548888889,26.319940638888887],[-79.88476730555556,26.319500277777777],[-79.88454475,26.318721416666666],[-79.88354177777778,26.3177915],[-79.88270669444444,26.317643694444445],[-79.88221438888888,26.31767333333333],[-79.8812991111111,26.317926472222222],[-79.88044224999999,26.318968333333334]]},"properties":{"style":"solid","thickness":1}},{"type":"Feature","geometry":{"type":"LineString","coordinates":[[-79.87422833333332,26.31963913888889],[-79.87767447222221,26.319431916666666]]},"properties":{"style":"solid","thickness":1}},{"type":"Feature","geometry":{"type":"LineString","coordinates":[[-79.87811194444444,26.317920166666667],[-79.87627813888888,26.324318833333333],[-79.8735718611111,26.318193166666667]]},"properties":{"style":"solid","thickness":1}},{"type":"Feature","geometry":{"type":"LineString","coordinates":[[-79.86776638888888,26.324384805555557],[-79.86889327777777,26.32476272222222],[-79.87015144444443,26.32468711111111],[-79.87126736111111,26.324174416666665],[-79.87170130555555,26.32335611111111],[-79.87167941666667,26.323060333333334],[-79.87107766666666,26.322353777777778],[-79.86779555555555,26.321065583333333],[-79.86719749999999,26.320408305555556],[-79.86720844444444,26.319813472222222],[-79.86764238888888,26.318995166666667],[-79.86853947222221,26.318495638888887],[-79.86985227777777,26.31841675],[-79.87046858333332,26.318577777777776],[-79.87138388888889,26.319067416666666]]},"properties":{"style":"solid","thickness":1}},{"type":"Feature","geometry":{"type":"LineString","coordinates":[[-79.86522816666665,26.32498288888889],[-79.86068780555556,26.3252555]]},"properties":{"style":"solid","thickness":1}},{"type":"Feature","geometry":{"type":"LineString","coordinates":[[-79.86293063888888,26.32512086111111],[-79.86246777777777,26.318860333333333]]},"properties":{"style":"solid","thickness":1}},{"type":"Feature","geometry":{"type":"LineString","coordinates":[[-79.85844497222222,26.325390111111112],[-79.85390455555554,26.325662527777776]]},"properties":{"style":"solid","thickness":1}},{"type":"Feature","geometry":{"type":"LineString","coordinates":[[-79.85614741666666,26.325527972222222],[-79.85568491666666,26.319267416666666]]},"properties":{"style":"solid","thickness":1}},{"type":"Feature","geometry":{"type":"LineString","coordinates":[[-79.89879819444445,26.30632166666667],[-79.89926294444444,26.312582111111112]]},"properties":{"style":"solid","thickness":1}},{"type":"Feature","geometry":{"type":"LineString","coordinates":[[-79.89687058333334,26.311438944444443],[-79.89669569444445,26.312043666666668],[-79.89613061111112,26.31257288888889],[-79.89532480555556,26.31281952777778],[-79.89472313888889,26.312855777777777],[-79.89388805555556,26.312708055555557],[-79.89324616666667,26.312202055555556],[-79.89293244444445,26.311676305555558],[-79.89289222222223,26.311134055555556],[-79.89307811111112,26.31067722222222],[-79.89437600000001,26.30965822222222],[-79.89636277777778,26.307557833333334],[-79.89654497222223,26.307051694444446],[-79.89650108333333,26.306460166666668],[-79.89256311111112,26.306697500000002]]},"properties":{"style":"solid","thickness":1}},{"type":"Feature","geometry":{"type":"LineString","coordinates":[[-79.88876116666667,26.313215],[-79.88821419444444,26.31324791666667],[-79.88725877777779,26.312958861111113],[-79.8863068888889,26.31197636111111],[-79.88599675,26.31075713888889],[-79.88591269444446,26.30962336111111],[-79.8860401388889,26.308377805555555],[-79.88689319444445,26.307286611111113],[-79.88775002777778,26.306987444444445],[-79.88829697222224,26.3069545],[-79.88913566666668,26.307151583333333],[-79.89014225000001,26.30813075],[-79.89045241666668,26.309349944444445],[-79.89053650000001,26.31048375],[-79.89041277777778,26.311778583333336],[-79.88955969444446,26.312869805555557],[-79.88876116666667,26.313215]]},"properties":{"style":"solid","thickness":1}},{"type":"Feature","geometry":{"type":"LineString","coordinates":[[-79.88197872222221,26.313623305555556],[-79.88143174999999,26.313656222222225],[-79.88047633333332,26.313367111111113],[-79.87952449999999,26.312384583333333],[-79.87921441666666,26.31116536111111],[-79.87913044444444,26.310031555555558],[-79.87925794444443,26.308786027777778],[-79.88011108333333,26.307694861111113],[-79.88096794444444,26.30739572222222],[-79.88151488888889,26.307362833333332],[-79.88235355555555,26.30755991666667],[-79.88336008333334,26.308539166666666],[-79.88367019444445,26.30975836111111],[-79.88375419444445,26.31089216666667],[-79.88363038888889,26.312187],[-79.88277727777778,26.313278166666667],[-79.88197872222221,26.313623305555556]]},"properties":{"style":"solid","thickness":1}},{"type":"Feature","geometry":{"type":"LineString","coordinates":[[-79.87519622222221,26.314031333333332],[-79.87464924999999,26.31406422222222],[-79.87369383333332,26.313775055555556],[-79.87274205555555,26.312792472222224],[-79.87243205555555,26.311573250000002],[-79.87234813888888,26.310439444444444],[-79.87247572222222,26.30919391666667],[-79.87332891666667,26.308102805555556],[-79.87418580555556,26.307803694444445],[-79.87473274999999,26.307770805555556],[-79.87557141666666,26.307967944444446],[-79.87657788888889,26.30894725],[-79.87688791666666,26.310166472222225],[-79.8769718611111,26.311300250000002],[-79.876848,26.312595083333335],[-79.87599477777778,26.313686222222223],[-79.87519622222221,26.314031333333332]]},"properties":{"style":"solid","thickness":1}},{"type":"Feature","geometry":{"type":"LineString","coordinates":[[-79.86193697222221,26.313715472222224],[-79.86176191666667,26.31432013888889],[-79.86119666666666,26.31484922222222],[-79.86039075,26.315095666666668],[-79.85978908333333,26.31513177777778],[-79.85895402777777,26.314983861111113],[-79.85831227777777,26.31447772222222],[-79.85799869444443,26.31395186111111],[-79.85795863888889,26.313409611111112],[-79.85814463888889,26.312952833333334],[-79.8594428611111,26.31193413888889],[-79.86143030555554,26.30983425],[-79.86161266666666,26.30932813888889],[-79.86156891666666,26.308736583333335],[-79.85763083333333,26.308973]]},"properties":{"style":"solid","thickness":1}},{"type":"Feature","geometry":{"type":"LineString","coordinates":[[-79.85213122222221,26.31559125],[-79.85552255555555,26.315387833333332],[-79.85557758333333,26.312413666666668],[-79.85430488888888,26.313034666666667],[-79.85337502777777,26.313090444444445],[-79.85247799999999,26.312847166666668],[-79.851891,26.312337722222225],[-79.85156291666667,26.311614694444444],[-79.85150466666666,26.310825944444446],[-79.85171991666667,26.310020805555556],[-79.85223049999999,26.309495055555555],[-79.85341924999999,26.309225694444446],[-79.85423969444444,26.309176472222223],[-79.85485591666666,26.309337555555555],[-79.85538822222222,26.309850277777777]]},"properties":{"style":"solid","thickness":1}},{"type":"Feature","geometry":{"type":"LineString","coordinates":[[-79.84759119444443,26.315863472222222],[-79.84704419444444,26.31589625],[-79.84608886111111,26.315606916666667],[-79.84513727777777,26.314624138888888],[-79.84482755555555,26.313404861111113],[-79.84474391666666,26.312271055555556],[-79.84487177777777,26.31102552777778],[-79.84572525,26.309934583333334],[-79.84658222222222,26.30963566666667],[-79.84712916666666,26.309602861111113],[-79.84796780555556,26.30980016666667],[-79.84897405555554,26.31077963888889],[-79.84928380555554,26.311998916666667],[-79.8493675,26.313132722222225],[-79.84924333333333,26.314427555555557],[-79.8483898611111,26.3155185],[-79.84759119444443,26.315863472222222]]},"properties":{"style":"solid","thickness":1}},{"type":"Feature","geometry":{"type":"LineString","coordinates":[[-80.07926641666667,26.218732166666666],[-80.07879249999999,26.21247208333333]]},"properties":{"style":"solid","thickness":1}},{"type":"Feature","geometry":{"type":"LineString","coordinates":[[-80.07593286111111,26.218937444444443],[-80.07896413888888,26.214739527777777]]},"properties":{"style":"solid","thickness":1}},{"type":"Feature","geometry":{"type":"LineString","coordinates":[[-80.07796822222222,26.216088416666665],[-80.07485799999999,26.212714388888887]]},"properties":{"style":"solid","thickness":1}},{"type":"Feature","geometry":{"type":"LineString","coordinates":[[-80.07280152777777,26.21601036111111],[-80.0699598611111,26.21618525]]},"properties":{"style":"solid","thickness":1}},{"type":"Feature","geometry":{"type":"LineString","coordinates":[[-80.0690471111111,26.21936125],[-80.07303647222221,26.219115749999997],[-80.07256288888888,26.212855666666666],[-80.06830049999999,26.21311797222222]]},"properties":{"style":"solid","thickness":1}},{"type":"Feature","geometry":{"type":"LineString","coordinates":[[-80.06439327777778,26.216626722222223],[-80.06414738888888,26.213373444444443]]},"properties":{"style":"solid","thickness":1}},{"type":"Feature","geometry":{"type":"LineString","coordinates":[[-80.0668065,26.219499083333332],[-80.06439327777778,26.216626722222223],[-80.06243455555555,26.219767944444442]]},"properties":{"style":"solid","thickness":1}},{"type":"Feature","geometry":{"type":"LineString","coordinates":[[-80.06013927777778,26.219909027777778],[-80.05609522222223,26.220157555555552],[-80.05966636111111,26.213648916666667],[-80.05534927777778,26.213914194444445]]},"properties":{"style":"solid","thickness":1}},{"type":"Feature","geometry":{"type":"LineString","coordinates":[[-80.05358133333333,26.22031197222222],[-80.04953722222223,26.220560277777775],[-80.05310874999999,26.214051833333333],[-80.04879163888889,26.214316916666665]]},"properties":{"style":"solid","thickness":1}},{"type":"Feature","geometry":{"type":"LineString","coordinates":[[-80.10683577777777,26.10535625],[-80.1077878611111,26.106337361111112],[-80.10867636111111,26.1064805],[-80.10927691666666,26.106443333333335],[-80.11008088888889,26.106195500000002],[-80.11093044444443,26.105102944444447],[-80.11104405555555,26.10370925],[-80.11098791666666,26.102969861111113],[-80.1109505,26.102476916666667],[-80.11086225,26.102036666666667],[-80.1106386111111,26.10125813888889],[-80.10963569444444,26.100329722222224],[-80.10880183333333,26.100183194444448],[-80.10831049999999,26.100213611111112],[-80.10739736111111,26.100468194444446],[-80.10654408333333,26.101511444444444]]},"properties":{"style":"solid","thickness":1}},{"type":"Feature","geometry":{"type":"LineString","coordinates":[[-80.10034280555556,26.102192000000002],[-80.10378222222222,26.101979361111113]]},"properties":{"style":"solid","thickness":1}},{"type":"Feature","geometry":{"type":"LineString","coordinates":[[-80.104216,26.100466833333336],[-80.10239780555555,26.10686875],[-80.09968475,26.100746944444445]]},"properties":{"style":"solid","thickness":1}},{"type":"Feature","geometry":{"type":"LineString","coordinates":[[-80.0949595,26.104257944444445],[-80.0931335,26.101151694444447]]},"properties":{"style":"solid","thickness":1}},{"type":"Feature","geometry":{"type":"LineString","coordinates":[[-80.09744641666666,26.100885277777778],[-80.09792088888888,26.107145444444445],[-80.09513647222222,26.107317444444448],[-80.09429886111111,26.107121583333335],[-80.09351441666666,26.106179555555556],[-80.09346958333333,26.105588027777777],[-80.09405005555556,26.104561722222222],[-80.09490488888889,26.104261305555557],[-80.09768925,26.104089305555558]]},"properties":{"style":"solid","thickness":1}},{"type":"Feature","geometry":{"type":"LineString","coordinates":[[-80.09089513888888,26.10128991666667],[-80.09136930555555,26.107550083333336],[-80.08827463888889,26.10145166666667],[-80.08623716666666,26.107866861111113],[-80.08576330555555,26.10160666666667]]},"properties":{"style":"solid","thickness":1}},{"type":"Feature","geometry":{"type":"LineString","coordinates":[[-80.07959677777778,26.103472722222225],[-80.08303627777778,26.103260611111114]]},"properties":{"style":"solid","thickness":1}},{"type":"Feature","geometry":{"type":"LineString","coordinates":[[-80.08347033333332,26.10174813888889],[-80.081651,26.10814977777778],[-80.07893897222222,26.10202761111111]]},"properties":{"style":"solid","thickness":1}},{"type":"Feature","geometry":{"type":"LineString","coordinates":[[-80.0551496111111,26.06282125],[-80.05231158333333,26.062995833333336]]},"properties":{"style":"solid","thickness":1}},{"type":"Feature","geometry":{"type":"LineString","coordinates":[[-80.05139580555556,26.066122555555555],[-80.05538008333333,26.0658775],[-80.05490797222222,26.05961713888889]]},"properties":{"style":"solid","thickness":1}},{"type":"Feature","geometry":{"type":"LineString","coordinates":[[-80.04892405555556,26.063154583333333],[-80.046086,26.06332902777778]]},"properties":{"style":"solid","thickness":1}},{"type":"Feature","geometry":{"type":"LineString","coordinates":[[-80.04517380555555,26.066505],[-80.04915808333332,26.066260111111113],[-80.04868630555555,26.05999975],[-80.04442936111111,26.06026138888889]]},"properties":{"style":"solid","thickness":1}},{"type":"Feature","geometry":{"type":"LineString","coordinates":[[-80.04246461111111,26.060382083333334],[-80.04293605555556,26.066642472222224],[-80.03815305555555,26.06064688888889],[-80.03862425,26.066907305555556]]},"properties":{"style":"solid","thickness":1}},{"type":"Feature","geometry":{"type":"LineString","coordinates":[[-80.03638649999999,26.067044666666668],[-80.03387583333333,26.067198777777776],[-80.03291458333334,26.066812055555555],[-80.03223263888889,26.065764416666667],[-80.03185222222223,26.06435161111111],[-80.03204622222222,26.06255691666667],[-80.032565,26.061435583333335],[-80.03340486111111,26.060938361111113],[-80.03591538888888,26.06078425],[-80.03638649999999,26.067044666666668]]},"properties":{"style":"solid","thickness":1}},{"type":"Feature","geometry":{"type":"LineString","coordinates":[[-80.02960336111111,26.064341000000002],[-80.02676527777777,26.064515083333333]]},"properties":{"style":"solid","thickness":1}},{"type":"Feature","geometry":{"type":"LineString","coordinates":[[-80.02585255555556,26.067690916666667],[-80.0298368888889,26.067446583333332],[-80.02936613888889,26.06118613888889],[-80.0251091111111,26.061447222222224]]},"properties":{"style":"solid","thickness":1}},{"type":"Feature","geometry":{"type":"LineString","coordinates":[[-80.05057830555555,26.04982038888889],[-80.05105013888888,26.05608077777778]]},"properties":{"style":"solid","thickness":1}},{"type":"Feature","geometry":{"type":"LineString","coordinates":[[-80.04828630555555,26.049961305555556],[-80.04875799999999,26.056221694444446]]},"properties":{"style":"solid","thickness":1}},{"type":"Feature","geometry":{"type":"LineString","coordinates":[[-80.04450119444444,26.056483333333333],[-80.04395544444445,26.056516861111113],[-80.04300169444444,26.056228805555556],[-80.04205055555555,26.055247277777777],[-80.04173947222222,26.054028333333335],[-80.04165411111111,26.052894555555557],[-80.04177961111111,26.05164877777778],[-80.04262938888888,26.050556583333336],[-80.04348397222222,26.050256472222223],[-80.04402969444445,26.050222944444446],[-80.04486683333333,26.05041911111111],[-80.04587255555555,26.051397277777777],[-80.04618366666666,26.052616222222223],[-80.04626905555556,26.05375],[-80.04614730555555,26.055045055555556],[-80.04529752777778,26.05613727777778],[-80.04450119444444,26.056483333333333]]},"properties":{"style":"solid","thickness":1}},{"type":"Feature","geometry":{"type":"LineString","coordinates":[[-80.03773391666667,26.056899],[-80.0371881388889,26.05693252777778],[-80.03623441666666,26.056644416666668],[-80.03528333333333,26.055662833333333],[-80.03497230555556,26.05444386111111],[-80.034887,26.053310083333333],[-80.03501258333333,26.052064305555557],[-80.03586244444445,26.050972166666668],[-80.03671705555556,26.050672083333335],[-80.03726277777777,26.050638583333335],[-80.03809991666667,26.050834805555557],[-80.03910555555555,26.05181302777778],[-80.03941661111111,26.05303197222222],[-80.03950194444444,26.05416575],[-80.03938011111111,26.055460805555555],[-80.03853027777778,26.056552972222224],[-80.03773391666667,26.056899]]},"properties":{"style":"solid","thickness":1}},{"type":"Feature","geometry":{"type":"LineString","coordinates":[[-80.03096658333334,26.05731436111111],[-80.03042080555555,26.05734786111111],[-80.02946708333333,26.057059694444444],[-80.02851605555556,26.056078083333333],[-80.0282051111111,26.054859083333334],[-80.02811986111111,26.053725305555556],[-80.02824552777777,26.052479555555557],[-80.02909544444444,26.051387444444444],[-80.02995005555556,26.051087416666668],[-80.03049580555556,26.051053916666667],[-80.03133291666667,26.051250166666666],[-80.0323385,26.052228444444445],[-80.0326495,26.053447416666668],[-80.03273477777778,26.054581194444445],[-80.0326128611111,26.05587625],[-80.03176294444444,26.05696838888889],[-80.03096658333334,26.05731436111111]]},"properties":{"style":"solid","thickness":1}},{"type":"Feature","geometry":{"type":"LineString","coordinates":[[-80.20318716666667,25.725961666666667],[-80.20366575,25.73222197222222],[-80.20089019444444,25.732396027777774],[-80.200055,25.732200749999997],[-80.19927219444445,25.73125922222222],[-80.19922697222222,25.730667694444442],[-80.19980469444445,25.729640888888888],[-80.20065661111111,25.72933983333333],[-80.20343208333334,25.729165777777776]]},"properties":{"style":"solid","thickness":1}},{"type":"Feature","geometry":{"type":"LineString","coordinates":[[-80.19418044444444,25.72974575],[-80.19235758333333,25.726640527777775]]},"properties":{"style":"solid","thickness":1}},{"type":"Feature","geometry":{"type":"LineString","coordinates":[[-80.19665677777778,25.72637111111111],[-80.19713502777778,25.732631444444444],[-80.19435944444444,25.732805388888888],[-80.19352427777778,25.732610055555554],[-80.1927415,25.731668499999998],[-80.19269633333333,25.73107697222222],[-80.19327411111111,25.73005019444444],[-80.19412602777778,25.729749166666664],[-80.19690152777778,25.72957522222222]]},"properties":{"style":"solid","thickness":1}},{"type":"Feature","geometry":{"type":"LineString","coordinates":[[-80.18621077777779,25.73207747222222],[-80.18716052777778,25.733058138888886],[-80.18804636111112,25.733200805555555],[-80.18864500000001,25.733163305555554],[-80.18944630555556,25.732915027777775],[-80.19029247222223,25.731821916666664],[-80.19040480555556,25.730428027777776],[-80.19034836111112,25.729688638888888],[-80.19031072222222,25.729195694444442],[-80.19022244444444,25.72875544444444],[-80.18999897222223,25.72797697222222],[-80.18899855555556,25.727049027777777],[-80.18816719444445,25.72690297222222],[-80.18767741666667,25.726933638888887],[-80.18676730555556,25.72718872222222],[-80.1859173888889,25.728232527777777]]},"properties":{"style":"solid","thickness":1}},{"type":"Feature","geometry":{"type":"LineString","coordinates":[[-80.18407344444445,25.733449500000003],[-80.18359586111112,25.72718913888889]]},"properties":{"style":"solid","thickness":1}},{"type":"Feature","geometry":{"type":"LineString","coordinates":[[-80.17967755555556,25.727434305555555],[-80.18015494444445,25.733694694444445]]},"properties":{"style":"solid","thickness":1}},{"type":"Feature","geometry":{"type":"LineString","coordinates":[[-80.17991811111112,25.730589166666665],[-80.18383652777779,25.730343972222222]]},"properties":{"style":"solid","thickness":1}},{"type":"Feature","geometry":{"type":"LineString","coordinates":[[-80.1776323888889,25.730732138888886],[-80.17480238888889,25.73090911111111]]},"properties":{"style":"solid","thickness":1}},{"type":"Feature","geometry":{"type":"LineString","coordinates":[[-80.17389616666667,25.73408611111111],[-80.1778691388889,25.733837666666666],[-80.17739188888889,25.727577277777776],[-80.17314702777779,25.72784272222222]]},"properties":{"style":"solid","thickness":1}},{"type":"Feature","geometry":{"type":"LineString","coordinates":[[-80.20057386111111,25.719417472222222],[-80.19977644444445,25.719715138888887],[-80.19947255555556,25.720031361111108],[-80.19931138888889,25.720784416666664],[-80.19933397222222,25.721080194444443],[-80.19966633333334,25.721851833333332],[-80.20000791666666,25.722028527777777],[-80.20111511111111,25.722206749999998],[-80.20223902777778,25.72188861111111],[-80.20255047222223,25.72167097222222],[-80.20276227777778,25.720865194444443],[-80.20273966666667,25.720569444444443],[-80.2024655,25.719843694444442],[-80.2021163888889,25.719568388888888],[-80.20128127777778,25.71937311111111],[-80.20057386111111,25.719417472222222],[-80.19973125,25.719123611111108],[-80.19914188888889,25.718566194444442],[-80.19881708333334,25.717893138888886],[-80.19879825000001,25.717646666666663],[-80.1989518888889,25.716795027777778],[-80.19950902777778,25.716215249999998],[-80.20025577777778,25.715970305555555],[-80.20101758333334,25.715922555555554],[-80.20179447222222,25.716071944444444],[-80.20243447222222,25.71657663888889],[-80.20271244444444,25.717351694444442],[-80.20273502777778,25.71764744444444],[-80.20251569444444,25.718354638888886],[-80.20201675,25.718980277777778],[-80.20128127777778,25.71937311111111]]},"properties":{"style":"solid","thickness":1}},{"type":"Feature","geometry":{"type":"LineString","coordinates":[[-80.19491141666667,25.722595638888887],[-80.19436725,25.72262975],[-80.19341577777779,25.722342666666666],[-80.19246605555556,25.721362027777776],[-80.19215427777777,25.720143305555553],[-80.19206772222222,25.719009555555555],[-80.19219130555555,25.717763555555553],[-80.19303733333334,25.716670416666666],[-80.19388916666666,25.716369416666666],[-80.19443333333334,25.716335305555553],[-80.19526838888889,25.71653061111111],[-80.19627252777778,25.717507805555552],[-80.19658430555556,25.718726527777775],[-80.19667091666668,25.719860277777777],[-80.19655113888889,25.72115558333333],[-80.19570511111111,25.722248722222222],[-80.19491141666667,25.722595638888887]]},"properties":{"style":"solid","thickness":1}},{"type":"Feature","geometry":{"type":"LineString","coordinates":[[-80.18816352777777,25.72301836111111],[-80.18761933333333,25.72305244444444],[-80.18666788888889,25.722765305555555],[-80.18571819444445,25.721784638888888],[-80.1854065,25.72056588888889],[-80.18532002777778,25.719432138888887],[-80.18544366666667,25.718186138888885],[-80.18628977777779,25.717093055555555],[-80.18714161111112,25.716792055555555],[-80.18768577777779,25.716758],[-80.18852083333334,25.71695336111111],[-80.18952491666667,25.71793058333333],[-80.18983663888889,25.719149305555554],[-80.18992316666667,25.72028308333333],[-80.18980333333333,25.72157836111111],[-80.18895722222223,25.72267147222222],[-80.18816352777777,25.72301836111111]]},"properties":{"style":"solid","thickness":1}},{"type":"Feature","geometry":{"type":"LineString","coordinates":[[-80.18141558333333,25.723440749999998],[-80.18087138888889,25.723474805555554],[-80.17991994444445,25.723187638888888],[-80.17897030555557,25.722206916666664],[-80.17865869444445,25.720988166666665],[-80.17857225,25.719854388888887],[-80.17869597222223,25.718608416666665],[-80.17954213888889,25.717515361111108],[-80.18039402777778,25.717214416666664],[-80.18093816666668,25.717180361111108],[-80.18177322222223,25.71737575],[-80.18277725,25.718353055555554],[-80.18308891666668,25.719571777777777],[-80.1831753888889,25.720705555555554],[-80.18305547222222,25.722000833333333],[-80.18220930555556,25.723093916666667],[-80.18141558333333,25.723440749999998]]},"properties":{"style":"solid","thickness":1}},{"type":"Feature","geometry":{"type":"LineString","coordinates":[[-80.48804316666667,25.96149375],[-80.48899722222222,25.962472416666667],[-80.48988508333333,25.96261322222222],[-80.49048480555555,25.9625745],[-80.491287,25.962324555555554],[-80.49213202777779,25.961229749999998],[-80.49224105555555,25.95983572222222],[-80.49218263888889,25.95909647222222],[-80.49214369444445,25.958603611111112],[-80.49205411111112,25.95816358333333],[-80.49182825,25.95738561111111],[-80.49082358333334,25.956459777777777],[-80.48999027777778,25.956315444444442],[-80.48949963888889,25.95634711111111],[-80.48858841666667,25.956604083333332],[-80.4877395,25.957649611111112]]},"properties":{"style":"solid","thickness":1}},{"type":"Feature","geometry":{"type":"LineString","coordinates":[[-80.48590519444444,25.96287013888889],[-80.48541091666667,25.956611055555555]]},"properties":{"style":"solid","thickness":1}},{"type":"Feature","geometry":{"type":"LineString","coordinates":[[-80.48148572222222,25.956864333333332],[-80.48197980555555,25.963123416666665]]},"properties":{"style":"solid","thickness":1}},{"type":"Feature","geometry":{"type":"LineString","coordinates":[[-80.48173469444444,25.960018527777777],[-80.48566,25.95976525]]},"properties":{"style":"solid","thickness":1}},{"type":"Feature","geometry":{"type":"LineString","coordinates":[[-80.47969,25.963271111111112],[-80.4792971388889,25.958293416666667],[-80.47900905555555,25.95742036111111],[-80.4779966388889,25.95708936111111],[-80.47614308333334,25.95720888888889],[-80.47519286111111,25.957666416666665],[-80.47493575,25.958574638888887],[-80.47532841666667,25.96355236111111]]},"properties":{"style":"solid","thickness":1}},{"type":"Feature","geometry":{"type":"LineString","coordinates":[[-80.47303858333333,25.963699944444443],[-80.472646,25.95872222222222],[-80.47235797222223,25.957849166666666],[-80.47134558333333,25.95751811111111],[-80.469492,25.957637555555554],[-80.46854175,25.958095055555553],[-80.46828458333333,25.95900325],[-80.46867697222223,25.96398097222222]]},"properties":{"style":"solid","thickness":1}},{"type":"Feature","geometry":{"type":"LineString","coordinates":[[-80.46589383333334,25.95786933333333],[-80.46638711111112,25.96412847222222],[-80.463277,25.958037833333332],[-80.46126219444444,25.964458444444443],[-80.46076916666667,25.958199277777776]]},"properties":{"style":"solid","thickness":1}},{"type":"Feature","geometry":{"type":"LineString","coordinates":[[-80.41050158333334,25.86249188888889],[-80.40598011111112,25.86278152777778]]},"properties":{"style":"solid","thickness":1}},{"type":"Feature","geometry":{"type":"LineString","coordinates":[[-80.40821361111112,25.862638472222223],[-80.40772380555556,25.856379]]},"properties":{"style":"solid","thickness":1}},{"type":"Feature","geometry":{"type":"LineString","coordinates":[[-80.40374658333334,25.86292455555556],[-80.40335725,25.85794652777778],[-80.40306997222223,25.857073305555556],[-80.40205861111112,25.856741777777778],[-80.40020650000001,25.856860333333334],[-80.39925680555557,25.85731738888889],[-80.39899930555556,25.858225472222223],[-80.39938847222223,25.8632035]]},"properties":{"style":"solid","thickness":1}},{"type":"Feature","geometry":{"type":"LineString","coordinates":[[-80.39661125,25.85709038888889],[-80.39710047222223,25.863349916666667],[-80.39432216666667,25.86352763888889],[-80.39348575000001,25.863333472222223],[-80.39270055555556,25.862393],[-80.39265436111111,25.86180155555556],[-80.39323105555556,25.860774000000003],[-80.3940833888889,25.86047180555556],[-80.3968616388889,25.860294083333336]]},"properties":{"style":"solid","thickness":1}},{"type":"Feature","geometry":{"type":"LineString","coordinates":[[-80.38621319444445,25.859241305555557],[-80.38964511111112,25.859021944444446]]},"properties":{"style":"solid","thickness":1}},{"type":"Feature","geometry":{"type":"LineString","coordinates":[[-80.39007438888889,25.857508472222225],[-80.38827522222223,25.86391427777778],[-80.38555302777779,25.857797472222224]]},"properties":{"style":"solid","thickness":1}},{"type":"Feature","geometry":{"type":"LineString","coordinates":[[-80.37940825,25.863242444444445],[-80.38036063888889,25.864221833333335],[-80.38124766666667,25.864363305555557],[-80.38184691666666,25.86432502777778],[-80.38264869444444,25.86407566666667],[-80.38349402777779,25.862981472222224],[-80.38360422222223,25.861587500000002],[-80.38354652777778,25.860848166666667],[-80.38350805555557,25.860355305555558],[-80.38341897222223,25.859915194444447],[-80.38319399999999,25.85913702777778],[-80.38219099999999,25.85821041666667],[-80.38135849999999,25.858065472222222],[-80.38086822222222,25.858096777777778],[-80.37995752777778,25.858353083333334],[-80.37910836111111,25.859397972222222]]},"properties":{"style":"solid","thickness":1}},{"type":"Feature","geometry":{"type":"LineString","coordinates":[[-80.44783933333333,25.68834052777778],[-80.4472873888889,25.688970527777776],[-80.44707341666667,25.68972736111111],[-80.44709275000001,25.689973805555557],[-80.44743047222222,25.690794166666667],[-80.44839002777778,25.691178194444444],[-80.45116427777778,25.690999444444444],[-80.45067294444445,25.68473991666667],[-80.4475725,25.684939694444445],[-80.446737,25.685439333333335],[-80.44647636111111,25.68629825],[-80.44653436111112,25.687037555555555],[-80.44691875000001,25.68775586111111],[-80.44783933333333,25.68834052777778],[-80.4509398888889,25.68814075]]},"properties":{"style":"solid","thickness":1}},{"type":"Feature","geometry":{"type":"LineString","coordinates":[[-80.44414566666667,25.685160416666665],[-80.4446366388889,25.691419944444444]]},"properties":{"style":"solid","thickness":1}},{"type":"Feature","geometry":{"type":"LineString","coordinates":[[-80.44235197222223,25.691567055555556],[-80.44186111111111,25.6853075],[-80.43794469444445,25.68555961111111]]},"properties":{"style":"solid","thickness":1}},{"type":"Feature","geometry":{"type":"LineString","coordinates":[[-80.43615066666668,25.691966166666667],[-80.43212525,25.69222511111111],[-80.43566013888889,25.68570661111111],[-80.43136294444444,25.685983027777777]]},"properties":{"style":"solid","thickness":1}},{"type":"Feature","geometry":{"type":"LineString","coordinates":[[-80.42962294444445,25.69238602777778],[-80.42559750000001,25.69264477777778],[-80.42913275000001,25.686126416666667],[-80.42483552777779,25.68640263888889]]},"properties":{"style":"solid","thickness":1}},{"type":"Feature","geometry":{"type":"LineString","coordinates":[[-80.44566233333333,25.681003416666666],[-80.44903466666668,25.680786166666667],[-80.44907455555555,25.67781138888889],[-80.44781172222223,25.678437666666667],[-80.44688708333334,25.678497222222223],[-80.44599361111112,25.678257555555557],[-80.44540716666667,25.67775041666667],[-80.44507722222222,25.677028611111112],[-80.44501538888889,25.67624002777778],[-80.44522547222222,25.67543388888889],[-80.44573072222222,25.674905972222223],[-80.44691180555556,25.67463175],[-80.44772766666667,25.674579194444444],[-80.44834141666666,25.674737805555555],[-80.44887344444444,25.67524841666667]]},"properties":{"style":"solid","thickness":1}},{"type":"Feature","geometry":{"type":"LineString","coordinates":[[-80.44114777777779,25.68129413888889],[-80.44060383333334,25.68132913888889],[-80.43965213888889,25.681043666666667],[-80.43870072222222,25.68006463888889],[-80.43838655555555,25.67884641666667],[-80.43829772222223,25.677712805555558],[-80.43841869444445,25.676466611111113],[-80.43926219444445,25.67537202777778],[-80.44011311111112,25.675069583333336],[-80.44065702777777,25.675034555555555],[-80.44149219444445,25.675228472222223],[-80.44249797222223,25.676204000000002],[-80.44281216666667,25.677422166666666],[-80.44290105555557,25.678555805555558],[-80.44278397222223,25.679851305555555],[-80.44194047222223,25.68094588888889],[-80.44114777777779,25.68129413888889]]},"properties":{"style":"solid","thickness":1}},{"type":"Feature","geometry":{"type":"LineString","coordinates":[[-80.43440308333334,25.681728194444446],[-80.43385913888889,25.681763194444446],[-80.43290744444445,25.68147763888889],[-80.43195608333333,25.680498583333335],[-80.43164200000001,25.67928036111111],[-80.43155319444445,25.678146722222223],[-80.43167425,25.67690052777778],[-80.43251783333334,25.675806],[-80.43336877777779,25.675503583333334],[-80.43391266666667,25.67546861111111],[-80.43474783333333,25.675662555555558],[-80.43575355555556,25.676638111111114],[-80.43606766666667,25.677856305555558],[-80.43615650000001,25.678989944444446],[-80.43603936111111,25.680285444444447],[-80.43519580555557,25.681379972222224],[-80.43440308333334,25.681728194444446]]},"properties":{"style":"solid","thickness":1}},{"type":"Feature","geometry":{"type":"LineString","coordinates":[[-80.42765830555555,25.682161944444445],[-80.4271143888889,25.68219691666667],[-80.42616269444444,25.681911333333336],[-80.4252113888889,25.680932222222225],[-80.42489736111112,25.679713972222224],[-80.42480863888889,25.678580361111113],[-80.42492977777778,25.677334166666668],[-80.4257733888889,25.676239666666667],[-80.42662436111111,25.675937305555557],[-80.42716825000001,25.675902333333333],[-80.42800341666667,25.676096333333334],[-80.42900911111111,25.67707191666667],[-80.42932313888889,25.67829013888889],[-80.42941191666667,25.679423777777778],[-80.42929469444445,25.680719250000003],[-80.42845105555556,25.68181375],[-80.42765830555555,25.682161944444445]]},"properties":{"style":"solid","thickness":1}},{"type":"Feature","geometry":{"type":"LineString","coordinates":[[-80.29697805555556,25.697133472222223],[-80.29447544444444,25.697292055555558],[-80.2935163611111,25.69690702777778],[-80.29283422222223,25.69586052777778],[-80.29245188888889,25.694448305555557],[-80.29264136111111,25.69265311111111],[-80.29315608333333,25.69153077777778],[-80.29399227777778,25.691032027777776],[-80.29649472222222,25.690873416666665],[-80.29697805555556,25.697133472222223]]},"properties":{"style":"solid","thickness":1}},{"type":"Feature","geometry":{"type":"LineString","coordinates":[[-80.28610927777778,25.693017277777777],[-80.28953663888889,25.69280025]]},"properties":{"style":"solid","thickness":1}},{"type":"Feature","geometry":{"type":"LineString","coordinates":[[-80.28996658333332,25.691287055555556],[-80.28816455555555,25.697691805555557],[-80.28545122222222,25.691572944444445]]},"properties":{"style":"solid","thickness":1}},{"type":"Feature","geometry":{"type":"LineString","coordinates":[[-80.28370338888888,25.69797422222222],[-80.28322075,25.69171413888889]]},"properties":{"style":"solid","thickness":1}},{"type":"Feature","geometry":{"type":"LineString","coordinates":[[-80.27930380555556,25.691961972222224],[-80.27978622222223,25.698222083333334]]},"properties":{"style":"solid","thickness":1}},{"type":"Feature","geometry":{"type":"LineString","coordinates":[[-80.27954691666666,25.695116666666667],[-80.28346397222222,25.694868833333334]]},"properties":{"style":"solid","thickness":1}},{"type":"Feature","geometry":{"type":"LineString","coordinates":[[-80.27750122222223,25.698366611111112],[-80.27701891666666,25.6921065],[-80.27310194444445,25.692354194444444]]},"properties":{"style":"solid","thickness":1}},{"type":"Feature","geometry":{"type":"LineString","coordinates":[[-80.26695944444444,25.69422836111111],[-80.2703868611111,25.694011777777778]]},"properties":{"style":"solid","thickness":1}},{"type":"Feature","geometry":{"type":"LineString","coordinates":[[-80.27081705555555,25.69249863888889],[-80.269014,25.698903166666668],[-80.26630161111112,25.692783944444443]]},"properties":{"style":"solid","thickness":1}},{"type":"Feature","geometry":{"type":"LineString","coordinates":[[-80.28964258333333,25.68708738888889],[-80.29003861111111,25.687260416666668],[-80.29071041666667,25.68746552777778],[-80.29136319444444,25.687424194444446],[-80.29221458333333,25.687122583333334],[-80.2930595,25.68602886111111],[-80.293201,25.68502925],[-80.29311733333333,25.683944833333335],[-80.29293625,25.683015166666667],[-80.292406,25.681810444444444],[-80.29176577777777,25.68130613888889],[-80.29088022222221,25.681164111111112],[-80.28948491666667,25.68150016666667],[-80.28897897222222,25.68202752777778],[-80.28870961111112,25.682787583333333],[-80.28879441666666,25.683178472222224],[-80.28911202777778,25.68375275],[-80.28975986111111,25.68435563888889],[-80.29059102777778,25.68450113888889],[-80.29119322222222,25.684512527777777],[-80.29204458333334,25.684210916666668],[-80.29254291666666,25.683584944444444],[-80.29273883333333,25.68258188888889]]},"properties":{"style":"solid","thickness":1}},{"type":"Feature","geometry":{"type":"LineString","coordinates":[[-80.28488961111111,25.687834111111112],[-80.2843456111111,25.687868555555557],[-80.28339422222221,25.687582055555556],[-80.28244402777777,25.686602],[-80.28213144444445,25.685383472222224],[-80.28204405555556,25.68424975],[-80.28216666666667,25.683003694444444],[-80.2830116388889,25.68191002777778],[-80.283863,25.681608472222223],[-80.28440697222221,25.681574027777778],[-80.28524194444444,25.681768833333333],[-80.2862465,25.682745416666666],[-80.2865591111111,25.683963944444443],[-80.28664655555555,25.685097666666667],[-80.28652777777778,25.68639302777778],[-80.28568280555555,25.68748672222222],[-80.28488961111111,25.687834111111112]]},"properties":{"style":"solid","thickness":1}},{"type":"Feature","geometry":{"type":"LineString","coordinates":[[-80.27814397222222,25.688260972222224],[-80.27759997222222,25.68829538888889],[-80.27664858333333,25.688008833333335],[-80.27569844444444,25.68702875],[-80.27538591666666,25.685810222222223],[-80.27529861111111,25.684676500000002],[-80.27542127777778,25.683430416666667],[-80.27626633333334,25.682336805555558],[-80.27711769444444,25.68203527777778],[-80.27766169444445,25.682000861111113],[-80.27849663888888,25.68219572222222],[-80.27950116666666,25.68317236111111],[-80.27981372222222,25.68439088888889],[-80.27990108333333,25.685524611111113],[-80.27978222222222,25.68681997222222],[-80.27893719444444,25.68791361111111],[-80.27814397222222,25.688260972222224]]},"properties":{"style":"solid","thickness":1}},{"type":"Feature","geometry":{"type":"LineString","coordinates":[[-80.27139830555555,25.688687527777777],[-80.27085427777777,25.688721916666665],[-80.26990291666667,25.688435333333334],[-80.26895283333333,25.687455194444446],[-80.26864036111111,25.68623663888889],[-80.2685531111111,25.68510291666667],[-80.2686758611111,25.683856833333333],[-80.26952097222222,25.68276325],[-80.27037236111111,25.682461777777778],[-80.2709163611111,25.682427416666666],[-80.27175130555555,25.682622277777778],[-80.27275577777777,25.68359897222222],[-80.27306825,25.684817527777778],[-80.27315555555556,25.68595125],[-80.27303663888888,25.687246583333334],[-80.27219152777778,25.688340194444443],[-80.27139830555555,25.688687527777777]]},"properties":{"style":"solid","thickness":1}},{"type":"Feature","geometry":{"type":"LineString","coordinates":[[-80.08917638888889,25.88229816666667],[-80.08837758333333,25.882595194444445],[-80.088073,25.882911194444446],[-80.08791088888889,25.88366411111111],[-80.08793324999999,25.883959861111112],[-80.08826533333333,25.88473175],[-80.08860719444444,25.884908694444444],[-80.08971572222222,25.885087777777777],[-80.0908415,25.8847705],[-80.09115355555555,25.884553083333333],[-80.09136641666666,25.88374752777778],[-80.09134402777778,25.88345175],[-80.09107016666667,25.882725805555555],[-80.09072083333332,25.88245025],[-80.08988480555556,25.882254361111112],[-80.08917638888889,25.88229816666667],[-80.08833288888889,25.882003666666666],[-80.08774324999999,25.881445805555558],[-80.08741863888888,25.88077252777778],[-80.0874,25.880526055555556],[-80.08755463888889,25.879674555555557],[-80.08811308333333,25.87909525],[-80.08886108333333,25.87885086111111],[-80.08962397222221,25.878803694444446],[-80.09040175,25.878953666666668],[-80.09104216666667,25.879458833333334],[-80.09131977777777,25.880234083333335],[-80.09134213888889,25.88052986111111],[-80.09112183333333,25.881236833333332],[-80.0906216111111,25.881862083333335],[-80.08988480555556,25.882254361111112]]},"properties":{"style":"solid","thickness":1}},{"type":"Feature","geometry":{"type":"LineString","coordinates":[[-80.08350327777778,25.885471888888887],[-80.08295830555555,25.885505583333334],[-80.08200583333333,25.88521777777778],[-80.08105572222222,25.884236444444443],[-80.08074469444443,25.883017527777778],[-80.08065905555556,25.88188375],[-80.08078397222222,25.880637888888888],[-80.08163219444444,25.879545444444446],[-80.08248544444444,25.879245083333334],[-80.08303038888889,25.87921138888889],[-80.08386638888888,25.879407333333333],[-80.08487097222222,25.88038527777778],[-80.08518205555555,25.881604194444446],[-80.08526772222221,25.882737972222223],[-80.08514655555555,25.88403313888889],[-80.08429836111111,25.88512561111111],[-80.08350327777778,25.885471888888887]]},"properties":{"style":"solid","thickness":1}},{"type":"Feature","geometry":{"type":"LineString","coordinates":[[-80.07674580555555,25.885889416666664],[-80.0762008611111,25.88592308333333],[-80.07524838888888,25.885635222222223],[-80.07429833333333,25.88465386111111],[-80.07398736111111,25.883434944444446],[-80.07390180555555,25.882301138888888],[-80.07402677777777,25.881055305555556],[-80.07487505555555,25.87996288888889],[-80.07572833333333,25.879662555555555],[-80.07627327777777,25.879628888888888],[-80.07710927777778,25.87982488888889],[-80.07811380555555,25.88080286111111],[-80.07842480555556,25.88202177777778],[-80.07851041666666,25.883155583333334],[-80.07838919444444,25.884450722222223],[-80.07754091666666,25.885543166666665],[-80.07674580555555,25.885889416666664]]},"properties":{"style":"solid","thickness":1}},{"type":"Feature","geometry":{"type":"LineString","coordinates":[[-80.06998830555555,25.88630663888889],[-80.06944333333333,25.886340277777776],[-80.06849088888889,25.88605238888889],[-80.06754088888889,25.885070972222223],[-80.06722997222222,25.883852027777777],[-80.06714447222222,25.882718222222223],[-80.06726952777777,25.881472388888888],[-80.0681178611111,25.88038],[-80.06897119444444,25.880079722222224],[-80.06951611111111,25.880046111111113],[-80.0703521111111,25.88024213888889],[-80.07135658333333,25.88122013888889],[-80.07166752777778,25.882439083333335],[-80.07175305555555,25.88357288888889],[-80.07163177777777,25.884868027777777],[-80.07078344444444,25.885960416666666],[-80.06998830555555,25.88630663888889]]},"properties":{"style":"solid","thickness":1}},{"type":"Feature","geometry":{"type":"LineString","coordinates":[[-80.10666916666666,26.089918277777777],[-80.10714408333332,26.096178444444444]]},"properties":{"style":"solid","thickness":1}},{"type":"Feature","geometry":{"type":"LineString","coordinates":[[-80.10288597222221,26.096441777777777],[-80.10234005555554,26.096475527777777],[-80.10138583333332,26.096187861111108],[-80.10043388888889,26.095206694444443],[-80.1001221111111,26.09398786111111],[-80.10003616666665,26.09285413888889],[-80.1001611111111,26.091608333333333],[-80.10101063888888,26.090515805555555],[-80.10186536111111,26.09021536111111],[-80.10241124999999,26.09018161111111],[-80.10324877777778,26.090377444444442],[-80.10425527777777,26.091355194444443],[-80.10456711111111,26.092574027777776],[-80.1046531111111,26.09370775],[-80.10453194444443,26.09500286111111],[-80.10368241666666,26.096095388888887],[-80.10288597222221,26.096441777777777]]},"properties":{"style":"solid","thickness":1}},{"type":"Feature","geometry":{"type":"LineString","coordinates":[[-80.0961166111111,26.09686013888889],[-80.09557069444443,26.09689386111111],[-80.09461647222221,26.096606138888887],[-80.09366458333332,26.09562494444444],[-80.0933528611111,26.09440611111111],[-80.093267,26.093272388888888],[-80.093392,26.092026583333332],[-80.0942416111111,26.09093411111111],[-80.0950963611111,26.090633694444442],[-80.09564225,26.090599944444442],[-80.09647975,26.09079583333333],[-80.09748622222222,26.09177363888889],[-80.09779797222222,26.09299247222222],[-80.09788388888889,26.094126194444442],[-80.09776266666667,26.095421305555554],[-80.09691305555555,26.096513805555553],[-80.0961166111111,26.09686013888889]]},"properties":{"style":"solid","thickness":1}},{"type":"Feature","geometry":{"type":"LineString","coordinates":[[-80.08934719444444,26.097278194444442],[-80.08880124999999,26.097311916666666],[-80.08784708333333,26.097024138888887],[-80.08689522222221,26.09604288888889],[-80.08658358333332,26.094824055555556],[-80.08649777777778,26.093690305555555],[-80.08662286111111,26.0924445],[-80.08747252777778,26.091352083333334],[-80.08832727777778,26.09105169444444],[-80.08887319444445,26.091018],[-80.08971069444443,26.091213916666664],[-80.0907171111111,26.092191749999998],[-80.09102877777778,26.09341061111111],[-80.09111463888888,26.09454433333333],[-80.09099333333333,26.095839444444444],[-80.09014366666666,26.09693188888889],[-80.08934719444444,26.097278194444442]]},"properties":{"style":"solid","thickness":1}},{"type":"Feature","geometry":{"type":"LineString","coordinates":[[-80.08257772222221,26.097695944444443],[-80.08203180555554,26.09772961111111],[-80.08107761111111,26.097441805555555],[-80.08012583333333,26.096460527777776],[-80.07981425,26.095241666666666],[-80.0797285,26.094107916666665],[-80.07985366666666,26.09286211111111],[-80.08070338888888,26.09176972222222],[-80.08155819444444,26.09146938888889],[-80.08210408333333,26.091435722222222],[-80.08294158333332,26.091631666666665],[-80.08394794444445,26.09260958333333],[-80.08425955555555,26.093828416666664],[-80.08434533333333,26.094962166666665],[-80.08422397222222,26.096257249999997],[-80.08337422222222,26.097349666666666],[-80.08257772222221,26.097695944444443]]},"properties":{"style":"solid","thickness":1}},{"type":"Feature","geometry":{"type":"LineString","coordinates":[[-80.10080822222221,26.084228888888887],[-80.10162180555555,26.08338622222222],[-80.10247274999999,26.083036472222222],[-80.1030148611111,26.082953416666665],[-80.10385980555554,26.083247833333335],[-80.10449763888889,26.08370363888889],[-80.10483038888889,26.084475444444443],[-80.10484908333333,26.084721888888886],[-80.10469427777777,26.08557338888889],[-80.10412747222222,26.086054138888887],[-80.10327277777778,26.08635461111111],[-80.10272691666665,26.08638836111111],[-80.10188941666667,26.086192527777776],[-80.10120074999999,26.085789388888887],[-80.10086427777777,26.084968305555556],[-80.10072602777777,26.083144472222223],[-80.1007866111111,26.082496916666667],[-80.10090033333333,26.081103194444445],[-80.10113961111111,26.080642694444442],[-80.10144844444444,26.08037597222222],[-80.10225224999999,26.080128194444445],[-80.10279808333333,26.080094444444445],[-80.10363180555555,26.08024097222222],[-80.103978,26.080467194444445]]},"properties":{"style":"solid","thickness":1}},{"type":"Feature","geometry":{"type":"LineString","coordinates":[[-80.09677691666666,26.086756138888887],[-80.09623105555555,26.086789888888887],[-80.09527691666666,26.086502166666666],[-80.0943251111111,26.08552097222222],[-80.09401341666666,26.084302138888887],[-80.09392752777778,26.08316838888889],[-80.09405252777778,26.081922583333334],[-80.09490205555555,26.080830111111112],[-80.09575672222222,26.080529666666667],[-80.09630258333333,26.080495944444444],[-80.09714,26.080691805555556],[-80.09814638888888,26.08166961111111],[-80.09845813888889,26.082888444444443],[-80.09854405555555,26.084022194444444],[-80.09842283333333,26.085317305555556],[-80.09757330555556,26.086409805555554],[-80.09677691666666,26.086756138888887]]},"properties":{"style":"solid","thickness":1}},{"type":"Feature","geometry":{"type":"LineString","coordinates":[[-80.09000808333333,26.08717425],[-80.08946222222222,26.087207944444444],[-80.08850811111111,26.086920194444442],[-80.08755633333332,26.085938944444443],[-80.08724469444444,26.084720083333334],[-80.08715888888888,26.08358636111111],[-80.08728394444444,26.082340555555554],[-80.08813355555554,26.081248111111112],[-80.08898825,26.080947722222223],[-80.08953408333333,26.080914027777776],[-80.09037152777778,26.081109916666666],[-80.09137786111111,26.082087777777776],[-80.09168952777777,26.083306611111112],[-80.09177538888889,26.08444036111111],[-80.09165408333332,26.085735472222222],[-80.09080449999999,26.086827916666664],[-80.09000808333333,26.08717425]]},"properties":{"style":"solid","thickness":1}},{"type":"Feature","geometry":{"type":"LineString","coordinates":[[-80.08323919444445,26.087592027777777],[-80.08269333333332,26.087625694444444],[-80.08173922222223,26.08733788888889],[-80.08078752777777,26.08635661111111],[-80.08047594444444,26.085137749999998],[-80.08039019444445,26.084004],[-80.08051533333332,26.082758194444445],[-80.08136499999999,26.081665805555556],[-80.08221972222222,26.081365444444444],[-80.08276555555555,26.081331777777777],[-80.083603,26.081527722222223],[-80.08460927777777,26.08250561111111],[-80.0849208611111,26.083724472222222],[-80.08500666666666,26.08485822222222],[-80.08488530555555,26.086153305555555],[-80.08403563888888,26.087245749999997],[-80.08323919444445,26.087592027777777]]},"properties":{"style":"solid","thickness":1}},{"type":"Feature","geometry":{"type":"LineString","coordinates":[[-80.10155222222221,26.384064944444443],[-80.10137827777777,26.384669888888887],[-80.10081377777777,26.385199916666664],[-80.10000788888888,26.385447666666668],[-80.09940591666667,26.385484777777776],[-80.09857005555556,26.38533822222222],[-80.09792688888888,26.38483313888889],[-80.09761205555554,26.384307833333335],[-80.09757088888888,26.38376563888889],[-80.09775608333332,26.383308555555555],[-80.09905302777777,26.382287722222223],[-80.10103738888888,26.380184583333335],[-80.10121883333333,26.379678194444445],[-80.1011738611111,26.379086722222223],[-80.09723388888888,26.37932961111111]]},"properties":{"style":"solid","thickness":1}},{"type":"Feature","geometry":{"type":"LineString","coordinates":[[-80.09174436111111,26.38595683333333],[-80.09513733333333,26.385747833333333],[-80.0951863611111,26.382773611111112],[-80.09391413888888,26.383396722222223],[-80.09298383333334,26.383454027777777],[-80.09208580555556,26.383212222222223],[-80.09149738888888,26.38270375],[-80.09116763888889,26.38198125],[-80.09110777777778,26.38119261111111],[-80.09132152777778,26.38038713888889],[-80.09183133333333,26.37986052777778],[-80.09302025,26.379589222222222],[-80.0938411111111,26.37953866666667],[-80.09445802777778,26.379698722222223],[-80.09499169444445,26.380210583333334]]},"properties":{"style":"solid","thickness":1}},{"type":"Feature","geometry":{"type":"LineString","coordinates":[[-80.08720213888888,26.3862365],[-80.08665488888889,26.386270194444442],[-80.08569838888889,26.385982444444444],[-80.08474425,26.38500125],[-80.08443186111111,26.383782472222222],[-80.0843458611111,26.382648805555554],[-80.08447127777778,26.381403111111112],[-80.08532305555555,26.38031077777778],[-80.08617994444444,26.380010444444444],[-80.08672716666666,26.37997675],[-80.08756669444443,26.380172666666667],[-80.08857555555555,26.381150472222224],[-80.08888797222222,26.382369222222223],[-80.088974,26.383502888888888],[-80.08885236111111,26.384797888888887],[-80.08800058333333,26.38589025],[-80.08720213888888,26.3862365]]},"properties":{"style":"solid","thickness":1}},{"type":"Feature","geometry":{"type":"LineString","coordinates":[[-80.08238627777777,26.386532888888887],[-80.08191155555555,26.380273111111112]]},"properties":{"style":"solid","thickness":1}},{"type":"Feature","geometry":{"type":"LineString","coordinates":[[-80.079048,26.38673822222222],[-80.0820835,26.382540416666668]]},"properties":{"style":"solid","thickness":1}},{"type":"Feature","geometry":{"type":"LineString","coordinates":[[-80.08108619444444,26.383889277777776],[-80.07797147222222,26.380515444444445]]},"properties":{"style":"solid","thickness":1}},{"type":"Feature","geometry":{"type":"LineString","coordinates":[[-80.07348625,26.20137672222222],[-80.0739598611111,26.207636833333332]]},"properties":{"style":"solid","thickness":1}},{"type":"Feature","geometry":{"type":"LineString","coordinates":[[-80.0711913611111,26.201518],[-80.07166483333333,26.20777811111111]]},"properties":{"style":"solid","thickness":1}},{"type":"Feature","geometry":{"type":"LineString","coordinates":[[-80.06740263888888,26.20804038888889],[-80.06685619444444,26.208074],[-80.06590116666666,26.207786083333332],[-80.0649486111111,26.20680472222222],[-80.06463691666666,26.20558586111111],[-80.06455122222222,26.20445213888889],[-80.06467666666667,26.203206388888887],[-80.06552733333334,26.20211411111111],[-80.06638294444444,26.20181388888889],[-80.06692936111111,26.201780277777775],[-80.06776761111111,26.201976305555554],[-80.06877477777778,26.202954277777778],[-80.06908652777777,26.204173138888887],[-80.06917225,26.20530686111111],[-80.06905058333334,26.206601916666667],[-80.06819991666666,26.207694194444443],[-80.06740263888888,26.20804038888889]]},"properties":{"style":"solid","thickness":1}},{"type":"Feature","geometry":{"type":"LineString","coordinates":[[-80.06062677777777,26.208457055555556],[-80.06008033333333,26.208490666666666],[-80.05912530555555,26.20820272222222],[-80.05817283333333,26.207221305555557],[-80.05786119444444,26.206002416666667],[-80.05777555555555,26.204868694444443],[-80.05790108333333,26.203622944444444],[-80.05875180555556,26.20253072222222],[-80.05960744444444,26.202230527777775],[-80.0601538611111,26.202196944444445],[-80.0609921111111,26.202393],[-80.06199922222221,26.203371027777777],[-80.06231088888889,26.204589916666666],[-80.06239655555555,26.205723638888887],[-80.06227483333333,26.207018666666666],[-80.06142408333334,26.208110916666666],[-80.06062677777777,26.208457055555556]]},"properties":{"style":"solid","thickness":1}},{"type":"Feature","geometry":{"type":"LineString","coordinates":[[-80.0538508611111,26.208873444444443],[-80.05330441666666,26.208907],[-80.05234941666666,26.208619027777775],[-80.051397,26.207637555555554],[-80.05108541666667,26.206418666666664],[-80.05099986111111,26.205284944444443],[-80.05112544444444,26.20403922222222],[-80.05197625,26.20294702777778],[-80.05283191666666,26.20264686111111],[-80.05337833333333,26.202613305555555],[-80.05421655555556,26.202809416666668],[-80.0552236111111,26.20378747222222],[-80.05553522222222,26.20500636111111],[-80.05562080555555,26.20614008333333],[-80.055499,26.207435138888886],[-80.05464822222221,26.208527333333333],[-80.0538508611111,26.208873444444443]]},"properties":{"style":"solid","thickness":1}},{"type":"Feature","geometry":{"type":"LineString","coordinates":[[-80.00257191666667,26.236571277777777],[-80.00304191666666,26.242831555555558]]},"properties":{"style":"solid","thickness":1}},{"type":"Feature","geometry":{"type":"LineString","coordinates":[[-80.00027625,26.236711444444445],[-80.00074613888889,26.242971694444446]]},"properties":{"style":"solid","thickness":1}},{"type":"Feature","geometry":{"type":"LineString","coordinates":[[-79.9964825,26.24323188888889],[-79.9959358888889,26.24326525],[-79.99498075,26.242976861111114],[-79.99402852777777,26.241995055555556],[-79.99371744444444,26.240776055555557],[-79.99363241666667,26.239642305555556],[-79.99375863888889,26.23839663888889],[-79.99461022222222,26.23730477777778],[-79.99546627777778,26.237004972222223],[-79.99601286111111,26.236971611111112],[-79.99685122222222,26.237168055555557],[-79.99785811111111,26.23814652777778],[-79.99816922222222,26.239365527777778],[-79.99825427777778,26.24049927777778],[-79.99813180555556,26.24179422222222],[-79.99728025,26.242886111111112],[-79.9964825,26.24323188888889]]},"properties":{"style":"solid","thickness":1}},{"type":"Feature","geometry":{"type":"LineString","coordinates":[[-79.98970441666667,26.24364527777778],[-79.98915777777778,26.243678583333335],[-79.98820266666667,26.243390166666668],[-79.98725047222223,26.242408333333334],[-79.98693947222222,26.241189305555558],[-79.98685452777778,26.240055555555557],[-79.98698080555556,26.23880988888889],[-79.98783244444445,26.237718083333334],[-79.98868852777778,26.237418305555558],[-79.98923511111111,26.237384972222223],[-79.99007347222222,26.237581444444444],[-79.99108030555556,26.238559972222223],[-79.99139133333334,26.239778972222222],[-79.99147636111111,26.240912722222223],[-79.99135380555556,26.242207694444446],[-79.99050216666667,26.24329952777778],[-79.98970441666667,26.24364527777778]]},"properties":{"style":"solid","thickness":1}},{"type":"Feature","geometry":{"type":"LineString","coordinates":[[-79.98292625,26.244058333333335],[-79.98237963888889,26.24409163888889],[-79.98142452777778,26.243803166666666],[-79.98047238888888,26.24282127777778],[-79.98016147222222,26.24160225],[-79.98007655555556,26.240468472222222],[-79.98020291666667,26.239222805555556],[-79.98105463888889,26.238131055555556],[-79.98191072222222,26.237831305555556],[-79.98245733333333,26.237798027777778],[-79.98329569444445,26.23799452777778],[-79.98430244444445,26.238973083333335],[-79.98461341666666,26.240192111111114],[-79.98469836111111,26.24132586111111],[-79.98457575,26.242620833333334],[-79.98372402777778,26.24371261111111],[-79.98292625,26.244058333333335]]},"properties":{"style":"solid","thickness":1}},{"type":"Feature","geometry":{"type":"LineString","coordinates":[[-80.13537883333333,26.711992888888886],[-80.13548908333334,26.712612944444444],[-80.13572083333334,26.71320533333333],[-80.13606666666668,26.71375102777778],[-80.13651544444446,26.714232527777778],[-80.13705272222222,26.714634305555556],[-80.13766125000001,26.71494347222222],[-80.1383215,26.715150055555554],[-80.13901219444445,26.71524747222222],[-80.13971116666667,26.715232583333332],[-80.14039594444445,26.715105805555556],[-80.1410445,26.714871277777778],[-80.14163602777778,26.714536527777778],[-80.14215144444445,26.714112277777776],[-80.14257425000001,26.713612194444444],[-80.14289083333334,26.71305236111111],[-80.14309102777779,26.71245075],[-80.14316836111112,26.71182672222222],[-80.14312038888889,26.711200305555554],[-80.14294866666667,26.71059163888889],[-80.14265866666668,26.710020305555556],[-80.14225975000001,26.709504666666668],[-80.14176475000001,26.709061277777778],[-80.14118952777778,26.708704388888886],[-80.14055261111112,26.70844547222222],[-80.13987444444444,26.70829283333333],[-80.13917683333334,26.708251416666666],[-80.13848219444445,26.708322555555554],[-80.1378128888889,26.708503916666665],[-80.13719036111112,26.708789694444445],[-80.13663466666668,26.709170722222222],[-80.1361636388889,26.709634722222223],[-80.13579244444445,26.710166805555556],[-80.13553297222222,26.71074986111111],[-80.13539361111111,26.711365138888887],[-80.13537883333333,26.711992888888886]]},"properties":{"style":"solid","thickness":1}},{"type":"Feature","geometry":{"type":"LineString","coordinates":[[-80.13988908333334,26.719848027777775],[-80.13953494444445,26.718307166666666],[-80.13886986111112,26.71685161111111],[-80.13791672222223,26.7155315],[-80.13670838888889,26.71439225],[-80.1352865,26.713473166666667],[-80.1337,26.712805833333334],[-80.1320035,26.71241325],[-80.13025547222222,26.712308944444445]]},"properties":{"style":"solid","thickness":1}},{"type":"Feature","geometry":{"type":"LineString","coordinates":[[-80.13025547222222,26.712308944444445],[-80.13197122222222,26.711991027777778],[-80.13359197222223,26.711393805555556],[-80.13506194444444,26.710537888888886],[-80.13633044444445,26.709452777777777],[-80.13735383333334,26.708175805555555],[-80.13809683333334,26.70675097222222],[-80.13853386111111,26.70522738888889],[-80.13864988888889,26.7036575]]},"properties":{"style":"solid","thickness":1}},{"type":"Feature","geometry":{"type":"LineString","coordinates":[[-80.13864988888889,26.7036575],[-80.13900397222223,26.705198361111112],[-80.13966900000001,26.706653916666667],[-80.14062208333334,26.707974055555553],[-80.14183036111112,26.709113249999998],[-80.14325227777779,26.710032277777778],[-80.14483880555557,26.710699527777777],[-80.14653530555556,26.711091944444444],[-80.14828333333334,26.711196055555554]]},"properties":{"style":"solid","thickness":1}},{"type":"Feature","geometry":{"type":"LineString","coordinates":[[-80.14828333333334,26.711196055555554],[-80.1465676388889,26.711514166666667],[-80.14494694444446,26.712111527777775],[-80.14347702777779,26.712967527777778],[-80.14220855555556,26.71405272222222],[-80.14118516666667,26.715329722222222],[-80.14044216666667,26.716754555555553],[-80.14000511111112,26.718278138888888],[-80.13988908333334,26.719848027777775]]},"properties":{"style":"solid","thickness":1}},{"type":"Feature","geometry":{"type":"LineString","coordinates":[[-80.10488805555555,26.59951988888889],[-80.10499805555555,26.600139972222223],[-80.10522944444443,26.600732416666666],[-80.10557477777778,26.601278222222223],[-80.106023,26.601759805555556],[-80.10655966666666,26.602161722222224],[-80.10716755555555,26.602471027777778],[-80.10782708333333,26.602677777777778],[-80.10851711111111,26.602775333333334],[-80.10921541666666,26.602760555555555],[-80.10989955555554,26.602633944444445],[-80.11054755555556,26.60239952777778],[-80.11113858333333,26.60206488888889],[-80.11165363888888,26.60164075],[-80.11207616666667,26.601140750000003],[-80.11239258333333,26.600580944444445],[-80.11259272222222,26.59997936111111],[-80.11267016666666,26.599355305555555],[-80.11262238888888,26.59872886111111],[-80.11245097222222,26.598120166666664],[-80.11216141666667,26.597548749999998],[-80.11176302777777,26.59703297222222],[-80.11126858333333,26.59658947222222],[-80.11069402777777,26.596232444444443],[-80.11005777777777,26.595973388888886],[-80.10938030555555,26.59582063888889],[-80.10868338888888,26.595779055555553],[-80.10798938888888,26.595850027777775],[-80.10732066666667,26.596031277777776],[-80.10669866666666,26.596316944444442],[-80.10614341666665,26.59669786111111],[-80.10567272222222,26.597161777777778],[-80.10530175,26.597693805555554],[-80.10504238888889,26.598276833333333],[-80.104903,26.59889211111111],[-80.10488805555555,26.59951988888889]]},"properties":{"style":"solid","thickness":1}},{"type":"Feature","geometry":{"type":"LineString","coordinates":[[-80.10939197222221,26.607376222222225],[-80.10903855555554,26.605835250000002],[-80.10837447222222,26.6043795],[-80.1074226111111,26.60305911111111],[-80.10621574999999,26.601919611111114],[-80.10479544444443,26.60100016666667],[-80.10321061111111,26.600332472222224],[-80.10151586111111,26.599939527777778],[-80.09976952777777,26.59983488888889]]},"properties":{"style":"solid","thickness":1}},{"type":"Feature","geometry":{"type":"LineString","coordinates":[[-80.09976952777777,26.59983488888889],[-80.10148372222221,26.599517277777778],[-80.10310308333332,26.59892038888889],[-80.10457186111111,26.59806475],[-80.10583941666665,26.59697986111111],[-80.10686213888889,26.595703055555553],[-80.10760480555555,26.59427833333333],[-80.10804180555554,26.592754777777778],[-80.10815811111111,26.59118486111111]]},"properties":{"style":"solid","thickness":1}},{"type":"Feature","geometry":{"type":"LineString","coordinates":[[-80.10815811111111,26.59118486111111],[-80.10851147222222,26.59272586111111],[-80.10917549999999,26.59418161111111],[-80.11012730555555,26.59550197222222],[-80.11133413888888,26.59664147222222],[-80.11275444444443,26.597560833333333],[-80.11433927777777,26.598228416666664],[-80.11603405555555,26.598621194444444],[-80.11778038888889,26.598725666666667]]},"properties":{"style":"solid","thickness":1}},{"type":"Feature","geometry":{"type":"LineString","coordinates":[[-80.11778038888889,26.598725666666667],[-80.11606624999999,26.599043444444444],[-80.11444694444444,26.5996405],[-80.11297822222221,26.600496222222223],[-80.11171069444444,26.601581194444446],[-80.11068797222222,26.602858027777778],[-80.10994530555556,26.604282750000003],[-80.10950827777778,26.605806305555557],[-80.10939197222221,26.607376222222225]]},"properties":{"style":"solid","thickness":1}},{"type":"Feature","geometry":{"type":"LineString","coordinates":[[-80.07035922222222,26.461299527777776],[-80.07046891666667,26.461919666666667],[-80.07069986111111,26.462512194444443],[-80.07104463888888,26.46305811111111],[-80.07149219444445,26.463539833333332],[-80.07202811111111,26.46394186111111],[-80.07263516666666,26.464251333333333],[-80.07329388888888,26.46445825],[-80.07398305555556,26.46455597222222],[-80.07468055555555,26.46454136111111],[-80.07536391666666,26.46441488888889],[-80.07601125,26.464180638888887],[-80.07660166666666,26.46384611111111],[-80.07711622222222,26.463422055555554],[-80.07753841666667,26.46292213888889],[-80.0778546111111,26.462362388888888],[-80.07805469444445,26.461760833333333],[-80.07813222222222,26.461136777777778],[-80.07808469444444,26.460510305555555],[-80.07791366666666,26.459901527777777],[-80.0776246111111,26.459330027777778],[-80.07722683333333,26.458814138888886],[-80.07673311111111,26.4583705],[-80.07615930555555,26.458013333333334],[-80.07552388888888,26.45775411111111],[-80.07484724999999,26.457601194444443],[-80.07415116666667,26.457559444444442],[-80.07345797222222,26.457630277777778],[-80.07278997222222,26.457811361111112],[-80.07216863888888,26.45809688888889],[-80.07161391666666,26.458477694444444],[-80.07114363888888,26.458941527777778],[-80.07077294444444,26.45947347222222],[-80.07051372222222,26.46005647222222],[-80.07037433333333,26.46067175],[-80.07035922222222,26.461299527777776]]},"properties":{"style":"solid","thickness":1}},{"type":"Feature","geometry":{"type":"LineString","coordinates":[[-80.07485555555556,26.46915725],[-80.07450302777778,26.46761611111111],[-80.07384013888888,26.466160166666665],[-80.07288977777777,26.464839527777777],[-80.07168463888888,26.463699666666667],[-80.07026627777778,26.46277986111111],[-80.06868352777778,26.46211177777778],[-80.06699088888888,26.461718416666667],[-80.06524663888888,26.461613333333332]]},"properties":{"style":"solid","thickness":1}},{"type":"Feature","geometry":{"type":"LineString","coordinates":[[-80.06524663888888,26.461613333333332],[-80.06695888888889,26.461296138888887],[-80.06857652777778,26.46069961111111],[-80.07004380555556,26.459844277777776],[-80.07131022222222,26.45875963888889],[-80.07233211111111,26.457483027777776],[-80.07307427777778,26.456058416666664],[-80.07351122222222,26.454534916666667],[-80.0736278611111,26.452964944444442]]},"properties":{"style":"solid","thickness":1}},{"type":"Feature","geometry":{"type":"LineString","coordinates":[[-80.0736278611111,26.452964944444442],[-80.07398033333332,26.45450608333333],[-80.07464316666666,26.455962055555556],[-80.07559347222222,26.457282694444444],[-80.07679855555556,26.4584225],[-80.07821691666666,26.45934225],[-80.07979969444445,26.46001022222222],[-80.0814923611111,26.460403444444445],[-80.0832366111111,26.460508333333333]]},"properties":{"style":"solid","thickness":1}},{"type":"Feature","geometry":{"type":"LineString","coordinates":[[-80.0832366111111,26.460508333333333],[-80.08152441666667,26.46082572222222],[-80.07990683333333,26.461422388888888],[-80.07843961111111,26.462277805555555],[-80.07717325,26.463362527777775],[-80.0761513611111,26.464639166666664],[-80.07540913888889,26.466063777777777],[-80.07497219444444,26.467587305555554],[-80.07485555555556,26.46915725]]},"properties":{"style":"solid","thickness":1}},{"type":"Feature","geometry":{"type":"LineString","coordinates":[[-80.05649191666666,26.395879722222222],[-80.05660144444444,26.39649988888889],[-80.05683219444444,26.397092444444443],[-80.05717672222222,26.39763838888889],[-80.05762397222222,26.398120166666665],[-80.05815955555555,26.398522277777776],[-80.05876624999999,26.398831777777776],[-80.05942458333332,26.39903877777778],[-80.0601133611111,26.399136555555554],[-80.06081044444444,26.39912202777778],[-80.06149347222222,26.39899561111111],[-80.06214044444444,26.398761416666666],[-80.06273058333333,26.398426944444445],[-80.06324491666666,26.398002944444443],[-80.06366691666666,26.397503027777777],[-80.063983,26.396943305555556],[-80.06418305555555,26.39634175],[-80.06426061111111,26.395717694444443],[-80.06421319444445,26.395091194444444],[-80.06404230555555,26.39448238888889],[-80.06375347222222,26.39391086111111],[-80.06335597222223,26.393394944444445],[-80.06286258333333,26.39295125],[-80.06228913888889,26.392594],[-80.06165411111111,26.392334722222223],[-80.06097788888889,26.392181722222222],[-80.06028216666667,26.392139944444445],[-80.05958936111111,26.392210694444444],[-80.05892172222222,26.39239172222222],[-80.05830069444444,26.392677194444445],[-80.05774622222222,26.393057944444443],[-80.05727616666667,26.393521749999998],[-80.0569056111111,26.394053666666665],[-80.05664647222223,26.394636638888887],[-80.05650708333333,26.395251916666666],[-80.05649191666666,26.395879722222222]]},"properties":{"style":"solid","thickness":1}},{"type":"Feature","geometry":{"type":"LineString","coordinates":[[-80.06098483333334,26.403737999999997],[-80.06063266666666,26.402196805555555],[-80.05997033333333,26.400740777777777],[-80.05902063888888,26.39942],[-80.05781630555555,26.398280027777776],[-80.0563988611111,26.397360083333332],[-80.05481705555555,26.396691833333332],[-80.05312538888889,26.396298305555554],[-80.05138211111111,26.396193055555557]]},"properties":{"style":"solid","thickness":1}},{"type":"Feature","geometry":{"type":"LineString","coordinates":[[-80.05138211111111,26.396193055555557],[-80.05309347222222,26.395876027777778],[-80.05471027777777,26.395279638888887],[-80.05617683333332,26.394424416666666],[-80.05744266666666,26.393339861111112],[-80.0584641111111,26.392063333333333],[-80.05920605555555,26.390638777777777],[-80.05964291666666,26.389115277777776],[-80.05975969444444,26.387545305555555]]},"properties":{"style":"solid","thickness":1}},{"type":"Feature","geometry":{"type":"LineString","coordinates":[[-80.05975969444444,26.387545305555555],[-80.06011180555555,26.3890865],[-80.06077408333333,26.390542555555555],[-80.06172372222223,26.391863305555557],[-80.062928,26.39300325],[-80.06434547222221,26.393923138888887],[-80.06592727777777,26.394591277777778],[-80.06761897222222,26.394984666666666],[-80.06936225,26.395089694444444]]},"properties":{"style":"solid","thickness":1}},{"type":"Feature","geometry":{"type":"LineString","coordinates":[[-80.06936225,26.395089694444444],[-80.06765094444444,26.395406944444446],[-80.06603419444444,26.396003472222223],[-80.06456769444443,26.396858777777776],[-80.06330188888889,26.397943388888887],[-80.06228041666667,26.399219972222223],[-80.06153847222222,26.400644527777775],[-80.06110158333333,26.402168055555553],[-80.06098483333334,26.403737999999997]]},"properties":{"style":"solid","thickness":1}},{"type":"Feature","geometry":{"type":"LineString","coordinates":[[-80.03770525,26.327293138888887],[-80.03781463888889,26.327913305555555],[-80.03804513888889,26.328505916666668],[-80.03838938888889,26.329051916666668],[-80.03883630555555,26.32953375],[-80.0393715,26.329935916666667],[-80.03997780555555,26.330245527777777],[-80.04063569444445,26.330452583333333],[-80.04132405555555,26.33055047222222],[-80.04202077777778,26.33053602777778],[-80.04270341666667,26.33040972222222],[-80.04335002777778,26.330175583333332],[-80.04393988888889,26.329841166666668],[-80.044454,26.329417222222222],[-80.04487580555555,26.32891738888889],[-80.04519180555555,26.328357694444446],[-80.04539183333333,26.327756138888887],[-80.04546944444444,26.327132083333332],[-80.04542213888888,26.326505583333333],[-80.04525147222222,26.32589672222222],[-80.04496288888889,26.32532513888889],[-80.04456572222222,26.324809166666668],[-80.04407266666666,26.32436538888889],[-80.04349963888889,26.324008083333332],[-80.04286499999999,26.323748722222224],[-80.04218916666666,26.32359563888889],[-80.0414938888889,26.32355375],[-80.04080147222221,26.323624416666668],[-80.04013419444445,26.32380536111111],[-80.03951347222223,26.324090777777776],[-80.03895927777778,26.324471444444445],[-80.03848941666666,26.324935194444443],[-80.038119,26.32546711111111],[-80.03785991666666,26.326050055555555],[-80.03772049999999,26.326665305555554],[-80.03770525,26.327293138888887]]},"properties":{"style":"solid","thickness":1}},{"type":"Feature","geometry":{"type":"LineString","coordinates":[[-80.04219433333333,26.33515211111111],[-80.04184258333333,26.33361086111111],[-80.04118086111112,26.332154694444444],[-80.04023194444444,26.330833805555557],[-80.0390285,26.329693638888887],[-80.037612,26.32877347222222],[-80.03603122222222,26.328105027777777],[-80.0343406111111,26.327711277777777],[-80.03259836111111,26.327605833333333]]},"properties":{"style":"solid","thickness":1}},{"type":"Feature","geometry":{"type":"LineString","coordinates":[[-80.03259836111111,26.327605833333333],[-80.03430877777778,26.327289],[-80.03592472222222,26.326692805555556],[-80.03739058333333,26.325837749999998],[-80.03865583333334,26.324753333333334],[-80.03967691666666,26.323476916666667],[-80.04041863888888,26.322052416666665],[-80.04085547222222,26.320528944444444],[-80.04097241666666,26.318958972222223]]},"properties":{"style":"solid","thickness":1}},{"type":"Feature","geometry":{"type":"LineString","coordinates":[[-80.04097241666666,26.318958972222223],[-80.04132408333334,26.32050025],[-80.04198575,26.32195638888889],[-80.04293463888888,26.323277305555557],[-80.04413802777778,26.324417416666666],[-80.04555452777778,26.3253375],[-80.04713533333333,26.32600586111111],[-80.04882597222222,26.326399444444444],[-80.05056819444444,26.32650472222222]]},"properties":{"style":"solid","thickness":1}},{"type":"Feature","geometry":{"type":"LineString","coordinates":[[-80.05056819444444,26.32650472222222],[-80.0488578611111,26.32682175],[-80.04724197222222,26.327418083333335],[-80.04577616666667,26.328273222222222],[-80.04451094444444,26.329357694444443],[-80.04348986111111,26.330634166666666],[-80.04274811111111,26.332058666666665],[-80.04231125,26.333582138888886],[-80.04219433333333,26.33515211111111]]},"properties":{"style":"solid","thickness":1}},{"type":"Feature","geometry":{"type":"LineString","coordinates":[[-80.01782980555555,26.25463427777778],[-80.01793902777777,26.2552545],[-80.01816930555556,26.25584713888889],[-80.01851325,26.256393194444446],[-80.01895980555555,26.256875083333334],[-80.01949461111111,26.25727736111111],[-80.02010047222223,26.257587027777777],[-80.02075794444444,26.257794194444443],[-80.0214458611111,26.257892166666668],[-80.02214213888888,26.257877805555555],[-80.02282438888889,26.257751583333334],[-80.02347066666667,26.257517555555555],[-80.02406019444444,26.257183194444444],[-80.02457405555556,26.256759333333335],[-80.02499569444444,26.25625952777778],[-80.0253116111111,26.25569986111111],[-80.02551161111111,26.255098333333333],[-80.02558925,26.254474277777778],[-80.02554211111111,26.25384775],[-80.02537163888888,26.25323886111111],[-80.02508333333333,26.25266722222222],[-80.02468647222221,26.252151194444444],[-80.02419380555556,26.251707361111112],[-80.02362116666667,26.251349944444446],[-80.02298697222223,26.2510905],[-80.0223116111111,26.250937333333333],[-80.02161674999999,26.250895333333332],[-80.02092475,26.250965916666665],[-80.02025783333333,26.251146777777777],[-80.01963744444444,26.25143211111111],[-80.01908352777778,26.251812722222223],[-80.0186138888889,26.252276416666668],[-80.0182436111111,26.252808277777778],[-80.01798458333333,26.253391194444443],[-80.01784516666666,26.254006472222223],[-80.01782980555555,26.25463427777778]]},"properties":{"style":"solid","thickness":1}},{"type":"Feature","geometry":{"type":"LineString","coordinates":[[-80.02231483333333,26.262494027777777],[-80.02196358333333,26.260952666666668],[-80.0213025,26.259496416666668],[-80.02035436111112,26.25817536111111],[-80.01915186111111,26.257035],[-80.01773638888889,26.25611463888889],[-80.01615669444445,26.255445972222223],[-80.01446716666666,26.255052],[-80.01272602777777,26.254946305555556]]},"properties":{"style":"solid","thickness":1}},{"type":"Feature","geometry":{"type":"LineString","coordinates":[[-80.01272602777777,26.254946305555556],[-80.01443541666667,26.254629694444443],[-80.0160505,26.254033694444445],[-80.01751558333333,26.253178833333333],[-80.01878022222222,26.252094583333335],[-80.0198008888889,26.25081825],[-80.02054238888888,26.249393833333333],[-80.02097922222222,26.24787038888889],[-80.0210963611111,26.246300416666667]]},"properties":{"style":"solid","thickness":1}},{"type":"Feature","geometry":{"type":"LineString","coordinates":[[-80.0210963611111,26.246300416666667],[-80.02144755555555,26.24784175],[-80.02210858333333,26.24929802777778],[-80.02305663888889,26.250619083333333],[-80.0242591388889,26.25175938888889],[-80.02567461111111,26.252679694444446],[-80.02725430555556,26.25334825],[-80.02894386111112,26.253742083333332],[-80.030685,26.253847583333332]]},"properties":{"style":"solid","thickness":1}},{"type":"Feature","geometry":{"type":"LineString","coordinates":[[-80.030685,26.253847583333332],[-80.0289756388889,26.25416438888889],[-80.0273606388889,26.254760527777776],[-80.02589561111111,26.25561547222222],[-80.02463097222223,26.256699805555556],[-80.02361033333334,26.257976166666666],[-80.02286880555556,26.259400583333335],[-80.02243194444445,26.26092402777778],[-80.02231483333333,26.262494027777777]]},"properties":{"style":"solid","thickness":1}},{"type":"Feature","geometry":{"type":"LineString","coordinates":[[-80.02755622222222,26.212131777777778],[-80.02766544444444,26.21275197222222],[-80.02789569444444,26.21334461111111],[-80.02823955555556,26.213890666666664],[-80.028686,26.214372527777776],[-80.02922063888889,26.21477475],[-80.02982633333333,26.215084388888886],[-80.03048358333334,26.215291527777776],[-80.03117125,26.215389444444444],[-80.03186727777778,26.215375055555555],[-80.03254927777778,26.215248777777777],[-80.03319527777778,26.215014666666665],[-80.03378458333333,26.214680305555554],[-80.03429822222222,26.214256388888888],[-80.03471969444445,26.213756527777775],[-80.03503541666666,26.21319686111111],[-80.03523530555556,26.212595305555556],[-80.03531288888888,26.211971249999998],[-80.03526566666666,26.211344694444445],[-80.03509522222222,26.21073583333333],[-80.03480697222221,26.210164194444445],[-80.03441022222222,26.209648194444444],[-80.03391769444444,26.20920436111111],[-80.03334522222222,26.208847],[-80.03271125,26.208587583333333],[-80.03203608333334,26.208434472222223],[-80.03134147222222,26.20839252777778],[-80.03064972222222,26.208463166666665],[-80.02998308333333,26.208644055555556],[-80.02936294444444,26.208929416666667],[-80.02880925,26.20931008333333],[-80.02833980555556,26.209773833333333],[-80.02796972222222,26.21030572222222],[-80.02771083333333,26.210888666666666],[-80.0275715,26.211503944444445],[-80.02755622222222,26.212131777777778]]},"properties":{"style":"solid","thickness":1}},{"type":"Feature","geometry":{"type":"LineString","coordinates":[[-80.03204030555555,26.219991277777776],[-80.03168902777777,26.218449944444444],[-80.03102805555555,26.21699372222222],[-80.03008016666666,26.215672694444443],[-80.028878,26.214532444444444],[-80.02746294444444,26.213612166666667],[-80.02588375,26.21294358333333],[-80.02419483333333,26.21254972222222],[-80.02245427777778,26.212444138888888]]},"properties":{"style":"solid","thickness":1}},{"type":"Feature","geometry":{"type":"LineString","coordinates":[[-80.02245427777778,26.212444138888888],[-80.02416305555556,26.212127416666664],[-80.02577747222222,26.211531305555553],[-80.02724197222223,26.210676333333332],[-80.02850608333333,26.20959197222222],[-80.02952627777778,26.208315583333334],[-80.03026738888889,26.206891083333332],[-80.03070394444444,26.20536761111111],[-80.03082088888888,26.203797583333333]]},"properties":{"style":"solid","thickness":1}},{"type":"Feature","geometry":{"type":"LineString","coordinates":[[-80.03082088888888,26.203797583333333],[-80.03117208333333,26.205338916666665],[-80.031833,26.206795166666666],[-80.03278083333333,26.208116166666667],[-80.03398299999999,26.209256416666666],[-80.03539802777777,26.21017661111111],[-80.03697724999999,26.210845083333332],[-80.03866619444445,26.211238805555556],[-80.04040672222222,26.211344194444443]]},"properties":{"style":"solid","thickness":1}},{"type":"Feature","geometry":{"type":"LineString","coordinates":[[-80.04040672222222,26.211344194444443],[-80.03869802777777,26.21166111111111],[-80.03708366666666,26.21225736111111],[-80.03561922222222,26.213112444444445],[-80.03435513888888,26.21419686111111],[-80.03333494444445,26.21547327777778],[-80.03259380555555,26.216897777777778],[-80.03215722222222,26.218421277777775],[-80.03204030555555,26.219991277777776]]},"properties":{"style":"solid","thickness":1}},{"type":"Feature","geometry":{"type":"LineString","coordinates":[[-80.05844958333333,26.076904833333334],[-80.05855883333334,26.077525027777778],[-80.05878899999999,26.078117638888887],[-80.05913261111111,26.078663638888887],[-80.05957866666667,26.079145416666666],[-80.06011280555555,26.079547555555557],[-80.06071788888889,26.079857083333334],[-80.06137444444444,26.080064055555557],[-80.0620613611111,26.08016183333333],[-80.06275658333333,26.080147277777776],[-80.06343777777778,26.080020861111112],[-80.064083,26.07978661111111],[-80.06467152777778,26.07945211111111],[-80.06518447222221,26.079028055555554],[-80.06560533333334,26.078528111111112],[-80.06592055555555,26.077968333333335],[-80.06612002777777,26.077366722222223],[-80.06619736111111,26.07674261111111],[-80.06615005555555,26.076116083333332],[-80.06597963888889,26.07550722222222],[-80.06569155555555,26.07493563888889],[-80.06529511111111,26.074419694444444],[-80.06480302777777,26.07397597222222],[-80.06423113888889,26.07361872222222],[-80.06359780555556,26.073359444444446],[-80.0629233611111,26.073206444444445],[-80.06222955555555,26.073164666666667],[-80.0615386111111,26.073235444444443],[-80.06087275,26.0734165],[-80.06025338888888,26.073702],[-80.05970044444445,26.074082805555555],[-80.05923166666666,26.07454663888889],[-80.05886211111111,26.07507863888889],[-80.05860369444444,26.075661666666665],[-80.05846469444444,26.07627697222222],[-80.05844958333333,26.076904833333334]]},"properties":{"style":"solid","thickness":1}},{"type":"Feature","geometry":{"type":"LineString","coordinates":[[-80.06293063888889,26.084763638888887],[-80.0625793611111,26.08322233333333],[-80.06191877777778,26.081766194444445],[-80.06097161111111,26.080445333333333],[-80.0597705,26.079305305555554],[-80.05835680555555,26.078385305555557],[-80.05677924999999,26.077717027777776],[-80.05509211111111,26.07732352777778],[-80.05335352777777,26.077218305555554]]},"properties":{"style":"solid","thickness":1}},{"type":"Feature","geometry":{"type":"LineString","coordinates":[[-80.05335352777777,26.077218305555554],[-80.05506027777777,26.076901222222222],[-80.05667269444444,26.076304722222222],[-80.05813530555555,26.075449416666668],[-80.05939769444444,26.07436475],[-80.06041638888888,26.07308808333333],[-80.06115627777777,26.07166338888889],[-80.06159194444444,26.07013977777778],[-80.06170833333333,26.068569666666665]]},"properties":{"style":"solid","thickness":1}},{"type":"Feature","geometry":{"type":"LineString","coordinates":[[-80.06170833333333,26.068569666666665],[-80.06205952777778,26.07011097222222],[-80.06272008333333,26.071567138888888],[-80.06366719444445,26.072887972222222],[-80.06486827777778,26.074028],[-80.06628197222221,26.074947916666666],[-80.06785955555556,26.075616083333333],[-80.06954669444444,26.076009444444445],[-80.07128527777778,26.076114472222223]]},"properties":{"style":"solid","thickness":1}},{"type":"Feature","geometry":{"type":"LineString","coordinates":[[-80.07128527777778,26.076114472222223],[-80.06957858333332,26.07643175],[-80.06796622222222,26.077028388888888],[-80.06650366666666,26.077883777777778],[-80.06524130555555,26.07896852777778],[-80.0642226111111,26.08024522222222],[-80.06348269444445,26.081669916666666],[-80.06304702777777,26.083193555555557],[-80.06293063888889,26.084763638888887]]},"properties":{"style":"solid","thickness":1}},{"type":"Feature","geometry":{"type":"LineString","coordinates":[[-80.06010536111111,26.069654888888888],[-80.06021463888888,26.070275083333332],[-80.06044477777778,26.070867694444445],[-80.06078838888888,26.071413666666665],[-80.06123441666666,26.071895472222224],[-80.06176852777777,26.072297583333334],[-80.06237358333333,26.07260711111111],[-80.0630301111111,26.072814083333334],[-80.063717,26.072911861111113],[-80.06441216666667,26.072897277777777],[-80.06509330555555,26.07277086111111],[-80.0657385,26.07253661111111],[-80.066327,26.072202083333334],[-80.06683988888888,26.07177802777778],[-80.06726069444444,26.071278083333333],[-80.06757591666667,26.070718305555555],[-80.06777538888889,26.070116694444444],[-80.06785269444444,26.069492583333332],[-80.06780536111111,26.068866027777776],[-80.06763494444444,26.068257194444445],[-80.06734688888889,26.06768561111111],[-80.06695047222222,26.067169666666665],[-80.06645838888889,26.066725944444443],[-80.06588652777778,26.066368694444446],[-80.06525322222222,26.066109416666666],[-80.06457883333333,26.06595641666667],[-80.06388505555556,26.065914666666668],[-80.06319416666666,26.065985444444443],[-80.0625283611111,26.0661665],[-80.06190902777777,26.06645202777778],[-80.06135611111111,26.066832833333333],[-80.06088736111111,26.067296666666667],[-80.06051786111111,26.067828666666667],[-80.06025944444444,26.068411694444443],[-80.06012047222222,26.06902702777778],[-80.06010536111111,26.069654888888888]]},"properties":{"style":"solid","thickness":1}},{"type":"Feature","geometry":{"type":"LineString","coordinates":[[-80.06458627777778,26.077513638888888],[-80.064235,26.07597236111111],[-80.06357441666667,26.074516194444445],[-80.06262727777778,26.07319536111111],[-80.06142625,26.07205533333333],[-80.06001263888889,26.071135333333334],[-80.05843513888888,26.07046711111111],[-80.0567481111111,26.07007361111111],[-80.05500963888889,26.069968416666665]]},"properties":{"style":"solid","thickness":1}},{"type":"Feature","geometry":{"type":"LineString","coordinates":[[-80.05500963888889,26.069968416666665],[-80.05671627777778,26.069651305555556],[-80.05832861111111,26.069054805555556],[-80.05979111111111,26.068199472222222],[-80.06105338888888,26.06711477777778],[-80.062072,26.065838111111113],[-80.06281183333333,26.064413416666667],[-80.06324744444444,26.06288977777778],[-80.06336380555555,26.061319666666666]]},"properties":{"style":"solid","thickness":1}},{"type":"Feature","geometry":{"type":"LineString","coordinates":[[-80.06336380555555,26.061319666666666],[-80.06371502777777,26.06286097222222],[-80.06437552777777,26.064317111111112],[-80.06532261111111,26.065637944444447],[-80.06652363888888,26.066777944444443],[-80.06793725,26.06769786111111],[-80.06951475,26.068366027777778],[-80.07120180555555,26.068759361111113],[-80.07294027777778,26.06886436111111]]},"properties":{"style":"solid","thickness":1}},{"type":"Feature","geometry":{"type":"LineString","coordinates":[[-80.07294027777778,26.06886436111111],[-80.07123369444444,26.069181666666665],[-80.06962141666666,26.069778305555555],[-80.06815897222222,26.07063375],[-80.06689672222222,26.0717185],[-80.0658781111111,26.072995194444445],[-80.06513825,26.074419916666667],[-80.06470263888889,26.075943555555554],[-80.06458627777778,26.077513638888888]]},"properties":{"style":"solid","thickness":1}},{"type":"Feature","geometry":{"type":"LineString","coordinates":[[-80.09820741666667,25.922992027777777],[-80.09831677777777,25.923612222222225],[-80.09854680555556,25.924204777777778],[-80.09889016666666,25.924750694444445],[-80.09933580555555,25.92523238888889],[-80.09986941666666,25.92563436111111],[-80.10047380555555,25.925943750000002],[-80.10112958333333,25.926150555555555],[-80.10181566666667,25.92624813888889],[-80.10251,25.92623338888889],[-80.10319025,25.92610677777778],[-80.10383455555555,25.92587236111111],[-80.10442222222221,25.925537666666667],[-80.1049343611111,25.925113472222222],[-80.10535449999999,25.92461338888889],[-80.10566913888889,25.9240535],[-80.10586816666667,25.92345180555556],[-80.10594516666666,25.922827666666667],[-80.10589772222221,25.92220111111111],[-80.10572730555555,25.92159227777778],[-80.10543941666666,25.92102077777778],[-80.10504330555555,25.92050491666667],[-80.10455169444444,25.920061305555556],[-80.10398041666666,25.919704194444446],[-80.10334780555554,25.919445083333333],[-80.10267419444443,25.919292277777778],[-80.10198125,25.919250666666667],[-80.10129122222222,25.91932163888889],[-80.10062630555555,25.91950288888889],[-80.10000783333332,25.919788583333336],[-80.09945572222222,25.920169555555557],[-80.09898769444445,25.920633527777778],[-80.09861880555555,25.92116563888889],[-80.09836091666666,25.921748750000003],[-80.09822230555555,25.92236413888889],[-80.09820741666667,25.922992027777777]]},"properties":{"style":"solid","thickness":1}},{"type":"Feature","geometry":{"type":"LineString","coordinates":[[-80.1026853611111,25.930849861111113],[-80.10233402777777,25.92930861111111],[-80.10167377777778,25.927852583333333],[-80.10072738888888,25.926531972222225],[-80.09952744444443,25.925392194444445],[-80.09811527777778,25.924472555555557],[-80.09653952777778,25.923804722222222],[-80.09485444444444,25.923411666666667],[-80.09311805555555,25.923306916666668]]},"properties":{"style":"solid","thickness":1}},{"type":"Feature","geometry":{"type":"LineString","coordinates":[[-80.09311805555555,25.923306916666668],[-80.09482249999999,25.922989333333334],[-80.09643263888888,25.92239238888889],[-80.09789308333333,25.92153663888889],[-80.09915347222221,25.920451583333335],[-80.10017041666666,25.919174611111114],[-80.10090886111111,25.91774966666667],[-80.10134344444444,25.91622586111111],[-80.10145916666666,25.914655666666665]]},"properties":{"style":"solid","thickness":1}},{"type":"Feature","geometry":{"type":"LineString","coordinates":[[-80.10145916666666,25.914655666666665],[-80.10181044444444,25.916196944444444],[-80.1024706111111,25.917652972222225],[-80.10341697222222,25.918973583333333],[-80.10461688888888,25.920113305555557],[-80.10602905555555,25.92103288888889],[-80.10760483333333,25.92170063888889],[-80.10928991666665,25.92209352777778],[-80.11102630555555,25.922198083333335]]},"properties":{"style":"solid","thickness":1}},{"type":"Feature","geometry":{"type":"LineString","coordinates":[[-80.11102630555555,25.922198083333335],[-80.10932191666666,25.922515861111112],[-80.10771183333333,25.923112944444444],[-80.10625144444444,25.92396877777778],[-80.10499108333333,25.92505388888889],[-80.10397416666666,25.926330916666668],[-80.10323566666666,25.92775588888889],[-80.10280108333333,25.929279694444446],[-80.1026853611111,25.930849861111113]]},"properties":{"style":"solid","thickness":1}},{"type":"Feature","geometry":{"type":"LineString","coordinates":[[-80.10257227777777,25.893381027777778],[-80.10268161111111,25.894001222222222],[-80.10291163888888,25.894593805555555],[-80.10325491666666,25.895139694444445],[-80.10370047222222,25.89562136111111],[-80.10423394444445,25.896023333333332],[-80.10483822222221,25.896332694444443],[-80.10549383333333,25.8965395],[-80.10617975,25.896637055555555],[-80.10687388888888,25.896622305555557],[-80.10755397222222,25.896495666666667],[-80.10819813888888,25.896261194444445],[-80.10878563888889,25.895926499999998],[-80.10929763888889,25.895502277777776],[-80.10971763888888,25.895002194444444],[-80.11003219444444,25.894442277777777],[-80.11023113888888,25.893840583333333],[-80.11030811111111,25.893216444444445],[-80.11026063888889,25.89258988888889],[-80.11009025,25.891981055555554],[-80.10980238888888,25.89140952777778],[-80.10940636111111,25.890893694444443],[-80.10891488888889,25.89045011111111],[-80.10834372222222,25.890093],[-80.10771125,25.889833916666667],[-80.10703780555555,25.88968111111111],[-80.10634502777778,25.889639555555554],[-80.10565519444444,25.889710527777776],[-80.10499041666667,25.889891805555553],[-80.10437213888888,25.890177527777777],[-80.10382016666667,25.8905585],[-80.10335227777777,25.8910225],[-80.1029835,25.891554638888888],[-80.10272569444444,25.89213775],[-80.10258713888888,25.89275313888889],[-80.10257227777777,25.893381027777778]]},"properties":{"style":"solid","thickness":1}},{"type":"Feature","geometry":{"type":"LineString","coordinates":[[-80.10704941666665,25.901238777777777],[-80.1066981111111,25.89969752777778],[-80.10603797222221,25.898241527777778],[-80.10509175,25.896920916666666],[-80.10389205555555,25.895781194444442],[-80.10248022222221,25.894861583333334],[-80.10090483333333,25.894193777777776],[-80.09922013888888,25.893800777777777],[-80.09748419444443,25.89369608333333]]},"properties":{"style":"solid","thickness":1}},{"type":"Feature","geometry":{"type":"LineString","coordinates":[[-80.09748419444443,25.89369608333333],[-80.09918819444444,25.893378444444444],[-80.10079791666666,25.892781444444445],[-80.10225794444443,25.891925666666666],[-80.103518,25.890840555555556],[-80.10453463888888,25.889563527777778],[-80.1052728611111,25.888138555555557],[-80.10570727777777,25.886614722222223],[-80.10582288888888,25.885044527777776]]},"properties":{"style":"solid","thickness":1}},{"type":"Feature","geometry":{"type":"LineString","coordinates":[[-80.10582288888888,25.885044527777776],[-80.10617413888889,25.886585805555555],[-80.10683422222222,25.888041805555556],[-80.10778038888888,25.889362416666668],[-80.10898005555555,25.89050211111111],[-80.11039188888888,25.89142163888889],[-80.11196730555555,25.892089333333335],[-80.11365199999999,25.892482194444444],[-80.11538794444444,25.892586694444443]]},"properties":{"style":"solid","thickness":1}},{"type":"Feature","geometry":{"type":"LineString","coordinates":[[-80.11538794444444,25.892586694444443],[-80.11368399999999,25.892904527777777],[-80.11207433333333,25.893501666666666],[-80.1106143611111,25.894357555555555],[-80.10935433333333,25.89544272222222],[-80.10833769444444,25.896719777777776],[-80.10759944444443,25.89814475],[-80.10716502777777,25.899668583333334],[-80.10704941666665,25.901238777777777]]},"properties":{"style":"solid","thickness":1}},{"type":"Feature","geometry":{"type":"LineString","coordinates":[[-80.15165616666667,25.879540666666667],[-80.15176572222222,25.880160833333335],[-80.15199597222222,25.880753305555555],[-80.15233944444445,25.88129911111111],[-80.15278513888889,25.88178063888889],[-80.15331872222222,25.882182416666666],[-80.15392302777778,25.882491583333334],[-80.15457866666667,25.88269813888889],[-80.15526455555556,25.8827955],[-80.15595861111112,25.8827805],[-80.15663855555556,25.882653611111113],[-80.15728255555557,25.882418972222222],[-80.15786986111112,25.882084055555556],[-80.15838161111111,25.881659666666668],[-80.15880136111112,25.881159416666666],[-80.15911563888889,25.880599416666666],[-80.15931430555555,25.879997666666668],[-80.15939102777779,25.879373472222223],[-80.15934330555557,25.878746916666667],[-80.15917266666668,25.878138166666666],[-80.15888463888889,25.877566722222223],[-80.15848844444444,25.877051027777778],[-80.15799683333334,25.876607583333335],[-80.15742558333334,25.876250694444444],[-80.15679308333334,25.875991805555557],[-80.15611966666667,25.875839250000002],[-80.15542694444446,25.87579788888889],[-80.15473719444445,25.87586911111111],[-80.15407258333335,25.87605061111111],[-80.15345447222222,25.876336527777777],[-80.15290275000001,25.876717694444444],[-80.15243508333334,25.87718186111111],[-80.15206658333334,25.87771411111111],[-80.15180902777779,25.878297333333332],[-80.15167075000001,25.878912777777778],[-80.15165616666667,25.879540666666667]]},"properties":{"style":"solid","thickness":1}},{"type":"Feature","geometry":{"type":"LineString","coordinates":[[-80.156136,25.887396944444443],[-80.15578408333334,25.885855805555554],[-80.15512344444446,25.8844],[-80.15417680555557,25.883079722222224],[-80.15297677777778,25.88194038888889],[-80.15156469444445,25.88102125],[-80.14998922222223,25.880353972222224],[-80.14830458333334,25.879961527777777],[-80.14656877777779,25.879857444444443]]},"properties":{"style":"solid","thickness":1}},{"type":"Feature","geometry":{"type":"LineString","coordinates":[[-80.14656877777779,25.879857444444443],[-80.14827244444444,25.879539222222224],[-80.14988175,25.878941666666666],[-80.15134127777779,25.878085388888888],[-80.15260072222223,25.876999861111113],[-80.15361672222222,25.875722500000002],[-80.15435427777778,25.874297277777778],[-80.15478800000001,25.872773277777778],[-80.15490297222223,25.871203055555554]]},"properties":{"style":"solid","thickness":1}},{"type":"Feature","geometry":{"type":"LineString","coordinates":[[-80.15490297222223,25.871203055555554],[-80.15525483333334,25.872744194444444],[-80.15591541666667,25.874200000000002],[-80.156862,25.875520277777778],[-80.158062,25.876659583333335],[-80.15947405555556,25.877578638888888],[-80.16104958333334,25.878245805555554],[-80.16273422222223,25.878638111111112],[-80.16447002777778,25.87874202777778]]},"properties":{"style":"solid","thickness":1}},{"type":"Feature","geometry":{"type":"LineString","coordinates":[[-80.16447002777778,25.87874202777778],[-80.16276641666667,25.87906041666667],[-80.16115716666667,25.879658111111112],[-80.15969769444445,25.8805145],[-80.15843827777779,25.881600083333336],[-80.15742227777778,25.882877472222223],[-80.15668472222222,25.884302722222223],[-80.15625097222222,25.885826694444443],[-80.156136,25.887396944444443]]},"properties":{"style":"solid","thickness":1}},{"type":"Feature","geometry":{"type":"LineString","coordinates":[[-80.18860625,25.87878886111111],[-80.18871602777779,25.879409],[-80.18894644444445,25.880001444444446],[-80.18929008333333,25.88054713888889],[-80.18973591666668,25.881028555555556],[-80.19026961111112,25.881430194444444],[-80.19087402777778,25.881739194444446],[-80.19152972222223,25.88194561111111],[-80.1922156388889,25.882042777777777],[-80.19290969444445,25.882027611111113],[-80.19358958333333,25.881900555555557],[-80.19423350000001,25.88166575],[-80.19482069444445,25.881330666666667],[-80.19533230555555,25.880906166666666],[-80.19575191666667,25.880405805555554],[-80.19606602777777,25.87984572222222],[-80.1962645,25.879243916666667],[-80.19634102777778,25.878619722222222],[-80.19629311111112,25.877993194444446],[-80.19612230555556,25.877384444444445],[-80.19583408333334,25.87681311111111],[-80.19543772222222,25.8762975],[-80.19494597222223,25.875854194444447],[-80.19437463888889,25.875497444444445],[-80.19374205555556,25.875238694444445],[-80.19306858333334,25.875086305555556],[-80.19237586111112,25.87504513888889],[-80.1916861388889,25.875116527777777],[-80.19102158333334,25.875298194444444],[-80.19040358333334,25.87558427777778],[-80.18985194444444,25.875965583333333],[-80.18938447222223,25.876429861111113],[-80.18901611111112,25.87696222222222],[-80.18875875,25.8775455],[-80.18862063888889,25.878160972222222],[-80.18860625,25.87878886111111]]},"properties":{"style":"solid","thickness":1}},{"type":"Feature","geometry":{"type":"LineString","coordinates":[[-80.1930885,25.886644],[-80.19273611111112,25.885102944444444],[-80.19207502777778,25.883647333333332],[-80.19112797222222,25.88232727777778],[-80.18992761111112,25.88118825],[-80.18851525000001,25.880269472222224],[-80.18693958333334,25.87960261111111],[-80.18525483333333,25.879210583333332],[-80.183519,25.879106916666668]]},"properties":{"style":"solid","thickness":1}},{"type":"Feature","geometry":{"type":"LineString","coordinates":[[-80.183519,25.879106916666668],[-80.18522255555555,25.87878827777778],[-80.18683166666668,25.878190333333333],[-80.18829091666667,25.87733366666667],[-80.18955002777778,25.876247833333334],[-80.19056561111111,25.874970194444444],[-80.19130272222223,25.873544777777777],[-80.191736,25.872020694444444],[-80.19185047222223,25.870450416666667]]},"properties":{"style":"solid","thickness":1}},{"type":"Feature","geometry":{"type":"LineString","coordinates":[[-80.19185047222223,25.870450416666667],[-80.19220280555555,25.871991472222224],[-80.19286383333333,25.873447111111112],[-80.19381083333333,25.87476716666667],[-80.19501116666667,25.87590613888889],[-80.19642350000001,25.87682486111111],[-80.19799922222222,25.877491638888888],[-80.199684,25.8778835],[-80.20141980555556,25.877986972222224]]},"properties":{"style":"solid","thickness":1}},{"type":"Feature","geometry":{"type":"LineString","coordinates":[[-80.20141980555556,25.877986972222224],[-80.19971630555555,25.878305805555556],[-80.19810725,25.878903916666665],[-80.19664805555556,25.879760666666666],[-80.19538897222223,25.880846555555557],[-80.19437338888889,25.882124222222224],[-80.19363625,25.883549666666667],[-80.19320297222222,25.88507375],[-80.1930885,25.886644]]},"properties":{"style":"solid","thickness":1}},{"type":"Feature","geometry":{"type":"LineString","coordinates":[[-80.28638988888889,25.875672],[-80.28650016666667,25.876292055555556],[-80.28673105555555,25.876884333333333],[-80.28707513888888,25.877429805555558],[-80.2875213611111,25.877910944444444],[-80.2880553611111,25.87831225],[-80.28866002777778,25.878620833333333],[-80.2893158611111,25.878826805555555],[-80.29000183333333,25.87892352777778],[-80.2906958611111,25.878907861111113],[-80.29137563888888,25.87878036111111],[-80.29201933333333,25.878545111111112],[-80.29260624999999,25.878209666666667],[-80.2931175,25.877784805555557],[-80.29353669444444,25.877284166666666],[-80.29385030555555,25.87672388888889],[-80.29404830555555,25.876121944444446],[-80.29412433333333,25.875497666666668],[-80.29407588888888,25.87487116666667],[-80.29390458333333,25.874262555555557],[-80.29361591666667,25.873691416666666],[-80.29321913888889,25.873176055555557],[-80.29272705555556,25.872733083333333],[-80.29215541666666,25.872376722222224],[-80.29152266666667,25.87211838888889],[-80.29084908333333,25.871966444444446],[-80.29015633333333,25.87192575],[-80.28946669444444,25.871997611111112],[-80.28880230555555,25.872179722222224],[-80.28818452777777,25.872466222222222],[-80.28763325,25.872847888888888],[-80.28716613888889,25.8733125],[-80.28679822222222,25.873845083333332],[-80.2865413611111,25.874428527777777],[-80.28640377777778,25.875044111111112],[-80.28638988888889,25.875672]]},"properties":{"style":"solid","thickness":1}},{"type":"Feature","geometry":{"type":"LineString","coordinates":[[-80.29087844444444,25.883524166666668],[-80.29052480555555,25.881983333333334],[-80.28986252777777,25.880528166666668],[-80.28891444444444,25.879208722222224],[-80.28771316666666,25.8780705],[-80.2863001111111,25.877152694444444],[-80.28472391666666,25.87648686111111],[-80.28303888888888,25.876095972222224],[-80.28130302777778,25.875993472222223]]},"properties":{"style":"solid","thickness":1}},{"type":"Feature","geometry":{"type":"LineString","coordinates":[[-80.28130302777778,25.875993472222223],[-80.28300627777777,25.875673666666668],[-80.28461486111111,25.87507463888889],[-80.28607336111111,25.874217027777778],[-80.28733155555555,25.873130333333332],[-80.28834608333334,25.871852027777777],[-80.289082,25.87042611111111],[-80.289514,25.868901722222223],[-80.28962719444445,25.86733138888889]]},"properties":{"style":"solid","thickness":1}},{"type":"Feature","geometry":{"type":"LineString","coordinates":[[-80.28962719444445,25.86733138888889],[-80.28998077777777,25.868872222222222],[-80.29064297222222,25.87032738888889],[-80.29159102777777,25.871646805555557],[-80.29279227777778,25.872785],[-80.29420533333334,25.87370277777778],[-80.29578152777778,25.8743685],[-80.29746658333333,25.874759222222224],[-80.29920244444445,25.874861527777778]]},"properties":{"style":"solid","thickness":1}},{"type":"Feature","geometry":{"type":"LineString","coordinates":[[-80.29920244444445,25.874861527777778],[-80.29749925,25.875181527777777],[-80.29589072222223,25.875780694444444],[-80.29443227777777,25.876638416666665],[-80.29317411111111,25.877725166666668],[-80.29215958333333,25.8790035],[-80.29142363888889,25.880429444444445],[-80.29099163888888,25.881953805555558],[-80.29087844444444,25.883524166666668]]},"properties":{"style":"solid","thickness":1}},{"type":"Feature","geometry":{"type":"LineString","coordinates":[[-80.41422147222222,25.937917055555555],[-80.41433247222223,25.938537],[-80.41456411111112,25.939129083333334],[-80.41490894444445,25.939674222222223],[-80.41535591666667,25.940154944444444],[-80.4158906388889,25.940555777777778],[-80.41649594444445,25.94086386111111],[-80.41715236111112,25.94106925],[-80.41783877777779,25.94116536111111],[-80.41853313888889,25.941149111111113],[-80.41921313888889,25.941021],[-80.41985691666667,25.940785194444445],[-80.42044377777778,25.940449222222224],[-80.42095486111111,25.940023916666668],[-80.42137372222223,25.939522944444445],[-80.42168691666667,25.93896238888889],[-80.42188436111111,25.93836027777778],[-80.42195975,25.937735944444444],[-80.42191061111112,25.937109500000002],[-80.42173855555556,25.936501055555556],[-80.42144913888889,25.935930166666665],[-80.42105161111111,25.935415166666665],[-80.42055877777779,25.93497261111111],[-80.41998647222222,25.93461675],[-80.41935311111112,25.934359],[-80.41867900000001,25.93420763888889],[-80.41798586111112,25.934167555555558],[-80.41729594444445,25.93424002777778],[-80.41663141666668,25.934422694444443],[-80.4160136388889,25.934709722222223],[-80.41546244444444,25.935091888888888],[-80.41499561111112,25.93555688888889],[-80.41462808333334,25.936089777777777],[-80.41437169444445,25.93667347222222],[-80.41423469444445,25.93728913888889],[-80.41422147222222,25.937917055555555]]},"properties":{"style":"solid","thickness":1}},{"type":"Feature","geometry":{"type":"LineString","coordinates":[[-80.41872077777778,25.945765166666668],[-80.41836530555555,25.944224666666667],[-80.41770113888889,25.942770083333333],[-80.41675111111111,25.94145152777778],[-80.415548,25.94031436111111],[-80.41413322222223,25.939397777777778],[-80.41255550000001,25.93873336111111],[-80.41086919444444,25.938343944444444],[-80.40913230555556,25.938242972222223]]},"properties":{"style":"solid","thickness":1}},{"type":"Feature","geometry":{"type":"LineString","coordinates":[[-80.40913230555556,25.938242972222223],[-80.41083611111112,25.937921694444444],[-80.4124448888889,25.93732125],[-80.41390322222223,25.93646236111111],[-80.41516091666668,25.935374583333335],[-80.41617458333334,25.93409538888889],[-80.4169093888889,25.93266886111111],[-80.41733997222222,25.93114413888889],[-80.41745155555556,25.929573694444446]]},"properties":{"style":"solid","thickness":1}},{"type":"Feature","geometry":{"type":"LineString","coordinates":[[-80.41745155555556,25.929573694444446],[-80.41780694444445,25.931114194444447],[-80.41847105555556,25.932568777777778],[-80.41942102777779,25.93388736111111],[-80.42062411111111,25.93502447222222],[-80.42203888888889,25.935941],[-80.42361661111111,25.936605333333333],[-80.42530297222223,25.936994583333334],[-80.42703983333334,25.937095361111112]]},"properties":{"style":"solid","thickness":1}},{"type":"Feature","geometry":{"type":"LineString","coordinates":[[-80.42703983333334,25.937095361111112],[-80.42533608333333,25.937416833333334],[-80.42372736111112,25.938017416666668],[-80.42226908333333,25.938876416666666],[-80.42101144444445,25.93996425],[-80.41999775000001,25.941243472222222],[-80.41926294444445,25.94267],[-80.41883233333334,25.94419475],[-80.41872077777778,25.945765166666668]]},"properties":{"style":"solid","thickness":1}},{"type":"Feature","geometry":{"type":"LineString","coordinates":[[-80.3844096388889,25.872480166666666],[-80.38452041666667,25.87310013888889],[-80.38475177777778,25.87369225],[-80.38509630555556,25.8742375],[-80.38554291666668,25.874718305555557],[-80.38607722222223,25.875119277777777],[-80.38668211111111,25.875427444444444],[-80.38733811111112,25.875632972222224],[-80.3880241388889,25.87572925],[-80.38871813888889,25.87571313888889],[-80.38939780555556,25.875585166666667],[-80.39004127777778,25.875349472222222],[-80.3906278888889,25.875013638888888],[-80.39113880555556,25.87458841666667],[-80.39155755555556,25.874087527777778],[-80.39187072222222,25.87352702777778],[-80.39206822222224,25.872924944444446],[-80.39214372222223,25.872300638888888],[-80.39209477777779,25.87167416666667],[-80.39192297222223,25.871065666666667],[-80.39163383333334,25.870494694444446],[-80.39123666666667,25.869979611111113],[-80.39074419444445,25.86953697222222],[-80.39017230555557,25.869181],[-80.38953936111112,25.868923111111112],[-80.38886566666667,25.86877161111111],[-80.38817291666668,25.86873138888889],[-80.38748333333334,25.868803694444445],[-80.38681911111112,25.86898625],[-80.38620161111112,25.869273166666666],[-80.38565063888889,25.869655194444444],[-80.38518394444445,25.870120111111113],[-80.38481647222223,25.870652944444444],[-80.38456008333334,25.871236583333335],[-80.38442300000001,25.87185225],[-80.3844096388889,25.872480166666666]]},"properties":{"style":"solid","thickness":1}},{"type":"Feature","geometry":{"type":"LineString","coordinates":[[-80.38890450000001,25.880329305555556],[-80.38854961111112,25.878788694444445],[-80.38788616666668,25.87733397222222],[-80.386937,25.876015194444445],[-80.38573483333334,25.87487777777778],[-80.38432105555556,25.873960888888888],[-80.38274438888888,25.873296111111113],[-80.38105905555555,25.872906361111113],[-80.37932316666667,25.87280502777778]]},"properties":{"style":"solid","thickness":1}},{"type":"Feature","geometry":{"type":"LineString","coordinates":[[-80.37932316666667,25.87280502777778],[-80.3810261111111,25.872484083333333],[-80.38263416666666,25.871884],[-80.38409191666668,25.87102538888889],[-80.38534919444444,25.869937833333335],[-80.3863626388889,25.86865886111111],[-80.38709738888889,25.867232444444443],[-80.38752811111112,25.86570777777778],[-80.38764002777778,25.864137361111112]]},"properties":{"style":"solid","thickness":1}},{"type":"Feature","geometry":{"type":"LineString","coordinates":[[-80.38764002777778,25.864137361111112],[-80.38799486111112,25.865677944444446],[-80.38865822222223,25.867132694444447],[-80.38960733333334,25.868451472222223],[-80.39080947222223,25.86958886111111],[-80.39222325,25.870505666666666],[-80.39379997222223,25.871170333333335],[-80.39548527777778,25.871559944444446],[-80.39722116666667,25.871661083333333]]},"properties":{"style":"solid","thickness":1}},{"type":"Feature","geometry":{"type":"LineString","coordinates":[[-80.39722116666667,25.871661083333333],[-80.39551827777778,25.871982222222222],[-80.39391030555556,25.872582472222224],[-80.39245258333334,25.873441166666666],[-80.39119536111112,25.87452875],[-80.39018191666668,25.87580777777778],[-80.3894471388889,25.877234194444444],[-80.38901638888889,25.878758861111113],[-80.38890450000001,25.880329305555556]]},"properties":{"style":"solid","thickness":1}},{"type":"Feature","geometry":{"type":"LineString","coordinates":[[-80.43294566666667,25.70519811111111],[-80.43305655555557,25.705818055555554],[-80.43328783333334,25.706410138888888],[-80.43363208333334,25.706955277777777],[-80.43407827777779,25.707435944444445],[-80.43461202777779,25.70783675],[-80.43521619444445,25.70814475],[-80.43587133333334,25.708350055555556],[-80.43655644444445,25.70844608333333],[-80.43724947222222,25.70842975],[-80.43792813888889,25.708301583333334],[-80.43857061111112,25.708065666666666],[-80.43915627777778,25.70772961111111],[-80.43966630555556,25.70730422222222],[-80.44008427777779,25.706803166666667],[-80.44039677777778,25.706242555555555],[-80.44059375,25.705640388888888],[-80.4406688888889,25.705016027777777],[-80.44061977777778,25.704389555555554],[-80.44044797222223,25.70378111111111],[-80.44015900000001,25.70321022222222],[-80.43976216666667,25.702695249999998],[-80.43927022222222,25.70225275],[-80.438699,25.701896944444442],[-80.43806680555556,25.70163925],[-80.437394,25.70148797222222],[-80.43670219444445,25.701447972222223],[-80.43601361111112,25.701520527777777],[-80.43535041666667,25.701703305555554],[-80.43473386111111,25.701990416666668],[-80.43418383333334,25.702372666666665],[-80.43371794444445,25.70283775],[-80.43335122222223,25.703370694444445],[-80.43309541666667,25.703954444444445],[-80.43295877777778,25.704570166666667],[-80.43294566666667,25.70519811111111]]},"properties":{"style":"solid","thickness":1}},{"type":"Feature","geometry":{"type":"LineString","coordinates":[[-80.43743741666667,25.713046],[-80.43708241666667,25.71150547222222],[-80.43641930555556,25.710050916666667],[-80.43547094444445,25.708732388888887],[-80.43427,25.707595333333334],[-80.43285783333334,25.706678916666664],[-80.43128308333334,25.706014638888888],[-80.42959997222222,25.705625416666667],[-80.42786644444445,25.705524666666665]]},"properties":{"style":"solid","thickness":1}},{"type":"Feature","geometry":{"type":"LineString","coordinates":[[-80.42786644444445,25.705524666666665],[-80.4295668888889,25.705203166666667],[-80.43117244444444,25.7046025],[-80.43262783333334,25.70374338888889],[-80.43388288888889,25.702655416666666],[-80.43489441666667,25.701376027777776],[-80.43562758333334,25.699949361111113],[-80.43605711111111,25.6984245],[-80.43616822222222,25.696854000000002]]},"properties":{"style":"solid","thickness":1}},{"type":"Feature","geometry":{"type":"LineString","coordinates":[[-80.43616822222222,25.696854000000002],[-80.43652316666667,25.69839452777778],[-80.43718619444445,25.699849083333334],[-80.43813452777778,25.701167583333334],[-80.43933544444445,25.70230461111111],[-80.44074761111112,25.703221],[-80.4423223888889,25.70388513888889],[-80.4440055,25.70427422222222],[-80.44573902777778,25.704374805555556]]},"properties":{"style":"solid","thickness":1}},{"type":"Feature","geometry":{"type":"LineString","coordinates":[[-80.44573902777778,25.704374805555556],[-80.4440386388889,25.7046965],[-80.44243313888889,25.705297277777778],[-80.44097780555556,25.7061565],[-80.43972277777779,25.707244527777778],[-80.43871125,25.708523944444444],[-80.43797808333333,25.709950638888888],[-80.43754852777778,25.7114755],[-80.43743741666667,25.713046]]},"properties":{"style":"solid","thickness":1}},{"type":"Feature","geometry":{"type":"LineString","coordinates":[[-80.272659,25.712805],[-80.27276905555556,25.713425083333334],[-80.27299955555556,25.714017388888887],[-80.2733431111111,25.714562916666665],[-80.27378866666666,25.715044083333332],[-80.27432191666666,25.715445444444445],[-80.27492569444445,25.71575411111111],[-80.27558063888888,25.71596013888889],[-80.27626566666666,25.716056916666666],[-80.27695875,25.71604136111111],[-80.2776376111111,25.715913916666665],[-80.27828047222222,25.715678694444442],[-80.27886661111111,25.715343305555553],[-80.27937722222222,25.714918472222223],[-80.27979591666667,25.71441786111111],[-80.28010916666666,25.713857583333333],[-80.28030697222222,25.71325563888889],[-80.28038294444444,25.712631388888887],[-80.28033463888889,25.71200486111111],[-80.2801636388889,25.711396194444443],[-80.27987541666667,25.710825],[-80.27947925,25.71030961111111],[-80.27898788888889,25.709866555555553],[-80.27841708333334,25.709510138888888],[-80.27778519444445,25.70925175],[-80.27711255555556,25.70909975],[-80.27642075,25.70905897222222],[-80.27573202777778,25.709130777777776],[-80.27506852777778,25.709312805555555],[-80.27445158333333,25.709599277777777],[-80.273901,25.709980916666666],[-80.27343447222222,25.710445472222222],[-80.273067,25.710978027777777],[-80.27281038888889,25.7115615],[-80.27267291666666,25.712177055555554],[-80.272659,25.712805]]},"properties":{"style":"solid","thickness":1}},{"type":"Feature","geometry":{"type":"LineString","coordinates":[[-80.27714055555555,25.720657805555554],[-80.27678758333333,25.719116888888887],[-80.27612636111111,25.717661611111108],[-80.27517972222222,25.716342055555554],[-80.27398019444445,25.715203694444444],[-80.27256916666667,25.714285694444445],[-80.27099519444444,25.713619694444443],[-80.2693125,25.71322863888889],[-80.267579,25.713125972222223]]},"properties":{"style":"solid","thickness":1}},{"type":"Feature","geometry":{"type":"LineString","coordinates":[[-80.267579,25.713125972222223],[-80.26927997222222,25.712806333333333],[-80.27088644444444,25.712207444444445],[-80.27234305555555,25.711349916666666],[-80.27359966666667,25.710263333333334],[-80.27461297222222,25.708985055555555],[-80.27534805555555,25.707559194444443],[-80.27577963888889,25.706034805555554],[-80.2758928611111,25.704464416666667]]},"properties":{"style":"solid","thickness":1}},{"type":"Feature","geometry":{"type":"LineString","coordinates":[[-80.2758928611111,25.704464416666667],[-80.27624577777777,25.706005333333334],[-80.27690691666666,25.70746061111111],[-80.27785352777778,25.708780166666667],[-80.27905302777778,25.7099185],[-80.28046405555556,25.710836416666666],[-80.28203805555556,25.711502305555555],[-80.28372075,25.711893222222223],[-80.28545425,25.711995694444443]]},"properties":{"style":"solid","thickness":1}},{"type":"Feature","geometry":{"type":"LineString","coordinates":[[-80.28545425,25.711995694444443],[-80.28375333333334,25.712315527777776],[-80.28214691666666,25.712914555555553],[-80.28069036111111,25.713772166666665],[-80.27943377777778,25.714858833333334],[-80.27842047222222,25.71613713888889],[-80.27768536111111,25.717563027777775],[-80.27725377777777,25.719087416666664],[-80.27714055555555,25.720657805555554]]},"properties":{"style":"solid","thickness":1}},{"type":"Feature","geometry":{"type":"LineString","coordinates":[[-80.21234180555555,25.725339499999997],[-80.21245155555556,25.725959638888888],[-80.21268177777777,25.726552055555555],[-80.21302511111111,25.727097694444442],[-80.21347047222223,25.727579055555555],[-80.21400355555556,25.727980638888887],[-80.21460727777779,25.728289555555556],[-80.21526216666668,25.72849586111111],[-80.21594719444445,25.728592916666663],[-80.21664036111112,25.728577638888886],[-80.2173193888889,25.72845047222222],[-80.21796241666667,25.728215527777778],[-80.21854880555556,25.727880361111108],[-80.21905966666667,25.727455749999997],[-80.21947863888889,25.726955333333333],[-80.21979222222222,25.726395166666666],[-80.21999033333333,25.725793305555555],[-80.2200666388889,25.72516908333333],[-80.22001866666668,25.724542527777775],[-80.21984794444445,25.72393383333333],[-80.21955997222223,25.723362499999997],[-80.21916402777778,25.72284694444444],[-80.21867283333333,25.72240369444444],[-80.2181021388889,25.722047027777776],[-80.21747033333334,25.721788388888886],[-80.21679766666666,25.72163611111111],[-80.21610583333333,25.721595055555554],[-80.215417,25.721666555555554],[-80.21475333333333,25.72184833333333],[-80.21413616666666,25.722134527777776],[-80.21358533333334,25.722515944444442],[-80.21311852777778,25.722980305555552],[-80.21275075,25.72351272222222],[-80.21249386111111,25.724096083333333],[-80.21235605555556,25.72471158333333],[-80.21234180555555,25.725339499999997]]},"properties":{"style":"solid","thickness":1}},{"type":"Feature","geometry":{"type":"LineString","coordinates":[[-80.21681986111112,25.733194138888887],[-80.21646763888889,25.73165308333333],[-80.21580711111112,25.730197527777776],[-80.214861,25.72887761111111],[-80.21366194444445,25.727738749999997],[-80.21225122222222,25.726820166666666],[-80.21067741666667,25.726153527777775],[-80.20899472222223,25.725761777777777],[-80.20726111111111,25.725658416666665]]},"properties":{"style":"solid","thickness":1}},{"type":"Feature","geometry":{"type":"LineString","coordinates":[[-80.20726111111111,25.725658416666665],[-80.20896244444445,25.72533947222222],[-80.21056936111111,25.72474122222222],[-80.21202658333334,25.723884305555554],[-80.21328383333334,25.72279822222222],[-80.2142978888889,25.721520388888887],[-80.21503377777778,25.72009483333333],[-80.21546616666667,25.718570611111108],[-80.21558019444444,25.717000277777775]]},"properties":{"style":"solid","thickness":1}},{"type":"Feature","geometry":{"type":"LineString","coordinates":[[-80.21558019444444,25.717000277777775],[-80.21593238888889,25.71854133333333],[-80.21659286111111,25.719996888888886],[-80.21753891666667,25.721316833333333],[-80.21873794444444,25.722455666666665],[-80.22014866666667,25.723374166666666],[-80.22172247222223,25.724040694444444],[-80.22340516666667,25.724432305555553],[-80.22513877777779,25.724535499999998]]},"properties":{"style":"solid","thickness":1}},{"type":"Feature","geometry":{"type":"LineString","coordinates":[[-80.22513877777779,25.724535499999998],[-80.22343752777778,25.72485461111111],[-80.22183066666666,25.725452999999998],[-80.22037350000001,25.726309999999998],[-80.21911625,25.72739613888889],[-80.21810222222223,25.728674027777775],[-80.21736630555556,25.73009961111111],[-80.21693388888889,25.731623805555554],[-80.21681986111112,25.733194138888887]]},"properties":{"style":"solid","thickness":1}},{"type":"Feature","geometry":{"type":"LineString","coordinates":[[-79.90376891666668,26.326114555555556],[-79.90387761111111,26.326734833333333],[-79.90410744444445,26.327327666666665],[-79.90445105555555,26.32787397222222],[-79.90489741666667,26.328356194444446],[-79.90543216666667,26.328758861111112],[-79.90603808333334,26.329069027777777],[-79.90669575000001,26.329276694444445],[-79.90738400000001,26.32937522222222],[-79.90808069444445,26.329361416666668],[-79.90876347222223,26.329235722222222],[-79.90941036111111,26.329002194444445],[-79.91000058333334,26.328668333333333],[-79.91051516666667,26.32824486111111],[-79.91093755555556,26.32774538888889],[-79.91125416666667,26.327186],[-79.91145486111111,26.32658463888889],[-79.91153319444444,26.325960666666667],[-79.91148661111112,26.32533411111111],[-79.91131661111112,26.32472511111111],[-79.91102869444445,26.32415327777778],[-79.91063208333334,26.323636916666665],[-79.91013955555556,26.323192694444444],[-79.90956694444445,26.32283486111111],[-79.90893261111111,26.322574916666667],[-79.90825697222223,26.32242122222222],[-79.90756175,26.322378694444446],[-79.90686925,26.322448722222223],[-79.90620177777778,26.322629055555556],[-79.90558075,26.322913888888888],[-79.9050261388889,26.323294055555554],[-79.90455575,26.32375736111111],[-79.90418472222223,26.324288916666667],[-79.903925,26.32487163888889],[-79.9037848888889,26.325486777777776],[-79.90376891666668,26.326114555555556]]},"properties":{"style":"solid","thickness":1}},{"type":"Feature","geometry":{"type":"LineString","coordinates":[[-79.90824902777779,26.33397763888889],[-79.90789905555556,26.332436055555554],[-79.90723897222223,26.330979305555555],[-79.90629155555555,26.329657527777776],[-79.90508944444446,26.328516277777776],[-79.90367400000001,26.327594833333333],[-79.902094,26.326924916666666],[-79.90040386111112,26.32652961111111],[-79.89866177777779,26.326422555555556]]},"properties":{"style":"solid","thickness":1}},{"type":"Feature","geometry":{"type":"LineString","coordinates":[[-79.89866177777779,26.326422555555556],[-79.9003725,26.326107305555556],[-79.90198911111112,26.32551258333333],[-79.90345591666667,26.324658916666667],[-79.9047223888889,26.323575666666667],[-79.90574488888889,26.322300166666665],[-79.90648822222222,26.320876388888887],[-79.90692677777778,26.319353305555556],[-79.90704550000001,26.317783444444444]]},"properties":{"style":"solid","thickness":1}},{"type":"Feature","geometry":{"type":"LineString","coordinates":[[-79.90704550000001,26.317783444444444],[-79.90739541666667,26.31932502777778],[-79.90805541666667,26.320781805555555],[-79.90900277777779,26.322103555555554],[-79.9102048888889,26.323244777777777],[-79.91162030555556,26.324166166666668],[-79.91320033333334,26.32483597222222],[-79.91489050000001,26.32523113888889],[-79.91663258333334,26.325338]]},"properties":{"style":"solid","thickness":1}},{"type":"Feature","geometry":{"type":"LineString","coordinates":[[-79.91663258333334,26.325338],[-79.91492191666667,26.325653444444445],[-79.91330536111111,26.326248305555556],[-79.91183861111112,26.327102083333333],[-79.91057216666667,26.32818538888889],[-79.90954966666668,26.329460916666665],[-79.90880630555556,26.330884722222223],[-79.90836772222222,26.332407777777778],[-79.90824902777779,26.33397763888889]]},"properties":{"style":"solid","thickness":1}},{"type":"Feature","geometry":{"type":"LineString","coordinates":[[-79.80984738888888,26.384837027777778],[-79.8099556111111,26.38545736111111],[-79.81018511111111,26.386050333333333],[-79.81052844444444,26.386596861111112],[-79.81097463888888,26.38707936111111],[-79.81150933333333,26.387482388888888],[-79.81211530555555,26.387792916666665],[-79.81277313888889,26.388001027777776],[-79.81346163888888,26.38809997222222],[-79.81415869444444,26.38808661111111],[-79.81484188888889,26.38796136111111],[-79.81548927777777,26.38772827777778],[-79.81608005555556,26.387394805555555],[-79.81659522222222,26.386971666666668],[-79.81701822222222,26.3864725],[-79.81733547222221,26.385913305555555],[-79.81753675,26.385312111111112],[-79.81761558333334,26.384688194444443],[-79.81756947222222,26.38406161111111],[-79.81739988888889,26.383452527777777],[-79.81711230555555,26.3828805],[-79.81671591666667,26.382363916666666],[-79.81622349999999,26.38191938888889],[-79.81565088888888,26.381561166666668],[-79.81501644444444,26.381300833333334],[-79.8143406111111,26.381146694444446],[-79.81364505555555,26.38110372222222],[-79.81295216666666,26.38117327777778],[-79.81228422222222,26.381353166666667],[-79.81166266666666,26.381637611111113],[-79.81110747222222,26.382017416666667],[-79.81063647222221,26.382480416666667],[-79.81026486111111,26.383011694444445],[-79.81000452777778,26.38359422222222],[-79.80986386111111,26.384209277777778],[-79.80984738888888,26.384837027777778]]},"properties":{"style":"solid","thickness":1}},{"type":"Feature","geometry":{"type":"LineString","coordinates":[[-79.81432338888888,26.39270286111111],[-79.8139745,26.391161083333333],[-79.81331525,26.389703916666665],[-79.81236844444445,26.388381583333334],[-79.81116663888889,26.387239555555556],[-79.80975122222222,26.386317194444445],[-79.808171,26.385646277777777],[-79.80648033333333,26.385249916666666],[-79.80473747222221,26.385141722222222]]},"properties":{"style":"solid","thickness":1}},{"type":"Feature","geometry":{"type":"LineString","coordinates":[[-79.80473747222221,26.385141722222222],[-79.80644930555555,26.384827583333333],[-79.80806716666666,26.384233916666666],[-79.80953538888889,26.383381222222223],[-79.81080333333333,26.382298805555557],[-79.81182736111111,26.381024027777777],[-79.81257219444444,26.37960072222222],[-79.81301219444444,26.378078000000002],[-79.81313222222222,26.376508222222224]]},"properties":{"style":"solid","thickness":1}},{"type":"Feature","geometry":{"type":"LineString","coordinates":[[-79.81313222222222,26.376508222222224],[-79.81348108333333,26.37805],[-79.81414025,26.379507166666667],[-79.81508702777778,26.380829527777777],[-79.81628880555556,26.3819715],[-79.81770419444445,26.382893805555558],[-79.81928444444443,26.38356461111111],[-79.82097513888888,26.383960833333333],[-79.822718,26.384068833333334]]},"properties":{"style":"solid","thickness":1}},{"type":"Feature","geometry":{"type":"LineString","coordinates":[[-79.822718,26.384068833333334],[-79.82100622222222,26.384383166666666],[-79.81938841666667,26.384976972222223],[-79.81792025,26.385829777777776],[-79.81665233333334,26.38691222222222],[-79.81562830555555,26.388187055555555],[-79.81488344444445,26.38961036111111],[-79.81444341666666,26.39113311111111],[-79.81432338888888,26.39270286111111]]},"properties":{"style":"solid","thickness":1}},{"type":"Feature","geometry":{"type":"LineString","coordinates":[[-79.72064758333333,26.45818186111111],[-79.72075541666666,26.458802249999998],[-79.72098458333333,26.459395333333333],[-79.72132775,26.459942027777778],[-79.72177383333333,26.46042483333333],[-79.72230852777778,26.46082813888889],[-79.72291466666667,26.461139055555556],[-79.72357272222223,26.461347555555555],[-79.72426158333333,26.461446944444443],[-79.72495908333333,26.461434027777777],[-79.72564280555555,26.461309194444443],[-79.72629077777778,26.4610765],[-79.72688216666667,26.46074338888889],[-79.72739797222222,26.46032061111111],[-79.72782161111111,26.459821694444443],[-79.72813947222222,26.45926272222222],[-79.72834133333333,26.458661666666664],[-79.72842069444445,26.458037805555556],[-79.72837502777777,26.45741122222222],[-79.72820583333333,26.456802055555556],[-79.72791847222223,26.45622986111111],[-79.72752225,26.455713027777776],[-79.7270298611111,26.455268222222223],[-79.72645716666666,26.454909666666666],[-79.72582252777778,26.454648916666667],[-79.72514638888889,26.45449436111111],[-79.72445044444444,26.454450972222222],[-79.72375708333334,26.454520111111112],[-79.72308858333334,26.454699583333333],[-79.72246641666666,26.45498361111111],[-79.72191061111111,26.45536308333333],[-79.72143897222223,26.455825777777775],[-79.72106672222222,26.456356833333334],[-79.72080577777778,26.456939166666665],[-79.72066455555556,26.45755411111111],[-79.72064758333333,26.45818186111111]]},"properties":{"style":"solid","thickness":1}},{"type":"Feature","geometry":{"type":"LineString","coordinates":[[-79.72512036111111,26.466050222222222],[-79.72477241666667,26.464508277777778],[-79.7241138888889,26.46305075],[-79.7231675,26.46172786111111],[-79.72196583333333,26.46058511111111],[-79.72055025,26.459661916666665],[-79.71896955555556,26.458990055555557],[-79.71727816666667,26.458592638888888],[-79.71553430555556,26.45848336111111]]},"properties":{"style":"solid","thickness":1}},{"type":"Feature","geometry":{"type":"LineString","coordinates":[[-79.71553430555556,26.45848336111111],[-79.71724741666667,26.45817027777778],[-79.71886675,26.45757763888889],[-79.7203365,26.45672586111111],[-79.72160605555555,26.455644277777775],[-79.72263169444444,26.454370166666667],[-79.72337808333333,26.45294736111111],[-79.72381952777778,26.451424944444444],[-79.72394080555556,26.449855305555555]]},"properties":{"style":"solid","thickness":1}},{"type":"Feature","geometry":{"type":"LineString","coordinates":[[-79.72394080555556,26.449855305555555],[-79.72428872222223,26.45139725],[-79.72494716666667,26.452854777777777],[-79.72589352777779,26.454177694444443],[-79.72709516666667,26.45532038888889],[-79.72851072222223,26.456243527777776],[-79.73009144444444,26.456915305555555],[-79.73178286111111,26.457312555555554],[-79.73352672222222,26.45742163888889]]},"properties":{"style":"solid","thickness":1}},{"type":"Feature","geometry":{"type":"LineString","coordinates":[[-79.73352672222222,26.45742163888889],[-79.73181366666667,26.45773488888889],[-79.73019438888889,26.458327666666666],[-79.72872466666666,26.459179555555554],[-79.72745513888889,26.460261194444445],[-79.72642952777778,26.46153536111111],[-79.72568311111111,26.462958166666667],[-79.72524166666666,26.464480583333334],[-79.72512036111111,26.466050222222222]]},"properties":{"style":"solid","thickness":1}},{"type":"Feature","geometry":{"type":"LineString","coordinates":[[-79.54603627777777,26.539993805555557],[-79.54614325,26.540614305555557],[-79.54637169444445,26.541207638888892],[-79.54671425,26.541754750000003],[-79.54715994444445,26.542238055555558],[-79.54769438888889,26.54264202777778],[-79.54830047222222,26.54295363888889],[-79.54895866666666,26.543162944444447],[-79.54964786111111,26.54326313888889],[-79.55034583333332,26.543251055555558],[-79.55103022222222,26.543127083333335],[-79.55167897222222,26.542895166666668],[-79.55227127777778,26.54256280555556],[-79.55278805555555,26.542140638888892],[-79.55321272222221,26.54164227777778],[-79.55353163888888,26.541083722222226],[-79.55373452777778,26.54048291666667],[-79.55381488888888,26.53985916666667],[-79.55377013888888,26.539232555555557],[-79.55360172222223,26.538623194444448],[-79.55331502777777,26.538050694444447],[-79.55291930555555,26.53753341666667],[-79.55242725,26.537088],[-79.55185469444444,26.53672877777778],[-79.55122002777777,26.536467277777778],[-79.55054363888888,26.53631191666667],[-79.54984730555556,26.536267694444447],[-79.54915336111111,26.536336000000002],[-79.54848413888888,26.53651463888889],[-79.54786113888889,26.536797916666668],[-79.5473043611111,26.537176694444447],[-79.54683172222222,26.53763877777778],[-79.54645841666667,26.538169361111112],[-79.54619641666666,26.53875138888889],[-79.54605419444444,26.539366111111114],[-79.54603627777777,26.539993805555557]]},"properties":{"style":"solid","thickness":1}},{"type":"Feature","geometry":{"type":"LineString","coordinates":[[-79.55050033333333,26.547867305555556],[-79.55015447222222,26.546325000000003],[-79.54949766666667,26.544866722222224],[-79.5485526111111,26.543542722222224],[-79.54735180555555,26.542398583333334],[-79.54593666666666,26.541473722222225],[-79.54435588888889,26.540799944444448],[-79.54266394444444,26.5404005],[-79.54091905555555,26.54028913888889]]},"properties":{"style":"solid","thickness":1}},{"type":"Feature","geometry":{"type":"LineString","coordinates":[[-79.54091905555555,26.54028913888889],[-79.54263380555555,26.53997813888889],[-79.54425513888889,26.5393875],[-79.54572716666667,26.53853752777778],[-79.54699919444444,26.537457500000002],[-79.54802741666667,26.536184666666667],[-79.54877644444444,26.534762833333335],[-79.54922044444444,26.533241],[-79.54934416666667,26.531671555555555]]},"properties":{"style":"solid","thickness":1}},{"type":"Feature","geometry":{"type":"LineString","coordinates":[[-79.54934416666667,26.531671555555555],[-79.54969,26.533213888888888],[-79.55034672222222,26.534672166666667],[-79.55129174999999,26.53599613888889],[-79.55249252777777,26.53714025],[-79.55390766666666,26.538065055555556],[-79.55548844444444,26.538738722222224],[-79.55718044444444,26.539138027777778],[-79.55892530555555,26.539249194444444]]},"properties":{"style":"solid","thickness":1}},{"type":"Feature","geometry":{"type":"LineString","coordinates":[[-79.55892530555555,26.539249194444444],[-79.5572106111111,26.53956038888889],[-79.5555893611111,26.540151166666668],[-79.55411738888888,26.54100125],[-79.55284536111111,26.542081305555556],[-79.5518171388889,26.543354194444447],[-79.55106808333333,26.54477602777778],[-79.55062405555556,26.546297861111114],[-79.55050033333333,26.547867305555556]]},"properties":{"style":"solid","thickness":1}},{"type":"Feature","geometry":{"type":"LineString","coordinates":[[-79.66189472222223,26.62599688888889],[-79.6620023888889,26.62661727777778],[-79.66223158333334,26.627210444444444],[-79.66257494444444,26.627757250000002],[-79.66302141666667,26.628240194444444],[-79.66355666666668,26.628643722222222],[-79.6641635,26.628954888888888],[-79.6648223888889,26.62916363888889],[-79.66551216666667,26.629263305555558],[-79.66621066666667,26.629250666666668],[-79.66689544444445,26.62912613888889],[-79.66754444444445,26.628893722222223],[-79.66813686111112,26.628560888888888],[-79.66865361111111,26.628138333333332],[-79.66907811111112,26.62763963888889],[-79.66939672222223,26.627080833333334],[-79.66959916666667,26.626479888888888],[-79.66967897222223,26.625856083333336],[-79.66963358333334,26.62522952777778],[-79.66946444444444,26.624620305555556],[-79.66917697222223,26.62404802777778],[-79.66878044444445,26.623531083333333],[-79.66828758333334,26.623086083333334],[-79.66771425,26.622727305555557],[-79.66707886111112,26.622466305555555],[-79.66640183333334,26.622311500000002],[-79.66570491666667,26.622267805555555],[-79.66501055555557,26.622336666666666],[-79.66434100000001,26.622515833333335],[-79.66371780555556,26.622799583333332],[-79.66316097222223,26.623178805555558],[-79.66268844444446,26.62364127777778],[-79.6623153888889,26.624172138888888],[-79.66205377777779,26.624754361111112],[-79.66191202777779,26.625369194444445],[-79.66189472222223,26.62599688888889]]},"properties":{"style":"solid","thickness":1}},{"type":"Feature","geometry":{"type":"LineString","coordinates":[[-79.66636980555556,26.633866694444443],[-79.66602216666668,26.632324694444446],[-79.66536344444445,26.630866972222222],[-79.6644163888889,26.62954375],[-79.66321358333335,26.628400583333335],[-79.66179647222222,26.627476833333333],[-79.66021388888889,26.626804333333332],[-79.65852027777778,26.626406222222222],[-79.656774,26.62629625]]},"properties":{"style":"solid","thickness":1}},{"type":"Feature","geometry":{"type":"LineString","coordinates":[[-79.656774,26.62629625],[-79.65848972222223,26.62598388888889],[-79.66011166666667,26.62539197222222],[-79.66158394444444,26.62454086111111],[-79.66285586111111,26.62345986111111],[-79.66388361111112,26.622186222222222],[-79.66463180555556,26.620763833333335],[-79.6650746388889,26.619241666666667],[-79.66519691666667,26.61767216666667]]},"properties":{"style":"solid","thickness":1}},{"type":"Feature","geometry":{"type":"LineString","coordinates":[[-79.66519691666667,26.61767216666667],[-79.66554452777778,26.619214166666666],[-79.66620316666668,26.620671916666666],[-79.66715019444445,26.62199511111111],[-79.66835297222222,26.62313825],[-79.66977005555556,26.624061944444446],[-79.67135269444445,26.624734333333333],[-79.67304630555556,26.625132277777777],[-79.67479261111112,26.625242083333333]]},"properties":{"style":"solid","thickness":1}},{"type":"Feature","geometry":{"type":"LineString","coordinates":[[-79.67479261111112,26.625242083333333],[-79.67307694444445,26.625554611111113],[-79.67145505555555,26.626146694444444],[-79.66998280555556,26.626997916666667],[-79.66871091666667,26.628078972222223],[-79.66768316666668,26.62935263888889],[-79.66693497222222,26.63077502777778],[-79.66649208333334,26.632297194444444],[-79.66636980555556,26.633866694444443]]},"properties":{"style":"solid","thickness":1}},{"type":"Feature","geometry":{"type":"LineString","coordinates":[[-80.29401916666666,25.798500444444446],[-80.29401916666666,25.797077333333334]]},"properties":{"style":"solid","thickness":1}},{"type":"Feature","geometry":{"type":"LineString","coordinates":[[-80.29361377777778,25.798669583333336],[-80.29361377777778,25.796908194444445]]},"properties":{"style":"solid","thickness":1}},{"type":"Feature","geometry":{"type":"LineString","coordinates":[[-80.29320841666666,25.798669583333336],[-80.29320841666666,25.796908194444445]]},"properties":{"style":"solid","thickness":1}},{"type":"Feature","geometry":{"type":"LineString","coordinates":[[-80.29280305555555,25.798500444444446],[-80.29280305555555,25.797077333333334]]},"properties":{"style":"solid","thickness":1}},{"type":"Feature","geometry":{"type":"LineString","coordinates":[[-80.29235716666666,25.797788888888892],[-80.29237408333333,25.79795925],[-80.2924243611111,25.79812413888889],[-80.29250633333334,25.798278250000003],[-80.29261738888889,25.79841661111111],[-80.29275397222221,25.798534833333335],[-80.29291166666667,25.79862905555556],[-80.29308541666667,25.79869627777778],[-80.29326963888889,25.798734361111112],[-80.2934583888889,25.79874202777778],[-80.29364563888889,25.79871905555556],[-80.29382533333333,25.798666194444447],[-80.29399172222222,25.79858513888889],[-80.29413947222223,25.7984785],[-80.29426377777777,25.798349694444447],[-80.29436069444444,25.79820286111111],[-80.29442708333333,25.798042722222224],[-80.29446080555556,25.79787441666667],[-80.29446080555556,25.79770336111111],[-80.29442708333333,25.797535055555556],[-80.29436069444444,25.79737491666667],[-80.29426377777777,25.797228083333334],[-80.29413944444444,25.79709927777778],[-80.29399172222222,25.79699261111111],[-80.29382533333333,25.796911583333333],[-80.29364563888889,25.796858722222225],[-80.2934583888889,25.796835750000003],[-80.29326963888889,25.79684341666667],[-80.29308541666667,25.7968815],[-80.29291166666667,25.796948722222226],[-80.29275397222221,25.797042944444446],[-80.29261741666666,25.79716113888889],[-80.29250633333334,25.797299527777778],[-80.2924243611111,25.79745363888889],[-80.29237408333333,25.79761852777778],[-80.29235716666666,25.797788888888892]]},"properties":{"style":"solid","thickness":1}},{"type":"Feature","geometry":{"type":"LineString","coordinates":[[-79.88921516666667,26.337725527777778],[-79.89012580555556,26.33715363888889]]},"properties":{"style":"solid","thickness":1}},{"type":"Feature","geometry":{"type":"LineString","coordinates":[[-79.88894327777778,26.337581916666664],[-79.8900703888889,26.33687408333333]]},"properties":{"style":"solid","thickness":1}},{"type":"Feature","geometry":{"type":"LineString","coordinates":[[-79.88877961111112,26.337370333333332],[-79.88990672222224,26.336662527777776]]},"properties":{"style":"solid","thickness":1}},{"type":"Feature","geometry":{"type":"LineString","coordinates":[[-79.88872419444445,26.337090805555555],[-79.88963483333335,26.336518916666666]]},"properties":{"style":"solid","thickness":1}},{"type":"Feature","geometry":{"type":"LineString","coordinates":[[-79.88899947222222,26.33657211111111],[-79.88889730555556,26.336649416666667],[-79.88881211111112,26.336741916666664],[-79.88874658333334,26.336846638888886],[-79.88870286111111,26.336960194444444],[-79.88868236111112,26.337079],[-79.88868575000001,26.337199166666664],[-79.88871286111112,26.33731686111111],[-79.88876288888889,26.337428305555555],[-79.88883419444446,26.337529916666664],[-79.88892447222223,26.337618416666665],[-79.88903083333334,26.33769097222222],[-79.8891498888889,26.337745249999998],[-79.88927777777778,26.3377795],[-79.88941038888889,26.33779263888889],[-79.88954347222223,26.337784194444442],[-79.88967275,26.3377545],[-79.88979408333334,26.33770447222222],[-79.88990352777779,26.33763575],[-79.88999758333334,26.3375505],[-79.89007327777779,26.3374515],[-79.89012808333334,26.337341916666666],[-79.89016033333334,26.33722525],[-79.89016891666667,26.337105277777777],[-79.89015361111112,26.33698586111111],[-79.8901148888889,26.336870833333332],[-79.890054,26.33676388888889],[-79.88997286111112,26.33666844444444],[-79.8898741388889,26.336587583333333],[-79.88976097222223,26.336523916666664],[-79.88963700000001,26.33647947222222],[-79.88950625000001,26.336455694444442],[-79.88937286111111,26.33645333333333],[-79.88924113888889,26.336472472222223],[-79.88911533333334,26.336512499999998],[-79.88899947222222,26.33657211111111]]},"properties":{"style":"solid","thickness":1}},{"type":"Feature","geometry":{"type":"LineString","coordinates":[[-79.8860881388889,26.33368272222222],[-79.88699877777779,26.33311086111111]]},"properties":{"style":"solid","thickness":1}},{"type":"Feature","geometry":{"type":"LineString","coordinates":[[-79.88581627777778,26.33353911111111],[-79.88694336111112,26.332831305555555]]},"properties":{"style":"solid","thickness":1}},{"type":"Feature","geometry":{"type":"LineString","coordinates":[[-79.88565261111111,26.333327527777776],[-79.88677969444446,26.332619722222223]]},"properties":{"style":"solid","thickness":1}},{"type":"Feature","geometry":{"type":"LineString","coordinates":[[-79.88559719444446,26.33304797222222],[-79.88650783333334,26.33247611111111]]},"properties":{"style":"solid","thickness":1}},{"type":"Feature","geometry":{"type":"LineString","coordinates":[[-79.8858725,26.332529305555557],[-79.88577033333334,26.332606583333334],[-79.88568511111112,26.332699083333335],[-79.88561961111112,26.332803805555557],[-79.8855758888889,26.332917388888887],[-79.88555538888889,26.333036166666666],[-79.88555875,26.33315633333333],[-79.8855858888889,26.333274055555556],[-79.8856358888889,26.3333855],[-79.88570719444445,26.33348711111111],[-79.88579747222222,26.33357561111111],[-79.88590383333334,26.333648166666666],[-79.88602286111112,26.333702444444445],[-79.88615075000001,26.333736694444443],[-79.88628336111111,26.333749833333332],[-79.88641644444445,26.33374138888889],[-79.88654572222222,26.333711694444442],[-79.88666702777779,26.333661694444444],[-79.88677647222222,26.333592944444444],[-79.88687055555556,26.333507694444442],[-79.88694622222224,26.333408694444444],[-79.88700105555556,26.33329911111111],[-79.88703330555556,26.333182472222223],[-79.8870418888889,26.3330625],[-79.88702658333334,26.332943083333333],[-79.88698786111112,26.33282802777778],[-79.88692697222223,26.332721083333333],[-79.88684586111111,26.33262563888889],[-79.8867471388889,26.332544777777777],[-79.88663397222223,26.33248111111111],[-79.88651,26.332436666666666],[-79.88637925,26.33241288888889],[-79.88624586111112,26.33241052777778],[-79.8861141388889,26.332429666666666],[-79.88598836111112,26.332469666666665],[-79.8858725,26.332529305555557]]},"properties":{"style":"solid","thickness":1}},{"type":"Feature","geometry":{"type":"LineString","coordinates":[[-79.89234238888889,26.341768277777778],[-79.89325305555556,26.34119636111111]]},"properties":{"style":"solid","thickness":1}},{"type":"Feature","geometry":{"type":"LineString","coordinates":[[-79.8920705,26.341624666666664],[-79.89319761111112,26.340916805555555]]},"properties":{"style":"solid","thickness":1}},{"type":"Feature","geometry":{"type":"LineString","coordinates":[[-79.89190680555556,26.341413083333332],[-79.89303394444445,26.34070525]]},"properties":{"style":"solid","thickness":1}},{"type":"Feature","geometry":{"type":"LineString","coordinates":[[-79.8918513888889,26.341133555555555],[-79.89276205555556,26.34056163888889]]},"properties":{"style":"solid","thickness":1}},{"type":"Feature","geometry":{"type":"LineString","coordinates":[[-79.89212666666667,26.34061486111111],[-79.8920245,26.340692166666667],[-79.89193927777778,26.340784666666664],[-79.89187377777779,26.340889388888886],[-79.89183005555556,26.34100297222222],[-79.89180955555557,26.34112175],[-79.89181294444445,26.341241916666664],[-79.89184008333334,26.34135961111111],[-79.89189008333334,26.341471055555555],[-79.8919613888889,26.341572666666664],[-79.89205169444445,26.341661166666665],[-79.89215805555557,26.34173372222222],[-79.89227711111111,26.341787999999998],[-79.89240500000001,26.34182225],[-79.8925376388889,26.34183536111111],[-79.89267072222223,26.341826944444442],[-79.89280000000001,26.341797222222223],[-79.89292133333333,26.34174722222222],[-79.89303077777778,26.34167847222222],[-79.89312486111112,26.341593222222222],[-79.89320052777778,26.34149422222222],[-79.89325536111112,26.341384638888886],[-79.89328758333335,26.34126797222222],[-79.89329616666667,26.341148],[-79.89328086111112,26.341028583333333],[-79.8932421388889,26.340913555555556],[-79.89318122222222,26.34080661111111],[-79.89310011111112,26.340711166666665],[-79.89300136111112,26.340630305555553],[-79.89288819444445,26.340566638888887],[-79.89276422222223,26.340522194444443],[-79.89263344444446,26.340498416666666],[-79.89250005555556,26.34049608333333],[-79.89236833333334,26.340515222222223],[-79.89224252777778,26.340555249999998],[-79.89212666666667,26.34061486111111]]},"properties":{"style":"solid","thickness":1}},{"type":"Feature","geometry":{"type":"LineString","coordinates":[[-80.46967716666667,25.937032416666668],[-80.46978844444445,25.937652333333332],[-80.47002036111111,25.938244305555557],[-80.47036547222223,25.938789333333332],[-80.47081266666667,25.93926988888889],[-80.47134755555555,25.939670500000002],[-80.471953,25.939978333333332],[-80.4726095,25.940183472222223],[-80.47329594444444,25.940279333333333],[-80.47399030555556,25.940262805555555],[-80.47467025,25.940134472222223],[-80.47531391666666,25.93989841666667],[-80.47590061111111,25.93956222222222],[-80.47641147222222,25.939136722222223],[-80.47683011111111,25.938635583333333],[-80.47714302777779,25.938074888888888],[-80.47734022222222,25.93747272222222],[-80.47741530555555,25.93684836111111],[-80.4773658888889,25.936221944444444],[-80.47719355555556,25.935613555555555],[-80.47690386111111,25.935042777777777],[-80.47650608333333,25.934527916666667],[-80.47601305555555,25.934085583333335],[-80.47544061111111,25.933729916666667],[-80.47480711111112,25.933472416666667],[-80.47413294444445,25.933321305555555],[-80.47343980555556,25.9332815],[-80.47274991666667,25.933354222222224],[-80.47208547222222,25.93353713888889],[-80.47146783333334,25.933824416666667],[-80.47091683333333,25.934206777777778],[-80.47045019444445,25.934671944444446],[-80.47008291666667,25.935205],[-80.46982680555556,25.93578875],[-80.4696901111111,25.936404500000002],[-80.46967716666667,25.937032416666668]]},"properties":{"style":"solid","thickness":1}},{"type":"Feature","geometry":{"type":"LineString","coordinates":[[-80.47418008333334,25.944878805555557],[-80.47382388888889,25.943338444444446],[-80.47315905555556,25.94188411111111],[-80.47220844444445,25.940565916666667],[-80.47100480555555,25.939429222222223],[-80.46958961111112,25.938513166666667],[-80.46801161111111,25.937849333333332],[-80.46632511111112,25.937460583333333],[-80.46458822222222,25.93736025]]},"properties":{"style":"solid","thickness":1}},{"type":"Feature","geometry":{"type":"LineString","coordinates":[[-80.46458822222222,25.93736025],[-80.46629183333333,25.937038333333334],[-80.46790033333333,25.936437277777777],[-80.46935825,25.935577833333333],[-80.47061541666667,25.934489583333335],[-80.47162850000001,25.93321002777778],[-80.47236261111111,25.931783222222222],[-80.4727925,25.930258305555558],[-80.47290333333333,25.928687833333335]]},"properties":{"style":"solid","thickness":1}},{"type":"Feature","geometry":{"type":"LineString","coordinates":[[-80.47290333333333,25.928687833333335],[-80.47325947222222,25.930228194444446],[-80.47392425,25.931682527777777],[-80.47487480555556,25.93300075],[-80.47607841666667,25.934137416666665],[-80.47749358333334,25.93505338888889],[-80.4790716388889,25.93571711111111],[-80.48075813888889,25.93610575],[-80.48249502777777,25.936205861111112]]},"properties":{"style":"solid","thickness":1}},{"type":"Feature","geometry":{"type":"LineString","coordinates":[[-80.48249502777777,25.936205861111112],[-80.48079147222222,25.936527972222223],[-80.47918302777778,25.93712916666667],[-80.47772516666667,25.937988694444446],[-80.47646802777778,25.939077027777778],[-80.47545494444445,25.94035661111111],[-80.47472080555556,25.941783444444443],[-80.47429091666667,25.943308333333334],[-80.47418008333334,25.944878805555557]]},"properties":{"style":"solid","thickness":1}}]}
