{
	"type": "FeatureCollection",
	"features": [
		{
			"type": "Feature",
			"geometry": {
				"type": "LineString",
				"coordinates": [
					[-80.29397008333333, 25.79681813888889],
					[-80.29411141666667, 25.798647861111114]
				]
			},
			"properties":{
				"style": "solid",
				"thickness":1
			}
		},
		{
			"type": "Feature",
			"geometry": {
				"type": "LineString",
				"coordinates": [
					[-80.29345063888888, 25.79666713888889],
					[-80.29362025, 25.798862805555558]
				]
			},
			"properties":{
				"style": "solid",
				"thickness":1
			}
		},
		{
			"type": "Feature",
			"geometry": {
				"type": "LineString",
				"coordinates": [
					[-80.29294536111111, 25.79669913888889],
					[-80.29311494444444, 25.79889480555556]
				]
			},
			"properties":{
				"style": "solid",
				"thickness":1
			}
		},
		{
			"type": "Feature",
			"geometry": {
				"type": "LineString",
				"coordinates": [
					[-80.29245416666666, 25.796914083333334],
					[-80.2925955, 25.798743805555556]
				]
			},
			"properties":{
				"style": "solid",
				"thickness":1
			}
		},
		{
			"type": "Feature",
			"geometry": {
				"type": "LineString",
				"coordinates": [
					[-80.29201952777778, 25.797860944444444],
					[-80.29203738888889, 25.79799016666667],
					[-80.29207313888888, 25.79812413888889],
					[-80.29212897222222, 25.798260194444445],
					[-80.29220649999999, 25.79839491666667],
					[-80.29230638888889, 25.798524222222223],
					[-80.29242813888888, 25.79864377777778],
					[-80.29256983333333, 25.798749222222224],
					[-80.29272825, 25.798836722222223],
					[-80.29289897222222, 25.79890327777778],
					[-80.29307683333333, 25.798947166666668],
					[-80.29325644444444, 25.798967972222226],
					[-80.29343266666666, 25.798966611111112],
					[-80.29360108333333, 25.798945083333336],
					[-80.29375822222222, 25.79890625],
					[-80.29390175, 25.798853222222224],
					[-80.29403033333332, 25.798789333333335],
					[-80.29414658333333, 25.798715555555557],
					[-80.29425872222222, 25.798626083333335],
					[-80.29436411111111, 25.798519861111114],
					[-80.29445872222222, 25.798397055555558],
					[-80.29453838888888, 25.79825880555556],
					[-80.29459902777778, 25.798107305555558],
					[-80.29463716666666, 25.79794588888889],
					[-80.29465033333334, 25.79777877777778],
					[-80.29463736111111, 25.797610833333334],
					[-80.29459863888889, 25.79744702777778],
					[-80.29453602777778, 25.797291972222222],
					[-80.29445269444444, 25.797149611111113],
					[-80.29435255555555, 25.797022722222223],
					[-80.29423997222221, 25.79691302777778],
					[-80.29411930555555, 25.79682113888889],
					[-80.29399447222222, 25.796746666666667],
					[-80.29386802777778, 25.796688250000003],
					[-80.29373088888889, 25.796641166666667],
					[-80.29358061111111, 25.796606750000002],
					[-80.293419, 25.796588083333337],
					[-80.29324894444444, 25.796588000000003],
					[-80.29307422222222, 25.796608861111114],
					[-80.29289955555555, 25.796652083333335],
					[-80.29273016666666, 25.796717944444445],
					[-80.29257136111111, 25.79680536111111],
					[-80.29242794444444, 25.796911972222222],
					[-80.29230383333334, 25.797034250000003],
					[-80.29220163888888, 25.797167972222223],
					[-80.29212258333334, 25.797308611111113],
					[-80.29206652777778, 25.79745177777778],
					[-80.29203213888889, 25.797593527777778],
					[-80.2920173611111, 25.797730722222223],
					[-80.29201952777778, 25.797860944444444]
				]
			},
			"properties":{
				"style": "solid",
				"thickness":1
			}
		},
		{
			"type": "Feature",
			"geometry": {
				"type": "LineString",
				"coordinates": [
					[-80.86039838888888, 25.61951175],
					[-80.7955073611111, 25.522701277777777]
				]
			},
			"properties":{
				"style": "solid",
				"thickness":1
			}
		},
		{
			"type": "Feature",
			"geometry": {
				"type": "LineString",
				"coordinates": [
					[-80.70181427777779, 25.385569305555556],
					[-80.7955073611111, 25.522701277777777]
				]
			},
			"properties":{
				"style": "solid",
				"thickness":1
			}
		},
		{
			"type": "Feature",
			"geometry": {
				"type": "LineString",
				"coordinates": [
					[-80.70181427777779, 25.385569305555556],
					[-80.68557780555555, 25.36194536111111]
				]
			},
			"properties":{
				"style": "solid",
				"thickness":1
			}
		},
		{
			"type": "Feature",
			"geometry": {
				"type": "LineString",
				"coordinates": [
					[-80.68557780555555, 25.36194536111111],
					[-80.66643525, 25.343097722222222]
				]
			},
			"properties":{
				"style": "solid",
				"thickness":1
			}
		},
		{
			"type": "Feature",
			"geometry": {
				"type": "LineString",
				"coordinates": [
					[-80.66643525, 25.343097722222222],
					[-80.48725836111112, 25.167494277777777]
				]
			},
			"properties":{
				"style": "solid",
				"thickness":1
			}
		},
		{
			"type": "Feature",
			"geometry": {
				"type": "LineString",
				"coordinates": [
					[-80.48725836111112, 25.167494277777777],
					[-80.46878436111112, 25.149353777777776]
				]
			},
			"properties":{
				"style": "solid",
				"thickness":1
			}
		},
		{
			"type": "Feature",
			"geometry": {
				"type": "LineString",
				"coordinates": [
					[-80.46878436111112, 25.149353777777776],
					[-80.44248966666667, 25.15837386111111]
				]
			},
			"properties":{
				"style": "solid",
				"thickness":1
			}
		},
		{
			"type": "Feature",
			"geometry": {
				"type": "LineString",
				"coordinates": [
					[-80.44248966666667, 25.15837386111111],
					[-80.40117586111111, 25.172630333333334]
				]
			},
			"properties":{
				"style": "solid",
				"thickness":1
			}
		},
		{
			"type": "Feature",
			"geometry": {
				"type": "LineString",
				"coordinates": [
					[-80.40117586111111, 25.172630333333334],
					[-80.36710966666666, 25.184302666666667]
				]
			},
			"properties":{
				"style": "solid",
				"thickness":1
			}
		},
		{
			"type": "Feature",
			"geometry": {
				"type": "LineString",
				"coordinates": [
					[-80.36710966666666, 25.184302666666667],
					[-80.15328752777778, 25.257461194444446]
				]
			},
			"properties":{
				"style": "solid",
				"thickness":1
			}
		},
		{
			"type": "Feature",
			"geometry": {
				"type": "LineString",
				"coordinates": [
					[-80.15328752777778, 25.257461194444446],
					[-80.12714697222222, 25.26633208333333]
				]
			},
			"properties":{
				"style": "solid",
				"thickness":1
			}
		},
		{
			"type": "Feature",
			"geometry": {
				"type": "LineString",
				"coordinates": [
					[-80.12714697222222, 25.26633208333333],
					[-80.09736811111111, 25.27647763888889]
				]
			},
			"properties":{
				"style": "solid",
				"thickness":1
			}
		},
		{
			"type": "Feature",
			"geometry": {
				"type": "LineString",
				"coordinates": [
					[-80.09736811111111, 25.27647763888889],
					[-80.07182494444444, 25.285155833333334]
				]
			},
			"properties":{
				"style": "solid",
				"thickness":1
			}
		},
		{
			"type": "Feature",
			"geometry": {
				"type": "LineString",
				"coordinates": [
					[-80.07182494444444, 25.285155833333334],
					[-79.89726411111111, 25.344412]
				]
			},
			"properties":{
				"style": "solid",
				"thickness":1
			}
		},
		{
			"type": "Feature",
			"geometry": {
				"type": "LineString",
				"coordinates": [
					[-79.87178977777778, 25.353880611111112],
					[-79.89726411111111, 25.344412]
				]
			},
			"properties":{
				"style": "solid",
				"thickness":1
			}
		},
		{
			"type": "Feature",
			"geometry": {
				"type": "LineString",
				"coordinates": [
					[-79.83788191666666, 25.37607022222222],
					[-79.87178977777778, 25.353880611111112]
				]
			},
			"properties":{
				"style": "solid",
				"thickness":1
			}
		},
		{
			"type": "Feature",
			"geometry": {
				"type": "LineString",
				"coordinates": [
					[-79.83653380555555, 25.374432388888888],
					[-79.70029419444445, 25.466851499999997]
				]
			},
			"properties":{
				"style": "solid",
				"thickness":1
			}
		},
		{
			"type": "Feature",
			"geometry": {
				"type": "LineString",
				"coordinates": [
					[-79.70029419444445, 25.466851499999997],
					[-79.70035827777778, 25.494466]
				]
			},
			"properties":{
				"style": "solid",
				"thickness":1
			}
		},
		{
			"type": "Feature",
			"geometry": {
				"type": "LineString",
				"coordinates": [
					[-79.70035827777778, 25.494466],
					[-79.70146380555556, 25.57676286111111]
				]
			},
			"properties":{
				"style": "solid",
				"thickness":1
			}
		},
		{
			"type": "Feature",
			"geometry": {
				"type": "LineString",
				"coordinates": [
					[-79.70146380555556, 25.57676286111111],
					[-79.70090830555556, 25.748592444444444]
				]
			},
			"properties":{
				"style": "solid",
				"thickness":1
			}
		},
		{
			"type": "Feature",
			"geometry": {
				"type": "LineString",
				"coordinates": [
					[-79.70090830555556, 25.748592444444444],
					[-79.49803152777778, 26.060819277777778]
				]
			},
			"properties":{
				"style": "solid",
				"thickness":1
			}
		},
		{
			"type": "Feature",
			"geometry": {
				"type": "LineString",
				"coordinates": [
					[-79.54999797222222, 26.066691666666667],
					[-79.49803152777778, 26.060819277777778]
				]
			},
			"properties":{
				"style": "solid",
				"thickness":1
			}
		},
		{
			"type": "Feature",
			"geometry": {
				"type": "LineString",
				"coordinates": [
					[-79.70036191666667, 26.383230472222223],
					[-79.54999797222222, 26.066691666666667]
				]
			},
			"properties":{
				"style": "solid",
				"thickness":1
			}
		},
		{
			"type": "Feature",
			"geometry": {
				"type": "LineString",
				"coordinates": [
					[-79.7413043611111, 26.383208583333335],
					[-79.70036191666667, 26.383230472222223]
				]
			},
			"properties":{
				"style": "solid",
				"thickness":1
			}
		},
		{
			"type": "Feature",
			"geometry": {
				"type": "LineString",
				"coordinates": [
					[-79.91933244444445, 26.382951194444445],
					[-79.7413055, 26.38354913888889]
				]
			},
			"properties":{
				"style": "solid",
				"thickness":1
			}
		},
		{
			"type": "Feature",
			"geometry": {
				"type": "LineString",
				"coordinates": [
					[-79.91933186111112, 26.38313463888889],
					[-80.016696, 26.383353]
				]
			},
			"properties":{
				"style": "solid",
				"thickness":1
			}
		},
		{
			"type": "Feature",
			"geometry": {
				"type": "LineString",
				"coordinates": [
					[-80.12964286111111, 26.383524444444443],
					[-80.14186436111112, 26.383537722222222]
				]
			},
			"properties":{
				"style": "solid",
				"thickness":1
			}
		},
		{
			"type": "Feature",
			"geometry": {
				"type": "LineString",
				"coordinates": [
					[-80.016696, 26.383353],
					[-80.12964286111111, 26.383524444444443]
				]
			},
			"properties":{
				"style": "solid",
				"thickness":1
			}
		},
		{
			"type": "Feature",
			"geometry": {
				"type": "LineString",
				"coordinates": [
					[-80.14186436111112, 26.383537722222222],
					[-80.16864983333333, 26.38356322222222]
				]
			},
			"properties":{
				"style": "solid",
				"thickness":1
			}
		},
		{
			"type": "Feature",
			"geometry": {
				"type": "LineString",
				"coordinates": [
					[-80.16864983333333, 26.38356322222222],
					[-80.20898080555556, 26.383592305555556]
				]
			},
			"properties":{
				"style": "solid",
				"thickness":1
			}
		},
		{
			"type": "Feature",
			"geometry": {
				"type": "LineString",
				"coordinates": [
					[-80.20898080555556, 26.383592305555556],
					[-80.34117686111111, 26.383609]
				]
			},
			"properties":{
				"style": "solid",
				"thickness":1
			}
		},
		{
			"type": "Feature",
			"geometry": {
				"type": "LineString",
				"coordinates": [
					[-80.34117686111111, 26.383609],
					[-80.39138691666668, 26.383583777777776]
				]
			},
			"properties":{
				"style": "solid",
				"thickness":1
			}
		},
		{
			"type": "Feature",
			"geometry": {
				"type": "LineString",
				"coordinates": [
					[-80.39138691666668, 26.383583777777776],
					[-80.58713622222221, 26.384053416666667]
				]
			},
			"properties":{
				"style": "solid",
				"thickness":1
			}
		},
		{
			"type": "Feature",
			"geometry": {
				"type": "LineString",
				"coordinates": [
					[-80.58713622222221, 26.384053416666667],
					[-80.60679227777777, 26.383920555555555]
				]
			},
			"properties":{
				"style": "solid",
				"thickness":1
			}
		},
		{
			"type": "Feature",
			"geometry": {
				"type": "LineString",
				"coordinates": [
					[-80.67197241666668, 26.383398222222223],
					[-80.60679188888888, 26.38387622222222]
				]
			},
			"properties":{
				"style": "solid",
				"thickness":1
			}
		},
		{
			"type": "Feature",
			"geometry": {
				"type": "LineString",
				"coordinates": [
					[-80.67197241666668, 26.383398222222223],
					[-80.68486711111112, 26.37143888888889]
				]
			},
			"properties":{
				"style": "solid",
				"thickness":1
			}
		},
		{
			"type": "Feature",
			"geometry": {
				"type": "LineString",
				"coordinates": [
					[-80.92258102777778, 26.14805425],
					[-80.68542916666667, 26.37192336111111]
				]
			},
			"properties":{
				"style": "solid",
				"thickness":1
			}
		},
		{
			"type": "Feature",
			"geometry": {
				"type": "LineString",
				"coordinates": [
					[-80.92258102777778, 26.14805425],
					[-80.96813691666667, 26.10489561111111]
				]
			},
			"properties":{
				"style": "solid",
				"thickness":1
			}
		},
		{
			"type": "Feature",
			"geometry": {
				"type": "LineString",
				"coordinates": [
					[-80.96778608333334, 26.10459388888889],
					[-80.9513585, 26.022704083333334]
				]
			},
			"properties":{
				"style": "solid",
				"thickness":1
			}
		},
		{
			"type": "Feature",
			"geometry": {
				"type": "LineString",
				"coordinates": [
					[-80.9513585, 26.022704083333334],
					[-80.87963463888889, 25.66706002777778]
				]
			},
			"properties":{
				"style": "solid",
				"thickness":1
			}
		},
		{
			"type": "Feature",
			"geometry": {
				"type": "LineString",
				"coordinates": [
					[-80.87963463888889, 25.66706002777778],
					[-80.87371941666666, 25.637451416666668]
				]
			},
			"properties":{
				"style": "solid",
				"thickness":1
			}
		},
		{
			"type": "Feature",
			"geometry": {
				"type": "LineString",
				"coordinates": [
					[-80.87371941666666, 25.637451416666668],
					[-80.86088030555555, 25.619245972222224]
				]
			},
			"properties":{
				"style": "solid",
				"thickness":1
			}
		},
		{
			"type": "Feature",
			"geometry": {
				"type": "LineString",
				"coordinates": [
					[-80.28104413888889, 25.806318722222223],
					[-80.28114316666667, 25.807602583333335]
				]
			},
			"properties":{
				"style": "solid",
				"thickness":1
			}
		},
		{
			"type": "Feature",
			"geometry": {
				"type": "LineString",
				"coordinates": [
					[-80.28067963888888, 25.80621275],
					[-80.2807985, 25.80775338888889]
				]
			},
			"properties":{
				"style": "solid",
				"thickness":1
			}
		},
		{
			"type": "Feature",
			"geometry": {
				"type": "LineString",
				"coordinates": [
					[-80.28032505555555, 25.806235166666667],
					[-80.28044391666667, 25.807775805555558]
				]
			},
			"properties":{
				"style": "solid",
				"thickness":1
			}
		},
		{
			"type": "Feature",
			"geometry": {
				"type": "LineString",
				"coordinates": [
					[-80.27998038888889, 25.806385944444447],
					[-80.28007941666667, 25.807669833333335]
				]
			},
			"properties":{
				"style": "solid",
				"thickness":1
			}
		},
		{
			"type": "Feature",
			"geometry": {
				"type": "LineString",
				"coordinates": [
					[-80.27967530555556, 25.807050305555556],
					[-80.27968783333333, 25.80714097222222],
					[-80.2797128888889, 25.807234972222222],
					[-80.27975208333334, 25.807330472222223],
					[-80.27980647222222, 25.807424972222222],
					[-80.27987655555556, 25.807515722222224],
					[-80.27996197222222, 25.80759961111111],
					[-80.28006141666667, 25.807673611111113],
					[-80.28017255555555, 25.807735027777778],
					[-80.28029236111111, 25.80778175],
					[-80.28041716666667, 25.807812555555557],
					[-80.28054319444445, 25.80782713888889],
					[-80.28066686111111, 25.807826194444445],
					[-80.28078502777778, 25.80781111111111],
					[-80.28089530555556, 25.807783861111112],
					[-80.28099602777777, 25.807746694444447],
					[-80.28108627777777, 25.807701861111113],
					[-80.28116783333333, 25.807650083333336],
					[-80.28124655555555, 25.807587333333334],
					[-80.28132049999999, 25.807512805555557],
					[-80.28138688888889, 25.807426638888888],
					[-80.28144280555556, 25.80732963888889],
					[-80.28148538888888, 25.807223333333333],
					[-80.28151216666667, 25.807110083333335],
					[-80.28152141666666, 25.806992833333332],
					[-80.28151230555555, 25.80687497222222],
					[-80.28148516666667, 25.806760027777777],
					[-80.28144125, 25.80665125],
					[-80.28138277777778, 25.806551333333335],
					[-80.2813125, 25.806462305555556],
					[-80.28123352777777, 25.806385333333335],
					[-80.28114883333333, 25.806320833333334],
					[-80.28106125, 25.806268583333335],
					[-80.28097252777778, 25.806227555555555],
					[-80.28087630555555, 25.80619452777778],
					[-80.28077086111111, 25.80617038888889],
					[-80.28065747222222, 25.806157250000002],
					[-80.28053811111111, 25.806157194444445],
					[-80.2804155, 25.806171805555557],
					[-80.28029294444444, 25.80620213888889],
					[-80.28017408333334, 25.806248333333333],
					[-80.2800626111111, 25.806309666666667],
					[-80.27996197222222, 25.806384444444443],
					[-80.27987486111111, 25.80647025],
					[-80.27980316666667, 25.806564083333335],
					[-80.27974766666667, 25.80666275],
					[-80.27970830555556, 25.806763194444446],
					[-80.27968419444444, 25.806862666666667],
					[-80.27967377777777, 25.806958944444446],
					[-80.27967530555556, 25.807050305555556]
				]
			},
			"properties":{
				"style": "solid",
				"thickness":1
			}
		},
		{
			"type": "Feature",
			"geometry": {
				"type": "LineString",
				"coordinates": [
					[-80.29145097222222, 25.789624638888892],
					[-80.2915501111111, 25.79090852777778]
				]
			},
			"properties":{
				"style": "solid",
				"thickness":1
			}
		},
		{
			"type": "Feature",
			"geometry": {
				"type": "LineString",
				"coordinates": [
					[-80.29108652777778, 25.789518694444446],
					[-80.29120547222222, 25.791059333333337]
				]
			},
			"properties":{
				"style": "solid",
				"thickness":1
			}
		},
		{
			"type": "Feature",
			"geometry": {
				"type": "LineString",
				"coordinates": [
					[-80.29073197222222, 25.78954113888889],
					[-80.29085094444444, 25.79108177777778]
				]
			},
			"properties":{
				"style": "solid",
				"thickness":1
			}
		},
		{
			"type": "Feature",
			"geometry": {
				"type": "LineString",
				"coordinates": [
					[-80.29038736111112, 25.789691972222222],
					[-80.2904865, 25.790975833333334]
				]
			},
			"properties":{
				"style": "solid",
				"thickness":1
			}
		},
		{
			"type": "Feature",
			"geometry": {
				"type": "LineString",
				"coordinates": [
					[-80.29008238888889, 25.790356333333335],
					[-80.29009491666666, 25.790447],
					[-80.29012, 25.79054102777778],
					[-80.29015916666667, 25.7906365],
					[-80.29021355555555, 25.790731],
					[-80.29028363888888, 25.790821750000003],
					[-80.29036905555556, 25.790905611111114],
					[-80.2904685, 25.790979611111112],
					[-80.29057963888889, 25.79104102777778],
					[-80.29069941666667, 25.791087722222223],
					[-80.29082419444444, 25.79111852777778],
					[-80.29095022222222, 25.79113311111111],
					[-80.29107386111112, 25.791132166666667],
					[-80.29119202777778, 25.791117083333337],
					[-80.29130227777777, 25.791089805555558],
					[-80.29140297222222, 25.791052611111112],
					[-80.29149319444444, 25.79100780555556],
					[-80.29157475, 25.790956027777778],
					[-80.29165344444445, 25.790893250000003],
					[-80.29172738888889, 25.790818722222223],
					[-80.29179377777777, 25.790732555555557],
					[-80.29184966666666, 25.79063552777778],
					[-80.29189222222222, 25.790529250000002],
					[-80.291919, 25.790415972222224],
					[-80.29192822222223, 25.790298722222225],
					[-80.29191911111111, 25.79018088888889],
					[-80.29189194444444, 25.790065944444446],
					[-80.29184802777777, 25.78995713888889],
					[-80.29178955555555, 25.78985725],
					[-80.29171930555556, 25.789768222222225],
					[-80.29164033333333, 25.78969125],
					[-80.29155566666667, 25.78962675],
					[-80.29146808333333, 25.7895745],
					[-80.29137936111111, 25.7895335],
					[-80.29128313888889, 25.789500472222223],
					[-80.29117769444444, 25.789476333333337],
					[-80.29106433333334, 25.789463222222224],
					[-80.290945, 25.789463166666668],
					[-80.29082241666667, 25.789477805555556],
					[-80.29069986111111, 25.78950811111111],
					[-80.290581, 25.789554333333335],
					[-80.29046958333333, 25.78961566666667],
					[-80.29036894444444, 25.789690472222222],
					[-80.29028186111111, 25.78977627777778],
					[-80.29021016666667, 25.789870111111114],
					[-80.29015472222223, 25.78996877777778],
					[-80.2901153611111, 25.790069222222225],
					[-80.29009125, 25.790168694444446],
					[-80.29008086111111, 25.790264972222225],
					[-80.29008238888889, 25.790356333333335]
				]
			},
			"properties":{
				"style": "solid",
				"thickness":1
			}
		},
		{
			"type": "Feature",
			"geometry": {
				"type": "LineString",
				"coordinates": [
					[-80.15084097222223, 26.071621277777776],
					[-80.15093883333334, 26.072905194444445]
				]
			},
			"properties":{
				"style": "solid",
				"thickness":1
			}
		},
		{
			"type": "Feature",
			"geometry": {
				"type": "LineString",
				"coordinates": [
					[-80.15047577777779, 26.07151497222222],
					[-80.15059319444445, 26.073055666666665]
				]
			},
			"properties":{
				"style": "solid",
				"thickness":1
			}
		},
		{
			"type": "Feature",
			"geometry": {
				"type": "LineString",
				"coordinates": [
					[-80.1501203888889, 26.071537083333332],
					[-80.15023780555556, 26.073077777777776]
				]
			},
			"properties":{
				"style": "solid",
				"thickness":1
			}
		},
		{
			"type": "Feature",
			"geometry": {
				"type": "LineString",
				"coordinates": [
					[-80.14977475, 26.071687555555556],
					[-80.14987261111112, 26.07297147222222]
				]
			},
			"properties":{
				"style": "solid",
				"thickness":1
			}
		},
		{
			"type": "Feature",
			"geometry": {
				"type": "LineString",
				"coordinates": [
					[-80.14946827777779, 26.07235161111111],
					[-80.14948072222222, 26.07244227777778],
					[-80.14950575, 26.072536333333332],
					[-80.1495448888889, 26.072631833333332],
					[-80.14959930555557, 26.07272638888889],
					[-80.14966944444446, 26.072817194444443],
					[-80.14975497222223, 26.072901166666668],
					[-80.14985455555556, 26.07297525],
					[-80.1499658888889, 26.07303675],
					[-80.1500858888889, 26.073083583333332],
					[-80.15021094444445, 26.0731145],
					[-80.15033725, 26.073129194444444],
					[-80.15046119444445, 26.07312836111111],
					[-80.1505796388889, 26.07311338888889],
					[-80.15069019444445, 26.07308625],
					[-80.15079119444445, 26.073049166666667],
					[-80.15088169444445, 26.073004416666667],
					[-80.1509635, 26.072952722222222],
					[-80.15104244444446, 26.072890027777778],
					[-80.1511166388889, 26.072815555555554],
					[-80.15118327777779, 26.07272947222222],
					[-80.15123944444446, 26.072632527777778],
					[-80.15128222222222, 26.07252625],
					[-80.15130919444445, 26.072413027777777],
					[-80.15131858333334, 26.072295805555555],
					[-80.15130958333334, 26.072177944444444],
					[-80.15128250000001, 26.072062972222223],
					[-80.15123861111111, 26.071954138888888],
					[-80.15118011111112, 26.071854194444445],
					[-80.15110977777779, 26.071765083333332],
					[-80.15103072222223, 26.071688055555555],
					[-80.15094591666667, 26.0716235],
					[-80.15085819444445, 26.071571166666665],
					[-80.15076930555556, 26.071530055555556],
					[-80.15067288888889, 26.071496944444444],
					[-80.15056722222222, 26.071472694444445],
					[-80.15045361111112, 26.071459472222223],
					[-80.150334, 26.071459305555557],
					[-80.15021108333335, 26.071473805555556],
					[-80.15008822222222, 26.071504027777777],
					[-80.14996902777779, 26.07155011111111],
					[-80.14985725000001, 26.071611333333333],
					[-80.14975630555556, 26.071686055555556],
					[-80.14966891666667, 26.07177175],
					[-80.14959694444445, 26.071865527777778],
					[-80.14954122222223, 26.071964138888887],
					[-80.14950166666668, 26.072064555555556],
					[-80.14947736111112, 26.072164],
					[-80.14946683333334, 26.07226025],
					[-80.14946827777779, 26.07235161111111]
				]
			},
			"properties":{
				"style": "solid",
				"thickness":1
			}
		},
		{
			"type": "Feature",
			"geometry": {
				"type": "LineString",
				"coordinates": [
					[-80.14024097222223, 26.071235055555555],
					[-80.14033872222222, 26.072518972222223]
				]
			},
			"properties":{
				"style": "solid",
				"thickness":1
			}
		},
		{
			"type": "Feature",
			"geometry": {
				"type": "LineString",
				"coordinates": [
					[-80.13987580555556, 26.07112875],
					[-80.13999308333334, 26.072669444444443]
				]
			},
			"properties":{
				"style": "solid",
				"thickness":1
			}
		},
		{
			"type": "Feature",
			"geometry": {
				"type": "LineString",
				"coordinates": [
					[-80.1395203888889, 26.071150805555554],
					[-80.13963766666667, 26.0726915]
				]
			},
			"properties":{
				"style": "solid",
				"thickness":1
			}
		},
		{
			"type": "Feature",
			"geometry": {
				"type": "LineString",
				"coordinates": [
					[-80.13917475000001, 26.07130125],
					[-80.13927247222223, 26.072585166666666]
				]
			},
			"properties":{
				"style": "solid",
				"thickness":1
			}
		},
		{
			"type": "Feature",
			"geometry": {
				"type": "LineString",
				"coordinates": [
					[-80.13886819444446, 26.071965277777778],
					[-80.13888063888889, 26.072055972222223],
					[-80.13890566666667, 26.07215],
					[-80.13894480555557, 26.0722455],
					[-80.13899919444445, 26.072340083333334],
					[-80.13906933333334, 26.07243088888889],
					[-80.13915486111112, 26.07251486111111],
					[-80.13925441666667, 26.07258897222222],
					[-80.13936575000001, 26.07265047222222],
					[-80.13948575, 26.072697305555554],
					[-80.13961080555556, 26.07272822222222],
					[-80.13973711111112, 26.072742944444443],
					[-80.13986105555556, 26.07274211111111],
					[-80.13997950000001, 26.072727166666667],
					[-80.14009008333333, 26.072700027777778],
					[-80.14019105555556, 26.072662944444446],
					[-80.14028155555556, 26.072618194444445],
					[-80.14036336111111, 26.0725665],
					[-80.14044233333334, 26.072503805555556],
					[-80.14051652777779, 26.072429361111112],
					[-80.14058319444445, 26.072343277777776],
					[-80.14063933333334, 26.072246333333332],
					[-80.14068213888889, 26.072140083333334],
					[-80.14070911111112, 26.072026861111112],
					[-80.1407185, 26.07190961111111],
					[-80.14070955555556, 26.07179175],
					[-80.14068247222222, 26.071676805555555],
					[-80.14063858333334, 26.071567972222223],
					[-80.14058008333333, 26.071468],
					[-80.14050977777778, 26.071378888888887],
					[-80.14043069444445, 26.07130186111111],
					[-80.14034591666667, 26.071237277777776],
					[-80.14025819444446, 26.071184944444443],
					[-80.14016933333335, 26.07114386111111],
					[-80.14007291666667, 26.071110722222222],
					[-80.13996725000001, 26.071086472222223],
					[-80.13985361111112, 26.07107325],
					[-80.139734, 26.071073055555555],
					[-80.13961111111112, 26.071087555555554],
					[-80.13948822222223, 26.07111775],
					[-80.13936905555556, 26.071163833333333],
					[-80.13925727777779, 26.071225055555555],
					[-80.13915630555556, 26.07129975],
					[-80.1390688888889, 26.071385444444445],
					[-80.13899691666667, 26.071479194444443],
					[-80.13894119444446, 26.071577833333333],
					[-80.1389016388889, 26.07167822222222],
					[-80.13887733333334, 26.071777666666666],
					[-80.13886677777778, 26.071873916666668],
					[-80.13886819444446, 26.071965277777778]
				]
			},
			"properties":{
				"style": "solid",
				"thickness":1
			}
		},
		{
			"type": "Feature",
			"geometry": {
				"type": "LineString",
				"coordinates": [
					[-80.1077555, 26.382435222222224],
					[-80.10785313888888, 26.383719083333332]
				]
			},
			"properties":{
				"style": "solid",
				"thickness":1
			}
		},
		{
			"type": "Feature",
			"geometry": {
				"type": "LineString",
				"coordinates": [
					[-80.10738938888888, 26.382328805555556],
					[-80.10750655555555, 26.383869444444443]
				]
			},
			"properties":{
				"style": "solid",
				"thickness":1
			}
		},
		{
			"type": "Feature",
			"geometry": {
				"type": "LineString",
				"coordinates": [
					[-80.10703302777777, 26.382350805555557],
					[-80.10715019444444, 26.383891444444444]
				]
			},
			"properties":{
				"style": "solid",
				"thickness":1
			}
		},
		{
			"type": "Feature",
			"geometry": {
				"type": "LineString",
				"coordinates": [
					[-80.10668644444443, 26.382501166666668],
					[-80.10678405555555, 26.383785027777776]
				]
			},
			"properties":{
				"style": "solid",
				"thickness":1
			}
		},
		{
			"type": "Feature",
			"geometry": {
				"type": "LineString",
				"coordinates": [
					[-80.10637888888888, 26.383165083333335],
					[-80.10639133333333, 26.38325575],
					[-80.10641638888889, 26.383349805555554],
					[-80.1064556111111, 26.383445305555554],
					[-80.10651013888888, 26.383539888888887],
					[-80.10658044444443, 26.383630694444445],
					[-80.10666616666666, 26.383714694444443],
					[-80.10676597222222, 26.383788805555554],
					[-80.10687758333333, 26.38385033333333],
					[-80.10699788888888, 26.383897194444444],
					[-80.10712325, 26.383928138888887],
					[-80.10724988888889, 26.38394288888889],
					[-80.10737416666666, 26.38394211111111],
					[-80.10749294444445, 26.383927166666666],
					[-80.10760377777777, 26.383900055555554],
					[-80.10770505555556, 26.38386297222222],
					[-80.10779580555555, 26.383818277777777],
					[-80.10787783333333, 26.38376661111111],
					[-80.10795702777777, 26.383703944444445],
					[-80.10803144444444, 26.383629499999998],
					[-80.10809830555554, 26.383543444444445],
					[-80.10815463888888, 26.383446499999998],
					[-80.10819755555555, 26.383340277777776],
					[-80.10822463888888, 26.383227055555555],
					[-80.1082341111111, 26.383109833333332],
					[-80.10822513888888, 26.38299197222222],
					[-80.10819802777777, 26.382877027777777],
					[-80.10815405555554, 26.382768194444445],
					[-80.10809544444444, 26.38266822222222],
					[-80.10802497222221, 26.382579111111113],
					[-80.10794569444444, 26.382502055555555],
					[-80.10786072222221, 26.38243747222222],
					[-80.10777277777777, 26.382385111111113],
					[-80.10768366666666, 26.382344],
					[-80.10758702777777, 26.382310833333335],
					[-80.10748108333333, 26.382286555555556],
					[-80.10736716666666, 26.382273305555557],
					[-80.10724722222221, 26.38227311111111],
					[-80.107124, 26.382287583333333],
					[-80.10700080555554, 26.382317750000002],
					[-80.10688127777777, 26.382363805555556],
					[-80.10676919444444, 26.382425],
					[-80.10666794444444, 26.382499666666668],
					[-80.10658027777777, 26.382585333333335],
					[-80.10650808333332, 26.382679055555556],
					[-80.10645216666666, 26.382777666666666],
					[-80.10641247222222, 26.382878055555555],
					[-80.10638808333333, 26.3829775],
					[-80.1063775, 26.38307372222222],
					[-80.10637888888888, 26.383165083333335]
				]
			},
			"properties":{
				"style": "solid",
				"thickness":1
			}
		},
		{
			"type": "Feature",
			"geometry": {
				"type": "LineString",
				"coordinates": [
					[-80.14425738888889, 27.077726833333333],
					[-80.14435602777779, 27.079010333333333]
				]
			},
			"properties":{
				"style": "solid",
				"thickness":1
			}
		},
		{
			"type": "Feature",
			"geometry": {
				"type": "LineString",
				"coordinates": [
					[-80.14388905555556, 27.077620555555555],
					[-80.14400741666667, 27.07916075]
				]
			},
			"properties":{
				"style": "solid",
				"thickness":1
			}
		},
		{
			"type": "Feature",
			"geometry": {
				"type": "LineString",
				"coordinates": [
					[-80.14353058333334, 27.07764263888889],
					[-80.14364894444445, 27.079182833333334]
				]
			},
			"properties":{
				"style": "solid",
				"thickness":1
			}
		},
		{
			"type": "Feature",
			"geometry": {
				"type": "LineString",
				"coordinates": [
					[-80.14318200000001, 27.077793055555556],
					[-80.14328061111112, 27.079076555555556]
				]
			},
			"properties":{
				"style": "solid",
				"thickness":1
			}
		},
		{
			"type": "Feature",
			"geometry": {
				"type": "LineString",
				"coordinates": [
					[-80.14287283333334, 27.07845686111111],
					[-80.1428853888889, 27.07854752777778],
					[-80.14291061111112, 27.078641527777776],
					[-80.14295011111112, 27.078737],
					[-80.14300497222223, 27.078831527777776],
					[-80.14307572222224, 27.078922305555555],
					[-80.14316197222223, 27.07900625],
					[-80.14326241666667, 27.079080333333334],
					[-80.14337469444445, 27.079141805555555],
					[-80.14349572222223, 27.079188638888887],
					[-80.14362186111111, 27.079219527777777],
					[-80.14374925000001, 27.07923425],
					[-80.14387425000001, 27.079233416666668],
					[-80.14399372222223, 27.079218472222223],
					[-80.14410525000001, 27.079191333333334],
					[-80.14420711111111, 27.07915425],
					[-80.14429836111111, 27.079109527777778],
					[-80.14438088888889, 27.07905786111111],
					[-80.14446052777778, 27.078995166666665],
					[-80.14453536111112, 27.078920749999998],
					[-80.14460258333334, 27.078834694444446],
					[-80.14465922222223, 27.07873777777778],
					[-80.14470236111111, 27.078631555555557],
					[-80.14472958333334, 27.07851836111111],
					[-80.14473905555556, 27.07840113888889],
					[-80.14473000000001, 27.07828333333333],
					[-80.14470269444445, 27.078168416666667],
					[-80.14465841666667, 27.07805961111111],
					[-80.14459941666668, 27.077959694444445],
					[-80.1445285, 27.07787061111111],
					[-80.14444875000001, 27.07779361111111],
					[-80.14436322222222, 27.077729055555555],
					[-80.14427475000001, 27.077676722222222],
					[-80.14418511111111, 27.07763563888889],
					[-80.14408786111112, 27.077602527777778],
					[-80.14398130555556, 27.07757827777778],
					[-80.14386669444445, 27.077565083333333],
					[-80.14374605555557, 27.07756488888889],
					[-80.14362208333334, 27.07757938888889],
					[-80.14349816666667, 27.077609583333334],
					[-80.14337794444445, 27.077655666666665],
					[-80.14326522222223, 27.07771686111111],
					[-80.1431633888889, 27.077791527777777],
					[-80.14307522222222, 27.077877222222224],
					[-80.1430026388889, 27.077970944444445],
					[-80.14294644444445, 27.078069527777778],
					[-80.14290652777778, 27.07816988888889],
					[-80.14288202777779, 27.078269305555555],
					[-80.14287141666668, 27.078365527777777],
					[-80.14287283333334, 27.07845686111111]
				]
			},
			"properties":{
				"style": "solid",
				"thickness":1
			}
		},
		{
			"type": "Feature",
			"geometry": {
				"type": "LineString",
				"coordinates": [
					[-80.90734608333334, 25.865432555555557],
					[-80.90745194444445, 25.866715972222224]
				]
			},
			"properties":{
				"style": "solid",
				"thickness":1
			}
		},
		{
			"type": "Feature",
			"geometry": {
				"type": "LineString",
				"coordinates": [
					[-80.90698083333334, 25.865328166666668],
					[-80.90710791666667, 25.86686827777778]
				]
			},
			"properties":{
				"style": "solid",
				"thickness":1
			}
		},
		{
			"type": "Feature",
			"geometry": {
				"type": "LineString",
				"coordinates": [
					[-80.90662619444446, 25.86535211111111],
					[-80.90675325000001, 25.866892222222223]
				]
			},
			"properties":{
				"style": "solid",
				"thickness":1
			}
		},
		{
			"type": "Feature",
			"geometry": {
				"type": "LineString",
				"coordinates": [
					[-80.90628216666667, 25.865504416666667],
					[-80.90638802777778, 25.866787833333333]
				]
			},
			"properties":{
				"style": "solid",
				"thickness":1
			}
		},
		{
			"type": "Feature",
			"geometry": {
				"type": "LineString",
				"coordinates": [
					[-80.90598044444445, 25.866170055555557],
					[-80.90599347222222, 25.86626066666667],
					[-80.90601902777779, 25.866354583333333],
					[-80.90605872222223, 25.86644988888889],
					[-80.90611366666667, 25.866544166666667],
					[-80.90618425000001, 25.866634611111113],
					[-80.90627016666667, 25.866718111111112],
					[-80.90637002777778, 25.866791694444444],
					[-80.90648158333335, 25.86685261111111],
					[-80.90660166666667, 25.866898805555557],
					[-80.90672669444444, 25.866929083333332],
					[-80.90685286111112, 25.86694313888889],
					[-80.90697658333333, 25.86694163888889],
					[-80.90709475, 25.866926055555556],
					[-80.90720494444444, 25.866898333333335],
					[-80.9073055, 25.866860694444444],
					[-80.90739555555557, 25.8668155],
					[-80.9074768888889, 25.86676336111111],
					[-80.90755530555556, 25.86670025],
					[-80.9076288888889, 25.86662541666667],
					[-80.90769486111111, 25.866538972222223],
					[-80.90775027777778, 25.866441722222223],
					[-80.90779230555556, 25.866335250000002],
					[-80.9078185, 25.86622186111111],
					[-80.90782713888889, 25.866104583333335],
					[-80.90781741666667, 25.865986777777778],
					[-80.9077896388889, 25.865871944444446],
					[-80.9077451388889, 25.865763361111114],
					[-80.90768608333335, 25.865663694444446],
					[-80.90761533333334, 25.865574972222223],
					[-80.9075358888889, 25.86549836111111],
					[-80.90745083333334, 25.865434222222223],
					[-80.90736294444444, 25.865382333333336],
					[-80.90727394444446, 25.865341722222222],
					[-80.9071775, 25.865309111111113],
					[-80.90707186111112, 25.86528541666667],
					[-80.90695833333334, 25.86527277777778],
					[-80.90683894444444, 25.86527325],
					[-80.90671636111112, 25.86528838888889],
					[-80.90659388888889, 25.865319222222222],
					[-80.90647522222223, 25.865365944444445],
					[-80.90636402777778, 25.86542777777778],
					[-80.90626372222223, 25.865503],
					[-80.90617702777779, 25.86558916666667],
					[-80.90610577777778, 25.865683305555557],
					[-80.90605080555557, 25.865782222222222],
					[-80.90601194444444, 25.865882833333334],
					[-80.90598833333334, 25.86598238888889],
					[-80.90597844444444, 25.866078694444447],
					[-80.90598044444445, 25.866170055555557]
				]
			},
			"properties":{
				"style": "solid",
				"thickness":1
			}
		},
		{
			"type": "Feature",
			"geometry": {
				"type": "LineString",
				"coordinates": [
					[-80.4386475, 25.267324055555555],
					[-80.43874780555556, 25.268607805555554]
				]
			},
			"properties":{
				"style": "solid",
				"thickness":1
			}
		},
		{
			"type": "Feature",
			"geometry": {
				"type": "LineString",
				"coordinates": [
					[-80.43828452777778, 25.267218472222222],
					[-80.43840486111111, 25.268758972222223]
				]
			},
			"properties":{
				"style": "solid",
				"thickness":1
			}
		},
		{
			"type": "Feature",
			"geometry": {
				"type": "LineString",
				"coordinates": [
					[-80.43793158333334, 25.267241277777778],
					[-80.43805191666667, 25.268781777777775]
				]
			},
			"properties":{
				"style": "solid",
				"thickness":1
			}
		},
		{
			"type": "Feature",
			"geometry": {
				"type": "LineString",
				"coordinates": [
					[-80.43758866666667, 25.267392444444443],
					[-80.43768894444445, 25.268676194444442]
				]
			},
			"properties":{
				"style": "solid",
				"thickness":1
			}
		},
		{
			"type": "Feature",
			"geometry": {
				"type": "LineString",
				"coordinates": [
					[-80.43728586111112, 25.26805711111111],
					[-80.43729844444445, 25.268147777777777],
					[-80.43732352777778, 25.268241749999998],
					[-80.4373626388889, 25.268337194444445],
					[-80.43741691666668, 25.268431638888888],
					[-80.43748680555557, 25.268522305555553],
					[-80.43757194444444, 25.26860611111111],
					[-80.43767102777778, 25.26868],
					[-80.43778175, 25.268741305555555],
					[-80.43790105555556, 25.268787888888887],
					[-80.43802536111112, 25.268818555555555],
					[-80.43815083333334, 25.268833],
					[-80.43827391666667, 25.268831916666667],
					[-80.43839155555555, 25.268816722222223],
					[-80.43850130555556, 25.26878936111111],
					[-80.4386015, 25.268752055555556],
					[-80.43869127777778, 25.26870713888889],
					[-80.43877238888889, 25.26865527777778],
					[-80.43885066666667, 25.268592416666667],
					[-80.43892419444445, 25.268517833333334],
					[-80.43899016666667, 25.26843158333333],
					[-80.43904569444445, 25.268334527777778],
					[-80.43908794444445, 25.268228194444443],
					[-80.43911444444444, 25.26811488888889],
					[-80.43912350000001, 25.26799763888889],
					[-80.43911430555556, 25.267879805555555],
					[-80.43908711111112, 25.267764888888887],
					[-80.43904325, 25.26765613888889],
					[-80.43898491666667, 25.26755627777778],
					[-80.43891483333334, 25.267467333333332],
					[-80.43883611111112, 25.267390444444445],
					[-80.43875175000001, 25.267326055555554],
					[-80.43866447222223, 25.267273888888887],
					[-80.43857611111112, 25.26723297222222],
					[-80.43848025, 25.267200055555556],
					[-80.43837525, 25.267176],
					[-80.43826236111111, 25.267163],
					[-80.43814355555556, 25.267163083333333],
					[-80.43802152777778, 25.26717783333333],
					[-80.43789955555556, 25.267208277777776],
					[-80.43778130555556, 25.26725461111111],
					[-80.43767041666668, 25.267316055555554],
					[-80.43757033333334, 25.26739097222222],
					[-80.43748375, 25.26747686111111],
					[-80.43741247222222, 25.267570749999997],
					[-80.4373573888889, 25.2676695],
					[-80.43731833333334, 25.267769972222222],
					[-80.43729444444445, 25.26786947222222],
					[-80.43728422222223, 25.26796575],
					[-80.43728586111112, 25.26805711111111]
				]
			},
			"properties":{
				"style": "solid",
				"thickness":1
			}
		},
		{
			"type": "Feature",
			"geometry": {
				"type": "LineString",
				"coordinates": [
					[-80.29405363888888, 25.796817805555555],
					[-80.29419502777777, 25.79864813888889]
				]
			},
			"properties":{
				"style": "solid",
				"thickness":1
			}
		},
		{
			"type": "Feature",
			"geometry": {
				"type": "LineString",
				"coordinates": [
					[-80.29353402777778, 25.79666677777778],
					[-80.29370369444445, 25.798863166666667]
				]
			},
			"properties":{
				"style": "solid",
				"thickness":1
			}
		},
		{
			"type": "Feature",
			"geometry": {
				"type": "LineString",
				"coordinates": [
					[-80.29302855555555, 25.79669877777778],
					[-80.29319819444444, 25.798895166666668]
				]
			},
			"properties":{
				"style": "solid",
				"thickness":1
			}
		},
		{
			"type": "Feature",
			"geometry": {
				"type": "LineString",
				"coordinates": [
					[-80.29253722222222, 25.79691380555556],
					[-80.29267858333333, 25.79874413888889]
				]
			},
			"properties":{
				"style": "solid",
				"thickness":1
			}
		},
		{
			"type": "Feature",
			"geometry": {
				"type": "LineString",
				"coordinates": [
					[-80.29210241666667, 25.797860972222225],
					[-80.29212027777777, 25.797990222222225],
					[-80.29215605555555, 25.79812425],
					[-80.29221188888889, 25.79826036111111],
					[-80.29228944444445, 25.798395111111112],
					[-80.29238938888889, 25.798524472222223],
					[-80.29251116666667, 25.798644055555556],
					[-80.29265291666667, 25.798749555555556],
					[-80.2928113888889, 25.798837083333336],
					[-80.29298216666666, 25.798903666666668],
					[-80.29316008333333, 25.798947555555557],
					[-80.29333975, 25.79896836111111],
					[-80.29351602777777, 25.798967],
					[-80.2936845, 25.798945500000002],
					[-80.29384169444444, 25.798906611111114],
					[-80.29398527777778, 25.798853583333337],
					[-80.29411391666666, 25.798789666666668],
					[-80.29423016666667, 25.798715861111113],
					[-80.2943423611111, 25.79862636111111],
					[-80.29444777777778, 25.798520111111113],
					[-80.29454241666666, 25.79839727777778],
					[-80.29462211111111, 25.798258972222225],
					[-80.29468277777778, 25.798107416666667],
					[-80.29472094444445, 25.797945944444447],
					[-80.29473411111111, 25.79777877777778],
					[-80.29472111111112, 25.79761077777778],
					[-80.29468238888889, 25.79744691666667],
					[-80.29461977777778, 25.797291805555556],
					[-80.29453638888889, 25.79714938888889],
					[-80.29443622222222, 25.797022472222224],
					[-80.29432361111111, 25.79691275],
					[-80.29420288888889, 25.79682080555556],
					[-80.29407802777777, 25.796746333333335],
					[-80.29395155555555, 25.796687861111113],
					[-80.29381433333333, 25.796640777777778],
					[-80.29366402777778, 25.796606361111113],
					[-80.29350236111111, 25.796587694444447],
					[-80.29333224999999, 25.796587611111114],
					[-80.29315747222222, 25.796608472222225],
					[-80.29298275, 25.796651694444446],
					[-80.29281330555555, 25.796717583333336],
					[-80.29265444444444, 25.79680502777778],
					[-80.29251097222222, 25.79691166666667],
					[-80.29238680555555, 25.797034],
					[-80.29228458333333, 25.79716777777778],
					[-80.29220552777778, 25.797308444444447],
					[-80.29214944444445, 25.797451666666667],
					[-80.29211505555556, 25.797593472222225],
					[-80.29210025, 25.797730722222223],
					[-80.29210241666667, 25.797860972222225]
				]
			},
			"properties":{
				"style": "solid",
				"thickness":1
			}
		},
		{
			"type": "Feature",
			"geometry": {
				"type": "LineString",
				"coordinates": [
					[-80.28104413888889, 25.806318722222223],
					[-80.28114316666667, 25.807602583333335]
				]
			},
			"properties":{
				"style": "solid",
				"thickness":1
			}
		},
		{
			"type": "Feature",
			"geometry": {
				"type": "LineString",
				"coordinates": [
					[-80.28067963888888, 25.80621275],
					[-80.2807985, 25.80775338888889]
				]
			},
			"properties":{
				"style": "solid",
				"thickness":1
			}
		},
		{
			"type": "Feature",
			"geometry": {
				"type": "LineString",
				"coordinates": [
					[-80.28032505555555, 25.806235166666667],
					[-80.28044391666667, 25.807775805555558]
				]
			},
			"properties":{
				"style": "solid",
				"thickness":1
			}
		},
		{
			"type": "Feature",
			"geometry": {
				"type": "LineString",
				"coordinates": [
					[-80.27998038888889, 25.806385944444447],
					[-80.28007941666667, 25.807669833333335]
				]
			},
			"properties":{
				"style": "solid",
				"thickness":1
			}
		},
		{
			"type": "Feature",
			"geometry": {
				"type": "LineString",
				"coordinates": [
					[-80.27967530555556, 25.807050305555556],
					[-80.27968783333333, 25.80714097222222],
					[-80.2797128888889, 25.807234972222222],
					[-80.27975208333334, 25.807330472222223],
					[-80.27980647222222, 25.807424972222222],
					[-80.27987655555556, 25.807515722222224],
					[-80.27996197222222, 25.80759961111111],
					[-80.28006141666667, 25.807673611111113],
					[-80.28017255555555, 25.807735027777778],
					[-80.28029236111111, 25.80778175],
					[-80.28041716666667, 25.807812555555557],
					[-80.28054319444445, 25.80782713888889],
					[-80.28066686111111, 25.807826194444445],
					[-80.28078502777778, 25.80781111111111],
					[-80.28089530555556, 25.807783861111112],
					[-80.28099602777777, 25.807746694444447],
					[-80.28108627777777, 25.807701861111113],
					[-80.28116783333333, 25.807650083333336],
					[-80.28124655555555, 25.807587333333334],
					[-80.28132049999999, 25.807512805555557],
					[-80.28138688888889, 25.807426638888888],
					[-80.28144280555556, 25.80732963888889],
					[-80.28148538888888, 25.807223333333333],
					[-80.28151216666667, 25.807110083333335],
					[-80.28152141666666, 25.806992833333332],
					[-80.28151230555555, 25.80687497222222],
					[-80.28148516666667, 25.806760027777777],
					[-80.28144125, 25.80665125],
					[-80.28138277777778, 25.806551333333335],
					[-80.2813125, 25.806462305555556],
					[-80.28123352777777, 25.806385333333335],
					[-80.28114883333333, 25.806320833333334],
					[-80.28106125, 25.806268583333335],
					[-80.28097252777778, 25.806227555555555],
					[-80.28087630555555, 25.80619452777778],
					[-80.28077086111111, 25.80617038888889],
					[-80.28065747222222, 25.806157250000002],
					[-80.28053811111111, 25.806157194444445],
					[-80.2804155, 25.806171805555557],
					[-80.28029294444444, 25.80620213888889],
					[-80.28017408333334, 25.806248333333333],
					[-80.2800626111111, 25.806309666666667],
					[-80.27996197222222, 25.806384444444443],
					[-80.27987486111111, 25.80647025],
					[-80.27980316666667, 25.806564083333335],
					[-80.27974766666667, 25.80666275],
					[-80.27970830555556, 25.806763194444446],
					[-80.27968419444444, 25.806862666666667],
					[-80.27967377777777, 25.806958944444446],
					[-80.27967530555556, 25.807050305555556]
				]
			},
			"properties":{
				"style": "solid",
				"thickness":1
			}
		},
		{
			"type": "Feature",
			"geometry": {
				"type": "LineString",
				"coordinates": [
					[-80.29145097222222, 25.789624638888892],
					[-80.2915501111111, 25.79090852777778]
				]
			},
			"properties":{
				"style": "solid",
				"thickness":1
			}
		},
		{
			"type": "Feature",
			"geometry": {
				"type": "LineString",
				"coordinates": [
					[-80.29108652777778, 25.789518694444446],
					[-80.29120547222222, 25.791059333333337]
				]
			},
			"properties":{
				"style": "solid",
				"thickness":1
			}
		},
		{
			"type": "Feature",
			"geometry": {
				"type": "LineString",
				"coordinates": [
					[-80.29073197222222, 25.78954113888889],
					[-80.29085094444444, 25.79108177777778]
				]
			},
			"properties":{
				"style": "solid",
				"thickness":1
			}
		},
		{
			"type": "Feature",
			"geometry": {
				"type": "LineString",
				"coordinates": [
					[-80.29038736111112, 25.789691972222222],
					[-80.2904865, 25.790975833333334]
				]
			},
			"properties":{
				"style": "solid",
				"thickness":1
			}
		},
		{
			"type": "Feature",
			"geometry": {
				"type": "LineString",
				"coordinates": [
					[-80.29008238888889, 25.790356333333335],
					[-80.29009491666666, 25.790447],
					[-80.29012, 25.79054102777778],
					[-80.29015916666667, 25.7906365],
					[-80.29021355555555, 25.790731],
					[-80.29028363888888, 25.790821750000003],
					[-80.29036905555556, 25.790905611111114],
					[-80.2904685, 25.790979611111112],
					[-80.29057963888889, 25.79104102777778],
					[-80.29069941666667, 25.791087722222223],
					[-80.29082419444444, 25.79111852777778],
					[-80.29095022222222, 25.79113311111111],
					[-80.29107386111112, 25.791132166666667],
					[-80.29119202777778, 25.791117083333337],
					[-80.29130227777777, 25.791089805555558],
					[-80.29140297222222, 25.791052611111112],
					[-80.29149319444444, 25.79100780555556],
					[-80.29157475, 25.790956027777778],
					[-80.29165344444445, 25.790893250000003],
					[-80.29172738888889, 25.790818722222223],
					[-80.29179377777777, 25.790732555555557],
					[-80.29184966666666, 25.79063552777778],
					[-80.29189222222222, 25.790529250000002],
					[-80.291919, 25.790415972222224],
					[-80.29192822222223, 25.790298722222225],
					[-80.29191911111111, 25.79018088888889],
					[-80.29189194444444, 25.790065944444446],
					[-80.29184802777777, 25.78995713888889],
					[-80.29178955555555, 25.78985725],
					[-80.29171930555556, 25.789768222222225],
					[-80.29164033333333, 25.78969125],
					[-80.29155566666667, 25.78962675],
					[-80.29146808333333, 25.7895745],
					[-80.29137936111111, 25.7895335],
					[-80.29128313888889, 25.789500472222223],
					[-80.29117769444444, 25.789476333333337],
					[-80.29106433333334, 25.789463222222224],
					[-80.290945, 25.789463166666668],
					[-80.29082241666667, 25.789477805555556],
					[-80.29069986111111, 25.78950811111111],
					[-80.290581, 25.789554333333335],
					[-80.29046958333333, 25.78961566666667],
					[-80.29036894444444, 25.789690472222222],
					[-80.29028186111111, 25.78977627777778],
					[-80.29021016666667, 25.789870111111114],
					[-80.29015472222223, 25.78996877777778],
					[-80.2901153611111, 25.790069222222225],
					[-80.29009125, 25.790168694444446],
					[-80.29008086111111, 25.790264972222225],
					[-80.29008238888889, 25.790356333333335]
				]
			},
			"properties":{
				"style": "solid",
				"thickness":1
			}
		},
		{
			"type": "Feature",
			"geometry": {
				"type": "LineString",
				"coordinates": [
					[-80.15084097222223, 26.071621277777776],
					[-80.15093883333334, 26.072905194444445]
				]
			},
			"properties":{
				"style": "solid",
				"thickness":1
			}
		},
		{
			"type": "Feature",
			"geometry": {
				"type": "LineString",
				"coordinates": [
					[-80.15047577777779, 26.07151497222222],
					[-80.15059319444445, 26.073055666666665]
				]
			},
			"properties":{
				"style": "solid",
				"thickness":1
			}
		},
		{
			"type": "Feature",
			"geometry": {
				"type": "LineString",
				"coordinates": [
					[-80.1501203888889, 26.071537083333332],
					[-80.15023780555556, 26.073077777777776]
				]
			},
			"properties":{
				"style": "solid",
				"thickness":1
			}
		},
		{
			"type": "Feature",
			"geometry": {
				"type": "LineString",
				"coordinates": [
					[-80.14977475, 26.071687555555556],
					[-80.14987261111112, 26.07297147222222]
				]
			},
			"properties":{
				"style": "solid",
				"thickness":1
			}
		},
		{
			"type": "Feature",
			"geometry": {
				"type": "LineString",
				"coordinates": [
					[-80.14946827777779, 26.07235161111111],
					[-80.14948072222222, 26.07244227777778],
					[-80.14950575, 26.072536333333332],
					[-80.1495448888889, 26.072631833333332],
					[-80.14959930555557, 26.07272638888889],
					[-80.14966944444446, 26.072817194444443],
					[-80.14975497222223, 26.072901166666668],
					[-80.14985455555556, 26.07297525],
					[-80.1499658888889, 26.07303675],
					[-80.1500858888889, 26.073083583333332],
					[-80.15021094444445, 26.0731145],
					[-80.15033725, 26.073129194444444],
					[-80.15046119444445, 26.07312836111111],
					[-80.1505796388889, 26.07311338888889],
					[-80.15069019444445, 26.07308625],
					[-80.15079119444445, 26.073049166666667],
					[-80.15088169444445, 26.073004416666667],
					[-80.1509635, 26.072952722222222],
					[-80.15104244444446, 26.072890027777778],
					[-80.1511166388889, 26.072815555555554],
					[-80.15118327777779, 26.07272947222222],
					[-80.15123944444446, 26.072632527777778],
					[-80.15128222222222, 26.07252625],
					[-80.15130919444445, 26.072413027777777],
					[-80.15131858333334, 26.072295805555555],
					[-80.15130958333334, 26.072177944444444],
					[-80.15128250000001, 26.072062972222223],
					[-80.15123861111111, 26.071954138888888],
					[-80.15118011111112, 26.071854194444445],
					[-80.15110977777779, 26.071765083333332],
					[-80.15103072222223, 26.071688055555555],
					[-80.15094591666667, 26.0716235],
					[-80.15085819444445, 26.071571166666665],
					[-80.15076930555556, 26.071530055555556],
					[-80.15067288888889, 26.071496944444444],
					[-80.15056722222222, 26.071472694444445],
					[-80.15045361111112, 26.071459472222223],
					[-80.150334, 26.071459305555557],
					[-80.15021108333335, 26.071473805555556],
					[-80.15008822222222, 26.071504027777777],
					[-80.14996902777779, 26.07155011111111],
					[-80.14985725000001, 26.071611333333333],
					[-80.14975630555556, 26.071686055555556],
					[-80.14966891666667, 26.07177175],
					[-80.14959694444445, 26.071865527777778],
					[-80.14954122222223, 26.071964138888887],
					[-80.14950166666668, 26.072064555555556],
					[-80.14947736111112, 26.072164],
					[-80.14946683333334, 26.07226025],
					[-80.14946827777779, 26.07235161111111]
				]
			},
			"properties":{
				"style": "solid",
				"thickness":1
			}
		},
		{
			"type": "Feature",
			"geometry": {
				"type": "LineString",
				"coordinates": [
					[-80.14024097222223, 26.071235055555555],
					[-80.14033872222222, 26.072518972222223]
				]
			},
			"properties":{
				"style": "solid",
				"thickness":1
			}
		},
		{
			"type": "Feature",
			"geometry": {
				"type": "LineString",
				"coordinates": [
					[-80.13987580555556, 26.07112875],
					[-80.13999308333334, 26.072669444444443]
				]
			},
			"properties":{
				"style": "solid",
				"thickness":1
			}
		},
		{
			"type": "Feature",
			"geometry": {
				"type": "LineString",
				"coordinates": [
					[-80.1395203888889, 26.071150805555554],
					[-80.13963766666667, 26.0726915]
				]
			},
			"properties":{
				"style": "solid",
				"thickness":1
			}
		},
		{
			"type": "Feature",
			"geometry": {
				"type": "LineString",
				"coordinates": [
					[-80.13917475000001, 26.07130125],
					[-80.13927247222223, 26.072585166666666]
				]
			},
			"properties":{
				"style": "solid",
				"thickness":1
			}
		},
		{
			"type": "Feature",
			"geometry": {
				"type": "LineString",
				"coordinates": [
					[-80.13886819444446, 26.071965277777778],
					[-80.13888063888889, 26.072055972222223],
					[-80.13890566666667, 26.07215],
					[-80.13894480555557, 26.0722455],
					[-80.13899919444445, 26.072340083333334],
					[-80.13906933333334, 26.07243088888889],
					[-80.13915486111112, 26.07251486111111],
					[-80.13925441666667, 26.072588944444444],
					[-80.13936575000001, 26.07265047222222],
					[-80.13948575, 26.072697305555554],
					[-80.13961080555556, 26.07272822222222],
					[-80.13973711111112, 26.072742944444443],
					[-80.13986105555556, 26.07274211111111],
					[-80.13997950000001, 26.072727166666667],
					[-80.14009008333333, 26.072700027777778],
					[-80.14019105555556, 26.072662944444446],
					[-80.14028155555556, 26.072618194444445],
					[-80.14036336111111, 26.0725665],
					[-80.14044233333334, 26.072503805555556],
					[-80.14051652777779, 26.072429361111112],
					[-80.14058319444445, 26.072343277777776],
					[-80.14063933333334, 26.072246333333332],
					[-80.14068213888889, 26.072140083333334],
					[-80.14070911111112, 26.072026861111112],
					[-80.1407185, 26.07190961111111],
					[-80.14070955555556, 26.07179175],
					[-80.14068247222222, 26.071676805555555],
					[-80.14063858333334, 26.071567972222223],
					[-80.14058008333333, 26.071468],
					[-80.14050977777778, 26.071378888888887],
					[-80.14043069444445, 26.07130186111111],
					[-80.14034591666667, 26.071237277777776],
					[-80.14025819444446, 26.071184944444443],
					[-80.14016933333335, 26.07114386111111],
					[-80.14007291666667, 26.071110722222222],
					[-80.13996725000001, 26.071086472222223],
					[-80.13985361111112, 26.07107325],
					[-80.139734, 26.071073055555555],
					[-80.13961111111112, 26.071087555555554],
					[-80.13948822222223, 26.07111775],
					[-80.13936905555556, 26.071163833333333],
					[-80.13925727777779, 26.071225055555555],
					[-80.13915630555556, 26.07129975],
					[-80.1390688888889, 26.071385444444445],
					[-80.13899691666667, 26.071479194444443],
					[-80.13894119444446, 26.071577833333333],
					[-80.1389016388889, 26.07167822222222],
					[-80.13887733333334, 26.071777666666666],
					[-80.13886677777778, 26.071873916666668],
					[-80.13886819444446, 26.071965277777778]
				]
			},
			"properties":{
				"style": "solid",
				"thickness":1
			}
		},
		{
			"type": "Feature",
			"geometry": {
				"type": "LineString",
				"coordinates": [
					[-80.1077555, 26.382435222222224],
					[-80.10785313888888, 26.383719083333332]
				]
			},
			"properties":{
				"style": "solid",
				"thickness":1
			}
		},
		{
			"type": "Feature",
			"geometry": {
				"type": "LineString",
				"coordinates": [
					[-80.10738938888888, 26.382328805555556],
					[-80.10750655555555, 26.383869444444443]
				]
			},
			"properties":{
				"style": "solid",
				"thickness":1
			}
		},
		{
			"type": "Feature",
			"geometry": {
				"type": "LineString",
				"coordinates": [
					[-80.10703302777777, 26.382350805555557],
					[-80.10715019444444, 26.383891444444444]
				]
			},
			"properties":{
				"style": "solid",
				"thickness":1
			}
		},
		{
			"type": "Feature",
			"geometry": {
				"type": "LineString",
				"coordinates": [
					[-80.10668644444443, 26.382501166666668],
					[-80.10678405555555, 26.383785027777776]
				]
			},
			"properties":{
				"style": "solid",
				"thickness":1
			}
		},
		{
			"type": "Feature",
			"geometry": {
				"type": "LineString",
				"coordinates": [
					[-80.10637888888888, 26.383165083333335],
					[-80.10639133333333, 26.38325575],
					[-80.10641638888889, 26.383349805555554],
					[-80.1064556111111, 26.383445305555554],
					[-80.10651013888888, 26.383539888888887],
					[-80.10658044444443, 26.383630694444445],
					[-80.10666616666666, 26.383714694444443],
					[-80.10676597222222, 26.383788805555554],
					[-80.10687758333333, 26.38385033333333],
					[-80.10699788888888, 26.383897194444444],
					[-80.10712325, 26.383928138888887],
					[-80.10724988888889, 26.38394288888889],
					[-80.10737416666666, 26.38394211111111],
					[-80.10749294444445, 26.383927166666666],
					[-80.10760377777777, 26.383900055555554],
					[-80.10770505555556, 26.38386297222222],
					[-80.10779580555555, 26.383818277777777],
					[-80.10787783333333, 26.38376661111111],
					[-80.10795702777777, 26.383703944444445],
					[-80.10803144444444, 26.383629499999998],
					[-80.10809830555554, 26.383543444444445],
					[-80.10815463888888, 26.383446499999998],
					[-80.10819755555555, 26.383340277777776],
					[-80.10822463888888, 26.383227055555555],
					[-80.1082341111111, 26.383109833333332],
					[-80.10822513888888, 26.38299197222222],
					[-80.10819802777777, 26.382877027777777],
					[-80.10815405555554, 26.382768194444445],
					[-80.10809544444444, 26.38266822222222],
					[-80.10802497222221, 26.382579111111113],
					[-80.10794569444444, 26.382502055555555],
					[-80.10786072222221, 26.38243747222222],
					[-80.10777277777777, 26.382385111111113],
					[-80.10768366666666, 26.382344],
					[-80.10758702777777, 26.382310833333335],
					[-80.10748108333333, 26.382286555555556],
					[-80.10736716666666, 26.382273305555557],
					[-80.10724722222221, 26.38227311111111],
					[-80.107124, 26.382287583333333],
					[-80.10700080555554, 26.382317750000002],
					[-80.10688127777777, 26.382363805555556],
					[-80.10676919444444, 26.382425],
					[-80.10666794444444, 26.382499666666668],
					[-80.10658027777777, 26.382585333333335],
					[-80.10650808333332, 26.382679055555556],
					[-80.10645216666666, 26.382777666666666],
					[-80.10641247222222, 26.382878055555555],
					[-80.10638808333333, 26.3829775],
					[-80.1063775, 26.38307372222222],
					[-80.10637888888888, 26.383165083333335]
				]
			},
			"properties":{
				"style": "solid",
				"thickness":1
			}
		},
		{
			"type": "Feature",
			"geometry": {
				"type": "LineString",
				"coordinates": [
					[-80.14425738888889, 27.077726833333333],
					[-80.14435602777779, 27.079010333333333]
				]
			},
			"properties":{
				"style": "solid",
				"thickness":1
			}
		},
		{
			"type": "Feature",
			"geometry": {
				"type": "LineString",
				"coordinates": [
					[-80.14388905555556, 27.077620555555555],
					[-80.14400741666667, 27.07916075]
				]
			},
			"properties":{
				"style": "solid",
				"thickness":1
			}
		},
		{
			"type": "Feature",
			"geometry": {
				"type": "LineString",
				"coordinates": [
					[-80.14353058333334, 27.07764263888889],
					[-80.14364894444445, 27.079182833333334]
				]
			},
			"properties":{
				"style": "solid",
				"thickness":1
			}
		},
		{
			"type": "Feature",
			"geometry": {
				"type": "LineString",
				"coordinates": [
					[-80.14318200000001, 27.077793055555556],
					[-80.14328061111112, 27.079076555555556]
				]
			},
			"properties":{
				"style": "solid",
				"thickness":1
			}
		},
		{
			"type": "Feature",
			"geometry": {
				"type": "LineString",
				"coordinates": [
					[-80.14287283333334, 27.07845686111111],
					[-80.1428853888889, 27.07854752777778],
					[-80.14291061111112, 27.078641527777776],
					[-80.14295011111112, 27.078737],
					[-80.14300497222223, 27.078831527777776],
					[-80.14307572222224, 27.078922305555555],
					[-80.14316197222223, 27.07900625],
					[-80.14326241666667, 27.079080333333334],
					[-80.14337469444445, 27.079141805555555],
					[-80.14349572222223, 27.079188638888887],
					[-80.14362186111111, 27.079219527777777],
					[-80.14374925000001, 27.07923425],
					[-80.14387425000001, 27.079233416666668],
					[-80.14399372222223, 27.079218472222223],
					[-80.14410525000001, 27.079191333333334],
					[-80.14420711111111, 27.07915425],
					[-80.14429836111111, 27.079109527777778],
					[-80.14438088888889, 27.07905786111111],
					[-80.14446052777778, 27.078995166666665],
					[-80.14453536111112, 27.078920749999998],
					[-80.14460258333334, 27.078834694444446],
					[-80.14465922222223, 27.07873777777778],
					[-80.14470236111111, 27.078631555555557],
					[-80.14472958333334, 27.07851836111111],
					[-80.14473905555556, 27.07840113888889],
					[-80.14473000000001, 27.07828333333333],
					[-80.14470269444445, 27.078168416666667],
					[-80.14465841666667, 27.07805961111111],
					[-80.14459941666668, 27.077959694444445],
					[-80.1445285, 27.07787061111111],
					[-80.14444875000001, 27.07779361111111],
					[-80.14436322222222, 27.077729055555555],
					[-80.14427475000001, 27.077676722222222],
					[-80.14418511111111, 27.07763563888889],
					[-80.14408786111112, 27.077602527777778],
					[-80.14398130555556, 27.07757827777778],
					[-80.14386669444445, 27.077565083333333],
					[-80.14374605555557, 27.07756488888889],
					[-80.14362208333334, 27.07757938888889],
					[-80.14349816666667, 27.077609583333334],
					[-80.14337794444445, 27.077655666666665],
					[-80.14326522222223, 27.07771686111111],
					[-80.1431633888889, 27.077791527777777],
					[-80.14307522222222, 27.077877222222224],
					[-80.1430026388889, 27.077970944444445],
					[-80.14294644444445, 27.078069527777778],
					[-80.14290652777778, 27.07816988888889],
					[-80.14288202777779, 27.078269305555555],
					[-80.14287141666668, 27.078365527777777],
					[-80.14287283333334, 27.07845686111111]
				]
			},
			"properties":{
				"style": "solid",
				"thickness":1
			}
		},
		{
			"type": "Feature",
			"geometry": {
				"type": "LineString",
				"coordinates": [
					[-80.90734608333334, 25.865432555555557],
					[-80.90745194444445, 25.866715972222224]
				]
			},
			"properties":{
				"style": "solid",
				"thickness":1
			}
		},
		{
			"type": "Feature",
			"geometry": {
				"type": "LineString",
				"coordinates": [
					[-80.90698083333334, 25.865328166666668],
					[-80.90710791666667, 25.86686827777778]
				]
			},
			"properties":{
				"style": "solid",
				"thickness":1
			}
		},
		{
			"type": "Feature",
			"geometry": {
				"type": "LineString",
				"coordinates": [
					[-80.90662619444446, 25.86535211111111],
					[-80.90675325000001, 25.866892222222223]
				]
			},
			"properties":{
				"style": "solid",
				"thickness":1
			}
		},
		{
			"type": "Feature",
			"geometry": {
				"type": "LineString",
				"coordinates": [
					[-80.90628216666667, 25.865504416666667],
					[-80.90638802777778, 25.866787833333333]
				]
			},
			"properties":{
				"style": "solid",
				"thickness":1
			}
		},
		{
			"type": "Feature",
			"geometry": {
				"type": "LineString",
				"coordinates": [
					[-80.90598044444445, 25.866170055555557],
					[-80.90599347222222, 25.86626066666667],
					[-80.90601902777779, 25.866354583333333],
					[-80.90605872222223, 25.86644988888889],
					[-80.90611366666667, 25.866544166666667],
					[-80.90618425000001, 25.866634611111113],
					[-80.90627016666667, 25.866718111111112],
					[-80.90637002777778, 25.866791694444444],
					[-80.90648158333335, 25.86685261111111],
					[-80.90660166666667, 25.866898805555557],
					[-80.90672669444444, 25.866929083333332],
					[-80.90685286111112, 25.86694313888889],
					[-80.90697658333333, 25.86694163888889],
					[-80.90709475, 25.866926055555556],
					[-80.90720494444444, 25.866898333333335],
					[-80.9073055, 25.866860694444444],
					[-80.90739555555557, 25.8668155],
					[-80.9074768888889, 25.86676336111111],
					[-80.90755530555556, 25.86670025],
					[-80.9076288888889, 25.86662541666667],
					[-80.90769486111111, 25.866538972222223],
					[-80.90775027777778, 25.866441722222223],
					[-80.90779230555556, 25.866335250000002],
					[-80.9078185, 25.86622186111111],
					[-80.90782713888889, 25.866104583333335],
					[-80.90781741666667, 25.865986777777778],
					[-80.9077896388889, 25.865871944444446],
					[-80.9077451388889, 25.865763361111114],
					[-80.90768608333335, 25.865663694444446],
					[-80.90761533333334, 25.865574972222223],
					[-80.9075358888889, 25.86549836111111],
					[-80.90745083333334, 25.865434222222223],
					[-80.90736294444444, 25.865382333333336],
					[-80.90727394444446, 25.865341722222222],
					[-80.9071775, 25.865309111111113],
					[-80.90707186111112, 25.86528541666667],
					[-80.90695833333334, 25.86527277777778],
					[-80.90683894444444, 25.86527325],
					[-80.90671636111112, 25.86528838888889],
					[-80.90659388888889, 25.865319222222222],
					[-80.90647522222223, 25.865365944444445],
					[-80.90636402777778, 25.86542777777778],
					[-80.90626372222223, 25.865503],
					[-80.90617702777779, 25.86558916666667],
					[-80.90610577777778, 25.865683305555557],
					[-80.90605080555557, 25.865782222222222],
					[-80.90601194444444, 25.865882833333334],
					[-80.90598833333334, 25.86598238888889],
					[-80.90597844444444, 25.866078694444447],
					[-80.90598044444445, 25.866170055555557]
				]
			},
			"properties":{
				"style": "solid",
				"thickness":1
			}
		},
		{
			"type": "Feature",
			"geometry": {
				"type": "LineString",
				"coordinates": [
					[-80.4386475, 25.267324055555555],
					[-80.43874780555556, 25.268607805555554]
				]
			},
			"properties":{
				"style": "solid",
				"thickness":1
			}
		},
		{
			"type": "Feature",
			"geometry": {
				"type": "LineString",
				"coordinates": [
					[-80.43828452777778, 25.267218472222222],
					[-80.43840486111111, 25.268758972222223]
				]
			},
			"properties":{
				"style": "solid",
				"thickness":1
			}
		},
		{
			"type": "Feature",
			"geometry": {
				"type": "LineString",
				"coordinates": [
					[-80.43793158333334, 25.267241277777778],
					[-80.43805191666667, 25.268781777777775]
				]
			},
			"properties":{
				"style": "solid",
				"thickness":1
			}
		},
		{
			"type": "Feature",
			"geometry": {
				"type": "LineString",
				"coordinates": [
					[-80.43758866666667, 25.267392444444443],
					[-80.43768894444445, 25.268676194444442]
				]
			},
			"properties":{
				"style": "solid",
				"thickness":1
			}
		},
		{
			"type": "Feature",
			"geometry": {
				"type": "LineString",
				"coordinates": [
					[-80.43728586111112, 25.26805711111111],
					[-80.43729844444445, 25.268147777777777],
					[-80.43732352777778, 25.268241749999998],
					[-80.4373626388889, 25.268337194444445],
					[-80.43741691666668, 25.268431638888888],
					[-80.43748680555557, 25.268522305555553],
					[-80.43757194444444, 25.26860611111111],
					[-80.43767102777778, 25.26868],
					[-80.43778175, 25.268741305555555],
					[-80.43790105555556, 25.268787888888887],
					[-80.43802536111112, 25.268818555555555],
					[-80.43815083333334, 25.268833],
					[-80.43827391666667, 25.268831916666667],
					[-80.43839155555555, 25.268816722222223],
					[-80.43850130555556, 25.26878936111111],
					[-80.4386015, 25.268752055555556],
					[-80.43869127777778, 25.26870713888889],
					[-80.43877238888889, 25.26865527777778],
					[-80.43885066666667, 25.268592416666667],
					[-80.43892419444445, 25.268517833333334],
					[-80.43899016666667, 25.26843158333333],
					[-80.43904569444445, 25.268334527777778],
					[-80.43908794444445, 25.268228194444443],
					[-80.43911444444444, 25.26811488888889],
					[-80.43912350000001, 25.26799763888889],
					[-80.43911430555556, 25.267879805555555],
					[-80.43908711111112, 25.267764888888887],
					[-80.43904325, 25.26765613888889],
					[-80.43898491666667, 25.26755627777778],
					[-80.43891483333334, 25.267467333333332],
					[-80.43883611111112, 25.267390444444445],
					[-80.43875175000001, 25.267326055555554],
					[-80.43866447222223, 25.267273888888887],
					[-80.43857611111112, 25.26723297222222],
					[-80.43848025, 25.267200055555556],
					[-80.43837525, 25.267176],
					[-80.43826236111111, 25.267163],
					[-80.43814355555556, 25.267163083333333],
					[-80.43802152777778, 25.26717783333333],
					[-80.43789955555556, 25.267208277777776],
					[-80.43778130555556, 25.26725461111111],
					[-80.43767041666668, 25.267316055555554],
					[-80.43757033333334, 25.26739097222222],
					[-80.43748375, 25.26747686111111],
					[-80.43741247222222, 25.267570749999997],
					[-80.4373573888889, 25.2676695],
					[-80.43731833333334, 25.267769972222222],
					[-80.43729444444445, 25.26786947222222],
					[-80.43728422222223, 25.26796575],
					[-80.43728586111112, 25.26805711111111]
				]
			},
			"properties":{
				"style": "solid",
				"thickness":1
			}
		},
		{
			"type": "Feature",
			"geometry": {
				"type": "LineString",
				"coordinates": [
					[-80.1588875, 27.084094888888888],
					[-80.14380486111112, 27.0783995],
					[-80.15725450000001, 27.070047694444444]
				]
			},
			"properties":{
				"style": "solid",
				"thickness":1
			}
		},
		{
			"type": "Feature",
			"geometry": {
				"type": "LineString",
				"coordinates": [
					[-80.12229713888888, 26.38880861111111],
					[-80.10730541666666, 26.383107916666667],
					[-80.12067825, 26.37475747222222]
				]
			},
			"properties":{
				"style": "solid",
				"thickness":1
			}
		},
		{
			"type": "Feature",
			"geometry": {
				"type": "LineString",
				"coordinates": [
					[-80.16534663888889, 26.077990805555554],
					[-80.15039233333334, 26.072294166666666],
					[-80.16372691666668, 26.063939222222224]
				]
			},
			"properties":{
				"style": "solid",
				"thickness":1
			}
		},
		{
			"type": "Feature",
			"geometry": {
				"type": "LineString",
				"coordinates": [
					[-80.15474602777779, 26.07760563888889],
					[-80.13979227777779, 26.071907916666667],
					[-80.15312758333334, 26.063553944444447]
				]
			},
			"properties":{
				"style": "solid",
				"thickness":1
			}
		},
		{
			"type": "Feature",
			"geometry": {
				"type": "LineString",
				"coordinates": [
					[-80.29552425, 25.812675416666668],
					[-80.28059725, 25.806992027777778],
					[-80.29389275, 25.79862486111111]
				]
			},
			"properties":{
				"style": "solid",
				"thickness":1
			}
		},
		{
			"type": "Feature",
			"geometry": {
				"type": "LineString",
				"coordinates": [
					[-80.30592958333332, 25.795980305555556],
					[-80.29100419444444, 25.790298],
					[-80.30429708333332, 25.78192986111111]
				]
			},
			"properties":{
				"style": "solid",
				"thickness":1
			}
		},
		{
			"type": "Feature",
			"geometry": {
				"type": "LineString",
				"coordinates": [
					[-80.92186686111111, 25.871726305555555],
					[-80.90690252777779, 25.866107805555558],
					[-80.92016013888889, 25.85768311111111]
				]
			},
			"properties":{
				"style": "solid",
				"thickness":1
			}
		},
		{
			"type": "Feature",
			"geometry": {
				"type": "LineString",
				"coordinates": [
					[-80.45307030555556, 25.27366497222222],
					[-80.43820352777779, 25.267997833333332],
					[-80.45142763888889, 25.25961625]
				]
			},
			"properties":{
				"style": "solid",
				"thickness":1
			}
		},
		{
			"type": "Feature",
			"geometry": {
				"type": "LineString",
				"coordinates": [
					[-80.13443858333333, 26.093188777777776],
					[-80.13537694444445, 26.09350211111111],
					[-80.13642366666667, 26.093437138888888],
					[-80.13735122222224, 26.09300797222222],
					[-80.13771072222222, 26.092325055555555],
					[-80.13769197222223, 26.0920785],
					[-80.13718994444446, 26.09149036111111],
					[-80.13445658333335, 26.09042138888889],
					[-80.13395769444445, 26.089874305555554],
					[-80.13396569444446, 26.08937836111111],
					[-80.13432522222223, 26.088695444444443],
					[-80.13507069444445, 26.088277583333333],
					[-80.13616288888889, 26.088209805555554],
					[-80.13667600000001, 26.08834311111111],
					[-80.13743852777779, 26.088749916666664]
				]
			},
			"properties":{
				"style": "solid",
				"thickness":1
			}
		},
		{
			"type": "Feature",
			"geometry": {
				"type": "LineString",
				"coordinates": [
					[-80.13232777777777, 26.093691333333332],
					[-80.13001930555555, 26.088591027777777],
					[-80.12855044444444, 26.093925638888887]
				]
			},
			"properties":{
				"style": "solid",
				"thickness":1
			}
		},
		{
			"type": "Feature",
			"geometry": {
				"type": "LineString",
				"coordinates": [
					[-80.12628763888888, 26.088822444444443],
					[-80.12668452777777, 26.09404136111111]
				]
			},
			"properties":{
				"style": "solid",
				"thickness":1
			}
		},
		{
			"type": "Feature",
			"geometry": {
				"type": "LineString",
				"coordinates": [
					[-80.12130713888888, 26.092475444444442],
					[-80.12198533333333, 26.091772833333334],
					[-80.12269475, 26.091481138888888],
					[-80.12314672222222, 26.091411833333332],
					[-80.12385122222221, 26.091657194444444],
					[-80.12438305555555, 26.09203708333333],
					[-80.12466061111111, 26.09268047222222],
					[-80.12467622222222, 26.092885944444443],
					[-80.12454730555555, 26.09359583333333],
					[-80.12407480555555, 26.093996694444442],
					[-80.12336225, 26.094247305555555],
					[-80.12290716666666, 26.094275527777775],
					[-80.12220888888888, 26.09411236111111],
					[-80.12163463888888, 26.09377636111111],
					[-80.121354, 26.09309186111111],
					[-80.12123844444444, 26.091571388888887],
					[-80.12128886111111, 26.091031527777776],
					[-80.12138344444443, 26.08986961111111],
					[-80.12158288888888, 26.089485666666665],
					[-80.12184030555555, 26.089263277777775],
					[-80.12251044444444, 26.08905661111111],
					[-80.12296552777777, 26.089028388888888],
					[-80.12366066666667, 26.089150472222222],
					[-80.12394933333333, 26.089339]
				]
			},
			"properties":{
				"style": "solid",
				"thickness":1
			}
		},
		{
			"type": "Feature",
			"geometry": {
				"type": "LineString",
				"coordinates": [
					[-80.11918833333333, 26.08926247222222],
					[-80.11958488888888, 26.094481388888887]
				]
			},
			"properties":{
				"style": "solid",
				"thickness":1
			}
		},
		{
			"type": "Feature",
			"geometry": {
				"type": "LineString",
				"coordinates": [
					[-80.11747675, 26.092010888888886],
					[-80.11465516666667, 26.09218563888889]
				]
			},
			"properties":{
				"style": "solid",
				"thickness":1
			}
		},
		{
			"type": "Feature",
			"geometry": {
				"type": "LineString",
				"coordinates": [
					[-80.11130191666666, 26.094994333333332],
					[-80.11084680555555, 26.0950225],
					[-80.11005130555554, 26.09478272222222],
					[-80.1092576111111, 26.093964805555554],
					[-80.1089976111111, 26.09294872222222],
					[-80.1089258611111, 26.092003555555554],
					[-80.10902991666666, 26.090964944444444],
					[-80.10973808333333, 26.09005408333333],
					[-80.11045063888888, 26.089803555555555],
					[-80.11090572222221, 26.08977538888889],
					[-80.11160394444444, 26.08993861111111],
					[-80.11244313888888, 26.090753666666664],
					[-80.11270316666666, 26.091769749999997],
					[-80.11277494444444, 26.092714916666665],
					[-80.11267402777777, 26.093794638888888],
					[-80.1119658611111, 26.0947055],
					[-80.11130191666666, 26.094994333333332]
				]
			},
			"properties":{
				"style": "solid",
				"thickness":1
			}
		},
		{
			"type": "Feature",
			"geometry": {
				"type": "LineString",
				"coordinates": [
					[-80.10690091666666, 26.09002322222222],
					[-80.10729694444444, 26.095242166666665]
				]
			},
			"properties":{
				"style": "solid",
				"thickness":1
			}
		},
		{
			"type": "Feature",
			"geometry": {
				"type": "LineString",
				"coordinates": [
					[-80.10519219444444, 26.09281258333333],
					[-80.10282563888889, 26.092958944444444]
				]
			},
			"properties":{
				"style": "solid",
				"thickness":1
			}
		},
		{
			"type": "Feature",
			"geometry": {
				"type": "LineString",
				"coordinates": [
					[-80.10206316666667, 26.09556588888889],
					[-80.10538547222221, 26.095360416666665],
					[-80.10498952777778, 26.09014147222222]
				]
			},
			"properties":{
				"style": "solid",
				"thickness":1
			}
		},
		{
			"type": "Feature",
			"geometry": {
				"type": "LineString",
				"coordinates": [
					[-80.10019719444443, 26.09568125],
					[-80.09980147222221, 26.090462305555555],
					[-80.09652477777777, 26.09066483333333]
				]
			},
			"properties":{
				"style": "solid",
				"thickness":1
			}
		},
		{
			"type": "Feature",
			"geometry": {
				"type": "LineString",
				"coordinates": [
					[-80.09500886111111, 26.096001916666665],
					[-80.0946133611111, 26.09078294444444],
					[-80.09133666666666, 26.09098536111111]
				]
			},
			"properties":{
				"style": "solid",
				"thickness":1
			}
		},
		{
			"type": "Feature",
			"geometry": {
				"type": "LineString",
				"coordinates": [
					[-80.0898205, 26.096322388888886],
					[-80.0867086111111, 26.093872166666664],
					[-80.08942524999999, 26.09110338888889]
				]
			},
			"properties":{
				"style": "solid",
				"thickness":1
			}
		},
		{
			"type": "Feature",
			"geometry": {
				"type": "LineString",
				"coordinates": [
					[-80.08194691666667, 26.09680836111111],
					[-80.08476866666666, 26.096634249999997],
					[-80.08480958333332, 26.094154527777775],
					[-80.08375152777778, 26.09467397222222],
					[-80.08297783333333, 26.09472172222222],
					[-80.082231, 26.094520083333332],
					[-80.08174166666666, 26.09409611111111],
					[-80.08146747222222, 26.09349375],
					[-80.08141772222221, 26.09283622222222],
					[-80.08159552777778, 26.092164666666665],
					[-80.08201952777777, 26.09172563888889],
					[-80.08300830555555, 26.091499499999998],
					[-80.08369097222221, 26.09145736111111],
					[-80.08420402777777, 26.09159086111111],
					[-80.08464783333334, 26.09201761111111]
				]
			},
			"properties":{
				"style": "solid",
				"thickness":1
			}
		},
		{
			"type": "Feature",
			"geometry": {
				"type": "LineString",
				"coordinates": [
					[-80.07816936111111, 26.09704136111111],
					[-80.07771425, 26.097069444444443],
					[-80.07691877777778, 26.096829472222222],
					[-80.07612530555555, 26.096011388888886],
					[-80.07586558333333, 26.09499525],
					[-80.07579411111111, 26.094050083333332],
					[-80.07589847222222, 26.09301147222222],
					[-80.07660688888889, 26.092100777777777],
					[-80.07731952777777, 26.091850416666666],
					[-80.07777461111111, 26.091822333333333],
					[-80.07847283333334, 26.091985722222223],
					[-80.07931177777778, 26.092800999999998],
					[-80.07957155555555, 26.093817138888888],
					[-80.07964305555555, 26.094762305555555],
					[-80.07954183333332, 26.095841999999998],
					[-80.07883341666667, 26.096752694444444],
					[-80.07816936111111, 26.09704136111111]
				]
			},
			"properties":{
				"style": "solid",
				"thickness":1
			}
		},
		{
			"type": "Feature",
			"geometry": {
				"type": "LineString",
				"coordinates": [
					[-80.07252580555556, 26.097389305555556],
					[-80.07207066666666, 26.097417333333333],
					[-80.07127522222221, 26.09717736111111],
					[-80.07048180555554, 26.09635925],
					[-80.07022211111111, 26.095343083333333],
					[-80.07015066666666, 26.09439788888889],
					[-80.07025508333334, 26.093359305555555],
					[-80.07096355555555, 26.09244863888889],
					[-80.07167619444444, 26.092198305555556],
					[-80.07213130555556, 26.09217025],
					[-80.0728295, 26.092333666666665],
					[-80.07366841666666, 26.093148944444444],
					[-80.07392813888889, 26.09416511111111],
					[-80.07399958333333, 26.095110277777778],
					[-80.07389833333333, 26.09618997222222],
					[-80.0731898611111, 26.097100638888886],
					[-80.07252580555556, 26.097389305555556]
				]
			},
			"properties":{
				"style": "solid",
				"thickness":1
			}
		},
		{
			"type": "Feature",
			"geometry": {
				"type": "LineString",
				"coordinates": [
					[-80.06688219444445, 26.097737],
					[-80.06642708333334, 26.097765027777776],
					[-80.06563163888889, 26.097524999999997],
					[-80.06483825, 26.09670686111111],
					[-80.06457858333333, 26.095690694444443],
					[-80.06450722222222, 26.0947455],
					[-80.06461166666666, 26.093706916666665],
					[-80.06532016666667, 26.092796305555556],
					[-80.06603283333332, 26.092545972222222],
					[-80.06648794444445, 26.09251794444444],
					[-80.06718613888889, 26.09268136111111],
					[-80.06802502777778, 26.093496694444443],
					[-80.06828469444444, 26.09451286111111],
					[-80.0683561111111, 26.095458055555554],
					[-80.06825477777777, 26.09653772222222],
					[-80.06754627777778, 26.09744838888889],
					[-80.06688219444445, 26.097737]
				]
			},
			"properties":{
				"style": "solid",
				"thickness":1
			}
		},
		{
			"type": "Feature",
			"geometry": {
				"type": "LineString",
				"coordinates": [
					[-80.24034372222222, 26.086924027777776],
					[-80.24128227777778, 26.087236694444442],
					[-80.24232888888889, 26.087170944444445],
					[-80.243256, 26.08674111111111],
					[-80.24361491666667, 26.086057916666665],
					[-80.24359591666666, 26.08581138888889],
					[-80.2430933888889, 26.08522358333333],
					[-80.24035922222222, 26.08415661111111],
					[-80.23985988888889, 26.083609916666667],
					[-80.23986741666667, 26.083113972222222],
					[-80.24022630555555, 26.082430777777777],
					[-80.2409713888889, 26.082012388888888],
					[-80.24206344444444, 26.081943805555554],
					[-80.24257663888889, 26.082076722222222],
					[-80.2433395, 26.082483]
				]
			},
			"properties":{
				"style": "solid",
				"thickness":1
			}
		},
		{
			"type": "Feature",
			"geometry": {
				"type": "LineString",
				"coordinates": [
					[-80.23823344444445, 26.08742813888889],
					[-80.23592055555555, 26.0823295],
					[-80.23445652777778, 26.08766522222222]
				]
			},
			"properties":{
				"style": "solid",
				"thickness":1
			}
		},
		{
			"type": "Feature",
			"geometry": {
				"type": "LineString",
				"coordinates": [
					[-80.23218927777778, 26.082563666666665],
					[-80.23259083333333, 26.087782277777777]
				]
			},
			"properties":{
				"style": "solid",
				"thickness":1
			}
		},
		{
			"type": "Feature",
			"geometry": {
				"type": "LineString",
				"coordinates": [
					[-80.22721233333334, 26.086220333333333],
					[-80.22788986111111, 26.085517194444442],
					[-80.22859897222223, 26.085224999999998],
					[-80.22905083333333, 26.08515536111111],
					[-80.22975552777778, 26.085400194444443],
					[-80.23028769444444, 26.085779694444444],
					[-80.23056580555556, 26.086422888888887],
					[-80.23058161111112, 26.08662836111111],
					[-80.23045330555556, 26.08733833333333],
					[-80.22998122222222, 26.087739555555554],
					[-80.22926891666667, 26.087990666666666],
					[-80.2288138611111, 26.088019222222222],
					[-80.2281155, 26.087856555555554],
					[-80.22754097222223, 26.087520972222222],
					[-80.22725975, 26.086836694444443],
					[-80.22714283333333, 26.085316305555555],
					[-80.22719275, 26.084776416666667],
					[-80.22728627777778, 26.083614444444443],
					[-80.2274853611111, 26.083230333333333],
					[-80.22774258333334, 26.08300775],
					[-80.2284125, 26.082800583333334],
					[-80.22886752777778, 26.082772055555555],
					[-80.22956272222223, 26.08289361111111],
					[-80.22985155555556, 26.083081944444444]
				]
			},
			"properties":{
				"style": "solid",
				"thickness":1
			}
		},
		{
			"type": "Feature",
			"geometry": {
				"type": "LineString",
				"coordinates": [
					[-80.22509075, 26.083008888888887],
					[-80.22549197222223, 26.088227527777775]
				]
			},
			"properties":{
				"style": "solid",
				"thickness":1
			}
		},
		{
			"type": "Feature",
			"geometry": {
				"type": "LineString",
				"coordinates": [
					[-80.22338172222223, 26.085758555555554],
					[-80.22056044444444, 26.085935361111108]
				]
			},
			"properties":{
				"style": "solid",
				"thickness":1
			}
		},
		{
			"type": "Feature",
			"geometry": {
				"type": "LineString",
				"coordinates": [
					[-80.21720991666668, 26.088746527777776],
					[-80.21675486111111, 26.08877502777778],
					[-80.21595916666666, 26.08853583333333],
					[-80.21516477777779, 26.087718499999998],
					[-80.21490386111111, 26.08670261111111],
					[-80.21483127777778, 26.0857575],
					[-80.21493441666667, 26.084718805555553],
					[-80.21564172222223, 26.083807416666666],
					[-80.21635400000001, 26.08355636111111],
					[-80.21680905555556, 26.08352786111111],
					[-80.21750738888889, 26.083690555555556],
					[-80.21834725000001, 26.084505027777777],
					[-80.21860819444444, 26.085520916666667],
					[-80.21868080555556, 26.086466027777778],
					[-80.2185808611111, 26.087545833333333],
					[-80.21787355555556, 26.08845722222222],
					[-80.21720991666668, 26.088746527777776]
				]
			},
			"properties":{
				"style": "solid",
				"thickness":1
			}
		},
		{
			"type": "Feature",
			"geometry": {
				"type": "LineString",
				"coordinates": [
					[-80.21312333333334, 26.087928916666666],
					[-80.21297916666667, 26.088433416666664],
					[-80.21251016666668, 26.088875666666667],
					[-80.21184019444445, 26.08908275],
					[-80.21133961111111, 26.08911408333333],
					[-80.21064441666667, 26.088992444444443],
					[-80.2101091388889, 26.088571777777776],
					[-80.20984691666666, 26.088134],
					[-80.20981222222223, 26.087681999999997],
					[-80.20996586111112, 26.087300777777777],
					[-80.21104355555556, 26.086448805555555],
					[-80.21269208333334, 26.084694055555556],
					[-80.21284255555555, 26.084271722222223],
					[-80.21280469444444, 26.083778638888887],
					[-80.20952836111111, 26.08398372222222]
				]
			},
			"properties":{
				"style": "solid",
				"thickness":1
			}
		},
		{
			"type": "Feature",
			"geometry": {
				"type": "LineString",
				"coordinates": [
					[-80.20782213888889, 26.086774305555554],
					[-80.20545586111112, 26.086922333333334]
				]
			},
			"properties":{
				"style": "solid",
				"thickness":1
			}
		},
		{
			"type": "Feature",
			"geometry": {
				"type": "LineString",
				"coordinates": [
					[-80.20469566666667, 26.089529833333334],
					[-80.20801763888889, 26.089322],
					[-80.20761719444445, 26.084103305555555]
				]
			},
			"properties":{
				"style": "solid",
				"thickness":1
			}
		},
		{
			"type": "Feature",
			"geometry": {
				"type": "LineString",
				"coordinates": [
					[-80.20282991666667, 26.089646527777777],
					[-80.20242966666667, 26.084427833333333],
					[-80.19915333333334, 26.084632694444444]
				]
			},
			"properties":{
				"style": "solid",
				"thickness":1
			}
		},
		{
			"type": "Feature",
			"geometry": {
				"type": "LineString",
				"coordinates": [
					[-80.1976421388889, 26.08997086111111],
					[-80.19724211111111, 26.084752138888888],
					[-80.19396575, 26.084956888888886]
				]
			},
			"properties":{
				"style": "solid",
				"thickness":1
			}
		},
		{
			"type": "Feature",
			"geometry": {
				"type": "LineString",
				"coordinates": [
					[-80.18882705555556, 26.086516527777775],
					[-80.19169391666667, 26.086337472222223]
				]
			},
			"properties":{
				"style": "solid",
				"thickness":1
			}
		},
		{
			"type": "Feature",
			"geometry": {
				"type": "LineString",
				"coordinates": [
					[-80.19205452777778, 26.085076277777777],
					[-80.19054302777778, 26.090414388888888],
					[-80.18827761111112, 26.085312166666665]
				]
			},
			"properties":{
				"style": "solid",
				"thickness":1
			}
		},
		{
			"type": "Feature",
			"geometry": {
				"type": "LineString",
				"coordinates": [
					[-80.18681141666667, 26.090647388888886],
					[-80.18369763888889, 26.08819925],
					[-80.1864118888889, 26.08542863888889]
				]
			},
			"properties":{
				"style": "solid",
				"thickness":1
			}
		},
		{
			"type": "Feature",
			"geometry": {
				"type": "LineString",
				"coordinates": [
					[-80.17893858333333, 26.09113863888889],
					[-80.18176008333334, 26.090962638888886],
					[-80.18179894444445, 26.088482888888887],
					[-80.18074136111112, 26.089003055555555],
					[-80.17996775, 26.089051305555554],
					[-80.17922077777779, 26.088850166666667],
					[-80.17873113888889, 26.088426527777777],
					[-80.17845644444445, 26.087824333333334],
					[-80.17840616666668, 26.08716686111111],
					[-80.1785833888889, 26.086495194444442],
					[-80.17900702777779, 26.08605586111111],
					[-80.17999558333334, 26.085829055555553],
					[-80.18067816666667, 26.08578647222222],
					[-80.18119130555556, 26.08591961111111],
					[-80.18163544444445, 26.086346083333332]
				]
			},
			"properties":{
				"style": "solid",
				"thickness":1
			}
		},
		{
			"type": "Feature",
			"geometry": {
				"type": "LineString",
				"coordinates": [
					[-80.17516144444446, 26.091374166666665],
					[-80.17470636111112, 26.091402555555554],
					[-80.17391072222223, 26.091163138888888],
					[-80.1731166388889, 26.09034558333333],
					[-80.17285605555556, 26.08932961111111],
					[-80.17278383333334, 26.08838447222222],
					[-80.17288730555556, 26.087345805555554],
					[-80.17359494444445, 26.08643463888889],
					[-80.17430733333333, 26.086183777777777],
					[-80.17476241666667, 26.086155416666667],
					[-80.17546069444445, 26.086318305555555],
					[-80.17630030555556, 26.087133027777778],
					[-80.1765608888889, 26.088148999999998],
					[-80.17663316666668, 26.08909411111111],
					[-80.17653283333334, 26.090173888888888],
					[-80.17582519444444, 26.091085055555553],
					[-80.17516144444446, 26.091374166666665]
				]
			},
			"properties":{
				"style": "solid",
				"thickness":1
			}
		},
		{
			"type": "Feature",
			"geometry": {
				"type": "LineString",
				"coordinates": [
					[-80.16951841666668, 26.091725888888888],
					[-80.16906333333334, 26.091754249999997],
					[-80.16826772222223, 26.09151477777778],
					[-80.16747366666667, 26.090697194444445],
					[-80.1672131388889, 26.08968122222222],
					[-80.16714094444445, 26.08873608333333],
					[-80.16724450000001, 26.087697416666664],
					[-80.16795216666667, 26.086786277777776],
					[-80.16866458333334, 26.08653547222222],
					[-80.16911963888889, 26.08650711111111],
					[-80.16981794444445, 26.086670027777778],
					[-80.1706575, 26.087484777777778],
					[-80.17091802777779, 26.088500749999998],
					[-80.17099027777778, 26.08944588888889],
					[-80.1708898888889, 26.090525638888888],
					[-80.17018219444445, 26.091436805555553],
					[-80.16951841666668, 26.091725888888888]
				]
			},
			"properties":{
				"style": "solid",
				"thickness":1
			}
		},
		{
			"type": "Feature",
			"geometry": {
				"type": "LineString",
				"coordinates": [
					[-80.1638753888889, 26.09207738888889],
					[-80.16342030555556, 26.09210572222222],
					[-80.16262469444445, 26.091866222222222],
					[-80.16183066666667, 26.09104861111111],
					[-80.16157019444445, 26.09003261111111],
					[-80.16149802777778, 26.08908747222222],
					[-80.1616016388889, 26.088048833333332],
					[-80.16230936111111, 26.08713772222222],
					[-80.16302177777779, 26.086886916666664],
					[-80.16347686111112, 26.08685858333333],
					[-80.1641751388889, 26.087021527777775],
					[-80.16501466666668, 26.087836305555555],
					[-80.1652751388889, 26.088852305555555],
					[-80.16534733333334, 26.089797444444443],
					[-80.16524691666667, 26.09087719444444],
					[-80.16453919444444, 26.091788305555554],
					[-80.1638753888889, 26.09207738888889]
				]
			},
			"properties":{
				"style": "solid",
				"thickness":1
			}
		},
		{
			"type": "Feature",
			"geometry": {
				"type": "LineString",
				"coordinates": [
					[-80.18827480555557, 27.096032388888887],
					[-80.18922136111111, 27.096345277777775],
					[-80.19027702777778, 27.096279944444444],
					[-80.19121233333334, 27.095850555555554],
					[-80.19157461111112, 27.09516772222222],
					[-80.19155555555555, 27.09492125],
					[-80.19104897222222, 27.09433347222222],
					[-80.18829166666667, 27.093265888888887],
					[-80.18778825, 27.092719166666665],
					[-80.18779608333334, 27.092223388888886],
					[-80.18815836111112, 27.091540555555554],
					[-80.18891005555555, 27.091122555555554],
					[-80.19001158333333, 27.09105436111111],
					[-80.19052913888889, 27.091187416666667],
					[-80.1912983888889, 27.09159383333333]
				]
			},
			"properties":{
				"style": "solid",
				"thickness":1
			}
		},
		{
			"type": "Feature",
			"geometry": {
				"type": "LineString",
				"coordinates": [
					[-80.18614613888889, 27.09653558333333],
					[-80.18381552777778, 27.091437777777777],
					[-80.18233652777778, 27.09677125]
				]
			},
			"properties":{
				"style": "solid",
				"thickness":1
			}
		},
		{
			"type": "Feature",
			"geometry": {
				"type": "LineString",
				"coordinates": [
					[-80.18005197222223, 27.091670527777776],
					[-80.18045466666668, 27.09688761111111]
				]
			},
			"properties":{
				"style": "solid",
				"thickness":1
			}
		},
		{
			"type": "Feature",
			"geometry": {
				"type": "LineString",
				"coordinates": [
					[-80.17537722222222, 27.096829999999997],
					[-80.17571119444445, 27.09697447222222],
					[-80.17627783333334, 27.097145805555556],
					[-80.17682863888889, 27.097111777777776],
					[-80.17754716666667, 27.096861],
					[-80.1782608888889, 27.09595008333333],
					[-80.17838105555556, 27.095117138888888],
					[-80.17831133333334, 27.094213416666665],
					[-80.17815930555555, 27.09343858333333],
					[-80.17771286111112, 27.092434277777777],
					[-80.17717311111112, 27.09201361111111],
					[-80.17642608333334, 27.091894694444445],
					[-80.17524861111112, 27.092173833333334],
					[-80.17482133333334, 27.092613],
					[-80.17459347222223, 27.093246194444443],
					[-80.17466472222223, 27.093571999999998],
					[-80.17493222222222, 27.094050777777777],
					[-80.17547830555556, 27.09455361111111],
					[-80.17617947222223, 27.094675388888888],
					[-80.17668752777779, 27.094685249999998],
					[-80.17740602777778, 27.094434472222222],
					[-80.17782697222222, 27.093913138888887],
					[-80.17799308333333, 27.09307736111111]
				]
			},
			"properties":{
				"style": "solid",
				"thickness":1
			}
		},
		{
			"type": "Feature",
			"geometry": {
				"type": "LineString",
				"coordinates": [
					[-80.1709106388889, 27.09512475],
					[-80.170238, 27.095372666666666],
					[-80.16998161111111, 27.09563613888889],
					[-80.16984552777778, 27.096263694444442],
					[-80.16986452777778, 27.096510166666665],
					[-80.17014469444445, 27.097153249999998],
					[-80.17043277777778, 27.097300555555556],
					[-80.17136661111111, 27.097449277777777],
					[-80.17231463888889, 27.09718433333333],
					[-80.17257736111111, 27.097002999999997],
					[-80.17275616666667, 27.096331555555555],
					[-80.17273716666668, 27.096085055555555],
					[-80.17250605555556, 27.09548022222222],
					[-80.1722116388889, 27.095250749999998],
					[-80.17150733333334, 27.095087888888887],
					[-80.1709106388889, 27.09512475],
					[-80.17020000000001, 27.09487972222222],
					[-80.169703, 27.09441511111111],
					[-80.16942916666667, 27.093854166666667],
					[-80.16941333333334, 27.09364875],
					[-80.16954308333334, 27.09293908333333],
					[-80.17001311111112, 27.092456027777775],
					[-80.17064302777779, 27.092252],
					[-80.17128558333334, 27.092212305555556],
					[-80.17194083333334, 27.092336944444444],
					[-80.17248055555557, 27.092757638888887],
					[-80.17271483333334, 27.093403555555554],
					[-80.17273383333334, 27.093650027777777],
					[-80.17254869444444, 27.09423933333333],
					[-80.17212772222223, 27.09476063888889],
					[-80.17150733333334, 27.095087888888887]
				]
			},
			"properties":{
				"style": "solid",
				"thickness":1
			}
		},
		{
			"type": "Feature",
			"geometry": {
				"type": "LineString",
				"coordinates": [
					[-80.16758694444445, 27.09508236111111],
					[-80.16474122222223, 27.095258027777778]
				]
			},
			"properties":{
				"style": "solid",
				"thickness":1
			}
		},
		{
			"type": "Feature",
			"geometry": {
				"type": "LineString",
				"coordinates": [
					[-80.16136044444445, 27.09806697222222],
					[-80.16090144444445, 27.098095305555553],
					[-80.160099, 27.097855888888887],
					[-80.15929816666667, 27.0970385],
					[-80.15903547222223, 27.096022833333333],
					[-80.15896272222223, 27.095077999999997],
					[-80.15906722222223, 27.094039694444444],
					[-80.15978105555556, 27.093128888888888],
					[-80.16049961111112, 27.092878166666665],
					[-80.16095858333334, 27.09284986111111],
					[-80.1616628888889, 27.093012777777776],
					[-80.16250961111112, 27.093827305555553],
					[-80.16277230555556, 27.09484297222222],
					[-80.16284511111111, 27.095787805555556],
					[-80.16274380555556, 27.096867194444442],
					[-80.16202994444446, 27.097778027777778],
					[-80.16136044444445, 27.09806697222222]
				]
			},
			"properties":{
				"style": "solid",
				"thickness":1
			}
		},
		{
			"type": "Feature",
			"geometry": {
				"type": "LineString",
				"coordinates": [
					[-80.15424591666667, 27.098505777777778],
					[-80.15709172222223, 27.098330305555553],
					[-80.15713147222223, 27.09585136111111],
					[-80.15606466666667, 27.096371166666664],
					[-80.15528436111111, 27.096419277777777],
					[-80.154531, 27.096218083333333],
					[-80.15403725, 27.0957945],
					[-80.15376030555556, 27.095192444444443],
					[-80.15370972222223, 27.094535166666667],
					[-80.1538886388889, 27.09386375],
					[-80.15431600000001, 27.093424638888887],
					[-80.1553131388889, 27.093198055555554],
					[-80.15600161111112, 27.09315561111111],
					[-80.1565191388889, 27.093288805555556],
					[-80.15696700000001, 27.093715194444442]
				]
			},
			"properties":{
				"style": "solid",
				"thickness":1
			}
		},
		{
			"type": "Feature",
			"geometry": {
				"type": "LineString",
				"coordinates": [
					[-80.14870941666668, 27.0984755],
					[-80.14965586111111, 27.098788666666664],
					[-80.15071158333333, 27.09872361111111],
					[-80.15164702777778, 27.098294499999998],
					[-80.15200955555557, 27.09761175],
					[-80.15199061111112, 27.097365277777776],
					[-80.15148419444445, 27.09677736111111],
					[-80.14872719444445, 27.095709],
					[-80.14822397222223, 27.095162166666665],
					[-80.14823197222223, 27.09466638888889],
					[-80.1485945, 27.093983638888886],
					[-80.14934633333334, 27.09356586111111],
					[-80.15044788888889, 27.09349797222222],
					[-80.15096541666668, 27.093631166666665],
					[-80.15173458333334, 27.094037805555555]
				]
			},
			"properties":{
				"style": "solid",
				"thickness":1
			}
		},
		{
			"type": "Feature",
			"geometry": {
				"type": "LineString",
				"coordinates": [
					[-80.14658052777779, 27.09897813888889],
					[-80.14626147222224, 27.094829055555554],
					[-80.146021, 27.094100916666665],
					[-80.14516955555557, 27.093823166666667],
					[-80.14360900000001, 27.09391925],
					[-80.14280808333334, 27.094298777777777],
					[-80.14258952777779, 27.095055166666665],
					[-80.14290844444444, 27.09920425]
				]
			},
			"properties":{
				"style": "solid",
				"thickness":1
			}
		},
		{
			"type": "Feature",
			"geometry": {
				"type": "LineString",
				"coordinates": [
					[-80.13732372222223, 27.09554438888889],
					[-80.14021538888889, 27.095366416666664]
				]
			},
			"properties":{
				"style": "solid",
				"thickness":1
			}
		},
		{
			"type": "Feature",
			"geometry": {
				"type": "LineString",
				"coordinates": [
					[-80.14057966666667, 27.094105777777777],
					[-80.13905277777778, 27.09944161111111],
					[-80.13677005555556, 27.094340222222222]
				]
			},
			"properties":{
				"style": "solid",
				"thickness":1
			}
		},
		{
			"type": "Feature",
			"geometry": {
				"type": "LineString",
				"coordinates": [
					[-80.13528886111112, 27.099673194444442],
					[-80.13214933333333, 27.09722475],
					[-80.13488819444446, 27.094455999999997]
				]
			},
			"properties":{
				"style": "solid",
				"thickness":1
			}
		},
		{
			"type": "Feature",
			"geometry": {
				"type": "LineString",
				"coordinates": [
					[-80.12734791666666, 27.100161472222222],
					[-80.13019380555555, 27.099986527777777],
					[-80.13023411111111, 27.09750761111111],
					[-80.12916719444443, 27.09802722222222],
					[-80.12838686111111, 27.098075194444444],
					[-80.12763355555555, 27.09787383333333],
					[-80.1271398611111, 27.097450166666665],
					[-80.12686308333333, 27.09684808333333],
					[-80.12681263888888, 27.096190777777778],
					[-80.12699172222221, 27.09551938888889],
					[-80.12741919444444, 27.09508036111111],
					[-80.12841638888888, 27.09485397222222],
					[-80.1291048611111, 27.094811666666665],
					[-80.12962238888888, 27.094944944444443],
					[-80.13007016666666, 27.095371416666666]
				]
			},
			"properties":{
				"style": "solid",
				"thickness":1
			}
		},
		{
			"type": "Feature",
			"geometry": {
				"type": "LineString",
				"coordinates": [
					[-80.12353805555554, 27.100395583333334],
					[-80.12307905555555, 27.100423777777777],
					[-80.12227666666666, 27.10018416666667],
					[-80.12147608333332, 27.09936658333333],
					[-80.12121372222222, 27.09835083333333],
					[-80.12114127777777, 27.097406],
					[-80.1212461111111, 27.096367694444442],
					[-80.12196027777777, 27.095457083333333],
					[-80.12267891666666, 27.095206555555553],
					[-80.12313791666666, 27.09517836111111],
					[-80.12384216666666, 27.09534147222222],
					[-80.12468863888888, 27.09615622222222],
					[-80.12495102777777, 27.097171944444444],
					[-80.1250235, 27.098116805555556],
					[-80.12492183333333, 27.099196166666665],
					[-80.12420769444444, 27.10010680555556],
					[-80.12353805555554, 27.100395583333334]
				]
			},
			"properties":{
				"style": "solid",
				"thickness":1
			}
		},
		{
			"type": "Feature",
			"geometry": {
				"type": "LineString",
				"coordinates": [
					[-80.11784622222221, 27.10074513888889],
					[-80.11738719444443, 27.100773333333336],
					[-80.11658483333333, 27.100533666666667],
					[-80.11578427777778, 27.099716055555554],
					[-80.11552197222221, 27.098700305555553],
					[-80.11544955555554, 27.09775544444444],
					[-80.11555447222221, 27.096717166666664],
					[-80.11626866666666, 27.09580658333333],
					[-80.11698733333333, 27.09555608333333],
					[-80.11744633333333, 27.095527916666665],
					[-80.11815055555554, 27.095691027777775],
					[-80.118997, 27.09650583333333],
					[-80.11925933333333, 27.097521555555556],
					[-80.11933177777777, 27.098466416666664],
					[-80.11923005555555, 27.099545777777777],
					[-80.1185158611111, 27.10045638888889],
					[-80.11784622222221, 27.10074513888889]
				]
			},
			"properties":{
				"style": "solid",
				"thickness":1
			}
		},
		{
			"type": "Feature",
			"geometry": {
				"type": "LineString",
				"coordinates": [
					[-80.11215433333332, 27.101094500000002],
					[-80.11169530555556, 27.10112263888889],
					[-80.11089294444444, 27.100882972222223],
					[-80.11009244444443, 27.100065305555557],
					[-80.10983016666665, 27.099049555555553],
					[-80.10975783333333, 27.098104694444444],
					[-80.10986277777778, 27.097066416666664],
					[-80.11057702777777, 27.09615586111111],
					[-80.11129569444444, 27.095905388888887],
					[-80.11175469444444, 27.09587722222222],
					[-80.11245894444444, 27.096040388888888],
					[-80.11330533333333, 27.096855194444444],
					[-80.11356761111111, 27.097870944444445],
					[-80.11363999999999, 27.098815805555553],
					[-80.11353822222222, 27.099895166666666],
					[-80.11282399999999, 27.100805750000003],
					[-80.11215433333332, 27.101094500000002]
				]
			},
			"properties":{
				"style": "solid",
				"thickness":1
			}
		},
		{
			"type": "Feature",
			"geometry": {
				"type": "LineString",
				"coordinates": [
					[-80.13443858333333, 26.09318872222222],
					[-80.13537694444445, 26.09350208333333],
					[-80.13642366666667, 26.09343711111111],
					[-80.13735122222224, 26.093007944444444],
					[-80.13771072222222, 26.092325027777775],
					[-80.13769197222223, 26.09207847222222],
					[-80.13718994444446, 26.091490305555553],
					[-80.13445658333335, 26.09042133333333],
					[-80.13395769444445, 26.089874277777778],
					[-80.13396566666667, 26.089378333333332],
					[-80.13432519444446, 26.088695416666667],
					[-80.13507069444445, 26.088277555555553],
					[-80.13616288888889, 26.088209777777777],
					[-80.13667597222224, 26.088343055555555],
					[-80.13743852777779, 26.088749888888888]
				]
			},
			"properties":{
				"style": "solid",
				"thickness":1
			}
		},
		{
			"type": "Feature",
			"geometry": {
				"type": "LineString",
				"coordinates": [
					[-80.13232777777777, 26.093691305555556],
					[-80.13001930555555, 26.088590999999997],
					[-80.12855044444444, 26.09392561111111]
				]
			},
			"properties":{
				"style": "solid",
				"thickness":1
			}
		},
		{
			"type": "Feature",
			"geometry": {
				"type": "LineString",
				"coordinates": [
					[-80.12628763888888, 26.088822416666666],
					[-80.12668452777777, 26.094041333333333]
				]
			},
			"properties":{
				"style": "solid",
				"thickness":1
			}
		},
		{
			"type": "Feature",
			"geometry": {
				"type": "LineString",
				"coordinates": [
					[-80.12130713888888, 26.092475444444442],
					[-80.12198533333333, 26.091772805555554],
					[-80.12269475, 26.09148111111111],
					[-80.12314672222222, 26.091411805555556],
					[-80.12385122222221, 26.091657166666664],
					[-80.12438305555555, 26.092037055555554],
					[-80.12466061111111, 26.09268047222222],
					[-80.12467622222222, 26.092885916666667],
					[-80.12454730555555, 26.093595805555555],
					[-80.12407480555555, 26.093996694444442],
					[-80.12336225, 26.094247277777775],
					[-80.12290716666666, 26.0942755],
					[-80.12220888888888, 26.09411233333333],
					[-80.12163463888888, 26.09377633333333],
					[-80.121354, 26.093091833333332],
					[-80.12123844444444, 26.09157136111111],
					[-80.12128886111111, 26.0910315],
					[-80.12138344444443, 26.08986961111111],
					[-80.12158288888888, 26.089485666666665],
					[-80.12184030555555, 26.089263277777775],
					[-80.12251044444444, 26.08905658333333],
					[-80.12296552777777, 26.089028388888888],
					[-80.12366063888888, 26.089150444444442],
					[-80.12394933333333, 26.089338972222222]
				]
			},
			"properties":{
				"style": "solid",
				"thickness":1
			}
		},
		{
			"type": "Feature",
			"geometry": {
				"type": "LineString",
				"coordinates": [
					[-80.11918833333333, 26.089262444444444],
					[-80.11958488888888, 26.09448136111111]
				]
			},
			"properties":{
				"style": "solid",
				"thickness":1
			}
		},
		{
			"type": "Feature",
			"geometry": {
				"type": "LineString",
				"coordinates": [
					[-80.11747675, 26.09201086111111],
					[-80.11465516666667, 26.09218561111111]
				]
			},
			"properties":{
				"style": "solid",
				"thickness":1
			}
		},
		{
			"type": "Feature",
			"geometry": {
				"type": "LineString",
				"coordinates": [
					[-80.11130191666666, 26.094994305555556],
					[-80.11084683333333, 26.0950225],
					[-80.11005130555554, 26.09478272222222],
					[-80.1092576111111, 26.093964805555554],
					[-80.1089976111111, 26.09294872222222],
					[-80.1089258611111, 26.092003555555554],
					[-80.10902991666666, 26.090964944444444],
					[-80.10973808333333, 26.09005408333333],
					[-80.11045063888888, 26.089803555555555],
					[-80.11090572222221, 26.08977536111111],
					[-80.11160394444444, 26.089938583333332],
					[-80.11244313888888, 26.090753666666664],
					[-80.11270316666666, 26.091769749999997],
					[-80.11277494444444, 26.092714916666665],
					[-80.11267402777777, 26.09379461111111],
					[-80.1119658611111, 26.0947055],
					[-80.11130191666666, 26.094994305555556]
				]
			},
			"properties":{
				"style": "solid",
				"thickness":1
			}
		},
		{
			"type": "Feature",
			"geometry": {
				"type": "LineString",
				"coordinates": [
					[-80.10690091666666, 26.09002322222222],
					[-80.10729694444444, 26.095242166666665]
				]
			},
			"properties":{
				"style": "solid",
				"thickness":1
			}
		},
		{
			"type": "Feature",
			"geometry": {
				"type": "LineString",
				"coordinates": [
					[-80.10519219444444, 26.09281258333333],
					[-80.10282563888889, 26.092958944444444]
				]
			},
			"properties":{
				"style": "solid",
				"thickness":1
			}
		},
		{
			"type": "Feature",
			"geometry": {
				"type": "LineString",
				"coordinates": [
					[-80.10206316666667, 26.09556588888889],
					[-80.10538547222221, 26.095360416666665],
					[-80.10498952777778, 26.09014147222222]
				]
			},
			"properties":{
				"style": "solid",
				"thickness":1
			}
		},
		{
			"type": "Feature",
			"geometry": {
				"type": "LineString",
				"coordinates": [
					[-80.10019719444443, 26.09568125],
					[-80.09980147222221, 26.090462305555555],
					[-80.09652477777777, 26.09066483333333]
				]
			},
			"properties":{
				"style": "solid",
				"thickness":1
			}
		},
		{
			"type": "Feature",
			"geometry": {
				"type": "LineString",
				"coordinates": [
					[-80.09500886111111, 26.096001916666665],
					[-80.0946133611111, 26.09078294444444],
					[-80.09133666666666, 26.09098536111111]
				]
			},
			"properties":{
				"style": "solid",
				"thickness":1
			}
		},
		{
			"type": "Feature",
			"geometry": {
				"type": "LineString",
				"coordinates": [
					[-80.08982052777777, 26.096322388888886],
					[-80.0867086111111, 26.093872194444444],
					[-80.08942524999999, 26.091103416666666]
				]
			},
			"properties":{
				"style": "solid",
				"thickness":1
			}
		},
		{
			"type": "Feature",
			"geometry": {
				"type": "LineString",
				"coordinates": [
					[-80.08194691666667, 26.09680838888889],
					[-80.08476866666666, 26.096634277777778],
					[-80.08480958333332, 26.094154555555555],
					[-80.08375152777778, 26.094673999999998],
					[-80.08297783333333, 26.094721749999998],
					[-80.082231, 26.09452011111111],
					[-80.08174166666666, 26.094096138888887],
					[-80.08146747222222, 26.09349375],
					[-80.08141772222221, 26.092836249999998],
					[-80.08159552777778, 26.092164694444442],
					[-80.08201952777777, 26.091725666666665],
					[-80.08300833333332, 26.091499499999998],
					[-80.08369097222221, 26.091457388888887],
					[-80.08420402777777, 26.09159086111111],
					[-80.08464783333334, 26.092017638888887]
				]
			},
			"properties":{
				"style": "solid",
				"thickness":1
			}
		},
		{
			"type": "Feature",
			"geometry": {
				"type": "LineString",
				"coordinates": [
					[-80.07816938888888, 26.097041388888886],
					[-80.07771425, 26.09706947222222],
					[-80.07691877777778, 26.0968295],
					[-80.07612533333332, 26.096011416666666],
					[-80.07586558333333, 26.094995277777777],
					[-80.07579411111111, 26.094050083333332],
					[-80.07589847222222, 26.0930115],
					[-80.07660688888889, 26.092100805555553],
					[-80.07731952777777, 26.091850444444443],
					[-80.07777463888888, 26.09182236111111],
					[-80.07847283333334, 26.09198575],
					[-80.07931177777778, 26.092800999999998],
					[-80.07957155555555, 26.093817138888888],
					[-80.07964305555555, 26.094762333333332],
					[-80.07954183333332, 26.095841999999998],
					[-80.07883341666667, 26.09675272222222],
					[-80.07816938888888, 26.097041388888886]
				]
			},
			"properties":{
				"style": "solid",
				"thickness":1
			}
		},
		{
			"type": "Feature",
			"geometry": {
				"type": "LineString",
				"coordinates": [
					[-80.07252580555556, 26.097389305555556],
					[-80.07207069444443, 26.09741736111111],
					[-80.07127522222221, 26.097177388888888],
					[-80.07048180555554, 26.096359277777776],
					[-80.07022211111111, 26.09534311111111],
					[-80.07015069444444, 26.094397916666665],
					[-80.07025508333334, 26.093359333333332],
					[-80.07096355555555, 26.092448666666666],
					[-80.07167619444444, 26.092198333333332],
					[-80.07213130555556, 26.092170277777775],
					[-80.0728295, 26.092333666666665],
					[-80.07366841666666, 26.09314897222222],
					[-80.07392813888889, 26.094165138888886],
					[-80.0739996111111, 26.095110305555554],
					[-80.07389833333333, 26.09619],
					[-80.0731898611111, 26.097100666666666],
					[-80.07252580555556, 26.097389305555556]
				]
			},
			"properties":{
				"style": "solid",
				"thickness":1
			}
		},
		{
			"type": "Feature",
			"geometry": {
				"type": "LineString",
				"coordinates": [
					[-80.06688222222222, 26.097737027777775],
					[-80.06642708333334, 26.097765055555556],
					[-80.06563163888889, 26.097525055555554],
					[-80.06483825, 26.09670688888889],
					[-80.0645786111111, 26.095690722222223],
					[-80.06450722222222, 26.094745555555555],
					[-80.06461166666666, 26.093706972222222],
					[-80.06532019444444, 26.092796333333332],
					[-80.06603283333332, 26.092546],
					[-80.06648794444445, 26.092517972222222],
					[-80.06718613888889, 26.092681388888888],
					[-80.06802502777778, 26.09349672222222],
					[-80.06828469444444, 26.094512888888886],
					[-80.0683561111111, 26.095458083333334],
					[-80.06825480555555, 26.09653775],
					[-80.06754627777778, 26.097448416666666],
					[-80.06688222222222, 26.097737027777775]
				]
			},
			"properties":{
				"style": "solid",
				"thickness":1
			}
		},
		{
			"type": "Feature",
			"geometry": {
				"type": "LineString",
				"coordinates": [
					[-80.24034372222222, 26.086924],
					[-80.24128230555556, 26.087236666666666],
					[-80.24232891666666, 26.087170916666665],
					[-80.24325602777778, 26.086741083333333],
					[-80.24361491666667, 26.086057888888888],
					[-80.24359591666666, 26.085811333333332],
					[-80.2430933888889, 26.085223555555554],
					[-80.24035922222222, 26.084156583333332],
					[-80.23985988888889, 26.083609888888887],
					[-80.23986741666667, 26.083113944444445],
					[-80.24022630555555, 26.08243075],
					[-80.2409713888889, 26.08201236111111],
					[-80.24206344444444, 26.08194375],
					[-80.24257663888889, 26.082076694444446],
					[-80.2433395, 26.082482944444443]
				]
			},
			"properties":{
				"style": "solid",
				"thickness":1
			}
		},
		{
			"type": "Feature",
			"geometry": {
				"type": "LineString",
				"coordinates": [
					[-80.23823347222222, 26.08742811111111],
					[-80.23592055555555, 26.082329472222224],
					[-80.23445652777778, 26.087665194444444]
				]
			},
			"properties":{
				"style": "solid",
				"thickness":1
			}
		},
		{
			"type": "Feature",
			"geometry": {
				"type": "LineString",
				"coordinates": [
					[-80.23218927777778, 26.08256363888889],
					[-80.23259083333333, 26.08778225]
				]
			},
			"properties":{
				"style": "solid",
				"thickness":1
			}
		},
		{
			"type": "Feature",
			"geometry": {
				"type": "LineString",
				"coordinates": [
					[-80.22721233333334, 26.086220305555553],
					[-80.22788986111111, 26.085517194444442],
					[-80.22859897222223, 26.08522497222222],
					[-80.22905086111112, 26.085155333333333],
					[-80.22975552777778, 26.085400166666666],
					[-80.23028769444444, 26.085779694444444],
					[-80.23056580555556, 26.08642286111111],
					[-80.23058161111112, 26.086628333333334],
					[-80.23045333333333, 26.087338305555555],
					[-80.22998122222222, 26.087739527777778],
					[-80.22926894444444, 26.087990666666666],
					[-80.2288138888889, 26.088019194444442],
					[-80.2281155, 26.087856555555554],
					[-80.227541, 26.087520972222222],
					[-80.22725975, 26.086836666666667],
					[-80.22714283333333, 26.08531627777778],
					[-80.22719275, 26.084776388888887],
					[-80.22728627777778, 26.083614416666666],
					[-80.2274853611111, 26.083230333333333],
					[-80.22774258333334, 26.08300775],
					[-80.2284125, 26.082800555555554],
					[-80.22886752777778, 26.08277202777778],
					[-80.22956272222223, 26.082893583333334],
					[-80.22985155555556, 26.083081916666668]
				]
			},
			"properties":{
				"style": "solid",
				"thickness":1
			}
		},
		{
			"type": "Feature",
			"geometry": {
				"type": "LineString",
				"coordinates": [
					[-80.22509075, 26.08300886111111],
					[-80.22549197222223, 26.0882275]
				]
			},
			"properties":{
				"style": "solid",
				"thickness":1
			}
		},
		{
			"type": "Feature",
			"geometry": {
				"type": "LineString",
				"coordinates": [
					[-80.22338175, 26.085758527777777],
					[-80.22056044444444, 26.085935361111108]
				]
			},
			"properties":{
				"style": "solid",
				"thickness":1
			}
		},
		{
			"type": "Feature",
			"geometry": {
				"type": "LineString",
				"coordinates": [
					[-80.21720991666668, 26.0887465],
					[-80.21675486111111, 26.088775],
					[-80.21595916666666, 26.088535805555555],
					[-80.21516477777779, 26.087718499999998],
					[-80.21490386111111, 26.08670258333333],
					[-80.21483130555556, 26.08575747222222],
					[-80.21493441666667, 26.084718777777777],
					[-80.21564172222223, 26.083807416666666],
					[-80.21635400000001, 26.08355636111111],
					[-80.21680905555556, 26.08352786111111],
					[-80.21750738888889, 26.083690555555556],
					[-80.21834725000001, 26.084505027777777],
					[-80.21860819444444, 26.085520916666667],
					[-80.21868080555556, 26.086466027777778],
					[-80.2185808611111, 26.087545805555553],
					[-80.21787355555556, 26.088457194444445],
					[-80.21720991666668, 26.0887465]
				]
			},
			"properties":{
				"style": "solid",
				"thickness":1
			}
		},
		{
			"type": "Feature",
			"geometry": {
				"type": "LineString",
				"coordinates": [
					[-80.21312333333334, 26.08792888888889],
					[-80.21297919444444, 26.088433388888888],
					[-80.21251016666668, 26.088875666666667],
					[-80.21184019444445, 26.08908275],
					[-80.21133961111111, 26.08911408333333],
					[-80.21064441666667, 26.088992444444443],
					[-80.2101091388889, 26.088571777777776],
					[-80.20984691666666, 26.088134],
					[-80.20981222222223, 26.08768197222222],
					[-80.20996586111112, 26.087300777777777],
					[-80.21104355555556, 26.086448805555555],
					[-80.21269208333334, 26.084694027777775],
					[-80.21284255555555, 26.084271722222223],
					[-80.21280469444444, 26.08377861111111],
					[-80.20952836111111, 26.08398372222222]
				]
			},
			"properties":{
				"style": "solid",
				"thickness":1
			}
		},
		{
			"type": "Feature",
			"geometry": {
				"type": "LineString",
				"coordinates": [
					[-80.20782213888889, 26.086774305555554],
					[-80.20545586111112, 26.086922333333334]
				]
			},
			"properties":{
				"style": "solid",
				"thickness":1
			}
		},
		{
			"type": "Feature",
			"geometry": {
				"type": "LineString",
				"coordinates": [
					[-80.20469566666667, 26.089529833333334],
					[-80.20801766666666, 26.089322],
					[-80.20761719444445, 26.084103305555555]
				]
			},
			"properties":{
				"style": "solid",
				"thickness":1
			}
		},
		{
			"type": "Feature",
			"geometry": {
				"type": "LineString",
				"coordinates": [
					[-80.20282991666667, 26.089646527777777],
					[-80.20242966666667, 26.084427833333333],
					[-80.19915333333334, 26.084632694444444]
				]
			},
			"properties":{
				"style": "solid",
				"thickness":1
			}
		},
		{
			"type": "Feature",
			"geometry": {
				"type": "LineString",
				"coordinates": [
					[-80.1976421388889, 26.08997086111111],
					[-80.19724211111111, 26.084752138888888],
					[-80.19396575, 26.084956888888886]
				]
			},
			"properties":{
				"style": "solid",
				"thickness":1
			}
		},
		{
			"type": "Feature",
			"geometry": {
				"type": "LineString",
				"coordinates": [
					[-80.18882705555556, 26.086516527777775],
					[-80.19169391666667, 26.0863375]
				]
			},
			"properties":{
				"style": "solid",
				"thickness":1
			}
		},
		{
			"type": "Feature",
			"geometry": {
				"type": "LineString",
				"coordinates": [
					[-80.19205452777778, 26.085076305555553],
					[-80.19054302777778, 26.090414388888888],
					[-80.18827761111112, 26.085312166666665]
				]
			},
			"properties":{
				"style": "solid",
				"thickness":1
			}
		},
		{
			"type": "Feature",
			"geometry": {
				"type": "LineString",
				"coordinates": [
					[-80.18681141666667, 26.090647388888886],
					[-80.18369763888889, 26.088199277777775],
					[-80.1864118888889, 26.085428666666665]
				]
			},
			"properties":{
				"style": "solid",
				"thickness":1
			}
		},
		{
			"type": "Feature",
			"geometry": {
				"type": "LineString",
				"coordinates": [
					[-80.17893858333333, 26.091138666666666],
					[-80.18176008333334, 26.090962638888886],
					[-80.18179894444445, 26.088482888888887],
					[-80.18074136111112, 26.089003055555555],
					[-80.17996775, 26.089051333333334],
					[-80.17922077777779, 26.088850194444444],
					[-80.17873113888889, 26.088426555555554],
					[-80.17845644444445, 26.08782436111111],
					[-80.17840616666668, 26.08716686111111],
					[-80.1785833888889, 26.086495194444442],
					[-80.17900702777779, 26.086055888888886],
					[-80.17999558333334, 26.085829055555553],
					[-80.18067816666667, 26.08578647222222],
					[-80.18119130555556, 26.08591963888889],
					[-80.18163544444445, 26.086346083333332]
				]
			},
			"properties":{
				"style": "solid",
				"thickness":1
			}
		},
		{
			"type": "Feature",
			"geometry": {
				"type": "LineString",
				"coordinates": [
					[-80.17516144444446, 26.091374194444445],
					[-80.17470636111112, 26.09140258333333],
					[-80.17391072222223, 26.091163166666664],
					[-80.1731166388889, 26.09034558333333],
					[-80.17285605555556, 26.089329638888888],
					[-80.17278383333334, 26.0883845],
					[-80.17288730555556, 26.087345833333334],
					[-80.17359494444445, 26.086434666666666],
					[-80.17430733333333, 26.086183805555553],
					[-80.17476241666667, 26.086155444444444],
					[-80.17546069444445, 26.08631833333333],
					[-80.17630030555556, 26.087133055555555],
					[-80.1765608888889, 26.088148999999998],
					[-80.17663316666668, 26.08909413888889],
					[-80.17653283333334, 26.090173888888888],
					[-80.17582519444444, 26.091085083333333],
					[-80.17516144444446, 26.091374194444445]
				]
			},
			"properties":{
				"style": "solid",
				"thickness":1
			}
		},
		{
			"type": "Feature",
			"geometry": {
				"type": "LineString",
				"coordinates": [
					[-80.16951841666668, 26.091725916666665],
					[-80.16906333333334, 26.091754277777778],
					[-80.16826772222223, 26.091514805555555],
					[-80.16747366666667, 26.09069722222222],
					[-80.1672131388889, 26.089681249999998],
					[-80.16714094444445, 26.08873611111111],
					[-80.16724450000001, 26.087697444444444],
					[-80.16795216666667, 26.086786305555556],
					[-80.16866458333334, 26.08653547222222],
					[-80.16911963888889, 26.086507138888887],
					[-80.16981794444445, 26.086670055555555],
					[-80.1706575, 26.087484805555555],
					[-80.17091802777779, 26.088500777777778],
					[-80.17099027777778, 26.089445916666666],
					[-80.1708898888889, 26.090525666666665],
					[-80.17018222222222, 26.091436833333333],
					[-80.16951841666668, 26.091725916666665]
				]
			},
			"properties":{
				"style": "solid",
				"thickness":1
			}
		},
		{
			"type": "Feature",
			"geometry": {
				"type": "LineString",
				"coordinates": [
					[-80.1638753888889, 26.092077416666665],
					[-80.16342030555556, 26.092105749999998],
					[-80.16262469444445, 26.09186625],
					[-80.16183066666667, 26.09104863888889],
					[-80.16157019444445, 26.09003263888889],
					[-80.16149802777778, 26.089087527777778],
					[-80.1616016388889, 26.08804886111111],
					[-80.16230936111111, 26.08713775],
					[-80.16302177777779, 26.086886944444444],
					[-80.16347686111112, 26.08685861111111],
					[-80.1641751388889, 26.087021555555555],
					[-80.16501466666668, 26.087836333333332],
					[-80.1652751388889, 26.08885233333333],
					[-80.16534733333334, 26.08979747222222],
					[-80.16524691666667, 26.090877222222222],
					[-80.16453919444444, 26.091788333333334],
					[-80.1638753888889, 26.092077416666665]
				]
			},
			"properties":{
				"style": "solid",
				"thickness":1
			}
		},
		{
			"type": "Feature",
			"geometry": {
				"type": "LineString",
				"coordinates": [
					[-80.32823419444443, 25.826525055555557],
					[-80.32917094444444, 25.826837166666667],
					[-80.33021519444443, 25.826770777777778],
					[-80.33113994444444, 25.82634036111111],
					[-80.33149752777777, 25.825656944444443],
					[-80.33147838888888, 25.825410388888887],
					[-80.33097655555555, 25.82482288888889],
					[-80.32824761111111, 25.823757555555556],
					[-80.32774897222222, 25.82321113888889],
					[-80.32775611111111, 25.822715166666665],
					[-80.32811372222221, 25.82203175],
					[-80.32885683333333, 25.82161286111111],
					[-80.32994644444445, 25.82154361111111],
					[-80.33045861111111, 25.821676222222223],
					[-80.33122008333333, 25.822082055555555]
				]
			},
			"properties":{
				"style": "solid",
				"thickness":1
			}
		},
		{
			"type": "Feature",
			"geometry": {
				"type": "LineString",
				"coordinates": [
					[-80.32612897222222, 25.827030472222223],
					[-80.32381736111111, 25.821933083333334],
					[-80.32236052777778, 25.827269833333332]
				]
			},
			"properties":{
				"style": "solid",
				"thickness":1
			}
		},
		{
			"type": "Feature",
			"geometry": {
				"type": "LineString",
				"coordinates": [
					[-80.32041619444443, 25.826319694444443],
					[-80.32027280555555, 25.826824305555554],
					[-80.31980522222221, 25.827266916666666],
					[-80.31913691666666, 25.827474527777778],
					[-80.3186375, 25.827506222222222],
					[-80.31794369444444, 25.82738511111111],
					[-80.31740925, 25.826964805555555],
					[-80.31714719444444, 25.82652722222222],
					[-80.31711216666666, 25.826075222222222],
					[-80.31726513888889, 25.825693861111112],
					[-80.31833969444445, 25.824841083333332],
					[-80.31998294444445, 25.82308502777778],
					[-80.32013269444444, 25.822662583333333],
					[-80.32009447222222, 25.8221695],
					[-80.31682561111111, 25.822377027777776]
				]
			},
			"properties":{
				"style": "solid",
				"thickness":1
			}
		},
		{
			"type": "Feature",
			"geometry": {
				"type": "LineString",
				"coordinates": [
					[-80.31368855555556, 25.827820305555555],
					[-80.31323452777778, 25.82784911111111],
					[-80.31244038888889, 25.827610444444446],
					[-80.31164711111111, 25.826793638888887],
					[-80.31138591666667, 25.82577786111111],
					[-80.31131275, 25.82483277777778],
					[-80.31141480555556, 25.823793972222223],
					[-80.31211977777778, 25.82288211111111],
					[-80.31283030555555, 25.822630555555556],
					[-80.31328430555556, 25.82260175],
					[-80.31398125, 25.822764],
					[-80.31481991666666, 25.823577944444445],
					[-80.31508111111111, 25.824593694444445],
					[-80.31515433333333, 25.825538777777776],
					[-80.3150555, 25.826618666666665],
					[-80.3143505, 25.827530555555555],
					[-80.31368855555556, 25.827820305555555]
				]
			},
			"properties":{
				"style": "solid",
				"thickness":1
			}
		},
		{
			"type": "Feature",
			"geometry": {
				"type": "LineString",
				"coordinates": [
					[-80.30969305555556, 25.828073777777778],
					[-80.30665102777778, 25.828266666666668],
					[-80.30678491666666, 25.82763877777778],
					[-80.30706775, 25.82716663888889],
					[-80.30748997222221, 25.826726944444445],
					[-80.30836622222222, 25.826258444444445],
					[-80.30768516666666, 25.82630163888889],
					[-80.30693647222222, 25.826060055555555],
					[-80.30645063888889, 25.825677916666667],
					[-80.30617272222221, 25.82503486111111],
					[-80.30611866666666, 25.824336305555555],
					[-80.3062916111111, 25.82362336111111],
					[-80.30675922222223, 25.82318077777778],
					[-80.30742752777778, 25.82297325],
					[-80.30819936111111, 25.822924305555556],
					[-80.3088931111111, 25.823045472222223],
					[-80.30933672222221, 25.823471555555557]
				]
			},
			"properties":{
				"style": "solid",
				"thickness":1
			}
		},
		{
			"type": "Feature",
			"geometry": {
				"type": "LineString",
				"coordinates": [
					[-80.30431672222223, 25.825813194444443],
					[-80.30150172222221, 25.825991583333334]
				]
			},
			"properties":{
				"style": "solid",
				"thickness":1
			}
		},
		{
			"type": "Feature",
			"geometry": {
				"type": "LineString",
				"coordinates": [
					[-80.2981605, 25.828804722222223],
					[-80.29770647222222, 25.82883347222222],
					[-80.29691236111111, 25.82859472222222],
					[-80.29611916666667, 25.827777805555556],
					[-80.29585813888889, 25.82676202777778],
					[-80.29578505555556, 25.825816916666668],
					[-80.29588724999999, 25.824778138888888],
					[-80.29659236111111, 25.82386633333333],
					[-80.29730291666667, 25.82361486111111],
					[-80.29775694444444, 25.823586111111112],
					[-80.29845386111111, 25.823748416666668],
					[-80.29929244444445, 25.824562444444446],
					[-80.2995535, 25.825578222222223],
					[-80.29962658333334, 25.826523333333334],
					[-80.2995276111111, 25.827603222222223],
					[-80.2988225, 25.828515027777776],
					[-80.2981605, 25.828804722222223]
				]
			},
			"properties":{
				"style": "solid",
				"thickness":1
			}
		},
		{
			"type": "Feature",
			"geometry": {
				"type": "LineString",
				"coordinates": [
					[-80.29408236111111, 25.82798936111111],
					[-80.29393886111112, 25.828493944444443],
					[-80.29347116666666, 25.8289365],
					[-80.29280280555555, 25.829143972222223],
					[-80.29230336111111, 25.829175583333335],
					[-80.29160961111111, 25.829054333333332],
					[-80.29107522222222, 25.828633944444444],
					[-80.29081327777777, 25.828196305555554],
					[-80.29077833333334, 25.827744305555555],
					[-80.2909313888889, 25.82736297222222],
					[-80.2920061388889, 25.826510388888888],
					[-80.29364980555556, 25.824754638888887],
					[-80.29379966666666, 25.82433222222222],
					[-80.29376155555555, 25.82383913888889],
					[-80.29049258333333, 25.824046055555556]
				]
			},
			"properties":{
				"style": "solid",
				"thickness":1
			}
		},
		{
			"type": "Feature",
			"geometry": {
				"type": "LineString",
				"coordinates": [
					[-80.28858569444444, 25.824166722222223],
					[-80.28898883333333, 25.82938536111111],
					[-80.2864063611111, 25.82430461111111],
					[-80.28472080555555, 25.82965536111111],
					[-80.28431783333333, 25.824436722222224]
				]
			},
			"properties":{
				"style": "solid",
				"thickness":1
			}
		},
		{
			"type": "Feature",
			"geometry": {
				"type": "LineString",
				"coordinates": [
					[-80.28241091666666, 25.824557333333335],
					[-80.28281380555555, 25.829775972222222]
				]
			},
			"properties":{
				"style": "solid",
				"thickness":1
			}
		},
		{
			"type": "Feature",
			"geometry": {
				"type": "LineString",
				"coordinates": [
					[-80.27728469444445, 25.826120166666666],
					[-80.28014511111111, 25.82593936111111]
				]
			},
			"properties":{
				"style": "solid",
				"thickness":1
			}
		},
		{
			"type": "Feature",
			"geometry": {
				"type": "LineString",
				"coordinates": [
					[-80.280504, 25.82467788888889],
					[-80.27899980555556, 25.83001711111111],
					[-80.27673555555556, 25.82491611111111]
				]
			},
			"properties":{
				"style": "solid",
				"thickness":1
			}
		},
		{
			"type": "Feature",
			"geometry": {
				"type": "LineString",
				"coordinates": [
					[-80.27165466666666, 25.82647586111111],
					[-80.27451508333333, 25.826295166666668]
				]
			},
			"properties":{
				"style": "solid",
				"thickness":1
			}
		},
		{
			"type": "Feature",
			"geometry": {
				"type": "LineString",
				"coordinates": [
					[-80.27487402777777, 25.825033722222223],
					[-80.27336958333333, 25.830372861111112],
					[-80.27110555555555, 25.82527177777778]
				]
			},
			"properties":{
				"style": "solid",
				"thickness":1
			}
		},
		{
			"type": "Feature",
			"geometry": {
				"type": "LineString",
				"coordinates": [
					[-80.26964636111111, 25.830608027777778],
					[-80.26653772222222, 25.828161583333333],
					[-80.26924402777777, 25.825389333333334]
				]
			},
			"properties":{
				"style": "solid",
				"thickness":1
			}
		},
		{
			"type": "Feature",
			"geometry": {
				"type": "LineString",
				"coordinates": [
					[-80.26179119444444, 25.831103805555557],
					[-80.26460633333333, 25.830926166666668],
					[-80.26464338888889, 25.828446333333332],
					[-80.2635885, 25.828967111111112],
					[-80.2628166111111, 25.829015805555557],
					[-80.26207113888889, 25.828815111111112],
					[-80.26158227777778, 25.82839172222222],
					[-80.26130777777777, 25.827789666666668],
					[-80.2612571388889, 25.827132194444445],
					[-80.2614335, 25.82646038888889],
					[-80.26185588888889, 25.826020833333335],
					[-80.26284211111111, 25.825793444444443],
					[-80.26352316666667, 25.82575047222222],
					[-80.26403527777778, 25.825883305555557],
					[-80.26447875, 25.826309527777777]
				]
			},
			"properties":{
				"style": "solid",
				"thickness":1
			}
		},
		{
			"type": "Feature",
			"geometry": {
				"type": "LineString",
				"coordinates": [
					[-80.2580225, 25.831341527777777],
					[-80.25756844444444, 25.831370166666666],
					[-80.25677438888889, 25.831131194444445],
					[-80.25598147222222, 25.830314055555554],
					[-80.25572075, 25.829298194444444],
					[-80.255648, 25.828353083333333],
					[-80.25575055555555, 25.827314333333334],
					[-80.256456, 25.826402722222223],
					[-80.25716663888889, 25.826151444444445],
					[-80.25762066666667, 25.826122805555556],
					[-80.25831755555555, 25.826285333333335],
					[-80.25915588888888, 25.827099583333332],
					[-80.2594166111111, 25.828115416666666],
					[-80.2594893888889, 25.829060555555554],
					[-80.25939005555556, 25.83014038888889],
					[-80.25868461111111, 25.831052027777776],
					[-80.2580225, 25.831341527777777]
				]
			},
			"properties":{
				"style": "solid",
				"thickness":1
			}
		},
		{
			"type": "Feature",
			"geometry": {
				"type": "LineString",
				"coordinates": [
					[-80.2523921388889, 25.8316965],
					[-80.25193808333333, 25.831725111111112],
					[-80.25114405555556, 25.83148611111111],
					[-80.25035116666666, 25.830668944444444],
					[-80.2500905, 25.829653083333334],
					[-80.25001777777777, 25.828707944444446],
					[-80.25012038888889, 25.827669194444443],
					[-80.25082586111111, 25.826757611111113],
					[-80.25153652777777, 25.826506388888887],
					[-80.25199058333334, 25.82647775],
					[-80.25268744444445, 25.826640305555554],
					[-80.25352572222222, 25.82745458333333],
					[-80.25378641666667, 25.828470444444445],
					[-80.25385913888888, 25.829415555555556],
					[-80.25375975, 25.830495416666665],
					[-80.25305425, 25.831407],
					[-80.2523921388889, 25.8316965]
				]
			},
			"properties":{
				"style": "solid",
				"thickness":1
			}
		},
		{
			"type": "Feature",
			"geometry": {
				"type": "LineString",
				"coordinates": [
					[-80.24676175, 25.832051222222223],
					[-80.24630769444444, 25.83207983333333],
					[-80.24551366666667, 25.831840805555554],
					[-80.24472080555556, 25.83102361111111],
					[-80.24446019444444, 25.830007722222224],
					[-80.24438752777777, 25.829062611111112],
					[-80.24449016666667, 25.82802386111111],
					[-80.24519569444445, 25.827112305555556],
					[-80.24590638888888, 25.826861083333334],
					[-80.24636041666666, 25.8268325],
					[-80.24705730555556, 25.826995055555557],
					[-80.24789555555556, 25.82780936111111],
					[-80.24815616666666, 25.82882525],
					[-80.24822886111112, 25.829770361111112],
					[-80.24812941666667, 25.83085022222222],
					[-80.24742388888889, 25.83176177777778],
					[-80.24676175, 25.832051222222223]
				]
			},
			"properties":{
				"style": "solid",
				"thickness":1
			}
		},
		{
			"type": "Feature",
			"geometry": {
				"type": "LineString",
				"coordinates": [
					[-80.37606416666667, 25.802723055555557],
					[-80.37700083333333, 25.80303486111111],
					[-80.3780448611111, 25.80296813888889],
					[-80.37896925, 25.802537416666667],
					[-80.37932649999999, 25.801853861111113],
					[-80.37930727777777, 25.801607333333333],
					[-80.37880527777777, 25.80102],
					[-80.37607644444444, 25.799955555555556],
					[-80.37557769444444, 25.799409305555557],
					[-80.37558463888888, 25.79891330555556],
					[-80.37594188888889, 25.79822977777778],
					[-80.37668469444444, 25.797810666666667],
					[-80.37777405555555, 25.79774105555556],
					[-80.37828616666665, 25.7978735],
					[-80.37904766666666, 25.798279055555557]
				]
			},
			"properties":{
				"style": "solid",
				"thickness":1
			}
		},
		{
			"type": "Feature",
			"geometry": {
				"type": "LineString",
				"coordinates": [
					[-80.37395955555554, 25.803229166666668],
					[-80.3716463611111, 25.798132527777778],
					[-80.37019199999999, 25.803469805555558]
				]
			},
			"properties":{
				"style": "solid",
				"thickness":1
			}
		},
		{
			"type": "Feature",
			"geometry": {
				"type": "LineString",
				"coordinates": [
					[-80.36824766666666, 25.802520277777777],
					[-80.36810449999999, 25.803024944444445],
					[-80.36763719444444, 25.803467722222223],
					[-80.3669691111111, 25.803675555555557],
					[-80.36646980555555, 25.80370741666667],
					[-80.3657761111111, 25.803586527777778],
					[-80.36524158333333, 25.80316638888889],
					[-80.36497941666666, 25.80272888888889],
					[-80.36494422222222, 25.802276916666667],
					[-80.36509697222222, 25.8018955],
					[-80.36617097222222, 25.80104236111111],
					[-80.36781319444444, 25.79928577777778],
					[-80.36796274999999, 25.79886327777778],
					[-80.36792433333332, 25.798370194444445],
					[-80.36465619444444, 25.798578805555557]
				]
			},
			"properties":{
				"style": "solid",
				"thickness":1
			}
		},
		{
			"type": "Feature",
			"geometry": {
				"type": "LineString",
				"coordinates": [
					[-80.36152197222222, 25.804023166666667],
					[-80.36106805555555, 25.804052111111112],
					[-80.36027397222222, 25.803813694444447],
					[-80.35948052777778, 25.80299713888889],
					[-80.359219, 25.801981472222224],
					[-80.35914544444444, 25.80103638888889],
					[-80.35924705555556, 25.799997555555557],
					[-80.35995152777777, 25.799085444444447],
					[-80.36066180555555, 25.798833666666667],
					[-80.36111572222222, 25.798804722222226],
					[-80.36181255555555, 25.798966722222225],
					[-80.36265138888888, 25.79978038888889],
					[-80.36291294444443, 25.800796055555555],
					[-80.36298652777778, 25.801741111111113],
					[-80.36288816666666, 25.802821055555555],
					[-80.36218366666667, 25.803733166666667],
					[-80.36152197222222, 25.804023166666667]
				]
			},
			"properties":{
				"style": "solid",
				"thickness":1
			}
		},
		{
			"type": "Feature",
			"geometry": {
				"type": "LineString",
				"coordinates": [
					[-80.35752738888888, 25.804277916666667],
					[-80.35448602777777, 25.804471833333334],
					[-80.35461966666666, 25.80384391666667],
					[-80.35490225, 25.803371666666667],
					[-80.35532419444444, 25.802931833333336],
					[-80.35620008333333, 25.80246302777778],
					[-80.35551919444444, 25.802506444444447],
					[-80.35477055555555, 25.80226511111111],
					[-80.35428463888888, 25.801883166666666],
					[-80.35400655555554, 25.801240166666666],
					[-80.35395219444443, 25.80054163888889],
					[-80.35412483333333, 25.79982863888889],
					[-80.35459216666666, 25.79938591666667],
					[-80.35526025, 25.79917813888889],
					[-80.35603191666667, 25.799128944444448],
					[-80.35672555555556, 25.79924988888889],
					[-80.35716925, 25.799675833333335]
				]
			},
			"properties":{
				"style": "solid",
				"thickness":1
			}
		},
		{
			"type": "Feature",
			"geometry": {
				"type": "LineString",
				"coordinates": [
					[-80.35215122222222, 25.80201913888889],
					[-80.34933686111111, 25.802198472222223]
				]
			},
			"properties":{
				"style": "solid",
				"thickness":1
			}
		},
		{
			"type": "Feature",
			"geometry": {
				"type": "LineString",
				"coordinates": [
					[-80.34599744444444, 25.805012694444446],
					[-80.34554352777778, 25.80504161111111],
					[-80.34474947222222, 25.804803111111113],
					[-80.34395611111111, 25.803986472222224],
					[-80.34369472222222, 25.80297077777778],
					[-80.34362127777777, 25.802025694444445],
					[-80.34372302777777, 25.800986861111113],
					[-80.34442763888889, 25.800074833333333],
					[-80.34513794444445, 25.79982313888889],
					[-80.3455918611111, 25.799794222222225],
					[-80.34628869444444, 25.799956305555558],
					[-80.34712744444444, 25.800770055555557],
					[-80.3473888611111, 25.80178575],
					[-80.34746233333333, 25.802730833333335],
					[-80.34736380555555, 25.80381075],
					[-80.34665919444444, 25.80472277777778],
					[-80.34599744444444, 25.805012694444446]
				]
			},
			"properties":{
				"style": "solid",
				"thickness":1
			}
		},
		{
			"type": "Feature",
			"geometry": {
				"type": "LineString",
				"coordinates": [
					[-80.34159738888889, 25.800048555555556],
					[-80.34200280555555, 25.805267055555557]
				]
			},
			"properties":{
				"style": "solid",
				"thickness":1
			}
		},
		{
			"type": "Feature",
			"geometry": {
				"type": "LineString",
				"coordinates": [
					[-80.33969091666667, 25.80016991666667],
					[-80.34009625, 25.805388416666666],
					[-80.33751208333332, 25.800308583333333],
					[-80.33582919444444, 25.805659916666666],
					[-80.33542405555555, 25.80044141666667]
				]
			},
			"properties":{
				"style": "solid",
				"thickness":1
			}
		},
		{
			"type": "Feature",
			"geometry": {
				"type": "LineString",
				"coordinates": [
					[-80.33351758333333, 25.800562694444444],
					[-80.33392263888888, 25.805781194444446]
				]
			},
			"properties":{
				"style": "solid",
				"thickness":1
			}
		},
		{
			"type": "Feature",
			"geometry": {
				"type": "LineString",
				"coordinates": [
					[-80.32839308333332, 25.802127333333335],
					[-80.33125283333332, 25.80194552777778]
				]
			},
			"properties":{
				"style": "solid",
				"thickness":1
			}
		},
		{
			"type": "Feature",
			"geometry": {
				"type": "LineString",
				"coordinates": [
					[-80.33161108333333, 25.800683944444444],
					[-80.33010952777778, 25.806023694444445],
					[-80.32784352777777, 25.800923472222223]
				]
			},
			"properties":{
				"style": "solid",
				"thickness":1
			}
		},
		{
			"type": "Feature",
			"geometry": {
				"type": "LineString",
				"coordinates": [
					[-80.32638716666666, 25.806260305555558],
					[-80.323278, 25.803815083333333],
					[-80.32598241666666, 25.80104175]
				]
			},
			"properties":{
				"style": "solid",
				"thickness":1
			}
		},
		{
			"type": "Feature",
			"geometry": {
				"type": "LineString",
				"coordinates": [
					[-80.3185338611111, 25.806759166666666],
					[-80.32134833333333, 25.806580444444446],
					[-80.32138419444443, 25.804100555555557],
					[-80.32032977777777, 25.80462175],
					[-80.31955805555555, 25.80467077777778],
					[-80.31881266666666, 25.804470333333335],
					[-80.31832369444444, 25.804047166666667],
					[-80.31804894444444, 25.803445222222223],
					[-80.317998, 25.80278775],
					[-80.31817402777777, 25.80211588888889],
					[-80.3185961111111, 25.801676166666667],
					[-80.31958202777777, 25.80144838888889],
					[-80.32026291666666, 25.80140513888889],
					[-80.32077497222222, 25.801537777777778],
					[-80.32121855555555, 25.801963833333335]
				]
			},
			"properties":{
				"style": "solid",
				"thickness":1
			}
		},
		{
			"type": "Feature",
			"geometry": {
				"type": "LineString",
				"coordinates": [
					[-80.31476605555555, 25.806998361111113],
					[-80.31431211111111, 25.807027194444444],
					[-80.31351811111111, 25.80678852777778],
					[-80.31272494444444, 25.805971694444445],
					[-80.31246380555555, 25.804955944444444],
					[-80.31239061111111, 25.804010861111113],
					[-80.31249263888888, 25.802972055555557],
					[-80.3131975, 25.802060166666667],
					[-80.31390788888889, 25.801808611111113],
					[-80.31436180555555, 25.801779805555555],
					[-80.31505863888889, 25.801942055555557],
					[-80.31589716666666, 25.802755972222222],
					[-80.31615833333333, 25.803771722222223],
					[-80.31623155555555, 25.804716805555557],
					[-80.31613275, 25.805796694444446],
					[-80.31542788888889, 25.806708611111112],
					[-80.31476605555555, 25.806998361111113]
				]
			},
			"properties":{
				"style": "solid",
				"thickness":1
			}
		},
		{
			"type": "Feature",
			"geometry": {
				"type": "LineString",
				"coordinates": [
					[-80.30913702777778, 25.807355555555556],
					[-80.30868308333334, 25.807384333333335],
					[-80.30788908333334, 25.80714563888889],
					[-80.30709597222221, 25.806328805555555],
					[-80.30683488888889, 25.80531302777778],
					[-80.30676172222222, 25.804367944444444],
					[-80.30686380555555, 25.80332913888889],
					[-80.30756869444444, 25.802417277777778],
					[-80.3082791111111, 25.80216575],
					[-80.30873302777778, 25.802136972222222],
					[-80.30942983333333, 25.802299222222224],
					[-80.31026833333333, 25.803113194444446],
					[-80.31052944444444, 25.804128944444447],
					[-80.31060263888888, 25.805074055555558],
					[-80.31050377777777, 25.806153944444446],
					[-80.3097988611111, 25.807065805555556],
					[-80.30913702777778, 25.807355555555556]
				]
			},
			"properties":{
				"style": "solid",
				"thickness":1
			}
		},
		{
			"type": "Feature",
			"geometry": {
				"type": "LineString",
				"coordinates": [
					[-80.30350797222222, 25.8077125],
					[-80.303054, 25.80774127777778],
					[-80.30226002777778, 25.807502555555555],
					[-80.30146694444444, 25.806685666666667],
					[-80.30120591666666, 25.80566988888889],
					[-80.30113280555555, 25.804724805555555],
					[-80.30123491666666, 25.803686],
					[-80.30193986111111, 25.802774166666666],
					[-80.30265027777777, 25.802522694444445],
					[-80.30310422222222, 25.802493916666666],
					[-80.30380102777778, 25.802656194444445],
					[-80.3046395, 25.803470194444444],
					[-80.30490055555555, 25.804485944444444],
					[-80.30497369444444, 25.805431055555555],
					[-80.30487477777777, 25.806510944444444],
					[-80.30416983333333, 25.807422777777777],
					[-80.30350797222222, 25.8077125]
				]
			},
			"properties":{
				"style": "solid",
				"thickness":1
			}
		},
		{
			"type": "Feature",
			"geometry": {
				"type": "LineString",
				"coordinates": [
					[-80.91241916666667, 25.883178027777777],
					[-80.9133578888889, 25.883486333333334],
					[-80.91440230555556, 25.88341575],
					[-80.91532536111112, 25.882981583333333],
					[-80.91567975000001, 25.88229672222222],
					[-80.9156593888889, 25.88205025],
					[-80.9151543888889, 25.881464805555556],
					[-80.91241891666667, 25.8804105],
					[-80.91191733333334, 25.879866111111113],
					[-80.91192202777778, 25.87937011111111],
					[-80.91227641666667, 25.878685277777777],
					[-80.91301780555555, 25.87826338888889],
					[-80.91410758333333, 25.87818975],
					[-80.91462063888889, 25.878320277777778],
					[-80.9153845, 25.878723027777777]
				]
			},
			"properties":{
				"style": "solid",
				"thickness":1
			}
		},
		{
			"type": "Feature",
			"geometry": {
				"type": "LineString",
				"coordinates": [
					[-80.91031544444445, 25.883691944444443],
					[-80.90797758333333, 25.878604],
					[-80.90654644444444, 25.883946555555553]
				]
			},
			"properties":{
				"style": "solid",
				"thickness":1
			}
		},
		{
			"type": "Feature",
			"geometry": {
				"type": "LineString",
				"coordinates": [
					[-80.90425413888889, 25.878855472222224],
					[-80.9046846388889, 25.884072305555556]
				]
			},
			"properties":{
				"style": "solid",
				"thickness":1
			}
		},
		{
			"type": "Feature",
			"geometry": {
				"type": "LineString",
				"coordinates": [
					[-80.89965902777779, 25.884039833333333],
					[-80.89999047222223, 25.884182694444444],
					[-80.90055233333334, 25.884351305555555],
					[-80.90109725, 25.88431452777778],
					[-80.90180686111111, 25.88406008333333],
					[-80.90250766666668, 25.883145333333335],
					[-80.90262150000001, 25.882311527777777],
					[-80.90254694444445, 25.881407833333334],
					[-80.90239175, 25.88063347222222],
					[-80.90194375, 25.879631083333333],
					[-80.90140697222223, 25.879212944444443],
					[-80.90066688888889, 25.879097694444447],
					[-80.89950322222222, 25.87938275],
					[-80.89908302777778, 25.879824194444446],
					[-80.89886138888889, 25.88045875],
					[-80.89893388888889, 25.880784305555554],
					[-80.89920158333334, 25.88126188888889],
					[-80.89974513888889, 25.881762194444445],
					[-80.90043983333334, 25.881880527777778],
					[-80.90094272222223, 25.88188788888889],
					[-80.90165233333335, 25.881633444444446],
					[-80.90206575, 25.88110986111111],
					[-80.902225, 25.880273]
				]
			},
			"properties":{
				"style": "solid",
				"thickness":1
			}
		},
		{
			"type": "Feature",
			"geometry": {
				"type": "LineString",
				"coordinates": [
					[-80.89522791666667, 25.882356166666668],
					[-80.89456369444446, 25.8826075],
					[-80.89431155555556, 25.88287236111111],
					[-80.89418072222223, 25.883500777777776],
					[-80.89420105555556, 25.88374725],
					[-80.89448227777778, 25.884389166666665],
					[-80.89476827777779, 25.884535083333333],
					[-80.89569341666667, 25.88467922222222],
					[-80.89663011111112, 25.88440947222222],
					[-80.89688902777779, 25.884226777777776],
					[-80.89706186111111, 25.883554222222223],
					[-80.89704155555556, 25.88330775],
					[-80.89680911111111, 25.88270386111111],
					[-80.89651633333334, 25.882475777777778],
					[-80.89581825, 25.882316333333335],
					[-80.89522791666667, 25.882356166666668],
					[-80.89452308333334, 25.882114583333333],
					[-80.89402833333334, 25.88165227777778],
					[-80.8937538888889, 25.8810925],
					[-80.89373694444446, 25.88088711111111],
					[-80.89386102777779, 25.880176555555558],
					[-80.89432327777779, 25.879691],
					[-80.89494544444445, 25.879483805555555],
					[-80.89558116666667, 25.879440916666667],
					[-80.89623041666667, 25.879562333333332],
					[-80.89676719444445, 25.879980472222222],
					[-80.89700300000001, 25.880625444444444],
					[-80.89702333333334, 25.880871916666667],
					[-80.89684372222223, 25.881462333333335],
					[-80.89643027777778, 25.881985888888888],
					[-80.89581825, 25.882316333333335]
				]
			},
			"properties":{
				"style": "solid",
				"thickness":1
			}
		},
		{
			"type": "Feature",
			"geometry": {
				"type": "LineString",
				"coordinates": [
					[-80.89193811111112, 25.88233025],
					[-80.88912272222223, 25.882520111111113]
				]
			},
			"properties":{
				"style": "solid",
				"thickness":1
			}
		},
		{
			"type": "Feature",
			"geometry": {
				"type": "LineString",
				"coordinates": [
					[-80.8857938888889, 25.885346777777777],
					[-80.88533977777779, 25.885377388888887],
					[-80.88454411111111, 25.885141861111112],
					[-80.8837465, 25.884328194444443],
					[-80.88348030555557, 25.883313472222223],
					[-80.8834025, 25.882368694444445],
					[-80.88349955555556, 25.8813295],
					[-80.8842005, 25.880414833333333],
					[-80.88491011111111, 25.8801605],
					[-80.88536419444445, 25.880129888888888],
					[-80.88606225000001, 25.88028936111111],
					[-80.88690527777779, 25.881099972222223],
					[-80.88717150000001, 25.882114666666666],
					[-80.88724933333334, 25.883059444444445],
					[-80.88715569444444, 25.884139722222223],
					[-80.88645475000001, 25.88505438888889],
					[-80.8857938888889, 25.885346777777777]
				]
			},
			"properties":{
				"style": "solid",
				"thickness":1
			}
		},
		{
			"type": "Feature",
			"geometry": {
				"type": "LineString",
				"coordinates": [
					[-80.88179772222222, 25.885616055555555],
					[-80.87875516666666, 25.885821],
					[-80.8788861111111, 25.885192611111112],
					[-80.87916677777777, 25.884719333333333],
					[-80.87958708333332, 25.884277972222222],
					[-80.88046147222222, 25.883806],
					[-80.87978030555554, 25.883851888888888],
					[-80.87903008333333, 25.883613277777776],
					[-80.87854216666666, 25.883233083333334],
					[-80.87826102777777, 25.882591138888888],
					[-80.87820355555554, 25.881892805555555],
					[-80.8783731111111, 25.881179194444446],
					[-80.87883880555555, 25.88073477777778],
					[-80.87950641666666, 25.880524583333333],
					[-80.88027838888888, 25.880472583333333],
					[-80.88097305555554, 25.880591],
					[-80.88141894444443, 25.881015333333334]
				]
			},
			"properties":{
				"style": "solid",
				"thickness":1
			}
		},
		{
			"type": "Feature",
			"geometry": {
				"type": "LineString",
				"coordinates": [
					[-80.87662083333332, 25.88596475],
					[-80.87285166666666, 25.8862185]
				]
			},
			"properties":{
				"style": "solid",
				"thickness":1
			}
		},
		{
			"type": "Feature",
			"geometry": {
				"type": "LineString",
				"coordinates": [
					[-80.87471355555554, 25.886093166666665],
					[-80.87428433333332, 25.880876222222224]
				]
			},
			"properties":{
				"style": "solid",
				"thickness":1
			}
		},
		{
			"type": "Feature",
			"geometry": {
				"type": "LineString",
				"coordinates": [
					[-80.87056075, 25.881126861111113],
					[-80.87098980555555, 25.886343805555555],
					[-80.8669733611111, 25.88136825],
					[-80.86740227777777, 25.886585194444443]
				]
			},
			"properties":{
				"style": "solid",
				"thickness":1
			}
		},
		{
			"type": "Feature",
			"geometry": {
				"type": "LineString",
				"coordinates": [
					[-80.8655403611111, 25.886710444444443],
					[-80.86177116666666, 25.886963916666666]
				]
			},
			"properties":{
				"style": "solid",
				"thickness":1
			}
		},
		{
			"type": "Feature",
			"geometry": {
				"type": "LineString",
				"coordinates": [
					[-80.86363305555555, 25.886838722222222],
					[-80.86320433333333, 25.88162175]
				]
			},
			"properties":{
				"style": "solid",
				"thickness":1
			}
		},
		{
			"type": "Feature",
			"geometry": {
				"type": "LineString",
				"coordinates": [
					[-80.85990925, 25.887089083333333],
					[-80.85678694444444, 25.884655388888888],
					[-80.85948069444444, 25.88187211111111]
				]
			},
			"properties":{
				"style": "solid",
				"thickness":1
			}
		},
		{
			"type": "Feature",
			"geometry": {
				"type": "LineString",
				"coordinates": [
					[-80.85205288888888, 25.887616972222222],
					[-80.85486847222222, 25.887427833333334],
					[-80.85489316666666, 25.88494786111111],
					[-80.85384036111111, 25.885472944444444],
					[-80.8530683611111, 25.885524805555555],
					[-80.85232155555555, 25.88532713888889],
					[-80.85183033333333, 25.884905777777778],
					[-80.85155269444444, 25.88430483333333],
					[-80.85149874999999, 25.88364758333333],
					[-80.8516718611111, 25.882975083333335],
					[-80.85209225, 25.882533777777777],
					[-80.85307780555554, 25.882302361111112],
					[-80.85375897222222, 25.88225661111111],
					[-80.85427197222222, 25.88238736111111],
					[-80.85471777777778, 25.88281177777778]
				]
			},
			"properties":{
				"style": "solid",
				"thickness":1
			}
		},
		{
			"type": "Feature",
			"geometry": {
				"type": "LineString",
				"coordinates": [
					[-80.8482836111111, 25.887870083333333],
					[-80.84782949999999, 25.887900583333334],
					[-80.8470338611111, 25.887664861111112],
					[-80.84623649999999, 25.88685097222222],
					[-80.84597058333333, 25.885836194444444],
					[-80.84589308333332, 25.88489138888889],
					[-80.8459905, 25.88385222222222],
					[-80.84669172222222, 25.88293775],
					[-80.84740144444444, 25.882683555555555],
					[-80.84785555555555, 25.882653083333334],
					[-80.84855355555555, 25.88281275],
					[-80.84939633333333, 25.883623555555555],
					[-80.84966227777777, 25.88463833333333],
					[-80.84973980555556, 25.88558313888889],
					[-80.84964580555555, 25.886663388888888],
					[-80.84894458333333, 25.887577888888888],
					[-80.8482836111111, 25.887870083333333]
				]
			},
			"properties":{
				"style": "solid",
				"thickness":1
			}
		},
		{
			"type": "Feature",
			"geometry": {
				"type": "LineString",
				"coordinates": [
					[-80.84265238888888, 25.888248055555554],
					[-80.84219825, 25.88827852777778],
					[-80.84140263888888, 25.888042777777777],
					[-80.84060530555556, 25.88722886111111],
					[-80.84033944444444, 25.886214083333332],
					[-80.840262, 25.885269277777777],
					[-80.84035944444445, 25.884230111111112],
					[-80.84106072222222, 25.883315638888888],
					[-80.84177044444444, 25.8830615],
					[-80.84222455555555, 25.88303102777778],
					[-80.84292258333333, 25.883190722222224],
					[-80.84376533333332, 25.884001583333333],
					[-80.84403119444444, 25.88501636111111],
					[-80.84410869444444, 25.885961166666664],
					[-80.84401463888888, 25.887041416666666],
					[-80.8433133611111, 25.88795588888889],
					[-80.84265238888888, 25.888248055555554]
				]
			},
			"properties":{
				"style": "solid",
				"thickness":1
			}
		},
		{
			"type": "Feature",
			"geometry": {
				"type": "LineString",
				"coordinates": [
					[-80.83702111111111, 25.888625833333332],
					[-80.83656697222222, 25.888656277777777],
					[-80.83577138888889, 25.8884205],
					[-80.83497408333334, 25.887606555555553],
					[-80.83470827777778, 25.88659175],
					[-80.83463086111111, 25.885646916666666],
					[-80.8347283611111, 25.884607777777777],
					[-80.83542966666666, 25.883693333333333],
					[-80.83613941666667, 25.883439222222222],
					[-80.83659355555555, 25.883408777777777],
					[-80.83729155555555, 25.8835685],
					[-80.83813425, 25.88437936111111],
					[-80.83840008333333, 25.885394166666668],
					[-80.83847752777777, 25.886338972222223],
					[-80.83838344444445, 25.88741922222222],
					[-80.8376821111111, 25.888333666666668],
					[-80.83702111111111, 25.888625833333332]
				]
			},
			"properties":{
				"style": "solid",
				"thickness":1
			}
		},
		{
			"type": "Feature",
			"geometry": {
				"type": "LineString",
				"coordinates": [
					[-80.48349286111112, 25.284855250000003],
					[-80.48442572222223, 25.285166333333336],
					[-80.48546513888888, 25.285098861111113],
					[-80.48638511111112, 25.284667444444445],
					[-80.48674016666666, 25.28398363888889],
					[-80.48672080555555, 25.28373711111111],
					[-80.48622047222223, 25.28315013888889],
					[-80.48350258333333, 25.282087722222222],
					[-80.4830055, 25.281541833333332],
					[-80.48301197222223, 25.28104586111111],
					[-80.48336705555556, 25.280362055555553],
					[-80.48410625, 25.279942388888887],
					[-80.48519080555556, 25.27987197222222],
					[-80.48570080555555, 25.280004027777778],
					[-80.48645933333333, 25.280409055555555]
				]
			},
			"properties":{
				"style": "solid",
				"thickness":1
			}
		},
		{
			"type": "Feature",
			"geometry": {
				"type": "LineString",
				"coordinates": [
					[-80.48139788888889, 25.285362916666667],
					[-80.47909016666667, 25.280268],
					[-80.47764694444444, 25.285606333333334]
				]
			},
			"properties":{
				"style": "solid",
				"thickness":1
			}
		},
		{
			"type": "Feature",
			"geometry": {
				"type": "LineString",
				"coordinates": [
					[-80.47538458333334, 25.280508444444443],
					[-80.47579408333334, 25.285726555555556]
				]
			},
			"properties":{
				"style": "solid",
				"thickness":1
			}
		},
		{
			"type": "Feature",
			"geometry": {
				"type": "LineString",
				"coordinates": [
					[-80.47079391666666, 25.28567913888889],
					[-80.47112316666667, 25.285823],
					[-80.47168158333334, 25.28599327777778],
					[-80.47222388888889, 25.285958111111114],
					[-80.47293086111111, 25.28570577777778],
					[-80.47363141666666, 25.284793111111114],
					[-80.47374769444444, 25.28395963888889],
					[-80.47367677777778, 25.283055722222223],
					[-80.47352513888889, 25.282280916666664],
					[-80.47308302777778, 25.281277166666666],
					[-80.47255047222222, 25.280857444444443],
					[-80.47181455555555, 25.28073997222222],
					[-80.47065569444445, 25.28102161111111],
					[-80.47023602777777, 25.28146177777778],
					[-80.47001322222222, 25.282095666666667],
					[-80.47008419444445, 25.282421444444445],
					[-80.47034880555556, 25.28289986111111],
					[-80.47088780555556, 25.283401750000003],
					[-80.47157858333334, 25.28352213888889],
					[-80.47207891666667, 25.283531],
					[-80.4727858611111, 25.283278666666664],
					[-80.47319908333334, 25.28275633333333],
					[-80.47336055555556, 25.281919916666666]
				]
			},
			"properties":{
				"style": "solid",
				"thickness":1
			}
		},
		{
			"type": "Feature",
			"geometry": {
				"type": "LineString",
				"coordinates": [
					[-80.46639122222223, 25.283982305555558],
					[-80.46572944444445, 25.284231694444447],
					[-80.46547761111111, 25.284495777777778],
					[-80.46534516666667, 25.285123805555557],
					[-80.4653645, 25.285370333333336],
					[-80.465642, 25.286013083333334],
					[-80.46592602777778, 25.286159861111113],
					[-80.466846, 25.28630675],
					[-80.46777891666667, 25.28603977777778],
					[-80.46803719444445, 25.28585786111111],
					[-80.46821161111112, 25.285185805555557],
					[-80.46819227777777, 25.28493927777778],
					[-80.46796316666666, 25.284334694444446],
					[-80.46767269444445, 25.284105750000002],
					[-80.46697872222222, 25.28394425],
					[-80.46639122222223, 25.283982305555558],
					[-80.46569080555555, 25.28373863888889],
					[-80.46520022222222, 25.28327486111111],
					[-80.46492916666666, 25.282714277777778],
					[-80.46491308333334, 25.28250883333333],
					[-80.46503908333334, 25.281798638888887],
					[-80.46550075, 25.281314444444444],
					[-80.46612052777778, 25.28110911111111],
					[-80.46675322222222, 25.28106811111111],
					[-80.46739877777777, 25.281191444444442],
					[-80.46793130555555, 25.281611194444444],
					[-80.46816361111111, 25.282256888888888],
					[-80.46818294444445, 25.282503388888887],
					[-80.46800208333333, 25.283093277777777],
					[-80.46758883333334, 25.283615611111113],
					[-80.46697872222222, 25.28394425]
				]
			},
			"properties":{
				"style": "solid",
				"thickness":1
			}
		},
		{
			"type": "Feature",
			"geometry": {
				"type": "LineString",
				"coordinates": [
					[-80.46311808333334, 25.283946611111112],
					[-80.46031619444445, 25.284128111111112]
				]
			},
			"properties":{
				"style": "solid",
				"thickness":1
			}
		},
		{
			"type": "Feature",
			"geometry": {
				"type": "LineString",
				"coordinates": [
					[-80.45699397222222, 25.28694491666667],
					[-80.45654202777779, 25.286974166666667],
					[-80.45575122222222, 25.28673627777778],
					[-80.45496055555556, 25.28592025],
					[-80.45469936111111, 25.284904750000003],
					[-80.45462536111111, 25.283959722222225],
					[-80.45472569444445, 25.282920833333332],
					[-80.4554263888889, 25.28200825],
					[-80.45613336111111, 25.281755999999998],
					[-80.45658527777778, 25.28172675],
					[-80.45727922222223, 25.281888305555555],
					[-80.45811505555555, 25.28270138888889],
					[-80.45837627777777, 25.28371688888889],
					[-80.45845030555556, 25.284661916666668],
					[-80.45835322222223, 25.28574188888889],
					[-80.45765255555555, 25.2866545],
					[-80.45699397222222, 25.28694491666667]
				]
			},
			"properties":{
				"style": "solid",
				"thickness":1
			}
		},
		{
			"type": "Feature",
			"geometry": {
				"type": "LineString",
				"coordinates": [
					[-80.44949613888889, 25.284002555555556],
					[-80.45274997222222, 25.28379202777778],
					[-80.45276605555556, 25.283997472222225],
					[-80.45048613888889, 25.287366083333335],
					[-80.45016977777777, 25.287386555555557],
					[-80.44976138888889, 25.28216836111111]
				]
			},
			"properties":{
				"style": "solid",
				"thickness":1
			}
		},
		{
			"type": "Feature",
			"geometry": {
				"type": "LineString",
				"coordinates": [
					[-80.44786491666667, 25.28753563888889],
					[-80.44384127777778, 25.282551249999997]
				]
			},
			"properties":{
				"style": "solid",
				"thickness":1
			}
		},
		{
			"type": "Feature",
			"geometry": {
				"type": "LineString",
				"coordinates": [
					[-80.44745661111112, 25.28231747222222],
					[-80.44424944444445, 25.287769444444447]
				]
			},
			"properties":{
				"style": "solid",
				"thickness":1
			}
		},
		{
			"type": "Feature",
			"geometry": {
				"type": "LineString",
				"coordinates": [
					[-80.43932330555556, 25.288087861111112],
					[-80.44212533333334, 25.28790675],
					[-80.4421585, 25.285426861111112],
					[-80.44110922222222, 25.285948944444446],
					[-80.44034094444444, 25.285998583333335],
					[-80.43959858333334, 25.285798805555558],
					[-80.43911130555556, 25.28537602777778],
					[-80.43883716666667, 25.28477430555556],
					[-80.43878577777778, 25.284116888888892],
					[-80.43896033333334, 25.28344488888889],
					[-80.4393801388889, 25.283004805555553],
					[-80.44036150000001, 25.282776194444445],
					[-80.4410393888889, 25.28273238888889],
					[-80.44154936111111, 25.282864583333332],
					[-80.44199141666667, 25.283290277777777]
				]
			},
			"properties":{
				"style": "solid",
				"thickness":1
			}
		},
		{
			"type": "Feature",
			"geometry": {
				"type": "LineString",
				"coordinates": [
					[-80.43679133333333, 25.283006888888888],
					[-80.43719919444445, 25.288225111111114]
				]
			},
			"properties":{
				"style": "solid",
				"thickness":1
			}
		},
		{
			"type": "Feature",
			"geometry": {
				"type": "LineString",
				"coordinates": [
					[-80.43530105555556, 25.288347722222223],
					[-80.43220319444445, 25.285904861111113],
					[-80.43489327777777, 25.283129499999998]
				]
			},
			"properties":{
				"style": "solid",
				"thickness":1
			}
		},
		{
			"type": "Feature",
			"geometry": {
				"type": "LineString",
				"coordinates": [
					[-80.42748241666668, 25.28885252777778],
					[-80.43028447222223, 25.28867166666667],
					[-80.4303178888889, 25.28619177777778],
					[-80.42926855555557, 25.28671375],
					[-80.42850027777779, 25.286763361111113],
					[-80.42775791666668, 25.286563500000003],
					[-80.42727069444445, 25.286140694444445],
					[-80.42699661111112, 25.285538944444447],
					[-80.42694527777778, 25.28488152777778],
					[-80.42711991666667, 25.28420952777778],
					[-80.42753975000001, 25.283769472222225],
					[-80.42852116666667, 25.283540944444447],
					[-80.42919905555556, 25.283497194444447],
					[-80.429709, 25.283629444444447],
					[-80.43015102777778, 25.28405516666667]
				]
			},
			"properties":{
				"style": "solid",
				"thickness":1
			}
		},
		{
			"type": "Feature",
			"geometry": {
				"type": "LineString",
				"coordinates": [
					[-80.42373127777778, 25.289094583333334],
					[-80.42327933333334, 25.289123722222225],
					[-80.42248858333333, 25.28888566666667],
					[-80.4216981388889, 25.288069444444446],
					[-80.42143719444445, 25.28705388888889],
					[-80.42136344444445, 25.286108861111114],
					[-80.42146408333333, 25.285069972222225],
					[-80.42216502777778, 25.284157555555556],
					[-80.42287208333333, 25.283905472222223],
					[-80.42332400000001, 25.283876333333335],
					[-80.42401794444444, 25.28403802777778],
					[-80.42485355555556, 25.284851333333336],
					[-80.42511452777778, 25.285866861111113],
					[-80.42518827777778, 25.286811916666668],
					[-80.42509091666668, 25.28789188888889],
					[-80.42438994444444, 25.28880430555556],
					[-80.42373127777778, 25.289094583333334]
				]
			},
			"properties":{
				"style": "solid",
				"thickness":1
			}
		},
		{
			"type": "Feature",
			"geometry": {
				"type": "LineString",
				"coordinates": [
					[-80.41812711111112, 25.289456],
					[-80.41767516666667, 25.28948513888889],
					[-80.41688441666668, 25.289247055555556],
					[-80.41609402777779, 25.288430805555556],
					[-80.4158331388889, 25.287415250000002],
					[-80.41575941666667, 25.286470194444448],
					[-80.41586011111112, 25.285431333333335],
					[-80.41656108333333, 25.284518944444446],
					[-80.41726816666667, 25.28426688888889],
					[-80.41772008333334, 25.284237750000003],
					[-80.418414, 25.284399472222223],
					[-80.41924961111111, 25.285212805555556],
					[-80.41951052777779, 25.286228361111114],
					[-80.41958425, 25.287173388888892],
					[-80.41948680555556, 25.288253361111114],
					[-80.41878580555556, 25.28916577777778],
					[-80.41812711111112, 25.289456]
				]
			},
			"properties":{
				"style": "solid",
				"thickness":1
			}
		},
		{
			"type": "Feature",
			"geometry": {
				"type": "LineString",
				"coordinates": [
					[-80.41252294444445, 25.289817222222222],
					[-80.41207097222222, 25.289846361111113],
					[-80.41128025, 25.289608222222224],
					[-80.41048986111112, 25.288791944444448],
					[-80.41022902777779, 25.287776361111113],
					[-80.41015536111112, 25.286831333333335],
					[-80.41025608333334, 25.285792472222223],
					[-80.41095713888889, 25.284880083333334],
					[-80.41166419444446, 25.284628055555558],
					[-80.41211613888889, 25.284598944444447],
					[-80.41281005555557, 25.284760694444447],
					[-80.41364561111112, 25.285574055555557],
					[-80.41390647222222, 25.28658963888889],
					[-80.41398016666668, 25.28753466666667],
					[-80.41388266666667, 25.28861463888889],
					[-80.4131816388889, 25.289527000000003],
					[-80.41252294444445, 25.289817222222222]
				]
			},
			"properties":{
				"style": "solid",
				"thickness":1
			}
		},
		{
			"type": "Feature",
			"geometry": {
				"type": "LineString",
				"coordinates": [
					[-80.15082655555557, 26.398568472222223],
					[-80.1517673888889, 26.398881694444444],
					[-80.15281680555556, 26.398816611111112],
					[-80.15374669444445, 26.398387361111112],
					[-80.15410705555556, 26.397704444444443],
					[-80.15408819444445, 26.397457916666667],
					[-80.15358480555557, 26.39686986111111],
					[-80.15084419444445, 26.395801277777778],
					[-80.15034394444444, 26.395254305555554],
					[-80.15035188888889, 26.39475838888889],
					[-80.15071225000001, 26.394075472222223],
					[-80.15145961111112, 26.393657555555556],
					[-80.15255461111111, 26.393589638888887],
					[-80.15306905555556, 26.39372286111111],
					[-80.1538336388889, 26.39412958333333]
				]
			},
			"properties":{
				"style": "solid",
				"thickness":1
			}
		},
		{
			"type": "Feature",
			"geometry": {
				"type": "LineString",
				"coordinates": [
					[-80.14871033333334, 26.39907125],
					[-80.14639516666668, 26.393971555555556],
					[-80.14492322222223, 26.399306]
				]
			},
			"properties":{
				"style": "solid",
				"thickness":1
			}
		},
		{
			"type": "Feature",
			"geometry": {
				"type": "LineString",
				"coordinates": [
					[-80.14265383333334, 26.39420338888889],
					[-80.14305247222222, 26.399421916666665]
				]
			},
			"properties":{
				"style": "solid",
				"thickness":1
			}
		},
		{
			"type": "Feature",
			"geometry": {
				"type": "LineString",
				"coordinates": [
					[-80.13800516666667, 26.39936297222222],
					[-80.13833711111111, 26.399507555555555],
					[-80.13890033333334, 26.399679083333332],
					[-80.13944786111112, 26.399645194444442],
					[-80.14016222222223, 26.399394527777776],
					[-80.140872, 26.398483555555554],
					[-80.14099175000001, 26.397650444444444],
					[-80.14092269444446, 26.396746444444442],
					[-80.14077180555556, 26.39597138888889],
					[-80.14032836111112, 26.39496672222222],
					[-80.13979194444445, 26.394545805555556],
					[-80.13904938888889, 26.394426666666668],
					[-80.13787877777779, 26.394705583333334],
					[-80.1374538888889, 26.395144722222224],
					[-80.13722719444445, 26.395778055555557],
					[-80.13729791666667, 26.396103944444445],
					[-80.13756369444445, 26.396582916666667],
					[-80.13810636111111, 26.397086027777778],
					[-80.13880333333334, 26.397208],
					[-80.13930836111112, 26.397218],
					[-80.14002269444445, 26.396967333333333],
					[-80.14044133333334, 26.396446],
					[-80.14060669444446, 26.395610055555554]
				]
			},
			"properties":{
				"style": "solid",
				"thickness":1
			}
		},
		{
			"type": "Feature",
			"geometry": {
				"type": "LineString",
				"coordinates": [
					[-80.13356558333334, 26.39765611111111],
					[-80.1328968611111, 26.397903916666667],
					[-80.13264188888888, 26.398167416666666],
					[-80.13250641666666, 26.398795083333333],
					[-80.13252522222221, 26.399041611111112],
					[-80.13280352777777, 26.399684944444445],
					[-80.1330898611111, 26.39983236111111],
					[-80.13401811111112, 26.39998136111111],
					[-80.13496061111111, 26.399716583333333],
					[-80.13522183333335, 26.399535277777776],
					[-80.13539980555556, 26.398863694444444],
					[-80.13538097222222, 26.398617166666668],
					[-80.13515141666667, 26.398012083333334],
					[-80.13485883333334, 26.397782499999998],
					[-80.13415875000001, 26.397619388888888],
					[-80.13356558333334, 26.39765611111111],
					[-80.13285922222222, 26.397410833333332],
					[-80.13236533333333, 26.396945972222223],
					[-80.13209330555554, 26.396384833333332],
					[-80.13207763888889, 26.39617936111111],
					[-80.13220683333333, 26.395469527777777],
					[-80.13267425, 26.39498647222222],
					[-80.13330047222222, 26.39478258333333],
					[-80.13393925000001, 26.39474302777778],
					[-80.13459055555556, 26.39486786111111],
					[-80.13512694444445, 26.395288805555555],
					[-80.1353596388889, 26.395934944444445],
					[-80.13537844444446, 26.3961815],
					[-80.13519422222222, 26.396770888888888],
					[-80.13477558333334, 26.397292222222223],
					[-80.13415875000001, 26.397619388888888]
				]
			},
			"properties":{
				"style": "solid",
				"thickness":1
			}
		},
		{
			"type": "Feature",
			"geometry": {
				"type": "LineString",
				"coordinates": [
					[-80.13026161111111, 26.39761286111111],
					[-80.12743269444444, 26.397787833333332]
				]
			},
			"properties":{
				"style": "solid",
				"thickness":1
			}
		},
		{
			"type": "Feature",
			"geometry": {
				"type": "LineString",
				"coordinates": [
					[-80.12407105555555, 26.400596666666665],
					[-80.12361477777777, 26.40062486111111],
					[-80.12281716666666, 26.400385166666666],
					[-80.12202133333332, 26.399567388888887],
					[-80.12176052777777, 26.398551388888887],
					[-80.12168849999999, 26.397606305555556],
					[-80.12179272222221, 26.39656775],
					[-80.1225026111111, 26.395656888888887],
					[-80.123217, 26.395406305555554],
					[-80.12367325, 26.395378083333334],
					[-80.12437333333332, 26.39554122222222],
					[-80.12521475, 26.396356194444444],
					[-80.12547558333333, 26.397372166666667],
					[-80.12554763888888, 26.398317277777778],
					[-80.12544658333333, 26.399396916666667],
					[-80.12473669444444, 26.400307805555553],
					[-80.12407105555555, 26.400596666666665]
				]
			},
			"properties":{
				"style": "solid",
				"thickness":1
			}
		},
		{
			"type": "Feature",
			"geometry": {
				"type": "LineString",
				"coordinates": [
					[-80.11692475, 26.40066672222222],
					[-80.11725669444444, 26.40081136111111],
					[-80.11781988888889, 26.400983],
					[-80.11836744444444, 26.400949166666667],
					[-80.1190818611111, 26.40069858333333],
					[-80.11979177777778, 26.399787749999998],
					[-80.11991169444444, 26.39895463888889],
					[-80.11984280555555, 26.39805063888889],
					[-80.11969205555555, 26.397275555555556],
					[-80.11924877777777, 26.396270833333332],
					[-80.11871244444444, 26.395849833333333],
					[-80.11796988888888, 26.395730583333332],
					[-80.11679922222221, 26.396009333333332],
					[-80.11637424999999, 26.396448416666665],
					[-80.11614741666666, 26.397081694444445],
					[-80.11621808333332, 26.39740761111111],
					[-80.11648377777777, 26.39788661111111],
					[-80.11702638888889, 26.398389805555556],
					[-80.11772333333333, 26.398511888888887],
					[-80.11822836111111, 26.398521972222223],
					[-80.11894277777778, 26.398271388888887],
					[-80.11936147222221, 26.39775011111111],
					[-80.11952699999999, 26.396914194444445]
				]
			},
			"properties":{
				"style": "solid",
				"thickness":1
			}
		},
		{
			"type": "Feature",
			"geometry": {
				"type": "LineString",
				"coordinates": [
					[-80.11179791666666, 26.398960416666664],
					[-80.11133352777777, 26.3994845],
					[-80.11115230555555, 26.400114944444443],
					[-80.11116794444443, 26.400320388888886],
					[-80.11144924999999, 26.401004861111108],
					[-80.1122531111111, 26.401326805555556],
					[-80.11458022222222, 26.40118311111111],
					[-80.11418283333333, 26.395964499999998],
					[-80.11158205555554, 26.39612511111111],
					[-80.11088016666666, 26.396539999999998],
					[-80.11065958333333, 26.397255444444443],
					[-80.11070649999999, 26.397871833333333],
					[-80.11102719444443, 26.398471277777777],
					[-80.11179791666666, 26.398960416666664],
					[-80.11439872222222, 26.398799805555555]
				]
			},
			"properties":{
				"style": "solid",
				"thickness":1
			}
		},
		{
			"type": "Feature",
			"geometry": {
				"type": "LineString",
				"coordinates": [
					[-80.10542177777778, 26.400716305555555],
					[-80.1062175, 26.401534194444444],
					[-80.10696008333333, 26.4016535],
					[-80.10746202777777, 26.401622527777775],
					[-80.10813394444443, 26.401415916666664],
					[-80.10884397222222, 26.40050513888889],
					[-80.10893894444443, 26.399343305555554],
					[-80.10889202777777, 26.398726944444444],
					[-80.10886074999999, 26.398316027777778],
					[-80.10878699999999, 26.397949027777777],
					[-80.10860008333333, 26.397299999999998],
					[-80.1077618611111, 26.396526055555555],
					[-80.10706494444445, 26.396403916666667],
					[-80.10665430555555, 26.39642925],
					[-80.10589113888888, 26.3966415],
					[-80.10517797222222, 26.397511166666668]
				]
			},
			"properties":{
				"style": "solid",
				"thickness":1
			}
		},
		{
			"type": "Feature",
			"geometry": {
				"type": "LineString",
				"coordinates": [
					[-80.1036291111111, 26.401858999999998],
					[-80.09984183333333, 26.402092555555555]
				]
			},
			"properties":{
				"style": "solid",
				"thickness":1
			}
		},
		{
			"type": "Feature",
			"geometry": {
				"type": "LineString",
				"coordinates": [
					[-80.10171266666666, 26.40197719444444],
					[-80.10131583333333, 26.396758583333334]
				]
			},
			"properties":{
				"style": "solid",
				"thickness":1
			}
		},
		{
			"type": "Feature",
			"geometry": {
				"type": "LineString",
				"coordinates": [
					[-80.097971, 26.40220788888889],
					[-80.09485086111111, 26.399758],
					[-80.0975743611111, 26.39698925]
				]
			},
			"properties":{
				"style": "solid",
				"thickness":1
			}
		},
		{
			"type": "Feature",
			"geometry": {
				"type": "LineString",
				"coordinates": [
					[-80.09007697222222, 26.402694277777776],
					[-80.09290605555555, 26.402520027777776],
					[-80.09294691666666, 26.40004047222222],
					[-80.09188613888888, 26.400559944444442],
					[-80.09111044444444, 26.400607722222222],
					[-80.09036163888888, 26.400406138888886],
					[-80.08987102777778, 26.39998222222222],
					[-80.08959605555555, 26.399379888888888],
					[-80.08954613888888, 26.398722444444445],
					[-80.08972436111111, 26.398050916666666],
					[-80.09014944444444, 26.39761188888889],
					[-80.09114077777777, 26.397385694444445],
					[-80.09182519444444, 26.397343527777778],
					[-80.09233958333333, 26.397476972222222],
					[-80.09278458333333, 26.397903694444445]
				]
			},
			"properties":{
				"style": "solid",
				"thickness":1
			}
		},
		{
			"type": "Feature",
			"geometry": {
				"type": "LineString",
				"coordinates": [
					[-80.08628963888889, 26.40292747222222],
					[-80.08583333333333, 26.40295558333333],
					[-80.08503577777778, 26.402715666666666],
					[-80.08424019444443, 26.401897694444443],
					[-80.08397972222222, 26.400881638888887],
					[-80.083908, 26.3999365],
					[-80.08401255555555, 26.398897972222223],
					[-80.08472275, 26.397987305555557],
					[-80.08543722222221, 26.397736916666666],
					[-80.0858935, 26.397708833333333],
					[-80.08659352777778, 26.39787213888889],
					[-80.08743472222221, 26.398687305555555],
					[-80.08769522222222, 26.39970336111111],
					[-80.087767, 26.400648472222223],
					[-80.08766558333333, 26.401728111111108],
					[-80.08695538888888, 26.402638805555554],
					[-80.08628963888889, 26.40292747222222]
				]
			},
			"properties":{
				"style": "solid",
				"thickness":1
			}
		},
		{
			"type": "Feature",
			"geometry": {
				"type": "LineString",
				"coordinates": [
					[-80.08063141666666, 26.403275694444442],
					[-80.0801751111111, 26.403303777777776],
					[-80.07937758333333, 26.40306383333333],
					[-80.07858202777777, 26.402245833333332],
					[-80.07832158333333, 26.40122975],
					[-80.07824991666666, 26.400284638888888],
					[-80.07835452777778, 26.39924611111111],
					[-80.07906477777777, 26.39833547222222],
					[-80.07977925, 26.39808508333333],
					[-80.08023552777777, 26.398057027777778],
					[-80.08093555555556, 26.39822036111111],
					[-80.08177672222222, 26.399035583333333],
					[-80.08203716666667, 26.400051638888886],
					[-80.08210888888888, 26.400996749999997],
					[-80.08200744444444, 26.402076388888887],
					[-80.08129719444445, 26.402987027777776],
					[-80.08063141666666, 26.403275694444442]
				]
			},
			"properties":{
				"style": "solid",
				"thickness":1
			}
		},
		{
			"type": "Feature",
			"geometry": {
				"type": "LineString",
				"coordinates": [
					[-80.07497319444444, 26.403623694444445],
					[-80.0745168611111, 26.403651749999998],
					[-80.07371933333333, 26.403411805555553],
					[-80.07292383333333, 26.402593749999998],
					[-80.07266344444444, 26.401577666666665],
					[-80.07259180555555, 26.400632527777777],
					[-80.07269647222222, 26.399594027777777],
					[-80.07340674999999, 26.398683388888887],
					[-80.07412124999999, 26.398433055555554],
					[-80.07457752777778, 26.398405],
					[-80.07527755555556, 26.39856838888889],
					[-80.07611866666666, 26.399383611111112],
					[-80.07637908333334, 26.40039969444444],
					[-80.07645074999999, 26.401344805555553],
					[-80.07634924999999, 26.402424416666666],
					[-80.07563894444444, 26.403335055555555],
					[-80.07497319444444, 26.403623694444445]
				]
			},
			"properties":{
				"style": "solid",
				"thickness":1
			}
		},
		{
			"type": "Feature",
			"geometry": {
				"type": "LineString",
				"coordinates": [
					[-79.02366855555556, 27.07285686111111],
					[-79.02376569444445, 27.099233138888888],
					[-79.02465708333334, 27.12599175],
					[-79.02637786111111, 27.153111749999997],
					[-79.02896288888888, 27.180569944444446],
					[-79.03244658333334, 27.208340805555554],
					[-79.03686266666666, 27.23639627777778],
					[-79.04224402777777, 27.264705916666667],
					[-79.04862233333333, 27.29323680555556],
					[-79.05602797222222, 27.3219535],
					[-79.06448969444445, 27.350818166666667],
					[-79.07403433333333, 27.379790500000002],
					[-79.08468663888888, 27.408827805555553],
					[-79.09646891666667, 27.43788522222222],
					[-79.10940074999999, 27.466915583333332],
					[-79.12349883333333, 27.495869833333334],
					[-79.1387766388889, 27.524696944444443],
					[-79.15524416666668, 27.55334427777778],
					[-79.17290775000001, 27.581757694444445],
					[-79.19176977777778, 27.60988188888889],
					[-79.21182855555556, 27.6376605],
					[-79.23307813888889, 27.66503661111111],
					[-79.25550811111111, 27.69195288888889],
					[-79.27910358333334, 27.718351916666666],
					[-79.30384502777777, 27.744176694444445],
					[-79.32970833333333, 27.769370777777777],
					[-79.35666472222222, 27.79387877777778],
					[-79.38468086111112, 27.817646694444445],
					[-79.41371894444445, 27.840622222222223],
					[-79.44373680555556, 27.86275513888889],
					[-79.4746881111111, 27.883997694444442],
					[-79.50652261111111, 27.904304888888888],
					[-79.53918627777777, 27.92363475],
					[-79.5726218611111, 27.94194866666667],
					[-79.60676888888888, 27.95921161111111],
					[-79.64156430555556, 27.975392416666665],
					[-79.67694275000001, 27.990463916666666],
					[-79.71283691666667, 28.004403055555557],
					[-79.74917805555556, 28.017191083333334],
					[-79.78589636111111, 28.028813638888888],
					[-79.82292149999999, 28.03926063888889],
					[-79.8601828611111, 28.048526416666668],
					[-79.89761019444445, 28.056609666666667],
					[-79.9351338888889, 28.06351325],
					[-79.97268538888889, 28.069244166666667],
					[-80.01019761111111, 28.07381338888889],
					[-80.04760530555555, 28.077235694444443],
					[-80.08484527777777, 28.079529416666666],
					[-80.12185680555555, 28.080716194444445],
					[-80.15858183333334, 28.080820805555554],
					[-80.19496519444445, 28.079870833333334],
					[-80.23095480555556, 28.0778965],
					[-80.26650180555555, 28.074930194444445],
					[-80.30156069444445, 28.07100636111111],
					[-80.33608944444444, 28.066161166666667],
					[-80.37004947222222, 28.060432194444445],
					[-80.40340569444444, 28.053858138888888],
					[-80.43612655555556, 28.046478611111112],
					[-80.46818391666667, 28.03833391666667],
					[-80.49955311111111, 28.029464694444442],
					[-80.53021269444444, 28.01991175],
					[-80.56014452777778, 28.009715833333335],
					[-80.5893335, 27.998917472222224],
					[-80.6177675, 27.987556805555556],
					[-80.64543725, 27.975673305555553],
					[-80.6723361388889, 27.963305805555557],
					[-80.69846008333333, 27.950492194444443],
					[-80.72397625, 27.937178666666668],
					[-80.74941647222222, 27.923081694444445],
					[-80.77478586111111, 27.90816322222222],
					[-80.80004447222223, 27.892408333333332],
					[-80.82515044444445, 27.87580363888889],
					[-80.85005991666667, 27.858337527777778],
					[-80.8747271111111, 27.840000333333332],
					[-80.89910452777778, 27.820784444444445],
					[-80.92314300000001, 27.800684611111112],
					[-80.94679183333334, 27.779698027777776],
					[-80.96999908333333, 27.75782461111111],
					[-80.99271155555556, 27.735067027777777],
					[-81.01487522222222, 27.71143097222222],
					[-81.03643527777777, 27.686925277777778],
					[-81.05733661111111, 27.661562055555553],
					[-81.07752391666666, 27.63535675],
					[-81.09694205555554, 27.608328333333336],
					[-81.11553638888888, 27.580499222222222],
					[-81.1332531111111, 27.551895527777777],
					[-81.15003961111111, 27.522546833333333],
					[-81.16584477777778, 27.49248638888889],
					[-81.1806193888889, 27.46175088888889],
					[-81.19431647222223, 27.430380500000002],
					[-81.20689169444445, 27.39841872222222],
					[-81.21830363888888, 27.365912166666668],
					[-81.22851411111111, 27.33291047222222],
					[-81.23748861111112, 27.29946602777778],
					[-81.24519641666667, 27.265633722222223],
					[-81.25161102777778, 27.231470666666667],
					[-81.25671025, 27.197035916666668],
					[-81.26047647222222, 27.162390111111108],
					[-81.26289677777778, 27.127595166666666],
					[-81.26396311111111, 27.092713805555555],
					[-81.26367230555556, 27.057809333333335],
					[-81.26202611111111, 27.02294513888889],
					[-81.25903116666667, 26.98818438888889],
					[-81.254699, 26.953589555555556],
					[-81.24904586111111, 26.91922213888889],
					[-81.24209258333333, 26.88514225],
					[-81.23386438888889, 26.851408305555555],
					[-81.22439077777778, 26.818076694444443],
					[-81.21370505555556, 26.785201444444446],
					[-81.20184422222222, 26.752834027777777],
					[-81.18884869444445, 26.721023055555555],
					[-81.17476180555556, 26.689814083333335],
					[-81.15962961111111, 26.65924947222222],
					[-81.14350044444446, 26.629368222222222],
					[-81.12642469444444, 26.600205861111114],
					[-81.10845425, 26.571794444444443],
					[-81.0896423611111, 26.544162361111113],
					[-81.0700431111111, 26.517334527777777],
					[-81.04971116666667, 26.491332194444446],
					[-81.02870147222222, 26.466173194444444],
					[-81.00706891666667, 26.441871916666667],
					[-80.984868, 26.41843938888889],
					[-80.96215266666667, 26.395883444444443],
					[-80.93897597222222, 26.37420886111111],
					[-80.91538991666667, 26.353417500000003],
					[-80.89144519444446, 26.333508388888887],
					[-80.86719108333332, 26.314478055555558],
					[-80.84267527777777, 26.29632052777778],
					[-80.81794372222222, 26.279027694444444],
					[-80.7930405, 26.262589305555554],
					[-80.76800783333333, 26.246993333333336],
					[-80.74288591666667, 26.23222597222222],
					[-80.71771294444444, 26.218272027777775],
					[-80.69248266666668, 26.205093416666667],
					[-80.66666852777779, 26.192409083333335],
					[-80.64010533333334, 26.18016530555556],
					[-80.61279716666667, 26.168399194444447],
					[-80.58475052777777, 26.15714872222222],
					[-80.55597441666666, 26.1464525],
					[-80.52648044444445, 26.13634975],
					[-80.49628308333334, 26.126880083333333],
					[-80.46539969444444, 26.118083416666668],
					[-80.43385061111111, 26.109999611111114],
					[-80.40165936111111, 26.102668472222224],
					[-80.36885255555555, 26.09612936111111],
					[-80.33546016666666, 26.090421083333332],
					[-80.30151533333333, 26.085581583333333],
					[-80.2670546111111, 26.081647666666665],
					[-80.23211769444444, 26.07865486111111],
					[-80.19674766666667, 26.076636916666665],
					[-80.16099066666668, 26.075625777777777],
					[-80.12489591666666, 26.075651194444443],
					[-80.0885156111111, 26.07674038888889],
					[-80.05190466666666, 26.078917944444445],
					[-80.01512055555555, 26.082205416666667],
					[-79.9782231111111, 26.086621166666667],
					[-79.94127419444445, 26.092180055555556],
					[-79.90433750000001, 26.098893333333333],
					[-79.86747813888888, 26.106768472222225],
					[-79.83076233333333, 26.11580891666667],
					[-79.79425711111111, 26.12601397222222],
					[-79.75802983333334, 26.137378833333333],
					[-79.72214780555555, 26.149894444444445],
					[-79.686678, 26.163547444444443],
					[-79.65168650000001, 26.17832027777778],
					[-79.61723819444444, 26.19419125],
					[-79.58339627777778, 26.211134527777777],
					[-79.55022202777778, 26.229120444444444],
					[-79.51777427777778, 26.2481155],
					[-79.48610913888889, 26.268082694444445],
					[-79.45527972222223, 26.28898163888889],
					[-79.42533572222223, 26.310769027777777],
					[-79.39632327777778, 26.333398666666664],
					[-79.36828466666665, 26.356822027777778],
					[-79.34125822222222, 26.380988388888888],
					[-79.31527802777778, 26.405845305555555],
					[-79.29037397222223, 26.43133886111111],
					[-79.26657155555556, 26.45741411111111],
					[-79.24389191666667, 26.48401527777778],
					[-79.2223518888889, 26.511086305555555],
					[-79.2019638888889, 26.538570972222224],
					[-79.18273622222223, 26.566413361111113],
					[-79.16467302777778, 26.59455813888889],
					[-79.14777438888889, 26.62295075],
					[-79.13203672222221, 26.651537805555556],
					[-79.11745272222221, 26.680267194444447],
					[-79.10401166666666, 26.709088444444443],
					[-79.09169969444444, 26.73795275],
					[-79.08049997222221, 26.76681327777778],
					[-79.07039288888889, 26.79562527777778],
					[-79.06135647222222, 26.82434611111111],
					[-79.05336641666666, 26.852935444444444],
					[-79.04639658333333, 26.881355250000002],
					[-79.04041897222223, 26.909569916666666],
					[-79.03540419444444, 26.937546194444444],
					[-79.03132161111111, 26.965253277777776],
					[-79.0281395, 26.992662777777777],
					[-79.02582541666666, 27.01974863888889],
					[-79.02434627777778, 27.04648713888889],
					[-79.02366855555556, 27.07285686111111]
				]
			},
			"properties":{
				"style": "solid",
				"thickness":1
			}
		},
		{
			"type": "Feature",
			"geometry": {
				"type": "LineString",
				"coordinates": [
					[-78.9938175, 26.377377722222224],
					[-78.99391091666666, 26.40375994444444],
					[-78.99479383333333, 26.430524694444447],
					[-78.99650111111112, 26.45765108333333],
					[-78.99906747222222, 26.485115944444445],
					[-79.00252705555556, 26.512893694444443],
					[-79.00691341666666, 26.540956305555557],
					[-79.01225919444444, 26.56927333333333],
					[-79.01859588888888, 26.59781183333333],
					[-79.02595372222223, 26.626536416666667],
					[-79.03436119444444, 26.65540919444444],
					[-79.04384505555555, 26.68438986111111],
					[-79.05442980555556, 26.71343577777778],
					[-79.06613763888889, 26.742502],
					[-79.07898805555556, 26.771541444444445],
					[-79.0929976111111, 26.800504972222225],
					[-79.10817966666666, 26.829341583333335],
					[-79.12454419444444, 26.857998611111114],
					[-79.14209744444445, 26.886421944444443],
					[-79.16084180555556, 26.91455622222222],
					[-79.18077561111112, 26.94234513888889],
					[-79.20189288888889, 26.969731694444445],
					[-79.22418336111112, 26.996658555555555],
					[-79.24763213888889, 27.02306836111111],
					[-79.27221991666667, 27.04890402777778],
					[-79.29792263888889, 27.07410911111111],
					[-79.32471177777778, 27.09862822222222],
					[-79.35255416666666, 27.122407333333335],
					[-79.38141222222221, 27.14539411111111],
					[-79.41124408333334, 27.16753838888889],
					[-79.44200369444445, 27.188792305555555],
					[-79.4736411111111, 27.209110888888887],
					[-79.50610269444445, 27.228452138888887],
					[-79.53933147222222, 27.246777444444444],
					[-79.57326744444444, 27.26405175],
					[-79.60784794444444, 27.28024386111111],
					[-79.64300797222224, 27.295326583333335],
					[-79.67868069444445, 27.309276861111112],
					[-79.71479780555556, 27.322075944444443],
					[-79.75128994444445, 27.333709388888888],
					[-79.78808716666667, 27.344167166666665],
					[-79.82511941666667, 27.353443583333334],
					[-79.86231683333332, 27.361537277777778],
					[-79.89961022222222, 27.36845111111111],
					[-79.93693152777779, 27.37419211111111],
					[-79.97421405555556, 27.378771194444443],
					[-80.01139297222223, 27.38220311111111],
					[-80.0484055, 27.38450622222222],
					[-80.08519127777777, 27.38570211111111],
					[-80.12169263888889, 27.38581561111111],
					[-80.15785475000001, 27.38487425],
					[-80.19362583333334, 27.38290825],
					[-80.22895736111111, 27.379949972222224],
					[-80.26380411111111, 27.376033916666668],
					[-80.29812430555555, 27.371196166666667],
					[-80.3318796111111, 27.365474333333335],
					[-80.36503513888889, 27.358907138888892],
					[-80.39755952777779, 27.351534194444447],
					[-80.42942483333334, 27.34339575],
					[-80.46060647222222, 27.33453247222222],
					[-80.49108319444444, 27.324985166666668],
					[-80.5208368888889, 27.31479461111111],
					[-80.54985258333333, 27.304001305555555],
					[-80.57811819444444, 27.29264538888889],
					[-80.60562449999999, 27.28076638888889],
					[-80.63236491666666, 27.268403055555556],
					[-80.65833536111111, 27.25559336111111],
					[-80.68370205555556, 27.242283472222223],
					[-80.70899369444444, 27.22818997222222],
					[-80.73421533333334, 27.213274777777777],
					[-80.7593273611111, 27.197522972222224],
					[-80.78428813888888, 27.180921166666668],
					[-80.80905408333334, 27.163457694444443],
					[-80.83357972222221, 27.145122861111112],
					[-80.85781783333333, 27.125909111111113],
					[-80.88171961111111, 27.105811111111112],
					[-80.9052346388889, 27.08482611111111],
					[-80.92831125000001, 27.062953916666668],
					[-80.95089661111112, 27.040197250000002],
					[-80.97293702777777, 27.016561777777778],
					[-80.99437802777778, 26.992056333333334],
					[-81.01516477777778, 26.96669297222222],
					[-81.0352423611111, 26.94048713888889],
					[-81.05455588888888, 26.913457805555556],
					[-81.07305111111111, 26.88562738888889],
					[-81.09067449999999, 26.857021944444448],
					[-81.10737372222222, 26.827671083333332],
					[-81.12309794444444, 26.797608055555557],
					[-81.13779825, 26.7668695],
					[-81.15142791666668, 26.73549563888889],
					[-81.16394277777778, 26.703529916666668],
					[-81.17530166666667, 26.671018972222225],
					[-81.18546661111111, 26.638012444444445],
					[-81.19440322222222, 26.604562694444446],
					[-81.20208097222222, 26.570724666666667],
					[-81.20847341666666, 26.53655541666667],
					[-81.21355844444444, 26.502114083333332],
					[-81.21731855555555, 26.46746125],
					[-81.21974080555556, 26.432658833333335],
					[-81.22081716666666, 26.39776963888889],
					[-81.22054441666667, 26.36285691666667],
					[-81.21892425, 26.327984138888887],
					[-81.21596325, 26.293214416666668],
					[-81.21167277777778, 26.258610305555557],
					[-81.20606894444445, 26.224233277777778],
					[-81.19917241666667, 26.1901435],
					[-81.19100827777778, 26.156399388888886],
					[-81.18160572222223, 26.12305738888889],
					[-81.17099786111112, 26.0901715],
					[-81.15922147222223, 26.05779325],
					[-81.14631663888889, 26.025971277777778],
					[-81.13232641666666, 25.994751166666667],
					[-81.11729658333333, 25.964175277777777],
					[-81.10127519444444, 25.934282666666668],
					[-81.08431222222222, 25.905108888888886],
					[-81.06645936111111, 25.876685944444446],
					[-81.04776941666667, 25.84904236111111],
					[-81.02829622222222, 25.82220297222222],
					[-81.00809408333333, 25.79618913888889],
					[-80.9872176111111, 25.771018666666667],
					[-80.9657213888889, 25.746705972222223],
					[-80.94365958333334, 25.72326208333333],
					[-80.92108583333334, 25.700694916666667],
					[-80.8980528888889, 25.679009194444447],
					[-80.87461244444444, 25.658206777777778],
					[-80.85081491666666, 25.638286805555556],
					[-80.82670930555555, 25.61924572222222],
					[-80.80234302777778, 25.60107763888889],
					[-80.77776177777778, 25.583774388888887],
					[-80.75300941666667, 25.56732577777778],
					[-80.72812788888889, 25.55171975],
					[-80.70315722222223, 25.536942583333335],
					[-80.67813536111112, 25.522979],
					[-80.6530561388889, 25.509790916666667],
					[-80.62739616666666, 25.49709713888889],
					[-80.60099122222222, 25.484843833333333],
					[-80.57384536111111, 25.473068194444444],
					[-80.545965, 25.46180811111111],
					[-80.5173591111111, 25.45110227777778],
					[-80.48803922222223, 25.440989916666666],
					[-80.45801972222222, 25.43151063888889],
					[-80.42731783333333, 25.422704361111112],
					[-80.39595380555556, 25.414611027777777],
					[-80.363951, 25.407270388888886],
					[-80.33133588888889, 25.40072186111111],
					[-80.29813822222222, 25.39500425],
					[-80.26439102777778, 25.39015552777778],
					[-80.23013058333333, 25.386212555555556],
					[-80.19539641666667, 25.38321077777778],
					[-80.16023130555556, 25.381184083333334],
					[-80.12468116666666, 25.380164361111113],
					[-80.08879491666666, 25.38018138888889],
					[-80.0526245, 25.381262444444445],
					[-80.01622447222222, 25.383432083333332],
					[-79.97965205555556, 25.386711916666666],
					[-79.94296666666666, 25.39112025],
					[-79.90622991666667, 25.396672083333332],
					[-79.86950511111111, 25.40337861111111],
					[-79.83285697222222, 25.411247333333332],
					[-79.7963513888889, 25.420281666666668],
					[-79.760055, 25.43048102777778],
					[-79.72403477777777, 25.441840527777778],
					[-79.68835775000001, 25.45435113888889],
					[-79.65309041666667, 25.467999555555554],
					[-79.61829855555555, 25.482768194444443],
					[-79.58404663888888, 25.49863538888889],
					[-79.55039758333334, 25.515575305555554],
					[-79.51741227777778, 25.53355827777778],
					[-79.48514927777778, 25.55255077777778],
					[-79.45366433333334, 25.572515833333334],
					[-79.42301027777778, 25.59341311111111],
					[-79.39323652777779, 25.615199194444447],
					[-79.36438897222222, 25.637827944444442],
					[-79.33650966666666, 25.66125083333333],
					[-79.30963669444444, 25.68541711111111],
					[-79.28380397222222, 25.710274333333334],
					[-79.25904119444445, 25.735768611111112],
					[-79.23537372222222, 25.761844888888888],
					[-79.21282258333333, 25.7884475],
					[-79.19140447222223, 25.81552027777778],
					[-79.17113180555556, 25.843007055555553],
					[-79.15201280555556, 25.87085188888889],
					[-79.13405150000001, 25.898999416666665],
					[-79.11724811111111, 25.927395055555557],
					[-79.10159897222222, 25.955985416666667],
					[-79.08709683333333, 25.98471838888889],
					[-79.07373102777777, 26.01354347222222],
					[-79.06148777777777, 26.042411833333336],
					[-79.05035033333333, 26.071276666666666],
					[-79.04029919444444, 26.10009313888889],
					[-79.0313125, 26.128818666666668],
					[-79.02336608333333, 26.157412833333332],
					[-79.01643391666667, 26.185837638888888],
					[-79.01048822222222, 26.214057472222223],
					[-79.00549975, 26.24203902777778],
					[-79.001438, 26.269751555555555],
					[-78.99827147222223, 26.297166555555556],
					[-78.99596788888888, 26.324258027777777],
					[-78.99449433333334, 26.351002222222224],
					[-78.9938175, 26.377377722222224]
				]
			},
			"properties":{
				"style": "solid",
				"thickness":1
			}
		},
		{
			"type": "Feature",
			"geometry": {
				"type": "LineString",
				"coordinates": [
					[-79.79816591666666, 25.866513861111113],
					[-79.79843911111111, 25.892900583333333],
					[-79.79950124999999, 25.919665555555557],
					[-79.80138694444445, 25.946787722222222],
					[-79.8041305, 25.974243666666666],
					[-79.80776586111111, 26.00200761111111],
					[-79.81232616666667, 26.03005138888889],
					[-79.81784369444443, 26.058344305555558],
					[-79.82434966666666, 26.086853249999997],
					[-79.83187380555555, 26.11554263888889],
					[-79.84044430555555, 26.144374388888888],
					[-79.85008744444444, 26.173308111111112],
					[-79.86082738888888, 26.202300944444445],
					[-79.87268586111111, 26.231307805555552],
					[-79.88568194444446, 26.2602815],
					[-79.89983175, 26.28917280555556],
					[-79.91514825, 26.317930611111112],
					[-79.93164097222223, 26.346502166666667],
					[-79.94931572222222, 26.374833333333335],
					[-79.9681745, 26.402868694444443],
					[-79.98821519444445, 26.430551944444446],
					[-80.00943147222222, 26.457826138888887],
					[-80.0318126388889, 26.484633944444447],
					[-80.05534349999999, 26.510918083333333],
					[-80.08000433333333, 26.53662152777778],
					[-80.10577083333332, 26.561688055555557],
					[-80.13261413888888, 26.58606233333333],
					[-80.16050083333334, 26.60969052777778],
					[-80.18939311111112, 26.632520555555555],
					[-80.21924894444444, 26.654502388888886],
					[-80.25002205555556, 26.67558852777778],
					[-80.28166244444445, 26.695734194444444],
					[-80.3141163611111, 26.714897694444442],
					[-80.34732680555555, 26.733040777777777],
					[-80.38123377777777, 26.750128694444445],
					[-80.41577463888889, 26.76613063888889],
					[-80.4508845, 26.78101975],
					[-80.4864966388889, 26.794773361111112],
					[-80.52254291666667, 26.807373083333335],
					[-80.55895416666667, 26.818804944444445],
					[-80.59566072222222, 26.829059222222224],
					[-80.63259272222221, 26.838130694444445],
					[-80.66968066666666, 26.84601836111111],
					[-80.70685572222223, 26.85272552777778],
					[-80.74405011111111, 26.858259555555556],
					[-80.78119761111111, 26.86263180555556],
					[-80.81823372222222, 26.86585736111111],
					[-80.85509613888888, 26.86795491666667],
					[-80.89172491666667, 26.8689465],
					[-80.92806283333334, 26.86885716666667],
					[-80.9640555, 26.86771486111111],
					[-80.99965166666667, 26.86555002777778],
					[-81.03480319444444, 26.862395388888892],
					[-81.06946538888889, 26.858285611111114],
					[-81.10359688888889, 26.853257083333336],
					[-81.13715977777778, 26.847347638888888],
					[-81.17011972222222, 26.840596138888888],
					[-81.20244569444445, 26.83304247222222],
					[-81.23411025, 26.824726972222223],
					[-81.26508916666667, 26.815690472222222],
					[-81.2953616111111, 26.80597388888889],
					[-81.32490986111111, 26.79561813888889],
					[-81.35371927777777, 26.78466377777778],
					[-81.38177819444444, 26.773151027777775],
					[-81.40907766666668, 26.761119444444443],
					[-81.43561141666667, 26.74860786111111],
					[-81.46137566666667, 26.735654222222223],
					[-81.4865355, 26.722203805555555],
					[-81.51161533333334, 26.70797025],
					[-81.53661991666667, 26.69291547222222],
					[-81.56150975, 26.67702475],
					[-81.58624327777777, 26.66028494444444],
					[-81.61077708333333, 26.642684638888888],
					[-81.63506586111112, 26.624214416666668],
					[-81.65906255555556, 26.60486691666667],
					[-81.68271858333334, 26.584637138888887],
					[-81.70598375, 26.563522583333334],
					[-81.7288066388889, 26.541523361111114],
					[-81.75113475, 26.518642472222222],
					[-81.7729146111111, 26.494885916666668],
					[-81.79409213888889, 26.47026275],
					[-81.81461286111112, 26.44478538888889],
					[-81.83442216666666, 26.418469611111114],
					[-81.85346569444444, 26.391334583333332],
					[-81.87168949999999, 26.36340311111111],
					[-81.88904052777778, 26.334701499999998],
					[-81.9054668888889, 26.305259638888888],
					[-81.92091827777779, 26.275111055555556],
					[-81.93534619444445, 26.244292666666666],
					[-81.94870441666667, 26.21284488888889],
					[-81.96094933333333, 26.180811472222224],
					[-81.97204025, 26.148239222222223],
					[-81.98193966666666, 26.115177972222224],
					[-81.99061377777778, 26.081680277777778],
					[-81.99803250000001, 26.047801222222223],
					[-82.00416991666667, 26.013598],
					[-82.00900438888888, 25.97912983333333],
					[-82.01251888888889, 25.944457444444446],
					[-82.01470094444444, 25.90964275],
					[-82.01554294444445, 25.874748611111112],
					[-82.01504208333333, 25.839838277777776],
					[-82.01320047222222, 25.80497516666667],
					[-82.01002502777777, 25.77022236111111],
					[-82.00552747222223, 25.735642333333335],
					[-81.99972422222223, 25.701296499999998],
					[-81.99263622222222, 25.667244833333335],
					[-81.98428875, 25.633545666666667],
					[-81.97471127777779, 25.600255194444447],
					[-81.96393702777777, 25.567427333333335],
					[-81.95200297222223, 25.53511330555556],
					[-81.93894927777778, 25.503361555555557],
					[-81.92481908333333, 25.472217444444443],
					[-81.90965819444445, 25.441723083333333],
					[-81.89351466666668, 25.411917222222222],
					[-81.87643852777776, 25.382835194444446],
					[-81.85848130555554, 25.354508722222224],
					[-81.83969580555555, 25.326965972222222],
					[-81.82013574999999, 25.300231555555555],
					[-81.79985530555555, 25.2743265],
					[-81.77890894444444, 25.249268361111113],
					[-81.75735105555556, 25.22507122222222],
					[-81.7352356388889, 25.20174586111111],
					[-81.71261613888889, 25.17929986111111],
					[-81.68954505555556, 25.157737722222222],
					[-81.66607388888889, 25.137061],
					[-81.64225283333334, 25.117268527777778],
					[-81.61813058333333, 25.09835658333333],
					[-81.59375433333332, 25.080318944444443],
					[-81.5691695, 25.06314725],
					[-81.54441969444444, 25.046831083333334],
					[-81.51954661111111, 25.031358138888887],
					[-81.49458997222223, 25.016714472222223],
					[-81.4695875, 25.00288463888889],
					[-81.44453275000001, 24.989830611111113],
					[-81.41890286111112, 24.97727394444444],
					[-81.39253391666668, 24.96516175],
					[-81.36543022222222, 24.95353111111111],
					[-81.33759841666667, 24.94242],
					[-81.30904758333332, 24.931866972222224],
					[-81.27978955555555, 24.921911222222224],
					[-81.24983883333333, 24.912592333333333],
					[-81.21921283333333, 24.90395011111111],
					[-81.18793194444444, 24.89602436111111],
					[-81.15601972222223, 24.888854777777777],
					[-81.12350275, 24.882480611111113],
					[-81.09041088888888, 24.87694052777778],
					[-81.05677730555556, 24.872272305555555],
					[-81.02263827777777, 24.86851263888889],
					[-80.98803347222223, 24.865696833333335],
					[-80.95300566666667, 24.863858444444446],
					[-80.91760077777778, 24.86302925],
					[-80.88186777777777, 24.863238694444444],
					[-80.84585849999999, 24.864513833333334],
					[-80.80962749999999, 24.866878944444444],
					[-80.77323183333333, 24.870355305555556],
					[-80.73673088888889, 24.874960972222222],
					[-80.70018605555556, 24.880710583333332],
					[-80.66366044444445, 24.887615027777777],
					[-80.62721866666666, 24.895681472222222],
					[-80.59092630555556, 24.90491297222222],
					[-80.55484975, 24.915308611111108],
					[-80.51905572222222, 24.926863166666667],
					[-80.48361086111112, 24.93956725],
					[-80.4485813888889, 24.953407166666665],
					[-80.41403266666667, 24.968365055555555],
					[-80.38002883333333, 24.984418861111113],
					[-80.34663238888888, 25.001542416666666],
					[-80.31390380555555, 25.01970572222222],
					[-80.28190116666667, 25.038875],
					[-80.25067980555555, 25.05901286111111],
					[-80.22029208333333, 25.08007875],
					[-80.19078694444445, 25.102029],
					[-80.16220983333334, 25.124817194444446],
					[-80.13460233333333, 25.148394555555555],
					[-80.10800202777777, 25.17271013888889],
					[-80.0824423611111, 25.197711277777778],
					[-80.0579526111111, 25.223343888888888],
					[-80.03455763888888, 25.249552861111113],
					[-80.01227808333333, 25.276282277777778],
					[-79.99113016666666, 25.303475944444447],
					[-79.97112588888889, 25.331077583333332],
					[-79.95227305555557, 25.359031194444444],
					[-79.93457541666668, 25.387281333333334],
					[-79.91803269444445, 25.41577347222222],
					[-79.90264097222223, 25.444454166666667],
					[-79.88839266666668, 25.47327136111111],
					[-79.87527680555554, 25.50217452777778],
					[-79.86327936111111, 25.53111497222222],
					[-79.85238327777778, 25.560045916666667],
					[-79.8425688611111, 25.58892261111111],
					[-79.83381405555555, 25.617702583333333],
					[-79.82609455555556, 25.646345555555556],
					[-79.81938408333333, 25.674813611111112],
					[-79.81365477777777, 25.703071277777777],
					[-79.80887727777778, 25.73108547222222],
					[-79.80502097222222, 25.758825472222224],
					[-79.80205433333333, 25.78626302777778],
					[-79.79994494444445, 25.813372277777777],
					[-79.79865991666667, 25.84012963888889],
					[-79.79816591666666, 25.866513861111113]
				]
			},
			"properties":{
				"style": "solid",
				"thickness":1
			}
		},
		{
			"type": "Feature",
			"geometry": {
				"type": "LineString",
				"coordinates": [
					[-79.18302180555555, 25.786039916666667],
					[-79.1831595, 25.812426277777778],
					[-79.18408344444445, 25.839194222222222],
					[-79.1858283888889, 25.86632280555556],
					[-79.18842872222223, 25.89378877777778],
					[-79.19191841666667, 25.9215665],
					[-79.19633083333333, 25.949627916666667],
					[-79.20169833333334, 25.97794258333333],
					[-79.20805222222222, 26.006477444444446],
					[-79.21542247222223, 26.035197055555557],
					[-79.22383741666667, 26.06406352777778],
					[-79.23332352777778, 26.0930365],
					[-79.24390516666666, 26.12207327777778],
					[-79.25560427777778, 26.15112886111111],
					[-79.26844016666666, 26.180156194444447],
					[-79.28242922222222, 26.20910602777778],
					[-79.29758466666667, 26.23792741666667],
					[-79.31391627777778, 26.266567666666667],
					[-79.33143016666666, 26.294972583333337],
					[-79.3501286111111, 26.323086805555555],
					[-79.37000983333333, 26.350854083333335],
					[-79.39106780555556, 26.378217361111112],
					[-79.41329216666668, 26.40511933333333],
					[-79.43666802777778, 26.43150263888889],
					[-79.46117600000001, 26.457310222222223],
					[-79.48679208333333, 26.482485666666665],
					[-79.51348780555556, 26.50697361111111],
					[-79.54123002777777, 26.530720055555555],
					[-79.56998130555556, 26.553672722222224],
					[-79.59969988888888, 26.57578147222222],
					[-79.63033983333332, 26.596998527777778],
					[-79.66185136111112, 26.617278944444443],
					[-79.69418111111112, 26.636580833333333],
					[-79.72727227777779, 26.65486561111111],
					[-79.76106511111111, 26.672098333333334],
					[-79.79549719444444, 26.68824788888889],
					[-79.83050388888888, 26.70328713888889],
					[-79.86601858333333, 26.717193138888888],
					[-79.90197336111112, 26.729947222222222],
					[-79.93829916666667, 26.74153502777778],
					[-79.97492647222222, 26.75194663888889],
					[-80.01178547222223, 26.761176416666668],
					[-80.04880672222222, 26.769223138888886],
					[-80.08592144444444, 26.77608975],
					[-80.12306188888888, 26.78178336111111],
					[-80.16016177777779, 26.786314972222225],
					[-80.19715661111111, 26.789699444444445],
					[-80.23398402777778, 26.791955166666668],
					[-80.27058402777777, 26.79310388888889],
					[-80.30689925, 26.793170444444446],
					[-80.34287519444445, 26.79218252777778],
					[-80.37846047222222, 26.790170333333336],
					[-80.41360686111112, 26.787166388888892],
					[-80.44826938888889, 26.783205166666665],
					[-80.48240661111112, 26.77832286111111],
					[-80.51598041666666, 26.77255713888889],
					[-80.54895622222222, 26.76594672222222],
					[-80.58130288888889, 26.758531305555554],
					[-80.61299263888888, 26.750351194444445],
					[-80.64400116666667, 26.741447083333334],
					[-80.67430733333333, 26.731859777777775],
					[-80.70389325000001, 26.72163008333333],
					[-80.73274405555556, 26.710798583333332],
					[-80.76084783333333, 26.69940536111111],
					[-80.78819541666667, 26.687489972222224],
					[-80.8147803611111, 26.67509125],
					[-80.84059866666666, 26.66224708333333],
					[-80.8658156111111, 26.6489035],
					[-80.89095677777779, 26.634776305555555],
					[-80.9160271388889, 26.619827472222223],
					[-80.94098730555557, 26.604042083333336],
					[-80.96579577777779, 26.587406805555556],
					[-80.99040922222223, 26.569910055555557],
					[-81.01478241666666, 26.551542166666668],
					[-81.03886838888889, 26.532295666666666],
					[-81.0626185, 26.51216527777778],
					[-81.08598266666667, 26.49114827777778],
					[-81.10890947222222, 26.469244611111108],
					[-81.13134638888889, 26.446457],
					[-81.15323994444445, 26.422791194444446],
					[-81.17453602777778, 26.398256083333333],
					[-81.19518011111111, 26.372863833333334],
					[-81.21511752777778, 26.346629944444445],
					[-81.23429377777778, 26.319573388888887],
					[-81.25265483333334, 26.291716750000003],
					[-81.27014752777778, 26.26308611111111],
					[-81.28671980555555, 26.23371116666667],
					[-81.30232119444445, 26.203625166666665],
					[-81.31690302777777, 26.17286488888889],
					[-81.33041886111111, 26.141470583333334],
					[-81.34282488888888, 26.109485722222225],
					[-81.3540801111111, 26.076957055555557],
					[-81.36414683333332, 26.043934250000003],
					[-81.37299094444444, 26.010469694444446],
					[-81.38058211111111, 25.97661836111111],
					[-81.38689408333335, 25.94243738888889],
					[-81.39190497222224, 25.907985888888888],
					[-81.39559733333334, 25.87332452777778],
					[-81.3979585, 25.83851525],
					[-81.39898044444445, 25.803620805555557],
					[-81.39866008333334, 25.7687045],
					[-81.3969991388889, 25.73382977777778],
					[-81.39400425000001, 25.699059777777777],
					[-81.38968677777778, 25.664457027777775],
					[-81.38406286111112, 25.630082972222223],
					[-81.3771531111111, 25.595997805555555],
					[-81.36898249999999, 25.56225988888889],
					[-81.35958019444443, 25.52892561111111],
					[-81.34897916666667, 25.496049],
					[-81.33721608333333, 25.46368147222222],
					[-81.32433086111111, 25.43187163888889],
					[-81.31036644444444, 25.400665083333333],
					[-81.29536836111112, 25.370104055555554],
					[-81.27938447222222, 25.34022761111111],
					[-81.26246461111111, 25.311071194444445],
					[-81.24466019444445, 25.282666805555554],
					[-81.22602380555556, 25.25504286111111],
					[-81.20660905555556, 25.228224166666664],
					[-81.18647, 25.202231972222222],
					[-81.165661, 25.177084083333334],
					[-81.14423636111111, 25.152794777777775],
					[-81.12225002777777, 25.129375111111113],
					[-81.09975536111111, 25.106832861111112],
					[-81.07680488888889, 25.085172749999998],
					[-81.05345002777777, 25.064396527777777],
					[-81.02974097222223, 25.04450327777778],
					[-81.00572647222222, 25.025489416666666],
					[-80.98145369444444, 25.007348944444445],
					[-80.95696811111111, 24.990073694444444],
					[-80.93231333333334, 24.973653416666664],
					[-80.9075311388889, 24.958075972222222],
					[-80.88266130555554, 24.943327583333332],
					[-80.85774158333332, 24.929392972222225],
					[-80.83276580555555, 24.916234027777776],
					[-80.80721272222222, 24.903570166666665],
					[-80.78091880555556, 24.891347749999998],
					[-80.75388816666667, 24.879603972222224],
					[-80.72612727777778, 24.86837675],
					[-80.69764508333334, 24.857704722222223],
					[-80.66845311111112, 24.84762713888889],
					[-80.63856575000001, 24.83818361111111],
					[-80.60800022222222, 24.829414027777776],
					[-80.57677669444445, 24.821358305555556],
					[-80.5449185, 24.814056166666667],
					[-80.51245202777778, 24.80754702777778],
					[-80.479407, 24.801869694444445],
					[-80.44581630555555, 24.79706202777778],
					[-80.41171608333335, 24.79316088888889],
					[-80.37714577777777, 24.790201722222225],
					[-80.342148, 24.788218305555556],
					[-80.3067685, 24.787242555555558],
					[-80.27105602777777, 24.787304111111112],
					[-80.23506230555556, 24.78843025],
					[-80.19884172222223, 24.790645444444447],
					[-80.16245122222223, 24.793971250000002],
					[-80.12595002777778, 24.79842591666667],
					[-80.08939941666667, 24.804024333333334],
					[-80.05286247222222, 24.810777666666667],
					[-80.01640363888889, 24.81869327777778],
					[-79.98008850000001, 24.827774583333333],
					[-79.9439833888889, 24.83802083333333],
					[-79.90815497222223, 24.84942713888889],
					[-79.87266991666667, 24.861984333333336],
					[-79.83759444444443, 24.875679055555555],
					[-79.80299397222223, 24.890493638888888],
					[-79.76893269444444, 24.906406305555553],
					[-79.73547313888889, 24.92339116666667],
					[-79.70267591666666, 24.941418444444444],
					[-79.67059919444445, 24.960454555555554],
					[-79.63929850000001, 24.98046244444444],
					[-79.60882624999999, 25.001401694444443],
					[-79.57923166666666, 25.02322883333333],
					[-79.55056027777778, 25.04589766666667],
					[-79.52285388888889, 25.069359583333334],
					[-79.49615030555556, 25.093563777777778],
					[-79.47048322222223, 25.11845775],
					[-79.44588208333333, 25.143987527777778],
					[-79.42237208333334, 25.170098083333336],
					[-79.399974, 25.196733666666667],
					[-79.37870438888888, 25.22383808333333],
					[-79.3585755, 25.251355166666666],
					[-79.33959538888888, 25.279228888888888],
					[-79.32176805555555, 25.30740388888889],
					[-79.30509352777777, 25.33582563888889],
					[-79.28956808333334, 25.36444063888889],
					[-79.27518441666666, 25.39319686111111],
					[-79.26193186111111, 25.422043722222224],
					[-79.24979655555556, 25.4509325],
					[-79.23876177777778, 25.479816333333332],
					[-79.22880802777777, 25.508650416666665],
					[-79.21991347222223, 25.53739213888889],
					[-79.21205400000001, 25.566001194444446],
					[-79.20520361111112, 25.594439555555553],
					[-79.19933458333334, 25.62267163888889],
					[-79.19441775, 25.650664194444442],
					[-79.19042272222222, 25.678386444444445],
					[-79.18731808333334, 25.70581],
					[-79.1850716388889, 25.732908833333333],
					[-79.18365061111112, 25.75965927777778],
					[-79.18302180555555, 25.786039916666667]
				]
			},
			"properties":{
				"style": "solid",
				"thickness":1
			}
		},
		{
			"type": "Feature",
			"geometry": {
				"type": "LineString",
				"coordinates": [
					[-79.17246205555556, 25.802653250000002],
					[-79.17259736111112, 25.8290395],
					[-79.173519, 25.85580738888889],
					[-79.17526169444444, 25.882935972222224],
					[-79.17785988888889, 25.910401999999998],
					[-79.18134755555556, 25.938179861111113],
					[-79.185758, 25.966241472222222],
					[-79.1911236388889, 25.99455638888889],
					[-79.19747580555556, 26.023091583333333],
					[-79.20484444444445, 26.051811611111113],
					[-79.21325791666666, 26.080678555555554],
					[-79.22274269444445, 26.109652083333334],
					[-79.23332311111112, 26.138689499999998],
					[-79.24502119444445, 26.167745833333335],
					[-79.25785619444444, 26.196773944444445],
					[-79.27184452777777, 26.22572469444444],
					[-79.28699944444445, 26.254547055555555],
					[-79.30333066666667, 26.28318833333333],
					[-79.32084438888889, 26.31159441666667],
					[-79.33954286111111, 26.339709888888887],
					[-79.35942430555555, 26.367478472222224],
					[-79.38048272222221, 26.394843166666668],
					[-79.40270769444444, 26.421746666666667],
					[-79.4260843888889, 26.448131555555555],
					[-79.45059341666666, 26.473940805555554],
					[-79.47621080555555, 26.49911802777778],
					[-79.502908, 26.523607805555553],
					[-79.53065194444444, 26.547356166666667],
					[-79.55940516666666, 26.570310833333334],
					[-79.58912588888889, 26.592421638888887],
					[-79.61976819444443, 26.61364086111111],
					[-79.65128233333334, 26.633923499999998],
					[-79.68361486111111, 26.653227666666666],
					[-79.71670902777778, 26.67151477777778],
					[-79.75050505555555, 26.688749916666666],
					[-79.78494055555555, 26.704901916666667],
					[-79.81995083333332, 26.719943638888886],
					[-79.85546930555554, 26.733852194444445],
					[-79.891428, 26.746608833333333],
					[-79.92775794444445, 26.75819925],
					[-79.96438947222222, 26.76861347222222],
					[-80.00125288888889, 26.777845916666667],
					[-80.03827869444444, 26.78589527777778],
					[-80.07539808333333, 26.792764583333334],
					[-80.11254330555555, 26.798460833333333],
					[-80.14964808333335, 26.80299513888889],
					[-80.1866478888889, 26.80638227777778],
					[-80.22348038888889, 26.80864066666667],
					[-80.2600855, 26.809792055555555],
					[-80.29640588888888, 26.80986125],
					[-80.33238708333333, 26.808875944444445],
					[-80.36797763888889, 26.806866333333335],
					[-80.40312933333334, 26.80386491666667],
					[-80.43779719444444, 26.799906222222223],
					[-80.47193972222222, 26.79502638888889],
					[-80.50551886111111, 26.78926311111111],
					[-80.5385, 26.78265511111111],
					[-80.57085194444444, 26.775242055555555],
					[-80.602547, 26.76706425],
					[-80.63356075, 26.75816236111111],
					[-80.66387211111112, 26.74857727777778],
					[-80.69346319444445, 26.73834975],
					[-80.72231908333333, 26.72752033333333],
					[-80.7504278888889, 26.716129194444445],
					[-80.77778044444445, 26.704215805555556],
					[-80.80437030555555, 26.691819],
					[-80.83019344444445, 26.678976722222224],
					[-80.85541516666666, 26.66563497222222],
					[-80.88056116666667, 26.65150963888889],
					[-80.90563644444445, 26.63656261111111],
					[-80.93060155555555, 26.620779055555555],
					[-80.95541505555556, 26.604145583333334],
					[-80.98003355555555, 26.586650638888887],
					[-81.00441183333334, 26.568284555555554],
					[-81.02850291666667, 26.54903980555556],
					[-81.05225816666666, 26.528911138888887],
					[-81.0756275, 26.507895861111113],
					[-81.09855947222222, 26.485993861111112],
					[-81.12100155555555, 26.46320788888889],
					[-81.14290027777778, 26.439543694444446],
					[-81.16420152777778, 26.415010166666665],
					[-81.18485072222222, 26.389619416666665],
					[-81.20479322222222, 26.363387000000003],
					[-81.22397452777778, 26.33633188888889],
					[-81.24234055555556, 26.308476583333334],
					[-81.25983819444444, 26.27984725],
					[-81.27641533333333, 26.25047352777778],
					[-81.2920215, 26.220388666666665],
					[-81.306608, 26.1896295],
					[-81.32012838888889, 26.15823619444444],
					[-81.3325388611111, 26.126252277777777],
					[-81.34379841666666, 26.09372447222222],
					[-81.35386936111111, 26.06070241666667],
					[-81.36271752777778, 26.027238527777776],
					[-81.37031258333333, 25.993387805555557],
					[-81.37662830555554, 25.95920733333333],
					[-81.38164275, 25.92475625],
					[-81.38533852777779, 25.89009522222222],
					[-81.38770291666667, 25.85528613888889],
					[-81.3887278888889, 25.820391833333332],
					[-81.38841036111111, 25.785475555555557],
					[-81.38675208333333, 25.750600777777777],
					[-81.38375963888889, 25.71583063888889],
					[-81.37944441666666, 25.681227638888892],
					[-81.37382255555555, 25.64685325],
					[-81.3669146111111, 25.612767666666667],
					[-81.35874563888888, 25.57902922222222],
					[-81.34934475, 25.545694361111114],
					[-81.33874494444444, 25.512817055555555],
					[-81.3269828611111, 25.480448749999997],
					[-81.31409844444444, 25.448638083333332],
					[-81.3001346111111, 25.417430583333335],
					[-81.28513694444445, 25.38686861111111],
					[-81.26915330555555, 25.356991083333334],
					[-81.25223347222222, 25.327833527777777],
					[-81.23442888888889, 25.299427972222222],
					[-81.21579216666667, 25.271802777777776],
					[-81.19637691666667, 25.24498277777778],
					[-81.17623716666667, 25.21898922222222],
					[-81.15542733333334, 25.19383991666667],
					[-81.13400172222222, 25.169549194444446],
					[-81.11201427777777, 25.146128055555554],
					[-81.0895183611111, 25.123584277777777],
					[-81.06656647222222, 25.101922583333334],
					[-81.04321008333334, 25.081144805555557],
					[-81.01949938888889, 25.061249944444445],
					[-80.99548313888889, 25.042234444444446],
					[-80.9712085, 25.024092333333332],
					[-80.94672097222222, 25.006815416666665],
					[-80.9220641388889, 24.990393472222223],
					[-80.89727980555556, 24.97481433333333],
					[-80.87240777777777, 24.96006425],
					[-80.84748580555555, 24.94612791666667],
					[-80.82250766666667, 24.932967277777777],
					[-80.79695211111111, 24.92030163888889],
					[-80.77065561111111, 24.908077444444444],
					[-80.74362225, 24.896331805555555],
					[-80.71585847222222, 24.885102666666665],
					[-80.68737325000001, 24.874428694444443],
					[-80.6581781388889, 24.864349111111114],
					[-80.6282875, 24.85490352777778],
					[-80.5977185, 24.84613183333333],
					[-80.56649138888889, 24.838073944444442],
					[-80.53462944444445, 24.830769611111112],
					[-80.50215913888889, 24.82425825],
					[-80.46911005555556, 24.81857861111111],
					[-80.43551519444445, 24.81376861111111],
					[-80.40141066666668, 24.80986511111111],
					[-80.36683591666666, 24.806903527777777],
					[-80.33183355555555, 24.804917694444445],
					[-80.29644930555556, 24.803939444444445],
					[-80.260732, 24.80399852777778],
					[-80.22473330555556, 24.80512213888889],
					[-80.1885076388889, 24.807334805555556],
					[-80.15211191666667, 24.81065802777778],
					[-80.11560538888888, 24.81511013888889],
					[-80.0790493611111, 24.82070597222222],
					[-80.04250691666667, 24.827456694444443],
					[-80.00604247222222, 24.835369749999998],
					[-79.96972163888888, 24.844448472222222],
					[-79.93361077777779, 24.85469213888889],
					[-79.89777655555557, 24.86609588888889],
					[-79.8622856111111, 24.878650555555556],
					[-79.82720425, 24.89234275],
					[-79.79259783333333, 24.907154833333333],
					[-79.75853058333334, 24.923065055555558],
					[-79.72506505555556, 24.940047472222222],
					[-79.69226183333333, 24.95807236111111],
					[-79.66017911111112, 24.977106166666665],
					[-79.62887244444444, 24.997111750000002],
					[-79.59839427777777, 25.01804877777778],
					[-79.56879377777777, 25.039873722222225],
					[-79.54011652777777, 25.062540444444444],
					[-79.51240433333334, 25.086000277777778],
					[-79.48569502777778, 25.110202472222223],
					[-79.46002230555555, 25.135094527777778],
					[-79.43541561111111, 25.160622472222222],
					[-79.41190011111112, 25.18673125],
					[-79.3894966388889, 25.21336511111111],
					[-79.36822174999999, 25.240467916666667],
					[-79.34808769444444, 25.267983416666667],
					[-79.32910255555555, 25.295855666666668],
					[-79.31127027777778, 25.324029305555555],
					[-79.29459094444444, 25.352449722222225],
					[-79.27906083333333, 25.3810635],
					[-79.26467266666667, 25.409818555555553],
					[-79.25141572222222, 25.438664361111112],
					[-79.23927619444444, 25.467552138888887],
					[-79.22823730555555, 25.49643502777778],
					[-79.21827963888889, 25.525268277777776],
					[-79.20938125, 25.55400925],
					[-79.20151813888889, 25.58261761111111],
					[-79.19466425, 25.611055361111113],
					[-79.18879186111111, 25.63928686111111],
					[-79.18387183333334, 25.667278944444444],
					[-79.17987375, 25.69500077777778],
					[-79.17676619444445, 25.722423999999997],
					[-79.17451700000001, 25.749522555555558],
					[-79.17309333333334, 25.776272777777777],
					[-79.17246205555556, 25.802653250000002]
				]
			},
			"properties":{
				"style": "solid",
				"thickness":1
			}
		},
		{
			"type": "Feature",
			"geometry": {
				"type": "LineString",
				"coordinates": [
					[-79.02921888888889, 26.06646741666667],
					[-79.02932152777778, 26.092851805555554],
					[-79.03021172222222, 26.119618555555554],
					[-79.03192430555555, 26.146746805555555],
					[-79.03449380555556, 26.174213305555558],
					[-79.03795430555556, 26.2019925],
					[-79.04233925, 26.23005636111111],
					[-79.04768116666666, 26.258374416666665],
					[-79.05401147222221, 26.286913722222224],
					[-79.06136024999999, 26.31563886111111],
					[-79.06975597222223, 26.34451194444444],
					[-79.07922522222222, 26.373492666666667],
					[-79.08979247222221, 26.40253836111111],
					[-79.10147980555556, 26.431604083333333],
					[-79.11430666666666, 26.460642749999998],
					[-79.1282895, 26.489605166666667],
					[-79.14344166666667, 26.518440416666667],
					[-79.15977302777779, 26.54709575],
					[-79.17728983333333, 26.575517083333335],
					[-79.19599444444445, 26.60364902777778],
					[-79.21588511111112, 26.631435305555556],
					[-79.23695594444445, 26.658818888888888],
					[-79.25919655555556, 26.685742472222223],
					[-79.28259219444445, 26.712148666666668],
					[-79.30712344444444, 26.73798038888889],
					[-79.33276641666666, 26.763181194444446],
					[-79.35949255555555, 26.78769575],
					[-79.38726880555556, 26.811469944444447],
					[-79.41605766666667, 26.834451555555553],
					[-79.44581730555556, 26.856590305555557],
					[-79.47650186111112, 26.877838472222223],
					[-79.50806141666666, 26.898150972222222],
					[-79.54044255555556, 26.91748588888889],
					[-79.57358841666667, 26.935804611111113],
					[-79.6074391111111, 26.953072083333332],
					[-79.64193216666668, 26.96925713888889],
					[-79.67700275, 26.984332583333334],
					[-79.71258422222222, 26.99827538888889],
					[-79.74860844444444, 27.011066833333334],
					[-79.78500622222222, 27.02269247222222],
					[-79.82170788888888, 27.033142305555554],
					[-79.85864347222221, 27.042410611111112],
					[-79.89574333333334, 27.050496111111112],
					[-79.93293855555557, 27.057401666666667],
					[-79.97016116666667, 27.063134277777777],
					[-80.00734475, 27.067704944444444],
					[-80.04442461111111, 27.071128388888887],
					[-80.08133816666667, 27.07342297222222],
					[-80.11802524999999, 27.07461038888889],
					[-80.15442836111112, 27.07471536111111],
					[-80.19049280555556, 27.073765527777777],
					[-80.22616697222223, 27.071791055555554],
					[-80.2614025, 27.06882438888889],
					[-80.29615433333333, 27.06489997222222],
					[-80.33038072222222, 27.060053972222224],
					[-80.36404352777777, 27.054323944444445],
					[-80.397108, 27.04774863888889],
					[-80.42954280555556, 27.040367694444445],
					[-80.4613201388889, 27.03222138888889],
					[-80.49241547222222, 27.023350333333333],
					[-80.52280763888889, 27.013795388888887],
					[-80.55247861111111, 27.00359733333333],
					[-80.58141341666666, 26.992796666666667],
					[-80.60960008333333, 26.981433499999998],
					[-80.63702938888889, 26.969547416666664],
					[-80.66369477777778, 26.957177138888888],
					[-80.68959219444444, 26.944360666666668],
					[-80.7148873888889, 26.931044111111113],
					[-80.74010761111111, 26.916943916666668],
					[-80.76525786111111, 26.902022],
					[-80.79029863888888, 26.886263444444445],
					[-80.81518841666666, 26.869654833333335],
					[-80.83988372222221, 26.852184583333333],
					[-80.86433922222221, 26.83384297222222],
					[-80.88850783333334, 26.814622444444446],
					[-80.91234086111112, 26.794517722222224],
					[-80.93578802777778, 26.77352597222222],
					[-80.95879783333334, 26.75164711111111],
					[-80.98131758333334, 26.728883805555554],
					[-81.00329369444445, 26.705241777777776],
					[-81.02467186111112, 26.680729833333334],
					[-81.04539744444445, 26.65536008333333],
					[-81.0654156111111, 26.629147944444444],
					[-81.08467169444444, 26.602112416666667],
					[-81.1031115, 26.574275944444445],
					[-81.12068172222222, 26.545664583333334],
					[-81.1373301388889, 26.516307944444446],
					[-81.15300611111111, 26.486239277777777],
					[-81.16766077777778, 26.455495305555555],
					[-81.18124755555556, 26.424116194444444],
					[-81.19372247222222, 26.392145416666665],
					[-81.20504441666667, 26.35962963888889],
					[-81.21517552777777, 26.3266185],
					[-81.2240815, 26.293164361111113],
					[-81.23173191666667, 26.259322166666667],
					[-81.2381003888889, 26.225149055555555],
					[-81.24316491666667, 26.190704055555557],
					[-81.24690794444444, 26.156047833333332],
					[-81.24931669444445, 26.121242333333335],
					[-81.25038305555556, 26.086350305555555],
					[-81.25010388888889, 26.051435055555554],
					[-81.24848083333333, 26.01656],
					[-81.24552047222222, 25.981788305555554],
					[-81.24123416666667, 25.9471825],
					[-81.235638, 25.91280411111111],
					[-81.22875255555556, 25.87871325],
					[-81.22060283333333, 25.84496833333333],
					[-81.211218, 25.811625805555558],
					[-81.20063105555556, 25.77873972222222],
					[-81.18887869444445, 25.74636152777778],
					[-81.1760008888889, 25.71453988888889],
					[-81.16204061111112, 25.68332036111111],
					[-81.14704350000001, 25.65274536111111],
					[-81.13105747222221, 25.62285388888889],
					[-81.11413244444444, 25.5936815],
					[-81.09631988888889, 25.56526022222222],
					[-81.07767252777778, 25.5376185],
					[-81.05824405555555, 25.51078125],
					[-81.0380886388889, 25.48476972222222],
					[-81.01726075, 25.459601777777777],
					[-80.99581480555555, 25.435291833333334],
					[-80.97380488888889, 25.41185086111111],
					[-80.95128447222223, 25.389286805555557],
					[-80.9283061388889, 25.367604361111113],
					[-80.9049215, 25.34680538888889],
					[-80.8811808611111, 25.326889],
					[-80.85713302777778, 25.307851638888888],
					[-80.8328253611111, 25.28968738888889],
					[-80.80830338888889, 25.27238811111111],
					[-80.78361088888889, 25.255943583333334],
					[-80.75878972222222, 25.240341750000002],
					[-80.73387975, 25.22556883333333],
					[-80.70891888888889, 25.21160961111111],
					[-80.68390091666667, 25.19842597222222],
					[-80.65830375, 25.185736777777777],
					[-80.6319636111111, 25.17348827777778],
					[-80.6048845, 25.161717638888888],
					[-80.5770728611111, 25.150462777777776],
					[-80.54853761111112, 25.13976238888889],
					[-80.51929033333333, 25.129655666666668],
					[-80.48934533333333, 25.12018225],
					[-80.45871980555556, 25.111382083333336],
					[-80.427434, 25.10329502777778],
					[-80.39551116666668, 25.09596088888889],
					[-80.36297777777777, 25.089419083333333],
					[-80.32986352777777, 25.083708388888887],
					[-80.29620133333333, 25.078866805555556],
					[-80.2620273888889, 25.074931166666666],
					[-80.22738119444445, 25.071936916666665],
					[-80.19230536111111, 25.069917944444445],
					[-80.15684575, 25.068906138888888],
					[-80.12105116666666, 25.06893125],
					[-80.08497341666666, 25.070020555555555],
					[-80.04866697222222, 25.072198611111112],
					[-80.01218886111111, 25.075487],
					[-79.97559841666667, 25.079904055555556],
					[-79.93895708333334, 25.08546472222222],
					[-79.90232800000001, 25.092180194444442],
					[-79.86577575, 25.100057944444448],
					[-79.82936608333333, 25.109101416666668],
					[-79.79316544444444, 25.119309944444446],
					[-79.75724069444445, 25.130678694444445],
					[-79.72165858333334, 25.14319861111111],
					[-79.68648558333334, 25.156856305555554],
					[-79.65178719444445, 25.17163427777778],
					[-79.61762780555554, 25.18751075],
					[-79.58407013888889, 25.204459944444444],
					[-79.55117491666667, 25.22245211111111],
					[-79.51900052777778, 25.241453777777778],
					[-79.48760261111111, 25.26142788888889],
					[-79.45703383333334, 25.28233411111111],
					[-79.42734347222223, 25.304129055555556],
					[-79.39857727777779, 25.326766527777778],
					[-79.37077722222222, 25.350197972222222],
					[-79.34398122222221, 25.374372666666666],
					[-79.31822311111111, 25.39923813888889],
					[-79.2935325, 25.424740444444446],
					[-79.26993466666667, 25.450824583333333],
					[-79.24745055555556, 25.477434805555554],
					[-79.22609680555556, 25.504515],
					[-79.20588577777778, 25.532008972222222],
					[-79.18682558333333, 25.559860750000002],
					[-79.16892036111112, 25.588014944444442],
					[-79.15217016666668, 25.61641705555556],
					[-79.1365713888889, 25.645013583333334],
					[-79.12211674999999, 25.673752500000003],
					[-79.1087956111111, 25.70258322222222],
					[-79.09659419444444, 25.731457],
					[-79.08549574999999, 25.760326944444444],
					[-79.0754808611111, 25.78914827777778],
					[-79.06652763888889, 25.81787838888889],
					[-79.058612, 25.846476916666667],
					[-79.05170794444444, 25.874905805555557],
					[-79.04578775, 25.903129444444442],
					[-79.04082225, 25.931114555555556],
					[-79.03678097222222, 25.958830388888888],
					[-79.0336325, 25.986248472222222],
					[-79.03134461111111, 26.013342777777776],
					[-79.0298845, 26.040089555555557],
					[-79.02921888888889, 26.06646741666667]
				]
			},
			"properties":{
				"style": "solid",
				"thickness":1
			}
		},
		{
			"type": "Feature",
			"geometry": {
				"type": "LineString",
				"coordinates": [
					[-79.03981347222222, 26.066934305555556],
					[-79.03991847222223, 26.09331872222222],
					[-79.04081105555555, 26.12008547222222],
					[-79.04252605555556, 26.14721363888889],
					[-79.045098, 26.174680000000002],
					[-79.04856099999999, 26.20245897222222],
					[-79.0529485, 26.230522555555552],
					[-79.05829297222222, 26.25884025],
					[-79.06462586111111, 26.28737913888889],
					[-79.07197727777778, 26.316103805555557],
					[-79.08037561111111, 26.344976305555555],
					[-79.08984752777778, 26.37395638888889],
					[-79.10041744444443, 26.40300136111111],
					[-79.11210747222222, 26.43206627777778],
					[-79.12493702777778, 26.461104027777775],
					[-79.13892255555557, 26.490065472222224],
					[-79.1540773888889, 26.51889963888889],
					[-79.17041144444445, 26.547553833333335],
					[-79.18793091666667, 26.575973916666666],
					[-79.20663816666666, 26.60410452777778],
					[-79.22653147222222, 26.63188938888889],
					[-79.24760488888889, 26.659271444444443],
					[-79.26984808333333, 26.686193444444445],
					[-79.29324622222222, 26.712597944444443],
					[-79.31777997222221, 26.73842788888889],
					[-79.34342538888889, 26.76362686111111],
					[-79.37015388888888, 26.788139444444447],
					[-79.39793244444445, 26.81191163888889],
					[-79.42672352777778, 26.83489113888889],
					[-79.45648536111112, 26.85702775],
					[-79.487172, 26.87827363888889],
					[-79.51873358333333, 26.89858386111111],
					[-79.55111663888889, 26.91791638888889],
					[-79.58426430555555, 26.936232666666665],
					[-79.61811677777777, 26.953497666666667],
					[-79.65261147222223, 26.969680194444443],
					[-79.68768361111111, 26.984753055555558],
					[-79.72326650000001, 26.99869327777778],
					[-79.75929205555556, 27.011482055555554],
					[-79.79569105555555, 27.023104999999997],
					[-79.83239383333333, 27.033552111111113],
					[-79.86933041666666, 27.042817722222225],
					[-79.90643119444445, 27.050900472222224],
					[-79.94362719444445, 27.05780327777778],
					[-79.98085047222223, 27.06353313888889],
					[-80.0180346111111, 27.068101055555555],
					[-80.05511494444444, 27.07152177777778],
					[-80.09202883333333, 27.07381363888889],
					[-80.12871616666666, 27.074998305555557],
					[-80.16511941666667, 27.07510061111111],
					[-80.20118388888889, 27.07414811111111],
					[-80.236858, 27.072171],
					[-80.27209338888889, 27.06920172222222],
					[-80.30684494444444, 27.065274722222224],
					[-80.34107102777777, 27.060426194444446],
					[-80.37473341666666, 27.054693694444445],
					[-80.40779736111112, 27.048115944444447],
					[-80.44023158333334, 27.040732611111114],
					[-80.47200825, 27.032583944444443],
					[-80.50310286111112, 27.02371061111111],
					[-80.53349422222222, 27.014153416666666],
					[-80.56316433333333, 27.00395313888889],
					[-80.59209824999999, 26.993150361111113],
					[-80.62028391666666, 26.98178513888889],
					[-80.64771222222222, 26.969897],
					[-80.67437652777778, 26.957524777777778],
					[-80.70027283333333, 26.94470638888889],
					[-80.72556686111112, 26.931388000000002],
					[-80.75078583333334, 26.917285944444444],
					[-80.77593477777778, 26.902362166666666],
					[-80.80097416666666, 26.886601777777777],
					[-80.82586247222221, 26.86999136111111],
					[-80.85055622222221, 26.852519305555557],
					[-80.87501011111111, 26.834175916666666],
					[-80.89917702777778, 26.81495361111111],
					[-80.92300825000001, 26.79484713888889],
					[-80.94645355555556, 26.773853694444444],
					[-80.96946141666668, 26.75197313888889],
					[-80.9919791111111, 26.72920822222222],
					[-81.0139531111111, 26.70556461111111],
					[-81.03532908333334, 26.681051111111113],
					[-81.05605238888889, 26.65567986111111],
					[-81.07606819444445, 26.629466277777777],
					[-81.0953218611111, 26.602429361111113],
					[-81.11375919444444, 26.574591583333333],
					[-81.13132683333333, 26.545978944444446],
					[-81.1479726388889, 26.51662113888889],
					[-81.1636458888889, 26.48655136111111],
					[-81.17829777777779, 26.45580636111111],
					[-81.19188177777778, 26.42442627777778],
					[-81.20435380555556, 26.39245463888889],
					[-81.21567283333333, 26.359938083333336],
					[-81.225801, 26.326926222222223],
					[-81.23470397222222, 26.293471500000003],
					[-81.24235136111112, 26.259628777777777],
					[-81.24871677777777, 26.22545522222222],
					[-81.25377822222222, 26.191009916666665],
					[-81.25751816666667, 26.15635347222222],
					[-81.25992377777777, 26.121547833333334],
					[-81.26098702777777, 26.086655777777775],
					[-81.26070475, 26.05174061111111],
					[-81.25907858333333, 26.01686572222222],
					[-81.25611513888889, 25.982094277777776],
					[-81.25182577777778, 25.947488833333335],
					[-81.24622652777778, 25.913110888888887],
					[-81.23933805555555, 25.879020555555556],
					[-81.23118533333333, 25.845276305555554],
					[-81.22179752777778, 25.8119345],
					[-81.21120766666667, 25.779049194444443],
					[-81.19945244444445, 25.746671916666667],
					[-81.18657180555556, 25.714851222222222],
					[-81.17260877777778, 25.683632777777778],
					[-81.15760894444445, 25.653058888888886],
					[-81.14162027777779, 25.62316861111111],
					[-81.12469263888889, 25.59399747222222],
					[-81.10687758333333, 25.5655775],
					[-81.08822777777777, 25.53793716666667],
					[-81.06879691666666, 25.511101305555556],
					[-81.04863919444445, 25.48509127777778],
					[-81.02780908333334, 25.45992486111111],
					[-81.00636097222223, 25.43561647222222],
					[-80.98434897222222, 25.41217711111111],
					[-80.96182655555556, 25.389614694444443],
					[-80.93884630555556, 25.36793391666667],
					[-80.91545980555556, 25.347136638888887],
					[-80.89171736111112, 25.327221972222222],
					[-80.8676678611111, 25.308186333333335],
					[-80.84335855555555, 25.290023861111113],
					[-80.81883502777778, 25.27272636111111],
					[-80.79414105555556, 25.25628361111111],
					[-80.76931847222222, 25.240683555555556],
					[-80.74440716666666, 25.225912444444443],
					[-80.71944502777778, 25.211955],
					[-80.69442588888889, 25.198773166666665],
					[-80.66882755555557, 25.186085805555557],
					[-80.64248627777778, 25.173839222222224],
					[-80.61540608333333, 25.162070527777775],
					[-80.58759341666666, 25.150817666666665],
					[-80.55905719444443, 25.140119305555555],
					[-80.52980894444444, 25.130014666666668],
					[-80.49986305555555, 25.120543416666667],
					[-80.46923669444445, 25.11174541666667],
					[-80.43795008333333, 25.103660583333333],
					[-80.40602652777778, 25.096328749999998],
					[-80.3734925, 25.08978925],
					[-80.34037763888888, 25.084080944444445],
					[-80.30671494444444, 25.07924175],
					[-80.27254055555555, 25.075308555555555],
					[-80.23789397222222, 25.07231677777778],
					[-80.20281786111111, 25.070300305555556],
					[-80.16735805555557, 25.069291027777776],
					[-80.1315633611111, 25.069318694444444],
					[-80.09548558333333, 25.070410583333334],
					[-80.05917919444444, 25.07259125],
					[-80.02270122222222, 25.075882222222223],
					[-79.98611105555555, 25.08030188888889],
					[-79.94947002777778, 25.085865166666665],
					[-79.91284138888889, 25.092583277777777],
					[-79.87628969444444, 25.10046363888889],
					[-79.83988063888889, 25.109509694444444],
					[-79.80368075, 25.119720833333332],
					[-79.76775683333334, 25.13109213888889],
					[-79.73217566666666, 25.14361461111111],
					[-79.69700369444445, 25.157274833333332],
					[-79.66230644444445, 25.17205527777778],
					[-79.62814827777777, 25.18793422222222],
					[-79.59459191666666, 25.204885833333332],
					[-79.56169811111111, 25.22288036111111],
					[-79.52952519444445, 25.24188436111111],
					[-79.49812888888889, 25.261860722222224],
					[-79.46756175, 25.282769166666665],
					[-79.43787313888889, 25.30456625],
					[-79.40910877777779, 25.327205805555554],
					[-79.3813106111111, 25.35063927777778],
					[-79.35451658333332, 25.374815916666666],
					[-79.32876052777777, 25.39968327777778],
					[-79.30407199999999, 25.425187361111114],
					[-79.28047633333333, 25.45127325],
					[-79.25799441666666, 25.47788511111111],
					[-79.23664291666667, 25.504966888888887],
					[-79.21643419444445, 25.53246233333333],
					[-79.19737633333334, 25.560315527777778],
					[-79.17947347222223, 25.588471055555555],
					[-79.16272569444445, 25.61687438888889],
					[-79.14712933333334, 25.64547211111111],
					[-79.13267713888888, 25.674212083333334],
					[-79.11935847222222, 25.703043805555556],
					[-79.10715952777777, 25.7319185],
					[-79.09606355555555, 25.760789305555555],
					[-79.08605113888889, 25.78961141666667],
					[-79.07710038888888, 25.81834222222222],
					[-79.06918725, 25.846941333333334],
					[-79.06228566666667, 25.87537077777778],
					[-79.05636794444445, 25.903594888888886],
					[-79.05140486111111, 25.93158041666667],
					[-79.04736602777777, 25.959296583333334],
					[-79.04421997222222, 25.986714916666667],
					[-79.0419345, 26.013809416666668],
					[-79.04047672222222, 26.04055636111111],
					[-79.03981347222222, 26.066934305555556]
				]
			},
			"properties":{
				"style": "solid",
				"thickness":1
			}
		},
		{
			"type": "Feature",
			"geometry": {
				"type": "LineString",
				"coordinates": [
					[-79.33498566666667, 25.264901944444443],
					[-79.33515808333333, 25.291290583333335],
					[-79.33611391666666, 25.318060055555556],
					[-79.33788772222222, 25.345189333333334],
					[-79.34051369444444, 25.372655166666668],
					[-79.34402569444444, 25.40043186111111],
					[-79.34845675, 25.428491333333334],
					[-79.35383916666666, 25.456803055555554],
					[-79.36020402777777, 25.485334],
					[-79.36758108333332, 25.514048666666667],
					[-79.3759985, 25.54290911111111],
					[-79.38548258333334, 25.571874944444446],
					[-79.39605747222222, 25.600903444444445],
					[-79.40774502777778, 25.62994963888889],
					[-79.42056433333333, 25.658966333333332],
					[-79.4345316388889, 25.687904361111112],
					[-79.44966002777778, 25.71671272222222],
					[-79.46595913888889, 25.74533863888889],
					[-79.48343502777777, 25.77372802777778],
					[-79.50208983333333, 25.801825472222223],
					[-79.52192169444444, 25.829574666666666],
					[-79.54292452777777, 25.85691863888889],
					[-79.56508788888888, 25.883800027777777],
					[-79.58839694444444, 25.910161527777777],
					[-79.61283225, 25.935946055555554],
					[-79.63836986111112, 25.961097249999998],
					[-79.66498127777778, 25.98555975],
					[-79.69263352777779, 26.00927961111111],
					[-79.72128919444445, 26.032204583333332],
					[-79.7509066111111, 26.054284555555558],
					[-79.78144002777778, 26.07547183333333],
					[-79.81283983333333, 26.0957215],
					[-79.84505277777777, 26.114991694444445],
					[-79.87802230555555, 26.133243944444445],
					[-79.91168886111112, 26.15044333333333],
					[-79.94599030555555, 26.166558805555553],
					[-79.98086216666667, 26.181563305555557],
					[-80.01623822222223, 26.195433972222222],
					[-80.05205074999999, 26.208152194444445],
					[-80.08823105555555, 26.219703694444444],
					[-80.12470983333333, 26.23007861111111],
					[-80.16141769444445, 26.239271416666668],
					[-80.19828541666666, 26.247280916666668],
					[-80.23524461111111, 26.25411013888889],
					[-80.27222780555556, 26.25976625],
					[-80.30916908333333, 26.26426038888889],
					[-80.34600425, 26.267607444444444],
					[-80.38267124999999, 26.26982586111111],
					[-80.41911036111111, 26.2709375],
					[-80.45526458333333, 26.270967194444445],
					[-80.49107969444445, 26.269942694444442],
					[-80.52650455555556, 26.267894305555554],
					[-80.56149119444444, 26.26485458333333],
					[-80.59599497222221, 26.26085802777778],
					[-80.62997463888888, 26.255940916666667],
					[-80.66339230555556, 26.25014088888889],
					[-80.69621361111112, 26.243496805555555],
					[-80.72840761111111, 26.236048333333333],
					[-80.75994675, 26.227835805555554],
					[-80.79080680555555, 26.21889994444444],
					[-80.8209668611111, 26.209281583333333],
					[-80.8504091111111, 26.199021555555557],
					[-80.87911886111111, 26.188160444444446],
					[-80.90708427777778, 26.17673838888889],
					[-80.93429630555556, 26.164794916666665],
					[-80.96074855555555, 26.15236883333333],
					[-80.98643711111112, 26.13949811111111],
					[-81.01152641666667, 26.126128555555557],
					[-81.03653944444444, 26.111975472222223],
					[-81.0614811111111, 26.09700075],
					[-81.08631213888889, 26.08118961111111],
					[-81.11099127777777, 26.064528666666668],
					[-81.13547533333335, 26.047006472222225],
					[-81.15971927777778, 26.02861336111111],
					[-81.18367636111111, 26.00934186111111],
					[-81.20729813888889, 25.989186805555555],
					[-81.23053480555556, 25.9681455],
					[-81.25333513888889, 25.94621791666667],
					[-81.27564683333333, 25.92340688888889],
					[-81.29741672222222, 25.899718166666666],
					[-81.31859094444444, 25.875160722222223],
					[-81.33911516666666, 25.849746749999998],
					[-81.35893502777778, 25.823491805555555],
					[-81.37799627777777, 25.796414944444447],
					[-81.39624519444445, 25.768538777777778],
					[-81.41362883333333, 25.739889444444444],
					[-81.43009541666667, 25.710496666666668],
					[-81.44559472222222, 25.68039377777778],
					[-81.46007833333334, 25.64961761111111],
					[-81.47350008333333, 25.61820841666667],
					[-81.48581633333333, 25.586209777777775],
					[-81.49698636111111, 25.553668416666667],
					[-81.50697269444444, 25.520634055555554],
					[-81.51574138888888, 25.487159138888888],
					[-81.52326227777777, 25.45329863888889],
					[-81.52950930555555, 25.41910975],
					[-81.53446075, 25.384651555555553],
					[-81.53809927777777, 25.349984805555554],
					[-81.54041227777778, 25.31517138888889],
					[-81.54139186111111, 25.280274111111112],
					[-81.54103502777778, 25.245356305555557],
					[-81.53934352777777, 25.21048136111111],
					[-81.536324, 25.175712416666666],
					[-81.53198783333333, 25.141112],
					[-81.52635113888888, 25.106741583333335],
					[-81.51943447222222, 25.072661277777776],
					[-81.51126277777777, 25.038929444444445],
					[-81.50186511111112, 25.005602472222222],
					[-81.49127436111111, 24.972734305555555],
					[-81.47952705555555, 24.94037638888889],
					[-81.46666302777778, 24.908577277777777],
					[-81.452725, 24.877382472222223],
					[-81.43775841666667, 24.84683425],
					[-81.42181091666667, 24.816971555555554],
					[-81.40493216666667, 24.787829833333333],
					[-81.38717336111112, 24.75944102777778],
					[-81.36858694444443, 24.731833499999997],
					[-81.34922622222221, 24.705032],
					[-81.3291451111111, 24.679057750000002],
					[-81.30839772222222, 24.65392847222222],
					[-81.28703816666666, 24.629658444444445],
					[-81.26512016666666, 24.606258611111112],
					[-81.24269686111111, 24.58373675],
					[-81.2198205, 24.562097472222224],
					[-81.19654238888889, 24.541342583333336],
					[-81.17291241666668, 24.52147102777778],
					[-81.14897916666668, 24.502479194444444],
					[-81.1247896111111, 24.484361083333333],
					[-81.10038897222222, 24.467108416666665],
					[-81.07582072222222, 24.450710944444445],
					[-81.05112644444444, 24.4351565],
					[-81.02634572222222, 24.42043125],
					[-81.00151613888889, 24.40651986111111],
					[-80.97663152777778, 24.39338425],
					[-80.95117247222223, 24.380744305555556],
					[-80.92497619444445, 24.368546583333334],
					[-80.89804675, 24.356828250000003],
					[-80.8703906111111, 24.345627194444443],
					[-80.84201675, 24.33498211111111],
					[-80.81293674999999, 24.324932166666667],
					[-80.78316488888889, 24.315517055555556],
					[-80.75271841666667, 24.306776583333335],
					[-80.72161744444445, 24.298750666666667],
					[-80.68988527777778, 24.29147902777778],
					[-80.65754822222223, 24.285001055555558],
					[-80.62463594444444, 24.279355499999998],
					[-80.59118119444445, 24.274580277777776],
					[-80.55722008333333, 24.27071213888889],
					[-80.52279188888889, 24.267786527777776],
					[-80.48793911111112, 24.265837166666667],
					[-80.45270733333334, 24.264895944444444],
					[-80.41714519444444, 24.26499247222222],
					[-80.38130419444444, 24.266153972222224],
					[-80.34523852777777, 24.268404888888888],
					[-80.30900494444444, 24.271766666666664],
					[-80.2726625, 24.276257555555553],
					[-80.23627222222223, 24.28189236111111],
					[-80.19989691666667, 24.288682194444448],
					[-80.16360080555556, 24.29663438888889],
					[-80.12744925, 24.305752222222225],
					[-80.09150830555555, 24.316034972222223],
					[-80.05584433333333, 24.32747763888889],
					[-80.02052375, 24.340071],
					[-79.9856125, 24.353801583333336],
					[-79.95117569444444, 24.36865172222222],
					[-79.91727725, 24.384599555555557],
					[-79.88397947222222, 24.40161911111111],
					[-79.85134258333333, 24.41968055555556],
					[-79.81942458333333, 24.43875027777778],
					[-79.78828063888889, 24.45879111111111],
					[-79.757963, 24.479762583333333],
					[-79.72852055555556, 24.501621222222223],
					[-79.69999861111111, 24.52432072222222],
					[-79.67243875, 24.547812444444446],
					[-79.64587858333334, 24.572045583333335],
					[-79.62035155555554, 24.596967527777778],
					[-79.59588694444444, 24.622524333333335],
					[-79.57250972222222, 24.648660888888887],
					[-79.55024058333333, 24.67532141666667],
					[-79.52909588888889, 24.70244975],
					[-79.50908775, 24.729989611111108],
					[-79.49022413888889, 24.757885055555555],
					[-79.47250894444444, 24.786080666666667],
					[-79.45594213888889, 24.81452188888889],
					[-79.44051991666667, 24.84315525],
					[-79.42623494444445, 24.871928694444446],
					[-79.41307652777779, 24.900791666666667],
					[-79.40103077777778, 24.929695444444445],
					[-79.39008097222222, 24.958593138888887],
					[-79.38020763888888, 24.98744],
					[-79.37138894444443, 25.016193472222223],
					[-79.36360083333332, 25.044813166666668],
					[-79.35681736111111, 25.073261166666665],
					[-79.35101088888888, 25.101501833333334],
					[-79.34615227777778, 25.129502000000002],
					[-79.34221122222222, 25.157230916666666],
					[-79.33915641666667, 25.184660194444444],
					[-79.33695575, 25.211763833333332],
					[-79.33557652777777, 25.238518194444445],
					[-79.33498566666667, 25.264901944444443]
				]
			},
			"properties":{
				"style": "solid",
				"thickness":1
			}
		}
	]
}