{
"type": "FeatureCollection",
"name": "mia009smvagp",
"features": [
{ "type": "Feature", "properties": { "style": "solid", "thickness": 1 }, "geometry": { "type": "LineString", "coordinates": [ [ -80.77357, 24.54586 ], [ -80.790833777777777, 24.551351 ] ] } },
{ "type": "Feature", "properties": { "style": "solid", "thickness": 1 }, "geometry": { "type": "LineString", "coordinates": [ [ -80.808099083333332, 24.556839972222225 ], [ -80.825365916666669, 24.562326944444447 ] ] } },
{ "type": "Feature", "properties": { "style": "solid", "thickness": 1 }, "geometry": { "type": "LineString", "coordinates": [ [ -80.842634249999989, 24.56781186111111 ], [ -80.859904083333333, 24.573294777777779 ] ] } },
{ "type": "Feature", "properties": { "style": "solid", "thickness": 1 }, "geometry": { "type": "LineString", "coordinates": [ [ -80.876972944444432, 24.579245888888888 ], [ -80.8936945, 24.586005611111108 ] ] } },
{ "type": "Feature", "properties": { "style": "solid", "thickness": 1 }, "geometry": { "type": "LineString", "coordinates": [ [ -80.910417861111114, 24.592763416666667 ], [ -80.927143027777788, 24.599519305555553 ] ] } },
{ "type": "Feature", "properties": { "style": "solid", "thickness": 1 }, "geometry": { "type": "LineString", "coordinates": [ [ -80.94387, 24.606273305555558 ], [ -80.960598777777776, 24.613025361111113 ] ] } },
{ "type": "Feature", "properties": { "style": "solid", "thickness": 1 }, "geometry": { "type": "LineString", "coordinates": [ [ -80.977329361111117, 24.619775527777779 ], [ -80.97810175, 24.620087111111111 ], [ -80.993383277777781, 24.62777775 ] ] } },
{ "type": "Feature", "properties": { "style": "solid", "thickness": 1 }, "geometry": { "type": "LineString", "coordinates": [ [ -81.009406416666664, 24.635838888888888 ], [ -81.02543163888889, 24.64389825 ] ] } },
{ "type": "Feature", "properties": { "style": "solid", "thickness": 1 }, "geometry": { "type": "LineString", "coordinates": [ [ -81.041458944444443, 24.651955861111109 ], [ -81.057488305555552, 24.660011722222222 ] ] } },
{ "type": "Feature", "properties": { "style": "solid", "thickness": 1 }, "geometry": { "type": "LineString", "coordinates": [ [ -81.07351975, 24.668065805555557 ], [ -81.080808722222216, 24.671726805555558 ], [ -81.089098194444446, 24.676801833333336 ] ] } },
{ "type": "Feature", "properties": { "style": "solid", "thickness": 1 }, "geometry": { "type": "LineString", "coordinates": [ [ -81.104299583333329, 24.686106166666669 ], [ -81.11950325, 24.695408888888888 ] ] } },
{ "type": "Feature", "properties": { "style": "solid", "thickness": 1 }, "geometry": { "type": "LineString", "coordinates": [ [ -81.134709194444454, 24.704710055555555 ], [ -81.149917388888895, 24.714009611111109 ] ] } },
{ "type": "Feature", "properties": { "style": "solid", "thickness": 1 }, "geometry": { "type": "LineString", "coordinates": [ [ -81.16512788888889, 24.723307555555554 ], [ -81.178173055555561, 24.7312795 ], [ -81.180205111111121, 24.732772472222219 ] ] } },
{ "type": "Feature", "properties": { "style": "solid", "thickness": 1 }, "geometry": { "type": "LineString", "coordinates": [ [ -81.194468805555559, 24.743250388888889 ], [ -81.208734916666671, 24.753726888888888 ] ] } },
{ "type": "Feature", "properties": { "style": "solid", "thickness": 1 }, "geometry": { "type": "LineString", "coordinates": [ [ -81.223003444444444, 24.764201972222221 ], [ -81.237274416666665, 24.774675638888887 ] ] } },
{ "type": "Feature", "properties": { "style": "solid", "thickness": 1 }, "geometry": { "type": "LineString", "coordinates": [ [ -81.251547777777773, 24.78514788888889 ], [ -81.265823583333329, 24.795618722222223 ] ] } },
{ "type": "Feature", "properties": { "style": "solid", "thickness": 1 }, "geometry": { "type": "LineString", "coordinates": [ [ -81.279310111111116, 24.806911 ], [ -81.292529222222214, 24.818482583333331 ] ] } },
{ "type": "Feature", "properties": { "style": "solid", "thickness": 1 }, "geometry": { "type": "LineString", "coordinates": [ [ -81.305750805555547, 24.830052944444443 ], [ -81.318974861111101, 24.841622083333331 ] ] } },
{ "type": "Feature", "properties": { "style": "solid", "thickness": 1 }, "geometry": { "type": "LineString", "coordinates": [ [ -81.332201416666663, 24.85319 ], [ -81.345430472222219, 24.864756666666668 ] ] } },
{ "type": "Feature", "properties": { "style": "solid", "thickness": 1 }, "geometry": { "type": "LineString", "coordinates": [ [ -81.358248027777776, 24.876683111111113 ], [ -81.370318, 24.889262583333334 ] ] } },
{ "type": "Feature", "properties": { "style": "solid", "thickness": 1 }, "geometry": { "type": "LineString", "coordinates": [ [ -81.382390444444439, 24.901841027777778 ], [ -81.394465388888889, 24.914418444444443 ] ] } },
{ "type": "Feature", "properties": { "style": "solid", "thickness": 1 }, "geometry": { "type": "LineString", "coordinates": [ [ -81.406542777777787, 24.926994805555555 ], [ -81.418622694444451, 24.939570111111113 ] ] } },
{ "type": "Feature", "properties": { "style": "solid", "thickness": 1 }, "geometry": { "type": "LineString", "coordinates": [ [ -81.430705055555563, 24.952144416666666 ], [ -81.43103711111111, 24.952489944444444 ], [ -81.441566583333341, 24.965611388888888 ] ] } },
{ "type": "Feature", "properties": { "style": "solid", "thickness": 1 }, "geometry": { "type": "LineString", "coordinates": [ [ -81.452395916666674, 24.97910275 ], [ -81.463227666666668, 24.992593277777779 ] ] } },
{ "type": "Feature", "properties": { "style": "solid", "thickness": 1 }, "geometry": { "type": "LineString", "coordinates": [ [ -81.474061805555564, 25.006082944444444 ], [ -81.484898361111107, 25.019571777777777 ] ] } },
{ "type": "Feature", "properties": { "style": "solid", "thickness": 1 }, "geometry": { "type": "LineString", "coordinates": [ [ -81.495737333333338, 25.03305975 ], [ -81.50011, 25.0385 ] ] } },
{ "type": "Feature", "properties": { "style": "solid", "thickness": 1 }, "geometry": { "type": "LineString", "coordinates": [ [ -81.50011, 25.0385 ], [ -81.510852444444438, 25.052052944444444 ] ] } },
{ "type": "Feature", "properties": { "style": "solid", "thickness": 1 }, "geometry": { "type": "LineString", "coordinates": [ [ -81.521597305555559, 25.065605055555555 ], [ -81.52697, 25.07238 ] ] } },
{ "type": "Feature", "properties": { "style": "solid", "thickness": 1 }, "geometry": { "type": "LineString", "coordinates": [ [ -81.52697, 25.07238 ], [ -81.536551861111107, 25.08663825 ] ] } },
{ "type": "Feature", "properties": { "style": "solid", "thickness": 1 }, "geometry": { "type": "LineString", "coordinates": [ [ -81.546136, 25.100895805555556 ], [ -81.555722388888881, 25.115152694444447 ] ] } },
{ "type": "Feature", "properties": { "style": "solid", "thickness": 1 }, "geometry": { "type": "LineString", "coordinates": [ [ -81.565311055555554, 25.129408888888889 ], [ -81.574901972222222, 25.143664388888887 ] ] } },
{ "type": "Feature", "properties": { "style": "solid", "thickness": 1 }, "geometry": { "type": "LineString", "coordinates": [ [ -81.584495166666656, 25.157919222222223 ], [ -81.589394916666663, 25.165198361111109 ], [ -81.593466833333324, 25.172490833333335 ] ] } },
{ "type": "Feature", "properties": { "style": "solid", "thickness": 1 }, "geometry": { "type": "LineString", "coordinates": [ [ -81.601789638888889, 25.187393222222223 ], [ -81.610114527777768, 25.202295055555556 ] ] } },
{ "type": "Feature", "properties": { "style": "solid", "thickness": 1 }, "geometry": { "type": "LineString", "coordinates": [ [ -81.618441472222216, 25.21719636111111 ], [ -81.6267705, 25.232097138888886 ] ] } },
{ "type": "Feature", "properties": { "style": "solid", "thickness": 1 }, "geometry": { "type": "LineString", "coordinates": [ [ -81.635101583333338, 25.246997361111113 ], [ -81.643434750000011, 25.261897055555554 ] ] } },
{ "type": "Feature", "properties": { "style": "solid", "thickness": 1 }, "geometry": { "type": "LineString", "coordinates": [ [ -81.65177, 25.27679622222222 ], [ -81.65659, 25.28541 ] ] } },
{ "type": "Feature", "properties": { "style": "solid", "thickness": 1 }, "geometry": { "type": "LineString", "coordinates": [ [ -81.52697, 25.07238 ], [ -81.520485305555553, 25.088018777777776 ] ] } },
{ "type": "Feature", "properties": { "style": "solid", "thickness": 1 }, "geometry": { "type": "LineString", "coordinates": [ [ -81.513998972222225, 25.103657305555558 ], [ -81.507511027777781, 25.11929552777778 ] ] } },
{ "type": "Feature", "properties": { "style": "solid", "thickness": 1 }, "geometry": { "type": "LineString", "coordinates": [ [ -81.50102147222222, 25.1349335 ], [ -81.494530277777784, 25.150571194444442 ] ] } },
{ "type": "Feature", "properties": { "style": "solid", "thickness": 1 }, "geometry": { "type": "LineString", "coordinates": [ [ -81.488037472222217, 25.166208583333333 ], [ -81.481543, 25.181845722222224 ] ] } },
{ "type": "Feature", "properties": { "style": "solid", "thickness": 1 }, "geometry": { "type": "LineString", "coordinates": [ [ -81.47504691666667, 25.197482583333333 ], [ -81.468549222222222, 25.213119166666665 ] ] } },
{ "type": "Feature", "properties": { "style": "solid", "thickness": 1 }, "geometry": { "type": "LineString", "coordinates": [ [ -81.462049861111112, 25.228755472222222 ], [ -81.455548888888899, 25.2443915 ] ] } },
{ "type": "Feature", "properties": { "style": "solid", "thickness": 1 }, "geometry": { "type": "LineString", "coordinates": [ [ -81.449046277777782, 25.260027222222224 ], [ -81.442542027777776, 25.275662694444442 ] ] } },
{ "type": "Feature", "properties": { "style": "solid", "thickness": 1 }, "geometry": { "type": "LineString", "coordinates": [ [ -81.436036138888895, 25.291297861111111 ], [ -81.42952861111111, 25.30693275 ] ] } },
{ "type": "Feature", "properties": { "style": "solid", "thickness": 1 }, "geometry": { "type": "LineString", "coordinates": [ [ -81.423019444444449, 25.322567333333332 ], [ -81.416508638888899, 25.338201666666667 ] ] } },
{ "type": "Feature", "properties": { "style": "solid", "thickness": 1 }, "geometry": { "type": "LineString", "coordinates": [ [ -81.409996166666673, 25.353835694444445 ], [ -81.403482083333344, 25.369469416666668 ] ] } },
{ "type": "Feature", "properties": { "style": "solid", "thickness": 1 }, "geometry": { "type": "LineString", "coordinates": [ [ -81.396966333333339, 25.385102861111111 ], [ -81.39347, 25.39349 ], [ -81.38870580555556, 25.387063 ] ] } },
{ "type": "Feature", "properties": { "style": "solid", "thickness": 1 }, "geometry": { "type": "LineString", "coordinates": [ [ -81.37842897222221, 25.373196361111113 ], [ -81.3706, 25.36263 ], [ -81.371379777777776, 25.358714361111112 ] ] } },
{ "type": "Feature", "properties": { "style": "solid", "thickness": 1 }, "geometry": { "type": "LineString", "coordinates": [ [ -81.37465511111111, 25.34226475 ], [ -81.377929611111099, 25.325815055555555 ] ] } },
{ "type": "Feature", "properties": { "style": "solid", "thickness": 1 }, "geometry": { "type": "LineString", "coordinates": [ [ -81.381203277777772, 25.309365277777779 ], [ -81.38447608333334, 25.29291538888889 ] ] } },
{ "type": "Feature", "properties": { "style": "solid", "thickness": 1 }, "geometry": { "type": "LineString", "coordinates": [ [ -81.387748027777789, 25.276465416666667 ], [ -81.391019166666666, 25.260015361111112 ] ] } },
{ "type": "Feature", "properties": { "style": "solid", "thickness": 1 }, "geometry": { "type": "LineString", "coordinates": [ [ -81.391773138888894, 25.243428 ], [ -81.390688472222223, 25.226740277777775 ] ] } },
{ "type": "Feature", "properties": { "style": "solid", "thickness": 1 }, "geometry": { "type": "LineString", "coordinates": [ [ -81.389604166666672, 25.210052527777776 ], [ -81.388520222222226, 25.193364722222224 ] ] } },
{ "type": "Feature", "properties": { "style": "solid", "thickness": 1 }, "geometry": { "type": "LineString", "coordinates": [ [ -81.38743658333334, 25.176676888888888 ], [ -81.38702, 25.17026 ], [ -81.393985111111121, 25.162155638888887 ] ] } },
{ "type": "Feature", "properties": { "style": "solid", "thickness": 1 }, "geometry": { "type": "LineString", "coordinates": [ [ -81.405299777777785, 25.148987277777778 ], [ -81.416612027777788, 25.135818083333334 ] ] } },
{ "type": "Feature", "properties": { "style": "solid", "thickness": 1 }, "geometry": { "type": "LineString", "coordinates": [ [ -81.427921833333343, 25.122648055555555 ], [ -81.439229194444451, 25.109477194444445 ] ] } },
{ "type": "Feature", "properties": { "style": "solid", "thickness": 1 }, "geometry": { "type": "LineString", "coordinates": [ [ -81.450534166666671, 25.09630547222222 ], [ -81.46183666666667, 25.083132916666667 ] ] } },
{ "type": "Feature", "properties": { "style": "solid", "thickness": 1 }, "geometry": { "type": "LineString", "coordinates": [ [ -81.473136777777782, 25.069959555555556 ], [ -81.484434444444446, 25.056785333333334 ] ] } },
{ "type": "Feature", "properties": { "style": "solid", "thickness": 1 }, "geometry": { "type": "LineString", "coordinates": [ [ -81.495729694444449, 25.04361027777778 ], [ -81.50011, 25.0385 ] ] } },
{ "type": "Feature", "properties": { "style": "solid", "thickness": 1 }, "geometry": { "type": "LineString", "coordinates": [ [ -79.79511, 25.58722 ], [ -79.799056805555551, 25.570890583333334 ] ] } },
{ "type": "Feature", "properties": { "style": "solid", "thickness": 1 }, "geometry": { "type": "LineString", "coordinates": [ [ -79.8030025, 25.554561 ], [ -79.806947111111114, 25.53823125 ] ] } },
{ "type": "Feature", "properties": { "style": "solid", "thickness": 1 }, "geometry": { "type": "LineString", "coordinates": [ [ -79.810890666666666, 25.521901361111109 ], [ -79.814833111111113, 25.505571333333332 ] ] } },
{ "type": "Feature", "properties": { "style": "solid", "thickness": 1 }, "geometry": { "type": "LineString", "coordinates": [ [ -79.818774472222216, 25.48924113888889 ], [ -79.82271475, 25.472910805555554 ] ] } },
{ "type": "Feature", "properties": { "style": "solid", "thickness": 1 }, "geometry": { "type": "LineString", "coordinates": [ [ -79.826653944444445, 25.456580305555555 ], [ -79.830592055555556, 25.440249694444443 ] ] } },
{ "type": "Feature", "properties": { "style": "solid", "thickness": 1 }, "geometry": { "type": "LineString", "coordinates": [ [ -79.83452911111111, 25.423918916666668 ], [ -79.838465055555545, 25.40758797222222 ] ] } },
{ "type": "Feature", "properties": { "style": "solid", "thickness": 1 }, "geometry": { "type": "LineString", "coordinates": [ [ -79.842399944444438, 25.391256916666666 ], [ -79.84633375, 25.374925694444446 ] ] } },
{ "type": "Feature", "properties": { "style": "solid", "thickness": 1 }, "geometry": { "type": "LineString", "coordinates": [ [ -79.850266472222216, 25.358594333333336 ], [ -79.854198111111103, 25.342262833333333 ] ] } },
{ "type": "Feature", "properties": { "style": "solid", "thickness": 1 }, "geometry": { "type": "LineString", "coordinates": [ [ -79.860492638888886, 25.326748777777777 ], [ -79.869502055555543, 25.312173888888889 ] ] } },
{ "type": "Feature", "properties": { "style": "solid", "thickness": 1 }, "geometry": { "type": "LineString", "coordinates": [ [ -79.878509305555554, 25.29759841666667 ], [ -79.887514361111116, 25.283022333333331 ] ] } },
{ "type": "Feature", "properties": { "style": "solid", "thickness": 1 }, "geometry": { "type": "LineString", "coordinates": [ [ -79.896517277777789, 25.268445694444445 ], [ -79.905518, 25.253868444444443 ] ] } },
{ "type": "Feature", "properties": { "style": "solid", "thickness": 1 }, "geometry": { "type": "LineString", "coordinates": [ [ -79.914516583333338, 25.239290611111112 ], [ -79.923512972222227, 25.224712194444443 ] ] } },
{ "type": "Feature", "properties": { "style": "solid", "thickness": 1 }, "geometry": { "type": "LineString", "coordinates": [ [ -79.932507222222227, 25.210133222222222 ], [ -79.94149927777778, 25.195553638888889 ] ] } },
{ "type": "Feature", "properties": { "style": "solid", "thickness": 1 }, "geometry": { "type": "LineString", "coordinates": [ [ -79.950489194444444, 25.1809735 ], [ -79.95947697222222, 25.16639275 ] ] } },
{ "type": "Feature", "properties": { "style": "solid", "thickness": 1 }, "geometry": { "type": "LineString", "coordinates": [ [ -79.968462555555561, 25.151811444444444 ], [ -79.977446, 25.137229555555557 ] ] } },
{ "type": "Feature", "properties": { "style": "solid", "thickness": 1 }, "geometry": { "type": "LineString", "coordinates": [ [ -79.983590388888885, 25.121595694444444 ], [ -79.98835013888889, 25.105448972222224 ] ] } },
{ "type": "Feature", "properties": { "style": "solid", "thickness": 1 }, "geometry": { "type": "LineString", "coordinates": [ [ -79.993108638888884, 25.089302055555553 ], [ -79.997865861111109, 25.073154944444443 ] ] } },
{ "type": "Feature", "properties": { "style": "solid", "thickness": 1 }, "geometry": { "type": "LineString", "coordinates": [ [ -80.006401611111116, 25.058792333333333 ], [ -80.018144777777778, 25.045944361111111 ] ] } },
{ "type": "Feature", "properties": { "style": "solid", "thickness": 1 }, "geometry": { "type": "LineString", "coordinates": [ [ -80.029885444444446, 25.033095444444445 ], [ -80.041623666666666, 25.020245583333331 ] ] } },
{ "type": "Feature", "properties": { "style": "solid", "thickness": 1 }, "geometry": { "type": "LineString", "coordinates": [ [ -80.053359416666666, 25.00739475 ], [ -80.065092694444445, 24.994542972222224 ] ] } },
{ "type": "Feature", "properties": { "style": "solid", "thickness": 1 }, "geometry": { "type": "LineString", "coordinates": [ [ -80.076823527777776, 24.98169022222222 ], [ -80.0885518611111, 24.968836555555555 ] ] } },
{ "type": "Feature", "properties": { "style": "solid", "thickness": 1 }, "geometry": { "type": "LineString", "coordinates": [ [ -80.100277777777777, 24.955981916666666 ], [ -80.112001194444446, 24.943126333333332 ] ] } },
{ "type": "Feature", "properties": { "style": "solid", "thickness": 1 }, "geometry": { "type": "LineString", "coordinates": [ [ -80.123722166666667, 24.930269805555557 ], [ -80.135440666666668, 24.917412305555558 ] ] } },
{ "type": "Feature", "properties": { "style": "solid", "thickness": 1 }, "geometry": { "type": "LineString", "coordinates": [ [ -80.147156722222235, 24.904553888888888 ], [ -80.15887033333334, 24.891694527777776 ] ] } },
{ "type": "Feature", "properties": { "style": "solid", "thickness": 1 }, "geometry": { "type": "LineString", "coordinates": [ [ -80.171362277777789, 24.879490972222222 ], [ -80.184464472222231, 24.867801666666669 ] ] } },
{ "type": "Feature", "properties": { "style": "solid", "thickness": 1 }, "geometry": { "type": "LineString", "coordinates": [ [ -80.197564194444453, 24.856111194444445 ], [ -80.210661416666667, 24.844419555555554 ] ] } },
{ "type": "Feature", "properties": { "style": "solid", "thickness": 1 }, "geometry": { "type": "LineString", "coordinates": [ [ -80.223756166666675, 24.83272675 ], [ -80.236848388888887, 24.82103275 ] ] } },
{ "type": "Feature", "properties": { "style": "solid", "thickness": 1 }, "geometry": { "type": "LineString", "coordinates": [ [ -80.252534277777784, 24.812437416666668 ], [ -80.26833219444444, 24.803976777777777 ] ] } },
{ "type": "Feature", "properties": { "style": "solid", "thickness": 1 }, "geometry": { "type": "LineString", "coordinates": [ [ -80.28412794444445, 24.79551441666667 ], [ -80.299921527777769, 24.787050361111113 ] ] } },
{ "type": "Feature", "properties": { "style": "solid", "thickness": 1 }, "geometry": { "type": "LineString", "coordinates": [ [ -80.315712916666669, 24.778584638888887 ], [ -80.3254, 24.77339 ], [ -80.330692583333331, 24.769100388888887 ] ] } },
{ "type": "Feature", "properties": { "style": "solid", "thickness": 1 }, "geometry": { "type": "LineString", "coordinates": [ [ -80.344384805555549, 24.758000638888888 ], [ -80.358074555555547, 24.746899611111111 ] ] } },
{ "type": "Feature", "properties": { "style": "solid", "thickness": 1 }, "geometry": { "type": "LineString", "coordinates": [ [ -80.363508416666662, 24.732452833333333 ], [ -80.363337944444439, 24.715735 ] ] } },
{ "type": "Feature", "properties": { "style": "solid", "thickness": 1 }, "geometry": { "type": "LineString", "coordinates": [ [ -80.363167499999989, 24.699017138888888 ], [ -80.36315, 24.6973 ], [ -80.37483397222222, 24.686760055555556 ] ] } },
{ "type": "Feature", "properties": { "style": "solid", "thickness": 1 }, "geometry": { "type": "LineString", "coordinates": [ [ -80.387853111111113, 24.675012472222225 ], [ -80.400869750000012, 24.663263777777775 ] ] } },
{ "type": "Feature", "properties": { "style": "solid", "thickness": 1 }, "geometry": { "type": "LineString", "coordinates": [ [ -80.414900444444456, 24.653476055555554 ], [ -80.433092888888893, 24.651722277777775 ] ] } },
{ "type": "Feature", "properties": { "style": "solid", "thickness": 1 }, "geometry": { "type": "LineString", "coordinates": [ [ -80.451284833333332, 24.64996625 ], [ -80.46947625, 24.64820797222222 ] ] } },
{ "type": "Feature", "properties": { "style": "solid", "thickness": 1 }, "geometry": { "type": "LineString", "coordinates": [ [ -80.487667138888895, 24.646447472222221 ], [ -80.5058575, 24.64468475 ] ] } },
{ "type": "Feature", "properties": { "style": "solid", "thickness": 1 }, "geometry": { "type": "LineString", "coordinates": [ [ -80.524047333333328, 24.642919777777777 ], [ -80.54223663888888, 24.641152555555554 ] ] } },
{ "type": "Feature", "properties": { "style": "solid", "thickness": 1 }, "geometry": { "type": "LineString", "coordinates": [ [ -80.560425416666661, 24.639383138888888 ], [ -80.57319, 24.63814 ], [ -80.578063166666666, 24.635900638888888 ] ] } },
{ "type": "Feature", "properties": { "style": "solid", "thickness": 1 }, "geometry": { "type": "LineString", "coordinates": [ [ -80.594403805555544, 24.628389805555557 ], [ -80.61074244444444, 24.620877222222223 ] ] } },
{ "type": "Feature", "properties": { "style": "solid", "thickness": 1 }, "geometry": { "type": "LineString", "coordinates": [ [ -80.627079083333328, 24.613362805555557 ], [ -80.64341375, 24.605846611111112 ] ] } },
{ "type": "Feature", "properties": { "style": "solid", "thickness": 1 }, "geometry": { "type": "LineString", "coordinates": [ [ -80.659746416666678, 24.598328638888887 ], [ -80.67607708333334, 24.59080886111111 ] ] } },
{ "type": "Feature", "properties": { "style": "solid", "thickness": 1 }, "geometry": { "type": "LineString", "coordinates": [ [ -80.692405777777779, 24.583287277777778 ], [ -80.70873244444445, 24.575763944444443 ] ] } },
{ "type": "Feature", "properties": { "style": "solid", "thickness": 1 }, "geometry": { "type": "LineString", "coordinates": [ [ -80.725057138888886, 24.568238805555556 ], [ -80.74137983333334, 24.560711861111113 ] ] } },
{ "type": "Feature", "properties": { "style": "solid", "thickness": 1 }, "geometry": { "type": "LineString", "coordinates": [ [ -80.757700527777772, 24.553183166666667 ], [ -80.77357, 24.54586 ] ] } },
{ "type": "Feature", "properties": { "style": "solid", "thickness": 1 }, "geometry": { "type": "LineString", "coordinates": [ [ -80.46839, 25.62414 ], [ -80.462606083333341, 25.623925333333332 ], [ -80.454430083333335, 25.623070361111111 ], [ -80.450099, 25.622267722222222 ] ] } },
{ "type": "Feature", "properties": { "style": "solid", "thickness": 1 }, "geometry": { "type": "LineString", "coordinates": [ [ -80.432523, 25.617325472222223 ], [ -80.430828694444443, 25.616720083333334 ], [ -80.423470055555555, 25.613395111111114 ], [ -80.416460805555559, 25.609504361111114 ], [ -80.41631875, 25.609409166666669 ] ] } },
{ "type": "Feature", "properties": { "style": "solid", "thickness": 1 }, "geometry": { "type": "LineString", "coordinates": [ [ -80.402193888888888, 25.598710055555554 ], [ -80.398047055555566, 25.59475311111111 ], [ -80.392936222222232, 25.588934305555554 ], [ -80.39060975000001, 25.58575025 ] ] } },
{ "type": "Feature", "properties": { "style": "solid", "thickness": 1 }, "geometry": { "type": "LineString", "coordinates": [ [ -80.382002611111105, 25.571006416666666 ], [ -80.381227472222221, 25.56938938888889 ], [ -80.3786315, 25.562343444444444 ], [ -80.376726166666657, 25.55511975 ], [ -80.376710388888881, 25.555023166666668 ] ] } },
{ "type": "Feature", "properties": { "style": "solid", "thickness": 1 }, "geometry": { "type": "LineString", "coordinates": [ [ -80.375125694444435, 25.538399527777781 ], [ -80.375227527777767, 25.536070416666668 ], [ -80.37612569444444, 25.528592416666665 ], [ -80.377600972222211, 25.521859888888887 ] ] } },
{ "type": "Feature", "properties": { "style": "solid", "thickness": 1 }, "geometry": { "type": "LineString", "coordinates": [ [ -80.383568944444448, 25.506074222222221 ], [ -80.386757222222229, 25.50022236111111 ], [ -80.391073611111125, 25.493785583333334 ], [ -80.3928065, 25.491647333333333 ] ] } },
{ "type": "Feature", "properties": { "style": "solid", "thickness": 1 }, "geometry": { "type": "LineString", "coordinates": [ [ -80.404904, 25.479087694444441 ], [ -80.407499277777788, 25.47683975 ], [ -80.413994388888895, 25.472122805555554 ], [ -80.419413583333338, 25.468845833333333 ] ] } },
{ "type": "Feature", "properties": { "style": "solid", "thickness": 1 }, "geometry": { "type": "LineString", "coordinates": [ [ -80.4358055, 25.46128625 ], [ -80.435850027777775, 25.4612685 ], [ -80.443740472222231, 25.458841222222222 ], [ -80.451835222222229, 25.457044055555556 ], [ -80.45351675, 25.456808666666667 ] ] } },
{ "type": "Feature", "properties": { "style": "solid", "thickness": 1 }, "geometry": { "type": "LineString", "coordinates": [ [ -80.471831972222219, 25.45553413888889 ], [ -80.477324666666675, 25.455791 ], [ -80.4853715, 25.456824694444443 ], [ -80.490035361111111, 25.4578045 ] ] } },
{ "type": "Feature", "properties": { "style": "solid", "thickness": 1 }, "geometry": { "type": "LineString", "coordinates": [ [ -80.507414305555557, 25.463231944444445 ], [ -80.508489944444449, 25.46364611111111 ], [ -80.515659916666664, 25.467102166666663 ], [ -80.522468972222228, 25.471109166666665 ], [ -80.523269138888892, 25.471675555555553 ] ] } },
{ "type": "Feature", "properties": { "style": "solid", "thickness": 1 }, "geometry": { "type": "LineString", "coordinates": [ [ -80.536953, 25.482815583333331 ], [ -80.540228472222225, 25.486110583333335 ], [ -80.54510888888889, 25.491977472222224 ], [ -80.547989861111105, 25.496154888888888 ] ] } },
{ "type": "Feature", "properties": { "style": "solid", "thickness": 1 }, "geometry": { "type": "LineString", "coordinates": [ [ -80.555953861111107, 25.511194722222221 ], [ -80.556113833333328, 25.511553805555554 ], [ -80.558476972222223, 25.518572083333332 ], [ -80.560153333333332, 25.525749111111111 ], [ -80.56037375, 25.527392138888889 ] ] } },
{ "type": "Feature", "properties": { "style": "solid", "thickness": 1 }, "geometry": { "type": "LineString", "coordinates": [ [ -80.561218194444436, 25.544060194444445 ], [ -80.561108833333336, 25.546286138888892 ], [ -80.560105333333325, 25.553609555555557 ], [ -80.558460861111115, 25.56056075 ] ] } },
{ "type": "Feature", "properties": { "style": "solid", "thickness": 1 }, "geometry": { "type": "LineString", "coordinates": [ [ -80.552083722222221, 25.576213638888888 ], [ -80.549210916666667, 25.581288805555555 ], [ -80.54487094444444, 25.587541638888887 ], [ -80.542454972222217, 25.590428333333332 ] ] } },
{ "type": "Feature", "properties": { "style": "solid", "thickness": 1 }, "geometry": { "type": "LineString", "coordinates": [ [ -80.529969888888886, 25.60268113888889 ], [ -80.528479, 25.60393275 ], [ -80.522029694444441, 25.608468861111113 ], [ -80.5151665, 25.612480694444447 ], [ -80.515098055555555, 25.612513444444446 ] ] } },
{ "type": "Feature", "properties": { "style": "solid", "thickness": 1 }, "geometry": { "type": "LineString", "coordinates": [ [ -80.498340638888891, 25.619418416666669 ], [ -80.492629416666674, 25.62108688888889 ], [ -80.4846585, 25.622739861111111 ], [ -80.480436944444449, 25.623271666666668 ] ] } },
{ "type": "Feature", "properties": { "style": "solid", "thickness": 1 }, "geometry": { "type": "LineString", "coordinates": [ [ -81.65659, 25.28541 ], [ -81.663268888888894, 25.300984305555556 ] ] } },
{ "type": "Feature", "properties": { "style": "solid", "thickness": 1 }, "geometry": { "type": "LineString", "coordinates": [ [ -81.669949527777788, 25.31655825 ], [ -81.676631916666665, 25.332131861111112 ] ] } },
{ "type": "Feature", "properties": { "style": "solid", "thickness": 1 }, "geometry": { "type": "LineString", "coordinates": [ [ -81.683316083333338, 25.347705055555554 ], [ -81.690002, 25.363277916666668 ] ] } },
{ "type": "Feature", "properties": { "style": "solid", "thickness": 1 }, "geometry": { "type": "LineString", "coordinates": [ [ -81.696617694444441, 25.378872666666666 ], [ -81.701775805555556, 25.394918277777776 ] ] } },
{ "type": "Feature", "properties": { "style": "solid", "thickness": 1 }, "geometry": { "type": "LineString", "coordinates": [ [ -81.706935305555561, 25.410963666666664 ], [ -81.71209625, 25.427008805555555 ] ] } },
{ "type": "Feature", "properties": { "style": "solid", "thickness": 1 }, "geometry": { "type": "LineString", "coordinates": [ [ -81.717258583333333, 25.443053722222224 ], [ -81.722422361111114, 25.459098388888886 ] ] } },
{ "type": "Feature", "properties": { "style": "solid", "thickness": 1 }, "geometry": { "type": "LineString", "coordinates": [ [ -81.727429916666665, 25.47517786111111 ], [ -81.731024583333337, 25.491571833333335 ] ] } },
{ "type": "Feature", "properties": { "style": "solid", "thickness": 1 }, "geometry": { "type": "LineString", "coordinates": [ [ -81.734620305555552, 25.507965638888887 ], [ -81.738217027777779, 25.524359305555553 ] ] } },
{ "type": "Feature", "properties": { "style": "solid", "thickness": 1 }, "geometry": { "type": "LineString", "coordinates": [ [ -81.741814805555563, 25.540752833333336 ], [ -81.745413611111118, 25.557146222222222 ] ] } },
{ "type": "Feature", "properties": { "style": "solid", "thickness": 1 }, "geometry": { "type": "LineString", "coordinates": [ [ -81.748804361111112, 25.573570166666666 ], [ -81.75109466666666, 25.590155805555554 ] ] } },
{ "type": "Feature", "properties": { "style": "solid", "thickness": 1 }, "geometry": { "type": "LineString", "coordinates": [ [ -81.753385638888886, 25.606741333333336 ], [ -81.755677305555551, 25.623326805555557 ] ] } },
{ "type": "Feature", "properties": { "style": "solid", "thickness": 1 }, "geometry": { "type": "LineString", "coordinates": [ [ -81.65659, 25.28541 ], [ -81.651276638888888, 25.301412944444444 ] ] } },
{ "type": "Feature", "properties": { "style": "solid", "thickness": 1 }, "geometry": { "type": "LineString", "coordinates": [ [ -81.645961916666678, 25.317415694444446 ], [ -81.640645833333338, 25.33341825 ] ] } },
{ "type": "Feature", "properties": { "style": "solid", "thickness": 1 }, "geometry": { "type": "LineString", "coordinates": [ [ -81.635328416666667, 25.349420638888887 ], [ -81.630009611111106, 25.365422805555557 ] ] } },
{ "type": "Feature", "properties": { "style": "solid", "thickness": 1 }, "geometry": { "type": "LineString", "coordinates": [ [ -81.624689472222215, 25.381424777777777 ], [ -81.619367972222221, 25.397426583333331 ] ] } },
{ "type": "Feature", "properties": { "style": "solid", "thickness": 1 }, "geometry": { "type": "LineString", "coordinates": [ [ -81.61404511111111, 25.413428166666666 ], [ -81.608720888888882, 25.429429583333334 ] ] } },
{ "type": "Feature", "properties": { "style": "solid", "thickness": 1 }, "geometry": { "type": "LineString", "coordinates": [ [ -81.603395305555551, 25.445430777777776 ], [ -81.598068361111103, 25.461431777777776 ] ] } },
{ "type": "Feature", "properties": { "style": "solid", "thickness": 1 }, "geometry": { "type": "LineString", "coordinates": [ [ -81.592740055555552, 25.477432583333332 ], [ -81.587410361111111, 25.493433166666669 ] ] } },
{ "type": "Feature", "properties": { "style": "solid", "thickness": 1 }, "geometry": { "type": "LineString", "coordinates": [ [ -81.5847385, 25.509498583333333 ], [ -81.589113888888889, 25.525736055555555 ] ] } },
{ "type": "Feature", "properties": { "style": "solid", "thickness": 1 }, "geometry": { "type": "LineString", "coordinates": [ [ -81.5934905, 25.541973333333335 ], [ -81.597868361111111, 25.558210416666668 ] ] } },
{ "type": "Feature", "properties": { "style": "solid", "thickness": 1 }, "geometry": { "type": "LineString", "coordinates": [ [ -81.602247416666657, 25.574447333333332 ], [ -81.606627722222214, 25.590684027777776 ] ] } },
{ "type": "Feature", "properties": { "style": "solid", "thickness": 1 }, "geometry": { "type": "LineString", "coordinates": [ [ -81.61100925, 25.606920555555558 ], [ -81.615392, 25.623156861111113 ] ] } },
{ "type": "Feature", "properties": { "style": "solid", "thickness": 1 }, "geometry": { "type": "LineString", "coordinates": [ [ -81.628315416666666, 25.62987625 ], [ -81.64674275, 25.630460194444446 ] ] } },
{ "type": "Feature", "properties": { "style": "solid", "thickness": 1 }, "geometry": { "type": "LineString", "coordinates": [ [ -81.665170194444457, 25.631041833333335 ], [ -81.683597777777777, 25.631621166666669 ] ] } },
{ "type": "Feature", "properties": { "style": "solid", "thickness": 1 }, "geometry": { "type": "LineString", "coordinates": [ [ -81.702025472222232, 25.632198166666669 ], [ -81.720453277777779, 25.632772833333334 ] ] } },
{ "type": "Feature", "properties": { "style": "solid", "thickness": 1 }, "geometry": { "type": "LineString", "coordinates": [ [ -81.738881194444446, 25.633345194444445 ], [ -81.75714, 25.63391 ] ] } },
{ "type": "Feature", "properties": { "style": "solid", "thickness": 1 }, "geometry": { "type": "LineString", "coordinates": [ [ -80.09442, 25.74208 ], [ -80.092854583333335, 25.747918527777777 ], [ -80.09175719444444, 25.754330722222221 ], [ -80.091449722222222, 25.758541472222223 ] ] } },
{ "type": "Feature", "properties": { "style": "solid", "thickness": 1 }, "geometry": { "type": "LineString", "coordinates": [ [ -80.09019275, 25.775168722222222 ], [ -80.08940202777778, 25.78089811111111 ], [ -80.088960111111106, 25.791833638888889 ] ] } },
{ "type": "Feature", "properties": { "style": "solid", "thickness": 1 }, "geometry": { "type": "LineString", "coordinates": [ [ -80.090420111111101, 25.808482916666666 ], [ -80.091276305555553, 25.814026138888888 ], [ -80.0940283611111, 25.824828777777778 ], [ -80.094039777777766, 25.824860611111109 ] ] } },
{ "type": "Feature", "properties": { "style": "solid", "thickness": 1 }, "geometry": { "type": "LineString", "coordinates": [ [ -80.100287277777767, 25.84057536111111 ], [ -80.102892777777768, 25.84605897222222 ], [ -80.1073725, 25.85286138888889 ], [ -80.109210194444444, 25.855150194444445 ] ] } },
{ "type": "Feature", "properties": { "style": "solid", "thickness": 1 }, "geometry": { "type": "LineString", "coordinates": [ [ -80.121323749999988, 25.8677255 ], [ -80.123391833333329, 25.86953188888889 ], [ -80.129738916666653, 25.874181305555556 ], [ -80.135903638888891, 25.877943722222223 ] ] } },
{ "type": "Feature", "properties": { "style": "solid", "thickness": 1 }, "geometry": { "type": "LineString", "coordinates": [ [ -80.152446111111118, 25.88532625 ], [ -80.15886, 25.88733 ] ] } },
{ "type": "Feature", "properties": { "style": "solid", "thickness": 1 }, "geometry": { "type": "LineString", "coordinates": [ [ -80.15886, 25.88733 ], [ -80.15037, 25.89406 ], [ -80.145323083333338, 25.89869475 ] ] } },
{ "type": "Feature", "properties": { "style": "solid", "thickness": 1 }, "geometry": { "type": "LineString", "coordinates": [ [ -80.132352416666663, 25.910603638888887 ], [ -80.119379138888888, 25.922511361111113 ] ] } },
{ "type": "Feature", "properties": { "style": "solid", "thickness": 1 }, "geometry": { "type": "LineString", "coordinates": [ [ -80.106403305555546, 25.934417861111111 ], [ -80.10433, 25.93632 ], [ -80.100870666666665, 25.94003525 ], [ -80.095997166666663, 25.9461065 ], [ -80.095037083333324, 25.947553472222221 ] ] } },
{ "type": "Feature", "properties": { "style": "solid", "thickness": 1 }, "geometry": { "type": "LineString", "coordinates": [ [ -80.086755972222221, 25.962461527777776 ], [ -80.08514363888888, 25.966273 ], [ -80.08287325, 25.97347536111111 ], [ -80.0817985, 25.978529333333331 ] ] } },
{ "type": "Feature", "properties": { "style": "solid", "thickness": 1 }, "geometry": { "type": "LineString", "coordinates": [ [ -80.080354888888891, 25.99516363888889 ], [ -80.08034541666666, 25.995757944444446 ], [ -80.080951944444436, 26.003222166666667 ], [ -80.08228, 26.01061 ], [ -80.082566888888891, 26.011733166666666 ] ] } },
{ "type": "Feature", "properties": { "style": "solid", "thickness": 1 }, "geometry": { "type": "LineString", "coordinates": [ [ -80.08826, 26.02722 ], [ -80.082676638888884, 26.025186972222222 ], [ -80.075356611111104, 26.021921527777778 ], [ -80.071665638888888, 26.019896888888887 ] ] } },
{ "type": "Feature", "properties": { "style": "solid", "thickness": 1 }, "geometry": { "type": "LineString", "coordinates": [ [ -80.056915638888881, 26.009864027777777 ], [ -80.05567325, 26.008879555555556 ], [ -80.050037527777775, 26.0035605 ], [ -80.04493905555556, 25.997819944444444 ], [ -80.044632888888884, 25.99740575 ] ] } },
{ "type": "Feature", "properties": { "style": "solid", "thickness": 1 }, "geometry": { "type": "LineString", "coordinates": [ [ -80.035391833333335, 25.982961861111111 ], [ -80.033233083333329, 25.978519777777777 ], [ -80.03062658333333, 25.971556611111108 ], [ -80.0294465, 25.96717097222222 ] ] } },
{ "type": "Feature", "properties": { "style": "solid", "thickness": 1 }, "geometry": { "type": "LineString", "coordinates": [ [ -80.027027194444443, 25.95063161111111 ], [ -80.026970166666672, 25.949816444444444 ], [ -80.02717, 25.94247 ], [ -80.02795011111111, 25.93394836111111 ] ] } },
{ "type": "Feature", "properties": { "style": "solid", "thickness": 1 }, "geometry": { "type": "LineString", "coordinates": [ [ -80.028506583333339, 25.917260861111114 ], [ -80.028642638888883, 25.914653638888886 ], [ -80.029726305555556, 25.907432833333331 ], [ -80.031390916666666, 25.900781888888886 ] ] } },
{ "type": "Feature", "properties": { "style": "solid", "thickness": 1 }, "geometry": { "type": "LineString", "coordinates": [ [ -80.037948861111104, 25.885187166666665 ], [ -80.04085516666666, 25.880204111111112 ], [ -80.04523, 25.87407 ], [ -80.042874472222223, 25.870945027777779 ] ] } },
{ "type": "Feature", "properties": { "style": "solid", "thickness": 1 }, "geometry": { "type": "LineString", "coordinates": [ [ -80.034084388888886, 25.856277333333335 ], [ -80.0335665, 25.855249361111113 ], [ -80.030821444444442, 25.848229944444444 ], [ -80.028766666666669, 25.84102147222222 ], [ -80.028640444444449, 25.840334388888888 ] ] } },
{ "type": "Feature", "properties": { "style": "solid", "thickness": 1 }, "geometry": { "type": "LineString", "coordinates": [ [ -80.026815055555559, 25.823731333333335 ], [ -80.026873361111114, 25.818814972222221 ], [ -80.027681944444438, 25.811406916666666 ], [ -80.028572833333328, 25.807126305555556 ] ] } },
{ "type": "Feature", "properties": { "style": "solid", "thickness": 1 }, "geometry": { "type": "LineString", "coordinates": [ [ -80.033884166666667, 25.79115377777778 ], [ -80.034405805555551, 25.789928555555559 ], [ -80.038029944444446, 25.783232333333331 ], [ -80.042288472222225, 25.776845666666667 ], [ -80.042605333333327, 25.776452694444444 ] ] } },
{ "type": "Feature", "properties": { "style": "solid", "thickness": 1 }, "geometry": { "type": "LineString", "coordinates": [ [ -80.054383222222214, 25.76361875 ], [ -80.05852347222222, 25.760015527777778 ], [ -80.064950972222221, 25.755324666666667 ], [ -80.068656333333323, 25.753072111111113 ] ] } },
{ "type": "Feature", "properties": { "style": "solid", "thickness": 1 }, "geometry": { "type": "LineString", "coordinates": [ [ -80.084893888888885, 25.745192694444444 ], [ -80.08659875, 25.744508361111112 ], [ -80.09442, 25.74208 ] ] } },
{ "type": "Feature", "properties": { "style": "solid", "thickness": 1 }, "geometry": { "type": "LineString", "coordinates": [ [ -80.09442, 25.74208 ], [ -80.0958465, 25.737971 ], [ -80.096468138888881, 25.736373333333333 ], [ -80.097087527777774, 25.734781194444444 ], [ -80.09797725, 25.732778916666664 ], [ -80.09886425, 25.730782583333333 ], [ -80.099638333333331, 25.729239194444443 ], [ -80.100409166666665, 25.72770211111111 ], [ -80.101076333333324, 25.726513027777777 ] ] } },
{ "type": "Feature", "properties": { "style": "solid", "thickness": 1 }, "geometry": { "type": "LineString", "coordinates": [ [ -80.110799805555544, 25.712337694444443 ], [ -80.111904083333329, 25.711008416666665 ], [ -80.113095833333333, 25.709697166666665 ], [ -80.114281527777777, 25.7083925 ], [ -80.115878638888887, 25.706783833333333 ], [ -80.117469388888878, 25.705181527777778 ], [ -80.118783472222219, 25.703968777777778 ], [ -80.120089083333326, 25.702759833333332 ], [ -80.123238833333332, 25.700020944444443 ] ] } },
{ "type": "Feature", "properties": { "style": "solid", "thickness": 1 }, "geometry": { "type": "LineString", "coordinates": [ [ -80.136415138888893, 25.688341027777778 ], [ -80.136429055555567, 25.688329805555554 ], [ -80.13993691666667, 25.685929083333335 ], [ -80.143657888888896, 25.68341525 ], [ -80.1451705, 25.682413527777779 ], [ -80.147832666666673, 25.680733333333336 ], [ -80.151175388888888, 25.6786505 ], [ -80.151363916666668, 25.678550833333336 ] ] } },
{ "type": "Feature", "properties": { "style": "solid", "thickness": 1 }, "geometry": { "type": "LineString", "coordinates": [ [ -80.167854888888897, 25.671122305555556 ], [ -80.169385472222231, 25.670609333333335 ], [ -80.173212472222232, 25.669377083333334 ], [ -80.177130444444444, 25.668404611111111 ], [ -80.181062055555557, 25.66747763888889 ], [ -80.185059166666676, 25.666816611111113 ], [ -80.185616611111115, 25.666731111111112 ] ] } },
{ "type": "Feature", "properties": { "style": "solid", "thickness": 1 }, "geometry": { "type": "LineString", "coordinates": [ [ -80.203982416666676, 25.665549388888888 ], [ -80.20528925, 25.665556361111111 ], [ -80.20934, 25.665850333333331 ], [ -80.213386222222226, 25.66619125 ], [ -80.217393138888895, 25.666802305555557 ], [ -80.221390972222224, 25.667459805555556 ], [ -80.22224822222222, 25.667661111111112 ] ] } },
{ "type": "Feature", "properties": { "style": "solid", "thickness": 1 }, "geometry": { "type": "LineString", "coordinates": [ [ -80.239688944444438, 25.673013027777777 ], [ -80.240576333333337, 25.673379222222223 ], [ -80.244249111111117, 25.674946833333333 ], [ -80.24778255555556, 25.676756111111111 ], [ -80.251289777777771, 25.678606194444445 ], [ -80.254634777777781, 25.680686083333335 ], [ -80.25564775, 25.681333444444444 ] ] } },
{ "type": "Feature", "properties": { "style": "solid", "thickness": 1 }, "geometry": { "type": "LineString", "coordinates": [ [ -80.269517527777779, 25.69231175 ], [ -80.26992825, 25.692686277777778 ], [ -80.272561972222221, 25.695475194444445 ], [ -80.27515558333333, 25.698294333333333 ], [ -80.277509527777781, 25.701279333333332 ], [ -80.279820611111106, 25.704291305555554 ], [ -80.280668333333338, 25.705593361111109 ] ] } },
{ "type": "Feature", "properties": { "style": "solid", "thickness": 1 }, "geometry": { "type": "LineString", "coordinates": [ [ -80.288704666666661, 25.720606194444443 ], [ -80.288742666666664, 25.72069825 ], [ -80.290109833333332, 25.724146027777778 ], [ -80.291188805555549, 25.727675638888886 ], [ -80.29221725, 25.731217444444443 ], [ -80.292950638888883, 25.73481813888889 ], [ -80.293317361111107, 25.736759055555556 ] ] } },
{ "type": "Feature", "properties": { "style": "solid", "thickness": 1 }, "geometry": { "type": "LineString", "coordinates": [ [ -80.29431475, 25.753421722222221 ], [ -80.294022722222223, 25.756688611111112 ], [ -80.293644472222226, 25.760332805555556 ], [ -80.292966527777779, 25.763941416666668 ], [ -80.29223705555556, 25.767541833333333 ], [ -80.291549111111109, 25.769919694444443 ] ] } },
{ "type": "Feature", "properties": { "style": "solid", "thickness": 1 }, "geometry": { "type": "LineString", "coordinates": [ [ -80.289212472222218, 25.786417916666668 ], [ -80.2887, 25.79457 ], [ -80.287848527777783, 25.801860833333333 ], [ -80.287655777777772, 25.803068361111112 ] ] } },
{ "type": "Feature", "properties": { "style": "solid", "thickness": 1 }, "geometry": { "type": "LineString", "coordinates": [ [ -80.283642388888893, 25.81936975 ], [ -80.283084666666667, 25.821158555555556 ], [ -80.282639277777776, 25.82237961111111 ], [ -80.282195944444439, 25.823595416666667 ], [ -80.280757027777781, 25.827027055555554 ], [ -80.27932058333333, 25.830452833333332 ], [ -80.278758416666662, 25.831634805555556 ], [ -80.278199277777773, 25.832810638888887 ], [ -80.277049694444443, 25.834962722222222 ] ] } },
{ "type": "Feature", "properties": { "style": "solid", "thickness": 1 }, "geometry": { "type": "LineString", "coordinates": [ [ -80.268039611111107, 25.849537055555555 ], [ -80.26761169444444, 25.85012625 ], [ -80.265234305555552, 25.853106083333333 ], [ -80.262862472222224, 25.856078916666668 ], [ -80.26197883333333, 25.857090361111112 ], [ -80.26110125, 25.858095 ], [ -80.258444194444451, 25.860876972222222 ], [ -80.256693, 25.862710527777779 ] ] } },
{ "type": "Feature", "properties": { "style": "solid", "thickness": 1 }, "geometry": { "type": "LineString", "coordinates": [ [ -80.243351305555549, 25.874248138888888 ], [ -80.23962, 25.87703 ], [ -80.24473, 25.878322916666669 ], [ -80.246351888888896, 25.878789194444444 ], [ -80.247978611111108, 25.879256833333333 ], [ -80.250465083333339, 25.88008075 ], [ -80.252606722222225, 25.88079038888889 ] ] } },
{ "type": "Feature", "properties": { "style": "solid", "thickness": 1 }, "geometry": { "type": "LineString", "coordinates": [ [ -80.269090944444443, 25.888293111111111 ], [ -80.269936166666668, 25.888781694444443 ], [ -80.271374194444448, 25.889612888888887 ], [ -80.27353766666667, 25.890986833333333 ], [ -80.275708166666661, 25.892365222222221 ], [ -80.277053333333328, 25.893301277777777 ], [ -80.278405611111111, 25.894242194444445 ], [ -80.280427472222215, 25.895780305555554 ], [ -80.282456388888889, 25.89732375 ], [ -80.283705555555557, 25.8983615 ], [ -80.283767138888891, 25.898412666666665 ] ] } },
{ "type": "Feature", "properties": { "style": "solid", "thickness": 1 }, "geometry": { "type": "LineString", "coordinates": [ [ -80.29613883333333, 25.910799166666663 ], [ -80.296452138888881, 25.91116936111111 ], [ -80.29796252777777, 25.913125444444443 ], [ -80.29947822222222, 25.915088333333333 ], [ -80.30038625, 25.916381416666667 ], [ -80.301299194444439, 25.917681305555558 ], [ -80.302614416666657, 25.919748416666668 ], [ -80.303933972222225, 25.921822305555558 ], [ -80.304713416666658, 25.923181833333334 ], [ -80.30549675, 25.924547916666668 ], [ -80.305753222222222, 25.925047555555558 ] ] } },
{ "type": "Feature", "properties": { "style": "solid", "thickness": 1 }, "geometry": { "type": "LineString", "coordinates": [ [ -80.312347416666668, 25.940639694444446 ], [ -80.312766444444435, 25.942017861111111 ], [ -80.313406388888879, 25.9441225 ], [ -80.313885527777771, 25.94602025 ], [ -80.314365861111114, 25.947922472222224 ], [ -80.314798444444435, 25.95006461111111 ], [ -80.315231833333328, 25.952210444444443 ], [ -80.315525361111114, 25.954139194444444 ], [ -80.315819388888883, 25.956070861111112 ], [ -80.315916916666666, 25.957017666666665 ] ] } },
{ "type": "Feature", "properties": { "style": "solid", "thickness": 1 }, "geometry": { "type": "LineString", "coordinates": [ [ -80.31622975, 25.973707611111109 ], [ -80.316136666666665, 25.974723861111109 ], [ -80.315937944444443, 25.976894277777777 ], [ -80.31566597222222, 25.978827944444443 ], [ -80.31539438888889, 25.980759055555556 ], [ -80.3149855, 25.982908027777775 ], [ -80.314577305555559, 25.985053583333336 ], [ -80.314118694444446, 25.986959305555555 ], [ -80.313661138888889, 25.988860861111114 ], [ -80.313274666666658, 25.990184472222222 ] ] } },
{ "type": "Feature", "properties": { "style": "solid", "thickness": 1 }, "geometry": { "type": "LineString", "coordinates": [ [ -80.307146305555548, 26.005930527777778 ], [ -80.306862361111115, 26.006485194444444 ], [ -80.305851333333337, 26.008460416666665 ], [ -80.304858611111115, 26.010196027777777 ], [ -80.30387016666667, 26.01192436111111 ], [ -80.302666833333333, 26.013819888888889 ], [ -80.301468361111105, 26.015707916666667 ], [ -80.300310861111114, 26.017359444444445 ], [ -80.29915875, 26.01900336111111 ], [ -80.298041194444437, 26.020453472222222 ] ] } },
{ "type": "Feature", "properties": { "style": "solid", "thickness": 1 }, "geometry": { "type": "LineString", "coordinates": [ [ -80.286249666666663, 26.033302888888887 ], [ -80.286062111111107, 26.03347313888889 ], [ -80.284361, 26.035017555555559 ], [ -80.28121, 26.0377 ] ] } },
{ "type": "Feature", "properties": { "style": "solid", "thickness": 1 }, "geometry": { "type": "LineString", "coordinates": [ [ -80.09776, 26.04234 ], [ -80.096313805555553, 26.040383222222225 ], [ -80.094792194444437, 26.038190666666669 ], [ -80.092748694444438, 26.035182222222225 ], [ -80.09198413888889, 26.033950888888892 ], [ -80.09068086111111, 26.031647138888889 ], [ -80.089374277777779, 26.029337638888887 ], [ -80.088588777777773, 26.02784486111111 ] ] } },
{ "type": "Feature", "properties": { "style": "solid", "thickness": 1 }, "geometry": { "type": "LineString", "coordinates": [ [ -80.28121, 26.0377 ], [ -80.265153055555558, 26.046007944444447 ] ] } },
{ "type": "Feature", "properties": { "style": "solid", "thickness": 1 }, "geometry": { "type": "LineString", "coordinates": [ [ -80.249093861111106, 26.054314083333335 ], [ -80.233032416666674, 26.062618444444446 ] ] } },
{ "type": "Feature", "properties": { "style": "solid", "thickness": 1 }, "geometry": { "type": "LineString", "coordinates": [ [ -80.09776, 26.04234 ], [ -80.102842222222222, 26.048262611111113 ], [ -80.105695, 26.051057083333333 ], [ -80.108552861111107, 26.053847305555557 ], [ -80.109878833333326, 26.05493788888889 ] ] } },
{ "type": "Feature", "properties": { "style": "solid", "thickness": 1 }, "geometry": { "type": "LineString", "coordinates": [ [ -80.124406666666658, 26.065241222222223 ], [ -80.1250475, 26.065607555555555 ], [ -80.128611777777778, 26.067637916666666 ], [ -80.132356361111107, 26.069387027777779 ], [ -80.136104083333336, 26.071130555555555 ], [ -80.140004138888898, 26.072579777777779 ], [ -80.140825194444446, 26.072883472222223 ] ] } },
{ "type": "Feature", "properties": { "style": "solid", "thickness": 1 }, "geometry": { "type": "LineString", "coordinates": [ [ -80.158546166666667, 26.07759886111111 ], [ -80.160203805555568, 26.077925666666665 ], [ -80.164388527777788, 26.078418805555554 ], [ -80.168574111111113, 26.07890575 ], [ -80.17693936111111, 26.079227222222222 ] ] } },
{ "type": "Feature", "properties": { "style": "solid", "thickness": 1 }, "geometry": { "type": "LineString", "coordinates": [ [ -80.195331944444447, 26.07758025 ], [ -80.198149388888893, 26.077014694444443 ], [ -80.202288527777782, 26.076171444444444 ], [ -80.206334138888892, 26.075018916666668 ], [ -80.210483944444448, 26.073825027777776 ], [ -80.212958222222227, 26.072675194444443 ] ] } },
{ "type": "Feature", "properties": { "style": "solid", "thickness": 1 }, "geometry": { "type": "LineString", "coordinates": [ [ -80.046559972222227, 26.117574555555557 ], [ -80.046730805555555, 26.112943722222223 ], [ -80.046834555555549, 26.111590166666669 ], [ -80.046938138888891, 26.110237861111113 ], [ -80.047227166666659, 26.107937222222223 ], [ -80.047515944444442, 26.105638611111111 ], [ -80.047750777777779, 26.104297472222225 ], [ -80.04798508333333, 26.102959055555559 ], [ -80.048432833333337, 26.10097138888889 ] ] } },
{ "type": "Feature", "properties": { "style": "solid", "thickness": 1 }, "geometry": { "type": "LineString", "coordinates": [ [ -80.053821916666664, 26.085011305555554 ], [ -80.054056722222214, 26.084474194444443 ], [ -80.054670916666666, 26.08323136111111 ], [ -80.055282138888884, 26.081994333333334 ], [ -80.056431194444443, 26.0799185 ], [ -80.057576861111102, 26.07784875 ], [ -80.058309555555553, 26.076658277777778 ], [ -80.059038305555546, 26.075474055555556 ], [ -80.060384611111104, 26.073495666666666 ], [ -80.061726583333325, 26.071523611111111 ], [ -80.062572166666669, 26.070394722222222 ], [ -80.0626165, 26.0703355 ] ] } },
{ "type": "Feature", "properties": { "style": "solid", "thickness": 1 }, "geometry": { "type": "LineString", "coordinates": [ [ -80.0744515, 26.057521555555557 ], [ -80.075750722222224, 26.056411444444446 ], [ -80.077615083333328, 26.054818444444447 ], [ -80.07875725, 26.053924388888891 ], [ -80.079892888888878, 26.05303536111111 ], [ -80.081911416666657, 26.051589527777779 ], [ -80.083923416666664, 26.050148388888889 ], [ -80.08514780555555, 26.049347222222224 ], [ -80.086365583333333, 26.048550333333335 ], [ -80.088516472222224, 26.047268138888892 ], [ -80.088850472222219, 26.047069055555557 ] ] } },
{ "type": "Feature", "properties": { "style": "solid", "thickness": 1 }, "geometry": { "type": "LineString", "coordinates": [ [ -80.21908, 26.06983 ], [ -80.221393722222217, 26.073885444444443 ], [ -80.222466777777782, 26.075928666666666 ], [ -80.223544083333337, 26.077979805555554 ], [ -80.224522083333341, 26.080074194444443 ], [ -80.225503694444441, 26.08217611111111 ], [ -80.226374666666672, 26.084295944444442 ], [ -80.2266855, 26.085052444444443 ] ] } },
{ "type": "Feature", "properties": { "style": "solid", "thickness": 1 }, "geometry": { "type": "LineString", "coordinates": [ [ -80.231560027777775, 26.101156972222224 ], [ -80.231686555555555, 26.10178502777778 ], [ -80.232135694444452, 26.104013861111113 ], [ -80.232477277777775, 26.106266083333335 ], [ -80.232819444444445, 26.108521527777778 ], [ -80.233050166666672, 26.11077363888889 ], [ -80.233281055555551, 26.113028 ], [ -80.233580027777776, 26.117581611111113 ], [ -80.233572194444449, 26.117756361111113 ] ] } },
{ "type": "Feature", "properties": { "style": "solid", "thickness": 1 }, "geometry": { "type": "LineString", "coordinates": [ [ -80.231687166666674, 26.13435475 ], [ -80.231336388888892, 26.135798444444443 ], [ -80.230463555555559, 26.139384638888888 ], [ -80.22924730555556, 26.142889055555553 ], [ -80.228029638888884, 26.146393083333333 ], [ -80.226477805555561, 26.149788805555556 ], [ -80.226246083333336, 26.150295277777776 ] ] } },
{ "type": "Feature", "properties": { "style": "solid", "thickness": 1 }, "geometry": { "type": "LineString", "coordinates": [ [ -80.217460444444441, 26.164972638888887 ], [ -80.216800333333339, 26.165908888888886 ], [ -80.21432225, 26.168827916666668 ], [ -80.211843027777775, 26.171746083333336 ], [ -80.209090916666668, 26.17446002777778 ], [ -80.206322833333331, 26.177187444444446 ], [ -80.205608416666664, 26.177778666666669 ] ] } },
{ "type": "Feature", "properties": { "style": "solid", "thickness": 1 }, "geometry": { "type": "LineString", "coordinates": [ [ -80.19116122222222, 26.188190638888891 ], [ -80.190375805555561, 26.188642666666667 ], [ -80.186932555555558, 26.190623416666668 ], [ -80.183310333333338, 26.192328055555556 ], [ -80.179687777777787, 26.194031944444443 ], [ -80.17591377777778, 26.195446777777779 ], [ -80.174754944444445, 26.195880944444443 ] ] } },
{ "type": "Feature", "properties": { "style": "solid", "thickness": 1 }, "geometry": { "type": "LineString", "coordinates": [ [ -80.157005972222223, 26.200568944444445 ], [ -80.15636419444445, 26.200698305555555 ], [ -80.152310694444452, 26.201188472222221 ], [ -80.148257166666667, 26.201677777777778 ], [ -80.144171500000013, 26.201849083333332 ], [ -80.140077916666669, 26.202019972222221 ], [ -80.138575527777789, 26.201957333333333 ] ] } },
{ "type": "Feature", "properties": { "style": "solid", "thickness": 1 }, "geometry": { "type": "LineString", "coordinates": [ [ -80.12021405555555, 26.199979333333335 ], [ -80.119797444444444, 26.199895361111111 ], [ -80.115804583333329, 26.199090361111111 ], [ -80.111905083333326, 26.197976555555556 ], [ -80.108005611111111, 26.196862361111112 ], [ -80.104229138888883, 26.195447833333333 ], [ -80.10262175, 26.194845583333333 ] ] } },
{ "type": "Feature", "properties": { "style": "solid", "thickness": 1 }, "geometry": { "type": "LineString", "coordinates": [ [ -80.086454833333335, 26.1867415 ], [ -80.086312861111111, 26.186659833333334 ], [ -80.083073111111105, 26.184416277777778 ], [ -80.0798335, 26.182172305555557 ], [ -80.073816416666659, 26.17719677777778 ], [ -80.072447416666662, 26.17584725 ] ] } },
{ "type": "Feature", "properties": { "style": "solid", "thickness": 1 }, "geometry": { "type": "LineString", "coordinates": [ [ -80.061073194444447, 26.162698361111111 ], [ -80.058971777777771, 26.159715666666663 ], [ -80.057094388888885, 26.156453 ], [ -80.0552175, 26.153190055555555 ], [ -80.053664055555558, 26.14979275 ], [ -80.052754333333326, 26.147802444444444 ] ] } },
{ "type": "Feature", "properties": { "style": "solid", "thickness": 1 }, "geometry": { "type": "LineString", "coordinates": [ [ -80.047861138888891, 26.131713083333334 ], [ -80.047410666666664, 26.12856288888889 ], [ -80.04689030555555, 26.124919666666667 ], [ -80.046724972222222, 26.121249416666668 ], [ -80.046559972222227, 26.117574555555557 ] ] } },
{ "type": "Feature", "properties": { "style": "solid", "thickness": 1 }, "geometry": { "type": "LineString", "coordinates": [ [ -81.75714, 25.63391 ], [ -81.759234388888885, 25.650516861111111 ] ] } },
{ "type": "Feature", "properties": { "style": "solid", "thickness": 1 }, "geometry": { "type": "LineString", "coordinates": [ [ -81.761329416666669, 25.667123611111112 ], [ -81.763425111111104, 25.683730305555557 ] ] } },
{ "type": "Feature", "properties": { "style": "solid", "thickness": 1 }, "geometry": { "type": "LineString", "coordinates": [ [ -81.765521416666672, 25.700336888888888 ], [ -81.766612944444446, 25.70898175 ], [ -81.76696994444444, 25.716988805555555 ] ] } },
{ "type": "Feature", "properties": { "style": "solid", "thickness": 1 }, "geometry": { "type": "LineString", "coordinates": [ [ -81.767714722222223, 25.733689944444446 ], [ -81.768459777777778, 25.750391027777777 ] ] } },
{ "type": "Feature", "properties": { "style": "solid", "thickness": 1 }, "geometry": { "type": "LineString", "coordinates": [ [ -81.769205111111106, 25.767092055555555 ], [ -81.769950722222219, 25.783793027777779 ] ] } },
{ "type": "Feature", "properties": { "style": "solid", "thickness": 1 }, "geometry": { "type": "LineString", "coordinates": [ [ -81.770696583333333, 25.800493916666667 ], [ -81.771442722222218, 25.817194777777779 ] ] } },
{ "type": "Feature", "properties": { "style": "solid", "thickness": 1 }, "geometry": { "type": "LineString", "coordinates": [ [ -81.77091702777777, 25.833891583333333 ], [ -81.770042916666668, 25.85058727777778 ] ] } },
{ "type": "Feature", "properties": { "style": "solid", "thickness": 1 }, "geometry": { "type": "LineString", "coordinates": [ [ -81.769168638888885, 25.867282888888891 ], [ -81.768294166666664, 25.883978444444445 ] ] } },
{ "type": "Feature", "properties": { "style": "solid", "thickness": 1 }, "geometry": { "type": "LineString", "coordinates": [ [ -81.767419527777776, 25.900673972222222 ], [ -81.766544694444448, 25.917369416666666 ] ] } },
{ "type": "Feature", "properties": { "style": "solid", "thickness": 1 }, "geometry": { "type": "LineString", "coordinates": [ [ -81.765513388888891, 25.934051916666668 ], [ -81.763024638888893, 25.950613833333332 ] ] } },
{ "type": "Feature", "properties": { "style": "solid", "thickness": 1 }, "geometry": { "type": "LineString", "coordinates": [ [ -81.760535222222217, 25.967175666666666 ], [ -81.758045194444449, 25.983737444444447 ] ] } },
{ "type": "Feature", "properties": { "style": "solid", "thickness": 1 }, "geometry": { "type": "LineString", "coordinates": [ [ -81.755554527777775, 26.000299111111111 ], [ -81.75306325, 26.016860694444443 ] ] } },
{ "type": "Feature", "properties": { "style": "solid", "thickness": 1 }, "geometry": { "type": "LineString", "coordinates": [ [ -81.750571305555553, 26.033422194444444 ], [ -81.749111388888892, 26.043122972222225 ], [ -81.7474185, 26.04987575 ] ] } },
{ "type": "Feature", "properties": { "style": "solid", "thickness": 1 }, "geometry": { "type": "LineString", "coordinates": [ [ -81.743331166666664, 26.066176638888891 ], [ -81.739242777777775, 26.08247738888889 ] ] } },
{ "type": "Feature", "properties": { "style": "solid", "thickness": 1 }, "geometry": { "type": "LineString", "coordinates": [ [ -81.735153333333329, 26.098778 ], [ -81.731062805555553, 26.115078444444446 ] ] } },
{ "type": "Feature", "properties": { "style": "solid", "thickness": 1 }, "geometry": { "type": "LineString", "coordinates": [ [ -81.726971222222218, 26.13137875 ], [ -81.722878555555553, 26.147678888888887 ] ] } },
{ "type": "Feature", "properties": { "style": "solid", "thickness": 1 }, "geometry": { "type": "LineString", "coordinates": [ [ -81.717634277777776, 26.163695277777776 ], [ -81.711977305555564, 26.179610083333333 ] ] } },
{ "type": "Feature", "properties": { "style": "solid", "thickness": 1 }, "geometry": { "type": "LineString", "coordinates": [ [ -81.706318861111114, 26.195524611111111 ], [ -81.700658944444442, 26.211438916666665 ] ] } },
{ "type": "Feature", "properties": { "style": "solid", "thickness": 1 }, "geometry": { "type": "LineString", "coordinates": [ [ -81.69499755555556, 26.227352944444444 ], [ -81.689334694444454, 26.24326675 ] ] } },
{ "type": "Feature", "properties": { "style": "solid", "thickness": 1 }, "geometry": { "type": "LineString", "coordinates": [ [ -81.48245991666667, 26.182774861111113 ], [ -81.482797194444444, 26.17547025 ], [ -81.483840111111107, 26.168244111111111 ], [ -81.484345444444443, 26.166177944444442 ] ] } },
{ "type": "Feature", "properties": { "style": "solid", "thickness": 1 }, "geometry": { "type": "LineString", "coordinates": [ [ -81.489807472222225, 26.150244944444442 ], [ -81.491097305555556, 26.147433083333333 ], [ -81.494831138888884, 26.140961305555557 ], [ -81.498627694444451, 26.135586666666665 ] ] } },
{ "type": "Feature", "properties": { "style": "solid", "thickness": 1 }, "geometry": { "type": "LineString", "coordinates": [ [ -81.510542722222226, 26.122834611111113 ], [ -81.515555027777779, 26.118693416666666 ], [ -81.521985833333332, 26.1142435 ], [ -81.525037166666664, 26.11249 ] ] } },
{ "type": "Feature", "properties": { "style": "solid", "thickness": 1 }, "geometry": { "type": "LineString", "coordinates": [ [ -81.541481444444443, 26.104889555555555 ], [ -81.543512194444446, 26.104129694444445 ], [ -81.551250194444435, 26.101922805555557 ], [ -81.559172944444441, 26.10032988888889 ], [ -81.559254111111102, 26.10032013888889 ] ] } },
{ "type": "Feature", "properties": { "style": "solid", "thickness": 1 }, "geometry": { "type": "LineString", "coordinates": [ [ -81.577684222222217, 26.09913 ], [ -81.583390194444434, 26.099367194444444 ], [ -81.591436805555546, 26.100337888888891 ], [ -81.5960055, 26.101258833333336 ] ] } },
{ "type": "Feature", "properties": { "style": "solid", "thickness": 1 }, "geometry": { "type": "LineString", "coordinates": [ [ -81.613524805555556, 26.106554694444444 ], [ -81.614587944444438, 26.106953055555557 ], [ -81.621779583333321, 26.110336416666669 ], [ -81.628615472222222, 26.114269611111112 ], [ -81.629524805555548, 26.114899583333333 ] ] } },
{ "type": "Feature", "properties": { "style": "solid", "thickness": 1 }, "geometry": { "type": "LineString", "coordinates": [ [ -81.643352138888901, 26.125963777777777 ], [ -81.646484277777787, 26.129048805555556 ], [ -81.651409777777786, 26.134843222222223 ], [ -81.654519416666673, 26.139250861111112 ] ] } },
{ "type": "Feature", "properties": { "style": "solid", "thickness": 1 }, "geometry": { "type": "LineString", "coordinates": [ [ -81.662587416666668, 26.154261361111111 ], [ -81.664992166666678, 26.161170444444444 ], [ -81.666728555555565, 26.168288805555555 ], [ -81.667039638888895, 26.170453555555557 ] ] } },
{ "type": "Feature", "properties": { "style": "solid", "thickness": 1 }, "geometry": { "type": "LineString", "coordinates": [ [ -81.667903194444449, 26.187114833333332 ], [ -81.667771638888894, 26.190032083333335 ], [ -81.666737250000011, 26.197260305555556 ], [ -81.665190944444447, 26.203614527777777 ] ] } },
{ "type": "Feature", "properties": { "style": "solid", "thickness": 1 }, "geometry": { "type": "LineString", "coordinates": [ [ -81.658814555555566, 26.219272722222222 ], [ -81.655776083333336, 26.224549944444444 ], [ -81.651434222222221, 26.230706916666666 ], [ -81.649093694444446, 26.233461222222225 ] ] } },
{ "type": "Feature", "properties": { "style": "solid", "thickness": 1 }, "geometry": { "type": "LineString", "coordinates": [ [ -81.636482, 26.245659888888891 ], [ -81.63507258333334, 26.246825611111113 ], [ -81.628645083333325, 26.251278333333332 ], [ -81.621809361111104, 26.255211527777778 ], [ -81.621447555555548, 26.25538175 ] ] } },
{ "type": "Feature", "properties": { "style": "solid", "thickness": 1 }, "geometry": { "type": "LineString", "coordinates": [ [ -81.60453419444444, 26.2621445 ], [ -81.599386083333329, 26.263616305555555 ], [ -81.591462638888885, 26.26521536111111 ], [ -81.586490472222224, 26.265816916666665 ] ] } },
{ "type": "Feature", "properties": { "style": "solid", "thickness": 1 }, "geometry": { "type": "LineString", "coordinates": [ [ -81.567997277777778, 26.266226638888888 ], [ -81.567168611111114, 26.26619213888889 ], [ -81.559120944444444, 26.265221638888889 ], [ -81.551198222222226, 26.263625805555556 ], [ -81.549796527777772, 26.263225666666667 ] ] } },
{ "type": "Feature", "properties": { "style": "solid", "thickness": 1 }, "geometry": { "type": "LineString", "coordinates": [ [ -81.532618083333332, 26.257037166666667 ], [ -81.528775194444449, 26.255230805555556 ], [ -81.52193891666667, 26.251300861111112 ], [ -81.517104611111108, 26.247954777777778 ] ] } },
{ "type": "Feature", "properties": { "style": "solid", "thickness": 1 }, "geometry": { "type": "LineString", "coordinates": [ [ -81.50387025, 26.236297888888888 ], [ -81.499144527777773, 26.230741638888887 ], [ -81.49480063888889, 26.224587416666665 ], [ -81.49356525, 26.222444027777776 ] ] } },
{ "type": "Feature", "properties": { "style": "solid", "thickness": 1 }, "geometry": { "type": "LineString", "coordinates": [ [ -81.486475138888892, 26.207041222222223 ], [ -81.485564444444449, 26.204424305555555 ], [ -81.483828972222227, 26.197306861111112 ], [ -81.482877388888895, 26.190678777777777 ] ] } },
{ "type": "Feature", "properties": { "style": "solid", "thickness": 1 }, "geometry": { "type": "LineString", "coordinates": [ [ -81.44102, 26.35858 ], [ -81.440691333333334, 26.365861944444447 ], [ -81.439655583333334, 26.373090055555554 ], [ -81.439146861111112, 26.375177583333333 ] ] } },
{ "type": "Feature", "properties": { "style": "solid", "thickness": 1 }, "geometry": { "type": "LineString", "coordinates": [ [ -81.433690472222224, 26.39111425 ], [ -81.432411194444455, 26.393906083333334 ], [ -81.428678638888897, 26.400379333333333 ], [ -81.42486538888889, 26.405778833333333 ] ] } },
{ "type": "Feature", "properties": { "style": "solid", "thickness": 1 }, "geometry": { "type": "LineString", "coordinates": [ [ -81.412930611111122, 26.418536916666667 ], [ -81.407944722222226, 26.422654916666669 ], [ -81.401507722222235, 26.427107638888891 ], [ -81.398406194444448, 26.428889666666667 ] ] } },
{ "type": "Feature", "properties": { "style": "solid", "thickness": 1 }, "geometry": { "type": "LineString", "coordinates": [ [ -81.381920888888885, 26.436497638888888 ], [ -81.379954611111103, 26.437233527777778 ], [ -81.372205194444433, 26.439445916666667 ], [ -81.364269916666657, 26.441045083333332 ], [ -81.364097305555546, 26.441065944444446 ] ] } },
{ "type": "Feature", "properties": { "style": "solid", "thickness": 1 }, "geometry": { "type": "LineString", "coordinates": [ [ -81.345613944444437, 26.442257805555556 ], [ -81.339935, 26.442021638888889 ], [ -81.331873888888879, 26.4410505 ], [ -81.327240638888881, 26.440118444444444 ] ] } },
{ "type": "Feature", "properties": { "style": "solid", "thickness": 1 }, "geometry": { "type": "LineString", "coordinates": [ [ -81.30967583333333, 26.434809472222224 ], [ -81.308681888888884, 26.434437833333334 ], [ -81.30147786111111, 26.431056333333334 ], [ -81.294630388888891, 26.427125361111113 ], [ -81.293645027777771, 26.426444333333336 ] ] } },
{ "type": "Feature", "properties": { "style": "solid", "thickness": 1 }, "geometry": { "type": "LineString", "coordinates": [ [ -81.279796583333336, 26.415365777777776 ], [ -81.276732333333328, 26.412353638888888 ], [ -81.271799194444441, 26.406561527777775 ], [ -81.2686215, 26.402065805555555 ] ] } },
{ "type": "Feature", "properties": { "style": "solid", "thickness": 1 }, "geometry": { "type": "LineString", "coordinates": [ [ -81.260568666666671, 26.387041722222222 ], [ -81.258198166666674, 26.380239138888889 ], [ -81.256460305555549, 26.373120444444446 ], [ -81.256133166666672, 26.370844361111111 ] ] } },
{ "type": "Feature", "properties": { "style": "solid", "thickness": 1 }, "geometry": { "type": "LineString", "coordinates": [ [ -81.255295666666669, 26.354181972222225 ], [ -81.255430027777777, 26.351299166666667 ], [ -81.256476944444444, 26.344072166666667 ], [ -81.258043222222227, 26.337686111111111 ] ] } },
{ "type": "Feature", "properties": { "style": "solid", "thickness": 1 }, "geometry": { "type": "LineString", "coordinates": [ [ -81.264459027777775, 26.322038277777779 ], [ -81.267494888888891, 26.316787805555556 ], [ -81.271852055555556, 26.310632583333334 ], [ -81.274213333333336, 26.30786375 ] ] } },
{ "type": "Feature", "properties": { "style": "solid", "thickness": 1 }, "geometry": { "type": "LineString", "coordinates": [ [ -81.286852944444448, 26.295682027777779 ], [ -81.28826041666666, 26.294521527777778 ], [ -81.294703361111104, 26.2900725 ], [ -81.301554305555555, 26.286143722222224 ], [ -81.301907777777771, 26.28597802777778 ] ] } },
{ "type": "Feature", "properties": { "style": "solid", "thickness": 1 }, "geometry": { "type": "LineString", "coordinates": [ [ -81.318834055555556, 26.27923275 ], [ -81.3240205, 26.277757166666667 ], [ -81.331957027777776, 26.276166 ], [ -81.336884444444436, 26.27557622222222 ] ] } },
{ "type": "Feature", "properties": { "style": "solid", "thickness": 1 }, "geometry": { "type": "LineString", "coordinates": [ [ -81.355380055555557, 26.275175 ], [ -81.356183694444439, 26.275208444444445 ], [ -81.364243611111107, 26.2761805 ], [ -81.372178361111111, 26.277778694444443 ], [ -81.373582527777771, 26.278179583333333 ] ] } },
{ "type": "Feature", "properties": { "style": "solid", "thickness": 1 }, "geometry": { "type": "LineString", "coordinates": [ [ -81.390765166666668, 26.2843665 ], [ -81.394635333333341, 26.286185166666669 ], [ -81.401481944444456, 26.29012 ], [ -81.406286694444447, 26.293444638888889 ] ] } },
{ "type": "Feature", "properties": { "style": "solid", "thickness": 1 }, "geometry": { "type": "LineString", "coordinates": [ [ -81.419537944444443, 26.305092305555558 ], [ -81.424310583333337, 26.310700305555557 ], [ -81.428660972222232, 26.31685938888889 ], [ -81.429860944444442, 26.318939861111112 ] ] } },
{ "type": "Feature", "properties": { "style": "solid", "thickness": 1 }, "geometry": { "type": "LineString", "coordinates": [ [ -81.436971416666665, 26.33433725 ], [ -81.437910861111121, 26.337033777777776 ], [ -81.439648833333337, 26.3441535 ], [ -81.44058925, 26.350696083333336 ] ] } },
{ "type": "Feature", "properties": { "style": "solid", "thickness": 1 }, "geometry": { "type": "LineString", "coordinates": [ [ -81.68403, 26.25817 ], [ -81.676695861111114, 26.273519333333333 ] ] } },
{ "type": "Feature", "properties": { "style": "solid", "thickness": 1 }, "geometry": { "type": "LineString", "coordinates": [ [ -81.669359833333331, 26.28886825 ], [ -81.662021972222234, 26.304216805555555 ] ] } },
{ "type": "Feature", "properties": { "style": "solid", "thickness": 1 }, "geometry": { "type": "LineString", "coordinates": [ [ -81.65468225, 26.319564944444444 ], [ -81.647340638888892, 26.334912694444444 ] ] } },
{ "type": "Feature", "properties": { "style": "solid", "thickness": 1 }, "geometry": { "type": "LineString", "coordinates": [ [ -81.639997166666674, 26.350260055555555 ], [ -81.632651833333327, 26.365607027777781 ] ] } },
{ "type": "Feature", "properties": { "style": "solid", "thickness": 1 }, "geometry": { "type": "LineString", "coordinates": [ [ -81.625304611111105, 26.380953583333334 ], [ -81.621749583333326, 26.388377638888887 ], [ -81.617263611111099, 26.396000833333332 ] ] } },
{ "type": "Feature", "properties": { "style": "solid", "thickness": 1 }, "geometry": { "type": "LineString", "coordinates": [ [ -81.608572111111101, 26.410767416666665 ], [ -81.599878472222215, 26.425533472222224 ] ] } },
{ "type": "Feature", "properties": { "style": "solid", "thickness": 1 }, "geometry": { "type": "LineString", "coordinates": [ [ -81.591182666666668, 26.440299 ], [ -81.582484722222219, 26.45506397222222 ] ] } },
{ "type": "Feature", "properties": { "style": "solid", "thickness": 1 }, "geometry": { "type": "LineString", "coordinates": [ [ -81.573784638888881, 26.469828416666665 ], [ -81.565082388888882, 26.484592305555555 ] ] } },
{ "type": "Feature", "properties": { "style": "solid", "thickness": 1 }, "geometry": { "type": "LineString", "coordinates": [ [ -81.55976, 26.49362 ], [ -81.553370916666665, 26.488549527777778 ], [ -81.547499916666666, 26.482999694444441 ], [ -81.546540444444446, 26.481917583333331 ] ] } },
{ "type": "Feature", "properties": { "style": "solid", "thickness": 1 }, "geometry": { "type": "LineString", "coordinates": [ [ -81.536008833333327, 26.468191194444444 ], [ -81.533420472222218, 26.46391222222222 ], [ -81.530024277777784, 26.456898305555555 ], [ -81.528545194444447, 26.452926 ] ] } },
{ "type": "Feature", "properties": { "style": "solid", "thickness": 1 }, "geometry": { "type": "LineString", "coordinates": [ [ -81.524421416666669, 26.436665416666667 ], [ -81.524086972222221, 26.434646055555557 ], [ -81.523575194444447, 26.427013277777778 ], [ -81.523789305555553, 26.419991472222222 ] ] } },
{ "type": "Feature", "properties": { "style": "solid", "thickness": 1 }, "geometry": { "type": "LineString", "coordinates": [ [ -81.526743444444449, 26.403518361111111 ], [ -81.52857, 26.3979 ], [ -81.53161675, 26.39075572222222 ], [ -81.533178666666672, 26.38787525 ] ] } },
{ "type": "Feature", "properties": { "style": "solid", "thickness": 1 }, "geometry": { "type": "LineString", "coordinates": [ [ -81.542739944444449, 26.373592333333335 ], [ -81.544739694444445, 26.37111788888889 ], [ -81.550330555555547, 26.365336583333335 ], [ -81.555114694444441, 26.361183666666669 ] ] } },
{ "type": "Feature", "properties": { "style": "solid", "thickness": 1 }, "geometry": { "type": "LineString", "coordinates": [ [ -81.569857972222223, 26.351083944444447 ], [ -81.570159388888882, 26.350901111111114 ], [ -81.577620027777769, 26.347181083333332 ], [ -81.585414083333333, 26.344057805555554 ], [ -81.586482027777777, 26.343726555555556 ] ] } },
{ "type": "Feature", "properties": { "style": "solid", "thickness": 1 }, "geometry": { "type": "LineString", "coordinates": [ [ -81.604341111111111, 26.339322305555555 ], [ -81.610193638888887, 26.338482805555554 ], [ -81.6176, 26.33797 ], [ -81.617912944444441, 26.333298388888888 ] ] } },
{ "type": "Feature", "properties": { "style": "solid", "thickness": 1 }, "geometry": { "type": "LineString", "coordinates": [ [ -81.62100775, 26.316852555555556 ], [ -81.621235944444436, 26.315996333333334 ], [ -81.62385525, 26.308952944444446 ], [ -81.627149416666654, 26.302140583333333 ], [ -81.6276655, 26.301286222222224 ] ] } },
{ "type": "Feature", "properties": { "style": "solid", "thickness": 1 }, "geometry": { "type": "LineString", "coordinates": [ [ -81.637603777777784, 26.287215138888889 ], [ -81.640805861111119, 26.283597472222223 ], [ -81.646500472222229, 26.278204777777777 ], [ -81.6503601388889, 26.275136027777776 ] ] } },
{ "type": "Feature", "properties": { "style": "solid", "thickness": 1 }, "geometry": { "type": "LineString", "coordinates": [ [ -81.665454888888888, 26.265489805555557 ], [ -81.666407305555566, 26.264965083333333 ], [ -81.673815527777776, 26.261643472222222 ], [ -81.68151838888889, 26.258913444444445 ], [ -81.682344916666665, 26.258668805555555 ] ] } },
{ "type": "Feature", "properties": { "style": "solid", "thickness": 1 }, "geometry": { "type": "LineString", "coordinates": [ [ -80.1934, 26.50201 ], [ -80.200790527777784, 26.498562611111112 ], [ -80.208488694444441, 26.495704722222222 ], [ -80.210323666666667, 26.49518602777778 ] ] } },
{ "type": "Feature", "properties": { "style": "solid", "thickness": 1 }, "geometry": { "type": "LineString", "coordinates": [ [ -80.228374861111106, 26.491390055555556 ], [ -80.232833916666664, 26.4908625 ], [ -80.241159972222221, 26.490533277777779 ], [ -80.246897666666669, 26.49075488888889 ] ] } },
{ "type": "Feature", "properties": { "style": "solid", "thickness": 1 }, "geometry": { "type": "LineString", "coordinates": [ [ -80.265221333333329, 26.493303444444447 ], [ -80.265887472222218, 26.493435277777778 ], [ -80.273837222222227, 26.49567452777778 ], [ -80.281538666666663, 26.498525305555557 ], [ -80.282636027777784, 26.499035944444444 ] ] } },
{ "type": "Feature", "properties": { "style": "solid", "thickness": 1 }, "geometry": { "type": "LineString", "coordinates": [ [ -80.298482083333326, 26.507696916666667 ], [ -80.302579083333328, 26.510507083333334 ], [ -80.308726583333325, 26.515542611111112 ], [ -80.312192472222222, 26.518923583333333 ] ] } },
{ "type": "Feature", "properties": { "style": "solid", "thickness": 1 }, "geometry": { "type": "LineString", "coordinates": [ [ -80.323256944444438, 26.532310194444442 ], [ -80.32391880555555, 26.533238611111109 ], [ -80.327770916666665, 26.539850555555557 ], [ -80.33096425, 26.546737305555556 ], [ -80.331194583333328, 26.547389638888891 ] ] } },
{ "type": "Feature", "properties": { "style": "solid", "thickness": 1 }, "geometry": { "type": "LineString", "coordinates": [ [ -80.335646194444436, 26.563584527777778 ], [ -80.336374638888884, 26.56851375 ], [ -80.336742472222213, 26.575960333333335 ], [ -80.336535861111102, 26.580243472222222 ] ] } },
{ "type": "Feature", "properties": { "style": "solid", "thickness": 1 }, "geometry": { "type": "LineString", "coordinates": [ [ -80.333828527777769, 26.596744833333332 ], [ -80.333500027777774, 26.598073055555556 ], [ -80.330998, 26.60518125 ], [ -80.327812611111113, 26.612067 ], [ -80.327585916666663, 26.612456833333336 ] ] } },
{ "type": "Feature", "properties": { "style": "solid", "thickness": 1 }, "geometry": { "type": "LineString", "coordinates": [ [ -80.317978305555556, 26.626731333333336 ], [ -80.314423638888883, 26.630876833333335 ], [ -80.308796333333333, 26.636372055555555 ], [ -80.305498833333331, 26.639075805555557 ] ] } },
{ "type": "Feature", "properties": { "style": "solid", "thickness": 1 }, "geometry": { "type": "LineString", "coordinates": [ [ -80.290614777777776, 26.64904125 ], [ -80.289018583333331, 26.649951111111111 ], [ -80.281628055555558, 26.653393944444442 ], [ -80.273929888888887, 26.656247916666665 ], [ -80.273874972222217, 26.656263416666665 ] ] } },
{ "type": "Feature", "properties": { "style": "solid", "thickness": 1 }, "geometry": { "type": "LineString", "coordinates": [ [ -80.257003916666662, 26.6629755 ], [ -80.249855861111115, 26.666204888888888 ], [ -80.242014972222222, 26.66901013888889 ], [ -80.239944805555552, 26.669569388888892 ] ] } },
{ "type": "Feature", "properties": { "style": "solid", "thickness": 1 }, "geometry": { "type": "LineString", "coordinates": [ [ -80.221811916666667, 26.67315138888889 ], [ -80.21727725, 26.673635888888889 ], [ -80.208835555555552, 26.673875444444445 ], [ -80.203253138888897, 26.673598277777778 ] ] } },
{ "type": "Feature", "properties": { "style": "solid", "thickness": 1 }, "geometry": { "type": "LineString", "coordinates": [ [ -80.184929666666676, 26.67089413888889 ], [ -80.183819222222226, 26.670661722222224 ], [ -80.175794944444448, 26.668306805555556 ], [ -80.16803086111112, 26.665335805555554 ], [ -80.167517305555563, 26.665089944444443 ] ] } },
{ "type": "Feature", "properties": { "style": "solid", "thickness": 1 }, "geometry": { "type": "LineString", "coordinates": [ [ -80.15169377777778, 26.656358861111109 ], [ -80.146878277777788, 26.652974416666666 ], [ -80.14071952777779, 26.647808833333333 ], [ -80.138003361111117, 26.6450955 ] ] } },
{ "type": "Feature", "properties": { "style": "solid", "thickness": 1 }, "geometry": { "type": "LineString", "coordinates": [ [ -80.126945138888885, 26.631700555555557 ], [ -80.125573361111108, 26.629724194444446 ], [ -80.121762777777775, 26.622986083333334 ], [ -80.118927222222212, 26.616654333333337 ] ] } },
{ "type": "Feature", "properties": { "style": "solid", "thickness": 1 }, "geometry": { "type": "LineString", "coordinates": [ [ -80.114333722222213, 26.60048825 ], [ -80.113447055555554, 26.593857916666664 ], [ -80.113178944444442, 26.58630911111111 ], [ -80.113333, 26.583830194444442 ] ] } },
{ "type": "Feature", "properties": { "style": "solid", "thickness": 1 }, "geometry": { "type": "LineString", "coordinates": [ [ -80.11589161111111, 26.567311055555557 ], [ -80.11677536111111, 26.563935777777779 ], [ -80.119410666666667, 26.556758333333335 ], [ -80.121911444444436, 26.551534361111113 ] ] } },
{ "type": "Feature", "properties": { "style": "solid", "thickness": 1 }, "geometry": { "type": "LineString", "coordinates": [ [ -80.131167444444444, 26.537074166666667 ], [ -80.131346305555553, 26.536829444444447 ], [ -80.136567138888893, 26.530889694444443 ], [ -80.142346722222229, 26.525379388888886 ], [ -80.143404055555564, 26.524533 ] ] } },
{ "type": "Feature", "properties": { "style": "solid", "thickness": 1 }, "geometry": { "type": "LineString", "coordinates": [ [ -80.158073472222227, 26.514328416666668 ], [ -80.162579027777781, 26.51182675 ], [ -80.170116472222233, 26.508416805555555 ], [ -80.174618944444447, 26.506803777777776 ] ] } },
{ "type": "Feature", "properties": { "style": "solid", "thickness": 1 }, "geometry": { "type": "LineString", "coordinates": [ [ -80.192439472222219, 26.502194166666666 ], [ -80.1934, 26.50201 ] ] } },
{ "type": "Feature", "properties": { "style": "solid", "thickness": 1 }, "geometry": { "type": "LineString", "coordinates": [ [ -80.89972, 26.62626 ], [ -80.907868083333341, 26.626597527777779 ], [ -80.91595225, 26.627568611111112 ], [ -80.918180194444446, 26.62801577777778 ] ] } },
{ "type": "Feature", "properties": { "style": "solid", "thickness": 1 }, "geometry": { "type": "LineString", "coordinates": [ [ -80.93590575, 26.632952194444446 ], [ -80.939211277777787, 26.634185333333331 ], [ -80.946436388888898, 26.637569305555555 ], [ -80.952230166666666, 26.640888055555553 ] ] } },
{ "type": "Feature", "properties": { "style": "solid", "thickness": 1 }, "geometry": { "type": "LineString", "coordinates": [ [ -80.966468944444443, 26.651590666666664 ], [ -80.971255694444451, 26.656284472222222 ], [ -80.97620394444445, 26.66207961111111 ], [ -80.978022472222221, 26.66464575 ] ] } },
{ "type": "Feature", "properties": { "style": "solid", "thickness": 1 }, "geometry": { "type": "LineString", "coordinates": [ [ -80.986507861111107, 26.679478111111113 ], [ -80.987416583333328, 26.681453222222224 ], [ -80.989848583333341, 26.688409777777778 ], [ -80.991591416666665, 26.695523416666667 ] ] } },
{ "type": "Feature", "properties": { "style": "solid", "thickness": 1 }, "geometry": { "type": "LineString", "coordinates": [ [ -80.992870888888888, 26.71216722222222 ], [ -80.992641611111111, 26.717250083333333 ], [ -80.991604166666662, 26.724476416666665 ], [ -80.990568861111115, 26.728714833333331 ] ] } },
{ "type": "Feature", "properties": { "style": "solid", "thickness": 1 }, "geometry": { "type": "LineString", "coordinates": [ [ -80.984688361111111, 26.74453602777778 ], [ -80.98434294444445, 26.745287861111112 ], [ -80.980601, 26.751759888888888 ], [ -80.976241611111107, 26.757915722222222 ], [ -80.975352583333333, 26.758957527777778 ] ] } },
{ "type": "Feature", "properties": { "style": "solid", "thickness": 1 }, "geometry": { "type": "LineString", "coordinates": [ [ -80.962994861111113, 26.77141125 ], [ -80.959812638888891, 26.774032194444445 ], [ -80.953358333333341, 26.778484583333331 ], [ -80.948165972222228, 26.781459666666667 ] ] } },
{ "type": "Feature", "properties": { "style": "solid", "thickness": 1 }, "geometry": { "type": "LineString", "coordinates": [ [ -80.931422611111117, 26.788702805555559 ], [ -80.923975722222224, 26.790823388888892 ], [ -80.916018472222234, 26.792423166666669 ], [ -80.913387666666679, 26.792740416666668 ] ] } },
{ "type": "Feature", "properties": { "style": "solid", "thickness": 1 }, "geometry": { "type": "LineString", "coordinates": [ [ -80.894828555555563, 26.793537611111113 ], [ -80.891573611111113, 26.793403833333336 ], [ -80.883491027777779, 26.792435166666667 ], [ -80.876454805555554, 26.791025861111113 ] ] } },
{ "type": "Feature", "properties": { "style": "solid", "thickness": 1 }, "geometry": { "type": "LineString", "coordinates": [ [ -80.859014111111108, 26.785259944444444 ], [ -80.853012194444432, 26.78245325 ], [ -80.8461455, 26.778525777777777 ], [ -80.843202055555551, 26.77649875 ] ] } },
{ "type": "Feature", "properties": { "style": "solid", "thickness": 1 }, "geometry": { "type": "LineString", "coordinates": [ [ -80.829598972222215, 26.765139527777777 ], [ -80.828195861111112, 26.76376525 ], [ -80.823247972222219, 26.757977027777777 ], [ -80.818883861111104, 26.751825416666666 ], [ -80.81875077777778, 26.751595694444443 ] ] } },
{ "type": "Feature", "properties": { "style": "solid", "thickness": 1 }, "geometry": { "type": "LineString", "coordinates": [ [ -80.81123675, 26.736339444444447 ], [ -80.809602972222223, 26.731669888888888 ], [ -80.807858277777768, 26.724554805555552 ], [ -80.80720888888888, 26.720060027777777 ] ] } },
{ "type": "Feature", "properties": { "style": "solid", "thickness": 1 }, "geometry": { "type": "LineString", "coordinates": [ [ -80.80678694444444, 26.703382166666668 ], [ -80.806818972222217, 26.702690944444445 ], [ -80.807866805555548, 26.695465527777777 ], [ -80.809615583333326, 26.68834875 ], [ -80.810098972222221, 26.686969083333334 ] ] } },
{ "type": "Feature", "properties": { "style": "solid", "thickness": 1 }, "geometry": { "type": "LineString", "coordinates": [ [ -80.81699586111111, 26.671484805555558 ], [ -80.81890816666666, 26.66818552777778 ], [ -80.823275888888887, 26.662030861111109 ], [ -80.827136333333328, 26.657515527777775 ] ] } },
{ "type": "Feature", "properties": { "style": "solid", "thickness": 1 }, "geometry": { "type": "LineString", "coordinates": [ [ -80.840156055555553, 26.645623861111112 ], [ -80.846185749999989, 26.64147075 ], [ -80.853054888888877, 26.637541388888888 ], [ -80.855590222222219, 26.636355777777776 ] ] } },
{ "type": "Feature", "properties": { "style": "solid", "thickness": 1 }, "geometry": { "type": "LineString", "coordinates": [ [ -80.872729333333325, 26.629961722222223 ], [ -80.875581944444434, 26.629151888888888 ], [ -80.883540333333343, 26.627559333333334 ], [ -80.890926305555567, 26.626676277777779 ] ] } },
{ "type": "Feature", "properties": { "style": "solid", "thickness": 1 }, "geometry": { "type": "LineString", "coordinates": [ [ -79.70917, 27.021 ], [ -79.704659944444444, 27.004784777777779 ] ] } },
{ "type": "Feature", "properties": { "style": "solid", "thickness": 1 }, "geometry": { "type": "LineString", "coordinates": [ [ -79.700151166666672, 26.988569333333334 ], [ -79.695643583333336, 26.972353666666667 ] ] } },
{ "type": "Feature", "properties": { "style": "solid", "thickness": 1 }, "geometry": { "type": "LineString", "coordinates": [ [ -79.69113725, 26.956137777777776 ], [ -79.686632166666669, 26.939921666666667 ] ] } },
{ "type": "Feature", "properties": { "style": "solid", "thickness": 1 }, "geometry": { "type": "LineString", "coordinates": [ [ -79.682128305555565, 26.923705305555558 ], [ -79.677625694444444, 26.90748875 ] ] } },
{ "type": "Feature", "properties": { "style": "solid", "thickness": 1 }, "geometry": { "type": "LineString", "coordinates": [ [ -79.673124277777788, 26.891271972222221 ], [ -79.668624111111114, 26.875054944444447 ] ] } },
{ "type": "Feature", "properties": { "style": "solid", "thickness": 1 }, "geometry": { "type": "LineString", "coordinates": [ [ -79.664125194444452, 26.858837722222223 ], [ -79.6596275, 26.842620277777776 ] ] } },
{ "type": "Feature", "properties": { "style": "solid", "thickness": 1 }, "geometry": { "type": "LineString", "coordinates": [ [ -79.659317, 26.826008722222223 ], [ -79.659964444444455, 26.809306916666667 ] ] } },
{ "type": "Feature", "properties": { "style": "solid", "thickness": 1 }, "geometry": { "type": "LineString", "coordinates": [ [ -79.660611638888895, 26.792605 ], [ -79.661258638888896, 26.775903 ] ] } },
{ "type": "Feature", "properties": { "style": "solid", "thickness": 1 }, "geometry": { "type": "LineString", "coordinates": [ [ -79.661905444444457, 26.759200888888888 ], [ -79.662552027777778, 26.742498694444446 ] ] } },
{ "type": "Feature", "properties": { "style": "solid", "thickness": 1 }, "geometry": { "type": "LineString", "coordinates": [ [ -79.663198388888901, 26.725796388888888 ], [ -79.663844527777783, 26.709094 ] ] } },
{ "type": "Feature", "properties": { "style": "solid", "thickness": 1 }, "geometry": { "type": "LineString", "coordinates": [ [ -79.664490472222226, 26.692391527777779 ], [ -79.66513622222223, 26.675688944444445 ] ] } },
{ "type": "Feature", "properties": { "style": "solid", "thickness": 1 }, "geometry": { "type": "LineString", "coordinates": [ [ -79.66578175, 26.65898625 ], [ -79.666427055555559, 26.6422835 ] ] } },
{ "type": "Feature", "properties": { "style": "solid", "thickness": 1 }, "geometry": { "type": "LineString", "coordinates": [ [ -79.667072138888898, 26.625580638888888 ], [ -79.6674, 26.61709 ], [ -79.667474833333344, 26.608873 ] ] } },
{ "type": "Feature", "properties": { "style": "solid", "thickness": 1 }, "geometry": { "type": "LineString", "coordinates": [ [ -79.667626972222223, 26.592160472222222 ], [ -79.667779027777783, 26.575447861111112 ] ] } },
{ "type": "Feature", "properties": { "style": "solid", "thickness": 1 }, "geometry": { "type": "LineString", "coordinates": [ [ -79.667931055555556, 26.558735138888888 ], [ -79.668082972222223, 26.542022361111112 ] ] } },
{ "type": "Feature", "properties": { "style": "solid", "thickness": 1 }, "geometry": { "type": "LineString", "coordinates": [ [ -79.672492888888897, 26.52580875 ], [ -79.677107833333338, 26.509619083333334 ] ] } },
{ "type": "Feature", "properties": { "style": "solid", "thickness": 1 }, "geometry": { "type": "LineString", "coordinates": [ [ -79.6817215, 26.493429194444445 ], [ -79.686333861111109, 26.477239055555554 ] ] } },
{ "type": "Feature", "properties": { "style": "solid", "thickness": 1 }, "geometry": { "type": "LineString", "coordinates": [ [ -79.69054325, 26.460980888888887 ], [ -79.6927635, 26.444386944444446 ] ] } },
{ "type": "Feature", "properties": { "style": "solid", "thickness": 1 }, "geometry": { "type": "LineString", "coordinates": [ [ -79.694983138888887, 26.427792888888892 ], [ -79.69720211111111, 26.41119872222222 ] ] } },
{ "type": "Feature", "properties": { "style": "solid", "thickness": 1 }, "geometry": { "type": "LineString", "coordinates": [ [ -79.699420416666669, 26.394604444444443 ], [ -79.701638083333336, 26.37801002777778 ] ] } },
{ "type": "Feature", "properties": { "style": "solid", "thickness": 1 }, "geometry": { "type": "LineString", "coordinates": [ [ -79.70385511111111, 26.3614155 ], [ -79.70607147222222, 26.34482086111111 ] ] } },
{ "type": "Feature", "properties": { "style": "solid", "thickness": 1 }, "geometry": { "type": "LineString", "coordinates": [ [ -79.708287222222225, 26.328226138888887 ], [ -79.710502305555565, 26.311631277777778 ] ] } },
{ "type": "Feature", "properties": { "style": "solid", "thickness": 1 }, "geometry": { "type": "LineString", "coordinates": [ [ -79.712716722222225, 26.295036305555556 ], [ -79.714930527777781, 26.27844122222222 ] ] } },
{ "type": "Feature", "properties": { "style": "solid", "thickness": 1 }, "geometry": { "type": "LineString", "coordinates": [ [ -79.717143666666672, 26.261846027777779 ], [ -79.719356166666671, 26.245250722222224 ] ] } },
{ "type": "Feature", "properties": { "style": "solid", "thickness": 1 }, "geometry": { "type": "LineString", "coordinates": [ [ -79.721568027777778, 26.228655305555552 ], [ -79.72377925, 26.212059805555555 ] ] } },
{ "type": "Feature", "properties": { "style": "solid", "thickness": 1 }, "geometry": { "type": "LineString", "coordinates": [ [ -79.725989805555557, 26.195464166666667 ], [ -79.72819975, 26.178868444444447 ] ] } },
{ "type": "Feature", "properties": { "style": "solid", "thickness": 1 }, "geometry": { "type": "LineString", "coordinates": [ [ -79.730409027777782, 26.16227261111111 ], [ -79.73261766666667, 26.145676666666667 ] ] } },
{ "type": "Feature", "properties": { "style": "solid", "thickness": 1 }, "geometry": { "type": "LineString", "coordinates": [ [ -79.734825694444439, 26.12908063888889 ], [ -79.737033055555557, 26.112484472222224 ] ] } },
{ "type": "Feature", "properties": { "style": "solid", "thickness": 1 }, "geometry": { "type": "LineString", "coordinates": [ [ -79.739239777777783, 26.095888222222221 ], [ -79.741445861111117, 26.079291888888889 ] ] } },
{ "type": "Feature", "properties": { "style": "solid", "thickness": 1 }, "geometry": { "type": "LineString", "coordinates": [ [ -79.743651305555559, 26.062695416666667 ], [ -79.745856138888897, 26.046098888888892 ] ] } },
{ "type": "Feature", "properties": { "style": "solid", "thickness": 1 }, "geometry": { "type": "LineString", "coordinates": [ [ -79.748060305555555, 26.02950222222222 ], [ -79.750263833333335, 26.012905472222222 ] ] } },
{ "type": "Feature", "properties": { "style": "solid", "thickness": 1 }, "geometry": { "type": "LineString", "coordinates": [ [ -79.75246675, 25.996308638888891 ], [ -79.75466902777778, 25.979711694444443 ] ] } },
{ "type": "Feature", "properties": { "style": "solid", "thickness": 1 }, "geometry": { "type": "LineString", "coordinates": [ [ -79.756870638888884, 25.963114638888889 ], [ -79.759071638888884, 25.9465175 ] ] } },
{ "type": "Feature", "properties": { "style": "solid", "thickness": 1 }, "geometry": { "type": "LineString", "coordinates": [ [ -79.761272, 25.929920277777779 ], [ -79.76229, 25.92224 ], [ -79.761723555555562, 25.91327375 ] ] } },
{ "type": "Feature", "properties": { "style": "solid", "thickness": 1 }, "geometry": { "type": "LineString", "coordinates": [ [ -79.760669444444446, 25.896584805555555 ], [ -79.759615638888889, 25.879895805555556 ] ] } },
{ "type": "Feature", "properties": { "style": "solid", "thickness": 1 }, "geometry": { "type": "LineString", "coordinates": [ [ -79.758562055555558, 25.863206722222223 ], [ -79.757508777777772, 25.846517611111111 ] ] } },
{ "type": "Feature", "properties": { "style": "solid", "thickness": 1 }, "geometry": { "type": "LineString", "coordinates": [ [ -79.756455777777774, 25.829828416666665 ], [ -79.755403027777774, 25.813139166666666 ] ] } },
{ "type": "Feature", "properties": { "style": "solid", "thickness": 1 }, "geometry": { "type": "LineString", "coordinates": [ [ -79.759270694444439, 25.79688227777778 ], [ -79.76384891666666, 25.780687722222222 ] ] } },
{ "type": "Feature", "properties": { "style": "solid", "thickness": 1 }, "geometry": { "type": "LineString", "coordinates": [ [ -79.768425916666672, 25.764493 ], [ -79.773001666666673, 25.748298055555555 ] ] } },
{ "type": "Feature", "properties": { "style": "solid", "thickness": 1 }, "geometry": { "type": "LineString", "coordinates": [ [ -79.77757613888889, 25.732102916666665 ], [ -79.78096, 25.72012 ], [ -79.781421305555554, 25.71579211111111 ] ] } },
{ "type": "Feature", "properties": { "style": "solid", "thickness": 1 }, "geometry": { "type": "LineString", "coordinates": [ [ -79.783194611111114, 25.699152694444443 ], [ -79.784967388888887, 25.682513194444446 ] ] } },
{ "type": "Feature", "properties": { "style": "solid", "thickness": 1 }, "geometry": { "type": "LineString", "coordinates": [ [ -79.786739666666662, 25.665873638888886 ], [ -79.788511416666665, 25.649234027777776 ] ] } },
{ "type": "Feature", "properties": { "style": "solid", "thickness": 1 }, "geometry": { "type": "LineString", "coordinates": [ [ -79.79028266666667, 25.632594333333333 ], [ -79.792053388888888, 25.615954555555557 ] ] } },
{ "type": "Feature", "properties": { "style": "solid", "thickness": 1 }, "geometry": { "type": "LineString", "coordinates": [ [ -79.793823611111108, 25.599314722222221 ], [ -79.79511, 25.58722 ] ] } },
{ "type": "Feature", "properties": { "style": "solid", "thickness": 1 }, "geometry": { "type": "LineString", "coordinates": [ [ -79.70917, 27.021 ], [ -79.692318027777787, 27.013827472222221 ] ] } },
{ "type": "Feature", "properties": { "style": "solid", "thickness": 1 }, "geometry": { "type": "LineString", "coordinates": [ [ -79.675468166666676, 27.006652972222223 ], [ -79.658620388888892, 26.9994765 ] ] } },
{ "type": "Feature", "properties": { "style": "solid", "thickness": 1 }, "geometry": { "type": "LineString", "coordinates": [ [ -79.641774722222223, 26.992298083333335 ], [ -79.624931166666656, 26.985117694444444 ] ] } },
{ "type": "Feature", "properties": { "style": "solid", "thickness": 1 }, "geometry": { "type": "LineString", "coordinates": [ [ -79.608089694444445, 26.977935333333331 ], [ -79.593100777777778, 26.971540638888886 ], [ -79.591333, 26.970611333333331 ] ] } },
{ "type": "Feature", "properties": { "style": "solid", "thickness": 1 }, "geometry": { "type": "LineString", "coordinates": [ [ -79.575248194444441, 26.962153861111112 ], [ -79.559165722222218, 26.953694611111111 ] ] } },
{ "type": "Feature", "properties": { "style": "solid", "thickness": 1 }, "geometry": { "type": "LineString", "coordinates": [ [ -79.543085638888883, 26.945233555555557 ], [ -79.527007888888889, 26.93677075 ] ] } },
{ "type": "Feature", "properties": { "style": "solid", "thickness": 1 }, "geometry": { "type": "LineString", "coordinates": [ [ -79.5109325, 26.928306111111112 ], [ -79.494859472222217, 26.919839722222225 ] ] } },
{ "type": "Feature", "properties": { "style": "solid", "thickness": 1 }, "geometry": { "type": "LineString", "coordinates": [ [ -79.47898025, 26.911106416666666 ], [ -79.463785583333333, 26.901427055555555 ] ] } },
{ "type": "Feature", "properties": { "style": "solid", "thickness": 1 }, "geometry": { "type": "LineString", "coordinates": [ [ -79.448593444444455, 26.891746083333334 ], [ -79.433403861111117, 26.8820635 ] ] } },
{ "type": "Feature", "properties": { "style": "solid", "thickness": 1 }, "geometry": { "type": "LineString", "coordinates": [ [ -79.418216805555559, 26.872379333333335 ], [ -79.403032277777783, 26.862693583333336 ] ] } },
{ "type": "Feature", "properties": { "style": "solid", "thickness": 1 }, "geometry": { "type": "LineString", "coordinates": [ [ -79.38785030555556, 26.853006222222223 ], [ -79.377644, 26.846491972222221 ], [ -79.372994749999989, 26.84294425 ] ] } },
{ "type": "Feature", "properties": { "style": "solid", "thickness": 1 }, "geometry": { "type": "LineString", "coordinates": [ [ -79.358806416666667, 26.832115361111111 ], [ -79.344620722222217, 26.821285055555556 ] ] } },
{ "type": "Feature", "properties": { "style": "solid", "thickness": 1 }, "geometry": { "type": "LineString", "coordinates": [ [ -79.330437694444441, 26.810453361111112 ], [ -79.31625727777778, 26.79962027777778 ] ] } },
{ "type": "Feature", "properties": { "style": "solid", "thickness": 1 }, "geometry": { "type": "LineString", "coordinates": [ [ -79.3020795, 26.788785805555555 ], [ -79.28790438888889, 26.777949916666667 ] ] } },
{ "type": "Feature", "properties": { "style": "solid", "thickness": 1 }, "geometry": { "type": "LineString", "coordinates": [ [ -79.274208777777773, 26.766652194444443 ], [ -79.26113525, 26.754755027777779 ] ] } },
{ "type": "Feature", "properties": { "style": "solid", "thickness": 1 }, "geometry": { "type": "LineString", "coordinates": [ [ -79.248064388888892, 26.742856666666668 ], [ -79.234996194444449, 26.730957138888886 ] ] } },
{ "type": "Feature", "properties": { "style": "solid", "thickness": 1 }, "geometry": { "type": "LineString", "coordinates": [ [ -79.221930666666665, 26.719056416666664 ], [ -79.208867777777783, 26.707154527777778 ] ] } },
{ "type": "Feature", "properties": { "style": "solid", "thickness": 1 }, "geometry": { "type": "LineString", "coordinates": [ [ -79.195807555555561, 26.695251444444445 ], [ -79.189811555555565, 26.689785472222223 ], [ -79.18339686111112, 26.682822305555558 ] ] } },
{ "type": "Feature", "properties": { "style": "solid", "thickness": 1 }, "geometry": { "type": "LineString", "coordinates": [ [ -79.171538, 26.669946527777778 ], [ -79.159681722222231, 26.65706975 ] ] } },
{ "type": "Feature", "properties": { "style": "solid", "thickness": 1 }, "geometry": { "type": "LineString", "coordinates": [ [ -79.147828055555564, 26.644192 ], [ -79.135976972222224, 26.631313277777778 ] ] } },
{ "type": "Feature", "properties": { "style": "solid", "thickness": 1 }, "geometry": { "type": "LineString", "coordinates": [ [ -79.1241285, 26.618433583333335 ], [ -79.112282611111112, 26.605552888888891 ] ] } },
{ "type": "Feature", "properties": { "style": "solid", "thickness": 1 }, "geometry": { "type": "LineString", "coordinates": [ [ -79.101269166666654, 26.592107305555555 ], [ -79.090715333333335, 26.578350277777776 ] ] } },
{ "type": "Feature", "properties": { "style": "solid", "thickness": 1 }, "geometry": { "type": "LineString", "coordinates": [ [ -79.080163972222223, 26.564592444444447 ], [ -79.069615055555545, 26.550833833333336 ] ] } },
{ "type": "Feature", "properties": { "style": "solid", "thickness": 1 }, "geometry": { "type": "LineString", "coordinates": [ [ -79.059068583333328, 26.537074444444446 ], [ -79.048524555555559, 26.523314277777775 ] ] } },
{ "type": "Feature", "properties": { "style": "solid", "thickness": 1 }, "geometry": { "type": "LineString", "coordinates": [ [ -79.037983, 26.509553333333333 ], [ -79.03531066666666, 26.50606425 ], [ -79.028465194444451, 26.495215694444447 ] ] } },
{ "type": "Feature", "properties": { "style": "solid", "thickness": 1 }, "geometry": { "type": "LineString", "coordinates": [ [ -79.019296583333329, 26.480681805555555 ], [ -79.010130194444443, 26.466147305555555 ] ] } },
{ "type": "Feature", "properties": { "style": "solid", "thickness": 1 }, "geometry": { "type": "LineString", "coordinates": [ [ -79.000966055555551, 26.45161222222222 ], [ -78.991804138888895, 26.437076527777776 ] ] } },
{ "type": "Feature", "properties": { "style": "solid", "thickness": 1 }, "geometry": { "type": "LineString", "coordinates": [ [ -78.982644444444446, 26.42254025 ], [ -78.973487, 26.408003388888886 ] ] } },
{ "type": "Feature", "properties": { "style": "solid", "thickness": 1 }, "geometry": { "type": "LineString", "coordinates": [ [ -78.965548222222225, 26.392906222222223 ], [ -78.957834083333339, 26.377706166666666 ] ] } },
{ "type": "Feature", "properties": { "style": "solid", "thickness": 1 }, "geometry": { "type": "LineString", "coordinates": [ [ -78.950121916666674, 26.362505666666667 ], [ -78.942411694444445, 26.34730475 ] ] } },
{ "type": "Feature", "properties": { "style": "solid", "thickness": 1 }, "geometry": { "type": "LineString", "coordinates": [ [ -78.934703388888892, 26.332103388888889 ], [ -78.92699705555556, 26.31690161111111 ] ] } },
{ "type": "Feature", "properties": { "style": "solid", "thickness": 1 }, "geometry": { "type": "LineString", "coordinates": [ [ -78.919292666666678, 26.301699388888888 ], [ -78.918835694444454, 26.300797555555555 ], [ -78.913000305555556, 26.285982027777781 ] ] } },
{ "type": "Feature", "properties": { "style": "solid", "thickness": 1 }, "geometry": { "type": "LineString", "coordinates": [ [ -78.906798472222235, 26.270231888888887 ], [ -78.90059825, 26.254481472222221 ] ] } },
{ "type": "Feature", "properties": { "style": "solid", "thickness": 1 }, "geometry": { "type": "LineString", "coordinates": [ [ -78.894399611111112, 26.238730777777779 ], [ -78.888202583333339, 26.222979777777777 ] ] } },
{ "type": "Feature", "properties": { "style": "solid", "thickness": 1 }, "geometry": { "type": "LineString", "coordinates": [ [ -78.882007166666654, 26.207228472222223 ], [ -78.876012249999988, 26.191982722222221 ], [ -78.875863055555556, 26.191463166666669 ] ] } },
{ "type": "Feature", "properties": { "style": "solid", "thickness": 1 }, "geometry": { "type": "LineString", "coordinates": [ [ -78.871218138888878, 26.175283777777778 ], [ -78.866574444444439, 26.159104222222222 ] ] } },
{ "type": "Feature", "properties": { "style": "solid", "thickness": 1 }, "geometry": { "type": "LineString", "coordinates": [ [ -78.861931944444436, 26.142924472222223 ], [ -78.857290666666657, 26.126744555555558 ] ] } },
{ "type": "Feature", "properties": { "style": "solid", "thickness": 1 }, "geometry": { "type": "LineString", "coordinates": [ [ -78.852650611111102, 26.110564444444446 ], [ -78.84801175, 26.094384166666664 ] ] } },
{ "type": "Feature", "properties": { "style": "solid", "thickness": 1 }, "geometry": { "type": "LineString", "coordinates": [ [ -78.843562527777777, 26.078167527777776 ], [ -78.840509638888889, 26.061682805555556 ] ] } },
{ "type": "Feature", "properties": { "style": "solid", "thickness": 1 }, "geometry": { "type": "LineString", "coordinates": [ [ -78.837457583333332, 26.045198 ], [ -78.834406277777774, 26.028713083333333 ] ] } },
{ "type": "Feature", "properties": { "style": "solid", "thickness": 1 }, "geometry": { "type": "LineString", "coordinates": [ [ -78.831355777777773, 26.012228055555557 ], [ -78.828306083333331, 25.995742944444444 ] ] } },
{ "type": "Feature", "properties": { "style": "solid", "thickness": 1 }, "geometry": { "type": "LineString", "coordinates": [ [ -78.825257138888887, 25.979257722222222 ], [ -78.822820416666659, 25.9660795 ], [ -78.82253152777777, 25.962736694444445 ] ] } },
{ "type": "Feature", "properties": { "style": "solid", "thickness": 1 }, "geometry": { "type": "LineString", "coordinates": [ [ -78.821091638888888, 25.946073416666668 ], [ -78.819652083333324, 25.929410083333334 ] ] } },
{ "type": "Feature", "properties": { "style": "solid", "thickness": 1 }, "geometry": { "type": "LineString", "coordinates": [ [ -78.818212861111107, 25.912746666666663 ], [ -78.816774, 25.89608322222222 ] ] } },
{ "type": "Feature", "properties": { "style": "solid", "thickness": 1 }, "geometry": { "type": "LineString", "coordinates": [ [ -78.815335472222216, 25.879419694444444 ], [ -78.81389727777777, 25.862756111111114 ] ] } },
{ "type": "Feature", "properties": { "style": "solid", "thickness": 1 }, "geometry": { "type": "LineString", "coordinates": [ [ -78.812907, 25.846078666666667 ], [ -78.81308825, 25.829365055555556 ] ] } },
{ "type": "Feature", "properties": { "style": "solid", "thickness": 1 }, "geometry": { "type": "LineString", "coordinates": [ [ -78.813269388888884, 25.812651416666668 ], [ -78.813450416666669, 25.795937694444447 ] ] } },
{ "type": "Feature", "properties": { "style": "solid", "thickness": 1 }, "geometry": { "type": "LineString", "coordinates": [ [ -78.813631333333333, 25.779223944444443 ], [ -78.813812138888892, 25.762510138888889 ] ] } },
{ "type": "Feature", "properties": { "style": "solid", "thickness": 1 }, "geometry": { "type": "LineString", "coordinates": [ [ -78.81399283333333, 25.745796277777778 ], [ -78.814110972222224, 25.73486325 ], [ -78.814732888888884, 25.72910961111111 ] ] } },
{ "type": "Feature", "properties": { "style": "solid", "thickness": 1 }, "geometry": { "type": "LineString", "coordinates": [ [ -78.816530694444438, 25.712474361111109 ], [ -78.818327944444434, 25.695839055555556 ] ] } },
{ "type": "Feature", "properties": { "style": "solid", "thickness": 1 }, "geometry": { "type": "LineString", "coordinates": [ [ -78.820124638888885, 25.679203666666666 ], [ -78.821920777777777, 25.662568166666667 ] ] } },
{ "type": "Feature", "properties": { "style": "solid", "thickness": 1 }, "geometry": { "type": "LineString", "coordinates": [ [ -78.823716333333323, 25.645932638888887 ], [ -78.825511361111111, 25.629297 ] ] } },
{ "type": "Feature", "properties": { "style": "solid", "thickness": 1 }, "geometry": { "type": "LineString", "coordinates": [ [ -78.827960611111109, 25.612745805555559 ], [ -78.83135775, 25.596316972222223 ] ] } },
{ "type": "Feature", "properties": { "style": "solid", "thickness": 1 }, "geometry": { "type": "LineString", "coordinates": [ [ -78.834753888888883, 25.579888 ], [ -78.838149027777774, 25.563458861111112 ] ] } },
{ "type": "Feature", "properties": { "style": "solid", "thickness": 1 }, "geometry": { "type": "LineString", "coordinates": [ [ -78.841543194444441, 25.547029611111114 ], [ -78.844936388888883, 25.530600222222223 ] ] } },
{ "type": "Feature", "properties": { "style": "solid", "thickness": 1 }, "geometry": { "type": "LineString", "coordinates": [ [ -78.8483286111111, 25.514170694444445 ], [ -78.850148499999989, 25.505354305555556 ], [ -78.852450499999989, 25.497895666666668 ] ] } },
{ "type": "Feature", "properties": { "style": "solid", "thickness": 1 }, "geometry": { "type": "LineString", "coordinates": [ [ -78.85741727777777, 25.481799527777778 ], [ -78.862382694444435, 25.465703166666668 ] ] } },
{ "type": "Feature", "properties": { "style": "solid", "thickness": 1 }, "geometry": { "type": "LineString", "coordinates": [ [ -78.867346722222209, 25.449606583333335 ], [ -78.87230938888888, 25.433509777777779 ] ] } },
{ "type": "Feature", "properties": { "style": "solid", "thickness": 1 }, "geometry": { "type": "LineString", "coordinates": [ [ -78.877270666666661, 25.417412722222224 ], [ -78.882230583333325, 25.401315444444442 ] ] } },
{ "type": "Feature", "properties": { "style": "solid", "thickness": 1 }, "geometry": { "type": "LineString", "coordinates": [ [ -78.887974250000013, 25.385451777777778 ], [ -78.894468972222228, 25.369811916666666 ] ] } },
{ "type": "Feature", "properties": { "style": "solid", "thickness": 1 }, "geometry": { "type": "LineString", "coordinates": [ [ -78.900961972222234, 25.354171694444446 ], [ -78.90745325, 25.338531138888889 ] ] } },
{ "type": "Feature", "properties": { "style": "solid", "thickness": 1 }, "geometry": { "type": "LineString", "coordinates": [ [ -78.913942805555564, 25.32289025 ], [ -78.920430638888888, 25.307249 ] ] } },
{ "type": "Feature", "properties": { "style": "solid", "thickness": 1 }, "geometry": { "type": "LineString", "coordinates": [ [ -78.926916777777777, 25.291607388888892 ], [ -78.929838055555564, 25.284561083333337 ], [ -78.934218222222228, 25.276283416666665 ] ] } },
{ "type": "Feature", "properties": { "style": "solid", "thickness": 1 }, "geometry": { "type": "LineString", "coordinates": [ [ -78.942187527777776, 25.261219611111112 ], [ -78.950154833333343, 25.246155333333334 ] ] } },
{ "type": "Feature", "properties": { "style": "solid", "thickness": 1 }, "geometry": { "type": "LineString", "coordinates": [ [ -78.958120111111114, 25.231090555555554 ], [ -78.96608338888889, 25.216025277777778 ] ] } },
{ "type": "Feature", "properties": { "style": "solid", "thickness": 1 }, "geometry": { "type": "LineString", "coordinates": [ [ -78.974044666666671, 25.200959527777776 ], [ -78.982003944444443, 25.18589327777778 ] ] } },
{ "type": "Feature", "properties": { "style": "solid", "thickness": 1 }, "geometry": { "type": "LineString", "coordinates": [ [ -78.99078744444445, 25.1712295 ], [ -79.000166944444445, 25.156856833333332 ] ] } },
{ "type": "Feature", "properties": { "style": "solid", "thickness": 1 }, "geometry": { "type": "LineString", "coordinates": [ [ -79.009544194444445, 25.142483527777777 ], [ -79.018919222222223, 25.128109527777777 ] ] } },
{ "type": "Feature", "properties": { "style": "solid", "thickness": 1 }, "geometry": { "type": "LineString", "coordinates": [ [ -79.028292, 25.113734916666669 ], [ -79.037662555555556, 25.099359611111112 ] ] } },
{ "type": "Feature", "properties": { "style": "solid", "thickness": 1 }, "geometry": { "type": "LineString", "coordinates": [ [ -79.047030861111111, 25.084983666666666 ], [ -79.050758333333334, 25.079262638888888 ], [ -79.05721038888889, 25.071091916666667 ] ] } },
{ "type": "Feature", "properties": { "style": "solid", "thickness": 1 }, "geometry": { "type": "LineString", "coordinates": [ [ -79.067925222222215, 25.057519805555557 ], [ -79.078637666666665, 25.04394688888889 ] ] } },
{ "type": "Feature", "properties": { "style": "solid", "thickness": 1 }, "geometry": { "type": "LineString", "coordinates": [ [ -79.089347694444442, 25.030373111111111 ], [ -79.100055361111103, 25.0167985 ] ] } },
{ "type": "Feature", "properties": { "style": "solid", "thickness": 1 }, "geometry": { "type": "LineString", "coordinates": [ [ -79.110760611111104, 25.003223083333335 ], [ -79.121463472222217, 24.989646805555555 ] ] } },
{ "type": "Feature", "properties": { "style": "solid", "thickness": 1 }, "geometry": { "type": "LineString", "coordinates": [ [ -79.132944166666661, 24.976629527777778 ], [ -79.144909750000011, 24.963960972222221 ] ] } },
{ "type": "Feature", "properties": { "style": "solid", "thickness": 1 }, "geometry": { "type": "LineString", "coordinates": [ [ -79.156872888888898, 24.951291388888887 ], [ -79.168833527777778, 24.938620777777778 ] ] } },
{ "type": "Feature", "properties": { "style": "solid", "thickness": 1 }, "geometry": { "type": "LineString", "coordinates": [ [ -79.180791666666678, 24.925949166666669 ], [ -79.192747361111117, 24.913276527777775 ] ] } },
{ "type": "Feature", "properties": { "style": "solid", "thickness": 1 }, "geometry": { "type": "LineString", "coordinates": [ [ -79.204700555555561, 24.900602861111111 ], [ -79.209235166666673, 24.895793972222222 ], [ -79.217380194444445, 24.888552861111112 ] ] } },
{ "type": "Feature", "properties": { "style": "solid", "thickness": 1 }, "geometry": { "type": "LineString", "coordinates": [ [ -79.230503027777786, 24.876883611111111 ], [ -79.243623361111119, 24.86521313888889 ] ] } },
{ "type": "Feature", "properties": { "style": "solid", "thickness": 1 }, "geometry": { "type": "LineString", "coordinates": [ [ -79.256741194444444, 24.853541444444446 ], [ -79.269856527777776, 24.841868555555553 ] ] } },
{ "type": "Feature", "properties": { "style": "solid", "thickness": 1 }, "geometry": { "type": "LineString", "coordinates": [ [ -79.282969388888887, 24.830194472222221 ], [ -79.29607975, 24.818519166666665 ] ] } },
{ "type": "Feature", "properties": { "style": "solid", "thickness": 1 }, "geometry": { "type": "LineString", "coordinates": [ [ -79.309850194444437, 24.807519333333335 ], [ -79.32402852777777, 24.796937222222223 ] ] } },
{ "type": "Feature", "properties": { "style": "solid", "thickness": 1 }, "geometry": { "type": "LineString", "coordinates": [ [ -79.338204416666656, 24.78635375 ], [ -79.352377916666654, 24.775768833333334 ] ] } },
{ "type": "Feature", "properties": { "style": "solid", "thickness": 1 }, "geometry": { "type": "LineString", "coordinates": [ [ -79.366548944444432, 24.765182555555555 ], [ -79.380717583333322, 24.754594861111112 ] ] } },
{ "type": "Feature", "properties": { "style": "solid", "thickness": 1 }, "geometry": { "type": "LineString", "coordinates": [ [ -79.394883777777778, 24.74400577777778 ], [ -79.400453361111119, 24.739841694444447 ], [ -79.409632111111122, 24.734129166666669 ] ] } },
{ "type": "Feature", "properties": { "style": "solid", "thickness": 1 }, "geometry": { "type": "LineString", "coordinates": [ [ -79.424756916666666, 24.72471361111111 ], [ -79.439879444444443, 24.715296472222221 ] ] } },
{ "type": "Feature", "properties": { "style": "solid", "thickness": 1 }, "geometry": { "type": "LineString", "coordinates": [ [ -79.454999694444453, 24.705877722222223 ], [ -79.470117611111107, 24.696457444444444 ] ] } },
{ "type": "Feature", "properties": { "style": "solid", "thickness": 1 }, "geometry": { "type": "LineString", "coordinates": [ [ -79.48523325, 24.687035555555557 ], [ -79.500346611111112, 24.677612111111113 ] ] } },
{ "type": "Feature", "properties": { "style": "solid", "thickness": 1 }, "geometry": { "type": "LineString", "coordinates": [ [ -79.515956388888895, 24.668922055555555 ], [ -79.531912222222218, 24.660743361111109 ] ] } },
{ "type": "Feature", "properties": { "style": "solid", "thickness": 1 }, "geometry": { "type": "LineString", "coordinates": [ [ -79.547865944444439, 24.652562916666664 ], [ -79.563817583333332, 24.64438075 ] ] } },
{ "type": "Feature", "properties": { "style": "solid", "thickness": 1 }, "geometry": { "type": "LineString", "coordinates": [ [ -79.57976711111111, 24.636196805555556 ], [ -79.595714555555546, 24.62801113888889 ] ] } },
{ "type": "Feature", "properties": { "style": "solid", "thickness": 1 }, "geometry": { "type": "LineString", "coordinates": [ [ -79.61165988888888, 24.619823722222222 ], [ -79.6186028611111, 24.616257861111112 ], [ -79.628012111111104, 24.612374166666669 ] ] } },
{ "type": "Feature", "properties": { "style": "solid", "thickness": 1 }, "geometry": { "type": "LineString", "coordinates": [ [ -79.64467786111112, 24.605493222222222 ], [ -79.661341777777778, 24.598610416666666 ] ] } },
{ "type": "Feature", "properties": { "style": "solid", "thickness": 1 }, "geometry": { "type": "LineString", "coordinates": [ [ -79.678003861111122, 24.591725694444442 ], [ -79.694664111111109, 24.584839083333332 ] ] } },
{ "type": "Feature", "properties": { "style": "solid", "thickness": 1 }, "geometry": { "type": "LineString", "coordinates": [ [ -79.7113225, 24.577950555555557 ], [ -79.727979083333338, 24.571060166666665 ] ] } },
{ "type": "Feature", "properties": { "style": "solid", "thickness": 1 }, "geometry": { "type": "LineString", "coordinates": [ [ -79.744952777777783, 24.564895944444444 ], [ -79.76220269444444, 24.559363833333332 ] ] } },
{ "type": "Feature", "properties": { "style": "solid", "thickness": 1 }, "geometry": { "type": "LineString", "coordinates": [ [ -79.779451083333328, 24.553829694444445 ], [ -79.796697972222219, 24.54829352777778 ] ] } },
{ "type": "Feature", "properties": { "style": "solid", "thickness": 1 }, "geometry": { "type": "LineString", "coordinates": [ [ -79.813943305555554, 24.542755361111112 ], [ -79.831187111111106, 24.537215138888889 ] ] } },
{ "type": "Feature", "properties": { "style": "solid", "thickness": 1 }, "geometry": { "type": "LineString", "coordinates": [ [ -79.848429416666661, 24.531672916666665 ], [ -79.857055249999988, 24.528899361111112 ], [ -79.865902527777777, 24.52683025 ] ] } },
{ "type": "Feature", "properties": { "style": "solid", "thickness": 1 }, "geometry": { "type": "LineString", "coordinates": [ [ -79.883607, 24.522687861111109 ], [ -79.901310333333342, 24.51854336111111 ] ] } },
{ "type": "Feature", "properties": { "style": "solid", "thickness": 1 }, "geometry": { "type": "LineString", "coordinates": [ [ -79.9190125, 24.514396722222223 ], [ -79.936713472222223, 24.510247972222221 ] ] } },
{ "type": "Feature", "properties": { "style": "solid", "thickness": 1 }, "geometry": { "type": "LineString", "coordinates": [ [ -79.954413277777775, 24.50609711111111 ], [ -79.972111916666663, 24.501944111111111 ] ] } },
{ "type": "Feature", "properties": { "style": "solid", "thickness": 1 }, "geometry": { "type": "LineString", "coordinates": [ [ -79.98996152777778, 24.49845077777778 ], [ -80.007988083333331, 24.495728722222225 ] ] } },
{ "type": "Feature", "properties": { "style": "solid", "thickness": 1 }, "geometry": { "type": "LineString", "coordinates": [ [ -80.02601386111111, 24.493004444444445 ], [ -80.044038833333332, 24.490277972222223 ] ] } },
{ "type": "Feature", "properties": { "style": "solid", "thickness": 1 }, "geometry": { "type": "LineString", "coordinates": [ [ -80.062063055555555, 24.487549305555557 ], [ -80.08008647222222, 24.484818444444446 ] ] } },
{ "type": "Feature", "properties": { "style": "solid", "thickness": 1 }, "geometry": { "type": "LineString", "coordinates": [ [ -80.0981091111111, 24.482085388888887 ], [ -80.108565333333331, 24.480498666666666 ], [ -80.116211833333324, 24.47996125 ] ] } },
{ "type": "Feature", "properties": { "style": "solid", "thickness": 1 }, "geometry": { "type": "LineString", "coordinates": [ [ -80.134425861111112, 24.478679527777775 ], [ -80.152639527777779, 24.477395555555553 ] ] } },
{ "type": "Feature", "properties": { "style": "solid", "thickness": 1 }, "geometry": { "type": "LineString", "coordinates": [ [ -80.170852833333342, 24.47610933333333 ], [ -80.18906575, 24.474820888888889 ] ] } },
{ "type": "Feature", "properties": { "style": "solid", "thickness": 1 }, "geometry": { "type": "LineString", "coordinates": [ [ -80.207278277777775, 24.473530194444443 ], [ -80.225490472222219, 24.47223725 ] ] } },
{ "type": "Feature", "properties": { "style": "solid", "thickness": 1 }, "geometry": { "type": "LineString", "coordinates": [ [ -80.243722638888883, 24.471494416666665 ], [ -80.261988388888895, 24.471662444444444 ] ] } },
{ "type": "Feature", "properties": { "style": "solid", "thickness": 1 }, "geometry": { "type": "LineString", "coordinates": [ [ -80.280254222222226, 24.471828194444441 ], [ -80.298520083333329, 24.471991694444444 ] ] } },
{ "type": "Feature", "properties": { "style": "solid", "thickness": 1 }, "geometry": { "type": "LineString", "coordinates": [ [ -80.316786, 24.472152972222222 ], [ -80.335051944444444, 24.472311972222222 ] ] } },
{ "type": "Feature", "properties": { "style": "solid", "thickness": 1 }, "geometry": { "type": "LineString", "coordinates": [ [ -80.353317944444441, 24.472468722222221 ], [ -80.365491055555552, 24.472571944444443 ], [ -80.371555666666666, 24.473111638888888 ] ] } },
{ "type": "Feature", "properties": { "style": "solid", "thickness": 1 }, "geometry": { "type": "LineString", "coordinates": [ [ -80.389737111111117, 24.474728111111109 ], [ -80.40791902777778, 24.476342361111108 ] ] } },
{ "type": "Feature", "properties": { "style": "solid", "thickness": 1 }, "geometry": { "type": "LineString", "coordinates": [ [ -80.426101388888895, 24.477954388888886 ], [ -80.44428425000001, 24.479564166666666 ] ] } },
{ "type": "Feature", "properties": { "style": "solid", "thickness": 1 }, "geometry": { "type": "LineString", "coordinates": [ [ -80.462467555555563, 24.481171722222221 ], [ -80.480651333333341, 24.482777055555555 ] ] } },
{ "type": "Feature", "properties": { "style": "solid", "thickness": 1 }, "geometry": { "type": "LineString", "coordinates": [ [ -80.498770583333339, 24.484802583333334 ], [ -80.516732194444444, 24.487855583333335 ] ] } },
{ "type": "Feature", "properties": { "style": "solid", "thickness": 1 }, "geometry": { "type": "LineString", "coordinates": [ [ -80.53469469444444, 24.490906416666668 ], [ -80.552658083333327, 24.493955055555556 ] ] } },
{ "type": "Feature", "properties": { "style": "solid", "thickness": 1 }, "geometry": { "type": "LineString", "coordinates": [ [ -80.570622305555545, 24.4970015 ], [ -80.588587416666655, 24.500045777777778 ] ] } },
{ "type": "Feature", "properties": { "style": "solid", "thickness": 1 }, "geometry": { "type": "LineString", "coordinates": [ [ -80.606553416666657, 24.503087888888889 ], [ -80.620025888888875, 24.505367583333335 ], [ -80.624430166666656, 24.506485277777777 ] ] } },
{ "type": "Feature", "properties": { "style": "solid", "thickness": 1 }, "geometry": { "type": "LineString", "coordinates": [ [ -80.642037888888893, 24.51095225 ], [ -80.659646888888901, 24.515417111111113 ] ] } },
{ "type": "Feature", "properties": { "style": "solid", "thickness": 1 }, "geometry": { "type": "LineString", "coordinates": [ [ -80.677257138888891, 24.519879888888887 ], [ -80.694868638888892, 24.524340527777778 ] ] } },
{ "type": "Feature", "properties": { "style": "solid", "thickness": 1 }, "geometry": { "type": "LineString", "coordinates": [ [ -80.712481388888889, 24.528799083333332 ], [ -80.730095416666671, 24.533255555555556 ] ] } },
{ "type": "Feature", "properties": { "style": "solid", "thickness": 1 }, "geometry": { "type": "LineString", "coordinates": [ [ -80.74764875, 24.537895027777779 ], [ -80.764973805555556, 24.543219222222223 ] ] } },
{ "type": "Feature", "properties": { "style": "solid", "thickness": 1 }, "geometry": { "type": "LineString", "coordinates": [ [ -80.13488, 26.95051 ], [ -80.128412638888889, 26.953869305555553 ], [ -80.124986333333325, 26.955963861111112 ], [ -80.121590194444437, 26.958097 ], [ -80.11936266666666, 26.95973038888889 ] ] } },
{ "type": "Feature", "properties": { "style": "solid", "thickness": 1 }, "geometry": { "type": "LineString", "coordinates": [ [ -80.106091472222218, 26.971425361111109 ], [ -80.103949444444439, 26.973714277777777 ], [ -80.101533472222215, 26.9767265 ], [ -80.09916063888889, 26.979765805555555 ], [ -80.097048444444439, 26.982954055555552 ], [ -80.095600055555551, 26.98520513888889 ] ] } },
{ "type": "Feature", "properties": { "style": "solid", "thickness": 1 }, "geometry": { "type": "LineString", "coordinates": [ [ -80.088341472222211, 27.000567666666665 ], [ -80.087462527777774, 27.003380611111112 ], [ -80.086399222222212, 27.006959027777778 ], [ -80.085638055555549, 27.010597861111112 ], [ -80.084928805555549, 27.014245 ], [ -80.084637222222213, 27.016915138888887 ] ] } },
{ "type": "Feature", "properties": { "style": "solid", "thickness": 1 }, "geometry": { "type": "LineString", "coordinates": [ [ -80.084560527777768, 27.033592944444447 ], [ -80.08484513888888, 27.036394055555558 ], [ -80.085526777777773, 27.040044444444447 ], [ -80.086260444444434, 27.043686777777779 ], [ -80.087296694444433, 27.047270111111114 ], [ -80.088117555555556, 27.049966305555557 ] ] } },
{ "type": "Feature", "properties": { "style": "solid", "thickness": 1 }, "geometry": { "type": "LineString", "coordinates": [ [ -80.095233, 27.065383472222223 ], [ -80.096728111111105, 27.067742027777779 ], [ -80.098816138888878, 27.070940416666666 ], [ -80.101166, 27.073991277777779 ], [ -80.103559138888883, 27.077015277777779 ], [ -80.105611527777768, 27.079236583333333 ] ] } },
{ "type": "Feature", "properties": { "style": "solid", "thickness": 1 }, "geometry": { "type": "LineString", "coordinates": [ [ -80.1187943611111, 27.091023138888886 ], [ -80.121081527777775, 27.092721388888886 ], [ -80.124461527777768, 27.09487225 ], [ -80.127871916666663, 27.096984666666664 ], [ -80.131449611111108, 27.098865 ], [ -80.134277611111116, 27.1003085 ] ] } },
{ "type": "Feature", "properties": { "style": "solid", "thickness": 1 }, "geometry": { "type": "LineString", "coordinates": [ [ -80.15150225, 27.106685222222225 ], [ -80.157947361111113, 27.108273638888889 ] ] } },
{ "type": "Feature", "properties": { "style": "solid", "thickness": 1 }, "geometry": { "type": "LineString", "coordinates": [ [ -80.13488, 26.95051 ], [ -80.14239625, 26.947370111111113 ], [ -80.150190888888901, 26.944826055555556 ], [ -80.152179388888896, 26.944347472222223 ] ] } },
{ "type": "Feature", "properties": { "style": "solid", "thickness": 1 }, "geometry": { "type": "LineString", "coordinates": [ [ -80.170468583333331, 26.941272222222221 ], [ -80.174644083333334, 26.940939333333333 ], [ -80.182944722222231, 26.940925166666666 ], [ -80.189076083333333, 26.941392916666668 ] ] } },
{ "type": "Feature", "properties": { "style": "solid", "thickness": 1 }, "geometry": { "type": "LineString", "coordinates": [ [ -80.207320111111116, 26.944706194444446 ], [ -80.207414416666666, 26.944728555555557 ], [ -80.215219888888896, 26.947246027777776 ], [ -80.222749555555552, 26.950360305555556 ], [ -80.224452166666666, 26.951232722222223 ] ] } },
{ "type": "Feature", "properties": { "style": "solid", "thickness": 1 }, "geometry": { "type": "LineString", "coordinates": [ [ -80.239856472222229, 26.96059075 ], [ -80.243123527777783, 26.963024638888889 ], [ -80.249004194444439, 26.968245972222221 ], [ -80.252961138888892, 26.972432583333333 ] ] } },
{ "type": "Feature", "properties": { "style": "solid", "thickness": 1 }, "geometry": { "type": "LineString", "coordinates": [ [ -80.263270666666671, 26.986324722222225 ], [ -80.263290027777771, 26.986354444444444 ], [ -80.266812416666667, 26.993052083333335 ], [ -80.26966630555556, 26.999997361111113 ], [ -80.270213805555557, 27.001804194444443 ] ] } },
{ "type": "Feature", "properties": { "style": "solid", "thickness": 1 }, "geometry": { "type": "LineString", "coordinates": [ [ -80.273665722222219, 27.018191138888888 ], [ -80.274026277777779, 27.021783194444442 ], [ -80.274042138888888, 27.029177472222223 ], [ -80.273495638888889, 27.034866694444446 ] ] } },
{ "type": "Feature", "properties": { "style": "solid", "thickness": 1 }, "geometry": { "type": "LineString", "coordinates": [ [ -80.269685111111116, 27.051195222222223 ], [ -80.266951583333338, 27.057923694444444 ], [ -80.26345794444444, 27.06462902777778 ], [ -80.262255166666662, 27.066492444444446 ] ] } },
{ "type": "Feature", "properties": { "style": "solid", "thickness": 1 }, "geometry": { "type": "LineString", "coordinates": [ [ -80.251657166666661, 27.08020625 ], [ -80.249249888888883, 27.082770444444446 ], [ -80.243391666666668, 27.088006166666666 ], [ -80.238295111111114, 27.091828388888889 ] ] } },
{ "type": "Feature", "properties": { "style": "solid", "thickness": 1 }, "geometry": { "type": "LineString", "coordinates": [ [ -80.222653194444447, 27.100899027777778 ], [ -80.215555916666673, 27.103859861111111 ], [ -80.207761277777777, 27.106400305555557 ], [ -80.205302, 27.106991444444446 ] ] } },
{ "type": "Feature", "properties": { "style": "solid", "thickness": 1 }, "geometry": { "type": "LineString", "coordinates": [ [ -80.186971361111119, 27.109989805555557 ], [ -80.183308083333344, 27.110281333333333 ], [ -80.175007416666674, 27.110295444444446 ], [ -80.168336583333343, 27.109787416666666 ] ] } },
{ "type": "Feature", "properties": { "style": "solid", "thickness": 1 }, "geometry": { "type": "LineString", "coordinates": [ [ -81.55976, 26.49362 ], [ -81.549912527777778, 26.507790305555556 ] ] } },
{ "type": "Feature", "properties": { "style": "solid", "thickness": 1 }, "geometry": { "type": "LineString", "coordinates": [ [ -81.540062722222217, 26.521959916666667 ], [ -81.530210555555556, 26.536128833333336 ] ] } },
{ "type": "Feature", "properties": { "style": "solid", "thickness": 1 }, "geometry": { "type": "LineString", "coordinates": [ [ -81.519601277777781, 26.54984141666667 ], [ -81.508753055555559, 26.563410416666667 ] ] } },
{ "type": "Feature", "properties": { "style": "solid", "thickness": 1 }, "geometry": { "type": "LineString", "coordinates": [ [ -81.497902333333329, 26.576978611111112 ], [ -81.487049111111105, 26.59054597222222 ] ] } },
{ "type": "Feature", "properties": { "style": "solid", "thickness": 1 }, "geometry": { "type": "LineString", "coordinates": [ [ -81.476193388888888, 26.6041125 ], [ -81.465335194444449, 26.617678194444444 ] ] } },
{ "type": "Feature", "properties": { "style": "solid", "thickness": 1 }, "geometry": { "type": "LineString", "coordinates": [ [ -81.4544745, 26.631243083333334 ], [ -81.454471611111117, 26.631246666666666 ], [ -81.442344138888899, 26.643910027777778 ] ] } },
{ "type": "Feature", "properties": { "style": "solid", "thickness": 1 }, "geometry": { "type": "LineString", "coordinates": [ [ -81.430210861111121, 26.656575722222222 ], [ -81.418074944444456, 26.669240388888891 ] ] } },
{ "type": "Feature", "properties": { "style": "solid", "thickness": 1 }, "geometry": { "type": "LineString", "coordinates": [ [ -81.405936416666677, 26.681904027777779 ], [ -81.393795277777784, 26.694566666666667 ] ] } },
{ "type": "Feature", "properties": { "style": "solid", "thickness": 1 }, "geometry": { "type": "LineString", "coordinates": [ [ -81.3816515, 26.70722825 ], [ -81.372422, 26.716848805555554 ], [ -81.369223111111111, 26.719650722222219 ] ] } },
{ "type": "Feature", "properties": { "style": "solid", "thickness": 1 }, "geometry": { "type": "LineString", "coordinates": [ [ -81.355899694444432, 26.731318638888887 ], [ -81.342573611111106, 26.742985333333333 ] ] } },
{ "type": "Feature", "properties": { "style": "solid", "thickness": 1 }, "geometry": { "type": "LineString", "coordinates": [ [ -81.329244861111107, 26.754650805555556 ], [ -81.315913444444448, 26.766315027777779 ] ] } },
{ "type": "Feature", "properties": { "style": "solid", "thickness": 1 }, "geometry": { "type": "LineString", "coordinates": [ [ -81.302579361111114, 26.777978027777777 ], [ -81.289242611111106, 26.789639777777779 ] ] } },
{ "type": "Feature", "properties": { "style": "solid", "thickness": 1 }, "geometry": { "type": "LineString", "coordinates": [ [ -81.27538602777777, 26.800780611111112 ], [ -81.26097133333333, 26.811361888888889 ] ] } },
{ "type": "Feature", "properties": { "style": "solid", "thickness": 1 }, "geometry": { "type": "LineString", "coordinates": [ [ -81.246554, 26.821941722222221 ], [ -81.232134055555562, 26.832520138888889 ] ] } },
{ "type": "Feature", "properties": { "style": "solid", "thickness": 1 }, "geometry": { "type": "LineString", "coordinates": [ [ -81.21771147222222, 26.84309711111111 ], [ -81.203286277777778, 26.853672638888892 ] ] } },
{ "type": "Feature", "properties": { "style": "solid", "thickness": 1 }, "geometry": { "type": "LineString", "coordinates": [ [ -81.188858444444449, 26.86424675 ], [ -81.184897138888886, 26.86714938888889 ], [ -81.173729305555554, 26.873980916666667 ] ] } },
{ "type": "Feature", "properties": { "style": "solid", "thickness": 1 }, "geometry": { "type": "LineString", "coordinates": [ [ -81.158333250000013, 26.883396194444444 ], [ -81.142934722222222, 26.892809805555554 ] ] } },
{ "type": "Feature", "properties": { "style": "solid", "thickness": 1 }, "geometry": { "type": "LineString", "coordinates": [ [ -81.127533638888877, 26.902221805555556 ], [ -81.112130083333327, 26.911632166666664 ] ] } },
{ "type": "Feature", "properties": { "style": "solid", "thickness": 1 }, "geometry": { "type": "LineString", "coordinates": [ [ -81.096724027777768, 26.921040888888889 ], [ -81.081315444444442, 26.930447944444445 ] ] } },
{ "type": "Feature", "properties": { "style": "solid", "thickness": 1 }, "geometry": { "type": "LineString", "coordinates": [ [ -81.065083472222213, 26.938665694444445 ], [ -81.048823555555558, 26.946844555555554 ] ] } },
{ "type": "Feature", "properties": { "style": "solid", "thickness": 1 }, "geometry": { "type": "LineString", "coordinates": [ [ -81.032561333333334, 26.955021583333334 ], [ -81.016296805555555, 26.963196777777778 ] ] } },
{ "type": "Feature", "properties": { "style": "solid", "thickness": 1 }, "geometry": { "type": "LineString", "coordinates": [ [ -81.00003, 26.971370166666667 ], [ -80.983760861111108, 26.979541694444443 ] ] } },
{ "type": "Feature", "properties": { "style": "solid", "thickness": 1 }, "geometry": { "type": "LineString", "coordinates": [ [ -80.967333972222221, 26.987435694444446 ], [ -80.950336361111113, 26.994319138888891 ] ] } },
{ "type": "Feature", "properties": { "style": "solid", "thickness": 1 }, "geometry": { "type": "LineString", "coordinates": [ [ -80.933336694444449, 27.001200638888889 ], [ -80.916335, 27.008080111111113 ] ] } },
{ "type": "Feature", "properties": { "style": "solid", "thickness": 1 }, "geometry": { "type": "LineString", "coordinates": [ [ -80.89933127777779, 27.014957583333334 ], [ -80.882325527777766, 27.021833055555554 ] ] } },
{ "type": "Feature", "properties": { "style": "solid", "thickness": 1 }, "geometry": { "type": "LineString", "coordinates": [ [ -80.865317749999988, 27.028706527777778 ], [ -80.856135055555555, 27.032416444444443 ], [ -80.848033527777773, 27.034964055555559 ] ] } },
{ "type": "Feature", "properties": { "style": "solid", "thickness": 1 }, "geometry": { "type": "LineString", "coordinates": [ [ -80.83042561111111, 27.04049913888889 ], [ -80.812815972222225, 27.046032083333333 ] ] } },
{ "type": "Feature", "properties": { "style": "solid", "thickness": 1 }, "geometry": { "type": "LineString", "coordinates": [ [ -80.79520463888889, 27.051562861111112 ], [ -80.777591611111106, 27.0570915 ] ] } },
{ "type": "Feature", "properties": { "style": "solid", "thickness": 1 }, "geometry": { "type": "LineString", "coordinates": [ [ -80.759976888888886, 27.062618 ], [ -80.742360472222217, 27.068142361111111 ] ] } },
{ "type": "Feature", "properties": { "style": "solid", "thickness": 1 }, "geometry": { "type": "LineString", "coordinates": [ [ -80.724414527777782, 27.072694416666668 ], [ -80.706330611111113, 27.076840027777777 ] ] } },
{ "type": "Feature", "properties": { "style": "solid", "thickness": 1 }, "geometry": { "type": "LineString", "coordinates": [ [ -80.688245416666675, 27.080983388888889 ], [ -80.670158916666665, 27.085124472222223 ] ] } },
{ "type": "Feature", "properties": { "style": "solid", "thickness": 1 }, "geometry": { "type": "LineString", "coordinates": [ [ -80.65207108333334, 27.089263333333331 ], [ -80.633981944444457, 27.093399888888889 ] ] } },
{ "type": "Feature", "properties": { "style": "solid", "thickness": 1 }, "geometry": { "type": "LineString", "coordinates": [ [ -80.615891527777777, 27.097534194444442 ], [ -80.615021027777772, 27.097733055555555 ], [ -80.597483638888889, 27.100314833333336 ] ] } },
{ "type": "Feature", "properties": { "style": "solid", "thickness": 1 }, "geometry": { "type": "LineString", "coordinates": [ [ -80.579058916666668, 27.103024805555556 ], [ -80.560633305555555, 27.105732444444445 ] ] } },
{ "type": "Feature", "properties": { "style": "solid", "thickness": 1 }, "geometry": { "type": "LineString", "coordinates": [ [ -80.542206805555551, 27.10843775 ], [ -80.523779444444443, 27.111140666666667 ] ] } },
{ "type": "Feature", "properties": { "style": "solid", "thickness": 1 }, "geometry": { "type": "LineString", "coordinates": [ [ -80.505351222222217, 27.11384125 ], [ -80.490580138888888, 27.116004111111113 ] ] } },
{ "type": "Feature", "properties": { "style": "solid", "thickness": 1 }, "geometry": { "type": "LineString", "coordinates": [ [ -80.157947361111113, 27.108273638888889 ], [ -80.150052583333334, 27.111217055555556 ], [ -80.142258388888891, 27.113638611111114 ], [ -80.140444888888894, 27.114048333333336 ] ] } },
{ "type": "Feature", "properties": { "style": "solid", "thickness": 1 }, "geometry": { "type": "LineString", "coordinates": [ [ -80.122081722222219, 27.116892083333333 ], [ -80.117875833333329, 27.117169611111112 ], [ -80.109621222222216, 27.117072305555556 ], [ -80.103450388888888, 27.116518388888892 ] ] } },
{ "type": "Feature", "properties": { "style": "solid", "thickness": 1 }, "geometry": { "type": "LineString", "coordinates": [ [ -80.085244583333335, 27.11293125 ], [ -80.077632944444446, 27.110363111111113 ], [ -80.070197944444445, 27.107169583333334 ], [ -80.068226027777769, 27.106124972222222 ] ] } },
{ "type": "Feature", "properties": { "style": "solid", "thickness": 1 }, "geometry": { "type": "LineString", "coordinates": [ [ -80.053004333333334, 27.096507555555554 ], [ -80.050151777777771, 27.09431861111111 ], [ -80.044392194444441, 27.089053333333332 ], [ -80.040153138888883, 27.084432583333331 ] ] } },
{ "type": "Feature", "properties": { "style": "solid", "thickness": 1 }, "geometry": { "type": "LineString", "coordinates": [ [ -80.030215388888891, 27.070322916666665 ], [ -80.027102888888891, 27.064167583333333 ], [ -80.024382416666668, 27.057226666666669 ], [ -80.023664888888888, 27.054709055555556 ] ] } },
{ "type": "Feature", "properties": { "style": "solid", "thickness": 1 }, "geometry": { "type": "LineString", "coordinates": [ [ -80.020643861111111, 27.038255 ], [ -80.020415388888892, 27.035510638888891 ], [ -80.02052472222222, 27.028157805555555 ], [ -80.02126875, 27.021586 ] ] } },
{ "type": "Feature", "properties": { "style": "solid", "thickness": 1 }, "geometry": { "type": "LineString", "coordinates": [ [ -80.025632666666667, 27.005370611111111 ], [ -80.02806225, 26.999659555555557 ], [ -80.031649888888893, 26.993034722222223 ], [ -80.033504777777779, 26.990257611111112 ] ] } },
{ "type": "Feature", "properties": { "style": "solid", "thickness": 1 }, "geometry": { "type": "LineString", "coordinates": [ [ -80.044504972222214, 26.9768055 ], [ -80.046085833333336, 26.975170916666666 ], [ -80.052000055555553, 26.970037861111109 ], [ -80.058211472222226, 26.96551622222222 ] ] } },
{ "type": "Feature", "properties": { "style": "solid", "thickness": 1 }, "geometry": { "type": "LineString", "coordinates": [ [ -80.074181361111101, 26.95694275 ], [ -80.079949027777772, 26.954627805555553 ], [ -80.087743222222215, 26.952202833333331 ], [ -80.091697027777769, 26.951308416666667 ] ] } },
{ "type": "Feature", "properties": { "style": "solid", "thickness": 1 }, "geometry": { "type": "LineString", "coordinates": [ [ -80.110094694444442, 26.948800944444443 ], [ -80.11212575, 26.948666638888888 ], [ -80.120380361111103, 26.94876411111111 ], [ -80.128594027777766, 26.949502527777778 ], [ -80.128693055555544, 26.94951838888889 ] ] } },
{ "type": "Feature", "properties": { "style": "solid", "thickness": 1 }, "geometry": { "type": "LineString", "coordinates": [ [ -80.490580138888888, 27.116004111111113 ], [ -80.471995722222218, 27.11764275 ] ] } },
{ "type": "Feature", "properties": { "style": "solid", "thickness": 1 }, "geometry": { "type": "LineString", "coordinates": [ [ -80.453410777777776, 27.119279 ], [ -80.434825305555563, 27.120912888888888 ] ] } },
{ "type": "Feature", "properties": { "style": "solid", "thickness": 1 }, "geometry": { "type": "LineString", "coordinates": [ [ -80.416239277777777, 27.12254436111111 ], [ -80.39765275, 27.124173444444445 ] ] } },
{ "type": "Feature", "properties": { "style": "solid", "thickness": 1 }, "geometry": { "type": "LineString", "coordinates": [ [ -80.379065694444435, 27.125800138888888 ], [ -80.360478111111107, 27.127424416666667 ] ] } },
{ "type": "Feature", "properties": { "style": "solid", "thickness": 1 }, "geometry": { "type": "LineString", "coordinates": [ [ -80.34189, 27.129046333333335 ], [ -80.335209222222218, 27.129628666666669 ], [ -80.323255583333335, 27.130076805555557 ] ] } },
{ "type": "Feature", "properties": { "style": "solid", "thickness": 1 }, "geometry": { "type": "LineString", "coordinates": [ [ -80.304595222222218, 27.130774388888888 ], [ -80.29291, 27.13121 ] ] } },
{ "type": "Feature", "properties": { "style": "solid", "thickness": 1 }, "geometry": { "type": "LineString", "coordinates": [ [ -80.29291, 27.13121 ], [ -80.2925145, 27.12350725 ], [ -80.292874833333329, 27.115802611111114 ], [ -80.293060833333328, 27.114525222222223 ] ] } },
{ "type": "Feature", "properties": { "style": "solid", "thickness": 1 }, "geometry": { "type": "LineString", "coordinates": [ [ -80.296709083333326, 27.09816847222222 ], [ -80.298434777777771, 27.093261194444445 ], [ -80.301734027777769, 27.08612897222222 ], [ -80.303719, 27.082717194444445 ] ] } },
{ "type": "Feature", "properties": { "style": "solid", "thickness": 1 }, "geometry": { "type": "LineString", "coordinates": [ [ -80.313835666666662, 27.068713611111111 ], [ -80.315619416666664, 27.066634833333335 ], [ -80.321459638888882, 27.060936055555555 ], [ -80.3266965, 27.056645222222222 ] ] } },
{ "type": "Feature", "properties": { "style": "solid", "thickness": 1 }, "geometry": { "type": "LineString", "coordinates": [ [ -80.341853916666665, 27.046939305555558 ], [ -80.34213880555555, 27.046777666666667 ], [ -80.349825166666662, 27.043218305555556 ], [ -80.357830611111112, 27.040269083333335 ], [ -80.358799638888883, 27.039997444444445 ] ] } },
{ "type": "Feature", "properties": { "style": "solid", "thickness": 1 }, "geometry": { "type": "LineString", "coordinates": [ [ -80.376890138888882, 27.03601313888889 ], [ -80.383142611111111, 27.035282722222224 ], [ -80.39172, 27.03495 ], [ -80.395486833333337, 27.035097388888889 ] ] } },
{ "type": "Feature", "properties": { "style": "solid", "thickness": 1 }, "geometry": { "type": "LineString", "coordinates": [ [ -80.413949666666667, 27.037284694444445 ], [ -80.417404555555564, 27.03796763888889 ], [ -80.425660833333339, 27.04028827777778 ], [ -80.431640972222226, 27.04250075 ] ] } },
{ "type": "Feature", "properties": { "style": "solid", "thickness": 1 }, "geometry": { "type": "LineString", "coordinates": [ [ -80.447947333333332, 27.050569138888889 ], [ -80.448872055555555, 27.051097611111111 ], [ -80.455722916666673, 27.05581161111111 ], [ -80.462086361111119, 27.061039194444444 ], [ -80.46228275, 27.061231333333335 ] ] } },
{ "type": "Feature", "properties": { "style": "solid", "thickness": 1 }, "geometry": { "type": "LineString", "coordinates": [ [ -80.47407175, 27.074153833333334 ], [ -80.477788805555562, 27.07938725 ], [ -80.481760805555552, 27.086236277777775 ], [ -80.482950388888895, 27.088817527777778 ] ] } },
{ "type": "Feature", "properties": { "style": "solid", "thickness": 1 }, "geometry": { "type": "LineString", "coordinates": [ [ -80.488599555555552, 27.10470877777778 ], [ -80.48946880555556, 27.108254694444447 ], [ -80.490580138888888, 27.116004111111113 ] ] } },
{ "type": "Feature", "properties": { "style": "solid", "thickness": 1 }, "geometry": { "type": "LineString", "coordinates": [ [ -80.29291, 27.13121 ], [ -80.274244055555556, 27.130642166666668 ] ] } },
{ "type": "Feature", "properties": { "style": "solid", "thickness": 1 }, "geometry": { "type": "LineString", "coordinates": [ [ -80.255578277777772, 27.130071916666669 ], [ -80.236912722222229, 27.12949925 ] ] } },
{ "type": "Feature", "properties": { "style": "solid", "thickness": 1 }, "geometry": { "type": "LineString", "coordinates": [ [ -80.218247333333338, 27.128924194444444 ], [ -80.211939916666665, 27.128729305555556 ], [ -80.199641888888891, 27.127578055555556 ] ] } },
{ "type": "Feature", "properties": { "style": "solid", "thickness": 1 }, "geometry": { "type": "LineString", "coordinates": [ [ -80.181067472222225, 27.125837222222223 ], [ -80.16249363888889, 27.124094 ] ] } },
{ "type": "Feature", "properties": { "style": "solid", "thickness": 1 }, "geometry": { "type": "LineString", "coordinates": [ [ -80.143920333333341, 27.122348388888888 ], [ -80.12534761111111, 27.120600416666669 ] ] } },
{ "type": "Feature", "properties": { "style": "solid", "thickness": 1 }, "geometry": { "type": "LineString", "coordinates": [ [ -80.106775472222211, 27.118850027777778 ], [ -80.088203888888884, 27.11709725 ] ] } },
{ "type": "Feature", "properties": { "style": "solid", "thickness": 1 }, "geometry": { "type": "LineString", "coordinates": [ [ -80.06980013888888, 27.114339611111113 ], [ -80.051466694444443, 27.111164 ] ] } },
{ "type": "Feature", "properties": { "style": "solid", "thickness": 1 }, "geometry": { "type": "LineString", "coordinates": [ [ -80.033134277777776, 27.107986055555557 ], [ -80.014802861111107, 27.104805805555557 ] ] } },
{ "type": "Feature", "properties": { "style": "solid", "thickness": 1 }, "geometry": { "type": "LineString", "coordinates": [ [ -79.996472472222223, 27.101623222222223 ], [ -79.978143111111109, 27.098438305555554 ] ] } },
{ "type": "Feature", "properties": { "style": "solid", "thickness": 1 }, "geometry": { "type": "LineString", "coordinates": [ [ -79.95981475, 27.095251055555554 ], [ -79.95526241666667, 27.094459027777777 ], [ -79.941768027777783, 27.09101283333333 ] ] } },
{ "type": "Feature", "properties": { "style": "solid", "thickness": 1 }, "geometry": { "type": "LineString", "coordinates": [ [ -79.923815388888897, 27.08642586111111 ], [ -79.905864222222235, 27.081836611111111 ] ] } },
{ "type": "Feature", "properties": { "style": "solid", "thickness": 1 }, "geometry": { "type": "LineString", "coordinates": [ [ -79.887914444444448, 27.077245166666668 ], [ -79.869966138888884, 27.072651472222223 ] ] } },
{ "type": "Feature", "properties": { "style": "solid", "thickness": 1 }, "geometry": { "type": "LineString", "coordinates": [ [ -79.852019277777771, 27.068055555555556 ], [ -79.834073833333335, 27.063457416666669 ] ] } },
{ "type": "Feature", "properties": { "style": "solid", "thickness": 1 }, "geometry": { "type": "LineString", "coordinates": [ [ -79.816533805555551, 27.057772722222222 ], [ -79.799099, 27.051808222222224 ] ] } },
{ "type": "Feature", "properties": { "style": "solid", "thickness": 1 }, "geometry": { "type": "LineString", "coordinates": [ [ -79.781666, 27.045841611111111 ], [ -79.76423480555556, 27.039872916666667 ] ] } },
{ "type": "Feature", "properties": { "style": "solid", "thickness": 1 }, "geometry": { "type": "LineString", "coordinates": [ [ -79.746805444444448, 27.033902111111114 ], [ -79.729377888888891, 27.027929194444443 ] ] } },
{ "type": "Feature", "properties": { "style": "solid", "thickness": 1 }, "geometry": { "type": "LineString", "coordinates": [ [ -79.71195213888889, 27.021954194444444 ], [ -79.70917, 27.021 ] ] } },
{ "type": "Feature", "properties": { "style": "solid", "thickness": 1 }, "geometry": { "type": "LineString", "coordinates": [ [ -79.425442666666669, 26.481377972222219 ], [ -79.409779333333333, 26.474016222222222 ] ] } },
{ "type": "Feature", "properties": { "style": "solid", "thickness": 1 }, "geometry": { "type": "LineString", "coordinates": [ [ -79.41011575, 26.482023694444443 ], [ -79.424916111111116, 26.473380611111111 ] ] } },
{ "type": "Feature", "properties": { "style": "solid", "thickness": 1 }, "geometry": { "type": "LineString", "coordinates": [ [ -79.417947722222223, 26.48570475 ], [ -79.416895694444449, 26.469709972222219 ] ] } },
{ "type": "Feature", "properties": { "style": "solid", "thickness": 1 }, "geometry": { "type": "LineString", "coordinates": [ [ -79.40070775, 26.489012583333334 ], [ -79.397871305555569, 26.489163305555557 ], [ -79.396487166666674, 26.468063694444442 ] ] } },
{ "type": "Feature", "properties": { "style": "solid", "thickness": 1 }, "geometry": { "type": "LineString", "coordinates": [ [ -79.387859444444445, 26.484060111111113 ], [ -79.38792633333334, 26.485081083333334 ], [ -79.387626194444451, 26.48629225 ], [ -79.386970166666671, 26.487863805555556 ], [ -79.386280666666678, 26.488924888888889 ], [ -79.385190666666674, 26.489665694444444 ], [ -79.383700166666671, 26.49008625 ], [ -79.380863694444443, 26.490236638888891 ], [ -79.37876133333333, 26.490006555555556 ], [ -79.377782444444435, 26.489546194444447 ], [ -79.376380805555556, 26.488425222222222 ], [ -79.375946972222209, 26.487594444444447 ], [ -79.375479722222209, 26.486253222222224 ], [ -79.375301611111098, 26.483530666666667 ], [ -79.375613, 26.482489666666666 ], [ -79.377080972222217, 26.478826166666664 ], [ -79.379194027777771, 26.476323694444442 ], [ -79.382574777777776, 26.472900194444442 ], [ -79.38664475, 26.468415527777776 ], [ -79.374733694444444, 26.469047055555553 ] ] } },
{ "type": "Feature", "properties": { "style": "solid", "thickness": 1 }, "geometry": { "type": "LineString", "coordinates": [ [ -79.78779158333333, 24.968399694444443 ], [ -79.772304888888883, 24.961076416666668 ] ] } },
{ "type": "Feature", "properties": { "style": "solid", "thickness": 1 }, "geometry": { "type": "LineString", "coordinates": [ [ -79.772661416666665, 24.969083666666666 ], [ -79.787247416666659, 24.960403027777776 ] ] } },
{ "type": "Feature", "properties": { "style": "solid", "thickness": 1 }, "geometry": { "type": "LineString", "coordinates": [ [ -79.780405027777775, 24.9727455 ], [ -79.77931775, 24.956752111111111 ] ] } },
{ "type": "Feature", "properties": { "style": "solid", "thickness": 1 }, "geometry": { "type": "LineString", "coordinates": [ [ -79.76339425, 24.97609661111111 ], [ -79.760594305555557, 24.976254444444443 ], [ -79.759163472222227, 24.955156638888887 ] ] } },
{ "type": "Feature", "properties": { "style": "solid", "thickness": 1 }, "geometry": { "type": "LineString", "coordinates": [ [ -79.750694111111116, 24.97117586111111 ], [ -79.750763277777779, 24.97219675 ], [ -79.750470638888885, 24.97340875 ], [ -79.74982775, 24.97498208333333 ], [ -79.74915025, 24.976044972222219 ], [ -79.748076361111117, 24.976788583333331 ], [ -79.746606083333333, 24.977212888888886 ], [ -79.743806111111113, 24.977370388888886 ], [ -79.741729777777778, 24.977145555555555 ], [ -79.740761916666671, 24.97668761111111 ], [ -79.739374666666663, 24.975570055555554 ], [ -79.73894380555555, 24.974740305555553 ], [ -79.738478388888893, 24.973400138888888 ], [ -79.73829425, 24.970677805555553 ], [ -79.7385985, 24.969635972222221 ], [ -79.740036611111108, 24.965968472222222 ], [ -79.742115194444452, 24.9634605 ], [ -79.745442555555556, 24.960028277777777 ], [ -79.749447138888897, 24.955533111111109 ], [ -79.737689305555563, 24.9561945 ] ] } },
{ "type": "Feature", "properties": { "style": "solid", "thickness": 1 }, "geometry": { "type": "LineString", "coordinates": [ [ -79.77025125, 25.005438805555556 ], [ -79.77032058333333, 25.006459666666668 ], [ -79.770028055555557, 25.00767175 ], [ -79.769385222222226, 25.009245166666666 ], [ -79.768707694444444, 25.010308138888888 ], [ -79.767633611111108, 25.01105188888889 ], [ -79.766163, 25.011476416666667 ], [ -79.763362222222227, 25.011634277777777 ], [ -79.76128525, 25.011409722222222 ], [ -79.760317027777774, 25.01095188888889 ], [ -79.758929222222221, 25.0098345 ], [ -79.758498083333336, 25.009004805555556 ], [ -79.758032333333333, 25.007664694444443 ], [ -79.75784769444445, 25.004942361111112 ], [ -79.758151861111116, 25.003900472222224 ], [ -79.759589833333337, 25.000232777777779 ], [ -79.761668611111105, 24.9977245 ], [ -79.764996416666662, 24.994291805555555 ], [ -79.769001444444442, 24.989796055555555 ], [ -79.757240305555555, 24.990459 ] ] } },
{ "type": "Feature", "properties": { "style": "solid", "thickness": 1 }, "geometry": { "type": "LineString", "coordinates": [ [ -79.75067688888889, 25.012519416666667 ], [ -79.736299388888895, 25.01332775 ], [ -79.744918972222223, 24.9911525 ] ] } },
{ "type": "Feature", "properties": { "style": "solid", "thickness": 1 }, "geometry": { "type": "LineString", "coordinates": [ [ -79.407562527777785, 26.518369305555556 ], [ -79.407629611111119, 26.51939025 ], [ -79.407329583333336, 26.520601444444445 ], [ -79.40667363888889, 26.522173083333332 ], [ -79.40598411111111, 26.52323425 ], [ -79.404893916666666, 26.523975194444443 ], [ -79.403403055555557, 26.524395944444443 ], [ -79.400565750000013, 26.524546722222222 ], [ -79.39846275, 26.524316944444443 ], [ -79.397483472222234, 26.52385672222222 ], [ -79.39608125, 26.522735916666665 ], [ -79.39564713888889, 26.52190522222222 ], [ -79.395179527777785, 26.520564055555553 ], [ -79.395000916666675, 26.517841555555556 ], [ -79.395312222222231, 26.516800527777775 ], [ -79.39678, 26.513136833333334 ], [ -79.39889325, 26.510634083333333 ], [ -79.402274444444444, 26.507210166666667 ], [ -79.406344833333335, 26.502724972222222 ], [ -79.394430388888892, 26.503358111111112 ] ] } },
{ "type": "Feature", "properties": { "style": "solid", "thickness": 1 }, "geometry": { "type": "LineString", "coordinates": [ [ -79.387714444444455, 26.525399694444445 ], [ -79.373149416666664, 26.5261715 ], [ -79.381948444444433, 26.50402036111111 ] ] } },
{ "type": "Feature", "properties": { "style": "solid", "thickness": 1 }, "geometry": { "type": "LineString", "coordinates": [ [ -81.443392444444441, 25.206916083333333 ], [ -81.443476277777776, 25.207936083333333 ], [ -81.443200333333337, 25.2091515 ], [ -81.442578611111117, 25.210732361111109 ], [ -81.441914972222222, 25.211803194444443 ], [ -81.440849638888892, 25.212559416666664 ], [ -81.439382611111114, 25.213001083333332 ], [ -81.436579555555554, 25.213191638888887 ], [ -81.434496083333343, 25.212991333333331 ], [ -81.433519833333335, 25.212544833333332 ], [ -81.432114055555559, 25.211443694444444 ], [ -81.431670555555556, 25.210619083333334 ], [ -81.431185194444453, 25.209284444444442 ], [ -81.430961916666675, 25.206564444444442 ], [ -81.431251916666668, 25.205519027777775 ], [ -81.432640583333338, 25.20183475 ], [ -81.434687416666677, 25.199302361111112 ], [ -81.437972277777789, 25.195831027777778 ], [ -81.441920472222222, 25.191288777777778 ], [ -81.430149722222225, 25.192088916666666 ] ] } },
{ "type": "Feature", "properties": { "style": "solid", "thickness": 1 }, "geometry": { "type": "LineString", "coordinates": [ [ -81.423886222222222, 25.214224805555556 ], [ -81.409496833333336, 25.215200861111111 ], [ -81.417818277777783, 25.19292613888889 ] ] } },
{ "type": "Feature", "properties": { "style": "solid", "thickness": 1 }, "geometry": { "type": "LineString", "coordinates": [ [ -81.679327277777787, 25.532456083333333 ], [ -81.679413361111116, 25.533475944444447 ], [ -81.679139083333339, 25.534691833333333 ], [ -81.678518805555555, 25.536273722222223 ], [ -81.677855472222234, 25.537345666666667 ], [ -81.676788722222227, 25.538103694444445 ], [ -81.675318555555563, 25.53854775 ], [ -81.672508194444447, 25.538742916666667 ], [ -81.670418583333344, 25.53854602777778 ], [ -81.669438777777785, 25.538101111111114 ], [ -81.668026944444449, 25.537002277777781 ], [ -81.667580583333333, 25.536178388888892 ], [ -81.667091222222226, 25.534844527777778 ], [ -81.666861944444449, 25.532124833333331 ], [ -81.667150638888899, 25.531078944444445 ], [ -81.668535805555564, 25.527392305555555 ], [ -81.670583194444447, 25.524856527777779 ], [ -81.673870166666674, 25.521379722222221 ], [ -81.677820166666677, 25.516830916666667 ], [ -81.666018694444446, 25.517650388888889 ] ] } },
{ "type": "Feature", "properties": { "style": "solid", "thickness": 1 }, "geometry": { "type": "LineString", "coordinates": [ [ -81.659782055555567, 25.539796944444447 ], [ -81.645355111111115, 25.540796666666669 ], [ -81.653655083333334, 25.518507888888887 ] ] } },
{ "type": "Feature", "properties": { "style": "solid", "thickness": 1 }, "geometry": { "type": "LineString", "coordinates": [ [ -81.594039944444447, 26.183569555555557 ], [ -81.594125777777776, 26.184589444444445 ], [ -81.593849111111112, 26.185805111111112 ], [ -81.59322425, 26.187386583333332 ], [ -81.59255644444444, 26.188458083333334 ], [ -81.591483222222223, 26.189215444444443 ], [ -81.590004583333325, 26.18965861111111 ], [ -81.58717847222222, 26.189852111111112 ], [ -81.585077416666664, 26.189654 ], [ -81.5840925, 26.18920852777778 ], [ -81.582673638888892, 26.188108888888888 ], [ -81.582225388888887, 26.18728475 ], [ -81.58173427777777, 26.185950666666667 ], [ -81.581505694444445, 26.183230916666666 ], [ -81.581796777777768, 26.18218525 ], [ -81.583192277777769, 26.178499555555558 ], [ -81.585252888888888, 26.175965083333335 ], [ -81.588560583333333, 26.172490361111112 ], [ -81.592535805555556, 26.167944055555555 ], [ -81.580668277777775, 26.1687565 ] ] } },
{ "type": "Feature", "properties": { "style": "solid", "thickness": 1 }, "geometry": { "type": "LineString", "coordinates": [ [ -81.560442611111114, 26.178344972222224 ], [ -81.560870305555554, 26.183444555555557 ], [ -81.56167788888888, 26.186295722222223 ], [ -81.56216875, 26.187629888888889 ], [ -81.562819555555549, 26.188611194444444 ], [ -81.565251611111108, 26.190496611111111 ], [ -81.56758388888889, 26.191192111111111 ], [ -81.568337527777771, 26.191140611111113 ], [ -81.570527111111105, 26.190136194444445 ], [ -81.572428333333335, 26.187954722222223 ], [ -81.573096305555552, 26.186883305555554 ], [ -81.573358916666663, 26.185497666666667 ], [ -81.573681444444446, 26.182569305555557 ], [ -81.57325322222222, 26.17746975 ], [ -81.572445416666667, 26.174618638888891 ], [ -81.571954472222217, 26.173284527777778 ], [ -81.571115333333324, 26.172316111111112 ], [ -81.568871916666666, 26.170417888888888 ], [ -81.566540055555549, 26.169722444444446 ], [ -81.565786555555547, 26.169773916666667 ], [ -81.563597305555547, 26.17077825 ], [ -81.56150780555555, 26.172972472222224 ], [ -81.561028194444447, 26.174030972222223 ], [ -81.560765444444442, 26.175416611111114 ], [ -81.560442611111114, 26.178344972222224 ] ] } },
{ "type": "Feature", "properties": { "style": "solid", "thickness": 1 }, "geometry": { "type": "LineString", "coordinates": [ [ -81.593674, 26.405547888888886 ], [ -81.593759972222216, 26.406567722222221 ], [ -81.59348277777778, 26.407783361111111 ], [ -81.592856722222223, 26.409364722222222 ], [ -81.592187666666661, 26.410436194444443 ], [ -81.591112416666661, 26.4111935 ], [ -81.589630972222224, 26.411636638888886 ], [ -81.586799555555544, 26.411830111111108 ], [ -81.584694527777771, 26.411632 ], [ -81.58370775, 26.411186555555553 ], [ -81.582286222222223, 26.410086944444444 ], [ -81.581837111111113, 26.40926286111111 ], [ -81.581345083333332, 26.407928833333333 ], [ -81.581116083333328, 26.40520925 ], [ -81.581407722222224, 26.404163611111109 ], [ -81.582805888888885, 26.400478138888886 ], [ -81.584870388888888, 26.397943777777776 ], [ -81.588184333333331, 26.39446925 ], [ -81.592167083333322, 26.389923194444442 ], [ -81.580277194444434, 26.390735555555555 ] ] } },
{ "type": "Feature", "properties": { "style": "solid", "thickness": 1 }, "geometry": { "type": "LineString", "coordinates": [ [ -81.573666055555549, 26.406914416666666 ], [ -81.573751861111106, 26.407934277777777 ], [ -81.573474444444443, 26.409149861111111 ], [ -81.572848111111114, 26.410731138888888 ], [ -81.572178861111112, 26.411802527777777 ], [ -81.571103472222219, 26.412559666666667 ], [ -81.569621944444435, 26.413002611111111 ], [ -81.566790416666663, 26.413195694444443 ], [ -81.564685416666663, 26.412997305555553 ], [ -81.56369869444444, 26.412551694444442 ], [ -81.562277333333327, 26.411451916666664 ], [ -81.561828361111111, 26.41062775 ], [ -81.561336555555556, 26.409293666666667 ], [ -81.561108027777777, 26.406574027777776 ], [ -81.561399833333326, 26.405528444444442 ], [ -81.562798638888893, 26.401843138888889 ], [ -81.564863583333334, 26.399309055555555 ], [ -81.568178194444442, 26.395834972222222 ], [ -81.57216175, 26.391289444444443 ], [ -81.560271555555559, 26.392100166666665 ] ] } },
{ "type": "Feature", "properties": { "style": "solid", "thickness": 1 }, "geometry": { "type": "LineString", "coordinates": [ [ -81.3636755, 26.366121472222222 ], [ -81.360844777777771, 26.366310527777781 ], [ -81.359110416666667, 26.345230694444442 ] ] } },
{ "type": "Feature", "properties": { "style": "solid", "thickness": 1 }, "geometry": { "type": "LineString", "coordinates": [ [ -81.34121825, 26.367619833333332 ], [ -81.343650833333328, 26.36489375 ], [ -81.345719861111107, 26.36236275 ], [ -81.347425361111107, 26.360026916666669 ], [ -81.348445833333329, 26.35859141666667 ], [ -81.349249611111105, 26.356828472222222 ], [ -81.349487305555556, 26.355103305555556 ], [ -81.34955025, 26.353560722222223 ], [ -81.349298777777776, 26.350500722222225 ], [ -81.348634916666668, 26.349348472222221 ], [ -81.347796333333335, 26.348378805555555 ], [ -81.346943833333327, 26.347239138888888 ], [ -81.342869722222218, 26.34614336111111 ], [ -81.3406055, 26.346294277777776 ], [ -81.338250277777774, 26.34764775 ], [ -81.337900805555549, 26.348012888888888 ], [ -81.33650291666666, 26.349473472222222 ], [ -81.336342138888881, 26.349826055555553 ], [ -81.335782694444433, 26.352256361111113 ], [ -81.335922222222223, 26.353956361111113 ], [ -81.336397277777778, 26.35512125 ], [ -81.336858388888885, 26.356116111111113 ], [ -81.337710888888878, 26.357255833333333 ], [ -81.339318222222218, 26.35834525 ], [ -81.340883694444443, 26.358924666666667 ], [ -81.341841166666669, 26.35903177777778 ], [ -81.343162111111113, 26.358943722222225 ], [ -81.344091666666657, 26.358710833333333 ], [ -81.347187888888882, 26.357136916666668 ], [ -81.349501277777776, 26.355273305555556 ] ] } },
{ "type": "Feature", "properties": { "style": "solid", "thickness": 1 }, "geometry": { "type": "LineString", "coordinates": [ [ -80.914258833333335, 26.719637 ], [ -80.911418888888889, 26.719817277777775 ], [ -80.909760027777779, 26.6987345 ] ] } },
{ "type": "Feature", "properties": { "style": "solid", "thickness": 1 }, "geometry": { "type": "LineString", "coordinates": [ [ -80.89172836111112, 26.721065611111108 ], [ -80.894178722222236, 26.71834736111111 ], [ -80.896263638888897, 26.715823083333333 ], [ -80.897983222222223, 26.713492805555553 ], [ -80.899012250000013, 26.712060638888889 ], [ -80.899825222222233, 26.710300388888889 ], [ -80.900070222222226, 26.708576166666667 ], [ -80.90013925, 26.707033944444444 ], [ -80.89989875, 26.703973527777777 ], [ -80.899237305555559, 26.702819361111111 ], [ -80.898399944444449, 26.701847194444444 ], [ -80.897549222222224, 26.700705027777776 ], [ -80.893467083333334, 26.699596722222221 ], [ -80.8911955, 26.69974061111111 ], [ -80.888828, 26.701086638888889 ], [ -80.888476083333344, 26.701450666666666 ], [ -80.887068416666679, 26.70290675 ], [ -80.886905805555557, 26.703258777777776 ], [ -80.886335361111122, 26.705687055555554 ], [ -80.886468777777779, 26.707387305555553 ], [ -80.886940805555568, 26.708553527777777 ], [ -80.8873995, 26.709549694444444 ], [ -80.888250194444453, 26.710691916666665 ], [ -80.88985816666667, 26.711786194444443 ], [ -80.891426111111116, 26.712370388888889 ], [ -80.892386055555562, 26.712480472222222 ], [ -80.893711305555556, 26.712396527777777 ], [ -80.894644555555558, 26.712166527777779 ], [ -80.897756083333334, 26.710602416666667 ], [ -80.900083583333341, 26.708746194444444 ] ] } },
{ "type": "Feature", "properties": { "style": "solid", "thickness": 1 }, "geometry": { "type": "LineString", "coordinates": [ [ -80.239488166666661, 26.58538711111111 ], [ -80.239562527777778, 26.586407666666666 ], [ -80.239270916666669, 26.587620555555553 ], [ -80.238625694444451, 26.589195944444445 ], [ -80.237943305555561, 26.590261027777778 ], [ -80.236857722222226, 26.591008222222221 ], [ -80.235369, 26.5914375 ], [ -80.232531138888888, 26.591604527777776 ], [ -80.230425277777783, 26.591386777777778 ], [ -80.229442194444445, 26.590932166666665 ], [ -80.228031222222228, 26.589819444444444 ], [ -80.227590972222231, 26.58899125 ], [ -80.227113583333335, 26.587652777777777 ], [ -80.22691561111111, 26.584931333333333 ], [ -80.22721972222223, 26.583888527777777 ], [ -80.228662416666666, 26.5802165 ], [ -80.230759166666672, 26.577701666666666 ], [ -80.234118055555555, 26.574258416666666 ], [ -80.238159055555556, 26.56975 ], [ -80.226242222222226, 26.570451361111111 ] ] } },
{ "type": "Feature", "properties": { "style": "solid", "thickness": 1 }, "geometry": { "type": "LineString", "coordinates": [ [ -80.209815666666671, 26.592768611111111 ], [ -80.212279083333343, 26.590061777777777 ], [ -80.214376361111107, 26.587547194444443 ], [ -80.216107555555553, 26.585224916666665 ], [ -80.21714375, 26.5837975 ], [ -80.217966055555564, 26.582041027777777 ], [ -80.218220777777773, 26.580317888888889 ], [ -80.218298694444442, 26.578775944444445 ], [ -80.21807619444445, 26.575714305555554 ], [ -80.217422194444453, 26.574557 ], [ -80.216591388888887, 26.573580888888888 ], [ -80.215748222222231, 26.572434694444443 ], [ -80.211677027777782, 26.57130725 ], [ -80.209407111111119, 26.5714405 ], [ -80.207034444444446, 26.572775472222222 ], [ -80.206680805555564, 26.573137833333334 ], [ -80.205266222222221, 26.57458738888889 ], [ -80.20510175, 26.574938666666668 ], [ -80.204517861111114, 26.577364333333332 ], [ -80.20464125, 26.579065277777776 ], [ -80.205106, 26.580233722222221 ], [ -80.205558416666676, 26.581232083333333 ], [ -80.206401527777786, 26.582378333333335 ], [ -80.208001361111116, 26.583480166666664 ], [ -80.209564194444454, 26.58407172222222 ], [ -80.210522472222223, 26.584186305555555 ], [ -80.211846722222219, 26.584108555555556 ], [ -80.212780277777782, 26.583882944444444 ], [ -80.215897444444451, 26.582333361111111 ], [ -80.218233138888891, 26.580487972222222 ] ] } },
{ "type": "Feature", "properties": { "style": "solid", "thickness": 1 }, "geometry": { "type": "LineString", "coordinates": [ [ -80.408667388888901, 27.103529277777778 ], [ -80.40874355555556, 27.104549472222224 ], [ -80.40845244444445, 27.105762416666668 ], [ -80.407806722222233, 27.107338138888892 ], [ -80.407122888888892, 27.108403777777781 ], [ -80.406033666666673, 27.109152055555558 ], [ -80.404539027777787, 27.109582972222224 ], [ -80.401688972222232, 27.109753305555557 ], [ -80.399573583333336, 27.109538111111114 ], [ -80.398585527777783, 27.109084777777777 ], [ -80.397166750000011, 27.107973972222222 ], [ -80.396723333333341, 27.107146527777779 ], [ -80.396241916666668, 27.105808944444444 ], [ -80.396039055555562, 27.103088444444445 ], [ -80.396342972222229, 27.102045555555556 ], [ -80.397786611111115, 27.09837275 ], [ -80.399888861111123, 27.095856083333331 ], [ -80.403257416666676, 27.092409777777778 ], [ -80.407309500000011, 27.08789772222222 ], [ -80.395341527777788, 27.088612972222222 ] ] } },
{ "type": "Feature", "properties": { "style": "solid", "thickness": 1 }, "geometry": { "type": "LineString", "coordinates": [ [ -80.37603822222222, 27.111283722222225 ], [ -80.384778555555556, 27.11076275 ], [ -80.38637475, 27.101445 ], [ -80.384715472222226, 27.102227111111112 ], [ -80.383258833333329, 27.103167916666667 ], [ -80.379838944444444, 27.103371805555557 ], [ -80.378103666666661, 27.103133638888892 ], [ -80.376317833333331, 27.102215333333334 ], [ -80.374240861111105, 27.099948027777778 ], [ -80.373709138888884, 27.09793025 ], [ -80.373519472222213, 27.095379722222223 ], [ -80.374520277777776, 27.093441444444444 ], [ -80.375711027777768, 27.091491833333333 ], [ -80.376243, 27.090947777777778 ], [ -80.377319611111105, 27.090029666666666 ], [ -80.379194027777771, 27.089576388888887 ], [ -80.381283722222221, 27.089451805555555 ], [ -80.382828805555548, 27.08970125 ], [ -80.384779166666675, 27.090268083333331 ], [ -80.386590222222225, 27.091526361111111 ], [ -80.386818194444444, 27.092025138888889 ] ] } },
{ "type": "Feature", "properties": { "style": "solid", "thickness": 1 }, "geometry": { "type": "LineString", "coordinates": [ [ -80.198260555555564, 27.053510027777779 ], [ -80.198334861111121, 27.054530388888889 ], [ -80.198041666666668, 27.055742972222223 ], [ -80.197393333333338, 27.057317833333332 ], [ -80.196707833333335, 27.0583825 ], [ -80.195617694444451, 27.05912925 ], [ -80.194122888888899, 27.059558 ], [ -80.191273694444448, 27.059724194444446 ], [ -80.189159527777775, 27.059505916666666 ], [ -80.188172694444447, 27.059051111111113 ], [ -80.1867565, 27.057938222222223 ], [ -80.186314777777781, 27.057110055555555 ], [ -80.185835972222222, 27.055771722222222 ], [ -80.185638166666664, 27.053050805555557 ], [ -80.18594383333334, 27.052008305555557 ], [ -80.187393555555559, 27.048337416666669 ], [ -80.189499527777784, 27.045823722222224 ], [ -80.192873, 27.04238213888889 ], [ -80.196931611111111, 27.037875777777778 ], [ -80.184967194444454, 27.038573638888892 ] ] } },
{ "type": "Feature", "properties": { "style": "solid", "thickness": 1 }, "geometry": { "type": "LineString", "coordinates": [ [ -80.164478555555561, 27.047963694444444 ], [ -80.164848527777778, 27.053065527777779 ], [ -80.165628027777785, 27.055923416666669 ], [ -80.166106611111118, 27.057261805555555 ], [ -80.166750444444446, 27.05824902777778 ], [ -80.169177888888896, 27.060157194444447 ], [ -80.171519, 27.06087488888889 ], [ -80.172278805555564, 27.060830666666668 ], [ -80.174496472222231, 27.05984775 ], [ -80.176437694444445, 27.057685416666668 ], [ -80.177123361111114, 27.056620805555557 ], [ -80.177404444444448, 27.055238222222222 ], [ -80.17776425000001, 27.052314027777779 ], [ -80.17739372222222, 27.04721225 ], [ -80.176613972222228, 27.044354416666668 ], [ -80.176135333333335, 27.043016055555558 ], [ -80.175301583333336, 27.042039916666667 ], [ -80.173064333333343, 27.040120805555556 ], [ -80.170723611111114, 27.039403111111113 ], [ -80.169963944444447, 27.039447305555559 ], [ -80.1677466388889, 27.040430194444447 ], [ -80.165615638888895, 27.042603472222225 ], [ -80.165119861111123, 27.043656972222223 ], [ -80.164838666666668, 27.045039527777778 ], [ -80.164478555555561, 27.047963694444444 ] ] } },
{ "type": "Feature", "properties": { "style": "solid", "thickness": 1 }, "geometry": { "type": "LineString", "coordinates": [ [ -80.068992861111113, 27.043814166666667 ], [ -80.066143805555555, 27.04397791666667 ], [ -80.064632611111108, 27.022888694444443 ] ] } },
{ "type": "Feature", "properties": { "style": "solid", "thickness": 1 }, "geometry": { "type": "LineString", "coordinates": [ [ -80.056291333333334, 27.04488527777778 ], [ -80.041665833333326, 27.045723944444447 ], [ -80.050377583333329, 27.023536361111109 ] ] } },
{ "type": "Feature", "properties": { "style": "solid", "thickness": 1 }, "geometry": { "type": "LineString", "coordinates": [ [ -80.21778175, 25.984790416666666 ], [ -80.217855555555559, 25.985811083333335 ], [ -80.217565194444447, 25.987024083333335 ], [ -80.216923, 25.988599527777779 ], [ -80.216243888888897, 25.98966463888889 ], [ -80.21516375, 25.99041175 ], [ -80.213682527777777, 25.990840861111113 ], [ -80.210859166666665, 25.9910075 ], [ -80.208764111111108, 25.990789416666669 ], [ -80.207786138888892, 25.990334611111113 ], [ -80.206382583333337, 25.989221555555556 ], [ -80.205944722222227, 25.988393194444445 ], [ -80.205470027777778, 25.9870545 ], [ -80.205273555555564, 25.984332722222224 ], [ -80.205576305555553, 25.98328986111111 ], [ -80.207012277777778, 25.979617638888886 ], [ -80.209098777777783, 25.97710286111111 ], [ -80.212441111111119, 25.973659722222219 ], [ -80.216462277777779, 25.969151416666666 ], [ -80.204606222222225, 25.969851083333332 ] ] } },
{ "type": "Feature", "properties": { "style": "solid", "thickness": 1 }, "geometry": { "type": "LineString", "coordinates": [ [ -80.184304611111116, 25.979246916666664 ], [ -80.184672138888899, 25.984350305555555 ], [ -80.185445055555562, 25.987209 ], [ -80.185919527777784, 25.98854775 ], [ -80.186557722222233, 25.989535194444446 ], [ -80.188963527777787, 25.991443611111112 ], [ -80.191283555555557, 25.992161222222222 ], [ -80.192036472222227, 25.992116888888891 ], [ -80.194233888888888, 25.991133333333334 ], [ -80.196157166666666, 25.988970055555555 ], [ -80.196836444444443, 25.987905027777778 ], [ -80.197114722222224, 25.986521972222224 ], [ -80.197470805555554, 25.983596805555557 ], [ -80.19710275, 25.978493472222219 ], [ -80.196329583333338, 25.975634833333331 ], [ -80.195855055555555, 25.974296111111109 ], [ -80.195028666666673, 25.973319777777775 ], [ -80.192811333333339, 25.971400361111108 ], [ -80.190491694444447, 25.970682777777775 ], [ -80.18973891666667, 25.97072711111111 ], [ -80.187541833333341, 25.97171058333333 ], [ -80.18543050000001, 25.97388486111111 ], [ -80.184939388888893, 25.97493875 ], [ -80.184661, 25.976321805555553 ], [ -80.184304611111116, 25.979246916666664 ] ] } },
{ "type": "Feature", "properties": { "style": "solid", "thickness": 1 }, "geometry": { "type": "LineString", "coordinates": [ [ -80.20666725000001, 25.781568388888889 ], [ -80.206740805555555, 25.782589083333331 ], [ -80.206450861111108, 25.783802111111111 ], [ -80.205809611111107, 25.785377583333336 ], [ -80.205131555555553, 25.786442694444446 ], [ -80.204053166666668, 25.78718975 ], [ -80.202574444444451, 25.78761877777778 ], [ -80.199755861111115, 25.787785194444446 ], [ -80.197664388888896, 25.787566944444446 ], [ -80.196688111111115, 25.787112055555557 ], [ -80.195287027777781, 25.785998833333334 ], [ -80.19485, 25.78517041666667 ], [ -80.194376222222232, 25.783831638888891 ], [ -80.194180305555562, 25.78110975 ], [ -80.194482638888886, 25.780066861111109 ], [ -80.195916527777783, 25.776394611111112 ], [ -80.197999694444448, 25.773879861111109 ], [ -80.201336666666663, 25.770436861111111 ], [ -80.205351416666673, 25.765928666666667 ], [ -80.193515416666671, 25.7666275 ] ] } },
{ "type": "Feature", "properties": { "style": "solid", "thickness": 1 }, "geometry": { "type": "LineString", "coordinates": [ [ -80.173247444444456, 25.77602222222222 ], [ -80.173613888888895, 25.781125833333331 ], [ -80.17438525, 25.783984694444445 ], [ -80.174858805555559, 25.785323527777781 ], [ -80.175495833333343, 25.786311055555558 ], [ -80.177897361111121, 25.788219722222223 ], [ -80.180213388888887, 25.788937527777779 ], [ -80.180965027777788, 25.788893277777781 ], [ -80.183158805555564, 25.787909833333334 ], [ -80.185079, 25.785746611111112 ], [ -80.185757222222222, 25.784681583333334 ], [ -80.18603516666667, 25.783298472222221 ], [ -80.186390888888894, 25.78037322222222 ], [ -80.18602391666667, 25.775269666666667 ], [ -80.185252333333338, 25.772410861111108 ], [ -80.184778722222219, 25.771072027777777 ], [ -80.183953833333334, 25.77009561111111 ], [ -80.181740444444443, 25.76817597222222 ], [ -80.179424805555556, 25.767458194444444 ], [ -80.178673277777776, 25.767502444444442 ], [ -80.176479861111119, 25.768485833333333 ], [ -80.174371888888899, 25.77066 ], [ -80.17388152777778, 25.771713916666666 ], [ -80.173603472222226, 25.773097 ], [ -80.173247444444456, 25.77602222222222 ] ] } },
{ "type": "Feature", "properties": { "style": "solid", "thickness": 1 }, "geometry": { "type": "LineString", "coordinates": [ [ -80.101650444444445, 25.901080083333333 ], [ -80.098829027777768, 25.901244555555554 ], [ -80.097326361111101, 25.880149333333335 ] ] } },
{ "type": "Feature", "properties": { "style": "solid", "thickness": 1 }, "geometry": { "type": "LineString", "coordinates": [ [ -80.079267111111108, 25.902383333333333 ], [ -80.08171902777778, 25.899678333333334 ], [ -80.08380675, 25.897165305555554 ], [ -80.085530333333324, 25.89484425 ], [ -80.086562, 25.893417583333331 ], [ -80.087381388888886, 25.891661611111111 ], [ -80.0876365, 25.889938472222223 ], [ -80.087715666666668, 25.888396416666666 ], [ -80.087497805555557, 25.885334194444443 ], [ -80.086848888888881, 25.884176166666666 ], [ -80.086024, 25.883199222222224 ], [ -80.085187027777778, 25.882052138888888 ], [ -80.081140916666669, 25.880920916666668 ], [ -80.078884166666668, 25.881052194444443 ], [ -80.076523944444446, 25.882385222222222 ], [ -80.076171972222213, 25.882747333333334 ], [ -80.074764138888881, 25.884195805555557 ], [ -80.074600222222216, 25.884546972222221 ], [ -80.074017111111104, 25.886972444444442 ], [ -80.074137944444445, 25.888673694444442 ], [ -80.074598694444447, 25.889842694444443 ], [ -80.075047361111103, 25.890841583333334 ], [ -80.075884305555547, 25.891988722222223 ], [ -80.077473555555557, 25.893092138888889 ], [ -80.079026583333331, 25.893685138888888 ], [ -80.079979111111101, 25.893800583333334 ], [ -80.081295694444435, 25.893724 ], [ -80.082224, 25.893499166666665 ], [ -80.085324611111105, 25.89195213888889 ], [ -80.087648611111106, 25.89010861111111 ] ] } },
{ "type": "Feature", "properties": { "style": "solid", "thickness": 1 }, "geometry": { "type": "LineString", "coordinates": [ [ -80.485292722222226, 25.544174333333334 ], [ -80.48536852777778, 25.545194944444447 ], [ -80.485081944444445, 25.546408555555558 ], [ -80.48444558333334, 25.547985305555557 ], [ -80.48377136111111, 25.549051722222224 ], [ -80.482696833333335, 25.549800861111112 ], [ -80.481222, 25.550232694444446 ], [ -80.478409361111119, 25.550404472222223 ], [ -80.476321527777785, 25.550190222222223 ], [ -80.475346111111108, 25.54973713888889 ], [ -80.47394525, 25.548626555555558 ], [ -80.473507166666664, 25.547798944444445 ], [ -80.473031222222218, 25.546461027777781 ], [ -80.47282941666667, 25.543739416666668 ], [ -80.473128722222228, 25.54269591666667 ], [ -80.474551277777778, 25.539020805555559 ], [ -80.476624527777773, 25.536502027777779 ], [ -80.47994694444445, 25.533052555555553 ], [ -80.483943333333329, 25.528536583333331 ], [ -80.472132333333334, 25.529257916666666 ] ] } },
{ "type": "Feature", "properties": { "style": "solid", "thickness": 1 }, "geometry": { "type": "LineString", "coordinates": [ [ -80.460977611111119, 25.541386583333335 ], [ -80.455540166666665, 25.54171788888889 ], [ -80.452526333333338, 25.539167527777778 ], [ -80.452075861111112, 25.53816975 ], [ -80.451637944444442, 25.537342055555555 ], [ -80.451486944444454, 25.535300833333334 ], [ -80.452123666666665, 25.533724222222222 ], [ -80.453135305555563, 25.532124805555554 ], [ -80.45420986111111, 25.531375861111112 ], [ -80.454922027777783, 25.530819888888889 ], [ -80.45638411111112, 25.530218194444444 ], [ -80.45975875, 25.530012583333331 ], [ -80.461296388888897, 25.530431472222222 ], [ -80.46248425, 25.531213388888887 ], [ -80.46350986111112, 25.532346972222221 ], [ -80.464173111111108, 25.533673472222223 ], [ -80.464448805555563, 25.534852777777779 ], [ -80.464574805555557, 25.53655377777778 ], [ -80.464450305555559, 25.537415722222224 ], [ -80.463963444444445, 25.538470638888892 ], [ -80.463251277777786, 25.539026666666668 ], [ -80.460977611111119, 25.541386583333335 ], [ -80.462765888888896, 25.542644527777778 ], [ -80.46380419444445, 25.543948194444447 ], [ -80.464242194444452, 25.544775833333336 ], [ -80.464443833333334, 25.547497472222222 ], [ -80.4636575, 25.549595861111111 ], [ -80.463132777777787, 25.550140444444445 ], [ -80.461495583333331, 25.550923722222223 ], [ -80.460408277777788, 25.551502611111111 ], [ -80.457970611111108, 25.551651138888889 ], [ -80.456245222222222, 25.551243638888888 ], [ -80.453669083333338, 25.549520972222226 ], [ -80.453231138888896, 25.548693305555556 ], [ -80.453004583333339, 25.545631444444446 ], [ -80.453441222222224, 25.54389616666667 ], [ -80.45361613888889, 25.54371463888889 ], [ -80.454503305555562, 25.54297713888889 ], [ -80.455540166666665, 25.54171788888889 ] ] } },
{ "type": "Feature", "properties": { "style": "solid", "thickness": 1 }, "geometry": { "type": "LineString", "coordinates": [ [ -80.92347797222223, 25.934202138888889 ], [ -80.920657055555566, 25.934382472222222 ], [ -80.919008888888897, 25.913296722222221 ] ] } },
{ "type": "Feature", "properties": { "style": "solid", "thickness": 1 }, "geometry": { "type": "LineString", "coordinates": [ [ -80.898290555555562, 25.935981222222221 ], [ -80.906941638888895, 25.935429361111112 ], [ -80.908481472222235, 25.92610275 ], [ -80.906842111111118, 25.926890972222225 ], [ -80.905404055555564, 25.927837222222223 ], [ -80.902019083333343, 25.928053194444445 ], [ -80.900300055555562, 25.927821055555558 ], [ -80.898527972222226, 25.926908722222223 ], [ -80.896461833333333, 25.924647944444445 ], [ -80.895926638888895, 25.922631333333335 ], [ -80.895727777777779, 25.920080611111111 ], [ -80.896710194444452, 25.918138138888889 ], [ -80.89788061111112, 25.916183666666665 ], [ -80.898404944444451, 25.915637527777776 ], [ -80.899466861111122, 25.914715333333334 ], [ -80.901320666666678, 25.914255305555553 ], [ -80.903389027777777, 25.914123333333333 ], [ -80.904919833333338, 25.914367444444444 ], [ -80.906853250000012, 25.914927611111111 ], [ -80.908651722222231, 25.916179972222221 ], [ -80.908879583333345, 25.916678111111111 ] ] } },
{ "type": "Feature", "properties": { "style": "solid", "thickness": 1 }, "geometry": { "type": "LineString", "coordinates": [ [ -80.18311011111112, 27.016223583333332 ], [ -80.178297222222227, 27.025552777777776 ], [ -80.172077777777787, 27.016916388888887 ] ] } },
{ "type": "Feature", "properties": { "style": "solid", "thickness": 1 }, "geometry": { "type": "LineString", "coordinates": [ [ -80.15264641666667, 26.126757333333334 ], [ -80.149819722222233, 26.12692275 ], [ -80.14830527777778, 26.105829083333333 ] ] } },
{ "type": "Feature", "properties": { "style": "solid", "thickness": 1 }, "geometry": { "type": "LineString", "coordinates": [ [ -80.140044888888895, 26.127836055555555 ], [ -80.125534277777774, 26.128683416666668 ], [ -80.134162055555564, 26.106485138888889 ] ] } }
]
}
