{
"type": "FeatureCollection",
"name": "tpa105semergp",
"features": [
{ "type": "Feature", "properties": { "style": "solid", "thickness": 1 }, "geometry": { "type": "LineString", "coordinates": [ [ -82.532688888888885, 27.837397222222222 ], [ -82.509747222222217, 27.861294444444447 ] ] } },
{ "type": "Feature", "properties": { "style": "solid", "thickness": 1 }, "geometry": { "type": "LineString", "coordinates": [ [ -82.542355361111106, 27.963294333333334 ], [ -82.541327805555554, 27.993539527777777 ] ] } },
{ "type": "Feature", "properties": { "style": "solid", "thickness": 1 }, "geometry": { "type": "LineString", "coordinates": [ [ -82.52899130555555, 27.96431025 ], [ -82.528214972222216, 27.987127972222222 ] ] } },
{ "type": "Feature", "properties": { "style": "solid", "thickness": 1 }, "geometry": { "type": "LineString", "coordinates": [ [ -82.536084083333336, 27.970831027777777 ], [ -82.51441058333333, 27.970247277777776 ] ] } },
{ "type": "Feature", "properties": { "style": "solid", "thickness": 1 }, "geometry": { "type": "LineString", "coordinates": [ [ -82.45406825, 27.910891333333332 ], [ -82.447398777777778, 27.918766944444446 ] ] } },
{ "type": "Feature", "properties": { "style": "solid", "thickness": 1 }, "geometry": { "type": "LineString", "coordinates": [ [ -82.448119, 27.91995975 ], [ -82.44710925, 27.912624555555553 ] ] } },
{ "type": "Feature", "properties": { "style": "solid", "thickness": 1 }, "geometry": { "type": "LineString", "coordinates": [ [ -82.690705027777781, 27.923414916666669 ], [ -82.686153277777777, 27.896959333333331 ] ] } },
{ "type": "Feature", "properties": { "style": "solid", "thickness": 1 }, "geometry": { "type": "LineString", "coordinates": [ [ -82.020384222222219, 27.9834415 ], [ -82.009446305555556, 27.993200388888891 ] ] } },
{ "type": "Feature", "properties": { "style": "solid", "thickness": 1 }, "geometry": { "type": "LineString", "coordinates": [ [ -82.033868416666664, 27.989237222222222 ], [ -82.007533111111115, 27.989293472222222 ] ] } },
{ "type": "Feature", "properties": { "style": "solid", "thickness": 1 }, "geometry": { "type": "LineString", "coordinates": [ [ -82.633628027777789, 27.763175583333332 ], [ -82.62357872222222, 27.767908138888888 ] ] } },
{ "type": "Feature", "properties": { "style": "solid", "thickness": 1 }, "geometry": { "type": "LineString", "coordinates": [ [ -82.557647916666667, 27.389985416666665 ], [ -82.548126583333328, 27.400820638888888 ] ] } },
{ "type": "Feature", "properties": { "style": "solid", "thickness": 1 }, "geometry": { "type": "LineString", "coordinates": [ [ -82.56564341666666, 27.404622138888886 ], [ -82.544719472222226, 27.386345 ] ] } },
{ "type": "Feature", "properties": { "style": "solid", "thickness": 1 }, "geometry": { "type": "LineString", "coordinates": [ [ -82.495722222222227, 28.335277777777776 ], [ -82.495791666666662, 28.32533611111111 ] ] } },
{ "type": "Feature", "properties": { "style": "solid", "thickness": 1 }, "geometry": { "type": "LineString", "coordinates": [ [ -81.430864194444453, 28.294120222222222 ], [ -81.444049638888899, 28.286844694444447 ] ] } },
{ "type": "Feature", "properties": { "style": "solid", "thickness": 1 }, "geometry": { "type": "LineString", "coordinates": [ [ -81.431839805555555, 28.28223938888889 ], [ -81.441698472222228, 28.296248305555558 ] ] } },
{ "type": "Feature", "properties": { "style": "solid", "thickness": 1 }, "geometry": { "type": "LineString", "coordinates": [ [ -81.585237, 28.712136 ], [ -81.578692, 28.702812833333333 ] ] } },
{ "type": "Feature", "properties": { "style": "solid", "thickness": 1 }, "geometry": { "type": "LineString", "coordinates": [ [ -82.382047222222212, 29.059163888888889 ], [ -82.370932777777767, 29.0688455 ] ] } },
{ "type": "Feature", "properties": { "style": "solid", "thickness": 1 }, "geometry": { "type": "LineString", "coordinates": [ [ -82.38411413888889, 29.059414722222222 ], [ -82.369397666666657, 29.059360027777778 ] ] } },
{ "type": "Feature", "properties": { "style": "solid", "thickness": 1 }, "geometry": { "type": "LineString", "coordinates": [ [ -81.816812138888892, 28.829351972222224 ], [ -81.801699388888892, 28.818262027777777 ] ] } },
{ "type": "Feature", "properties": { "style": "solid", "thickness": 1 }, "geometry": { "type": "LineString", "coordinates": [ [ -81.811790138888881, 28.816157638888889 ], [ -81.802913444444442, 28.82732563888889 ] ] } },
{ "type": "Feature", "properties": { "style": "solid", "thickness": 1 }, "geometry": { "type": "LineString", "coordinates": [ [ -82.578426638888885, 28.867303916666668 ], [ -82.564197944444444, 28.867192416666668 ] ] } },
{ "type": "Feature", "properties": { "style": "solid", "thickness": 1 }, "geometry": { "type": "LineString", "coordinates": [ [ -82.319126, 28.796776694444446 ], [ -82.31745597222222, 28.810449194444445 ] ] } },
{ "type": "Feature", "properties": { "style": "solid", "thickness": 1 }, "geometry": { "type": "LineString", "coordinates": [ [ -82.452849972222225, 28.464130666666666 ], [ -82.445990027777782, 28.476517583333333 ] ] } },
{ "type": "Feature", "properties": { "style": "solid", "thickness": 1 }, "geometry": { "type": "LineString", "coordinates": [ [ -82.470612166666669, 28.475908527777776 ], [ -82.448822166666673, 28.475973861111111 ] ] } },
{ "type": "Feature", "properties": { "style": "solid", "thickness": 1 }, "geometry": { "type": "LineString", "coordinates": [ [ -82.378052777777768, 28.225030555555556 ], [ -82.371041666666656, 28.217527777777775 ] ] } },
{ "type": "Feature", "properties": { "style": "solid", "thickness": 1 }, "geometry": { "type": "LineString", "coordinates": [ [ -82.163765166666678, 28.224152972222221 ], [ -82.15323577777778, 28.2342605 ] ] } },
{ "type": "Feature", "properties": { "style": "solid", "thickness": 1 }, "geometry": { "type": "LineString", "coordinates": [ [ -82.347702111111104, 28.012122083333335 ], [ -82.33725166666666, 28.022274722222221 ] ] } },
{ "type": "Feature", "properties": { "style": "solid", "thickness": 1 }, "geometry": { "type": "LineString", "coordinates": [ [ -82.349563277777776, 28.013427 ], [ -82.349595555555553, 28.004573083333334 ] ] } },
{ "type": "Feature", "properties": { "style": "solid", "thickness": 1 }, "geometry": { "type": "LineString", "coordinates": [ [ -82.169417444444449, 28.000553472222222 ], [ -82.157210166666673, 27.9997565 ] ] } },
{ "type": "Feature", "properties": { "style": "solid", "thickness": 1 }, "geometry": { "type": "LineString", "coordinates": [ [ -82.761827777777782, 27.9823 ], [ -82.756286111111109, 27.972127777777775 ] ] } },
{ "type": "Feature", "properties": { "style": "solid", "thickness": 1 }, "geometry": { "type": "LineString", "coordinates": [ [ -81.880469638888883, 27.520413722222223 ], [ -81.880455722222209, 27.509398638888889 ] ] } },
{ "type": "Feature", "properties": { "style": "solid", "thickness": 1 }, "geometry": { "type": "LineString", "coordinates": [ [ -82.44463997222222, 27.067117833333334 ], [ -82.433735194444452, 27.07680675 ] ] } },
{ "type": "Feature", "properties": { "style": "solid", "thickness": 1 }, "geometry": { "type": "LineString", "coordinates": [ [ -82.259538888888883, 26.848319444444442 ], [ -82.245666666666665, 26.85916388888889 ] ] } },
{ "type": "Feature", "properties": { "style": "solid", "thickness": 1 }, "geometry": { "type": "LineString", "coordinates": [ [ -81.992145833333339, 26.910181111111111 ], [ -81.981387194444451, 26.927457861111112 ] ] } },
{ "type": "Feature", "properties": { "style": "solid", "thickness": 1 }, "geometry": { "type": "LineString", "coordinates": [ [ -81.998157972222216, 26.92350875 ], [ -81.990069055555551, 26.923613277777779 ] ] } },
{ "type": "Feature", "properties": { "style": "solid", "thickness": 1 }, "geometry": { "type": "LineString", "coordinates": [ [ -81.8417376111111, 27.192504222222222 ], [ -81.832719, 27.198713 ] ] } },
{ "type": "Feature", "properties": { "style": "solid", "thickness": 1 }, "geometry": { "type": "LineString", "coordinates": [ [ -81.343028916666668, 27.448239222222224 ], [ -81.343082583333327, 27.462636638888888 ] ] } },
{ "type": "Feature", "properties": { "style": "solid", "thickness": 1 }, "geometry": { "type": "LineString", "coordinates": [ [ -81.3471578611111, 27.462226444444443 ], [ -81.33624625, 27.452550583333334 ] ] } },
{ "type": "Feature", "properties": { "style": "solid", "thickness": 1 }, "geometry": { "type": "LineString", "coordinates": [ [ -81.351061111111107, 27.640811111111109 ], [ -81.332069472222216, 27.654889166666667 ] ] } },
{ "type": "Feature", "properties": { "style": "solid", "thickness": 1 }, "geometry": { "type": "LineString", "coordinates": [ [ -81.534493833333329, 27.593561277777777 ], [ -81.52262725, 27.593530972222222 ] ] } },
{ "type": "Feature", "properties": { "style": "solid", "thickness": 1 }, "geometry": { "type": "LineString", "coordinates": [ [ -81.535138527777775, 27.584481916666665 ], [ -81.523376333333331, 27.594904388888889 ] ] } },
{ "type": "Feature", "properties": { "style": "solid", "thickness": 1 }, "geometry": { "type": "LineString", "coordinates": [ [ -81.621997638888885, 27.899744222222221 ], [ -81.619410527777774, 27.889380444444445 ] ] } },
{ "type": "Feature", "properties": { "style": "solid", "thickness": 1 }, "geometry": { "type": "LineString", "coordinates": [ [ -81.760513472222229, 28.063582222222223 ], [ -81.748434333333336, 28.061077805555556 ] ] } },
{ "type": "Feature", "properties": { "style": "solid", "thickness": 1 }, "geometry": { "type": "LineString", "coordinates": [ [ -81.757875, 28.058525 ], [ -81.746901055555554, 28.06825975 ] ] } },
{ "type": "Feature", "properties": { "style": "solid", "thickness": 1 }, "geometry": { "type": "LineString", "coordinates": [ [ -81.789396361111116, 27.938147444444446 ], [ -81.778241972222219, 27.947685388888889 ] ] } },
{ "type": "Feature", "properties": { "style": "solid", "thickness": 1 }, "geometry": { "type": "LineString", "coordinates": [ [ -81.790611111111104, 27.9445515 ], [ -81.775144361111117, 27.945251472222221 ] ] } },
{ "type": "Feature", "properties": { "style": "solid", "thickness": 1 }, "geometry": { "type": "LineString", "coordinates": [ [ -81.790416111111114, 27.941805444444444 ], [ -81.77680775, 27.942423472222224 ] ] } },
{ "type": "Feature", "properties": { "style": "solid", "thickness": 1 }, "geometry": { "type": "LineString", "coordinates": [ [ -82.644529138888899, 28.279946111111109 ], [ -82.636768388888896, 28.286239333333334 ] ] } },
{ "type": "Feature", "properties": { "style": "solid", "thickness": 1 }, "geometry": { "type": "LineString", "coordinates": [ [ -82.371000944444432, 28.611387194444447 ], [ -82.36437422222221, 28.611456666666669 ] ] } },
{ "type": "Feature", "properties": { "style": "solid", "thickness": 1 }, "geometry": { "type": "LineString", "coordinates": [ [ -81.941120972222222, 28.804001444444445 ], [ -81.925335388888897, 28.798505111111112 ] ] } },
{ "type": "Feature", "properties": { "style": "solid", "thickness": 1 }, "geometry": { "type": "LineString", "coordinates": [ [ -81.740287361111115, 26.545839888888892 ], [ -81.77001925, 26.52648522222222 ] ] } },
{ "type": "Feature", "properties": { "style": "solid", "thickness": 1 }, "geometry": { "type": "LineString", "coordinates": [ [ -81.856559444444443, 26.5918325 ], [ -81.871094444444438, 26.580008222222222 ] ] } },
{ "type": "Feature", "properties": { "style": "solid", "thickness": 1 }, "geometry": { "type": "LineString", "coordinates": [ [ -81.856776, 26.583137444444443 ], [ -81.868205, 26.5919075 ] ] } },
{ "type": "Feature", "properties": { "style": "solid", "thickness": 1 }, "geometry": { "type": "LineString", "coordinates": [ [ -82.789499777777777, 27.808981583333335 ], [ -82.79090425, 27.808157222222224 ], [ -82.792308722222216, 27.807332833333334 ], [ -82.794310861111114, 27.807784916666666 ], [ -82.795267083333329, 27.80946025 ], [ -82.795147555555559, 27.81017825 ], [ -82.794071805555561, 27.8106835 ], [ -82.795267083333329, 27.812013111111114 ], [ -82.7959245, 27.812013111111114 ], [ -82.797030166666659, 27.812252416666666 ], [ -82.797956527777771, 27.813608583333334 ], [ -82.798703583333335, 27.813582 ], [ -82.799450638888885, 27.813901111111111 ], [ -82.799689694444439, 27.814193611111111 ], [ -82.799779361111106, 27.81456588888889 ], [ -82.797538166666669, 27.816161333333334 ], [ -82.79688075, 27.817730194444444 ], [ -82.797538166666669, 27.818288583333334 ], [ -82.798957583333333, 27.81759725 ], [ -82.800377, 27.81690588888889 ], [ -82.801542416666663, 27.816639972222223 ], [ -82.801542416666663, 27.816639972222223 ], [ -82.802379111111108, 27.818208805555557 ], [ -82.803066416666667, 27.819431972222223 ], [ -82.804052555555558, 27.820336027777778 ], [ -82.805785722222225, 27.821532555555557 ], [ -82.806084555555557, 27.821984583333332 ], [ -82.8050835, 27.823300722222221 ], [ -82.80408241666666, 27.82461688888889 ], [ -82.803454888888879, 27.825707027777778 ], [ -82.80459041666667, 27.825760194444445 ], [ -82.805546666666658, 27.825972888888888 ], [ -82.806682194444448, 27.826398305555557 ], [ -82.807220083333334, 27.82698325 ], [ -82.808534916666659, 27.828684888888887 ], [ -82.809969277777782, 27.830173777777777 ] ] } },
{ "type": "Feature", "properties": { "style": "solid", "thickness": 1 }, "geometry": { "type": "LineString", "coordinates": [ [ -82.830392277777776, 27.976906944444444 ], [ -82.830324, 27.97765036111111 ], [ -82.82993125, 27.980275055555555 ], [ -82.829675111111101, 27.982596277777777 ], [ -82.829589722222224, 27.984310611111113 ], [ -82.829128694444435, 27.985842861111113 ], [ -82.82895794444444, 27.989271361111111 ], [ -82.828906694444441, 27.99336725 ], [ -82.828753027777779, 27.997887694444444 ], [ -82.828737722222215, 28.000537444444443 ], [ -82.828669416666656, 28.003207083333333 ], [ -82.828686499999989, 28.006028333333333 ], [ -82.828396194444437, 28.009987055555555 ], [ -82.827747333333335, 28.015371305555554 ], [ -82.82754241666666, 28.01737325 ], [ -82.827081388888885, 28.019966638888889 ], [ -82.826808166666666, 28.020573277777778 ], [ -82.8264325, 28.021832027777776 ], [ -82.826142222222217, 28.023030083333332 ], [ -82.826142222222217, 28.023727694444442 ], [ -82.825595777777778, 28.024956083333333 ], [ -82.82551041666666, 28.026078305555554 ], [ -82.82486152777777, 28.02686686111111 ], [ -82.82452002777778, 28.027898083333334 ], [ -82.823136888888882, 28.031416222222223 ], [ -82.822402638888889, 28.033842472222222 ], [ -82.821514694444446, 28.03758788888889 ], [ -82.820353555555556, 28.044911527777778 ], [ -82.820182777777774, 28.047428416666669 ], [ -82.820046194444444, 28.050278833333333 ], [ -82.819772972222225, 28.0507185 ], [ -82.81944852777778, 28.050900444444444 ], [ -82.819141166666668, 28.050885277777777 ], [ -82.818731361111105, 28.050824638888891 ], [ -82.818167861111107, 28.051067222222223 ], [ -82.81746775, 28.05155238888889 ], [ -82.816135861111107, 28.051901083333334 ], [ -82.816033388888883, 28.051582722222221 ], [ -82.816938416666659, 28.050384944444446 ], [ -82.817194555555545, 28.049914944444446 ], [ -82.817075, 28.049505583333335 ], [ -82.816801805555556, 28.048793 ], [ -82.816972555555552, 28.04818652777778 ], [ -82.817365305555555, 28.047079694444445 ], [ -82.817450666666659, 28.046109333333334 ], [ -82.817365305555555, 28.045699944444447 ], [ -82.817450666666659, 28.04542702777778 ], [ -82.8178605, 28.045063138888892 ], [ -82.818714277777772, 28.044577944444445 ], [ -82.818718638888882, 28.044168083333336 ], [ -82.818957472222223, 28.0437895 ], [ -82.81888263888888, 28.043414944444446 ], [ -82.818697194444439, 28.043061694444447 ], [ -82.818441083333326, 28.042819111111111 ], [ -82.81840691666666, 28.042500694444445 ], [ -82.818970416666659, 28.042409722222224 ], [ -82.81915825, 28.042136777777781 ], [ -82.819089944444443, 28.041681888888892 ], [ -82.817177472222212, 28.038088277777778 ], [ -82.816656388888887, 28.037314944444446 ], [ -82.81634691666666, 28.037086166666668 ], [ -82.815213805555558, 28.037045388888892 ], [ -82.815148944444445, 28.036787083333333 ], [ -82.81567480555556, 28.036587111111114 ], [ -82.815623583333334, 28.035844083333334 ], [ -82.815367444444448, 28.034054777777779 ], [ -82.814838083333328, 28.032447388888887 ], [ -82.814001388888883, 28.032492888888889 ], [ -82.813694027777771, 28.031871166666665 ], [ -82.813625722222213, 28.030369888888888 ], [ -82.81364280555556, 28.029399361111111 ], [ -82.814127722222224, 28.027806972222223 ], [ -82.814436944444438, 28.02751175 ], [ -82.8153075, 28.02724075 ], [ -82.815909444444443, 28.027199583333331 ], [ -82.816101694444441, 28.026957861111111 ], [ -82.815634444444441, 28.0265865 ], [ -82.814718555555558, 28.026017638888888 ], [ -82.8147015, 28.025213888888889 ], [ -82.814974694444444, 28.024940916666665 ], [ -82.815333277777782, 28.024213 ], [ -82.815811416666662, 28.023454722222223 ], [ -82.816716416666665, 28.022863277777777 ], [ -82.816870111111101, 28.022453805555553 ], [ -82.816989638888884, 28.021270888888889 ], [ -82.816631055555547, 28.019557166666665 ], [ -82.816613972222214, 28.019102194444443 ], [ -82.81704086111111, 28.018328722222222 ], [ -82.817928805555553, 28.017342916666667 ], [ -82.818116638888881, 28.01699411111111 ], [ -82.817871944444434, 28.01627575 ], [ -82.817006722222217, 28.015598805555555 ], [ -82.816835944444435, 28.014521972222223 ], [ -82.816528583333337, 28.013930472222221 ], [ -82.816409055555553, 28.012792972222222 ], [ -82.81599925, 28.012004277777777 ], [ -82.816050472222216, 28.011670611111111 ], [ -82.817723888888878, 28.011200444444444 ], [ -82.817886111111108, 28.011936027777779 ], [ -82.818364222222215, 28.012224194444446 ], [ -82.818756972222218, 28.01278538888889 ], [ -82.819132638888888, 28.013043222222223 ], [ -82.819918111111107, 28.015181722222223 ], [ -82.82039625, 28.015667055555557 ], [ -82.821062194444437, 28.015439555555556 ], [ -82.82154075, 28.014382694444443 ], [ -82.821455138888879, 28.014221027777779 ], [ -82.821054916666668, 28.014112916666665 ], [ -82.820628083333332, 28.014085333333334 ], [ -82.820360861111112, 28.01389525 ], [ -82.820123027777768, 28.013270722222224 ], [ -82.819826388888885, 28.012838444444444 ], [ -82.819801472222224, 28.012596222222221 ], [ -82.82199133333333, 28.011393666666667 ], [ -82.822092444444436, 28.0112255 ], [ -82.822015111111114, 28.010908416666666 ], [ -82.82136075, 28.01063513888889 ], [ -82.82095425, 28.010199888888888 ], [ -82.820498694444439, 28.010009805555555 ], [ -82.820635305555555, 28.009782305555557 ], [ -82.820866944444447, 28.009682027777778 ], [ -82.8212985, 28.009752527777778 ], [ -82.821595333333335, 28.009948666666666 ], [ -82.821710083333329, 28.010153611111111 ], [ -82.822375, 28.010966194444446 ], [ -82.822320138888884, 28.0117 ], [ -82.822539638888884, 28.011926972222223 ], [ -82.823316194444445, 28.01210286111111 ], [ -82.823708916666661, 28.012360694444446 ], [ -82.823965055555547, 28.01305838888889 ], [ -82.824050444444438, 28.014484055555556 ], [ -82.82386261111111, 28.015803527777777 ], [ -82.823828444444445, 28.017487 ], [ -82.824374888888883, 28.018442472222223 ], [ -82.825228666666661, 28.019124944444442 ], [ -82.82558725, 28.019033944444445 ], [ -82.825177444444435, 28.018503138888889 ], [ -82.824938388888881, 28.017699333333333 ], [ -82.825177444444435, 28.016561861111111 ], [ -82.825672638888889, 28.015227222222222 ], [ -82.825706777777768, 28.014453722222221 ], [ -82.825877527777777, 28.01292188888889 ], [ -82.826355666666657, 28.012087694444446 ], [ -82.826867916666657, 28.011086666666667 ], [ -82.826957055555553, 28.010246277777778 ], [ -82.826986944444442, 28.008043222222224 ], [ -82.82606058333333, 28.005840111111112 ], [ -82.825283638888891, 28.004300583333332 ], [ -82.823879166666657, 28.002442472222221 ], [ -82.82274363888888, 28.002150472222223 ], [ -82.822803388888886, 28.000584333333332 ], [ -82.822803388888886, 27.997823611111112 ], [ -82.823318083333334, 27.995591611111113 ], [ -82.824018166666662, 27.991723388888889 ], [ -82.824274305555548, 27.989265833333334 ], [ -82.824052333333327, 27.988173583333335 ], [ -82.824188944444444, 27.987460555555558 ], [ -82.824684138888884, 27.987475722222221 ], [ -82.825230555555549, 27.987248166666667 ], [ -82.825128083333325, 27.986929611111112 ], [ -82.823984027777769, 27.986929611111112 ], [ -82.823796194444441, 27.985913166666666 ], [ -82.823540055555554, 27.984198861111111 ], [ -82.825486694444436, 27.984502277777779 ], [ -82.825657444444445, 27.984214027777778 ], [ -82.826391694444439, 27.984016805555555 ], [ -82.826528305555556, 27.983728555555558 ], [ -82.824667055555551, 27.983516166666668 ], [ -82.824752416666669, 27.982985194444442 ], [ -82.824966666666668, 27.981388416666665 ], [ -82.825624083333324, 27.978494444444443 ], [ -82.824727611111101, 27.97830858333333 ], [ -82.824428805555556, 27.977591722222222 ], [ -82.823861027777781, 27.974325944444441 ], [ -82.822794583333334, 27.97418986111111 ], [ -82.822047527777769, 27.971481555555552 ], [ -82.822585416666669, 27.970207055555555 ], [ -82.820583277777772, 27.969968083333331 ], [ -82.819627055555557, 27.970446027777776 ], [ -82.819567277777779, 27.969729083333331 ], [ -82.820105166666664, 27.969144944444444 ], [ -82.821509638888884, 27.969065277777776 ], [ -82.822465888888885, 27.969198027777775 ], [ -82.824169194444437, 27.96991497222222 ], [ -82.825812722222224, 27.969729083333331 ], [ -82.827516027777776, 27.969994611111108 ], [ -82.827665444444435, 27.968985611111108 ], [ -82.825155305555555, 27.96805625 ], [ -82.82303366666666, 27.967392444444442 ], [ -82.821240694444441, 27.96741897222222 ], [ -82.818132916666656, 27.967684527777777 ], [ -82.818043277777775, 27.967126888888888 ], [ -82.817714583333327, 27.966144416666666 ], [ -82.819746583333327, 27.965135388888889 ], [ -82.820224694444434, 27.96439186111111 ], [ -82.82001552777777, 27.963382805555554 ], [ -82.821001638888887, 27.963568694444444 ], [ -82.821987777777778, 27.964232555555554 ], [ -82.822734833333328, 27.96439186111111 ], [ -82.823691055555557, 27.965639888888887 ], [ -82.824468, 27.965454027777778 ], [ -82.82569319444444, 27.965719555555555 ], [ -82.827486138888887, 27.966781694444443 ], [ -82.829219333333327, 27.967870388888887 ], [ -82.830534166666666, 27.96909183333333 ], [ -82.831849, 27.971003611111108 ], [ -82.8309525, 27.971667416666666 ], [ -82.8304445, 27.974455361111108 ], [ -82.830392277777776, 27.976906944444444 ] ] } },
{ "type": "Feature", "properties": { "style": "solid", "thickness": 1 }, "geometry": { "type": "LineString", "coordinates": [ [ -82.80678155555556, 27.967271361111109 ], [ -82.808156166666663, 27.968227277777775 ], [ -82.809620388888888, 27.96906372222222 ], [ -82.811084638888886, 27.969900111111109 ], [ -82.813325833333337, 27.971572916666666 ], [ -82.815253222222225, 27.972953638888889 ], [ -82.817180666666658, 27.974334333333331 ], [ -82.817569138888885, 27.974945 ], [ -82.816822083333335, 27.975608777777776 ], [ -82.815835972222217, 27.974785694444442 ], [ -82.814018222222217, 27.974953861111111 ], [ -82.813380888888886, 27.974166888888888 ], [ -82.813066583333324, 27.973765694444442 ], [ -82.811107111111113, 27.973190638888887 ], [ -82.810522166666658, 27.973406694444442 ], [ -82.810337583333336, 27.974201555555553 ], [ -82.810233, 27.975834472222221 ], [ -82.810128416666657, 27.97746736111111 ], [ -82.810218055555552, 27.979724166666664 ], [ -82.810755944444438, 27.9817685 ], [ -82.812519, 27.981609194444442 ], [ -82.812847722222216, 27.982989777777775 ], [ -82.813385583333329, 27.984821666666669 ], [ -82.813923472222214, 27.986175666666668 ], [ -82.814252194444435, 27.98649425 ], [ -82.815567027777774, 27.987662388888889 ], [ -82.815895722222223, 27.989016305555555 ], [ -82.816224444444444, 27.99037025 ], [ -82.816597944444439, 27.992401111111111 ], [ -82.8169715, 27.994431972222223 ], [ -82.817599027777774, 27.996077833333334 ], [ -82.818465611111108, 27.997060027777778 ], [ -82.819780444444447, 27.996953861111113 ], [ -82.820915972222224, 27.997006944444447 ], [ -82.820826333333329, 27.99639638888889 ], [ -82.82079644444444, 27.994750527777779 ], [ -82.82115505555555, 27.993025 ], [ -82.822051527777774, 27.991325972222224 ], [ -82.82244, 27.989759666666668 ], [ -82.821633166666658, 27.988591555555555 ], [ -82.820676916666656, 27.986998666666668 ], [ -82.820109166666668, 27.985219916666669 ], [ -82.819631027777774, 27.983733166666667 ], [ -82.819810333333336, 27.982246388888885 ], [ -82.82046775, 27.98049411111111 ], [ -82.820706805555545, 27.979538305555554 ], [ -82.821065388888883, 27.979140055555554 ], [ -82.8210355, 27.978662138888886 ], [ -82.820348222222222, 27.978051472222219 ], [ -82.819750555555558, 27.977493916666663 ], [ -82.819989638888885, 27.977042555555553 ], [ -82.818794333333329, 27.976192916666665 ], [ -82.818226555555555, 27.976591194444442 ], [ -82.81750938888888, 27.975874305555553 ], [ -82.818256444444444, 27.97507775 ], [ -82.819541388888879, 27.976060166666667 ], [ -82.820826333333329, 27.977042555555553 ], [ -82.82208138888889, 27.977600111111109 ], [ -82.823456, 27.978024916666666 ], [ -82.823336472222223, 27.977042555555553 ], [ -82.822858333333329, 27.977175305555555 ], [ -82.820587277777776, 27.976060166666667 ], [ -82.81915288888888, 27.975011388888888 ], [ -82.817718555555558, 27.973962611111109 ], [ -82.81550725, 27.972289833333331 ], [ -82.814371722222219, 27.971400333333332 ], [ -82.813236194444443, 27.970510833333332 ], [ -82.811771944444445, 27.969183194444444 ], [ -82.810905361111111, 27.968413166666664 ], [ -82.809799694444436, 27.968067972222222 ], [ -82.807379222222224, 27.966766861111111 ], [ -82.80678155555556, 27.967271361111109 ] ] } },
{ "type": "Feature", "properties": { "style": "solid", "thickness": 1 }, "geometry": { "type": "LineString", "coordinates": [ [ -82.828325361111112, 28.060029722222222 ], [ -82.828991305555547, 28.060620972222225 ], [ -82.829981694444442, 28.061197055555557 ], [ -82.831023333333334, 28.062425 ], [ -82.832457694444443, 28.0638955 ], [ -82.833533444444441, 28.065714611111112 ], [ -82.833226083333329, 28.065881361111114 ], [ -82.832508916666669, 28.066624166666667 ], [ -82.833482222222216, 28.067594361111112 ], [ -82.833977416666656, 28.067412444444443 ], [ -82.834421388888885, 28.068625166666667 ], [ -82.834933666666657, 28.069853027777778 ], [ -82.835087333333334, 28.070868666666666 ], [ -82.836009444444443, 28.074339916666666 ], [ -82.836538777777776, 28.078099055555555 ], [ -82.836316805555555, 28.078341583333334 ], [ -82.8362485, 28.07906913888889 ], [ -82.836709527777771, 28.080797083333334 ], [ -82.83648755555555, 28.081221472222222 ], [ -82.836470472222217, 28.081691333333332 ], [ -82.83676075, 28.082676555555555 ], [ -82.836812, 28.083889083333332 ], [ -82.836163111111105, 28.089951611111111 ], [ -82.836026499999988, 28.093013055555556 ], [ -82.835497166666656, 28.09669575 ], [ -82.835070277777774, 28.098423388888889 ], [ -82.834831194444433, 28.09890833333333 ], [ -82.834506777777776, 28.098681027777776 ], [ -82.834182333333331, 28.098287 ], [ -82.833857888888886, 28.097665666666664 ], [ -82.833909111111112, 28.096513888888889 ], [ -82.8337725, 28.095589444444443 ], [ -82.833635916666665, 28.094877138888886 ], [ -82.833738361111102, 28.094377027777778 ], [ -82.834284777777768, 28.094589194444442 ], [ -82.834575083333334, 28.0946195 ], [ -82.834848277777766, 28.094407333333333 ], [ -82.835445944444444, 28.093073666666665 ], [ -82.835377638888886, 28.092558388888889 ], [ -82.834410361111111, 28.091382416666665 ], [ -82.833945666666665, 28.091137055555553 ], [ -82.833928555555545, 28.09103136111111 ], [ -82.834293472222214, 28.090887916666667 ], [ -82.83459325, 28.090699166666667 ], [ -82.834798416666658, 28.090421722222221 ], [ -82.834831194444433, 28.089678805555554 ], [ -82.834523833333336, 28.088890694444444 ], [ -82.835036111111108, 28.087951 ], [ -82.835394694444446, 28.087056805555555 ], [ -82.83529225, 28.0862535 ], [ -82.835514222222216, 28.085677555555556 ], [ -82.836146027777772, 28.084950055555556 ], [ -82.836436333333324, 28.083964861111109 ], [ -82.83599236111111, 28.082767472222223 ], [ -82.835872833333326, 28.081888388888888 ], [ -82.835924055555552, 28.081024416666665 ], [ -82.835872833333326, 28.080781916666666 ], [ -82.835255666666669, 28.080646972222223 ], [ -82.834779972222222, 28.080569722222222 ], [ -82.834558, 28.080266555555557 ], [ -82.834609222222213, 28.079554166666668 ], [ -82.834353083333326, 28.078690194444444 ], [ -82.834370166666659, 28.077310861111112 ], [ -82.8348085, 28.076414861111111 ], [ -82.835394694444446, 28.075996416666666 ], [ -82.835602583333326, 28.075357083333333 ], [ -82.835554333333334, 28.075282861111109 ], [ -82.835250027777775, 28.075318111111113 ], [ -82.834797055555555, 28.07552225 ], [ -82.834135, 28.075963388888887 ], [ -82.833975361111101, 28.07599861111111 ], [ -82.833858111111113, 28.075879694444446 ], [ -82.833768083333325, 28.075433305555556 ], [ -82.83408675, 28.075098 ], [ -82.834575083333334, 28.074476333333333 ], [ -82.834831194444433, 28.074264138888889 ], [ -82.835155638888878, 28.073885166666667 ], [ -82.83534347222222, 28.07346075 ], [ -82.835155638888878, 28.072596722222222 ], [ -82.834831194444433, 28.071611444444443 ], [ -82.834594888888887, 28.07148461111111 ], [ -82.834395083333334, 28.071531666666665 ], [ -82.834336, 28.072035861111111 ], [ -82.834332444444442, 28.072981138888888 ], [ -82.834270083333323, 28.073031777777778 ], [ -82.834166555555555, 28.073045 ], [ -82.833801138888887, 28.072626555555555 ], [ -82.832995416666662, 28.072111194444446 ], [ -82.832747972222222, 28.072187444444445 ], [ -82.83239425, 28.072467972222221 ], [ -82.832150333333331, 28.072869583333333 ], [ -82.831978305555552, 28.073752916666667 ], [ -82.832013722222214, 28.074279277777777 ], [ -82.832235694444435, 28.075779916666665 ], [ -82.832406444444445, 28.077765583333335 ], [ -82.832679666666664, 28.077917166666666 ], [ -82.833021194444441, 28.078341583333334 ], [ -82.832799194444448, 28.078781138888889 ], [ -82.83256013888888, 28.079493555555555 ], [ -82.8328675, 28.080539388888887 ], [ -82.8328675, 28.080903166666666 ], [ -82.83247475, 28.081600388888887 ], [ -82.832013722222214, 28.082070277777778 ], [ -82.831552666666667, 28.082949361111112 ], [ -82.831057472222213, 28.083601111111111 ], [ -82.830596444444438, 28.083737527777778 ], [ -82.829691416666662, 28.083919388888887 ], [ -82.829093777777771, 28.083919388888887 ], [ -82.828530277777773, 28.083449527777777 ], [ -82.826924111111111, 28.083217527777776 ], [ -82.82655305555555, 28.08262788888889 ], [ -82.826723305555547, 28.082442916666665 ], [ -82.82748725, 28.08238125 ], [ -82.82813752777777, 28.081873222222221 ], [ -82.828103388888891, 28.08111536111111 ], [ -82.8276765, 28.081024416666665 ], [ -82.827155472222216, 28.081140333333334 ], [ -82.826954666666666, 28.081606638888889 ], [ -82.826487583333332, 28.081679861111112 ], [ -82.825802222222222, 28.08115188888889 ], [ -82.826347083333332, 28.079960555555555 ], [ -82.826703166666661, 28.07940261111111 ], [ -82.827198361111101, 28.079144916666667 ], [ -82.827744777777781, 28.078750833333334 ], [ -82.827796027777779, 28.078038416666665 ], [ -82.827437416666669, 28.077462444444443 ], [ -82.828257055555554, 28.0770835 ], [ -82.828479055555547, 28.076537833333333 ], [ -82.828342444444445, 28.076158888888887 ], [ -82.828325361111112, 28.07574961111111 ], [ -82.828803472222219, 28.0756435 ], [ -82.829145, 28.075143305555557 ], [ -82.829606027777771, 28.073854861111112 ], [ -82.82965727777777, 28.073263694444446 ], [ -82.829025472222213, 28.07294536111111 ], [ -82.82875225, 28.07261188888889 ], [ -82.829093777777771, 28.071944916666666 ], [ -82.829349916666658, 28.0705655 ], [ -82.829281611111114, 28.070034944444444 ], [ -82.829042555555546, 28.069822722222224 ], [ -82.828461972222215, 28.069640805555554 ], [ -82.82841075, 28.069079944444443 ], [ -82.828803472222219, 28.06877675 ], [ -82.829264527777781, 28.068746444444443 ], [ -82.829384055555551, 28.068503888888888 ], [ -82.829127916666664, 28.0679885 ], [ -82.828803472222219, 28.067029138888888 ], [ -82.828130222222214, 28.066171555555556 ], [ -82.827828638888889, 28.06601575 ], [ -82.82774327777777, 28.06545486111111 ], [ -82.827709111111105, 28.063999527777778 ], [ -82.827777416666663, 28.062786777777777 ], [ -82.82761263888888, 28.062662416666669 ], [ -82.827487138888884, 28.0626655 ], [ -82.827328888888886, 28.063371638888889 ], [ -82.82688947222222, 28.06347652777778 ], [ -82.8264951111111, 28.063934388888889 ], [ -82.826228833333332, 28.064084722222223 ], [ -82.825831583333326, 28.064084722222223 ], [ -82.825560944444447, 28.063849611111113 ], [ -82.825486722222223, 28.063298416666669 ], [ -82.824102916666661, 28.062261555555555 ], [ -82.82282547222222, 28.060664388888888 ], [ -82.82195461111111, 28.060255055555555 ], [ -82.821117888888878, 28.060239916666667 ], [ -82.819990888888881, 28.060906944444444 ], [ -82.818061333333333, 28.061543666666669 ], [ -82.815943944444442, 28.062013611111112 ], [ -82.813536277777771, 28.06184686111111 ], [ -82.813126472222223, 28.061983305555557 ], [ -82.812409277777775, 28.061892333333333 ], [ -82.811959611111106, 28.0597045 ], [ -82.81109438888889, 28.059403694444445 ], [ -82.810727611111105, 28.05948463888889 ], [ -82.809147833333327, 28.058784527777778 ], [ -82.808054972222223, 28.057965861111111 ], [ -82.807030444444436, 28.056813666666667 ], [ -82.803495777777769, 28.053675388888891 ], [ -82.802300472222214, 28.052735388888891 ], [ -82.80136130555556, 28.052159277777779 ], [ -82.79955127777778, 28.051598305555558 ], [ -82.798526722222221, 28.05137088888889 ], [ -82.797154277777778, 28.051446694444444 ], [ -82.79708597222222, 28.050809916666669 ], [ -82.79910091666666, 28.050855388888891 ], [ -82.800466972222225, 28.051128305555558 ], [ -82.801815944444442, 28.051749916666669 ], [ -82.803147833333327, 28.05262925 ], [ -82.804428527777773, 28.053811833333334 ], [ -82.805316472222216, 28.054569888888889 ], [ -82.806853277777776, 28.055434055555555 ], [ -82.808304722222218, 28.056737861111113 ], [ -82.808595, 28.057268472222223 ], [ -82.80989275, 28.05823875 ], [ -82.811019472222213, 28.058927361111113 ], [ -82.811041638888881, 28.059192222222222 ], [ -82.811824194444441, 28.0594855 ], [ -82.812271777777781, 28.059406194444446 ], [ -82.813307888888886, 28.059512222222224 ], [ -82.814878861111112, 28.059557694444447 ], [ -82.815732638888889, 28.059678972222223 ], [ -82.817013305555548, 28.059390944444445 ], [ -82.818755027777769, 28.058754194444447 ], [ -82.819113638888879, 28.058420666666667 ], [ -82.81959175, 28.057677805555556 ], [ -82.819455138888884, 28.057329111111112 ], [ -82.818737972222223, 28.057025916666667 ], [ -82.81796955555555, 28.05707138888889 ], [ -82.817132861111105, 28.056919777777779 ], [ -82.816757194444435, 28.056571083333335 ], [ -82.816477527777778, 28.056047444444445 ], [ -82.816228083333328, 28.055897666666667 ], [ -82.816036, 28.056005611111111 ], [ -82.815749722222222, 28.05601013888889 ], [ -82.815425277777777, 28.055722111111113 ], [ -82.815408194444444, 28.05499438888889 ], [ -82.815971694444443, 28.054873083333334 ], [ -82.816501055555548, 28.055039861111112 ], [ -82.816723027777769, 28.055039861111112 ], [ -82.817081611111107, 28.054948888888891 ], [ -82.817662194444438, 28.054979222222222 ], [ -82.81872088888889, 28.054812444444444 ], [ -82.819950333333324, 28.054372777777779 ], [ -82.819847888888887, 28.054024083333335 ], [ -82.819096555555547, 28.053690527777778 ], [ -82.818396444444446, 28.053266027777777 ], [ -82.8186355, 28.052947638888888 ], [ -82.818942861111111, 28.053084083333335 ], [ -82.819694194444438, 28.053538916666668 ], [ -82.820274777777769, 28.053963444444445 ], [ -82.821009027777777, 28.054190861111113 ], [ -82.823860666666661, 28.0559495 ], [ -82.82442416666666, 28.056449805555555 ], [ -82.8253975, 28.057541361111113 ], [ -82.826251277777772, 28.058193277777779 ], [ -82.827514888888885, 28.059027083333334 ], [ -82.828325361111112, 28.060029722222222 ] ] } },
{ "type": "Feature", "properties": { "style": "solid", "thickness": 1 }, "geometry": { "type": "LineString", "coordinates": [ [ -82.822594611111114, 27.836743972222219 ], [ -82.824178388888882, 27.837727638888889 ], [ -82.824716277777767, 27.83849861111111 ], [ -82.825821944444442, 27.838604944444445 ], [ -82.826359805555555, 27.83823275 ], [ -82.826718416666665, 27.83823275 ], [ -82.826987361111108, 27.838684722222222 ], [ -82.828332055555549, 27.838684722222222 ], [ -82.829837305555557, 27.838784444444443 ], [ -82.830633194444445, 27.83890025 ], [ -82.830893527777775, 27.838740305555554 ], [ -82.831030361111104, 27.838515805555556 ], [ -82.831084805555548, 27.838323472222221 ], [ -82.831147166666668, 27.837950472222222 ], [ -82.830857805555553, 27.837584083333333 ], [ -82.829973694444448, 27.837323083333331 ], [ -82.829939944444448, 27.836969277777776 ], [ -82.830328444444447, 27.836111777777777 ], [ -82.83025425, 27.835787305555556 ], [ -82.829048388888879, 27.835136333333331 ], [ -82.828079777777774, 27.834890166666664 ], [ -82.827844055555545, 27.83452322222222 ], [ -82.827953194444447, 27.834210333333331 ], [ -82.83120533333333, 27.834511611111111 ], [ -82.832515611111106, 27.835228583333333 ], [ -82.833681027777772, 27.835946388888889 ], [ -82.835205027777775, 27.838206166666666 ], [ -82.836071611111109, 27.839429111111109 ], [ -82.837099, 27.840564972222221 ], [ -82.837580277777775, 27.841788388888887 ], [ -82.83780480555555, 27.84418772222222 ], [ -82.837558777777772, 27.844885527777777 ], [ -82.837059888888888, 27.84479725 ], [ -82.836718138888884, 27.844386722222222 ], [ -82.83534619444444, 27.844402194444442 ], [ -82.835301277777774, 27.844556666666666 ], [ -82.836242166666665, 27.844726638888886 ], [ -82.83702786111111, 27.84570297222222 ], [ -82.837715166666655, 27.846447305555554 ], [ -82.838228027777774, 27.847476972222221 ], [ -82.8396718611111, 27.847591888888889 ], [ -82.840389944444439, 27.84845025 ], [ -82.840972361111113, 27.8501955 ], [ -82.841301055555547, 27.851949916666669 ], [ -82.840404583333324, 27.85221575 ], [ -82.840852833333329, 27.854315694444445 ], [ -82.840673527777767, 27.855671333333333 ], [ -82.841121777777772, 27.857053527777779 ], [ -82.841659638888885, 27.857850944444447 ], [ -82.842048111111112, 27.858355972222224 ], [ -82.842974472222224, 27.858595194444447 ], [ -82.843841083333331, 27.861120305555556 ], [ -82.844916833333329, 27.863166916666668 ], [ -82.845843194444441, 27.865240055555557 ], [ -82.846664305555549, 27.86698525 ], [ -82.847650555555546, 27.868728416666666 ], [ -82.847633111111108, 27.87044675 ], [ -82.847982944444439, 27.870919777777779 ], [ -82.848581611111101, 27.871021277777778 ], [ -82.848875972222217, 27.871244138888891 ], [ -82.848830166666659, 27.872026 ], [ -82.848919805555553, 27.872876472222224 ], [ -82.848710638888889, 27.873992694444446 ], [ -82.8492485, 27.875507527777778 ], [ -82.849128972222218, 27.876942638888888 ], [ -82.848322166666662, 27.879440722222224 ], [ -82.847515333333334, 27.880503722222223 ], [ -82.8462005, 27.881354111111111 ], [ -82.845471694444441, 27.88289625 ], [ -82.844878027777767, 27.883509583333332 ], [ -82.843152472222215, 27.884011555555556 ], [ -82.841574, 27.885491 ], [ -82.8415715, 27.886263194444442 ], [ -82.84124, 27.887545833333334 ], [ -82.840074583333333, 27.889140194444444 ], [ -82.838520694444441, 27.890389111111112 ], [ -82.836907055555557, 27.891930305555555 ], [ -82.836010583333334, 27.893418333333333 ], [ -82.83469575, 27.895225194444443 ], [ -82.83409808333333, 27.896155166666667 ], [ -82.832574083333327, 27.89820111111111 ], [ -82.831247888888882, 27.899058972222221 ], [ -82.831173666666658, 27.899649611111112 ], [ -82.831553444444438, 27.900081972222221 ], [ -82.831811, 27.900128305555555 ], [ -82.832120944444441, 27.899587861111112 ], [ -82.832588027777774, 27.899437305555555 ], [ -82.834526222222223, 27.899317638888888 ], [ -82.834770666666657, 27.899622583333333 ], [ -82.834775055555554, 27.900348333333334 ], [ -82.83471291666666, 27.901943611111111 ], [ -82.833758472222215, 27.904960388888888 ], [ -82.8328825, 27.907497888888887 ], [ -82.831319027777781, 27.90920072222222 ], [ -82.831617833333326, 27.911113583333332 ], [ -82.8311995, 27.912521638888887 ], [ -82.829884666666658, 27.915895583333331 ], [ -82.826564444444443, 27.916068694444444 ], [ -82.826093777777771, 27.915557277777776 ], [ -82.826982805555545, 27.91393011111111 ], [ -82.825413972222222, 27.912907277777776 ], [ -82.823845138888885, 27.915278333333333 ], [ -82.822537777777768, 27.919090527777779 ], [ -82.822433194444443, 27.922205277777778 ], [ -82.822746944444447, 27.9231815 ], [ -82.825100194444445, 27.9231815 ], [ -82.826459861111104, 27.922623666666667 ], [ -82.827087388888884, 27.922995555555556 ], [ -82.826825916666664, 27.923692861111114 ], [ -82.825884611111107, 27.925552333333336 ], [ -82.824681833333329, 27.927644222222224 ], [ -82.819713888888884, 27.927597722222224 ], [ -82.816262444444448, 27.932571555555558 ], [ -82.8157395, 27.93475627777778 ], [ -82.814118388888886, 27.935871833333334 ], [ -82.813281666666668, 27.938474805555554 ], [ -82.81249725, 27.941403055555554 ], [ -82.812340361111112, 27.943587555555556 ], [ -82.812915611111109, 27.945167833333333 ], [ -82.81453675, 27.943912916666665 ], [ -82.815268861111107, 27.942658 ], [ -82.815948694444444, 27.941867833333333 ], [ -82.81694227777777, 27.941728416666667 ], [ -82.817726694444445, 27.942704472222221 ], [ -82.817151444444434, 27.943912916666665 ], [ -82.816157861111108, 27.945167833333333 ], [ -82.814013805555547, 27.946701583333333 ], [ -82.812915611111109, 27.949118388888888 ] ] } },
{ "type": "Feature", "properties": { "style": "solid", "thickness": 1 }, "geometry": { "type": "LineString", "coordinates": [ [ -82.78539625, 27.802428444444445 ], [ -82.78562477777777, 27.801662638888889 ], [ -82.785974, 27.801693555555556 ], [ -82.786187916666663, 27.801036694444445 ], [ -82.785699, 27.800688944444445 ], [ -82.785371611111103, 27.800182777777778 ], [ -82.785327944444447, 27.799343472222223 ], [ -82.784183861111103, 27.799054722222223 ], [ -82.783381305555551, 27.799313083333335 ], [ -82.782527527777773, 27.801866166666667 ], [ -82.78230552777778, 27.802215694444445 ], [ -82.77940266666667, 27.800969555555557 ], [ -82.779795416666673, 27.800088138888889 ], [ -82.78027352777778, 27.797139861111113 ], [ -82.780529666666666, 27.794100333333336 ], [ -82.781007777777774, 27.792003 ], [ -82.783774055555554, 27.792854111111112 ], [ -82.786284166666661, 27.793872361111113 ], [ -82.787735611111103, 27.794541083333336 ], [ -82.788999222222216, 27.794510666666667 ], [ -82.791441027777779, 27.794571472222223 ], [ -82.792158222222227, 27.7943435 ], [ -82.791236138888891, 27.793705194444446 ], [ -82.790945833333325, 27.794221916666668 ], [ -82.789716388888891, 27.794328305555556 ], [ -82.789016277777776, 27.794206722222224 ], [ -82.788845527777781, 27.793948361111113 ], [ -82.78876013888889, 27.793583611111114 ], [ -82.789204111111104, 27.793234055555558 ], [ -82.7904165, 27.792975694444447 ], [ -82.789391944444446, 27.792003 ], [ -82.788947972222218, 27.792170194444445 ], [ -82.787684388888891, 27.792155 ], [ -82.78559102777777, 27.792093138888891 ], [ -82.78353386111111, 27.791385972222223 ], [ -82.782590972222224, 27.790644055555557 ], [ -82.780770638888882, 27.790143638888889 ], [ -82.780233694444448, 27.789749472222223 ], [ -82.780128944444442, 27.789220083333333 ], [ -82.780360305555561, 27.789011416666668 ], [ -82.785068, 27.788950888888891 ], [ -82.785639861111108, 27.789302555555558 ], [ -82.786040583333332, 27.789279111111114 ], [ -82.786162805555549, 27.789155444444447 ], [ -82.785152194444436, 27.788097861111112 ], [ -82.784548527777773, 27.788574805555559 ], [ -82.78313169444445, 27.788638861111114 ], [ -82.782829861111111, 27.788464416666667 ], [ -82.782737555555556, 27.78818175 ], [ -82.782924638888886, 27.787916777777781 ], [ -82.783461583333334, 27.78787275 ], [ -82.783879555555558, 27.788037666666668 ], [ -82.7841215, 27.787785944444447 ], [ -82.784057277777777, 27.787648222222224 ], [ -82.782010583333332, 27.786806194444445 ], [ -82.780785805555553, 27.787701833333337 ], [ -82.7811145, 27.787941222222223 ], [ -82.78189144444444, 27.787515666666668 ], [ -82.782399444444437, 27.787781638888891 ], [ -82.782309805555556, 27.788233805555556 ], [ -82.78117391666666, 27.788640333333333 ], [ -82.779978972222224, 27.788552972222224 ], [ -82.779949083333335, 27.78767525 ], [ -82.780307666666673, 27.786903916666667 ], [ -82.781204166666669, 27.78554738888889 ], [ -82.783325805555549, 27.783525888888892 ], [ -82.784341805555556, 27.782727944444442 ], [ -82.785746277777776, 27.784643055555556 ], [ -82.788585138888891, 27.788632777777778 ], [ -82.79173025, 27.792077111111112 ], [ -82.793375194444437, 27.793538416666667 ], [ -82.805298305555553, 27.802893305555557 ], [ -82.812253444444437, 27.807826388888891 ], [ -82.818215, 27.811875055555557 ], [ -82.827889472222225, 27.820483833333334 ], [ -82.830085833333328, 27.823182666666668 ], [ -82.83275283333333, 27.828487055555556 ], [ -82.84049238888889, 27.840165083333332 ], [ -82.843054833333326, 27.84509647222222 ], [ -82.845983305555549, 27.850120666666669 ], [ -82.847970499999988, 27.855702805555556 ], [ -82.8497485, 27.862912666666666 ], [ -82.85100355555555, 27.868773222222224 ], [ -82.852206333333328, 27.882028083333335 ], [ -82.852049444444432, 27.885422916666666 ], [ -82.850898972222211, 27.894118777777777 ], [ -82.84828425, 27.908997777777778 ], [ -82.846558555555546, 27.914576861111108 ], [ -82.845303472222213, 27.920248638888889 ], [ -82.844519055555551, 27.925129861111113 ], [ -82.84300252777777, 27.931544833333334 ], [ -82.841119944444443, 27.937541055555556 ], [ -82.837825388888888, 27.943351055555556 ], [ -82.83531525, 27.949904361111113 ], [ -82.833328083333328, 27.954458888888887 ], [ -82.831743111111109, 27.963737222222221 ], [ -82.832579805555554, 27.965383583333331 ], [ -82.829711083333336, 27.963790333333332 ], [ -82.824810361111105, 27.960842777777778 ], [ -82.823286361111101, 27.959435361111112 ], [ -82.823913888888882, 27.957603027777775 ], [ -82.825557416666669, 27.955239527777778 ], [ -82.826991777777778, 27.954071055555556 ], [ -82.82866519444444, 27.952451083333333 ], [ -82.830637444444434, 27.950698305555555 ], [ -82.83234075, 27.948387805555555 ], [ -82.833476277777777, 27.946289694444445 ], [ -82.833775111111109, 27.9446165 ], [ -82.834671583333332, 27.942358944444443 ], [ -82.835276527777779, 27.941311055555555 ], [ -82.835769805555557, 27.940739944444445 ], [ -82.836284916666656, 27.940604888888888 ], [ -82.836420222222216, 27.940357916666667 ], [ -82.83334269444444, 27.94037336111111 ], [ -82.83308513888889, 27.93983311111111 ], [ -82.833984277777773, 27.938428083333335 ], [ -82.83485088888888, 27.93675475 ], [ -82.834432527777778, 27.934842361111112 ], [ -82.833685472222214, 27.9344705 ], [ -82.832520055555548, 27.933726777777778 ], [ -82.831743111111109, 27.933647083333334 ], [ -82.831653444444441, 27.932664305555555 ], [ -82.831892527777768, 27.931840861111112 ], [ -82.832938388888891, 27.93136275 ], [ -82.834761222222212, 27.931654944444446 ], [ -82.835418638888882, 27.92923775 ], [ -82.834641694444443, 27.927750222222222 ], [ -82.834791111111102, 27.926953333333334 ], [ -82.835448527777771, 27.92541263888889 ], [ -82.838108083333324, 27.92525325 ], [ -82.83882525, 27.92379225 ], [ -82.840468777777772, 27.922596861111113 ], [ -82.841245722222212, 27.920976416666669 ], [ -82.8407975, 27.918505861111111 ], [ -82.84055844444444, 27.917018166666669 ], [ -82.841395138888885, 27.915185111111111 ], [ -82.84259044444444, 27.914175611111109 ], [ -82.842919138888888, 27.913192638888887 ], [ -82.844024805555549, 27.911917416666665 ], [ -82.843486916666663, 27.909765472222222 ], [ -82.841596388888888, 27.908011138888888 ], [ -82.840827388888883, 27.90811825 ], [ -82.84085427777778, 27.909196166666664 ], [ -82.840347888888886, 27.909551277777776 ], [ -82.83968875, 27.909439333333331 ], [ -82.839077611111108, 27.908806305555554 ], [ -82.838846249999989, 27.908146222222221 ], [ -82.838855138888889, 27.90737436111111 ], [ -82.838287361111099, 27.90737436111111 ], [ -82.838108083333324, 27.908596472222222 ], [ -82.838018416666657, 27.908755888888887 ], [ -82.837204888888891, 27.90931775 ], [ -82.836240305555549, 27.909360194444442 ], [ -82.835669083333329, 27.909099944444442 ], [ -82.835272472222215, 27.908736 ], [ -82.834987166666664, 27.907995555555555 ], [ -82.835119833333323, 27.907560333333333 ], [ -82.835717472222214, 27.9060725 ], [ -82.836554194444446, 27.904690944444443 ], [ -82.836972527777775, 27.904398666666665 ], [ -82.83742077777778, 27.904186111111109 ], [ -82.838108083333324, 27.903947 ], [ -82.839213722222212, 27.904106416666664 ], [ -82.840080305555546, 27.904823777777775 ], [ -82.840468777777772, 27.905567694444443 ], [ -82.84136525, 27.905673972222221 ], [ -82.84184338888889, 27.904345527777778 ], [ -82.84193302777777, 27.903761027777776 ], [ -82.841156083333331, 27.902459138888887 ], [ -82.838436777777773, 27.902193444444443 ], [ -82.837450666666669, 27.901236916666665 ], [ -82.837092055555544, 27.900147555555556 ], [ -82.83742077777778, 27.899217611111112 ], [ -82.837689722222223, 27.898925333333334 ], [ -82.838197722222219, 27.898579916666666 ], [ -82.8387655, 27.898526777777779 ], [ -82.839243611111101, 27.898765916666665 ], [ -82.839213722222212, 27.899350472222221 ], [ -82.838347138888878, 27.900386694444443 ], [ -82.838466666666662, 27.900997805555555 ], [ -82.840020555555554, 27.901821444444444 ], [ -82.841693972222217, 27.901715166666666 ], [ -82.843427166666658, 27.901343194444443 ], [ -82.844413277777775, 27.901502611111109 ], [ -82.844891388888882, 27.901183777777778 ], [ -82.844951166666661, 27.89998813888889 ], [ -82.844144333333332, 27.899722444444443 ], [ -82.843457027777774, 27.900519527777778 ], [ -82.842560555555551, 27.900147555555556 ], [ -82.842680083333335, 27.89945675 ], [ -82.843307611111101, 27.897968805555553 ], [ -82.843576555555558, 27.896188555555554 ], [ -82.842470916666656, 27.896215138888888 ], [ -82.84196291666666, 27.89751711111111 ], [ -82.841425027777774, 27.897942222222223 ], [ -82.84055844444444, 27.89757025 ], [ -82.8397815, 27.895471138888887 ], [ -82.840050444444444, 27.894886583333331 ], [ -82.840498666666662, 27.894461444444445 ], [ -82.841395138888885, 27.894408277777778 ], [ -82.842859388888883, 27.893983138888888 ], [ -82.84387538888889, 27.89345172222222 ], [ -82.844771861111113, 27.89249513888889 ], [ -82.845907388888889, 27.89180425 ], [ -82.848029055555557, 27.891485388888889 ], [ -82.847550944444436, 27.890794527777778 ], [ -82.845040805555556, 27.890714805555554 ], [ -82.842739861111113, 27.890767944444445 ], [ -82.842291611111108, 27.89143225 ], [ -82.841454916666663, 27.891405666666667 ], [ -82.841454916666663, 27.890635083333333 ], [ -82.843367388888879, 27.886569444444444 ], [ -82.844652333333329, 27.884948444444444 ], [ -82.847282, 27.882211305555558 ], [ -82.848507166666664, 27.881148333333332 ], [ -82.849343888888882, 27.879686722222221 ], [ -82.85027025, 27.876710277777779 ], [ -82.849911666666657, 27.873574277777777 ], [ -82.849707777777766, 27.870837972222223 ], [ -82.849276638888881, 27.869361805555556 ], [ -82.848537055555553, 27.867488055555555 ], [ -82.847192333333325, 27.865042861111114 ], [ -82.846774, 27.863102583333333 ], [ -82.845518916666663, 27.861800194444445 ], [ -82.845180944444436, 27.861067472222224 ], [ -82.8447095, 27.859773805555555 ], [ -82.844953944444441, 27.859391472222224 ], [ -82.845344361111103, 27.859010361111114 ], [ -82.844938388888878, 27.857349777777777 ], [ -82.844405833333326, 27.857245527777778 ], [ -82.844401583333322, 27.857045277777779 ], [ -82.845437694444442, 27.857018666666669 ], [ -82.84544175, 27.856577444444447 ], [ -82.845776166666667, 27.856393861111112 ], [ -82.845667027777779, 27.856154444444446 ], [ -82.844641194444435, 27.855884111111113 ], [ -82.843994916666659, 27.855022222222225 ], [ -82.843666222222211, 27.85300202777778 ], [ -82.843773916666663, 27.852438583333335 ], [ -82.843094, 27.852046583333333 ], [ -82.84246947222222, 27.851605777777777 ], [ -82.842343305555545, 27.85102275 ], [ -82.842074361111102, 27.849560722222222 ], [ -82.841267527777774, 27.84732775 ], [ -82.839624, 27.845653 ], [ -82.83863786111111, 27.844270666666667 ], [ -82.838548222222215, 27.842914861111112 ], [ -82.838548222222215, 27.841718583333332 ], [ -82.838701333333333, 27.840421333333332 ], [ -82.83654677777777, 27.838573861111112 ], [ -82.835470333333333, 27.837252277777775 ], [ -82.83418175, 27.834817888888889 ], [ -82.832601611111102, 27.834035388888889 ], [ -82.829093027777773, 27.833695916666667 ], [ -82.827671, 27.833237805555555 ], [ -82.826587361111109, 27.832374861111109 ], [ -82.826683388888881, 27.831892027777776 ], [ -82.827252638888879, 27.831642583333334 ], [ -82.8278795, 27.831610027777778 ], [ -82.829058111111109, 27.83225511111111 ], [ -82.830407, 27.832629805555555 ], [ -82.831087972222221, 27.832371 ], [ -82.83155572222222, 27.831802111111109 ], [ -82.830181138888889, 27.829515611111113 ], [ -82.828993222222223, 27.827238861111113 ], [ -82.82726102777778, 27.82770161111111 ], [ -82.825549333333328, 27.829967583333332 ], [ -82.825878055555549, 27.8310045 ], [ -82.82572863888889, 27.831456472222222 ], [ -82.82510111111111, 27.831802111111109 ], [ -82.822889805555548, 27.830685444444445 ], [ -82.818885555555553, 27.828744555555556 ], [ -82.818138499999989, 27.827415166666665 ], [ -82.818168361111105, 27.825155166666665 ], [ -82.816076611111114, 27.825128583333335 ], [ -82.81515025, 27.824756333333333 ], [ -82.815747888888879, 27.824304333333334 ], [ -82.817779888888879, 27.824251166666667 ], [ -82.818078722222225, 27.823347138888888 ], [ -82.816644361111102, 27.822443111111109 ], [ -82.81521, 27.821432694444443 ], [ -82.815628361111109, 27.820342527777779 ], [ -82.816793777777775, 27.819730972222221 ], [ -82.816315666666668, 27.818561 ], [ -82.815747888888879, 27.818135555555557 ], [ -82.814164111111111, 27.818295111111112 ], [ -82.812544916666667, 27.818586611111112 ], [ -82.811911944444446, 27.818327777777778 ], [ -82.811933777777782, 27.817574444444443 ], [ -82.813955333333325, 27.816732305555554 ], [ -82.815617444444442, 27.815273055555558 ], [ -82.815380638888882, 27.814522611111112 ], [ -82.814456277777779, 27.814624027777779 ], [ -82.81218063888889, 27.813244 ], [ -82.811386138888892, 27.814001222222224 ], [ -82.81040352777778, 27.815124638888889 ], [ -82.811208027777781, 27.815707 ], [ -82.812384166666661, 27.814807944444446 ], [ -82.812699888888886, 27.81478511111111 ], [ -82.813058472222224, 27.815210583333332 ], [ -82.81272975, 27.815795583333333 ], [ -82.81129538888888, 27.816619888888891 ], [ -82.810315694444441, 27.817770916666667 ], [ -82.808775055555557, 27.818958194444445 ], [ -82.808370944444448, 27.818955972222223 ], [ -82.806783138888889, 27.817550555555556 ], [ -82.806723388888884, 27.81712511111111 ], [ -82.807052083333332, 27.81558286111111 ], [ -82.80871775, 27.814187083333334 ], [ -82.809121861111109, 27.81422238888889 ], [ -82.81008425, 27.814917111111111 ], [ -82.811380416666665, 27.813604388888891 ], [ -82.810826027777779, 27.813364861111111 ], [ -82.809442694444442, 27.812684416666666 ], [ -82.807612361111111, 27.812119138888889 ], [ -82.806927, 27.811682555555556 ], [ -82.806967388888893, 27.810961305555555 ], [ -82.807654916666664, 27.810853138888891 ], [ -82.808143833333332, 27.810684083333335 ], [ -82.808366916666657, 27.810344305555557 ], [ -82.808396805555546, 27.808163722222222 ], [ -82.80764975, 27.8075255 ], [ -82.806305027777782, 27.806860666666669 ], [ -82.805767138888882, 27.807605277777778 ], [ -82.806364777777773, 27.809546555555556 ], [ -82.805916555555555, 27.809918833333334 ], [ -82.805408555555559, 27.809998611111112 ], [ -82.804751138888889, 27.808722166666666 ], [ -82.804781027777778, 27.807392527777779 ], [ -82.80472125, 27.806408583333333 ], [ -82.803406416666661, 27.805690583333334 ], [ -82.801912305555547, 27.807498916666667 ], [ -82.801045722222213, 27.807818027777778 ], [ -82.800836527777776, 27.8071 ], [ -82.802898416666665, 27.805238472222221 ], [ -82.802300777777774, 27.804520444444446 ], [ -82.799521694444437, 27.807073416666668 ], [ -82.797908055555553, 27.806382 ], [ -82.797101222222224, 27.805371444444447 ], [ -82.795786388888885, 27.806647916666666 ], [ -82.79396355555555, 27.8051055 ], [ -82.795278388888889, 27.803323722222224 ], [ -82.796324277777771, 27.801568527777778 ], [ -82.79587602777778, 27.800690888888891 ], [ -82.795457694444437, 27.799972833333335 ], [ -82.793664722222218, 27.801595111111112 ], [ -82.792947555555557, 27.801089805555556 ], [ -82.793126861111105, 27.800478138888888 ], [ -82.795009444444446, 27.798855861111115 ], [ -82.79459108333333, 27.798217555555556 ], [ -82.793754388888885, 27.797313333333335 ], [ -82.79280847222222, 27.796523 ], [ -82.792391916666659, 27.796498694444445 ], [ -82.791748333333331, 27.796911611111113 ], [ -82.791293555555555, 27.79697675 ], [ -82.79088275, 27.796867444444445 ], [ -82.79007580555556, 27.796233333333333 ], [ -82.789611833333325, 27.796005888888889 ], [ -82.789432222222217, 27.795972777777781 ], [ -82.78920025, 27.796149416666669 ], [ -82.789715361111107, 27.797508472222223 ], [ -82.790453722222225, 27.79747975 ], [ -82.790982555555559, 27.797581333333333 ], [ -82.791111166666667, 27.797986194444444 ], [ -82.791632722222218, 27.798589888888891 ], [ -82.792409666666671, 27.798749472222223 ], [ -82.792618861111109, 27.799760083333336 ], [ -82.790646611111114, 27.80037175 ], [ -82.789630611111107, 27.800238777777778 ], [ -82.788584722222225, 27.799361166666667 ], [ -82.787623111111103, 27.79866352777778 ], [ -82.787086138888881, 27.798734611111112 ], [ -82.78688969444444, 27.799287138888889 ], [ -82.787150361111102, 27.799467527777779 ], [ -82.787820444444449, 27.800195305555555 ], [ -82.78790155555555, 27.800494027777777 ], [ -82.787711972222226, 27.8007965 ], [ -82.786845611111104, 27.801086444444444 ], [ -82.786543694444447, 27.801923444444444 ], [ -82.786471666666671, 27.802253805555555 ], [ -82.789122611111111, 27.802073805555555 ], [ -82.79073625, 27.801861055555555 ], [ -82.790975305555548, 27.80220677777778 ], [ -82.790586833333336, 27.802898222222222 ], [ -82.787987055555547, 27.803004611111113 ] ] } },
{ "type": "Feature", "properties": { "style": "solid", "thickness": 1 }, "geometry": { "type": "LineString", "coordinates": [ [ -82.777792527777777, 27.804812694444447 ], [ -82.775256305555558, 27.803636166666667 ], [ -82.77463752777777, 27.802114805555558 ], [ -82.773337416666664, 27.801226916666668 ], [ -82.772772111111109, 27.800232916666669 ], [ -82.770403916666666, 27.799360638888892 ], [ -82.769999055555559, 27.799536472222226 ], [ -82.769907361111109, 27.799766361111114 ], [ -82.770159472222218, 27.800314055555557 ], [ -82.76967055555555, 27.801159277777778 ], [ -82.76849411111111, 27.801267472222221 ], [ -82.768555222222219, 27.801612333333335 ], [ -82.769800416666669, 27.803153972222223 ], [ -82.769820694444448, 27.803574722222223 ], [ -82.768460694444443, 27.805031166666666 ], [ -82.767903027777777, 27.805937194444446 ], [ -82.768141388888893, 27.807555666666666 ], [ -82.768481305555554, 27.80906813888889 ], [ -82.768324444444445, 27.810603833333335 ], [ -82.768246, 27.811371666666666 ], [ -82.7675755, 27.81291813888889 ], [ -82.76600944444445, 27.813033083333334 ], [ -82.765471527777777, 27.814219888888889 ], [ -82.765359555555563, 27.815439472222224 ], [ -82.766197694444443, 27.815597888888888 ], [ -82.766210805555559, 27.816250777777778 ], [ -82.766567944444446, 27.817965611111109 ], [ -82.767301305555549, 27.818491 ], [ -82.768639055555553, 27.819086 ], [ -82.769475777777771, 27.82022936111111 ], [ -82.769744722222228, 27.82171838888889 ], [ -82.77079061111111, 27.822888305555555 ], [ -82.771179083333337, 27.824722944444446 ], [ -82.771238833333328, 27.82658413888889 ], [ -82.770671083333326, 27.827488138888889 ], [ -82.77037225, 27.827886944444444 ], [ -82.770521666666667, 27.82884411111111 ], [ -82.770969888888885, 27.829827833333333 ], [ -82.771447305555554, 27.830652166666667 ], [ -82.771652472222215, 27.831505833333335 ], [ -82.771543333333327, 27.832023444444445 ], [ -82.771459305555553, 27.832843777777779 ], [ -82.771695027777781, 27.83353136111111 ], [ -82.772778055555548, 27.834168777777776 ], [ -82.773212083333334, 27.834175388888887 ], [ -82.773817611111113, 27.833009527777776 ], [ -82.775185055555554, 27.831880666666667 ], [ -82.775551333333325, 27.8314385 ], [ -82.77631525, 27.831280111111109 ], [ -82.776970055555552, 27.831855666666666 ], [ -82.777048638888886, 27.832172416666666 ], [ -82.777616111111115, 27.832489166666665 ], [ -82.778948527777771, 27.833576611111109 ], [ -82.77990475, 27.835065444444442 ], [ -82.780988333333326, 27.83722125 ], [ -82.781631888888882, 27.837510416666664 ], [ -82.781381722222221, 27.83891922222222 ], [ -82.779785222222216, 27.838933666666666 ], [ -82.778745083333334, 27.838804305555556 ], [ -82.778278, 27.838136111111108 ], [ -82.778116222222224, 27.837239277777776 ], [ -82.777374111111115, 27.83708475 ], [ -82.776317722222217, 27.837154277777778 ], [ -82.775876805555555, 27.836761277777775 ], [ -82.77523225, 27.835266138888887 ], [ -82.77433080555555, 27.834853805555554 ], [ -82.770029916666672, 27.834860555555554 ], [ -82.7684, 27.834002 ], [ -82.76795175, 27.832672666666667 ], [ -82.767503527777777, 27.831343305555556 ], [ -82.767055277777771, 27.829867722222222 ], [ -82.766775694444448, 27.828370138888889 ], [ -82.766317361111106, 27.827734694444445 ], [ -82.765427861111107, 27.827311361111111 ], [ -82.765156166666671, 27.826477333333333 ], [ -82.76503775, 27.825715583333334 ], [ -82.765242277777773, 27.824934138888889 ], [ -82.765234805555551, 27.824247638888888 ], [ -82.764819472222229, 27.82294372222222 ], [ -82.76430875, 27.822402888888888 ], [ -82.762938027777778, 27.822681027777776 ], [ -82.762401111111117, 27.823994472222221 ], [ -82.76193244444444, 27.824437888888887 ], [ -82.761856972222219, 27.824761833333334 ], [ -82.761847638888895, 27.825230916666666 ], [ -82.761747222222226, 27.825432888888887 ], [ -82.75994325, 27.826823416666667 ], [ -82.758758166666667, 27.828235805555554 ], [ -82.758574805555554, 27.829723 ], [ -82.757802166666664, 27.830697166666667 ], [ -82.757195388888888, 27.831067972222222 ], [ -82.75632233333333, 27.83110275 ], [ -82.755715555555554, 27.830689416666665 ], [ -82.754784638888893, 27.829491 ], [ -82.754412833333333, 27.828953472222221 ], [ -82.754203305555549, 27.828532416666665 ], [ -82.753282222222225, 27.828053416666666 ], [ -82.752957416666661, 27.827486333333333 ], [ -82.752999694444441, 27.8271255 ], [ -82.753347416666671, 27.826629916666665 ], [ -82.754198666666667, 27.826962138888888 ], [ -82.754547888888894, 27.82680375 ], [ -82.754748138888885, 27.825698944444444 ], [ -82.75486325, 27.82459 ], [ -82.755281583333328, 27.823925277777779 ], [ -82.756305777777783, 27.823353861111112 ], [ -82.756637527777784, 27.822303083333335 ], [ -82.756515305555553, 27.820815777777778 ], [ -82.75587925, 27.820814333333335 ], [ -82.755031861111107, 27.820076472222222 ], [ -82.756496111111105, 27.818959694444445 ], [ -82.757743277777777, 27.81817525 ], [ -82.758644694444442, 27.816397166666668 ], [ -82.758567833333331, 27.814937666666669 ], [ -82.757651111111116, 27.813328583333334 ], [ -82.75788683333333, 27.812943194444443 ], [ -82.758628944444439, 27.813105472222222 ], [ -82.758903944444441, 27.813542027777778 ], [ -82.759178972222216, 27.813638611111113 ], [ -82.761069138888885, 27.813070694444445 ], [ -82.762631916666663, 27.813157611111112 ], [ -82.762593722222221, 27.81186625 ], [ -82.761578472222226, 27.810324611111113 ], [ -82.761944527777771, 27.808742361111111 ], [ -82.761735333333334, 27.808090861111111 ], [ -82.760846333333333, 27.808183916666668 ], [ -82.760846333333333, 27.808835444444444 ], [ -82.759434388888891, 27.809393888888888 ], [ -82.75828391666667, 27.807858166666666 ], [ -82.757944, 27.806322388888891 ], [ -82.757447194444438, 27.801901194444444 ], [ -82.757342611111113, 27.800574777777779 ], [ -82.757238027777774, 27.799248388888891 ], [ -82.756845805555557, 27.797479777777781 ], [ -82.755669194444451, 27.791010277777779 ], [ -82.754937083333331, 27.788543361111113 ], [ -82.754571444444451, 27.787636805555557 ], [ -82.754008333333331, 27.786894861111112 ], [ -82.753419, 27.787134444444447 ], [ -82.752583833333333, 27.78556438888889 ], [ -82.751799416666671, 27.784377416666668 ], [ -82.751015, 27.78319047222222 ], [ -82.750387472222229, 27.781724166666667 ], [ -82.749759944444449, 27.780257888888887 ], [ -82.749467416666661, 27.778584222222221 ], [ -82.74883336111111, 27.778225777777777 ], [ -82.747649277777782, 27.778036416666666 ], [ -82.746977027777774, 27.777934972222223 ], [ -82.74690825, 27.776149472222222 ], [ -82.745949527777782, 27.774729166666667 ], [ -82.74346425, 27.771769194444442 ], [ -82.742520277777786, 27.770360972222221 ], [ -82.741948416666673, 27.7678835 ], [ -82.741321527777785, 27.764535194444445 ], [ -82.741919166666662, 27.762646305555556 ], [ -82.741441055555555, 27.761981222222222 ] ] } },
{ "type": "Feature", "properties": { "style": "solid", "thickness": 1 }, "geometry": { "type": "LineString", "coordinates": [ [ -82.764395, 27.768109444444445 ], [ -82.763468638888895, 27.769466166666664 ], [ -82.763080166666668, 27.770290861111111 ], [ -82.763020416666663, 27.771328333333333 ], [ -82.76140675, 27.771541138888889 ], [ -82.759852861111113, 27.771541166666665 ], [ -82.758298972222221, 27.771541166666665 ], [ -82.756745083333328, 27.771541166666665 ], [ -82.75519119444445, 27.771541138888889 ], [ -82.75519119444445, 27.769599194444442 ], [ -82.754503888888891, 27.76818925 ], [ -82.753966, 27.767604 ], [ -82.754025777777784, 27.766992138888888 ], [ -82.754354472222218, 27.766194027777779 ], [ -82.755340611111109, 27.765262916666668 ], [ -82.756416361111107, 27.763959361111112 ], [ -82.75722319444445, 27.762948416666667 ], [ -82.758030027777778, 27.760979694444444 ], [ -82.758869555555549, 27.759942194444445 ], [ -82.759279888888884, 27.759806916666665 ], [ -82.760870777777782, 27.759819472222222 ], [ -82.761691444444438, 27.759556638888888 ], [ -82.762084333333334, 27.758895666666668 ], [ -82.762328777777782, 27.758837666666668 ], [ -82.763455027777781, 27.759320833333334 ], [ -82.763792388888888, 27.759778027777777 ], [ -82.764105611111106, 27.761191777777778 ], [ -82.76445475, 27.763054833333332 ], [ -82.764514527777777, 27.764411611111111 ], [ -82.764574305555556, 27.76576838888889 ], [ -82.764395, 27.768109444444445 ] ] } },
{ "type": "Feature", "properties": { "style": "solid", "thickness": 1 }, "geometry": { "type": "LineString", "coordinates": [ [ -82.755904638888893, 27.757509833333334 ], [ -82.756920638888886, 27.758999722222221 ], [ -82.756293111111106, 27.761048277777778 ], [ -82.754918527777775, 27.762511527777779 ], [ -82.753573805555561, 27.764001333333333 ], [ -82.752366111111115, 27.764794944444443 ], [ -82.7508545, 27.76490586111111 ], [ -82.750015944444442, 27.764332833333334 ], [ -82.749334972222229, 27.764781166666666 ], [ -82.750632, 27.766039527777778 ], [ -82.752408388888895, 27.76732675 ], [ -82.752468138888887, 27.767699194444443 ], [ -82.752408388888895, 27.768683472222222 ], [ -82.75231875, 27.76953475 ], [ -82.751721083333337, 27.770332833333331 ], [ -82.751272861111104, 27.771130888888887 ], [ -82.749659194444448, 27.771583111111109 ], [ -82.746865194444439, 27.771623055555555 ], [ -82.744071166666672, 27.771662916666667 ], [ -82.743508666666671, 27.770905138888889 ], [ -82.743768388888896, 27.770276111111109 ], [ -82.744698694444452, 27.769375138888886 ], [ -82.744310222222225, 27.76796522222222 ], [ -82.743772361111112, 27.766182805555555 ], [ -82.743832111111118, 27.76410775 ], [ -82.744907888888889, 27.762405111111111 ], [ -82.745550361111114, 27.76094186111111 ], [ -82.746192833333339, 27.75947861111111 ], [ -82.746087972222227, 27.759119388888887 ], [ -82.746271305555553, 27.758690333333334 ], [ -82.746865, 27.75857825 ], [ -82.74793013888889, 27.757685333333335 ], [ -82.747977055555552, 27.757295611111111 ], [ -82.748290277777784, 27.756943861111111 ], [ -82.748766361111109, 27.756971222222223 ], [ -82.74909375, 27.757195416666665 ], [ -82.750132888888885, 27.756698805555555 ], [ -82.750256166666674, 27.755690305555557 ], [ -82.750854222222216, 27.75484763888889 ], [ -82.753364638888883, 27.754184111111112 ], [ -82.753932388888884, 27.754423583333335 ], [ -82.755336861111118, 27.756525444444446 ], [ -82.755904638888893, 27.757509833333334 ] ] } },
{ "type": "Feature", "properties": { "style": "solid", "thickness": 1 }, "geometry": { "type": "LineString", "coordinates": [ [ -82.763339833333333, 27.58540572222222 ], [ -82.76360875, 27.586977944444442 ], [ -82.763967361111114, 27.589429444444445 ], [ -82.763907583333335, 27.591641111111109 ], [ -82.763803, 27.593199888888886 ], [ -82.763698416666671, 27.594758666666664 ], [ -82.763160527777771, 27.596570527777775 ], [ -82.76319041666666, 27.598249166666665 ], [ -82.763399583333339, 27.599687944444444 ], [ -82.763519111111108, 27.601366527777778 ], [ -82.763220277777776, 27.602005972222223 ], [ -82.762891583333328, 27.602538833333334 ], [ -82.762204277777784, 27.602965138888891 ], [ -82.76142733333333, 27.603018416666668 ], [ -82.760232055555562, 27.602458916666667 ], [ -82.758976972222229, 27.600407333333333 ], [ -82.758468972222218, 27.598036 ], [ -82.758917222222223, 27.595664611111111 ], [ -82.759216027777782, 27.594252388888886 ], [ -82.759604527777782, 27.592413833333332 ], [ -82.759992972222221, 27.59057525 ], [ -82.760202166666673, 27.58886986111111 ], [ -82.760411333333337, 27.58716447222222 ], [ -82.76056075, 27.585538972222221 ], [ -82.76030675, 27.583980055555553 ], [ -82.76005275, 27.58242113888889 ], [ -82.759410277777775, 27.580968805555557 ], [ -82.75876780555555, 27.579516444444444 ], [ -82.75691508333334, 27.577650972222223 ], [ -82.755749666666674, 27.576238555555555 ], [ -82.755749666666674, 27.575892083333333 ], [ -82.755928972222222, 27.575492333333333 ], [ -82.757482861111114, 27.576078638888887 ], [ -82.758827555555555, 27.5773445 ], [ -82.760172277777784, 27.57861036111111 ], [ -82.761561805555559, 27.58028925 ], [ -82.762951361111107, 27.58196813888889 ], [ -82.763339833333333, 27.58540572222222 ] ] } },
{ "type": "Feature", "properties": { "style": "solid", "thickness": 1 }, "geometry": { "type": "LineString", "coordinates": [ [ -82.719450472222221, 27.6569485 ], [ -82.720509611111112, 27.657877083333332 ], [ -82.722072666666662, 27.659448555555553 ], [ -82.723317861111113, 27.660244083333332 ], [ -82.725122638888891, 27.661926555555553 ], [ -82.726285722222229, 27.662436027777776 ], [ -82.727533833333339, 27.663177027777778 ], [ -82.728342777777783, 27.66427772222222 ], [ -82.72877758333334, 27.665668722222222 ], [ -82.729244194444448, 27.666349388888886 ], [ -82.729906916666664, 27.667915833333335 ], [ -82.729840055555556, 27.670344527777779 ], [ -82.729357138888886, 27.671725694444447 ], [ -82.728958944444443, 27.672602194444444 ], [ -82.728040055555553, 27.674221944444447 ], [ -82.727947833333332, 27.674755916666669 ], [ -82.728170472222217, 27.6752085 ], [ -82.728580805555552, 27.675258777777778 ], [ -82.728672472222229, 27.675022833333333 ], [ -82.728410555555556, 27.674500583333334 ], [ -82.728406722222218, 27.674233 ], [ -82.728785888888893, 27.673976583333335 ], [ -82.72935861111111, 27.67382375 ], [ -82.729878083333332, 27.6738895 ], [ -82.73058263888889, 27.674228888888891 ], [ -82.731359777777783, 27.674521833333333 ], [ -82.732405944444452, 27.674468555555556 ], [ -82.73418797222223, 27.67403625 ], [ -82.735417916666663, 27.673298361111112 ], [ -82.736829694444452, 27.673403361111113 ], [ -82.738837305555563, 27.673599611111111 ], [ -82.74002902777778, 27.673332694444447 ], [ -82.740888444444451, 27.672304666666669 ], [ -82.742446861111105, 27.671763083333335 ], [ -82.74274063888889, 27.671279333333334 ], [ -82.742614027777776, 27.670428277777781 ], [ -82.742695055555558, 27.669472694444444 ], [ -82.74244213888889, 27.668897083333334 ], [ -82.74188325, 27.668026083333334 ], [ -82.741945611111106, 27.667553027777778 ], [ -82.742578166666661, 27.66728638888889 ], [ -82.743154388888897, 27.666934333333334 ], [ -82.742883722222217, 27.666214777777775 ], [ -82.741984166666668, 27.66556247222222 ], [ -82.74177025, 27.665160138888886 ], [ -82.74222425, 27.664181361111108 ], [ -82.742374861111117, 27.663423555555553 ], [ -82.742797638888888, 27.661824777777777 ], [ -82.743479166666674, 27.661272722222222 ], [ -82.744182694444447, 27.660513777777776 ], [ -82.744426444444443, 27.660142055555553 ], [ -82.744247583333333, 27.65981025 ], [ -82.743980166666674, 27.659724666666666 ], [ -82.744071833333336, 27.659438388888887 ], [ -82.744486555555554, 27.659152083333332 ], [ -82.7445945, 27.65884211111111 ], [ -82.74432377777778, 27.65775122222222 ], [ -82.744988416666672, 27.655327277777776 ], [ -82.74485225, 27.654637138888887 ], [ -82.743913722222217, 27.654281194444444 ], [ -82.743025083333336, 27.6535755 ], [ -82.741193666666661, 27.653189444444443 ], [ -82.73946766666667, 27.652657138888888 ], [ -82.738062027777772, 27.65156025 ], [ -82.737337833333328, 27.650446027777775 ], [ -82.73712858333333, 27.649726861111109 ], [ -82.738503555555553, 27.649966583333335 ], [ -82.740998916666669, 27.651119833333333 ], [ -82.743031444444441, 27.652345027777777 ], [ -82.745781361111113, 27.653170722222221 ], [ -82.746468833333338, 27.653596888888888 ], [ -82.746947083333339, 27.654289388888888 ], [ -82.746737833333327, 27.655381388888888 ], [ -82.745841138888892, 27.658976944444444 ], [ -82.74491452777778, 27.662279444444444 ], [ -82.744496083333331, 27.66662047222222 ], [ -82.74458575, 27.669736305555556 ], [ -82.743718916666666, 27.672852055555555 ], [ -82.742672777777784, 27.675674777777779 ], [ -82.741985305555559, 27.676074222222223 ], [ -82.740729888888893, 27.676473666666666 ], [ -82.73908594444444, 27.676500305555557 ], [ -82.737202861111115, 27.676074222222223 ], [ -82.735319777777775, 27.675275361111112 ], [ -82.733287222222231, 27.675142194444447 ], [ -82.732181277777784, 27.675541638888891 ], [ -82.731135138888888, 27.676260638888891 ], [ -82.730597111111109, 27.676526916666667 ], [ -82.729491166666662, 27.67618075 ], [ -82.727608083333337, 27.675914444444444 ], [ -82.727010277777779, 27.677325805555558 ], [ -82.728956611111116, 27.677667694444445 ], [ -82.730015583333341, 27.678717611111111 ], [ -82.7308525, 27.679889277777779 ], [ -82.730918027777776, 27.681716277777777 ], [ -82.730649, 27.685737 ], [ -82.729812083333329, 27.690077083333332 ], [ -82.72903494444445, 27.69289936111111 ], [ -82.728496916666671, 27.693751361111111 ], [ -82.727779555555557, 27.69404425 ], [ -82.727032305555554, 27.69404425 ], [ -82.726045916666664, 27.6943105 ], [ -82.72517908333333, 27.694709861111111 ], [ -82.719559722222229, 27.69255325 ], [ -82.718483666666671, 27.6915415 ], [ -82.7168995, 27.688266527777778 ], [ -82.717975555555554, 27.687734 ], [ -82.718902138888893, 27.687015083333332 ], [ -82.719380388888894, 27.673914055555557 ], [ -82.722398111111119, 27.673152361111111 ], [ -82.72285319444444, 27.67237327777778 ], [ -82.724022, 27.672014472222223 ], [ -82.724061138888885, 27.671378111111114 ], [ -82.723961833333334, 27.670288166666669 ], [ -82.723949555555564, 27.668847388888889 ], [ -82.72324155555556, 27.667258611111112 ], [ -82.72096875, 27.665344305555553 ], [ -82.72085088888889, 27.664195305555555 ], [ -82.721003666666675, 27.663715583333332 ], [ -82.722020777777786, 27.663684638888888 ], [ -82.723260527777782, 27.6639245 ], [ -82.724570111111106, 27.665251444444444 ], [ -82.724928083333339, 27.6650735 ], [ -82.724422777777775, 27.663711222222222 ], [ -82.723303472222227, 27.661657055555555 ], [ -82.721931555555557, 27.660788611111109 ], [ -82.720224777777773, 27.661097777777776 ], [ -82.719808388888893, 27.660764666666665 ], [ -82.720792694444441, 27.659739472222221 ], [ -82.719925888888895, 27.658860583333333 ], [ -82.719268305555559, 27.659020388888887 ], [ -82.71856588888889, 27.658434444444442 ], [ -82.71798347222223, 27.657821555555554 ], [ -82.7173625, 27.656535666666667 ], [ -82.716866416666662, 27.655410027777776 ], [ -82.716498916666666, 27.65322583333333 ], [ -82.715988194444449, 27.651767166666666 ], [ -82.71601875, 27.651368638888886 ], [ -82.716546944444445, 27.651179055555556 ], [ -82.716896166666672, 27.651523416666667 ], [ -82.717654222222222, 27.65342722222222 ], [ -82.718610722222223, 27.655158472222222 ], [ -82.718984972222231, 27.656542694444443 ], [ -82.719450472222221, 27.6569485 ] ] } },
{ "type": "Feature", "properties": { "style": "solid", "thickness": 1 }, "geometry": { "type": "LineString", "coordinates": [ [ -82.765865111111111, 27.756232972222222 ], [ -82.766925916666665, 27.75841461111111 ], [ -82.76798675, 27.760596222222222 ], [ -82.769241833333339, 27.763017194444444 ], [ -82.770795722222218, 27.765305111111111 ], [ -82.772678305555559, 27.767646194444442 ], [ -82.774949388888885, 27.769960611111109 ], [ -82.777429611111117, 27.772035555555554 ], [ -82.77817669444444, 27.772301583333331 ], [ -82.778565166666667, 27.77283361111111 ], [ -82.779640916666665, 27.773871055555556 ], [ -82.781045416666672, 27.77560011111111 ], [ -82.782270583333329, 27.778552777777776 ], [ -82.783407472222223, 27.780732166666667 ], [ -82.782808472222214, 27.781505333333332 ], [ -82.781608, 27.782821944444443 ], [ -82.780123777777774, 27.78388852777778 ], [ -82.778534833333339, 27.783931027777779 ], [ -82.777595472222217, 27.783556555555556 ], [ -82.777182944444448, 27.78286672222222 ], [ -82.775616888888891, 27.783522722222223 ], [ -82.774089527777775, 27.783885388888891 ], [ -82.767867222222222, 27.786825083333333 ], [ -82.76487897222222, 27.786426111111112 ], [ -82.764042277777776, 27.785096194444446 ], [ -82.76341475, 27.783792861111113 ], [ -82.762398722222215, 27.782117138888889 ], [ -82.761083916666664, 27.78110636111111 ], [ -82.758484138888889, 27.77884538888889 ], [ -82.757557777777777, 27.77735575 ], [ -82.764580166666661, 27.774456277777777 ], [ -82.76616391666667, 27.77352525 ], [ -82.767979666666662, 27.772785472222221 ], [ -82.768455472222215, 27.77210525 ], [ -82.769327305555549, 27.771436083333331 ], [ -82.769682138888882, 27.77111972222222 ], [ -82.76966902777778, 27.770899416666666 ], [ -82.769297972222219, 27.770907138888887 ], [ -82.767124055555556, 27.771803805555553 ], [ -82.766495638888884, 27.771443638888886 ], [ -82.766262277777784, 27.771208416666667 ], [ -82.766001583333335, 27.771171055555556 ], [ -82.765366, 27.77130075 ], [ -82.764551666666662, 27.771362305555556 ], [ -82.76440519444445, 27.771291944444442 ], [ -82.764415138888893, 27.770533611111109 ], [ -82.7648885, 27.770201166666666 ], [ -82.765440305555558, 27.769247166666666 ], [ -82.766322277777775, 27.768212388888887 ], [ -82.766423638888895, 27.767084527777776 ], [ -82.76685908333333, 27.766144333333333 ], [ -82.766432222222221, 27.764120222222221 ], [ -82.765805805555559, 27.762192444444445 ], [ -82.765239444444447, 27.760233722222221 ], [ -82.764686611111117, 27.758703944444445 ], [ -82.764029194444447, 27.758278277777777 ], [ -82.762296027777779, 27.757347083333332 ], [ -82.76172825, 27.755165416666667 ], [ -82.761548944444442, 27.753329611111113 ], [ -82.76098119444444, 27.752478194444443 ], [ -82.760264, 27.750988222222222 ], [ -82.759397416666673, 27.7498175 ], [ -82.75987552777778, 27.749365194444444 ], [ -82.760174361111112, 27.749578055555556 ], [ -82.760951305555551, 27.7505625 ], [ -82.761399527777783, 27.75021661111111 ], [ -82.76050305555556, 27.7483275 ], [ -82.75888308333333, 27.747236583333333 ], [ -82.757836055555558, 27.7451545 ], [ -82.75718338888889, 27.744069833333334 ], [ -82.756813138888887, 27.743674222222221 ], [ -82.756201861111109, 27.742619305555557 ], [ -82.754635722222218, 27.739639916666668 ], [ -82.756756305555555, 27.738418388888888 ], [ -82.757182361111106, 27.740125388888888 ], [ -82.757836055555558, 27.741563027777779 ], [ -82.7588035, 27.7430125 ], [ -82.760018666666667, 27.744269777777777 ], [ -82.761529027777783, 27.747282083333335 ], [ -82.76238566666666, 27.749158972222222 ], [ -82.765865111111111, 27.756232972222222 ] ] } },
{ "type": "Feature", "properties": { "style": "solid", "thickness": 1 }, "geometry": { "type": "LineString", "coordinates": [ [ -82.738782777777786, 27.707228027777777 ], [ -82.739231, 27.709690111111112 ], [ -82.73967925, 27.712152194444442 ], [ -82.740486083333337, 27.7156655 ], [ -82.741920444444446, 27.720190055555555 ], [ -82.743324916666666, 27.7236765 ], [ -82.74583505555556, 27.72769508333333 ], [ -82.749211777777774, 27.732325611111108 ], [ -82.750825416666672, 27.734321444444447 ], [ -82.752947083333339, 27.735678583333335 ], [ -82.754890833333334, 27.736884694444445 ], [ -82.754976333333332, 27.737756111111111 ], [ -82.75355441666666, 27.738517111111111 ], [ -82.753441694444447, 27.738675666666669 ], [ -82.753417361111104, 27.73880738888889 ], [ -82.754127416666662, 27.740628055555558 ], [ -82.755008972222228, 27.742676972222224 ], [ -82.756831805555549, 27.745630527777777 ], [ -82.756831805555549, 27.746535222222224 ], [ -82.757548972222224, 27.747253611111113 ], [ -82.758594861111106, 27.749408833333334 ], [ -82.758594861111106, 27.75140436111111 ], [ -82.75964075, 27.754650361111111 ], [ -82.760118888888883, 27.756778805555555 ], [ -82.760417694444442, 27.758268694444446 ], [ -82.759282166666665, 27.758667777777777 ], [ -82.758445444444448, 27.758508138888889 ], [ -82.75733980555556, 27.757098083333332 ], [ -82.75542733333333, 27.7535595 ], [ -82.750646138888882, 27.746641638888889 ], [ -82.749450833333327, 27.745231416666666 ], [ -82.747777416666665, 27.74507175 ], [ -82.746552222222221, 27.745045138888891 ], [ -82.745476472222222, 27.745524111111113 ], [ -82.745117861111112, 27.744539583333335 ], [ -82.746010666666663, 27.74025127777778 ], [ -82.746410361111117, 27.740258972222222 ], [ -82.74700125, 27.740495027777779 ], [ -82.747166361111113, 27.739858805555556 ], [ -82.747009944444443, 27.73952788888889 ], [ -82.745993277777785, 27.739035361111114 ], [ -82.746245111111108, 27.738009555555557 ], [ -82.745324666666662, 27.736648666666667 ], [ -82.745032805555553, 27.736794472222222 ], [ -82.745401361111107, 27.738146527777779 ], [ -82.745318416666663, 27.738390083333336 ], [ -82.742667527777783, 27.739843111111114 ], [ -82.740453833333333, 27.741255055555555 ], [ -82.739476027777783, 27.740328166666668 ], [ -82.738108583333329, 27.740659694444446 ], [ -82.73778775, 27.740287583333334 ], [ -82.738633361111113, 27.739270972222222 ], [ -82.7382165, 27.738249444444445 ], [ -82.739679277777782, 27.737235305555558 ], [ -82.741292916666666, 27.73631725 ], [ -82.744281166666667, 27.735332666666668 ], [ -82.743354805555555, 27.733948888888889 ], [ -82.734599222222229, 27.738951666666669 ], [ -82.733553361111106, 27.737701 ], [ -82.737199, 27.735545555555557 ], [ -82.741830416666673, 27.733080972222222 ], [ -82.742511305555553, 27.73336575 ], [ -82.742936444444439, 27.733130472222221 ], [ -82.741659777777784, 27.731314833333332 ], [ -82.742489611111111, 27.730837666666666 ], [ -82.742209055555563, 27.730293888888887 ], [ -82.739275861111111, 27.731953055555554 ], [ -82.737169138888888, 27.733257 ], [ -82.732627, 27.73578502777778 ], [ -82.73202933333333, 27.735173 ], [ -82.737826555555557, 27.731979638888888 ], [ -82.736750777777772, 27.731500638888889 ], [ -82.736511722222218, 27.730995 ], [ -82.738334555555554, 27.72998375 ], [ -82.739888444444446, 27.729052333333332 ], [ -82.741177111111114, 27.728496805555555 ], [ -82.740560222222229, 27.726948694444442 ], [ -82.739113416666669, 27.727726055555554 ], [ -82.738596388888894, 27.726913333333332 ], [ -82.740651444444438, 27.725713416666665 ], [ -82.739265194444442, 27.723704805555553 ], [ -82.738806055555557, 27.72338236111111 ], [ -82.737818333333337, 27.723167333333333 ], [ -82.737199972222228, 27.722607805555555 ], [ -82.736990972222216, 27.721955083333331 ], [ -82.737038777777784, 27.72144322222222 ], [ -82.736552166666669, 27.721193083333333 ], [ -82.7344015, 27.7211315 ], [ -82.734130944444445, 27.721374722222219 ], [ -82.734640333333331, 27.722442305555553 ], [ -82.733428833333335, 27.723091472222219 ], [ -82.730313666666675, 27.724927138888887 ], [ -82.729797777777776, 27.724830777777775 ], [ -82.728876694444452, 27.723945638888889 ], [ -82.728820222222225, 27.723533861111111 ], [ -82.732627, 27.721731666666663 ], [ -82.734114833333336, 27.721070805555552 ], [ -82.733705166666667, 27.720229805555554 ], [ -82.733762916666663, 27.719015694444444 ], [ -82.73262025, 27.718608472222222 ], [ -82.73260502777778, 27.717268194444443 ], [ -82.731137611111109, 27.717254722222222 ], [ -82.731046361111112, 27.718318861111108 ], [ -82.730696611111114, 27.718547833333332 ], [ -82.728971944444453, 27.71850372222222 ], [ -82.728593944444441, 27.718395972222222 ], [ -82.72865125, 27.71655225 ], [ -82.727888472222219, 27.716467333333334 ], [ -82.727697305555552, 27.716300805555555 ], [ -82.727682361111107, 27.716051916666665 ], [ -82.727784194444453, 27.7158005 ], [ -82.728032, 27.715628916666667 ], [ -82.727979805555563, 27.714753333333334 ], [ -82.727214527777775, 27.713918833333334 ], [ -82.726771472222225, 27.713182361111109 ], [ -82.726923527777785, 27.712164194444444 ], [ -82.727774527777783, 27.711412777777777 ], [ -82.728572777777785, 27.710294666666666 ], [ -82.729492166666674, 27.709786888888889 ], [ -82.729952694444449, 27.709746444444445 ], [ -82.730584583333339, 27.710248027777777 ], [ -82.730736666666672, 27.711103416666667 ], [ -82.731253694444447, 27.711453666666667 ], [ -82.732181277777784, 27.711521027777778 ], [ -82.733638333333332, 27.711168861111112 ], [ -82.73554169444445, 27.711140722222222 ], [ -82.735418055555556, 27.710637694444443 ], [ -82.734577166666668, 27.710605722222223 ], [ -82.731938805555558, 27.709184527777776 ], [ -82.731372916666672, 27.708973666666665 ], [ -82.730613166666672, 27.708895194444445 ], [ -82.730500194444446, 27.7083525 ], [ -82.729805027777786, 27.707932972222221 ], [ -82.727515388888889, 27.708394527777777 ], [ -82.726584972222227, 27.708491388888888 ], [ -82.726382111111107, 27.708461194444443 ], [ -82.726167583333336, 27.708333083333333 ], [ -82.725959444444442, 27.706652388888887 ], [ -82.725645694444452, 27.704789138888888 ], [ -82.726168638888893, 27.702599777777777 ], [ -82.726979222222226, 27.701109083333332 ], [ -82.728452777777775, 27.698990527777777 ], [ -82.72946402777778, 27.69815525 ], [ -82.730946666666668, 27.697131333333335 ], [ -82.73320725, 27.69467675 ], [ -82.733629027777781, 27.694673416666667 ], [ -82.734108194444445, 27.694886805555555 ], [ -82.734478111111116, 27.69520575 ], [ -82.734517472222223, 27.695637472222224 ], [ -82.734112027777783, 27.696333916666667 ], [ -82.73451025, 27.697144361111111 ], [ -82.735323805555552, 27.697191527777779 ], [ -82.735843083333336, 27.691232916666667 ], [ -82.735633916666671, 27.69002163888889 ], [ -82.736470638888889, 27.6862945 ], [ -82.736209166666669, 27.683964972222224 ], [ -82.736261444444452, 27.682707 ], [ -82.736836694444449, 27.682520638888889 ], [ -82.738196333333335, 27.682986555555555 ], [ -82.738510111111111, 27.684989972222223 ], [ -82.738612833333335, 27.692357666666666 ], [ -82.738560527777778, 27.702047416666666 ], [ -82.738782777777786, 27.707228027777777 ] ] } },
{ "type": "Feature", "properties": { "style": "solid", "thickness": 1 }, "geometry": { "type": "LineString", "coordinates": [ [ -82.742378083333335, 27.750207083333333 ], [ -82.743649194444444, 27.74954675 ], [ -82.744279194444445, 27.74937361111111 ], [ -82.744596361111107, 27.749015805555558 ], [ -82.74445297222222, 27.748681055555558 ], [ -82.744725555555561, 27.7479955 ], [ -82.745229527777781, 27.747452972222224 ], [ -82.745781305555553, 27.747191361111113 ], [ -82.746650277777775, 27.747329861111112 ], [ -82.747236805555559, 27.748010888888889 ], [ -82.747701694444444, 27.748191722222224 ], [ -82.748236111111112, 27.747980111111112 ], [ -82.748540222222218, 27.748041666666669 ], [ -82.74876616666667, 27.748414861111112 ], [ -82.749171861111108, 27.748771472222224 ], [ -82.749970194444444, 27.749034083333335 ], [ -82.750221111111117, 27.749148527777777 ], [ -82.750335166666673, 27.749444805555555 ], [ -82.750061444444441, 27.749781444444444 ], [ -82.749681277777782, 27.750394166666666 ], [ -82.749681277777782, 27.75099338888889 ], [ -82.750289527777781, 27.751821555555555 ], [ -82.750550916666668, 27.7526055 ], [ -82.751508916666666, 27.753568305555557 ], [ -82.750216361111114, 27.754611888888888 ], [ -82.749433222222223, 27.753958805555556 ], [ -82.748946611111108, 27.752390055555555 ], [ -82.748805027777777, 27.752040138888891 ], [ -82.748344472222229, 27.751840083333335 ], [ -82.747618916666667, 27.751824694444444 ], [ -82.747010638888895, 27.752194027777779 ], [ -82.747484222222226, 27.752678805555554 ], [ -82.74747988888889, 27.752832694444443 ], [ -82.746350722222218, 27.753727694444443 ], [ -82.745202611111111, 27.754434638888888 ], [ -82.744533527777776, 27.754454833333334 ], [ -82.742579472222218, 27.754259583333333 ], [ -82.742706361111118, 27.752254027777777 ], [ -82.74244783333333, 27.751856777777778 ], [ -82.742060083333328, 27.751695194444444 ], [ -82.7416495, 27.751385472222221 ], [ -82.741512638888892, 27.751055555555556 ], [ -82.741641888888893, 27.750597722222221 ], [ -82.742378083333335, 27.750207083333333 ] ] } },
{ "type": "Feature", "properties": { "style": "solid", "thickness": 1 }, "geometry": { "type": "LineString", "coordinates": [ [ -82.722780583333332, 27.709497944444443 ], [ -82.722967833333328, 27.709546972222221 ], [ -82.723085583333329, 27.710146138888888 ], [ -82.722365861111115, 27.710888138888887 ], [ -82.722248555555552, 27.712731694444443 ], [ -82.721870555555554, 27.713193555555556 ], [ -82.721187944444452, 27.713463888888889 ], [ -82.718662888888886, 27.71399625 ], [ -82.715618944444444, 27.714715277777778 ], [ -82.714793083333333, 27.715273777777778 ], [ -82.71380697222223, 27.715034222222222 ], [ -82.711506027777787, 27.7156065 ], [ -82.709306666666663, 27.716139916666666 ], [ -82.707881583333332, 27.715935944444443 ], [ -82.707170277777777, 27.713447277777778 ], [ -82.709220027777775, 27.712891666666668 ], [ -82.711063166666676, 27.712609444444443 ], [ -82.711450944444451, 27.71207736111111 ], [ -82.711506027777787, 27.710376361111109 ], [ -82.711532194444445, 27.709442944444444 ], [ -82.71152819444444, 27.706236472222223 ], [ -82.71193225, 27.705682194444442 ], [ -82.712635833333337, 27.705513583333332 ], [ -82.713239194444441, 27.704946388888889 ], [ -82.713048111111121, 27.702945333333332 ], [ -82.713328861111108, 27.700234833333333 ], [ -82.713757111111107, 27.699347861111111 ], [ -82.714836166666672, 27.697370416666669 ], [ -82.714515694444444, 27.69689138888889 ], [ -82.71451075, 27.696717611111112 ], [ -82.71459333333334, 27.696649972222222 ], [ -82.714739138888888, 27.696605416666667 ], [ -82.715301027777784, 27.696556888888889 ], [ -82.715797555555554, 27.696297333333334 ], [ -82.716701, 27.694981416666668 ], [ -82.717076944444443, 27.695183777777778 ], [ -82.716016222222223, 27.696856444444446 ], [ -82.716330333333332, 27.698256777777779 ], [ -82.71612925, 27.698342555555556 ], [ -82.71592316666667, 27.698307361111112 ], [ -82.715846222222225, 27.698210583333335 ], [ -82.715970361111118, 27.698032416666667 ], [ -82.715935583333334, 27.697731083333334 ], [ -82.715573111111112, 27.697726666666668 ], [ -82.714634805555562, 27.699538166666667 ], [ -82.714387611111107, 27.700556583333334 ], [ -82.713933, 27.703410194444444 ], [ -82.71399816666667, 27.704079944444445 ], [ -82.714310972222222, 27.704668861111109 ], [ -82.71496975, 27.704900527777777 ], [ -82.71655125, 27.704634916666667 ], [ -82.718100555555552, 27.704283277777776 ], [ -82.721835083333332, 27.703464333333333 ], [ -82.72207794444445, 27.703870333333331 ], [ -82.722231777777779, 27.70621636111111 ], [ -82.72234402777778, 27.708430333333332 ], [ -82.722780583333332, 27.709497944444443 ] ] } },
{ "type": "Feature", "properties": { "style": "solid", "thickness": 1 }, "geometry": { "type": "LineString", "coordinates": [ [ -82.69989841666667, 27.718501305555552 ], [ -82.692460472222223, 27.710722083333334 ], [ -82.692586083333339, 27.710428444444442 ], [ -82.692942361111122, 27.710193666666665 ], [ -82.704889333333341, 27.707363527777776 ], [ -82.705444388888893, 27.707579055555556 ], [ -82.70583975000001, 27.708535527777777 ], [ -82.70583975000001, 27.70901375 ], [ -82.705505222222229, 27.709276444444445 ], [ -82.698548166666669, 27.710892972222222 ], [ -82.698026277777785, 27.711450027777776 ], [ -82.701319916666677, 27.714912527777777 ], [ -82.705798277777774, 27.713855083333332 ], [ -82.706620527777787, 27.716669444444442 ], [ -82.705573444444454, 27.71715436111111 ], [ -82.69989841666667, 27.718501305555552 ] ] } },
{ "type": "Feature", "properties": { "style": "solid", "thickness": 1 }, "geometry": { "type": "LineString", "coordinates": [ [ -82.74019625, 27.62932013888889 ], [ -82.74044025, 27.630729361111111 ], [ -82.740723305555562, 27.632651805555557 ], [ -82.740986805555551, 27.634113166666666 ], [ -82.74080136111111, 27.63418275 ], [ -82.740104777777773, 27.633416305555556 ], [ -82.740139694444451, 27.6332195 ], [ -82.740296861111119, 27.632841361111112 ], [ -82.740057388888886, 27.6324035 ], [ -82.739590916666671, 27.632257555555555 ], [ -82.739395916666666, 27.632051583333332 ], [ -82.738694805555554, 27.631258138888889 ], [ -82.738435611111115, 27.631141722222221 ], [ -82.73802655555555, 27.631136694444447 ], [ -82.737850916666673, 27.631024194444446 ], [ -82.737722194444444, 27.631062861111111 ], [ -82.737330555555559, 27.631381305555557 ], [ -82.73728775, 27.631547055555558 ], [ -82.737639111111108, 27.632451722222221 ], [ -82.737834305555552, 27.633156333333332 ], [ -82.738097833333327, 27.633130222222224 ], [ -82.738224722222228, 27.632599611111111 ], [ -82.738400388888891, 27.632651805555557 ], [ -82.738361361111117, 27.63291275 ], [ -82.737982027777775, 27.633772777777779 ], [ -82.738039277777773, 27.6340175 ], [ -82.738660305555555, 27.635761166666665 ], [ -82.739811916666667, 27.637113638888888 ], [ -82.740099944444452, 27.637209 ], [ -82.740339388888884, 27.636984444444444 ], [ -82.74021447222222, 27.636249222222222 ], [ -82.740389, 27.636176888888887 ], [ -82.740556027777785, 27.63635161111111 ], [ -82.741016083333335, 27.637157638888887 ], [ -82.741269861111107, 27.638384111111112 ], [ -82.741591944444451, 27.640097638888889 ], [ -82.7418945, 27.64188075 ], [ -82.742275138888886, 27.642968 ], [ -82.742929083333337, 27.644724944444445 ], [ -82.744058805555554, 27.648306194444444 ], [ -82.743961194444452, 27.648975888888888 ], [ -82.743805027777782, 27.649158555555555 ], [ -82.743551277777783, 27.649289 ], [ -82.743199916666669, 27.649193333333333 ], [ -82.741130777777784, 27.64769736111111 ], [ -82.740535416666674, 27.647192916666665 ], [ -82.740428055555554, 27.646471027777778 ], [ -82.739749583333335, 27.645923638888888 ], [ -82.738761527777783, 27.64548522222222 ], [ -82.736644805555557, 27.644074583333332 ], [ -82.735270805555558, 27.643603611111111 ], [ -82.733582527777784, 27.643739055555557 ], [ -82.731015805555558, 27.643564388888887 ], [ -82.729551388888893, 27.643250638888887 ], [ -82.729266194444449, 27.642978555555555 ], [ -82.729328555555554, 27.642664583333332 ], [ -82.730896916666666, 27.641461472222222 ], [ -82.731317305555564, 27.641360027777779 ], [ -82.7325785, 27.6411015 ], [ -82.733620388888895, 27.640340416666668 ], [ -82.733871833333339, 27.639805805555554 ], [ -82.733742805555551, 27.638370222222221 ], [ -82.734978277777785, 27.637727777777776 ], [ -82.735529527777786, 27.637659222222222 ], [ -82.735781388888896, 27.63724425 ], [ -82.735036638888886, 27.636423138888887 ], [ -82.733849027777779, 27.633727694444445 ], [ -82.733797166666662, 27.631049416666666 ], [ -82.733324361111116, 27.630382722222222 ], [ -82.73300125, 27.62977436111111 ], [ -82.732753083333336, 27.627332305555555 ], [ -82.733238527777786, 27.625216111111111 ], [ -82.7342925, 27.624427194444444 ], [ -82.734587472222216, 27.623862972222224 ], [ -82.734591194444448, 27.623196333333333 ], [ -82.734397305555561, 27.620894472222222 ], [ -82.733533222222221, 27.619559194444445 ], [ -82.733314166666673, 27.61889675 ], [ -82.733448555555555, 27.618313166666667 ], [ -82.73316925, 27.617094722222223 ], [ -82.733448861111114, 27.616790555555557 ], [ -82.733384277777773, 27.616586 ], [ -82.732818916666673, 27.616261055555558 ], [ -82.731854916666663, 27.615865388888892 ], [ -82.731599111111109, 27.615967361111114 ], [ -82.731741888888891, 27.616368222222224 ], [ -82.731095277777783, 27.616686277777777 ], [ -82.731088472222226, 27.616877166666669 ], [ -82.731240333333332, 27.617011805555556 ], [ -82.731550777777784, 27.61702013888889 ], [ -82.731880722222229, 27.616955138888891 ], [ -82.732578722222229, 27.617266333333333 ], [ -82.732850583333331, 27.618105444444446 ], [ -82.7328335, 27.618531666666666 ], [ -82.732794527777784, 27.620998722222222 ], [ -82.732920194444446, 27.621605916666667 ], [ -82.733610444444452, 27.622025194444443 ], [ -82.733653138888883, 27.622466638888888 ], [ -82.733926361111116, 27.623281027777779 ], [ -82.733909277777784, 27.623631111111113 ], [ -82.733721444444441, 27.624026888888888 ], [ -82.73354194444444, 27.624323083333334 ], [ -82.732670916666663, 27.624778388888888 ], [ -82.731229638888891, 27.623982861111113 ], [ -82.731418333333338, 27.621829166666668 ], [ -82.731220972222218, 27.621272333333334 ], [ -82.731226555555551, 27.620818472222222 ], [ -82.731107555555553, 27.620593444444445 ], [ -82.730710972222226, 27.62060852777778 ], [ -82.729977833333336, 27.621248472222224 ], [ -82.728923305555554, 27.621148833333333 ], [ -82.72833833333334, 27.621194527777778 ], [ -82.727805388888896, 27.621521805555556 ], [ -82.726917027777773, 27.621580277777777 ], [ -82.72562794444444, 27.620832166666666 ], [ -82.72472913888889, 27.62058988888889 ], [ -82.723599583333339, 27.621128305555555 ], [ -82.722597555555552, 27.620923694444446 ], [ -82.72188797222222, 27.621500027777778 ], [ -82.720914666666673, 27.622626472222223 ], [ -82.720060888888895, 27.623433222222221 ], [ -82.718780194444449, 27.62388988888889 ], [ -82.717175083333331, 27.623920333333334 ], [ -82.71563275, 27.624321305555554 ], [ -82.715456638888895, 27.624719722222224 ], [ -82.71588175, 27.625322722222222 ], [ -82.717004333333335, 27.62497063888889 ], [ -82.717789805555554, 27.625944833333335 ], [ -82.717738583333329, 27.626538472222222 ], [ -82.717960555555564, 27.626888555555556 ], [ -82.718370388888886, 27.627801833333333 ], [ -82.719121722222226, 27.62917175 ], [ -82.719719361111117, 27.630922166666668 ], [ -82.720334083333341, 27.633098722222222 ], [ -82.719907194444446, 27.633190027777779 ], [ -82.719685222222225, 27.632474666666667 ], [ -82.719258333333329, 27.63229202777778 ], [ -82.719138777777786, 27.633890166666667 ], [ -82.719148277777776, 27.634881583333332 ], [ -82.719609805555564, 27.634921583333334 ], [ -82.719924277777778, 27.634255472222222 ], [ -82.720553055555555, 27.634036555555554 ], [ -82.721195055555555, 27.63332902777778 ], [ -82.72128994444445, 27.633005861111112 ], [ -82.722300444444443, 27.631709888888889 ], [ -82.722573888888888, 27.63090425 ], [ -82.722622472222227, 27.630236666666669 ], [ -82.722986833333337, 27.630123611111113 ], [ -82.723357944444444, 27.630393416666667 ], [ -82.724399, 27.63175625 ], [ -82.724409416666674, 27.63209775 ], [ -82.724193194444453, 27.632444222222222 ], [ -82.7231345, 27.633555333333334 ], [ -82.721220361111108, 27.635397694444443 ], [ -82.720708055555562, 27.635807194444443 ], [ -82.720209833333328, 27.636808277777778 ], [ -82.719757666666666, 27.637784972222221 ], [ -82.719423277777778, 27.638176416666667 ], [ -82.718943416666662, 27.638390888888889 ], [ -82.71867175, 27.638397916666666 ], [ -82.718334638888891, 27.637926805555555 ], [ -82.719002194444442, 27.636812472222221 ], [ -82.719599833333334, 27.635533972222223 ], [ -82.71867775, 27.63521436111111 ], [ -82.718080083333334, 27.63666025 ], [ -82.717653194444452, 27.637314722222222 ], [ -82.716662805555558, 27.640541305555555 ], [ -82.716150527777785, 27.642093694444444 ], [ -82.716914472222228, 27.642232416666666 ], [ -82.717089694444439, 27.641393583333333 ], [ -82.717802777777777, 27.639622833333334 ], [ -82.718406611111106, 27.639915055555555 ], [ -82.718283944444451, 27.640600277777779 ], [ -82.717545333333334, 27.642129083333334 ], [ -82.717470944444443, 27.644210972222222 ], [ -82.718357972222222, 27.644965388888888 ], [ -82.715619083333337, 27.647694527777777 ], [ -82.715620944444453, 27.648080666666665 ], [ -82.715228333333343, 27.648170305555556 ], [ -82.714805333333331, 27.647635305555553 ], [ -82.713526638888894, 27.647337777777778 ], [ -82.7125705, 27.647436138888889 ], [ -82.712247972222229, 27.64704025 ], [ -82.712549861111114, 27.646455833333334 ], [ -82.713710666666671, 27.645855444444443 ], [ -82.71444286111111, 27.645360222222223 ], [ -82.714732, 27.643276222222223 ], [ -82.715113055555562, 27.641688972222223 ], [ -82.715731194444444, 27.638945277777776 ], [ -82.716505944444449, 27.636335388888888 ], [ -82.716583944444452, 27.635664305555554 ], [ -82.71685625, 27.634043805555557 ], [ -82.716453638888893, 27.631511 ], [ -82.716087583333334, 27.630159194444445 ], [ -82.7148325, 27.628714166666668 ], [ -82.71446644444444, 27.62712925 ], [ -82.71526327777778, 27.626053638888891 ], [ -82.714871138888896, 27.625426027777777 ], [ -82.711904027777777, 27.626756305555556 ], [ -82.710766888888898, 27.62672952777778 ], [ -82.709500277777778, 27.626837222222221 ], [ -82.709038722222232, 27.626631083333333 ], [ -82.708368972222232, 27.62689875 ], [ -82.709290111111116, 27.630899666666668 ], [ -82.71002144444445, 27.631371166666668 ], [ -82.711030444444447, 27.633424027777778 ], [ -82.711866388888893, 27.633233083333334 ], [ -82.711965555555565, 27.633567083333332 ], [ -82.710949527777785, 27.63420025 ], [ -82.710657666666663, 27.635122833333334 ], [ -82.710742666666675, 27.635881916666666 ], [ -82.711526083333339, 27.636554833333332 ], [ -82.711296055555565, 27.63802313888889 ], [ -82.711958, 27.63922361111111 ], [ -82.711722416666674, 27.642416694444442 ], [ -82.711462583333329, 27.642760055555556 ], [ -82.711254361111116, 27.642652388888887 ], [ -82.710753555555556, 27.640973166666665 ], [ -82.709655361111118, 27.637710444444444 ], [ -82.709629222222219, 27.63626547222222 ], [ -82.709390972222224, 27.633972083333333 ], [ -82.708858444444445, 27.63306225 ], [ -82.708436388888899, 27.631511777777778 ], [ -82.70803425, 27.630159194444445 ], [ -82.707895638888886, 27.629114472222223 ], [ -82.70764058333333, 27.62752625 ], [ -82.70729441666667, 27.627348583333333 ], [ -82.706741805555552, 27.62807 ], [ -82.70477152777778, 27.629683444444446 ], [ -82.703797138888888, 27.629850972222222 ], [ -82.703347055555554, 27.631228583333336 ], [ -82.70257191666667, 27.633188805555555 ], [ -82.702104305555565, 27.63345261111111 ], [ -82.70087222222223, 27.635310333333333 ], [ -82.699311111111115, 27.638022638888888 ], [ -82.69781025, 27.639057861111112 ], [ -82.69760375, 27.638815611111109 ], [ -82.698283916666668, 27.637916611111109 ], [ -82.698441805555561, 27.637179083333333 ], [ -82.699491611111114, 27.636203583333334 ], [ -82.699894166666667, 27.634886972222223 ], [ -82.700478527777776, 27.633881166666665 ], [ -82.700537277777784, 27.632486388888889 ], [ -82.70112825, 27.630324527777777 ], [ -82.701529944444445, 27.628514083333332 ], [ -82.702470138888899, 27.627331 ], [ -82.703903, 27.625870611111111 ], [ -82.706151638888898, 27.624751833333335 ], [ -82.710544361111118, 27.623166861111113 ], [ -82.729684111111112, 27.614635555555559 ], [ -82.732246527777775, 27.612817333333336 ], [ -82.734808944444438, 27.611185555555558 ], [ -82.736953027777773, 27.612257888888891 ], [ -82.73752825, 27.613563277777779 ], [ -82.736900722222217, 27.617199694444444 ], [ -82.736586972222227, 27.620043444444445 ], [ -82.738364972222229, 27.623306694444445 ], [ -82.740090666666674, 27.628667527777779 ], [ -82.74019625, 27.62932013888889 ] ] } },
{ "type": "Feature", "properties": { "style": "solid", "thickness": 1 }, "geometry": { "type": "LineString", "coordinates": [ [ -82.438292638888896, 27.839503666666666 ], [ -82.436016194444449, 27.839539888888886 ], [ -82.432229638888899, 27.839075805555556 ], [ -82.431113722222221, 27.838615055555554 ], [ -82.430592972222229, 27.838022638888887 ], [ -82.430778972222228, 27.837397277777775 ], [ -82.431039333333345, 27.836590944444442 ], [ -82.431857666666673, 27.829349888888888 ], [ -82.432230777777789, 27.823713055555555 ], [ -82.431505472222227, 27.822955944444445 ], [ -82.431059111111111, 27.822824277777777 ], [ -82.431073138888891, 27.8226755 ], [ -82.433969916666669, 27.82268625 ], [ -82.438930694444451, 27.823119194444445 ], [ -82.43982341666667, 27.823234416666665 ], [ -82.441422861111121, 27.824896694444444 ], [ -82.44159025, 27.825571472222222 ], [ -82.441218277777779, 27.828846583333334 ], [ -82.441720444444442, 27.829965694444443 ], [ -82.441348472222231, 27.830541694444445 ], [ -82.44093930555556, 27.831348111111112 ], [ -82.440509222222232, 27.835343 ], [ -82.441029972222225, 27.8364785 ], [ -82.440937, 27.837054472222221 ], [ -82.440193055555554, 27.837729194444442 ], [ -82.439576194444442, 27.838712277777777 ], [ -82.438875222222222, 27.839332527777778 ], [ -82.438292638888896, 27.839503666666666 ] ] } },
{ "type": "Feature", "properties": { "style": "solid", "thickness": 1 }, "geometry": { "type": "LineString", "coordinates": [ [ -82.621106694444435, 27.522927388888888 ], [ -82.620602694444443, 27.523002305555554 ], [ -82.619507805555543, 27.523641194444444 ], [ -82.618260361111098, 27.524359527777776 ], [ -82.615416722222221, 27.524757583333333 ], [ -82.614029388888881, 27.524831138888889 ], [ -82.612817472222218, 27.52469272222222 ], [ -82.611911111111112, 27.524575833333333 ], [ -82.611031111111103, 27.524304861111109 ], [ -82.609631055555553, 27.525899527777778 ], [ -82.60838583333333, 27.527391333333334 ], [ -82.60991658333333, 27.529241027777775 ], [ -82.609568027777769, 27.532076916666664 ], [ -82.6092065, 27.532650083333333 ], [ -82.608151333333325, 27.533533472222224 ], [ -82.607359972222213, 27.534652027777778 ], [ -82.606414583333333, 27.536182305555556 ], [ -82.606276277777766, 27.53783813888889 ], [ -82.606733361111111, 27.538680833333334 ], [ -82.60687563888888, 27.539339722222223 ], [ -82.60678925, 27.539856888888892 ], [ -82.607019277777766, 27.540045138888889 ], [ -82.607390111111101, 27.539858638888891 ], [ -82.607394055555545, 27.539626388888891 ], [ -82.607221555555554, 27.53945925 ], [ -82.6072325, 27.5389785 ], [ -82.608139944444446, 27.537890361111113 ], [ -82.608998611111105, 27.537368055555557 ], [ -82.609691416666664, 27.53676738888889 ], [ -82.610237833333329, 27.536549777777779 ], [ -82.610589111111111, 27.535809833333335 ], [ -82.610852555555553, 27.535574777777779 ], [ -82.611081583333331, 27.535477194444447 ], [ -82.611603666666667, 27.535551444444447 ], [ -82.611596583333323, 27.536080138888892 ], [ -82.611352555555555, 27.536183361111114 ], [ -82.610959583333326, 27.53620225 ], [ -82.610578305555549, 27.536533611111114 ], [ -82.61075255555555, 27.537070694444445 ], [ -82.611377583333322, 27.537058972222223 ], [ -82.61168402777777, 27.536866694444445 ], [ -82.611777666666654, 27.536375861111114 ], [ -82.611986222222214, 27.536259111111114 ], [ -82.613674861111107, 27.536241166666667 ], [ -82.613701944444443, 27.533695083333335 ], [ -82.614317666666665, 27.533708305555557 ], [ -82.615389722222218, 27.535329361111113 ], [ -82.615296611111106, 27.536233638888891 ], [ -82.614869583333331, 27.536652722222225 ], [ -82.614961444444432, 27.536795888888889 ], [ -82.615676638888885, 27.536570277777781 ], [ -82.616041777777767, 27.536326944444447 ], [ -82.616375694444443, 27.53561927777778 ], [ -82.616601638888881, 27.53531088888889 ], [ -82.617062166666656, 27.535121972222225 ], [ -82.617898805555555, 27.535214972222224 ], [ -82.61921091666666, 27.535492555555557 ], [ -82.620602055555551, 27.536299444444445 ], [ -82.621945388888889, 27.536509305555558 ], [ -82.623800333333321, 27.535825027777779 ], [ -82.625591722222211, 27.536042833333337 ], [ -82.6269386111111, 27.536705888888889 ], [ -82.629126944444437, 27.53691975 ], [ -82.629909, 27.536622361111114 ], [ -82.630371555555556, 27.536074277777779 ], [ -82.631052888888888, 27.535810472222224 ], [ -82.6317125, 27.535801361111112 ], [ -82.632203722222215, 27.5359945 ], [ -82.632731666666658, 27.5362025 ], [ -82.633120388888884, 27.536577611111113 ], [ -82.633151888888875, 27.536699555555558 ], [ -82.632332444444444, 27.536919833333336 ], [ -82.63219483333333, 27.537209333333337 ], [ -82.63230975, 27.53737802777778 ], [ -82.6328465, 27.537676111111114 ], [ -82.633392694444453, 27.537845722222222 ], [ -82.633809805555558, 27.537768638888892 ], [ -82.634010888888895, 27.537863333333334 ], [ -82.6339985, 27.538215805555556 ], [ -82.633970861111123, 27.538804222222225 ], [ -82.6342563888889, 27.539002472222222 ], [ -82.63501608333334, 27.5390245 ], [ -82.635778138888895, 27.538697944444447 ], [ -82.6365155, 27.538015055555558 ], [ -82.636249833333338, 27.537004944444448 ], [ -82.635969416666669, 27.536637472222225 ], [ -82.636083611111118, 27.536470055555558 ], [ -82.636408833333334, 27.536505305555558 ], [ -82.636642194444448, 27.536766916666668 ], [ -82.6372115, 27.537319222222223 ], [ -82.638049888888901, 27.537418277777778 ], [ -82.638799305555565, 27.537186277777778 ], [ -82.639566472222228, 27.536252277777781 ], [ -82.639776527777784, 27.535767916666668 ], [ -82.640185194444456, 27.535077138888891 ], [ -82.641003833333343, 27.533949916666668 ], [ -82.641943, 27.533824027777779 ], [ -82.643040027777786, 27.533498555555557 ], [ -82.643529472222227, 27.53377675 ], [ -82.64336225000001, 27.534144944444446 ], [ -82.643231722222225, 27.534196555555557 ], [ -82.642982027777791, 27.534088305555557 ], [ -82.642665666666673, 27.534040472222223 ], [ -82.641986416666668, 27.534166777777781 ], [ -82.6418715, 27.534463861111114 ], [ -82.641904888888902, 27.534729416666668 ], [ -82.642259111111116, 27.53487425 ], [ -82.643147305555559, 27.534851666666668 ], [ -82.645675555555556, 27.533535527777779 ], [ -82.646363111111114, 27.532980527777777 ], [ -82.646680472222229, 27.532309916666666 ], [ -82.6466733888889, 27.531939805555556 ], [ -82.645617694444454, 27.531708972222223 ], [ -82.645231805555568, 27.53169763888889 ], [ -82.644623555555569, 27.531949416666667 ], [ -82.644406472222229, 27.532270361111109 ], [ -82.641716388888895, 27.53298625 ], [ -82.639702638888892, 27.533146138888888 ], [ -82.638927444444448, 27.533303055555553 ], [ -82.636498722222228, 27.533137305555556 ], [ -82.634896583333344, 27.532992722222222 ], [ -82.63213108333332, 27.532102027777778 ], [ -82.63045836111111, 27.531553388888888 ], [ -82.629467749999989, 27.531422305555555 ], [ -82.626467916666655, 27.529960416666665 ], [ -82.624365861111102, 27.528479777777775 ], [ -82.622750805555555, 27.527203083333333 ], [ -82.621997444444432, 27.525907611111109 ], [ -82.621719861111103, 27.524554472222221 ], [ -82.621389027777767, 27.523033305555554 ], [ -82.621305305555552, 27.522947222222221 ], [ -82.621106694444435, 27.522927388888888 ] ] } },
{ "type": "Feature", "properties": { "style": "solid", "thickness": 1 }, "geometry": { "type": "LineString", "coordinates": [ [ -82.68630269444445, 27.485802222222222 ], [ -82.686533888888889, 27.487299055555557 ], [ -82.687560805555563, 27.489517194444446 ], [ -82.688408555555554, 27.490560333333335 ], [ -82.688208361111109, 27.49126313888889 ], [ -82.687447194444445, 27.492906027777778 ], [ -82.687366277777784, 27.49434738888889 ], [ -82.687978888888892, 27.49510711111111 ], [ -82.688645805555566, 27.495677444444446 ], [ -82.689914472222227, 27.49589725 ], [ -82.690131722222219, 27.496233305555556 ], [ -82.690087333333338, 27.496618027777778 ], [ -82.688567222222233, 27.496985333333335 ], [ -82.687533166666668, 27.496958333333335 ], [ -82.687068277777783, 27.496815666666667 ], [ -82.686386166666665, 27.497158861111114 ], [ -82.686301444444453, 27.498549083333334 ], [ -82.68602663888889, 27.49965388888889 ], [ -82.685962805555562, 27.501288694444444 ], [ -82.686429055555564, 27.503179444444445 ], [ -82.686293333333339, 27.5037885 ], [ -82.685829055555558, 27.504747027777778 ], [ -82.685767, 27.505225166666666 ], [ -82.686084, 27.505956861111112 ], [ -82.686615694444441, 27.507188861111111 ], [ -82.686747722222222, 27.507966388888889 ], [ -82.686091194444444, 27.508757944444444 ], [ -82.686143333333334, 27.50966575 ], [ -82.685893972222232, 27.510473416666667 ], [ -82.685549166666675, 27.511799166666666 ], [ -82.684098027777779, 27.512874916666668 ], [ -82.683078666666674, 27.512949305555555 ], [ -82.681773833333338, 27.512171388888888 ], [ -82.681193055555553, 27.511460944444444 ], [ -82.680748222222221, 27.510539694444443 ], [ -82.680136972222229, 27.509497833333334 ], [ -82.680067111111114, 27.507439055555555 ], [ -82.679193194444451, 27.506776805555557 ], [ -82.678128333333333, 27.505390277777778 ], [ -82.675214555555556, 27.504370888888889 ], [ -82.674954027777787, 27.504083166666668 ], [ -82.674334361111121, 27.502982027777779 ], [ -82.673971333333341, 27.502355805555556 ], [ -82.672977555555562, 27.501094833333333 ], [ -82.671136, 27.500523 ], [ -82.670578222222233, 27.500333 ], [ -82.670260444444452, 27.499959 ], [ -82.670092944444448, 27.499221694444444 ], [ -82.669756694444445, 27.49868138888889 ], [ -82.669266444444446, 27.497636416666669 ], [ -82.669078222222225, 27.496452027777778 ], [ -82.669048194444443, 27.495707055555556 ], [ -82.669177305555564, 27.494614027777779 ], [ -82.668941, 27.493351944444445 ], [ -82.667901666666666, 27.491925166666668 ], [ -82.667207444444443, 27.489275555555558 ], [ -82.667704722222226, 27.488058722222224 ], [ -82.669143166666672, 27.486762861111114 ], [ -82.67052841666667, 27.485402333333333 ], [ -82.670775277777778, 27.485396027777778 ], [ -82.67092405555556, 27.485608305555555 ], [ -82.670423333333332, 27.4866535 ], [ -82.669122527777787, 27.487758305555555 ], [ -82.669052694444446, 27.48800277777778 ], [ -82.669251638888895, 27.488135166666666 ], [ -82.670703888888895, 27.488210722222224 ], [ -82.67336625, 27.488318694444445 ], [ -82.67498786111112, 27.488124333333335 ], [ -82.676391638888887, 27.487821972222225 ], [ -82.677331083333343, 27.486914805555557 ], [ -82.678873194444449, 27.485903444444446 ], [ -82.680806611111109, 27.48549077777778 ], [ -82.682742194444444, 27.48502938888889 ], [ -82.684788583333344, 27.485098833333335 ], [ -82.686063722222229, 27.485458972222222 ], [ -82.68630269444445, 27.485802222222222 ] ] } },
{ "type": "Feature", "properties": { "style": "solid", "thickness": 1 }, "geometry": { "type": "LineString", "coordinates": [ [ -82.689721, 27.441324 ], [ -82.687915833333335, 27.441956305555557 ], [ -82.686968444444446, 27.4418215 ], [ -82.685407722222223, 27.44114736111111 ], [ -82.68298302777778, 27.440835777777778 ], [ -82.680607055555555, 27.439245388888889 ], [ -82.680555500000011, 27.438747805555554 ], [ -82.681108111111115, 27.437636833333332 ], [ -82.680982111111121, 27.436596944444446 ], [ -82.679230861111122, 27.434937111111111 ], [ -82.677449583333342, 27.432727944444444 ], [ -82.675854916666665, 27.4327695 ], [ -82.672700472222232, 27.43229488888889 ], [ -82.670614222222227, 27.43143538888889 ], [ -82.669741722222227, 27.430157138888891 ], [ -82.669280194444454, 27.429204805555557 ], [ -82.66941275, 27.428795055555558 ], [ -82.66995475, 27.42784175 ], [ -82.6697053888889, 27.42726775 ], [ -82.669328861111111, 27.427143694444446 ], [ -82.66854547222222, 27.427407972222223 ], [ -82.668023194444444, 27.426998055555558 ], [ -82.667579888888895, 27.424716527777779 ], [ -82.665486888888893, 27.423765666666668 ], [ -82.66340425, 27.423832694444446 ], [ -82.662836611111118, 27.424267055555557 ], [ -82.662727305555563, 27.424962861111112 ], [ -82.662399361111113, 27.425275694444444 ], [ -82.660905444444452, 27.424185472222224 ], [ -82.658224638888896, 27.421938944444445 ], [ -82.65575902777779, 27.420283 ], [ -82.654649222222233, 27.419228472222223 ], [ -82.654418444444445, 27.41839238888889 ], [ -82.654971805555562, 27.416102583333331 ], [ -82.6542491388889, 27.413789777777776 ], [ -82.654679833333333, 27.411723888888886 ], [ -82.654642972222234, 27.410952111111111 ], [ -82.654345388888899, 27.410040444444444 ], [ -82.653141166666671, 27.408395611111111 ], [ -82.649255638888889, 27.40459236111111 ], [ -82.64917516666668, 27.403441555555553 ], [ -82.64752325, 27.401515111111109 ], [ -82.646900416666668, 27.400276777777776 ], [ -82.646646583333336, 27.399741222222222 ], [ -82.645753527777785, 27.399383333333333 ], [ -82.645598333333339, 27.399180388888887 ], [ -82.645731555555557, 27.398227833333333 ], [ -82.644274083333343, 27.396727972222223 ], [ -82.643409944444457, 27.396089944444444 ], [ -82.64144925, 27.395750833333334 ], [ -82.6407011388889, 27.395304416666665 ], [ -82.639966333333334, 27.394327888888888 ], [ -82.640178527777778, 27.392328527777778 ], [ -82.640521583333339, 27.392066027777776 ], [ -82.640513388888891, 27.390904 ], [ -82.639453694444455, 27.3888335 ], [ -82.637785166666674, 27.388049805555553 ], [ -82.636095361111117, 27.387879833333333 ], [ -82.635263194444448, 27.385871138888888 ], [ -82.634747027777777, 27.384571916666665 ], [ -82.634230861111121, 27.383272666666667 ], [ -82.633619944444447, 27.381648833333333 ], [ -82.634502777777783, 27.381204666666669 ], [ -82.634448138888899, 27.379111055555555 ], [ -82.632864111111104, 27.377481611111111 ], [ -82.631736305555549, 27.376756027777777 ], [ -82.63089997222221, 27.376728277777779 ], [ -82.630307222222214, 27.375359583333335 ], [ -82.630031111111109, 27.37399511111111 ], [ -82.629576527777772, 27.373305694444444 ], [ -82.629011361111111, 27.373060777777777 ], [ -82.628618749999987, 27.373633444444444 ], [ -82.629325527777766, 27.37642127777778 ], [ -82.630842611111106, 27.378241444444445 ], [ -82.630638027777778, 27.381116805555557 ], [ -82.62787619444444, 27.382393361111113 ], [ -82.626632777777772, 27.383923055555556 ], [ -82.623944, 27.382856055555557 ], [ -82.622403, 27.382572777777778 ], [ -82.6194355, 27.380591111111112 ], [ -82.61629922222221, 27.378798972222224 ], [ -82.61550975, 27.37761725 ], [ -82.61548025, 27.377230277777777 ], [ -82.616111388888882, 27.37549175 ], [ -82.616864416666658, 27.37381677777778 ], [ -82.617355499999988, 27.370417472222222 ], [ -82.617051416666655, 27.369226805555556 ], [ -82.61762227777777, 27.368530666666668 ], [ -82.6171, 27.366895527777778 ], [ -82.61593080555555, 27.365098055555556 ], [ -82.614822527777775, 27.364014666666669 ], [ -82.613492555555553, 27.361488944444446 ], [ -82.611806472222213, 27.359790694444445 ], [ -82.611754472222216, 27.358628 ], [ -82.610691722222214, 27.357672722222222 ], [ -82.609509916666667, 27.356406972222224 ], [ -82.607135055555545, 27.35392088888889 ], [ -82.606135138888888, 27.351746611111114 ], [ -82.604587361111101, 27.35316966666667 ], [ -82.603339194444445, 27.351131222222225 ], [ -82.601933249999988, 27.350368972222224 ], [ -82.600611361111106, 27.349141111111109 ], [ -82.59663308333333, 27.347481583333334 ], [ -82.598568166666666, 27.345627888888888 ], [ -82.596548916666663, 27.343625361111108 ], [ -82.595539777777773, 27.343246083333334 ], [ -82.59207025, 27.34073711111111 ], [ -82.589355694444436, 27.339312055555553 ], [ -82.588043944444436, 27.33909075 ], [ -82.58580938888889, 27.338796138888888 ], [ -82.58484380555555, 27.33914161111111 ], [ -82.582542194444443, 27.33900125 ], [ -82.581528, 27.33834811111111 ], [ -82.581551916666669, 27.33738522222222 ], [ -82.58303977777777, 27.3357125 ], [ -82.583130861111101, 27.334951361111109 ], [ -82.582624166666662, 27.334296833333333 ], [ -82.583033694444438, 27.334017472222222 ], [ -82.583234111111111, 27.334049861111112 ], [ -82.584406194444441, 27.334918972222223 ], [ -82.585219944444447, 27.334940583333331 ], [ -82.58764875, 27.33376486111111 ], [ -82.588147583333324, 27.333058833333332 ], [ -82.589539805555546, 27.332293638888888 ], [ -82.589753888888879, 27.331684972222224 ], [ -82.589432, 27.3312215 ], [ -82.589091944444434, 27.331183694444444 ], [ -82.587476555555554, 27.3324955 ], [ -82.586778166666662, 27.333170277777779 ], [ -82.586383416666663, 27.333067722222221 ], [ -82.586261972222218, 27.331631777777776 ], [ -82.586790888888885, 27.330409777777778 ], [ -82.588429027777778, 27.328736305555555 ], [ -82.58977875, 27.32894413888889 ], [ -82.591723583333334, 27.330342333333334 ], [ -82.59319825, 27.331409888888889 ], [ -82.595013305555554, 27.333104611111111 ], [ -82.596165472222211, 27.3344075 ], [ -82.597317694444442, 27.335710388888888 ], [ -82.598469944444446, 27.33701325 ], [ -82.599622222222223, 27.338316111111109 ], [ -82.60061125, 27.339318305555555 ], [ -82.601600333333323, 27.340320472222221 ], [ -82.60258941666666, 27.341322638888887 ], [ -82.603578527777771, 27.342324805555556 ], [ -82.604664416666665, 27.34330875 ], [ -82.605750333333333, 27.344292666666664 ], [ -82.60683625, 27.345276583333334 ], [ -82.607922194444441, 27.34626047222222 ], [ -82.609008138888882, 27.347244361111109 ], [ -82.61009411111111, 27.34822825 ], [ -82.611180111111111, 27.349212138888888 ], [ -82.612266138888884, 27.350196 ], [ -82.613479444444437, 27.351444027777781 ], [ -82.614692777777776, 27.352692055555558 ], [ -82.615906166666662, 27.353940055555558 ], [ -82.617119555555547, 27.355188055555558 ], [ -82.61833297222222, 27.356436027777779 ], [ -82.619546416666665, 27.357684 ], [ -82.620759916666657, 27.358931972222223 ], [ -82.621973416666663, 27.360179916666667 ], [ -82.623217388888875, 27.361874194444447 ], [ -82.624461416666662, 27.363568416666666 ], [ -82.625807305555554, 27.365198861111111 ], [ -82.62715325, 27.366829277777779 ], [ -82.62849925, 27.368459694444446 ], [ -82.629845277777775, 27.370090083333334 ], [ -82.63132372222222, 27.372102944444446 ], [ -82.63280222222221, 27.374115777777778 ], [ -82.634280777777789, 27.376128611111113 ], [ -82.635759361111113, 27.378141416666669 ], [ -82.636575055555568, 27.379384555555557 ], [ -82.637390722222236, 27.380627694444446 ], [ -82.63820644444445, 27.381870805555558 ], [ -82.639022166666678, 27.383113944444446 ], [ -82.639837916666679, 27.384357055555554 ], [ -82.640653694444453, 27.385600166666666 ], [ -82.641469472222226, 27.386843277777778 ], [ -82.642285277777788, 27.388086388888887 ], [ -82.643549611111112, 27.389907666666666 ], [ -82.644813972222224, 27.391728944444445 ], [ -82.646078388888895, 27.39355022222222 ], [ -82.64734283333334, 27.3953715 ], [ -82.648291055555561, 27.396619 ], [ -82.649239305555568, 27.397866472222223 ], [ -82.650187555555561, 27.399113972222221 ], [ -82.651135861111115, 27.400361444444442 ], [ -82.652084166666668, 27.401608916666664 ], [ -82.653032472222222, 27.402856388888889 ], [ -82.653980833333335, 27.40410383333333 ], [ -82.654929194444449, 27.405351305555556 ], [ -82.656815472222235, 27.407409055555554 ], [ -82.658701833333339, 27.409466777777777 ], [ -82.660588277777777, 27.411524472222222 ], [ -82.662474777777788, 27.413582138888888 ], [ -82.663718722222228, 27.414783944444444 ], [ -82.664962722222228, 27.415985722222221 ], [ -82.666206722222228, 27.417187472222224 ], [ -82.667450777777788, 27.41838925 ], [ -82.669286138888893, 27.419955138888891 ], [ -82.671121583333331, 27.421521027777779 ], [ -82.672579666666678, 27.422604388888889 ], [ -82.674037777777784, 27.42368775 ], [ -82.675495944444449, 27.424771083333333 ], [ -82.676954111111115, 27.425854416666667 ], [ -82.678728305555566, 27.427037861111113 ], [ -82.680502555555563, 27.428221305555557 ], [ -82.682460333333339, 27.429750638888891 ], [ -82.68472397222223, 27.43117075 ], [ -82.686987666666667, 27.432590833333336 ], [ -82.688333638888892, 27.43441138888889 ], [ -82.689516472222223, 27.435685777777778 ], [ -82.690067083333332, 27.437997833333334 ], [ -82.6900975, 27.439981138888889 ], [ -82.689721, 27.441324 ] ] } },
{ "type": "Feature", "properties": { "style": "solid", "thickness": 1 }, "geometry": { "type": "LineString", "coordinates": [ [ -82.58787925, 27.3262785 ], [ -82.586986527777768, 27.32776175 ], [ -82.586112305555545, 27.329024833333332 ], [ -82.585088583333331, 27.329478305555554 ], [ -82.582535138888886, 27.331293277777778 ], [ -82.58117430555555, 27.332341555555555 ], [ -82.579414722222225, 27.333725277777777 ], [ -82.577655111111113, 27.335108972222223 ], [ -82.575895444444441, 27.336492638888888 ], [ -82.573770666666661, 27.338075361111109 ], [ -82.573466972222221, 27.338089472222222 ], [ -82.572639611111114, 27.3367405 ], [ -82.572444916666669, 27.335103361111109 ], [ -82.57436675, 27.333020805555556 ], [ -82.575916638888884, 27.331932305555554 ], [ -82.576555166666665, 27.33155286111111 ], [ -82.577200638888883, 27.331432555555555 ], [ -82.578317611111103, 27.332019055555556 ], [ -82.579137444444441, 27.331916472222222 ], [ -82.582098083333335, 27.329304611111112 ], [ -82.582827583333327, 27.326793972222223 ], [ -82.584845666666666, 27.325317472222221 ], [ -82.585695888888878, 27.324401027777778 ], [ -82.58568525, 27.323843638888889 ], [ -82.58455675, 27.321663555555556 ], [ -82.583037, 27.320123527777778 ], [ -82.582218666666662, 27.319934555555555 ], [ -82.58058202777778, 27.320416416666667 ], [ -82.58051827777777, 27.321550166666665 ], [ -82.579848722222224, 27.322617777777779 ], [ -82.577957027777771, 27.322967333333334 ], [ -82.575895277777775, 27.322173722222221 ], [ -82.574279888888881, 27.320406972222223 ], [ -82.5728675, 27.321248527777776 ], [ -82.573213638888888, 27.321722944444446 ], [ -82.568165555555552, 27.324481694444444 ], [ -82.567666055555549, 27.32393375 ], [ -82.564913527777776, 27.325369777777777 ], [ -82.564626583333336, 27.325709888888888 ], [ -82.563319972222217, 27.326576027777776 ], [ -82.559774166666671, 27.328402083333334 ], [ -82.5588025, 27.329470972222222 ], [ -82.558207361111101, 27.329076888888888 ], [ -82.558871666666661, 27.327952472222222 ], [ -82.558568027777781, 27.327261444444446 ], [ -82.55973925, 27.326556277777776 ], [ -82.559520611111111, 27.324472416666666 ], [ -82.559688, 27.323338694444445 ], [ -82.559859277777775, 27.321746666666666 ], [ -82.56004322222222, 27.321527638888888 ], [ -82.560747666666657, 27.321361055555556 ], [ -82.560036277777769, 27.320666916666667 ], [ -82.557670666666667, 27.322742305555554 ], [ -82.557410611111109, 27.32277086111111 ], [ -82.555591888888884, 27.32082761111111 ], [ -82.555106055555555, 27.319067583333332 ], [ -82.55513, 27.318474722222224 ], [ -82.556096805555555, 27.315415972222223 ], [ -82.55711622222222, 27.312148638888889 ], [ -82.559816777777769, 27.309938222222222 ], [ -82.559981777777779, 27.310001361111112 ], [ -82.560688222222225, 27.31108863888889 ], [ -82.563970722222223, 27.316000333333335 ], [ -82.563642777777773, 27.319197888888887 ], [ -82.56183875, 27.319542722222224 ], [ -82.562203111111103, 27.321119194444446 ], [ -82.563988555555554, 27.320822277777779 ], [ -82.564397722222225, 27.322712527777778 ], [ -82.561573805555554, 27.323171416666668 ], [ -82.562023222222223, 27.32537947222222 ], [ -82.563784361111104, 27.324402305555555 ], [ -82.564671, 27.324925972222221 ], [ -82.567823972222214, 27.323167694444443 ], [ -82.568186444444436, 27.322295472222223 ], [ -82.568412, 27.320297888888888 ], [ -82.568873527777768, 27.320060361111111 ], [ -82.571611555555549, 27.320031472222222 ], [ -82.572310361111107, 27.320680305555555 ], [ -82.573849, 27.31973961111111 ], [ -82.572780277777781, 27.318680833333332 ], [ -82.572680055555551, 27.317753555555555 ], [ -82.573271722222216, 27.316504055555555 ], [ -82.573149, 27.315323361111112 ], [ -82.574017416666663, 27.315041833333336 ], [ -82.572553, 27.313064194444443 ], [ -82.571276444444436, 27.313302694444445 ], [ -82.569669222222217, 27.312498111111111 ], [ -82.568643666666659, 27.311601305555556 ], [ -82.56838375, 27.311186361111112 ], [ -82.568606527777774, 27.3105465 ], [ -82.568568555555558, 27.30947161111111 ], [ -82.568268416666669, 27.308819194444446 ], [ -82.567288805555549, 27.308637611111113 ], [ -82.565426916666667, 27.308867472222222 ], [ -82.565194416666671, 27.308771805555555 ], [ -82.564554277777773, 27.307374694444444 ], [ -82.564162194444435, 27.305567888888891 ], [ -82.56487822222222, 27.302280083333333 ], [ -82.565314055555547, 27.300553416666666 ], [ -82.565330277777775, 27.298723333333335 ], [ -82.56572083333333, 27.297244416666668 ], [ -82.566522472222218, 27.296024 ], [ -82.567233, 27.296164416666667 ], [ -82.567943527777771, 27.296763805555557 ], [ -82.568746555555549, 27.2979295 ], [ -82.569766222222214, 27.299096111111112 ], [ -82.570469777777774, 27.300399388888888 ], [ -82.571173333333334, 27.301702694444444 ], [ -82.571876916666668, 27.303005972222223 ], [ -82.572580527777774, 27.30430925 ], [ -82.573294277777777, 27.305530444444447 ], [ -82.574008027777779, 27.306751666666667 ], [ -82.574721805555555, 27.307972861111111 ], [ -82.575435611111104, 27.309194055555555 ], [ -82.577067055555545, 27.311034916666667 ], [ -82.578172805555553, 27.312210583333336 ], [ -82.580255805555552, 27.313892416666668 ], [ -82.583178388888882, 27.315375833333334 ], [ -82.584327138888881, 27.316848916666668 ], [ -82.58620333333333, 27.318489166666666 ], [ -82.587039444444443, 27.319783138888887 ], [ -82.588325611111102, 27.321923111111111 ], [ -82.588633805555546, 27.323368638888887 ], [ -82.588495638888887, 27.324918055555557 ], [ -82.58787925, 27.3262785 ] ] } },
{ "type": "Feature", "properties": { "style": "solid", "thickness": 1 }, "geometry": { "type": "LineString", "coordinates": [ [ -82.426080611111118, 27.884460916666665 ], [ -82.429167916666671, 27.884576055555556 ], [ -82.433092138888895, 27.884822777777778 ], [ -82.434765972222223, 27.88451025 ], [ -82.435602888888894, 27.883770055555555 ], [ -82.436067861111113, 27.88251988888889 ], [ -82.436291027777784, 27.881006527777778 ], [ -82.436681583333339, 27.877042111111113 ], [ -82.436663, 27.875742527777778 ], [ -82.436793194444448, 27.873752 ], [ -82.437411583333343, 27.869519972222221 ], [ -82.437763777777775, 27.86659363888889 ], [ -82.437577805555563, 27.865491361111111 ], [ -82.436815277777782, 27.864520694444447 ], [ -82.434099916666668, 27.863911944444446 ], [ -82.431942527777778, 27.864076472222223 ], [ -82.43062205555556, 27.863747416666669 ], [ -82.429915333333341, 27.863681611111112 ], [ -82.429543361111115, 27.86392838888889 ], [ -82.428873833333341, 27.867942666666668 ], [ -82.42889241666667, 27.869653638888888 ], [ -82.428929, 27.87032175 ], [ -82.42783475, 27.871313527777779 ], [ -82.425546027777784, 27.873775805555557 ], [ -82.424727694444442, 27.87515763888889 ], [ -82.424634722222223, 27.879237305555556 ], [ -82.424089555555554, 27.88183225 ], [ -82.424401916666667, 27.883466111111112 ], [ -82.424851305555563, 27.884046194444444 ], [ -82.426080611111118, 27.884460916666665 ] ] } },
{ "type": "Feature", "properties": { "style": "solid", "thickness": 1 }, "geometry": { "type": "LineString", "coordinates": [ [ -82.564141555555551, 27.284514861111113 ], [ -82.565385972222217, 27.283458222222222 ], [ -82.565945333333332, 27.282684361111109 ], [ -82.567037444444438, 27.282148583333331 ], [ -82.567596805555553, 27.281624722222222 ], [ -82.567556833333327, 27.281291361111109 ], [ -82.567623444444436, 27.280731777777778 ], [ -82.567703333333327, 27.280612694444443 ], [ -82.567983027777771, 27.280696055555556 ], [ -82.568901972222221, 27.280600805555554 ], [ -82.569594527777781, 27.280231722222222 ], [ -82.57003402777778, 27.279600694444444 ], [ -82.570113916666656, 27.27908872222222 ], [ -82.569914166666663, 27.278874388888887 ], [ -82.569634472222219, 27.278814861111112 ], [ -82.569261555555556, 27.277171777777777 ], [ -82.569301527777768, 27.276576472222221 ], [ -82.568635611111105, 27.27521911111111 ], [ -82.568512416666664, 27.27453222222222 ], [ -82.56834927777777, 27.272490194444444 ], [ -82.567819055555546, 27.2716515 ], [ -82.566554638888888, 27.270995111111109 ], [ -82.56504552777777, 27.270411666666664 ], [ -82.563536416666665, 27.26982822222222 ], [ -82.561701027777772, 27.268916555555556 ], [ -82.560599777777782, 27.267822555555554 ], [ -82.56006952777777, 27.2673485 ], [ -82.55849925, 27.266929138888887 ], [ -82.556928944444437, 27.26650975 ], [ -82.555419833333332, 27.265908055555556 ], [ -82.553910722222213, 27.265306333333335 ], [ -82.552156861111115, 27.26428525 ], [ -82.550403055555549, 27.263264138888889 ], [ -82.548241333333337, 27.261933055555556 ], [ -82.546079638888884, 27.260601916666666 ], [ -82.544488944444439, 27.259234333333332 ], [ -82.54289827777778, 27.257866694444445 ], [ -82.541470694444442, 27.256024944444444 ], [ -82.540043194444436, 27.254183166666667 ], [ -82.539309, 27.252897527777776 ], [ -82.538574833333328, 27.251611888888888 ], [ -82.537840666666668, 27.25032625 ], [ -82.53710652777778, 27.249040611111113 ], [ -82.536719055555551, 27.247526972222222 ], [ -82.536331583333336, 27.246013305555557 ], [ -82.5359645, 27.245283833333335 ], [ -82.534822472222217, 27.243897805555555 ], [ -82.533313361111112, 27.24174577777778 ], [ -82.532579194444438, 27.241125694444445 ], [ -82.532305333333326, 27.241302861111112 ], [ -82.531093388888891, 27.240802638888891 ], [ -82.5298115, 27.239197694444446 ], [ -82.529648361111114, 27.238405638888889 ], [ -82.527574055555561, 27.236738111111112 ], [ -82.526478638888889, 27.235925194444444 ], [ -82.525453138888892, 27.233986666666667 ], [ -82.523914888888882, 27.231860527777776 ], [ -82.52315738888889, 27.23033358333333 ], [ -82.522399916666672, 27.228806666666664 ], [ -82.521642444444439, 27.227279722222221 ], [ -82.52088502777778, 27.225752777777775 ], [ -82.520011, 27.223980833333332 ], [ -82.519137, 27.222208888888886 ], [ -82.518181416666664, 27.220249277777775 ], [ -82.517225861111115, 27.218289638888887 ], [ -82.516852944444437, 27.21724725 ], [ -82.51615375, 27.216184027777778 ], [ -82.515268055555552, 27.2144015 ], [ -82.514382416666663, 27.21261897222222 ], [ -82.513543388888891, 27.210429833333333 ], [ -82.511996027777784, 27.208014833333333 ], [ -82.511027361111104, 27.205905083333331 ], [ -82.510603, 27.205610388888889 ], [ -82.509219888888893, 27.20318975 ], [ -82.508042888888895, 27.200870083333331 ], [ -82.506865916666669, 27.198550444444443 ], [ -82.505689, 27.196230777777778 ], [ -82.505059694444441, 27.194792 ], [ -82.504430416666665, 27.193353194444445 ], [ -82.503533111111111, 27.191486916666666 ], [ -82.502635805555556, 27.18962061111111 ], [ -82.501738444444442, 27.187128583333333 ], [ -82.500841111111114, 27.184636527777776 ], [ -82.49994380555556, 27.1821445 ], [ -82.499046555555552, 27.179652444444447 ], [ -82.498393944444445, 27.17820302777778 ], [ -82.49774136111111, 27.176753555555557 ], [ -82.497088777777776, 27.175304111111114 ], [ -82.496436194444442, 27.173854666666667 ], [ -82.494961833333335, 27.171615138888889 ], [ -82.493487527777773, 27.169375611111111 ], [ -82.49201330555556, 27.167136027777779 ], [ -82.490539111111119, 27.164896472222221 ], [ -82.489065, 27.16265686111111 ], [ -82.487590916666662, 27.160417277777775 ], [ -82.486116916666674, 27.158177638888887 ], [ -82.484642972222218, 27.155938 ], [ -82.483302805555553, 27.153612166666665 ], [ -82.481962694444448, 27.151286277777775 ], [ -82.481036194444442, 27.149528777777778 ], [ -82.48010975, 27.14777125 ], [ -82.479183305555551, 27.146013722222222 ], [ -82.478256916666666, 27.144256194444445 ], [ -82.477569333333335, 27.142644611111109 ], [ -82.476881777777777, 27.141033 ], [ -82.47619425, 27.139421416666668 ], [ -82.475506722222221, 27.137809805555555 ], [ -82.474877388888885, 27.135634805555554 ], [ -82.474248111111109, 27.133459777777777 ], [ -82.473618833333333, 27.13128475 ], [ -82.47298958333333, 27.129109722222221 ], [ -82.472651611111118, 27.127776944444445 ], [ -82.472313638888892, 27.126444194444446 ], [ -82.471975666666665, 27.125111416666666 ], [ -82.471637722222226, 27.12377863888889 ], [ -82.471299777777773, 27.12244586111111 ], [ -82.470961833333334, 27.121113083333334 ], [ -82.470623916666668, 27.119780305555555 ], [ -82.470286, 27.118447527777779 ], [ -82.46977325, 27.11629825 ], [ -82.4692605, 27.114148972222225 ], [ -82.469190583333329, 27.11335602777778 ], [ -82.468838638888897, 27.113136416666666 ], [ -82.466694333333336, 27.113591861111111 ], [ -82.465601694444445, 27.113461166666667 ], [ -82.465413305555558, 27.11359363888889 ], [ -82.466292027777783, 27.115350305555555 ], [ -82.466968722222219, 27.116976777777779 ], [ -82.467770138888895, 27.118666833333332 ], [ -82.468485138888894, 27.119798555555555 ], [ -82.468595944444445, 27.120535444444446 ], [ -82.469142055555551, 27.122346527777779 ], [ -82.469320111111116, 27.123886194444445 ], [ -82.469617777777785, 27.125281444444443 ], [ -82.469801638888896, 27.126708055555557 ], [ -82.46998552777778, 27.128134638888888 ], [ -82.470074583333329, 27.129082416666666 ], [ -82.470348722222226, 27.129638666666668 ], [ -82.470512916666664, 27.129685222222221 ], [ -82.470672527777779, 27.129604861111112 ], [ -82.470787055555562, 27.128971333333332 ], [ -82.470213138888894, 27.126943194444443 ], [ -82.469864416666667, 27.125237333333335 ], [ -82.470008222222219, 27.125121055555557 ], [ -82.470160888888884, 27.125130333333335 ], [ -82.470598388888888, 27.127288111111113 ], [ -82.47114125, 27.1286755 ], [ -82.471005694444443, 27.129039333333335 ], [ -82.470991138888891, 27.130107833333334 ], [ -82.47080722222222, 27.130253055555556 ], [ -82.470723944444444, 27.130688805555558 ], [ -82.471022388888898, 27.131288333333334 ], [ -82.47147394444444, 27.131724555555557 ], [ -82.471526472222223, 27.133009972222222 ], [ -82.471830555555556, 27.133945138888887 ], [ -82.473357888888884, 27.13517275 ], [ -82.473706138888886, 27.135903555555554 ], [ -82.473577805555564, 27.136022138888887 ], [ -82.473215861111115, 27.135972611111111 ], [ -82.47254955555556, 27.135506 ], [ -82.471428694444441, 27.135536916666666 ], [ -82.470942861111112, 27.13602825 ], [ -82.470931361111113, 27.136173277777779 ], [ -82.471712388888889, 27.136462416666667 ], [ -82.471825166666662, 27.137289027777776 ], [ -82.471369694444448, 27.138062333333334 ], [ -82.471434416666668, 27.139757305555555 ], [ -82.47258825, 27.140417027777776 ], [ -82.474615194444453, 27.140618027777776 ], [ -82.474561194444448, 27.141572555555555 ], [ -82.475504861111119, 27.141606166666666 ], [ -82.476077444444442, 27.142567138888889 ], [ -82.475615916666669, 27.14275563888889 ], [ -82.47544944444445, 27.142907444444443 ], [ -82.47648791666667, 27.143740194444444 ], [ -82.477081388888891, 27.144456333333334 ], [ -82.477900361111111, 27.14572011111111 ], [ -82.478453888888893, 27.147071444444443 ], [ -82.479428611111118, 27.149238805555555 ], [ -82.479282861111116, 27.149752472222222 ], [ -82.478129027777783, 27.15049325 ], [ -82.478371944444447, 27.150931222222219 ], [ -82.480386611111115, 27.150702777777777 ], [ -82.481794111111114, 27.152557194444444 ], [ -82.482560194444446, 27.154202861111109 ], [ -82.48303519444444, 27.155615388888886 ], [ -82.483495277777777, 27.157204638888889 ], [ -82.484405555555554, 27.157324944444444 ], [ -82.485518777777784, 27.160263472222219 ], [ -82.485807694444446, 27.160504472222222 ], [ -82.48631433333334, 27.1606435 ], [ -82.486605833333329, 27.16079875 ], [ -82.487976638888895, 27.163497222222222 ], [ -82.488322777777782, 27.164692055555555 ], [ -82.489012277777775, 27.165122444444442 ], [ -82.490019388888896, 27.166542194444443 ], [ -82.490677833333336, 27.1680705 ], [ -82.492341805555554, 27.16956877777778 ], [ -82.492963888888895, 27.170630833333334 ], [ -82.493929194444448, 27.171810055555557 ], [ -82.494378111111118, 27.173309916666668 ], [ -82.492829527777772, 27.174380305555555 ], [ -82.4931715, 27.175370944444445 ], [ -82.494535472222225, 27.177250694444446 ], [ -82.494723861111112, 27.177319527777779 ], [ -82.496129, 27.17719813888889 ], [ -82.496687694444446, 27.177463 ], [ -82.496871027777772, 27.177705916666667 ], [ -82.496964138888885, 27.179250361111112 ], [ -82.497422611111105, 27.180283555555558 ], [ -82.497715027777772, 27.181129416666668 ], [ -82.498537472222225, 27.182284666666668 ], [ -82.498271777777774, 27.182996861111111 ], [ -82.497470138888886, 27.183466361111112 ], [ -82.497517222222228, 27.1839075 ], [ -82.498992055555561, 27.184305944444446 ], [ -82.499475777777775, 27.184807944444444 ], [ -82.500303166666669, 27.186795888888888 ], [ -82.501130555555562, 27.188783805555556 ], [ -82.501804694444445, 27.190545416666666 ], [ -82.502478861111115, 27.192307055555556 ], [ -82.503153055555558, 27.194068666666666 ], [ -82.50382725, 27.195830277777777 ], [ -82.504497777777772, 27.198061444444445 ], [ -82.505080777777778, 27.198882972222222 ], [ -82.5056055, 27.200857666666668 ], [ -82.506054888888883, 27.201944 ], [ -82.505915972222226, 27.202495611111111 ], [ -82.503778305555556, 27.202819888888889 ], [ -82.503079944444451, 27.203268444444443 ], [ -82.503512944444438, 27.204630305555554 ], [ -82.506319194444444, 27.205330388888889 ], [ -82.508311083333339, 27.20638963888889 ], [ -82.509890055555559, 27.207221916666665 ], [ -82.51158513888889, 27.208889833333334 ], [ -82.511802527777775, 27.209215055555553 ], [ -82.511782694444449, 27.209601527777778 ], [ -82.511516972222225, 27.209732111111112 ], [ -82.511448694444439, 27.209827944444445 ], [ -82.511672777777775, 27.210198527777777 ], [ -82.511633111111109, 27.210426166666664 ], [ -82.510705583333333, 27.21083622222222 ], [ -82.510695666666663, 27.211028555555554 ], [ -82.510786861111114, 27.211136194444443 ], [ -82.510914166666666, 27.2111695 ], [ -82.511502722222218, 27.211010916666666 ], [ -82.512087333333326, 27.21108247222222 ], [ -82.512458638888887, 27.21170625 ], [ -82.513246611111114, 27.212745 ], [ -82.51401525, 27.214124777777776 ], [ -82.514518361111115, 27.214697583333333 ], [ -82.515285194444445, 27.215720694444443 ], [ -82.515986388888891, 27.217499333333333 ], [ -82.515909694444446, 27.21888633333333 ], [ -82.516141694444443, 27.21890575 ], [ -82.51657794444445, 27.218734583333333 ], [ -82.51674225, 27.21895822222222 ], [ -82.516628416666663, 27.219138333333333 ], [ -82.516111944444447, 27.21935922222222 ], [ -82.515531361111115, 27.218956888888886 ], [ -82.515059888888885, 27.21800847222222 ], [ -82.51500866666666, 27.217548472222219 ], [ -82.514785694444441, 27.216292805555554 ], [ -82.513598861111106, 27.21374675 ], [ -82.512780388888885, 27.212736083333333 ], [ -82.511512222222223, 27.21142561111111 ], [ -82.511210638888883, 27.2112865 ], [ -82.510978111111115, 27.211459416666667 ], [ -82.511517944444449, 27.212468444444443 ], [ -82.512232166666664, 27.213482888888887 ], [ -82.513333111111109, 27.21590175 ], [ -82.513921944444448, 27.21907786111111 ], [ -82.513471527777781, 27.219253527777777 ], [ -82.513419861111117, 27.219397444444443 ], [ -82.513579472222219, 27.219545666666665 ], [ -82.51414166666666, 27.220262027777775 ], [ -82.514581388888885, 27.221321555555555 ], [ -82.514719666666664, 27.221962666666666 ], [ -82.514498111111109, 27.222473305555553 ], [ -82.514800027777781, 27.222704888888888 ], [ -82.5152685, 27.223523138888886 ], [ -82.516427194444447, 27.225081333333332 ], [ -82.516855972222217, 27.226454194444443 ], [ -82.517128388888892, 27.226887638888886 ], [ -82.518254472222225, 27.228503027777776 ], [ -82.519212694444448, 27.231142138888888 ], [ -82.519056527777778, 27.231667027777775 ], [ -82.519129388888885, 27.231907861111111 ], [ -82.519697333333326, 27.231977555555552 ], [ -82.520191416666663, 27.232554138888887 ], [ -82.520097694444445, 27.233332388888886 ], [ -82.520215694444445, 27.23386961111111 ], [ -82.520090972222221, 27.234492888888891 ], [ -82.520611527777774, 27.234560805555557 ], [ -82.520922111111105, 27.234445027777777 ], [ -82.52151875, 27.234619944444447 ], [ -82.522113916666669, 27.235554666666669 ], [ -82.522847333333331, 27.237801361111114 ], [ -82.523262027777776, 27.240408611111111 ], [ -82.52244675, 27.241358333333334 ], [ -82.522003055555558, 27.241623722222222 ], [ -82.52140816666666, 27.24181602777778 ], [ -82.520854916666664, 27.242103583333336 ], [ -82.520786583333333, 27.242322194444444 ], [ -82.521015361111111, 27.242453055555558 ], [ -82.521689472222221, 27.242334194444446 ], [ -82.523043722222226, 27.241604861111114 ], [ -82.524397972222218, 27.241329305555556 ], [ -82.52533280555555, 27.242378444444444 ], [ -82.526591805555555, 27.244440555555556 ], [ -82.527759694444441, 27.247002666666667 ], [ -82.529098555555549, 27.250164027777778 ], [ -82.52958091666666, 27.25020725 ], [ -82.529973055555558, 27.25063325 ], [ -82.530367777777784, 27.251629583333333 ], [ -82.530185805555561, 27.252009472222223 ], [ -82.530443472222217, 27.252293833333333 ], [ -82.530998722222222, 27.252324722222223 ], [ -82.53267275, 27.255229027777776 ], [ -82.53361122222222, 27.256475833333333 ], [ -82.534061222222221, 27.257293527777779 ], [ -82.536019277777783, 27.259254027777779 ], [ -82.536948833333327, 27.26033986111111 ], [ -82.539042916666659, 27.263042277777778 ], [ -82.53974041666666, 27.264033083333334 ], [ -82.540126944444438, 27.265083222222223 ], [ -82.540931361111106, 27.26688136111111 ], [ -82.541896638888886, 27.268895194444443 ], [ -82.542861944444439, 27.270909027777776 ], [ -82.543463833333334, 27.272384555555554 ], [ -82.543646, 27.27371325 ], [ -82.544048333333336, 27.275519583333331 ], [ -82.544455222222226, 27.276918444444444 ], [ -82.54520675, 27.2773235 ], [ -82.546830805555558, 27.278322666666664 ], [ -82.547550666666666, 27.279333027777778 ], [ -82.547951361111103, 27.279947527777775 ], [ -82.548216055555557, 27.280948527777777 ], [ -82.548958694444437, 27.281467 ], [ -82.549385527777773, 27.282701444444445 ], [ -82.550496833333327, 27.284044305555557 ], [ -82.551328833333329, 27.285534861111113 ], [ -82.551704277777773, 27.286709527777781 ], [ -82.55231805555556, 27.287217944444446 ], [ -82.553143972222216, 27.287558166666667 ], [ -82.553569944444448, 27.28832502777778 ], [ -82.554265833333332, 27.289215055555559 ], [ -82.555108666666669, 27.291397388888889 ], [ -82.555454805555556, 27.29134338888889 ], [ -82.555495444444446, 27.290279416666667 ], [ -82.555960388888892, 27.288463638888892 ], [ -82.556366666666662, 27.288458583333334 ], [ -82.557126055555557, 27.289189861111112 ], [ -82.558158444444445, 27.290534555555556 ], [ -82.558061277777782, 27.290998972222223 ], [ -82.557630333333336, 27.291263583333336 ], [ -82.5564435, 27.291575277777781 ], [ -82.555714527777781, 27.292415833333337 ], [ -82.554198666666665, 27.293577861111114 ], [ -82.553757972222215, 27.29357475 ], [ -82.55354627777777, 27.293688944444447 ], [ -82.553319277777774, 27.295599333333335 ], [ -82.552924166666671, 27.296544444444446 ], [ -82.552856222222218, 27.299148916666667 ], [ -82.551839277777773, 27.299490555555558 ], [ -82.55067675, 27.299219 ], [ -82.550327611111115, 27.299184972222225 ], [ -82.549455083333328, 27.299269583333334 ], [ -82.54850375, 27.299523722222222 ], [ -82.547914666666671, 27.300052916666669 ], [ -82.547914666666671, 27.3005605 ], [ -82.548341944444445, 27.300831055555555 ], [ -82.548865944444444, 27.300800194444445 ], [ -82.54941077777778, 27.300343527777777 ], [ -82.54993825, 27.300309583333334 ], [ -82.550465722222214, 27.300895861111112 ], [ -82.550667, 27.301081 ], [ -82.550464, 27.301389166666667 ], [ -82.548287638888894, 27.3018265 ], [ -82.546708583333327, 27.301878722222224 ], [ -82.546740805555558, 27.302552638888891 ], [ -82.546577555555558, 27.303055472222223 ], [ -82.54866052777777, 27.303507777777778 ], [ -82.552255138888881, 27.30452075 ], [ -82.55514930555556, 27.30452075 ], [ -82.555982166666666, 27.305117027777779 ], [ -82.557168972222215, 27.3050985 ], [ -82.558765277777781, 27.304354888888888 ], [ -82.559566833333335, 27.302573916666667 ], [ -82.560183555555554, 27.300920194444444 ], [ -82.559593638888884, 27.298331694444446 ], [ -82.559700916666671, 27.296366305555559 ], [ -82.55980816666667, 27.294400916666667 ], [ -82.560210361111103, 27.292363527777781 ], [ -82.560612555555551, 27.29032613888889 ], [ -82.56173875, 27.289223527777779 ], [ -82.562489527777771, 27.287809305555559 ], [ -82.563240305555553, 27.286395055555555 ], [ -82.564141555555551, 27.284514861111113 ] ] } },
{ "type": "Feature", "properties": { "style": "solid", "thickness": 1 }, "geometry": { "type": "LineString", "coordinates": [ [ -82.256306277777782, 26.703554416666666 ], [ -82.2565915, 26.6950305 ], [ -82.25761025, 26.690367583333334 ], [ -82.259729194444446, 26.68668811111111 ], [ -82.261644388888882, 26.683482111111111 ], [ -82.262540861111106, 26.679656694444446 ], [ -82.261405, 26.676163583333334 ], [ -82.253092194444449, 26.667236805555557 ], [ -82.248204861111105, 26.660974 ], [ -82.24007541666667, 26.644966916666665 ], [ -82.235832444444441, 26.637122 ], [ -82.231197222222221, 26.633869083333334 ], [ -82.227916944444445, 26.62831975 ], [ -82.224984277777779, 26.61830475 ], [ -82.223914611111113, 26.614221944444445 ], [ -82.22263102777778, 26.613492861111112 ], [ -82.221286305555552, 26.613638694444447 ], [ -82.221082555555554, 26.614805222222223 ], [ -82.221286305555552, 26.617867305555556 ], [ -82.219004361111118, 26.621804166666667 ], [ -82.218311638888892, 26.62362675 ], [ -82.218596861111109, 26.625048333333332 ], [ -82.220063833333342, 26.625777361111112 ], [ -82.224872222222217, 26.627344694444446 ], [ -82.225850194444448, 26.628073694444446 ], [ -82.22760241666667, 26.630078416666667 ], [ -82.228450861111114, 26.633090638888888 ], [ -82.230639666666661, 26.637151944444444 ], [ -82.230296222222222, 26.640821305555555 ], [ -82.227477972222218, 26.644471333333332 ], [ -82.221243388888894, 26.65186933333333 ], [ -82.219654166666672, 26.655987222222222 ], [ -82.221559194444453, 26.659471833333331 ], [ -82.223678138888886, 26.663370833333332 ], [ -82.226693555555556, 26.668326361111113 ], [ -82.227256416666663, 26.673252055555558 ], [ -82.225137444444442, 26.677296305555558 ], [ -82.226123083333334, 26.679108888888891 ], [ -82.236198277777774, 26.689282472222221 ], [ -82.240913694444444, 26.693816805555556 ], [ -82.243480888888897, 26.69815175 ], [ -82.246048055555562, 26.705355055555554 ], [ -82.24745580555556, 26.707202472222221 ], [ -82.250512, 26.707821666666668 ], [ -82.255646361111104, 26.704725583333332 ], [ -82.256306277777782, 26.703554416666666 ] ] } },
{ "type": "Feature", "properties": { "style": "solid", "thickness": 1 }, "geometry": { "type": "LineString", "coordinates": [ [ -82.154788416666676, 26.457716888888889 ], [ -82.155483083333337, 26.458248194444444 ], [ -82.167504027777781, 26.464599666666665 ], [ -82.172760666666676, 26.469344805555554 ], [ -82.182011972222227, 26.48052475 ], [ -82.184436527777777, 26.483590444444445 ], [ -82.187003722222229, 26.49061563888889 ], [ -82.189856138888899, 26.503834666666666 ], [ -82.194549277777782, 26.526218083333333 ], [ -82.197473027777775, 26.541348083333336 ], [ -82.198870583333331, 26.54583813888889 ], [ -82.201437777777784, 26.550434 ], [ -82.201641527777781, 26.551564722222224 ], [ -82.200704305555561, 26.552768361111113 ], [ -82.199033583333332, 26.553424888888891 ], [ -82.197566611111114, 26.552768361111113 ], [ -82.194510444444447, 26.548464361111112 ], [ -82.190598555555553, 26.545254527777779 ], [ -82.188887083333341, 26.541533888888889 ], [ -82.188031361111115, 26.538688611111112 ], [ -82.184241694444452, 26.535989194444447 ], [ -82.180869722222226, 26.531499916666665 ], [ -82.180329055555561, 26.530133194444442 ], [ -82.180841333333333, 26.529570333333332 ], [ -82.18177275, 26.529653722222221 ], [ -82.184706666666671, 26.53419813888889 ], [ -82.185940777777788, 26.53488602777778 ], [ -82.186779055555562, 26.534573361111114 ], [ -82.187663888888892, 26.532947388888889 ], [ -82.188269305555565, 26.527986 ], [ -82.187617305555563, 26.523774888888887 ], [ -82.188643305555559, 26.520969583333333 ], [ -82.190622555555564, 26.515403055555556 ], [ -82.189039166666674, 26.510420055555556 ], [ -82.188340611111116, 26.509711166666666 ], [ -82.186990083333342, 26.509711166666666 ], [ -82.185825805555552, 26.511837833333335 ], [ -82.18459169444445, 26.515674083333334 ], [ -82.18356277777778, 26.516271527777779 ], [ -82.181839694444449, 26.516480027777778 ], [ -82.179441305555557, 26.513227583333332 ], [ -82.179348166666671, 26.505554777777778 ], [ -82.177523194444447, 26.502057 ], [ -82.175543972222229, 26.49780325 ], [ -82.173937277777782, 26.49500902777778 ], [ -82.171212916666676, 26.493716166666669 ], [ -82.168907694444442, 26.493361666666669 ], [ -82.159961833333341, 26.486549722222222 ], [ -82.153767972222226, 26.481002388888886 ], [ -82.145944166666666, 26.478155611111109 ], [ -82.140483805555562, 26.476878194444442 ], [ -82.134167694444457, 26.478703083333333 ], [ -82.129889055555552, 26.478776083333333 ], [ -82.127994222222213, 26.477462166666665 ], [ -82.126323527777771, 26.475053277777775 ], [ -82.124286055555544, 26.473483833333333 ], [ -82.118418222222218, 26.471914388888887 ], [ -82.116046138888876, 26.470758861111108 ] ] } },
{ "type": "Feature", "properties": { "style": "solid", "thickness": 1 }, "geometry": { "type": "LineString", "coordinates": [ [ -82.733656388888889, 27.521233 ], [ -82.73921725, 27.526299583333333 ], [ -82.7407795, 27.528164444444442 ], [ -82.74487275, 27.53334675 ], [ -82.746267611111108, 27.536597638888889 ], [ -82.746193222222217, 27.538033277777778 ], [ -82.744296194444445, 27.539171861111114 ], [ -82.741045083333333, 27.538718944444447 ], [ -82.739715666666669, 27.537816027777779 ], [ -82.738143722222219, 27.536999916666669 ], [ -82.732347083333337, 27.533339361111114 ], [ -82.724378416666667, 27.529561194444444 ], [ -82.722817305555552, 27.529022166666667 ], [ -82.720627583333339, 27.527972138888888 ], [ -82.719520388888895, 27.526929416666665 ], [ -82.719499111111119, 27.5265805 ], [ -82.719074027777779, 27.526363583333332 ], [ -82.718638305555558, 27.526278722222223 ], [ -82.717649916666673, 27.526712527777775 ], [ -82.715777666666668, 27.526485583333333 ], [ -82.711576, 27.525269055555555 ], [ -82.708370583333334, 27.523501694444445 ], [ -82.708027833333333, 27.52307775 ], [ -82.707846444444442, 27.522197666666667 ], [ -82.70913025, 27.519595 ], [ -82.709561722222219, 27.518143583333334 ], [ -82.709631111111108, 27.517136555555556 ], [ -82.709461083333338, 27.516745444444442 ], [ -82.709503972222223, 27.513265416666666 ], [ -82.710171361111108, 27.511811416666667 ], [ -82.711181611111115, 27.511738055555554 ], [ -82.711056055555559, 27.509556888888888 ], [ -82.711190777777787, 27.509148944444444 ], [ -82.712246722222218, 27.508336416666666 ], [ -82.712386388888888, 27.508007638888888 ], [ -82.712234583333341, 27.507646527777776 ], [ -82.71113311111111, 27.50594 ], [ -82.711042, 27.503967305555555 ], [ -82.710439555555553, 27.502754166666666 ], [ -82.709855055555565, 27.501716583333334 ], [ -82.70891983333334, 27.501028027777778 ], [ -82.706691416666672, 27.498184277777778 ], [ -82.705051638888889, 27.497739222222222 ], [ -82.702266361111114, 27.497642027777779 ], [ -82.699482805555562, 27.497267583333333 ], [ -82.699535944444449, 27.496645027777777 ], [ -82.701367555555564, 27.496490805555556 ], [ -82.703867305555562, 27.496674083333335 ], [ -82.704853416666666, 27.496674083333335 ], [ -82.705031194444445, 27.496486972222222 ], [ -82.704231555555552, 27.495283944444445 ], [ -82.702966138888897, 27.49354825 ], [ -82.703109444444451, 27.49276288888889 ], [ -82.703608944444454, 27.492149722222223 ], [ -82.703061777777776, 27.490010722222223 ], [ -82.703163666666669, 27.487333277777779 ], [ -82.70297975, 27.487210083333334 ], [ -82.702517333333333, 27.4872245 ], [ -82.702107861111116, 27.487507916666669 ], [ -82.701892694444453, 27.487547944444444 ], [ -82.701688222222231, 27.487395833333334 ], [ -82.70152686111112, 27.485989805555558 ], [ -82.701783666666671, 27.485764944444444 ], [ -82.70328975, 27.485404527777778 ], [ -82.702636527777784, 27.482987444444444 ], [ -82.701785666666666, 27.481699611111111 ], [ -82.70158525, 27.480281777777776 ], [ -82.70109747222223, 27.4792675 ], [ -82.700222055555557, 27.477773611111111 ], [ -82.699471194444442, 27.475924527777774 ], [ -82.698954138888894, 27.475126611111108 ], [ -82.699078555555559, 27.474692666666666 ], [ -82.699544722222228, 27.474361444444444 ], [ -82.69954125000001, 27.473899333333332 ], [ -82.699173388888894, 27.473440277777776 ], [ -82.699268888888895, 27.470694305555554 ], [ -82.697808333333342, 27.470020861111109 ], [ -82.697625, 27.469696694444444 ], [ -82.697611916666673, 27.469007916666666 ], [ -82.69735675, 27.467878805555554 ], [ -82.696462083333344, 27.468007055555553 ], [ -82.6960075, 27.466697638888888 ], [ -82.695505166666663, 27.465899277777776 ], [ -82.6964685, 27.465000055555556 ], [ -82.696659777777782, 27.463395972222223 ], [ -82.695581083333337, 27.461499027777776 ], [ -82.694825027777782, 27.457756944444444 ], [ -82.693881055555565, 27.456548416666667 ], [ -82.692405361111113, 27.454650333333333 ], [ -82.690413055555553, 27.454096944444444 ], [ -82.68855325, 27.45368175 ], [ -82.687883416666665, 27.452473333333334 ], [ -82.688004861111111, 27.45166986111111 ], [ -82.689407722222228, 27.450871777777778 ], [ -82.689726916666672, 27.450301611111112 ], [ -82.688395138888893, 27.447707027777778 ], [ -82.687938166666669, 27.44586675 ], [ -82.688554555555555, 27.444517222222224 ], [ -82.691041416666664, 27.44415861111111 ], [ -82.691720777777775, 27.445790138888889 ], [ -82.692815416666676, 27.448715666666669 ], [ -82.693421166666667, 27.450282194444444 ], [ -82.694722388888891, 27.453631666666666 ], [ -82.69528563888889, 27.455245305555554 ], [ -82.695970083333336, 27.456612666666665 ], [ -82.69670147222223, 27.457772666666667 ], [ -82.697558888888892, 27.459792361111109 ], [ -82.698573444444449, 27.462237277777778 ], [ -82.699249444444447, 27.464585111111109 ], [ -82.700184666666672, 27.467151583333333 ], [ -82.701653916666672, 27.471644555555553 ], [ -82.702914888888898, 27.474656666666665 ], [ -82.70526, 27.479667611111111 ], [ -82.705920222222218, 27.482045055555552 ], [ -82.708676916666676, 27.488141694444444 ], [ -82.712202444444443, 27.495235138888891 ], [ -82.71869961111112, 27.505781138888889 ], [ -82.720576138888887, 27.508594583333334 ], [ -82.722349861111113, 27.511048527777778 ], [ -82.7237315, 27.512598944444445 ], [ -82.726041055555555, 27.515087277777777 ], [ -82.727694416666665, 27.516537722222221 ], [ -82.733656388888889, 27.521233 ] ] } },
{ "type": "Feature", "properties": { "style": "solid", "thickness": 1 }, "geometry": { "type": "LineString", "coordinates": [ [ -82.7373735, 28.216979916666666 ], [ -82.68557375, 28.21710725 ], [ -82.6848215, 28.217015305555552 ], [ -82.684054333333336, 28.216737305555554 ], [ -82.683389888888897, 28.216350388888888 ], [ -82.682895833333333, 28.215916944444444 ], [ -82.682566444444447, 28.215499805555556 ], [ -82.678682583333341, 28.207909472222223 ], [ -82.678357361111111, 28.207412527777777 ], [ -82.67792272222222, 28.206964555555555 ], [ -82.677366583333338, 28.206537638888889 ], [ -82.676649083333345, 28.206198305555557 ], [ -82.676198972222224, 28.20606722222222 ], [ -82.67564, 28.205993388888889 ], [ -82.675030944444444, 28.205968333333331 ], [ -82.656041611111121, 28.206118083333333 ], [ -82.655187555555557, 28.20609838888889 ], [ -82.654323583333337, 28.205927638888888 ], [ -82.653606083333344, 28.205658361111109 ], [ -82.65300261111112, 28.20530575 ], [ -82.652553277777784, 28.204973444444445 ], [ -82.645216388888898, 28.198427722222224 ] ] } },
{ "type": "Feature", "properties": { "style": "solid", "thickness": 1 }, "geometry": { "type": "LineString", "coordinates": [ [ -82.626891777777772, 28.191011222222222 ], [ -82.623614777777775, 28.190095416666669 ], [ -82.62273713888888, 28.189980472222221 ], [ -82.622002861111099, 28.189976083333335 ], [ -82.609324888888878, 28.191178805555555 ], [ -82.604320194444441, 28.192125 ], [ -82.594845916666657, 28.193988444444443 ], [ -82.593980555555547, 28.19410813888889 ], [ -82.592583388888883, 28.194182666666666 ], [ -82.591499972222223, 28.194159555555554 ], [ -82.589899472222214, 28.194022083333333 ], [ -82.573079861111111, 28.191959916666669 ], [ -82.571506972222224, 28.191716861111111 ], [ -82.570464222222213, 28.191418 ], [ -82.56896852777777, 28.190706972222223 ], [ -82.56193925, 28.185275055555557 ], [ -82.5610635, 28.184767916666665 ], [ -82.5599165, 28.184365555555555 ], [ -82.558669555555554, 28.184173944444446 ], [ -82.557396527777769, 28.184239083333335 ], [ -82.556359277777773, 28.184502138888888 ], [ -82.535149722222215, 28.193269555555556 ], [ -82.53338575, 28.193806 ], [ -82.5314165, 28.194007138888889 ], [ -82.514330055555561, 28.195136472222224 ], [ -82.513244972222225, 28.195146111111111 ], [ -82.512039027777774, 28.195006027777779 ], [ -82.503595527777776, 28.193164916666667 ], [ -82.502009888888892, 28.193106638888889 ], [ -82.50080202777778, 28.193198583333334 ], [ -82.500532666666672, 28.19325225 ], [ -82.499628944444439, 28.19345913888889 ], [ -82.498422472222217, 28.193876555555555 ], [ -82.4968855, 28.194741083333334 ], [ -82.492558138888896, 28.197488305555556 ], [ -82.491315527777772, 28.197899083333333 ], [ -82.490766694444446, 28.198022944444446 ], [ -82.490099, 28.198079166666666 ], [ -82.489104055555558, 28.197987222222224 ], [ -82.488004833333335, 28.197669194444444 ], [ -82.486880777777785, 28.197063277777779 ], [ -82.481833666666674, 28.19387861111111 ], [ -82.480708361111112, 28.193415944444446 ], [ -82.47955669444444, 28.19309913888889 ], [ -82.478452138888898, 28.193028277777778 ], [ -82.476969972222221, 28.193129 ], [ -82.476789638888889, 28.193158055555557 ] ] } },
{ "type": "Feature", "properties": { "style": "solid", "thickness": 1 }, "geometry": { "type": "LineString", "coordinates": [ [ -82.324759722222225, 28.302251722222223 ], [ -82.324542444444447, 28.299677416666668 ], [ -82.324634611111108, 28.295907194444446 ], [ -82.324982666666656, 28.293408861111114 ], [ -82.325899138888886, 28.288987333333335 ], [ -82.326197361111113, 28.286465694444445 ], [ -82.326237277777778, 28.278232 ], [ -82.326427777777781, 28.276212555555556 ], [ -82.326680305555556, 28.275042388888888 ], [ -82.329356666666669, 28.267568416666666 ], [ -82.330273944444443, 28.265619611111113 ], [ -82.331317722222224, 28.264071194444444 ], [ -82.332597527777779, 28.26258261111111 ], [ -82.338893222222211, 28.2567965 ], [ -82.340788194444443, 28.25482625 ], [ -82.342280388888881, 28.252994194444444 ], [ -82.364382611111111, 28.223691361111108 ] ] } },
{ "type": "Feature", "properties": { "style": "solid", "thickness": 1 }, "geometry": { "type": "LineString", "coordinates": [ [ -82.223307888888897, 26.592789305555556 ], [ -82.22084775, 26.587897277777778 ], [ -82.216813611111107, 26.581953722222224 ], [ -82.213472166666676, 26.57878125 ], [ -82.209315777777775, 26.57462411111111 ], [ -82.204644916666666, 26.568194388888887 ], [ -82.202811222222223, 26.562869805555557 ], [ -82.20158875, 26.557727361111112 ], [ -82.2011405, 26.55601313888889 ], [ -82.200034472222228, 26.555288916666669 ], [ -82.199382472222226, 26.555351416666667 ], [ -82.198870194444453, 26.555622361111112 ], [ -82.198753777777782, 26.556101722222223 ], [ -82.199918027777784, 26.557789888888891 ], [ -82.200298555555563, 26.55854602777778 ], [ -82.200318055555556, 26.5600035 ], [ -82.200713888888885, 26.56148827777778 ], [ -82.201390583333335, 26.562862916666667 ], [ -82.202414694444442, 26.565495027777779 ], [ -82.202907, 26.569400944444443 ], [ -82.204141555555552, 26.571120444444443 ], [ -82.206397277777782, 26.574780277777776 ], [ -82.208051361111117, 26.575730638888889 ], [ -82.210166972222225, 26.57775488888889 ], [ -82.210725805555555, 26.579648111111112 ], [ -82.210193583333336, 26.581696111111111 ], [ -82.207373833333335, 26.5820655 ], [ -82.206442416666675, 26.583065666666666 ], [ -82.205860305555561, 26.584461722222223 ], [ -82.206093138888889, 26.585441027777776 ], [ -82.206442416666675, 26.58567022222222 ], [ -82.210400888888898, 26.586086944444443 ], [ -82.21270613888889, 26.586753694444443 ], [ -82.214023194444451, 26.589569111111111 ], [ -82.214255861111113, 26.593360916666665 ] ] } },
{ "type": "Feature", "properties": { "style": "solid", "thickness": 1 }, "geometry": { "type": "LineString", "coordinates": [ [ -82.456804944444443, 27.908455555555555 ], [ -82.46031425, 27.908301888888886 ], [ -82.461119333333343, 27.908565805555554 ], [ -82.461730111111109, 27.90905983333333 ], [ -82.46208877777778, 27.909819333333331 ], [ -82.462156888888899, 27.911936388888886 ], [ -82.462196388888898, 27.913138527777775 ], [ -82.462143805555556, 27.915562694444443 ], [ -82.462261472222224, 27.917352555555556 ], [ -82.462379138888892, 27.919142416666666 ], [ -82.4625615, 27.921024805555557 ], [ -82.462500555555565, 27.92264902777778 ], [ -82.462450833333335, 27.923854027777779 ], [ -82.462190527777778, 27.925946277777779 ], [ -82.461582111111113, 27.92945 ] ] } },
{ "type": "Feature", "properties": { "style": "solid", "thickness": 1 }, "geometry": { "type": "LineString", "coordinates": [ [ -82.63063963888888, 28.960278527777778 ], [ -82.631700277777767, 28.96243061111111 ], [ -82.636298555555555, 28.971760555555555 ], [ -82.636879777777779, 28.972885416666664 ], [ -82.637482083333339, 28.973990777777775 ], [ -82.638531111111121, 28.975638888888888 ], [ -82.642523166666678, 28.981670694444443 ], [ -82.64338675, 28.983008916666666 ], [ -82.644404472222234, 28.984503666666669 ] ] } },
{ "type": "Feature", "properties": { "style": "solid", "thickness": 1 }, "geometry": { "type": "LineString", "coordinates": [ [ -81.567326194444448, 28.309410666666668 ], [ -81.549618055555555, 28.328184888888888 ], [ -81.54519025, 28.33285875 ], [ -81.544347861111106, 28.333787722222223 ], [ -81.53387269444444, 28.3449375 ], [ -81.532742388888892, 28.346215055555554 ], [ -81.530510194444446, 28.348675777777778 ], [ -81.506471388888883, 28.375464472222223 ], [ -81.502800638888885, 28.379537916666667 ] ] } },
{ "type": "Feature", "properties": { "style": "solid", "thickness": 1 }, "geometry": { "type": "LineString", "coordinates": [ [ -81.645316333333341, 28.235862611111113 ], [ -81.645192055555569, 28.235955472222223 ], [ -81.621003249999987, 28.253811166666665 ], [ -81.6188765, 28.255352805555557 ], [ -81.618006833333325, 28.256046055555554 ], [ -81.617041861111105, 28.256881361111112 ], [ -81.615776472222223, 28.258064138888887 ], [ -81.614761694444439, 28.259115 ], [ -81.613230777777773, 28.260740333333334 ], [ -81.612354888888888, 28.261645194444444 ], [ -81.610446638888888, 28.263723444444445 ], [ -81.600461138888889, 28.274305166666664 ], [ -81.580974305555557, 28.294963472222225 ] ] } },
{ "type": "Feature", "properties": { "style": "solid", "thickness": 1 }, "geometry": { "type": "LineString", "coordinates": [ [ -82.438655777777782, 27.191719388888888 ], [ -82.435550027777779, 27.177912888888891 ], [ -82.434216805555565, 27.172957555555556 ], [ -82.433568277777781, 27.1714205 ], [ -82.43232725, 27.16846827777778 ], [ -82.431232055555554, 27.166507833333331 ], [ -82.4292285, 27.163204472222223 ], [ -82.426992027777786, 27.160093527777775 ], [ -82.424300527777788, 27.156764777777777 ], [ -82.403322694444455, 27.130938083333334 ] ] } },
{ "type": "Feature", "properties": { "style": "solid", "thickness": 1 }, "geometry": { "type": "LineString", "coordinates": [ [ -82.108801611111105, 28.03677302777778 ], [ -82.104549138888885, 28.036752638888892 ], [ -82.085432805555556, 28.036890805555558 ], [ -82.072558083333334, 28.036939611111112 ], [ -82.069126305555557, 28.036902 ], [ -82.05590288888888, 28.036627361111112 ], [ -82.049518083333325, 28.036642777777779 ], [ -82.03982086111111, 28.036710222222222 ], [ -82.037965583333332, 28.036844361111111 ], [ -82.036680611111109, 28.037083472222225 ], [ -82.035332583333329, 28.03756425 ], [ -82.0338165, 28.03833666666667 ], [ -82.031454694444449, 28.040034527777781 ], [ -82.027181666666664, 28.0432285 ], [ -82.010473333333337, 28.055373166666666 ], [ -82.008316722222219, 28.056961416666667 ], [ -82.000724888888882, 28.06252775 ], [ -81.995513166666669, 28.066353694444444 ], [ -81.993662333333333, 28.067734222222221 ], [ -81.991676722222223, 28.069187361111112 ], [ -81.990874388888884, 28.069765 ], [ -81.989097277777773, 28.071135666666667 ], [ -81.986517694444444, 28.073083944444445 ], [ -81.98430075, 28.074757666666667 ], [ -81.9826035, 28.076035805555556 ], [ -81.979757166666673, 28.078155194444445 ], [ -81.973546138888892, 28.082776722222221 ], [ -81.970590694444439, 28.085074527777778 ], [ -81.962277416666666, 28.09122986111111 ], [ -81.96070958333334, 28.092264055555553 ], [ -81.955769972222228, 28.09472811111111 ], [ -81.954628277777786, 28.095366972222219 ], [ -81.953466305555565, 28.096127194444442 ], [ -81.952154305555553, 28.097165583333332 ], [ -81.951462583333338, 28.097815 ], [ -81.950429638888892, 28.098952666666666 ], [ -81.940822, 28.112181333333336 ], [ -81.939632472222229, 28.11363225 ], [ -81.937757833333336, 28.115445888888889 ], [ -81.916459944444455, 28.1327835 ], [ -81.913524361111115, 28.134726055555554 ], [ -81.910918111111116, 28.136141277777778 ], [ -81.90832711111112, 28.137302083333331 ], [ -81.905130833333345, 28.138405611111111 ], [ -81.892417527777781, 28.141890916666664 ] ] } },
{ "type": "Feature", "properties": { "style": "solid", "thickness": 1 }, "geometry": { "type": "LineString", "coordinates": [ [ -82.50729075, 28.694693916666665 ], [ -82.505933277777771, 28.693582611111111 ], [ -82.495499583333341, 28.685396027777777 ], [ -82.494307416666672, 28.684480805555555 ], [ -82.468083444444446, 28.66383572222222 ], [ -82.467380138888885, 28.66337983333333 ], [ -82.466767916666669, 28.663059138888887 ], [ -82.46621283333333, 28.662811888888889 ], [ -82.46316486111111, 28.661654416666664 ], [ -82.462200333333342, 28.6611585 ], [ -82.446964, 28.651001 ] ] } },
{ "type": "Feature", "properties": { "style": "solid", "thickness": 1 }, "geometry": { "type": "LineString", "coordinates": [ [ -82.480665277777774, 28.585377722222223 ], [ -82.481081027777776, 28.586432666666667 ], [ -82.481418166666671, 28.5869835 ], [ -82.492420055555556, 28.603521333333333 ], [ -82.492920166666664, 28.6047535 ], [ -82.493273083333335, 28.60663827777778 ], [ -82.49327805555555, 28.614588472222223 ], [ -82.493419555555562, 28.622294638888889 ], [ -82.493233277777776, 28.623226083333332 ], [ -82.49304747222223, 28.623755083333332 ], [ -82.491904333333338, 28.625772416666667 ], [ -82.490069111111112, 28.628431972222224 ], [ -82.489461944444443, 28.629852916666668 ], [ -82.489262333333329, 28.631133694444443 ], [ -82.489361444444441, 28.641390388888887 ], [ -82.489433472222217, 28.642319083333334 ], [ -82.489567722222219, 28.642979888888888 ], [ -82.48995875, 28.644005166666666 ], [ -82.492688333333334, 28.647917805555554 ], [ -82.493059527777774, 28.648653666666664 ], [ -82.493253694444448, 28.649259333333333 ], [ -82.493444861111115, 28.650426777777778 ], [ -82.493434555555552, 28.66354675 ], [ -82.493498305555562, 28.665330583333333 ], [ -82.493983583333332, 28.667593083333333 ], [ -82.49672847222223, 28.677041944444447 ], [ -82.496869333333336, 28.67798325 ], [ -82.496860388888891, 28.679244555555556 ], [ -82.496689694444441, 28.680493972222223 ], [ -82.496427805555555, 28.68208075 ], [ -82.496120972222229, 28.68322363888889 ], [ -82.495499583333341, 28.685396027777777 ] ] } },
{ "type": "Feature", "properties": { "style": "solid", "thickness": 1 }, "geometry": { "type": "LineString", "coordinates": [ [ -82.6992545, 28.322622333333332 ], [ -82.699281611111118, 28.333801555555553 ], [ -82.699203583333343, 28.341392666666664 ], [ -82.699120388888886, 28.352916 ], [ -82.69900025, 28.353998694444446 ], [ -82.698827638888886, 28.35507188888889 ], [ -82.69868569444445, 28.35571225 ], [ -82.698242194444447, 28.357134027777779 ], [ -82.697772916666665, 28.358263166666667 ], [ -82.697082166666675, 28.359611861111112 ], [ -82.696594027777778, 28.360400305555558 ], [ -82.695988388888892, 28.361164138888892 ], [ -82.694491305555559, 28.36276225 ] ] } },
{ "type": "Feature", "properties": { "style": "solid", "thickness": 1 }, "geometry": { "type": "LineString", "coordinates": [ [ -82.627011361111101, 27.590649805555554 ], [ -82.618976333333322, 27.585856722222221 ], [ -82.616698861111104, 27.584798277777775 ], [ -82.614808888888888, 27.584150944444442 ], [ -82.612643305555551, 27.5836965 ], [ -82.610766361111104, 27.583507666666666 ], [ -82.609051555555553, 27.583482138888886 ], [ -82.58784272222222, 27.583725666666666 ], [ -82.586176861111113, 27.583623444444445 ], [ -82.584767555555544, 27.583413527777775 ], [ -82.583016611111105, 27.58297811111111 ], [ -82.578520888888889, 27.58147386111111 ], [ -82.576263805555556, 27.58076338888889 ], [ -82.574416194444439, 27.580352027777778 ], [ -82.572599333333329, 27.580146722222221 ], [ -82.571026055555549, 27.580124 ], [ -82.569347027777781, 27.580196416666666 ], [ -82.56824325, 27.580373527777777 ], [ -82.565863416666659, 27.58090625 ], [ -82.563899861111111, 27.581575222222224 ], [ -82.560698861111106, 27.583105972222221 ], [ -82.558600333333331, 27.584009583333334 ], [ -82.556904805555547, 27.584508583333331 ], [ -82.555049583333329, 27.584839 ], [ -82.552876833333329, 27.585030333333332 ], [ -82.525459888888889, 27.585775583333334 ], [ -82.521924361111104, 27.58587675 ], [ -82.519538805555555, 27.585785277777777 ], [ -82.517702611111105, 27.58524247222222 ], [ -82.515919638888889, 27.584003388888888 ], [ -82.514961611111104, 27.582964916666665 ], [ -82.514653388888888, 27.582035166666667 ] ] } },
{ "type": "Feature", "properties": { "style": "solid", "thickness": 1 }, "geometry": { "type": "LineString", "coordinates": [ [ -82.254319694444447, 28.021067111111112 ], [ -82.25059680555556, 28.021845055555556 ], [ -82.225113583333339, 28.02686775 ], [ -82.222815583333329, 28.02723325 ], [ -82.22059594444444, 28.027505 ], [ -82.2183265, 28.027613138888888 ], [ -82.209003333333342, 28.027641916666667 ], [ -82.206092611111117, 28.027603416666665 ], [ -82.20363041666667, 28.027470305555553 ], [ -82.196036916666671, 28.02706386111111 ], [ -82.192270694444446, 28.026999027777777 ], [ -82.16473636111111, 28.02707938888889 ], [ -82.156212638888888, 28.027205888888886 ], [ -82.150995222222221, 28.02728036111111 ], [ -82.149026416666672, 28.027394333333334 ], [ -82.147105861111115, 28.02770536111111 ], [ -82.146331972222228, 28.027901861111111 ], [ -82.144419416666679, 28.028472694444442 ], [ -82.13484325, 28.031989444444445 ], [ -82.123644972222209, 28.035979777777779 ], [ -82.121894083333331, 28.036534583333335 ], [ -82.120863361111105, 28.036719 ], [ -82.119936388888888, 28.03680552777778 ], [ -82.118662611111105, 28.03685616666667 ], [ -82.117005833333323, 28.036859888888891 ], [ -82.108801611111105, 28.03677302777778 ] ] } },
{ "type": "Feature", "properties": { "style": "solid", "thickness": 1 }, "geometry": { "type": "LineString", "coordinates": [ [ -82.505525166666672, 27.95494075 ], [ -82.505356027777779, 27.955037083333334 ], [ -82.504654666666667, 27.955317333333333 ], [ -82.503782527777773, 27.955576805555555 ], [ -82.502639166666668, 27.955746444444443 ], [ -82.501474555555561, 27.955854444444444 ], [ -82.497727138888891, 27.955989583333334 ], [ -82.48867936111111, 27.95590988888889 ], [ -82.4725245, 27.955863611111109 ], [ -82.469892722222227, 27.955966055555553 ], [ -82.467543416666672, 27.955945333333332 ], [ -82.466565833333334, 27.955980055555553 ], [ -82.46573225, 27.956091916666665 ], [ -82.46379325, 27.95647822222222 ], [ -82.4630825, 27.956568583333333 ], [ -82.462152305555563, 27.956599444444443 ], [ -82.45877325, 27.956611888888887 ], [ -82.45835677777778, 27.956625111111112 ], [ -82.45760113888889, 27.956777194444445 ], [ -82.456835527777784, 27.957092388888888 ], [ -82.456172638888887, 27.95755625 ], [ -82.455544833333335, 27.958340666666665 ], [ -82.453625555555561, 27.962002555555554 ], [ -82.453202916666669, 27.963173666666666 ], [ -82.45297161111111, 27.963682805555553 ], [ -82.452705416666674, 27.964068527777776 ], [ -82.452419166666672, 27.964347583333332 ] ] } },
{ "type": "Feature", "properties": { "style": "solid", "thickness": 1 }, "geometry": { "type": "LineString", "coordinates": [ [ -82.522891194444441, 27.950555222222221 ], [ -82.523918027777782, 27.950325722222221 ], [ -82.52469925, 27.950094277777776 ], [ -82.531286944444446, 27.947764194444446 ], [ -82.55629775, 27.938821194444444 ], [ -82.564344194444445, 27.936071 ], [ -82.567659472222218, 27.934956916666668 ], [ -82.57087925, 27.93382375 ], [ -82.596204888888877, 27.92481188888889 ], [ -82.605064694444437, 27.921607111111111 ], [ -82.6096095, 27.919873527777778 ], [ -82.615658472222222, 27.917413611111112 ], [ -82.617728194444439, 27.916434444444445 ], [ -82.619775027777777, 27.91534722222222 ], [ -82.623910694444433, 27.912908527777777 ], [ -82.627928166666663, 27.910188777777776 ], [ -82.631644055555554, 27.907287722222222 ], [ -82.634053305555568, 27.905160166666665 ], [ -82.636448111111122, 27.902833 ], [ -82.638547583333335, 27.900596555555556 ], [ -82.642681333333343, 27.896216722222221 ], [ -82.651023, 27.887376111111109 ], [ -82.663106388888892, 27.874393138888891 ], [ -82.663745777777777, 27.873422055555555 ], [ -82.664059527777781, 27.872791972222224 ], [ -82.664300111111118, 27.871917111111113 ], [ -82.664353555555564, 27.871065888888889 ], [ -82.66355472222223, 27.839819055555555 ], [ -82.663701722222228, 27.8380215 ], [ -82.664123583333335, 27.836101222222222 ], [ -82.664578, 27.834753 ], [ -82.666328888888899, 27.830459916666666 ], [ -82.666535111111116, 27.829648916666667 ], [ -82.666664944444449, 27.828952805555556 ], [ -82.66665730555556, 27.828344555555557 ], [ -82.666495472222223, 27.82721886111111 ], [ -82.664824805555568, 27.822937305555556 ], [ -82.664691138888898, 27.822050222222224 ], [ -82.664677777777783, 27.821056666666667 ], [ -82.664748416666669, 27.813799055555556 ], [ -82.664608083333334, 27.812577722222223 ], [ -82.664257222222233, 27.811397777777778 ], [ -82.662503, 27.806698611111113 ], [ -82.662477111111116, 27.805271472222223 ], [ -82.662617833333343, 27.803117416666666 ], [ -82.662731055555568, 27.800007138888891 ], [ -82.662690166666678, 27.799138611111111 ], [ -82.662506861111112, 27.798266555555557 ], [ -82.662109722222226, 27.7972525 ], [ -82.6607841388889, 27.794187916666669 ], [ -82.660562666666678, 27.793295527777779 ], [ -82.660516833333332, 27.791943416666669 ], [ -82.660547222222235, 27.78844038888889 ], [ -82.660747722222226, 27.787434694444446 ], [ -82.661295694444448, 27.785801916666667 ], [ -82.661522916666669, 27.784961861111114 ], [ -82.661616472222221, 27.784169111111112 ], [ -82.66146338888889, 27.783113305555556 ], [ -82.661186666666666, 27.782231472222222 ], [ -82.65991727777778, 27.778924527777775 ], [ -82.659349388888899, 27.776286277777778 ], [ -82.658281111111123, 27.77332911111111 ], [ -82.6581415, 27.772268722222222 ], [ -82.658126388888888, 27.770808388888888 ], [ -82.65813416666667, 27.768798666666665 ], [ -82.658141805555559, 27.767432722222221 ], [ -82.65850075, 27.766364277777779 ], [ -82.65910925, 27.765391888888889 ], [ -82.659949361111117, 27.764620972222222 ], [ -82.662240583333343, 27.76272075 ], [ -82.663202916666677, 27.762173 ], [ -82.664310333333333, 27.761774 ], [ -82.665746166666679, 27.761544083333334 ], [ -82.668440555555563, 27.761539472222221 ], [ -82.66933522222223, 27.761427416666667 ], [ -82.670382638888896, 27.761126 ], [ -82.671191916666672, 27.760749 ], [ -82.673406777777785, 27.75921386111111 ], [ -82.67523975, 27.758098027777777 ], [ -82.676025527777782, 27.757489305555556 ], [ -82.676647138888896, 27.756476555555555 ], [ -82.677136055555565, 27.755178472222223 ], [ -82.677305194444443, 27.754129472222221 ], [ -82.6772635, 27.745932611111112 ], [ -82.677156583333343, 27.744708416666668 ], [ -82.676024333333345, 27.739433833333333 ], [ -82.675930777777779, 27.738131777777777 ], [ -82.675913722222234, 27.737125555555558 ], [ -82.67595750000001, 27.736107638888889 ], [ -82.676194805555554, 27.734459416666667 ], [ -82.677318861111118, 27.728849083333333 ], [ -82.677580305555566, 27.727066972222222 ], [ -82.677731166666675, 27.725097 ], [ -82.677411194444446, 27.722049111111108 ], [ -82.67737425, 27.721304305555552 ], [ -82.677466027777783, 27.720541444444443 ], [ -82.677943444444452, 27.719399166666665 ], [ -82.678369472222229, 27.718584638888888 ], [ -82.678853388888896, 27.717743083333332 ], [ -82.679552027777788, 27.716490916666665 ] ] } },
{ "type": "Feature", "properties": { "style": "solid", "thickness": 1 }, "geometry": { "type": "LineString", "coordinates": [ [ -82.369508472222222, 27.761751638888889 ], [ -82.365455777777768, 27.767316944444442 ], [ -82.364041416666666, 27.769869638888888 ], [ -82.363079111111105, 27.771983194444445 ], [ -82.361941138888881, 27.775289694444442 ], [ -82.353187416666657, 27.802812583333335 ], [ -82.352508416666666, 27.806148972222221 ], [ -82.3522965, 27.807986388888889 ], [ -82.352269944444444, 27.809254 ], [ -82.352209805555546, 27.820918666666667 ], [ -82.352058694444437, 27.822843472222221 ], [ -82.351600194444444, 27.825543777777778 ], [ -82.346909388888889, 27.84782625 ], [ -82.346727805555545, 27.848927916666664 ], [ -82.346499722222219, 27.851064833333336 ], [ -82.346516694444446, 27.85327875 ], [ -82.34668388888889, 27.855598 ], [ -82.34879627777778, 27.890414388888889 ], [ -82.348790277777766, 27.891626111111112 ], [ -82.34856, 27.89332375 ], [ -82.347964277777777, 27.895363527777779 ], [ -82.347329416666668, 27.896719416666667 ], [ -82.333759055555547, 27.921771916666668 ], [ -82.332636361111113, 27.924212083333334 ], [ -82.331885861111104, 27.926315638888891 ], [ -82.331537055555557, 27.927541388888891 ], [ -82.3309395, 27.930596861111113 ], [ -82.32684775, 27.959315611111112 ], [ -82.326326166666661, 27.963847027777778 ], [ -82.326389722222217, 27.982811666666667 ] ] } },
{ "type": "Feature", "properties": { "style": "solid", "thickness": 1 }, "geometry": { "type": "LineString", "coordinates": [ [ -82.453480361111119, 28.001428027777777 ], [ -82.453576777777783, 28.000924222222221 ], [ -82.453706027777784, 27.999594166666668 ], [ -82.453741194444447, 27.996144222222224 ], [ -82.453653527777774, 27.985662194444444 ], [ -82.453780805555553, 27.980974888888888 ], [ -82.453535611111107, 27.973854388888888 ], [ -82.453482388888887, 27.967551638888889 ], [ -82.453422277777776, 27.966651194444445 ], [ -82.453232472222226, 27.966185916666667 ], [ -82.4523935, 27.964372611111109 ] ] } },
{ "type": "Feature", "properties": { "style": "solid", "thickness": 1 }, "geometry": { "type": "LineString", "coordinates": [ [ -82.457127888888891, 28.188811805555556 ], [ -82.451250777777787, 28.186145361111112 ], [ -82.450586027777774, 28.185999722222224 ], [ -82.449021916666666, 28.185911611111113 ], [ -82.4374675, 28.185964833333333 ], [ -82.4298945, 28.18600863888889 ], [ -82.418509722222225, 28.185952194444443 ], [ -82.41230925, 28.185890416666666 ], [ -82.405519222222225, 28.185859888888888 ], [ -82.404844027777784, 28.185972194444446 ], [ -82.404308111111121, 28.18609075 ], [ -82.403201555555555, 28.186448166666668 ], [ -82.402138972222232, 28.187006527777779 ], [ -82.392989972222225, 28.193619472222224 ], [ -82.391735027777784, 28.194302472222223 ], [ -82.390886611111114, 28.19459638888889 ], [ -82.38968975, 28.194865722222222 ], [ -82.3887198888889, 28.194912666666667 ], [ -82.387614055555559, 28.194939472222224 ], [ -82.385482166666677, 28.194622944444443 ], [ -82.384054611111111, 28.194200361111111 ], [ -82.382559472222212, 28.193565583333335 ], [ -82.381262888888884, 28.192758444444443 ], [ -82.374423916666657, 28.187219527777778 ], [ -82.37336872222221, 28.186386944444443 ], [ -82.371734027777777, 28.185763305555557 ], [ -82.371048, 28.185590861111113 ], [ -82.370049444444433, 28.185456916666666 ], [ -82.35313675, 28.185845722222222 ], [ -82.351839861111102, 28.185891277777777 ], [ -82.350317499999989, 28.186046472222223 ], [ -82.349539277777779, 28.186246527777779 ], [ -82.348099055555551, 28.18673625 ], [ -82.339962222222212, 28.190942583333335 ], [ -82.337576361111104, 28.192155888888887 ], [ -82.3365125, 28.192816305555557 ], [ -82.334704888888879, 28.194105833333335 ], [ -82.3326335, 28.195992305555556 ], [ -82.329382583333327, 28.199317888888888 ], [ -82.328890277777774, 28.199775444444445 ], [ -82.327923222222225, 28.200448944444442 ], [ -82.326796555555546, 28.20098747222222 ], [ -82.325721583333333, 28.201418222222223 ], [ -82.324543416666657, 28.201685111111111 ], [ -82.323425388888879, 28.201800416666664 ], [ -82.32221772222222, 28.201800444444444 ], [ -82.32106075, 28.20167972222222 ], [ -82.319698666666667, 28.201295972222223 ], [ -82.31887858333333, 28.20098911111111 ], [ -82.31388613888889, 28.198940777777779 ], [ -82.311901666666657, 28.198196527777778 ], [ -82.310449444444444, 28.197914888888889 ], [ -82.309286138888879, 28.197827722222222 ], [ -82.298472805555548, 28.197838138888891 ] ] } },
{ "type": "Feature", "properties": { "style": "solid", "thickness": 1 }, "geometry": { "type": "LineString", "coordinates": [ [ -82.353328888888882, 28.075374527777779 ], [ -82.35338461111111, 28.068908972222221 ], [ -82.353892472222213, 28.05756513888889 ], [ -82.35384902777777, 28.055833583333335 ], [ -82.353074361111112, 28.051097638888891 ], [ -82.351549166666658, 28.043192333333334 ], [ -82.350829861111109, 28.040764388888892 ], [ -82.350081416666654, 28.038982 ], [ -82.348713583333335, 28.036557583333334 ], [ -82.347216666666668, 28.034608166666668 ], [ -82.331333916666665, 28.018077388888887 ], [ -82.329826305555557, 28.015972805555556 ], [ -82.328930833333331, 28.01414275 ], [ -82.328155638888887, 28.011568833333332 ], [ -82.327873277777769, 28.009521194444446 ], [ -82.326489305555555, 27.996073583333335 ] ] } },
{ "type": "Feature", "properties": { "style": "solid", "thickness": 1 }, "geometry": { "type": "LineString", "coordinates": [ [ -82.375107222222212, 28.209482305555554 ], [ -82.376210138888879, 28.207924138888888 ], [ -82.377142861111111, 28.2064325 ], [ -82.380843694444437, 28.200091333333333 ], [ -82.38270533333332, 28.196906083333335 ], [ -82.384117388888896, 28.19422777777778 ], [ -82.39387727777779, 28.171159638888891 ], [ -82.39463141666667, 28.16883288888889 ], [ -82.394870722222223, 28.16755175 ], [ -82.395028583333342, 28.166185777777777 ], [ -82.395055611111118, 28.165091194444443 ], [ -82.394944111111116, 28.16356022222222 ], [ -82.394472694444445, 28.161507777777775 ], [ -82.39402352777779, 28.160221416666666 ], [ -82.393594527777779, 28.159242305555555 ], [ -82.392894194444452, 28.157980361111111 ], [ -82.39210427777779, 28.1567655 ], [ -82.389872972222236, 28.153594833333333 ], [ -82.38219186111111, 28.14240663888889 ], [ -82.38116625, 28.140889222222221 ], [ -82.38027025, 28.139144944444443 ], [ -82.3798936111111, 28.138144527777776 ], [ -82.379453444444437, 28.136898416666668 ], [ -82.371135583333327, 28.113151527777781 ], [ -82.368137777777775, 28.104665611111113 ], [ -82.367344777777774, 28.103048805555556 ], [ -82.366318305555552, 28.101451555555556 ], [ -82.36524125, 28.100170138888892 ], [ -82.363791166666658, 28.09874397222222 ], [ -82.35928625, 28.095464861111111 ], [ -82.358553694444439, 28.094812111111111 ], [ -82.357397555555551, 28.093634916666666 ], [ -82.356671527777777, 28.092780722222223 ], [ -82.355928694444444, 28.091674722222223 ] ] } },
{ "type": "Feature", "properties": { "style": "solid", "thickness": 1 }, "geometry": { "type": "LineString", "coordinates": [ [ -82.462819555555555, 27.938112916666668 ], [ -82.465061333333338, 27.937113527777779 ], [ -82.465856111111108, 27.936551194444444 ], [ -82.466913083333338, 27.935495805555554 ], [ -82.467126, 27.934037083333333 ], [ -82.467483027777774, 27.933358 ], [ -82.468222416666663, 27.932872 ], [ -82.4728575, 27.93204825 ], [ -82.473285972222229, 27.931779305555558 ], [ -82.476325222222229, 27.928928722222224 ], [ -82.478028527777781, 27.927814694444447 ], [ -82.485540666666665, 27.923280444444444 ], [ -82.486216972222223, 27.922863666666668 ], [ -82.487955694444452, 27.921270527777779 ], [ -82.489839666666668, 27.919789694444447 ], [ -82.49014625, 27.919424611111111 ], [ -82.490366888888886, 27.919003083333333 ], [ -82.490587527777777, 27.918581527777778 ], [ -82.491178472222217, 27.916102777777777 ], [ -82.491228444444445, 27.915445083333331 ], [ -82.491172555555551, 27.913352805555554 ], [ -82.49098855555556, 27.912543277777775 ], [ -82.490619361111115, 27.911602138888888 ], [ -82.489781027777781, 27.909472388888886 ], [ -82.48966125, 27.908695777777776 ], [ -82.489674555555553, 27.90683661111111 ], [ -82.489112694444444, 27.902898027777777 ], [ -82.488840388888889, 27.900330611111109 ], [ -82.488696, 27.898908972222223 ], [ -82.488064611111113, 27.896196083333333 ], [ -82.487372638888885, 27.89485786111111 ], [ -82.485706694444445, 27.894772777777778 ], [ -82.485598055555556, 27.894561444444445 ], [ -82.485772944444449, 27.89315788888889 ], [ -82.485457916666661, 27.89220372222222 ], [ -82.485090444444452, 27.891834833333334 ], [ -82.484646, 27.891606444444445 ], [ -82.483680111111113, 27.891400027777777 ], [ -82.480606944444446, 27.889455777777776 ], [ -82.480696083333342, 27.888440944444444 ], [ -82.480491861111119, 27.88829875 ], [ -82.479183944444443, 27.888294916666666 ], [ -82.478861527777781, 27.888122527777778 ], [ -82.478892277777774, 27.887256611111109 ], [ -82.479277388888889, 27.886981111111112 ], [ -82.48073736111111, 27.886913861111111 ], [ -82.480973083333339, 27.886281694444445 ], [ -82.480699333333334, 27.884008527777777 ], [ -82.481573416666663, 27.882700111111113 ], [ -82.481998777777775, 27.87821263888889 ], [ -82.483468305555562, 27.877502361111112 ], [ -82.484154861111108, 27.87763302777778 ], [ -82.484993472222229, 27.876772111111112 ], [ -82.485588972222217, 27.875428333333335 ], [ -82.48659475, 27.87476061111111 ], [ -82.487588472222228, 27.873242972222222 ], [ -82.487732833333339, 27.87222275 ], [ -82.488203416666664, 27.871252305555554 ], [ -82.488471527777776, 27.870058194444447 ], [ -82.48870761111111, 27.867590722222221 ], [ -82.488621416666675, 27.865517916666668 ], [ -82.488352, 27.8643115 ], [ -82.487041027777778, 27.861260222222224 ], [ -82.486633222222224, 27.860971222222222 ], [ -82.48531425, 27.858777333333336 ], [ -82.484260138888885, 27.858178333333335 ], [ -82.482899, 27.856362027777781 ], [ -82.48225675, 27.855969194444445 ], [ -82.481538361111106, 27.855044861111111 ], [ -82.480748305555551, 27.855521944444448 ], [ -82.480510083333328, 27.855261972222223 ], [ -82.480733527777787, 27.854361361111113 ], [ -82.480462166666669, 27.853777805555556 ], [ -82.47990825, 27.852993138888891 ], [ -82.47859275, 27.851856194444444 ], [ -82.47765, 27.851367722222225 ], [ -82.476400166666664, 27.850957444444447 ], [ -82.472088666666664, 27.847553305555554 ], [ -82.470742722222226, 27.846335583333332 ], [ -82.470241, 27.845634888888888 ], [ -82.469706555555561, 27.844812166666667 ], [ -82.469085055555553, 27.84057775 ], [ -82.469642666666672, 27.836321444444444 ], [ -82.469963, 27.834733694444445 ], [ -82.470283333333342, 27.833145916666666 ], [ -82.470603638888889, 27.831558166666667 ], [ -82.471048555555555, 27.830283 ], [ -82.472177527777774, 27.825410333333334 ], [ -82.472783361111112, 27.822324277777778 ], [ -82.474163333333337, 27.821405277777778 ], [ -82.479048583333338, 27.821536944444443 ], [ -82.48103858333333, 27.821240694444445 ], [ -82.484674027777785, 27.821851333333335 ], [ -82.48805605555556, 27.82276361111111 ], [ -82.489000638888896, 27.822566111111112 ], [ -82.489562722222217, 27.822688361111112 ], [ -82.490434166666674, 27.823459555555555 ], [ -82.493983777777785, 27.82462575 ], [ -82.496119916666672, 27.824341166666667 ], [ -82.501631472222229, 27.825161138888888 ], [ -82.50842163888889, 27.827211333333334 ], [ -82.517994416666667, 27.830899583333334 ], [ -82.526743555555555, 27.83427561111111 ], [ -82.528399916666672, 27.83617275 ], [ -82.52958261111111, 27.836139166666666 ], [ -82.533142833333329, 27.832716166666668 ], [ -82.534028722222217, 27.83290772222222 ], [ -82.537595027777769, 27.835666388888889 ], [ -82.537617111111103, 27.83601575 ], [ -82.53700475, 27.838770666666665 ], [ -82.536947833333329, 27.840968361111109 ], [ -82.539075916666661, 27.842669555555556 ], [ -82.541835722222217, 27.844999083333331 ], [ -82.544748083333332, 27.847389527777775 ], [ -82.546504138888892, 27.849075222222222 ], [ -82.547150472222214, 27.850292916666668 ], [ -82.548093805555553, 27.85175963888889 ], [ -82.54716230555556, 27.854208388888889 ], [ -82.545539722222216, 27.855790527777778 ], [ -82.545592083333332, 27.858387638888889 ], [ -82.545846305555557, 27.858656055555556 ], [ -82.546470333333332, 27.858681944444445 ], [ -82.548149861111114, 27.857759277777781 ], [ -82.548355638888893, 27.857364472222223 ], [ -82.547884194444435, 27.855615416666669 ], [ -82.548138444444447, 27.855152083333333 ], [ -82.549771916666671, 27.853531666666669 ], [ -82.552124416666658, 27.850589694444444 ], [ -82.5517825, 27.849300166666666 ], [ -82.552007194444442, 27.848242388888888 ], [ -82.55325769444444, 27.847252805555556 ], [ -82.554070222222222, 27.847537277777775 ], [ -82.554698583333334, 27.84804858333333 ], [ -82.55586538888889, 27.85086738888889 ], [ -82.555440277777777, 27.852399972222223 ], [ -82.5536155, 27.854698722222224 ], [ -82.553119111111101, 27.85572788888889 ], [ -82.552189083333332, 27.858088694444447 ], [ -82.552253305555553, 27.860663916666667 ], [ -82.552895194444446, 27.862089944444445 ], [ -82.552636666666658, 27.862601166666668 ], [ -82.549709166666659, 27.86367175 ], [ -82.547254555555554, 27.863844611111112 ], [ -82.544470138888883, 27.863177111111114 ], [ -82.540349305555551, 27.863870444444444 ], [ -82.539306916666661, 27.864711861111111 ], [ -82.536887055555553, 27.867570666666666 ], [ -82.532332805555555, 27.871325722222224 ], [ -82.529783972222219, 27.877198666666668 ], [ -82.53034975, 27.878083166666666 ], [ -82.53120525, 27.878543777777779 ], [ -82.532116583333334, 27.87925538888889 ], [ -82.531536361111108, 27.882755194444446 ], [ -82.533051472222226, 27.885373972222222 ], [ -82.538758472222227, 27.885402194444445 ], [ -82.538939138888892, 27.88427425 ], [ -82.541606305555547, 27.88431875 ], [ -82.541606305555547, 27.886695611111112 ], [ -82.540788, 27.889072444444444 ], [ -82.54266325, 27.890816111111111 ], [ -82.542198305555559, 27.891391805555553 ], [ -82.541162222222226, 27.891647555555554 ], [ -82.54022675, 27.893701861111111 ], [ -82.534613111111113, 27.893695333333334 ], [ -82.534443055555556, 27.895021888888888 ], [ -82.533971277777781, 27.895572305555554 ], [ -82.532164583333326, 27.895967027777779 ], [ -82.53195205555555, 27.898081694444443 ], [ -82.534376888888886, 27.898477555555555 ], [ -82.535623805555559, 27.898212666666666 ], [ -82.53610919444445, 27.900761305555555 ], [ -82.535715972222221, 27.9026315 ], [ -82.53502275, 27.903816277777775 ], [ -82.531931444444439, 27.904035361111109 ], [ -82.530911222222215, 27.905238638888889 ], [ -82.532237166666661, 27.906927777777778 ], [ -82.531939583333326, 27.915923194444442 ], [ -82.53398275, 27.916038694444442 ], [ -82.534911888888885, 27.916585027777778 ], [ -82.535395444444447, 27.917635111111114 ], [ -82.53545525, 27.921538305555558 ], [ -82.535365583333331, 27.921848416666666 ], [ -82.533437111111112, 27.924919611111111 ], [ -82.533022583333334, 27.929191111111113 ], [ -82.533658972222227, 27.930147111111111 ], [ -82.533800472222225, 27.93196427777778 ], [ -82.53380825, 27.933565416666667 ], [ -82.53489863888889, 27.936112861111113 ], [ -82.537557361111112, 27.940673361111113 ], [ -82.539412972222223, 27.941131722222224 ], [ -82.542845333333332, 27.940669722222221 ], [ -82.54372475, 27.9408085 ], [ -82.544018694444446, 27.941226888888888 ], [ -82.54364825, 27.942160972222222 ], [ -82.544711, 27.942327388888888 ], [ -82.546945833333325, 27.941495305555556 ], [ -82.547483277777772, 27.9425515 ], [ -82.543620777777775, 27.944371638888889 ], [ -82.541027666666665, 27.946382 ], [ -82.541176444444446, 27.948760027777777 ], [ -82.544736527777772, 27.949581305555554 ], [ -82.545684055555554, 27.95011072222222 ], [ -82.54629247222222, 27.950889222222223 ], [ -82.547174694444436, 27.953158027777778 ], [ -82.546142805555547, 27.95447847222222 ], [ -82.545306472222222, 27.955196194444444 ], [ -82.545149444444448, 27.955639416666667 ], [ -82.545250944444447, 27.956120972222223 ], [ -82.54588861111111, 27.956516833333332 ], [ -82.547592944444446, 27.959578527777776 ], [ -82.548191194444442, 27.96024875 ], [ -82.54903775, 27.961854916666667 ], [ -82.55082225, 27.96394025 ], [ -82.553841944444443, 27.967060944444444 ], [ -82.556828305555555, 27.966862027777776 ], [ -82.5583025, 27.96645772222222 ], [ -82.559193472222219, 27.96701225 ], [ -82.559904861111107, 27.967147194444443 ], [ -82.56570988888889, 27.967133972222221 ], [ -82.56662175, 27.965305305555553 ], [ -82.5678245, 27.963190944444445 ], [ -82.568734111111112, 27.96193813888889 ], [ -82.571171333333325, 27.96193625 ], [ -82.573081416666668, 27.963278611111111 ], [ -82.570783916666656, 27.967135277777775 ], [ -82.571113583333329, 27.967883583333332 ], [ -82.570853333333332, 27.96839575 ], [ -82.569874722222224, 27.968082944444443 ], [ -82.570087861111105, 27.970921944444441 ], [ -82.569118472222215, 27.973220861111109 ], [ -82.569648333333333, 27.9742995 ], [ -82.57026169444444, 27.974591472222219 ], [ -82.572269472222217, 27.97462197222222 ], [ -82.576523138888888, 27.975872916666663 ], [ -82.57798975, 27.976802666666664 ], [ -82.581220527777774, 27.978014166666664 ], [ -82.58231516666666, 27.97627675 ], [ -82.582972555555557, 27.976387638888887 ], [ -82.583063638888888, 27.976865722222222 ], [ -82.582112472222221, 27.978719861111109 ], [ -82.583776055555546, 27.979139444444442 ], [ -82.58873725, 27.979122 ], [ -82.593360222222216, 27.979215916666664 ], [ -82.597621888888881, 27.980058777777778 ], [ -82.599524222222215, 27.97829322222222 ], [ -82.600331916666661, 27.978218083333331 ], [ -82.602093055555557, 27.979180027777776 ], [ -82.602765222222217, 27.980512555555553 ], [ -82.604178694444442, 27.982747638888888 ], [ -82.605951333333323, 27.984139444444445 ], [ -82.606991388888886, 27.984719416666668 ], [ -82.60702175, 27.985712166666669 ], [ -82.607058194444434, 27.986334611111111 ], [ -82.607398277777776, 27.986651222222225 ], [ -82.608424583333331, 27.986565361111111 ], [ -82.609529861111099, 27.987128805555557 ], [ -82.610461722222212, 27.98771688888889 ], [ -82.611380194444436, 27.988413805555556 ], [ -82.611548083333332, 27.9886595 ], [ -82.611585166666657, 27.98925075 ], [ -82.611755583333334, 27.990008972222224 ], [ -82.6123325, 27.990196777777779 ], [ -82.613390138888889, 27.990113444444447 ], [ -82.614439027777777, 27.990392472222222 ], [ -82.615482888888877, 27.990962972222224 ], [ -82.619369972222216, 27.993728638888889 ], [ -82.620409333333328, 27.994914138888891 ], [ -82.620858722222209, 27.99484975 ], [ -82.621192722222219, 27.994388305555557 ], [ -82.621739277777777, 27.9930415 ], [ -82.621927555555544, 27.99303613888889 ], [ -82.622146166666667, 27.993234666666666 ], [ -82.622654388888876, 27.994734 ], [ -82.622541722222209, 27.995069416666666 ], [ -82.621233444444442, 27.996737361111112 ], [ -82.621219555555555, 27.997194194444447 ], [ -82.621685916666664, 27.997604111111112 ], [ -82.622681861111104, 27.997464611111113 ], [ -82.62320413888888, 27.997679222222224 ], [ -82.623509916666663, 27.998329277777778 ], [ -82.623303416666658, 27.999273583333334 ], [ -82.623479527777775, 28.0000945 ], [ -82.623959305555545, 28.000266194444446 ], [ -82.626197194444444, 28.00040875 ], [ -82.627788277777768, 28.001159888888889 ], [ -82.627805, 28.001335694444446 ], [ -82.625640444444443, 28.002149694444444 ], [ -82.624595916666664, 28.002654027777776 ], [ -82.624450166666662, 28.002981305555554 ], [ -82.624772027777766, 28.00328713888889 ], [ -82.625336805555548, 28.003394444444446 ], [ -82.626296305555556, 28.003115444444443 ], [ -82.626952194444442, 28.002777444444444 ], [ -82.628968388888879, 28.003195916666666 ], [ -82.630104027777776, 28.0029545 ], [ -82.630881805555546, 28.002512944444444 ], [ -82.631677361111102, 28.002507583333333 ], [ -82.633007333333325, 28.003274805555556 ], [ -82.635330527777782, 28.004881166666667 ], [ -82.636672583333336, 28.005990611111113 ], [ -82.637983944444457, 28.007747666666667 ], [ -82.639454527777787, 28.010004805555557 ], [ -82.639539555555558, 28.013403416666666 ], [ -82.640230305555562, 28.0165875 ], [ -82.641207055555569, 28.017752777777776 ], [ -82.641668111111116, 28.019155527777777 ], [ -82.6420885, 28.019259777777776 ], [ -82.643047138888889, 28.01904025 ], [ -82.643344722222224, 28.017232416666666 ], [ -82.644138, 28.016876527777775 ], [ -82.645343416666677, 28.016784805555556 ], [ -82.646429861111116, 28.016982083333332 ], [ -82.648347166666667, 28.017658027777777 ], [ -82.650074333333336, 28.018081472222221 ], [ -82.650755194444457, 28.018116277777779 ], [ -82.65180905555556, 28.01791875 ], [ -82.653837194444449, 28.017238027777775 ], [ -82.655041361111117, 28.016643333333334 ], [ -82.657239611111123, 28.013637027777779 ], [ -82.657515916666668, 28.011092777777776 ], [ -82.656803055555557, 28.01058311111111 ], [ -82.655418416666677, 28.010663583333333 ], [ -82.654726111111117, 28.010229027777779 ], [ -82.654641083333345, 28.009892722222222 ], [ -82.655226, 28.00783425 ], [ -82.655778611111117, 28.004529333333334 ], [ -82.656573305555568, 28.003140666666667 ], [ -82.657306888888897, 28.002402222222223 ], [ -82.657698083333344, 28.001216055555556 ], [ -82.657259694444448, 27.999237666666669 ], [ -82.657832277777786, 27.998756305555556 ], [ -82.658587250000011, 27.999856555555557 ], [ -82.660377888888888, 28.000359388888889 ], [ -82.66184775, 28.000367805555555 ], [ -82.662385638888892, 27.999733166666669 ], [ -82.663260138888901, 27.999589055555557 ], [ -82.664210972222222, 28.000183861111111 ], [ -82.665044944444446, 28.001085361111112 ], [ -82.665131694444455, 28.001597361111113 ], [ -82.664007055555558, 28.002403333333334 ], [ -82.663365083333332, 28.003301638888889 ], [ -82.663869027777778, 28.003748944444446 ], [ -82.6640645, 28.00534138888889 ], [ -82.663524, 28.006898611111112 ], [ -82.663768833333336, 28.008998666666667 ], [ -82.66465775, 28.010091444444445 ], [ -82.667677888888889, 28.015613694444443 ], [ -82.667624083333337, 28.01657625 ], [ -82.666083777777786, 28.018439138888887 ], [ -82.665382361111114, 28.019875472222221 ], [ -82.665187722222228, 28.022186777777776 ], [ -82.664860944444456, 28.023879416666666 ], [ -82.664591277777788, 28.025396333333333 ], [ -82.664773361111116, 28.027237888888887 ], [ -82.665247055555568, 28.028455527777776 ], [ -82.666803611111121, 28.029576666666667 ], [ -82.66838688888889, 28.030460777777776 ], [ -82.670576611111116, 28.031352694444443 ], [ -82.673681361111122, 28.03230822222222 ], [ -82.674871666666675, 28.032967194444442 ], [ -82.675749638888888, 28.0329335 ], [ -82.676651666666672, 28.033090194444444 ], [ -82.677610333333334, 28.032990805555556 ], [ -82.678988027777777, 28.032295055555554 ], [ -82.67981736111112, 28.032002277777778 ], [ -82.684132166666672, 28.03088425 ], [ -82.686858888888892, 28.03099688888889 ], [ -82.688104138888889, 28.029438666666664 ], [ -82.689191833333339, 28.028380638888887 ], [ -82.690318472222231, 28.027632027777777 ], [ -82.689543861111119, 28.026271222222221 ], [ -82.688759444444443, 28.0250405 ], [ -82.687112138888892, 28.022857638888887 ], [ -82.685043777777778, 28.020503305555554 ], [ -82.684423194444449, 28.01876722222222 ], [ -82.68331944444445, 28.016557055555555 ], [ -82.683171416666667, 28.01468513888889 ], [ -82.681778138888887, 28.01282525 ], [ -82.679673722222233, 28.010513277777779 ], [ -82.677091222222231, 28.009414805555554 ], [ -82.676801194444451, 28.009187555555556 ], [ -82.677396333333334, 28.00768 ], [ -82.676953027777785, 28.006939611111111 ], [ -82.675383027777784, 28.005785527777778 ], [ -82.675341388888896, 28.005659833333333 ], [ -82.676178472222233, 28.004772666666668 ], [ -82.677933527777782, 28.003034361111112 ], [ -82.679088694444445, 28.001199333333332 ], [ -82.679349833333333, 28.000094083333334 ], [ -82.680483888888887, 27.998727194444445 ], [ -82.681385111111112, 27.997666111111112 ], [ -82.683080305555563, 27.995685083333335 ], [ -82.6842615, 27.994110305555555 ], [ -82.684066444444454, 27.99325963888889 ], [ -82.68432150000001, 27.991206555555557 ], [ -82.686090583333339, 27.988778833333335 ], [ -82.686937333333333, 27.98859486111111 ], [ -82.688473777777787, 27.988247611111113 ], [ -82.689469416666668, 27.987887055555557 ], [ -82.692010972222221, 27.984794805555556 ], [ -82.693106472222226, 27.982777305555555 ], [ -82.693546, 27.980658277777778 ], [ -82.693337527777786, 27.979855333333333 ], [ -82.69412511111112, 27.97936258333333 ], [ -82.694259583333334, 27.978635055555554 ], [ -82.694039916666668, 27.97755997222222 ], [ -82.694291305555566, 27.977373305555552 ], [ -82.69583902777778, 27.976146666666665 ], [ -82.696348083333334, 27.975130305555552 ], [ -82.696567777777787, 27.973815277777778 ], [ -82.696517888888891, 27.972467694444443 ], [ -82.695978722222222, 27.971146944444442 ], [ -82.696274194444442, 27.97108736111111 ], [ -82.696863138888887, 27.971516722222219 ], [ -82.697656333333342, 27.971387027777777 ], [ -82.698264, 27.971167111111111 ], [ -82.699474361111115, 27.970149944444444 ], [ -82.700371777777775, 27.970181777777775 ], [ -82.702153777777781, 27.969790305555552 ], [ -82.702501444444451, 27.969326083333332 ], [ -82.702605944444443, 27.96787608333333 ], [ -82.703220916666666, 27.96783108333333 ], [ -82.704096638888885, 27.966873555555555 ], [ -82.704405694444446, 27.96583422222222 ], [ -82.703829638888891, 27.96492947222222 ], [ -82.703472527777777, 27.964997694444445 ], [ -82.702917722222224, 27.966043138888889 ], [ -82.701683638888895, 27.96740225 ], [ -82.701317027777776, 27.967913388888888 ], [ -82.700085083333335, 27.968990388888887 ], [ -82.697573527777777, 27.968568944444442 ], [ -82.695082277777786, 27.96949161111111 ], [ -82.694821166666671, 27.970183944444443 ], [ -82.694979527777775, 27.971440555555553 ], [ -82.694900305555564, 27.97181 ], [ -82.693441583333339, 27.972549194444444 ], [ -82.693181305555555, 27.973760527777777 ], [ -82.693191555555558, 27.975637777777777 ], [ -82.692068666666671, 27.975903916666667 ], [ -82.69105041666667, 27.97593525 ], [ -82.689415944444448, 27.97476147222222 ], [ -82.688945972222228, 27.97381575 ], [ -82.687728305555552, 27.973388916666664 ], [ -82.687646111111121, 27.973055166666665 ], [ -82.689765305555554, 27.972483777777775 ], [ -82.690305805555553, 27.971871972222221 ], [ -82.691080861111118, 27.971549277777775 ], [ -82.69271333333333, 27.9695035 ], [ -82.693651111111109, 27.967719361111108 ], [ -82.694090777777788, 27.965978083333333 ], [ -82.695279305555559, 27.96418975 ], [ -82.696018138888888, 27.963029583333334 ], [ -82.696717888888898, 27.96234763888889 ], [ -82.696783388888889, 27.962325194444443 ], [ -82.697362305555558, 27.962144555555554 ], [ -82.697348388888898, 27.961905638888886 ], [ -82.697048833333341, 27.96174936111111 ], [ -82.696052666666674, 27.961806694444444 ], [ -82.695919388888896, 27.961090166666665 ], [ -82.697918444444454, 27.960710611111111 ], [ -82.698959527777788, 27.960570888888888 ], [ -82.701376055555556, 27.960569222222222 ], [ -82.70499550000001, 27.960225694444443 ], [ -82.706195888888885, 27.959648388888887 ], [ -82.707809527777783, 27.958772083333333 ], [ -82.709618055555552, 27.958073555555554 ], [ -82.710612777777783, 27.956910916666665 ], [ -82.711090361111118, 27.956883111111111 ], [ -82.711656583333337, 27.957412583333333 ], [ -82.711803055555563, 27.957677972222221 ], [ -82.712863666666664, 27.957978083333334 ], [ -82.713887361111119, 27.957732722222222 ], [ -82.714773833333339, 27.958133666666665 ], [ -82.716325305555557, 27.957842055555556 ], [ -82.717522888888894, 27.957617944444443 ], [ -82.718336444444446, 27.957090388888886 ], [ -82.719224694444449, 27.95604047222222 ], [ -82.720345055555555, 27.955104388888888 ], [ -82.721026111111115, 27.95476561111111 ], [ -82.721682472222227, 27.954644666666667 ], [ -82.722551416666676, 27.953492055555554 ], [ -82.72330072222222, 27.951797527777778 ], [ -82.72396875, 27.949637638888888 ], [ -82.724424222222225, 27.948590888888891 ], [ -82.724659138888896, 27.945766 ], [ -82.721515111111117, 27.945775222222224 ], [ -82.72121625, 27.943741638888888 ], [ -82.720259388888891, 27.9415665 ], [ -82.721425388888889, 27.940788416666667 ], [ -82.723261666666673, 27.939178916666666 ], [ -82.724804194444445, 27.938303861111113 ], [ -82.725764666666663, 27.93699275 ], [ -82.726038083333336, 27.936245555555555 ], [ -82.725857555555564, 27.93604 ], [ -82.725553861111109, 27.936034 ], [ -82.72503319444445, 27.936476 ], [ -82.7225175, 27.93608275 ], [ -82.721087555555556, 27.936535055555556 ], [ -82.718046111111107, 27.935166833333334 ], [ -82.716640611111117, 27.933658916666666 ], [ -82.714961472222228, 27.932559666666666 ], [ -82.713417861111111, 27.93101825 ], [ -82.713413527777774, 27.930757472222222 ], [ -82.711293972222222, 27.92886675 ], [ -82.709435666666664, 27.929065416666667 ], [ -82.707088972222223, 27.928092527777778 ], [ -82.705292916666664, 27.926157 ], [ -82.702229722222228, 27.924237416666667 ], [ -82.701381027777785, 27.9239955 ], [ -82.699214111111118, 27.923672888888891 ], [ -82.69794263888889, 27.923375444444446 ], [ -82.696575361111115, 27.921671 ], [ -82.695640333333344, 27.921418388888892 ], [ -82.694875166666677, 27.921890888888889 ], [ -82.693751666666671, 27.921982166666666 ], [ -82.69188311111111, 27.924763416666668 ], [ -82.692004944444449, 27.92585038888889 ], [ -82.69024625, 27.926133527777779 ], [ -82.689656222222226, 27.9252315 ], [ -82.688564861111118, 27.92219025 ], [ -82.68851725, 27.919443555555556 ], [ -82.68795322222222, 27.918682444444446 ], [ -82.685935111111121, 27.918001861111112 ], [ -82.68528575, 27.91709525 ], [ -82.684330138888896, 27.916564611111109 ], [ -82.683417472222231, 27.91573925 ], [ -82.682062583333334, 27.915523638888889 ], [ -82.680098277777788, 27.915745805555556 ], [ -82.67938775, 27.915590083333331 ], [ -82.676539555555564, 27.913807361111111 ], [ -82.673959055555557, 27.911801861111108 ], [ -82.673108861111118, 27.91158572222222 ], [ -82.67182291666667, 27.912657 ], [ -82.669747666666666, 27.913250777777776 ], [ -82.66298475, 27.912848972222221 ], [ -82.65865325, 27.91159675 ], [ -82.655865694444444, 27.911192055555553 ], [ -82.653503333333333, 27.909060222222219 ], [ -82.651540277777784, 27.906674944444443 ], [ -82.650364611111115, 27.90596375 ], [ -82.647293222222231, 27.904751444444443 ], [ -82.647218833333341, 27.904281555555553 ], [ -82.646332777777786, 27.900811611111109 ], [ -82.64612158333334, 27.898612194444443 ], [ -82.64614952777778, 27.897666611111109 ], [ -82.647430083333333, 27.897550944444443 ], [ -82.648731416666678, 27.897127444444443 ], [ -82.650015388888889, 27.896964777777779 ], [ -82.650599916666678, 27.8960555 ], [ -82.650351722222226, 27.895404055555556 ], [ -82.64983875, 27.895145194444446 ], [ -82.648623027777788, 27.895525833333334 ], [ -82.647797111111117, 27.895504333333331 ], [ -82.643896527777784, 27.897374194444446 ], [ -82.643158638888892, 27.89749025 ], [ -82.642277194444446, 27.897171083333333 ], [ -82.641909361111118, 27.897520916666664 ], [ -82.64192225, 27.897857 ], [ -82.641465166666677, 27.898532277777779 ], [ -82.639731055555558, 27.900939722222219 ], [ -82.639561888888892, 27.901924416666667 ], [ -82.639691583333345, 27.904072305555555 ], [ -82.639416583333343, 27.905295166666665 ], [ -82.63893075, 27.905407944444445 ], [ -82.638651972222235, 27.904776416666664 ], [ -82.637764444444457, 27.904607638888887 ], [ -82.636440555555566, 27.905058722222222 ], [ -82.633761194444446, 27.906836972222219 ], [ -82.632388472222218, 27.90801675 ], [ -82.628301583333325, 27.910403916666667 ], [ -82.627621444444443, 27.909797111111111 ], [ -82.629263083333328, 27.907966083333331 ], [ -82.631532138888886, 27.906332166666665 ], [ -82.633407833333337, 27.904620555555553 ], [ -82.634173027777791, 27.903427027777777 ], [ -82.635861472222231, 27.90143047222222 ], [ -82.636836555555561, 27.900716888888887 ], [ -82.638079972222229, 27.89828275 ], [ -82.638335027777785, 27.896141416666666 ], [ -82.63842841666667, 27.894716944444443 ], [ -82.63837247222223, 27.890957083333333 ], [ -82.637383944444451, 27.888004777777777 ], [ -82.634707333333338, 27.887560916666665 ], [ -82.633954527777789, 27.887897166666665 ], [ -82.633483055555558, 27.889174944444445 ], [ -82.632631416666655, 27.890889833333333 ], [ -82.632236, 27.89091 ], [ -82.630443166666666, 27.889745333333334 ], [ -82.62832, 27.8889705 ], [ -82.626180944444442, 27.887432194444443 ], [ -82.623519527777773, 27.886467111111109 ], [ -82.621622555555547, 27.885310055555554 ], [ -82.620443916666659, 27.884065861111111 ], [ -82.619630277777773, 27.882162555555556 ], [ -82.618880805555548, 27.881587083333333 ], [ -82.616745277777767, 27.881570388888889 ], [ -82.615460611111104, 27.879916527777777 ], [ -82.61353588888889, 27.878131888888888 ], [ -82.611750361111106, 27.875839222222222 ], [ -82.611934027777778, 27.874854166666665 ], [ -82.610099055555551, 27.872323083333335 ], [ -82.607986777777768, 27.870190888888889 ], [ -82.6070365, 27.869073888888888 ], [ -82.6051735, 27.867272888888888 ], [ -82.604454916666654, 27.86589563888889 ], [ -82.604095611111106, 27.864965694444447 ], [ -82.599385861111102, 27.864913138888891 ], [ -82.59704244444444, 27.864957361111113 ], [ -82.596555777777766, 27.864546083333334 ], [ -82.596603583333334, 27.863116166666668 ], [ -82.59660975, 27.862079861111113 ], [ -82.59653325, 27.859012638888892 ], [ -82.59698758333333, 27.858598444444446 ], [ -82.598960305555551, 27.858594583333335 ], [ -82.598796, 27.856613472222225 ], [ -82.597422861111113, 27.855567972222225 ], [ -82.596797444444434, 27.853213416666669 ], [ -82.597063583333323, 27.851247361111113 ], [ -82.596830472222223, 27.849592694444443 ], [ -82.595768277777779, 27.848539416666664 ], [ -82.594766805555551, 27.847300166666667 ], [ -82.594128055555558, 27.845476944444442 ], [ -82.59458375, 27.844265444444442 ], [ -82.594670666666659, 27.842772638888889 ], [ -82.593196916666656, 27.840818222222222 ], [ -82.59373572222222, 27.84008775 ], [ -82.593060861111113, 27.838927666666667 ], [ -82.59126630555555, 27.838214472222219 ], [ -82.590190333333325, 27.837664694444442 ], [ -82.589699305555555, 27.836768861111111 ], [ -82.589665527777768, 27.8360875 ], [ -82.589015388888882, 27.831949444444444 ], [ -82.588882805555556, 27.830176861111109 ], [ -82.589985388888877, 27.82879747222222 ], [ -82.590492361111103, 27.827422666666667 ], [ -82.59243711111111, 27.826364111111111 ], [ -82.595511555555547, 27.826490805555554 ], [ -82.598178583333322, 27.826397722222222 ], [ -82.598858388888885, 27.827909916666666 ], [ -82.599323944444436, 27.828990916666665 ], [ -82.601179333333334, 27.830901888888889 ], [ -82.602646916666657, 27.832166861111112 ], [ -82.604349305555544, 27.832585972222223 ], [ -82.607372388888876, 27.832809861111112 ], [ -82.608280583333325, 27.831877111111112 ], [ -82.609025777777774, 27.830417 ], [ -82.608725888888884, 27.829256694444446 ], [ -82.608102361111108, 27.828462694444443 ], [ -82.607182277777767, 27.826457472222224 ], [ -82.606164277777779, 27.825247194444444 ], [ -82.60447275, 27.824697888888888 ], [ -82.601439805555543, 27.824670972222222 ], [ -82.601085694444436, 27.824604416666666 ], [ -82.597811861111111, 27.823267722222223 ], [ -82.596575416666667, 27.823562361111112 ], [ -82.593663083333325, 27.823225888888889 ], [ -82.593472972222216, 27.822694277777778 ], [ -82.5936935, 27.821947333333334 ], [ -82.590360527777776, 27.82048836111111 ], [ -82.588961666666663, 27.819813638888888 ], [ -82.587562833333322, 27.81913888888889 ], [ -82.58879125, 27.816907 ], [ -82.588266555555549, 27.816112916666668 ], [ -82.588350222222218, 27.815439944444446 ], [ -82.588974777777779, 27.815090472222224 ], [ -82.589922833333333, 27.815029444444445 ], [ -82.591033027777769, 27.812963416666669 ], [ -82.591344777777778, 27.812825444444446 ], [ -82.592911222222213, 27.813148472222224 ], [ -82.595614305555557, 27.81371013888889 ], [ -82.596222611111102, 27.813817805555555 ], [ -82.596709277777776, 27.813851472222222 ], [ -82.598789611111101, 27.811579583333334 ], [ -82.600884194444433, 27.807974111111111 ], [ -82.602309833333322, 27.805922805555557 ], [ -82.602888277777765, 27.805306611111114 ], [ -82.605554305555543, 27.803067305555555 ], [ -82.606024055555551, 27.802285555555557 ], [ -82.606127305555546, 27.800617305555555 ], [ -82.606401027777778, 27.79986102777778 ], [ -82.606913777777777, 27.799784111111112 ], [ -82.607435194444435, 27.800214888888888 ], [ -82.608164111111108, 27.79957113888889 ], [ -82.607829527777767, 27.798615388888891 ], [ -82.606338027777767, 27.797520666666667 ], [ -82.605878499999989, 27.796956888888889 ], [ -82.605600416666661, 27.795914583333335 ], [ -82.606194611111107, 27.794272472222225 ], [ -82.607297277777775, 27.792760111111114 ], [ -82.608804444444445, 27.791496083333335 ], [ -82.6107635, 27.790523666666669 ], [ -82.611623, 27.790291333333336 ], [ -82.613843361111108, 27.790337916666669 ], [ -82.615736027777771, 27.78988225 ], [ -82.619094888888881, 27.788905361111112 ], [ -82.61936986111111, 27.78905852777778 ], [ -82.61967930555555, 27.790696972222225 ], [ -82.622431972222216, 27.790252722222224 ], [ -82.622258166666654, 27.78877075 ], [ -82.622399111111108, 27.787777138888892 ], [ -82.623274027777768, 27.786090555555557 ], [ -82.623274027777768, 27.784952944444445 ], [ -82.624195027777773, 27.783605361111114 ], [ -82.624197138888889, 27.783353444444447 ], [ -82.6239985, 27.783050111111109 ], [ -82.625236111111107, 27.78184086111111 ], [ -82.625424166666662, 27.78121975 ], [ -82.62565161111111, 27.78081025 ], [ -82.625598944444434, 27.780695805555556 ], [ -82.624816805555554, 27.780334222222223 ], [ -82.624725555555543, 27.778980166666667 ], [ -82.624941194444432, 27.778509166666666 ], [ -82.626187166666654, 27.77724522222222 ] ] } },
{ "type": "Feature", "properties": { "style": "solid", "thickness": 1 }, "geometry": { "type": "LineString", "coordinates": [ [ -82.630102583333326, 27.754541722222221 ], [ -82.630453416666654, 27.75342086111111 ], [ -82.629949638888888, 27.751810111111112 ], [ -82.629754111111112, 27.750049027777777 ], [ -82.629142027777775, 27.748679555555558 ], [ -82.624868555555551, 27.748592027777779 ], [ -82.624442722222213, 27.748396722222225 ], [ -82.623155972222222, 27.744908861111114 ], [ -82.623237916666653, 27.744594444444445 ], [ -82.623579777777778, 27.744323 ], [ -82.625286611111108, 27.744337194444444 ], [ -82.626633611111103, 27.744571944444445 ], [ -82.62881727777777, 27.744641083333335 ], [ -82.630079555555554, 27.745893611111111 ], [ -82.631037666666657, 27.744937361111113 ], [ -82.632383583333322, 27.745327944444444 ], [ -82.633006611111099, 27.744474666666669 ], [ -82.634836916666671, 27.74223952777778 ], [ -82.635993055555559, 27.74179788888889 ], [ -82.63671, 27.742275055555556 ], [ -82.637183638888899, 27.742201944444446 ], [ -82.637739805555569, 27.741897944444446 ], [ -82.639216361111124, 27.739948611111114 ], [ -82.639725138888892, 27.739351833333334 ], [ -82.64007275, 27.739213305555555 ], [ -82.640376777777789, 27.738617138888891 ], [ -82.640160083333342, 27.737236555555558 ], [ -82.639182416666671, 27.736178277777778 ], [ -82.638562111111113, 27.735234472222224 ], [ -82.637882583333337, 27.73509388888889 ], [ -82.637105694444458, 27.734492527777778 ], [ -82.636718333333334, 27.733716305555557 ], [ -82.636368694444457, 27.733701555555555 ], [ -82.636831333333333, 27.734988833333333 ], [ -82.636896666666672, 27.73557936111111 ], [ -82.636653805555568, 27.737001055555556 ], [ -82.636127361111122, 27.737599388888889 ], [ -82.63500641666667, 27.738088083333334 ], [ -82.632281916666656, 27.738172722222224 ], [ -82.632208388888884, 27.739223194444445 ], [ -82.631643583333329, 27.739388666666667 ], [ -82.628630638888879, 27.739352527777779 ], [ -82.628452472222222, 27.739791222222223 ], [ -82.628882638888882, 27.740780194444444 ], [ -82.630173166666665, 27.740510833333335 ], [ -82.630864055555548, 27.740676305555557 ], [ -82.630981361111111, 27.740926444444444 ], [ -82.6305425, 27.741672972222222 ], [ -82.628865277777777, 27.741665277777777 ], [ -82.627326555555555, 27.74168175 ], [ -82.626709055555551, 27.739641 ], [ -82.626365222222219, 27.7383745 ], [ -82.62506708333332, 27.73419125 ], [ -82.624885555555551, 27.730717694444444 ], [ -82.625648277777771, 27.727183861111108 ], [ -82.627915472222213, 27.720413416666666 ], [ -82.628333638888876, 27.720191166666666 ], [ -82.631025666666659, 27.720211222222222 ], [ -82.6310575, 27.721419583333333 ], [ -82.630973861111102, 27.724046138888887 ], [ -82.631580444444438, 27.7242045 ], [ -82.632198, 27.724645527777778 ], [ -82.632456499999989, 27.725271833333331 ], [ -82.634098805555567, 27.725723055555555 ], [ -82.634328555555555, 27.72528025 ], [ -82.634167166666671, 27.724948194444444 ], [ -82.634133083333339, 27.724518472222222 ], [ -82.635068277777791, 27.72396622222222 ], [ -82.636124444444448, 27.721516138888887 ], [ -82.635894166666674, 27.71951108333333 ], [ -82.63523, 27.71867658333333 ], [ -82.634086861111115, 27.718253527777776 ], [ -82.632501027777778, 27.71831511111111 ], [ -82.631671194444436, 27.718680722222221 ], [ -82.63138547222222, 27.718674638888888 ], [ -82.631156166666656, 27.718428722222221 ], [ -82.63132125, 27.71733572222222 ], [ -82.632021916666659, 27.715201777777779 ], [ -82.63265633333333, 27.714331666666666 ], [ -82.633215777777778, 27.711175638888889 ], [ -82.633724111111121, 27.710526166666664 ], [ -82.635115527777785, 27.710068166666666 ], [ -82.636690833333347, 27.710086611111109 ], [ -82.637050083333335, 27.709674083333333 ], [ -82.637421027777791, 27.707899972222222 ], [ -82.638695666666678, 27.705772194444442 ], [ -82.637259444444453, 27.705163888888887 ], [ -82.637188027777782, 27.704502 ], [ -82.637509555555567, 27.704228722222222 ], [ -82.637831055555566, 27.704178694444444 ], [ -82.63989175, 27.705184388888888 ], [ -82.640165472222222, 27.704922666666665 ], [ -82.640226277777785, 27.704637833333333 ], [ -82.639809194444453, 27.704156694444443 ], [ -82.6397613888889, 27.703821833333333 ], [ -82.640061194444456, 27.703610111111111 ], [ -82.641062388888898, 27.703575833333332 ], [ -82.643069666666676, 27.703225583333332 ], [ -82.64500816666667, 27.702418388888887 ], [ -82.64774113888889, 27.701709555555556 ], [ -82.650811055555565, 27.700883194444444 ], [ -82.651067861111116, 27.700375055555554 ], [ -82.651426916666679, 27.700175888888889 ], [ -82.652582611111114, 27.700229777777778 ], [ -82.655041611111116, 27.700212277777776 ], [ -82.656440611111123, 27.700601055555556 ], [ -82.660012527777781, 27.701695194444444 ], [ -82.662300666666667, 27.70201913888889 ], [ -82.662841888888892, 27.702349055555555 ], [ -82.662822027777779, 27.702663583333333 ], [ -82.663559555555565, 27.702942444444442 ], [ -82.666783833333341, 27.70411225 ], [ -82.668104, 27.704256472222223 ], [ -82.670283444444451, 27.70426275 ], [ -82.671346833333331, 27.704589888888886 ], [ -82.672724611111121, 27.7051075 ], [ -82.673871638888897, 27.705303777777775 ], [ -82.673993277777782, 27.705388472222221 ], [ -82.674042916666664, 27.705885305555555 ], [ -82.67747011111112, 27.705825666666666 ], [ -82.677623833333342, 27.703386805555557 ], [ -82.677623722222222, 27.701878916666665 ], [ -82.677510444444451, 27.698121611111112 ], [ -82.677375166666678, 27.69516611111111 ], [ -82.67852963888889, 27.69497913888889 ], [ -82.678616527777777, 27.69437425 ], [ -82.679369138888887, 27.694391944444444 ], [ -82.679864027777782, 27.701524805555554 ], [ -82.679763111111114, 27.703768333333333 ], [ -82.679754138888896, 27.705204055555555 ], [ -82.681359527777786, 27.706910611111109 ], [ -82.68156375, 27.707290444444443 ], [ -82.681615888888899, 27.707622666666666 ], [ -82.681509444444444, 27.70776311111111 ], [ -82.681201277777788, 27.707897138888889 ], [ -82.681988444444443, 27.709229055555554 ], [ -82.685721111111121, 27.710786444444444 ], [ -82.686625888888898, 27.710119611111111 ], [ -82.688138944444447, 27.709654861111112 ], [ -82.689773666666667, 27.710011861111109 ], [ -82.690929833333342, 27.710769583333331 ], [ -82.694967027777778, 27.715095222222221 ], [ -82.697979361111109, 27.718094027777777 ], [ -82.698329111111121, 27.720188611111109 ], [ -82.697936694444451, 27.722141138888887 ], [ -82.69752475, 27.722447722222221 ], [ -82.696764416666667, 27.723525277777775 ], [ -82.695768694444453, 27.723942944444442 ], [ -82.69444169444445, 27.7242735 ], [ -82.694738222222227, 27.725216361111109 ], [ -82.69449491666667, 27.725647361111111 ], [ -82.693033527777786, 27.725682888888887 ], [ -82.693063944444447, 27.729594111111108 ], [ -82.693399972222224, 27.729986638888889 ], [ -82.693309555555558, 27.730504694444441 ], [ -82.692386083333332, 27.732228361111108 ], [ -82.692286166666676, 27.733763722222225 ], [ -82.691453583333342, 27.734031166666668 ], [ -82.691944, 27.736010944444445 ], [ -82.69195236111112, 27.736669694444444 ], [ -82.691913277777786, 27.737150666666668 ], [ -82.692252166666677, 27.737535472222223 ], [ -82.692734416666667, 27.737781722222223 ], [ -82.693208, 27.737777888888889 ], [ -82.693772944444447, 27.737480472222224 ], [ -82.694946027777775, 27.737395805555558 ], [ -82.695961833333342, 27.73765211111111 ], [ -82.696909, 27.738328111111112 ], [ -82.697339138888893, 27.737947194444445 ], [ -82.697495555555562, 27.737623972222224 ], [ -82.69788575, 27.737304194444445 ], [ -82.698767722222229, 27.737254166666666 ], [ -82.69954325, 27.737627166666666 ], [ -82.69954325, 27.738245027777779 ], [ -82.699652472222226, 27.738269222222222 ], [ -82.699794, 27.738038361111112 ], [ -82.700491638888892, 27.737895444444444 ], [ -82.700792055555553, 27.737620583333335 ], [ -82.701176861111108, 27.737783305555556 ], [ -82.701539361111116, 27.737805277777777 ], [ -82.701929138888886, 27.738113111111112 ], [ -82.702194111111112, 27.738082166666668 ], [ -82.703393166666672, 27.737722 ], [ -82.703936972222223, 27.737645833333335 ], [ -82.705362388888886, 27.73778175 ], [ -82.706474638888892, 27.737770194444444 ], [ -82.706478388888897, 27.737566583333333 ], [ -82.707146222222221, 27.737575944444444 ], [ -82.707494972222221, 27.737429722222224 ], [ -82.707705888888896, 27.737102111111113 ], [ -82.708850527777784, 27.73712188888889 ], [ -82.710171333333335, 27.736790972222224 ], [ -82.71103675, 27.736483833333335 ], [ -82.711023722222222, 27.735900111111111 ], [ -82.712391111111117, 27.735874638888891 ], [ -82.713349777777779, 27.73606275 ], [ -82.714134, 27.736402083333335 ], [ -82.715491194444454, 27.737291694444444 ], [ -82.716568694444447, 27.737644972222224 ], [ -82.717819166666672, 27.737748055555556 ], [ -82.719545111111117, 27.738710972222222 ], [ -82.72344075, 27.741598972222224 ], [ -82.726307194444445, 27.744239444444446 ], [ -82.727783111111108, 27.74596002777778 ], [ -82.729175111111118, 27.747667722222221 ], [ -82.729204166666662, 27.748573083333333 ], [ -82.72897825, 27.749130972222222 ], [ -82.72802975, 27.750131277777779 ], [ -82.727967694444445, 27.75055561111111 ], [ -82.728366166666675, 27.751247305555555 ], [ -82.728343444444448, 27.752590861111113 ], [ -82.7286115, 27.752797444444443 ], [ -82.728760611111113, 27.753275611111111 ], [ -82.728985666666674, 27.753264083333335 ], [ -82.729280472222229, 27.752500916666666 ], [ -82.729455777777773, 27.752390722222223 ], [ -82.730303, 27.752906277777779 ], [ -82.731284916666667, 27.752903805555555 ], [ -82.731310972222218, 27.752148333333334 ], [ -82.73124380555555, 27.751369555555556 ], [ -82.731074361111112, 27.751381083333332 ], [ -82.730729722222222, 27.751906666666667 ], [ -82.730369722222221, 27.752014388888888 ], [ -82.73001716666667, 27.751857138888887 ], [ -82.729893027777777, 27.751576888888888 ], [ -82.729971777777777, 27.751371527777778 ], [ -82.730972138888887, 27.75039538888889 ], [ -82.731230861111115, 27.750278555555557 ], [ -82.731705055555551, 27.750335722222221 ], [ -82.732057611111117, 27.750632527777778 ], [ -82.732123305555561, 27.751053805555557 ], [ -82.732063555555555, 27.752983611111112 ], [ -82.732125472222222, 27.754885416666667 ], [ -82.732907527777783, 27.755054694444443 ], [ -82.735440277777784, 27.755085527777776 ], [ -82.736795083333334, 27.751248555555556 ], [ -82.735885472222222, 27.750535805555554 ], [ -82.735310333333331, 27.7497715 ], [ -82.734471805555557, 27.748432583333333 ], [ -82.735379861111113, 27.747970861111114 ] ] } },
{ "type": "Feature", "properties": { "style": "solid", "thickness": 1 }, "geometry": { "type": "LineString", "coordinates": [ [ -82.452419166666672, 27.964347583333332 ], [ -82.45228208333333, 27.964481222222222 ], [ -82.45160125, 27.964766666666666 ], [ -82.450117416666671, 27.9649325 ], [ -82.44905688888889, 27.96499422222222 ], [ -82.446174305555559, 27.96496375 ], [ -82.443653, 27.964833694444444 ], [ -82.441681722222228, 27.964921805555555 ], [ -82.439080638888896, 27.965130083333332 ], [ -82.414585805555561, 27.965037138888889 ], [ -82.409893166666677, 27.965073555555556 ], [ -82.407808138888896, 27.965380694444445 ], [ -82.406915, 27.965592388888886 ], [ -82.404653888888888, 27.966384722222223 ], [ -82.403437583333343, 27.966969777777777 ], [ -82.401256555555562, 27.968304916666664 ], [ -82.367411861111108, 27.994398666666669 ], [ -82.366388444444439, 27.995093722222222 ], [ -82.364675694444443, 27.995793472222225 ], [ -82.363367777777768, 27.9961605 ], [ -82.361939861111111, 27.996300444444444 ], [ -82.360547666666662, 27.996269611111114 ], [ -82.358698305555549, 27.996018972222224 ], [ -82.3565565, 27.995716055555558 ], [ -82.354990805555545, 27.995594583333336 ], [ -82.352966888888886, 27.995547361111111 ], [ -82.351294305555555, 27.995668805555557 ], [ -82.34876633333333, 27.995999472222223 ], [ -82.347136, 27.996355944444446 ], [ -82.331679333333327, 28.001359694444446 ], [ -82.33051719444444, 28.001633444444444 ], [ -82.319004361111112, 28.003198861111112 ], [ -82.31484005555555, 28.003786138888888 ], [ -82.3106755, 28.004558472222222 ] ] } },
{ "type": "Feature", "properties": { "style": "solid", "thickness": 1 }, "geometry": { "type": "LineString", "coordinates": [ [ -82.286606972222216, 28.009151972222224 ], [ -82.285426111111107, 28.009434388888888 ], [ -82.283247777777774, 28.010093805555556 ], [ -82.274961916666669, 28.013375416666666 ], [ -82.272368666666665, 28.01429725 ] ] } },
{ "type": "Feature", "properties": { "style": "solid", "thickness": 1 }, "geometry": { "type": "LineString", "coordinates": [ [ -82.1475906388889, 28.661647972222219 ], [ -82.162368888888892, 28.640016055555556 ] ] } },
{ "type": "Feature", "properties": { "style": "solid", "thickness": 1 }, "geometry": { "type": "LineString", "coordinates": [ [ -81.805658777777779, 28.15755558333333 ], [ -81.799202861111112, 28.157559944444444 ], [ -81.79485025, 28.157763777777777 ], [ -81.791094527777773, 28.1584005 ], [ -81.786871055555551, 28.159638527777776 ], [ -81.785218055555561, 28.160309138888888 ], [ -81.78340175, 28.161196611111109 ], [ -81.782493222222215, 28.161682722222221 ], [ -81.780685333333338, 28.162708527777777 ], [ -81.779839305555555, 28.163283777777778 ], [ -81.777202666666668, 28.165208111111109 ], [ -81.773200388888881, 28.168110277777778 ], [ -81.7694985, 28.170504027777778 ], [ -81.765670638888892, 28.172674083333334 ], [ -81.763310277777776, 28.173923 ], [ -81.761599333333336, 28.174761611111112 ], [ -81.757883666666672, 28.176485972222224 ], [ -81.722716083333339, 28.190509277777778 ], [ -81.70281833333334, 28.199256388888887 ], [ -81.682480583333344, 28.209135861111111 ], [ -81.678905944444452, 28.211115444444445 ], [ -81.669990444444451, 28.217450944444444 ], [ -81.659193277777788, 28.225570166666664 ], [ -81.649857527777783, 28.232468944444442 ], [ -81.645316333333341, 28.235862611111113 ] ] } },
{ "type": "Feature", "properties": { "style": "solid", "thickness": 1 }, "geometry": { "type": "LineString", "coordinates": [ [ -81.870267083333331, 28.147966805555555 ], [ -81.841717861111107, 28.155735277777776 ], [ -81.83936075, 28.156357694444441 ], [ -81.836519638888888, 28.156923666666664 ], [ -81.8335945, 28.157307722222221 ], [ -81.831729027777769, 28.157460722222222 ], [ -81.82944738888888, 28.157536805555555 ], [ -81.808533694444435, 28.157553527777775 ] ] } },
{ "type": "Feature", "properties": { "style": "solid", "thickness": 1 }, "geometry": { "type": "LineString", "coordinates": [ [ -81.629198722222213, 27.888474777777777 ], [ -81.614798111111099, 27.896014583333333 ] ] } },
{ "type": "Feature", "properties": { "style": "solid", "thickness": 1 }, "geometry": { "type": "LineString", "coordinates": [ [ -82.18395, 27.80156 ], [ -82.183350083333337, 27.802737222222223 ], [ -82.181106361111119, 27.807342805555557 ], [ -82.180592194444444, 27.808546722222221 ], [ -82.178821055555559, 27.813311555555558 ], [ -82.178427472222225, 27.81455038888889 ], [ -82.177132583333332, 27.819433361111113 ], [ -82.176862555555559, 27.820697694444444 ], [ -82.17605375, 27.825661611111112 ], [ -82.175909305555564, 27.826941833333333 ], [ -82.17559275, 27.831948916666665 ], [ -82.175575, 27.833235333333334 ], [ -82.175753111111121, 27.838247444444445 ], [ -82.175862166666676, 27.83953025 ], [ -82.176533583333338, 27.844509277777778 ], [ -82.176768611111115, 27.845778777777777 ], [ -82.177928222222221, 27.850686861111111 ], [ -82.178287472222223, 27.851933388888892 ], [ -82.17992647222222, 27.856733138888892 ], [ -82.180407222222229, 27.85794725 ], [ -82.182513138888893, 27.862602222222225 ], [ -82.18311175, 27.863774638888891 ], [ -82.185668527777779, 27.868249416666668 ], [ -82.186380472222226, 27.869371277777777 ], [ -82.189377472222219, 27.873625555555556 ], [ -82.19017, 27.87471 ] ] } },
{ "type": "Feature", "properties": { "style": "solid", "thickness": 1 }, "geometry": { "type": "LineString", "coordinates": [ [ -82.05673, 27.73584 ], [ -82.18395, 27.80156 ] ] } },
{ "type": "Feature", "properties": { "style": "solid", "thickness": 1 }, "geometry": { "type": "LineString", "coordinates": [ [ -82.84535, 28.77988 ], [ -82.90578, 28.93833 ] ] } },
{ "type": "Feature", "properties": { "style": "solid", "thickness": 1 }, "geometry": { "type": "LineString", "coordinates": [ [ -82.249819611111107, 27.458959972222221 ], [ -82.24488425, 27.458757277777778 ], [ -82.239997166666669, 27.458174416666665 ], [ -82.235185916666666, 27.457215777777776 ], [ -82.23048713888889, 27.455888694444443 ], [ -82.225936583333336, 27.45420325 ], [ -82.221568888888896, 27.45217225 ], [ -82.217417277777784, 27.44981111111111 ], [ -82.213513361111112, 27.447137805555556 ], [ -82.209886861111116, 27.444172666666667 ], [ -82.20656538888889, 27.440938194444445 ], [ -82.203574166666669, 27.437459055555557 ], [ -82.200936, 27.433761638888889 ], [ -82.198670972222232, 27.429874083333335 ], [ -82.196796305555566, 27.425825944444444 ], [ -82.19532625, 27.421648055555558 ], [ -82.194272055555558, 27.417372194444447 ], [ -82.193641666666664, 27.41303086111111 ], [ -82.193439972222222, 27.408648555555555 ], [ -82.193644583333338, 27.404266722222221 ], [ -82.194277722222225, 27.399925777777778 ], [ -82.195334638888895, 27.39565013888889 ], [ -82.196807222222219, 27.391472416666666 ], [ -82.198684333333333, 27.387424388888888 ], [ -82.200951638888895, 27.383536888888887 ], [ -82.203591888888894, 27.3798395 ], [ -82.206585, 27.376360416666667 ], [ -82.209908194444452, 27.373126138888889 ], [ -82.213536194444444, 27.37016125 ], [ -82.21744133333334, 27.367488416666667 ], [ -82.221593972222223, 27.365127916666669 ], [ -82.225962444444448, 27.363097805555558 ], [ -82.230513527777774, 27.361413527777778 ], [ -82.235212555555563, 27.360087888888891 ], [ -82.240023833333339, 27.359131055555558 ], [ -82.244910666666669, 27.35855025 ], [ -82.24981, 27.35835 ], [ -82.25473513888889, 27.358552305555556 ], [ -82.259621694444448, 27.359135083333335 ], [ -82.264432444444438, 27.360093916666667 ], [ -82.269130805555548, 27.361421444444446 ], [ -82.273681027777783, 27.363107583333335 ], [ -82.278048444444437, 27.365139472222225 ], [ -82.282199833333337, 27.367501638888889 ], [ -82.286103611111116, 27.370176083333334 ], [ -82.289730083333325, 27.373142444444444 ], [ -82.29305161111111, 27.376378083333332 ], [ -82.296042916666664, 27.379858388888888 ], [ -82.298681277777774, 27.383556833333333 ], [ -82.300946555555555, 27.387445277777779 ], [ -82.302821555555553, 27.391494055555555 ], [ -82.304292, 27.395672388888887 ], [ -82.305346694444438, 27.399948444444444 ], [ -82.305977611111103, 27.404289666666664 ], [ -82.30618, 27.40864 ], [ -82.305979944444445, 27.413013833333331 ], [ -82.305351222222214, 27.417355361111113 ], [ -82.304298666666668, 27.421631555555557 ], [ -82.302830222222212, 27.425809888888889 ], [ -82.300957111111103, 27.429858555555558 ], [ -82.298693555555559, 27.433746805555558 ], [ -82.296056833333338, 27.437445027777777 ], [ -82.293066944444448, 27.440925083333333 ], [ -82.289746694444446, 27.444160555555555 ], [ -82.286121333333327, 27.447126777777779 ], [ -82.282218444444439, 27.449801277777777 ], [ -82.27806775, 27.452163666666667 ], [ -82.273700833333336, 27.454196 ], [ -82.269150944444448, 27.455882805555554 ], [ -82.264452666666671, 27.457211305555553 ], [ -82.259641777777773, 27.458171388888889 ], [ -82.25475491666667, 27.45875575 ], [ -82.249819611111107, 27.458959972222221 ] ] } },
{ "type": "Feature", "properties": { "style": "solid", "thickness": 1 }, "geometry": { "type": "LineString", "coordinates": [ [ -82.052939972222219, 27.673325527777777 ], [ -82.053145111111107, 27.668946722222223 ], [ -82.05377980555555, 27.66460575 ], [ -82.054839277777774, 27.660330111111108 ], [ -82.056315472222224, 27.656152361111111 ], [ -82.058197111111113, 27.65210433333333 ], [ -82.060469916666662, 27.648216805555556 ], [ -82.063116583333326, 27.644519444444445 ], [ -82.066116944444445, 27.641040333333333 ], [ -82.06944816666666, 27.637806027777778 ], [ -82.073084944444446, 27.634841166666668 ], [ -82.076999555555545, 27.632168305555556 ], [ -82.081162222222218, 27.629807833333334 ], [ -82.08554125, 27.627777722222223 ], [ -82.090103333333332, 27.626093444444447 ], [ -82.094813722222213, 27.624767833333333 ], [ -82.099636611111109, 27.623811 ], [ -82.10453525, 27.623230222222222 ], [ -82.10944, 27.62303 ], [ -82.114377027777778, 27.623232 ], [ -82.119275416666653, 27.6238145 ], [ -82.124097888888883, 27.624773027777778 ], [ -82.128807694444433, 27.626100277777777 ], [ -82.133369, 27.62778613888889 ], [ -82.137747138888898, 27.629817805555557 ], [ -82.141908750000013, 27.632179722222222 ], [ -82.145822166666676, 27.634853944444444 ], [ -82.149457611111117, 27.637820083333335 ], [ -82.152787388888896, 27.641055555555557 ], [ -82.155786222222233, 27.644535694444443 ], [ -82.158431222222234, 27.648234 ], [ -82.160702277777787, 27.652122305555555 ], [ -82.162582138888894, 27.656171 ], [ -82.164056444444455, 27.66034925 ], [ -82.16511402777779, 27.66462525 ], [ -82.165746777777784, 27.668966444444447 ], [ -82.16595, 27.67332 ], [ -82.165749416666671, 27.677693861111113 ], [ -82.16511916666667, 27.682035416666668 ], [ -82.164064027777783, 27.686311638888888 ], [ -82.162592, 27.69049 ], [ -82.160714333333345, 27.694538694444443 ], [ -82.158445277777787, 27.698426944444446 ], [ -82.155802138888887, 27.702125166666665 ], [ -82.152805, 27.705605222222221 ], [ -82.149476694444445, 27.708840666666667 ], [ -82.145842555555561, 27.711806916666667 ], [ -82.141930194444456, 27.714481388888888 ], [ -82.137769444444444, 27.716843777777775 ], [ -82.133391944444455, 27.718876083333331 ], [ -82.128831027777778, 27.720562888888889 ], [ -82.124121361111108, 27.721891388888888 ], [ -82.119298861111105, 27.722851444444444 ], [ -82.114400138888882, 27.723435777777777 ], [ -82.109451277777765, 27.72363997222222 ], [ -82.104502361111102, 27.723436777777778 ], [ -82.0996035, 27.722853416666666 ], [ -82.094780722222211, 27.721894305555555 ], [ -82.09007075, 27.72056672222222 ], [ -82.08550938888888, 27.718880805555553 ], [ -82.081131388888892, 27.716849361111109 ], [ -82.076970027777776, 27.714487805555557 ], [ -82.073057027777779, 27.711814083333334 ], [ -82.069422138888882, 27.708848555555555 ], [ -82.066093, 27.70561375 ], [ -82.063095, 27.70213425 ], [ -82.06045094444444, 27.698436555555556 ], [ -82.058180916666657, 27.69454875 ], [ -82.056302222222214, 27.690500416666666 ], [ -82.054829166666664, 27.686322333333333 ], [ -82.053772944444447, 27.682046333333336 ], [ -82.053141611111101, 27.67770488888889 ], [ -82.052939972222219, 27.673325527777777 ] ] } },
{ "type": "Feature", "properties": { "style": "solid", "thickness": 1 }, "geometry": { "type": "LineString", "coordinates": [ [ -82.68046, 27.86709 ], [ -82.680259, 27.871463916666666 ], [ -82.679627527777782, 27.875805555555555 ], [ -82.6785703888889, 27.880081833333335 ], [ -82.677095666666673, 27.88426022222222 ], [ -82.675214555555556, 27.888308972222223 ], [ -82.672941333333341, 27.89219725 ], [ -82.670293388888894, 27.895895472222222 ], [ -82.667290777777779, 27.899375555555554 ], [ -82.663956444444452, 27.902611027777777 ], [ -82.660315694444449, 27.90557725 ], [ -82.65639625, 27.908251722222222 ], [ -82.652227972222221, 27.910614055555556 ], [ -82.647842555555556, 27.912646361111111 ], [ -82.6432733888889, 27.914333111111109 ], [ -82.63855525000001, 27.915661555555555 ], [ -82.633724027777788, 27.916621555555555 ], [ -82.6288165, 27.917205833333334 ], [ -82.62386, 27.917409972222224 ], [ -82.618904888888878, 27.917208027777779 ], [ -82.613998527777767, 27.916626 ], [ -82.609168222222223, 27.915668333333333 ], [ -82.604450777777771, 27.914342277777777 ], [ -82.599882083333327, 27.912657944444444 ], [ -82.595496888888889, 27.910628111111109 ], [ -82.591328583333322, 27.908268222222222 ], [ -82.587408888888888, 27.905596222222222 ], [ -82.583767638888887, 27.902632416666666 ], [ -82.580432527777774, 27.899399333333331 ], [ -82.577428972222222, 27.895921555555557 ], [ -82.574779805555551, 27.892225555555555 ], [ -82.572505194444446, 27.888339388888888 ], [ -82.570622444444439, 27.884292666666667 ], [ -82.569145888888883, 27.880116138888891 ], [ -82.568086777777779, 27.875841583333333 ], [ -82.567453166666667, 27.871501527777777 ], [ -82.567249944444441, 27.8671095 ], [ -82.567455555555554, 27.862716666666667 ], [ -82.568091472222221, 27.858375638888891 ], [ -82.569152916666667, 27.854099972222222 ], [ -82.57063180555555, 27.849922166666666 ], [ -82.572516916666657, 27.845874111111112 ], [ -82.574793861111104, 27.841986555555554 ], [ -82.57744533333333, 27.838289166666666 ], [ -82.58045113888889, 27.834810055555554 ], [ -82.583788416666664, 27.83157575 ], [ -82.58743175, 27.828610888888889 ], [ -82.591353444444437, 27.825938027777777 ], [ -82.595523611111105, 27.823577555555556 ], [ -82.599910555555553, 27.821547472222221 ], [ -82.604480833333326, 27.819863222222221 ], [ -82.609199722222215, 27.818537666666668 ], [ -82.614031277777769, 27.817580861111111 ], [ -82.618938722222211, 27.81700013888889 ], [ -82.62385, 27.8168 ], [ -82.628797333333324, 27.8170035 ], [ -82.633705777777791, 27.817587611111112 ], [ -82.638537972222224, 27.818547833333334 ], [ -82.643257166666672, 27.819876861111112 ], [ -82.647827444444445, 27.821564583333334 ], [ -82.652214, 27.82359813888889 ], [ -82.656383472222231, 27.825962027777777 ], [ -82.660304083333344, 27.82863825 ], [ -82.663946055555556, 27.83160638888889 ], [ -82.667281638888895, 27.834843833333331 ], [ -82.670285472222233, 27.838325944444442 ], [ -82.67293463888889, 27.842026166666667 ], [ -82.675209027777782, 27.845916361111112 ], [ -82.677091333333337, 27.849966888888886 ], [ -82.678567194444454, 27.854146888888891 ], [ -82.679625388888894, 27.858424527777778 ], [ -82.680257888888889, 27.862767277777778 ], [ -82.68046, 27.86709 ] ] } },
{ "type": "Feature", "properties": { "style": "solid", "thickness": 1 }, "geometry": { "type": "LineString", "coordinates": [ [ -82.72508, 28.46295 ], [ -82.84535, 28.77988 ] ] } },
{ "type": "Feature", "properties": { "style": "solid", "thickness": 1 }, "geometry": { "type": "LineString", "coordinates": [ [ -82.18358, 26.89666 ], [ -82.183831444444451, 26.892195277777777 ], [ -82.184518250000011, 26.887766888888887 ], [ -82.185635194444444, 26.883408611111111 ], [ -82.18717375, 26.879153555555558 ], [ -82.18912225, 26.875034138888889 ], [ -82.191465861111112, 26.87108175 ], [ -82.194186694444454, 26.867326472222224 ], [ -82.19726411111111, 26.863796888888892 ], [ -82.200674638888898, 26.860519916666668 ], [ -82.204392361111118, 26.8575205 ], [ -82.208388944444451, 26.8548215 ], [ -82.212634, 26.852443472222223 ], [ -82.21709519444444, 26.85040452777778 ], [ -82.221738611111107, 26.848720222222219 ], [ -82.226528888888893, 26.847403388888889 ], [ -82.231429583333338, 26.846464027777778 ], [ -82.236403388888888, 26.845909361111111 ], [ -82.24005, 26.84575 ], [ -82.24508225, 26.845939111111111 ], [ -82.250076888888884, 26.846518805555554 ], [ -82.254995888888885, 26.847484666666666 ], [ -82.259801805555554, 26.848829388888888 ], [ -82.264458083333338, 26.850542666666669 ], [ -82.268929277777772, 26.852611444444445 ], [ -82.273181388888887, 26.85502 ], [ -82.277182, 26.857749944444446 ], [ -82.280900694444441, 26.8607805 ], [ -82.28430916666666, 26.864088555555558 ], [ -82.287381472222222, 26.867648944444444 ], [ -82.29009425, 26.87143452777778 ], [ -82.292426833333337, 26.875416472222224 ], [ -82.294361472222221, 26.879564472222224 ], [ -82.295883444444442, 26.883846916666666 ], [ -82.296981138888881, 26.888231194444444 ], [ -82.297646277777773, 26.892683972222223 ], [ -82.29787, 26.89666 ], [ -82.297642833333327, 26.901146805555555 ], [ -82.296978055555556, 26.905598722222219 ], [ -82.295880722222222, 26.90998186111111 ], [ -82.294359138888893, 26.914262833333332 ], [ -82.292424944444448, 26.91840913888889 ], [ -82.29009280555556, 26.922389222222222 ], [ -82.2873805, 26.926172777777779 ], [ -82.284308694444448, 26.929731055555557 ], [ -82.280900722222228, 26.933036972222222 ], [ -82.277182527777782, 26.936065444444445 ], [ -82.273182444444444, 26.93879338888889 ], [ -82.268930861111116, 26.941200111111112 ], [ -82.264460194444439, 26.943267277777778 ], [ -82.259804416666668, 26.944979222222223 ], [ -82.254999, 26.94632288888889 ], [ -82.250080472222223, 26.947288083333333 ], [ -82.24508630555556, 26.947867444444444 ], [ -82.24107, 26.94805 ], [ -82.236039527777777, 26.94783561111111 ], [ -82.231049194444452, 26.947231222222221 ], [ -82.226136916666675, 26.946241416666666 ], [ -82.221340111111118, 26.944873722222223 ], [ -82.216695305555561, 26.9431385 ], [ -82.212237777777787, 26.941048972222223 ], [ -82.208001527777782, 26.938621027777778 ], [ -82.204018777777776, 26.93587311111111 ], [ -82.200319805555552, 26.932826111111112 ], [ -82.196932777777775, 26.929503194444447 ], [ -82.1938835, 26.925929611111112 ], [ -82.191195138888887, 26.922132583333333 ], [ -82.188888194444445, 26.918140944444445 ], [ -82.186980194444445, 26.913985055555553 ], [ -82.185485638888892, 26.909696555555556 ], [ -82.184415972222226, 26.905308055555555 ], [ -82.183779277777788, 26.900852944444441 ], [ -82.18358, 26.89666 ] ] } },
{ "type": "Feature", "properties": { "style": "solid", "thickness": 1 }, "geometry": { "type": "LineString", "coordinates": [ [ -82.30807, 27.55848 ], [ -82.308244361111107, 27.555093333333335 ], [ -82.308863833333334, 27.550615222222223 ], [ -82.309921138888882, 27.546201833333335 ], [ -82.311408277777772, 27.54188677777778 ], [ -82.313313916666658, 27.537702888888891 ], [ -82.315623555555547, 27.533682027777779 ], [ -82.318319611111107, 27.529854861111112 ], [ -82.321381555555547, 27.52625047222222 ], [ -82.324786111111109, 27.522896361111112 ], [ -82.328507361111107, 27.519818055555554 ], [ -82.332516944444436, 27.517039027777777 ], [ -82.336784388888887, 27.514580444444444 ], [ -82.341277222222217, 27.512461 ], [ -82.345961222222215, 27.510696916666667 ], [ -82.35080075, 27.509301583333333 ], [ -82.355759, 27.508285638888889 ], [ -82.360798194444442, 27.507656861111112 ], [ -82.36607263888888, 27.507420166666666 ], [ -82.371245499999986, 27.50763238888889 ], [ -82.376185944444444, 27.508228638888887 ], [ -82.381049027777777, 27.5092045 ], [ -82.385797666666676, 27.510552555555556 ], [ -82.390395777777783, 27.512262555555555 ], [ -82.394808361111117, 27.514321444444445 ], [ -82.399001833333344, 27.516713527777778 ], [ -82.402944277777777, 27.519420583333332 ], [ -82.406605666666678, 27.522422 ], [ -82.409958166666669, 27.525694916666666 ], [ -82.41297625, 27.529214361111109 ], [ -82.415636944444444, 27.532953583333331 ], [ -82.41792, 27.536884055555557 ], [ -82.419808055555563, 27.540975861111114 ], [ -82.42128672222222, 27.545197861111113 ], [ -82.422344777777781, 27.549517888888889 ], [ -82.422974111111117, 27.553903055555555 ], [ -82.42317, 27.55832 ], [ -82.423033194444443, 27.561972166666667 ], [ -82.42246925, 27.566389833333336 ], [ -82.421473111111112, 27.570746916666668 ], [ -82.420052416666678, 27.575010305555555 ], [ -82.418217916666677, 27.579147555555554 ], [ -82.415983583333343, 27.583127194444444 ], [ -82.413366444444449, 27.586918972222222 ], [ -82.410386416666668, 27.590494 ], [ -82.407066138888894, 27.593825138888889 ], [ -82.403430944444452, 27.596887027777775 ], [ -82.39950844444445, 27.599656416666665 ], [ -82.395328527777778, 27.60211225 ], [ -82.390922972222228, 27.604235833333334 ], [ -82.386325361111119, 27.606011055555555 ], [ -82.381570611111101, 27.607424388888891 ], [ -82.376694972222211, 27.608465111111112 ], [ -82.3717355, 27.609125333333335 ], [ -82.366709722222211, 27.609400194444447 ], [ -82.361629138888887, 27.609249805555557 ], [ -82.356602888888887, 27.608709027777778 ], [ -82.351648972222222, 27.607782083333333 ], [ -82.346805055555549, 27.606476055555557 ], [ -82.342108027777769, 27.604800888888889 ], [ -82.33759363888889, 27.602769277777778 ], [ -82.333296249999989, 27.600396694444445 ], [ -82.329248527777779, 27.597701138888887 ], [ -82.325481333333329, 27.594703138888889 ], [ -82.322023277777774, 27.59142547222222 ], [ -82.318900722222224, 27.587893055555554 ], [ -82.316137444444436, 27.58413275 ], [ -82.313754416666669, 27.580173166666665 ], [ -82.311769833333329, 27.576044388888889 ], [ -82.31019875, 27.571777861111112 ], [ -82.309053166666658, 27.567406027777778 ], [ -82.30834177777777, 27.562962138888889 ], [ -82.30807, 27.55848 ] ] } },
{ "type": "Feature", "properties": { "style": "solid", "thickness": 1 }, "geometry": { "type": "LineString", "coordinates": [ [ -82.82561, 28.1825 ], [ -82.82560925, 28.182909722222224 ], [ -82.825360861111108, 28.187349944444446 ], [ -82.824674361111107, 28.191754 ], [ -82.823555, 28.196088388888889 ], [ -82.82201125, 28.200320138888888 ], [ -82.820054916666663, 28.204417027777776 ], [ -82.817700833333333, 28.208347944444444 ], [ -82.814966944444436, 28.212082944444443 ], [ -82.811874083333336, 28.215593638888887 ], [ -82.808445722222217, 28.218853333333332 ], [ -82.804708, 28.22183725 ], [ -82.800689361111111, 28.224522694444442 ], [ -82.79642038888889, 28.22688925 ], [ -82.791933555555559, 28.228918944444441 ], [ -82.787263027777769, 28.230596333333331 ], [ -82.782444333333331, 28.231908694444442 ], [ -82.777514166666663, 28.232846 ], [ -82.77251002777777, 28.233401194444447 ], [ -82.76747, 28.23357 ], [ -82.762604111111116, 28.233364111111111 ], [ -82.757607888888884, 28.232771666666665 ], [ -82.752689305555549, 28.231797861111108 ], [ -82.747885777777782, 28.230450027777778 ], [ -82.743233833333335, 28.228738444444442 ], [ -82.738768916666672, 28.226676138888887 ], [ -82.734525, 28.22427875 ], [ -82.730534388888884, 28.221564527777776 ], [ -82.726827416666666, 28.218554083333331 ], [ -82.723432333333335, 28.215270333333333 ], [ -82.720374972222217, 28.211738222222223 ], [ -82.717678583333338, 28.207984611111112 ], [ -82.715363694444449, 28.204038027777777 ], [ -82.713447944444454, 28.199928555555555 ], [ -82.711945888888891, 28.195687361111112 ], [ -82.710868944444442, 28.191346777777778 ], [ -82.710225361111114, 28.186939833333334 ], [ -82.71002, 28.1825 ], [ -82.71002308333334, 28.18172725 ], [ -82.710297722222222, 28.177312222222223 ], [ -82.71100783333334, 28.172934916666669 ], [ -82.712148055555559, 28.168628666666667 ], [ -82.713709666666674, 28.164426222222222 ], [ -82.715680805555564, 28.160359611111108 ], [ -82.718046472222227, 28.156459777777776 ], [ -82.720788638888891, 28.152756444444442 ], [ -82.723886472222219, 28.149277805555556 ], [ -82.727316388888894, 28.146050361111111 ], [ -82.73105225, 28.143098666666667 ], [ -82.735065666666671, 28.14044525 ], [ -82.739326055555551, 28.138110333333334 ], [ -82.743801027777778, 28.136111694444445 ], [ -82.7484565, 28.134464527777777 ], [ -82.753257055555551, 28.133181444444446 ], [ -82.758166138888882, 28.132272194444443 ], [ -82.763146444444445, 28.131743694444445 ], [ -82.76816, 28.1316 ], [ -82.772201222222222, 28.131764333333333 ], [ -82.777231027777773, 28.132319611111111 ], [ -82.782186833333327, 28.133259333333335 ], [ -82.787030888888893, 28.134576388888888 ], [ -82.79172633333333, 28.136260694444445 ], [ -82.796237472222217, 28.138299416666666 ], [ -82.800529916666662, 28.140677055555557 ], [ -82.804571055555556, 28.1433755 ], [ -82.808330083333331, 28.146374138888888 ], [ -82.81177841666667, 28.149650166666667 ], [ -82.814889805555552, 28.153178583333332 ], [ -82.817640555555556, 28.156932583333333 ], [ -82.82000975, 28.1608835 ], [ -82.821979388888892, 28.165001305555553 ], [ -82.823534416666661, 28.169254583333334 ], [ -82.824663027777774, 28.173611 ], [ -82.825356666666664, 28.178037361111112 ], [ -82.82561, 28.1825 ] ] } },
{ "type": "Feature", "properties": { "style": "solid", "thickness": 1 }, "geometry": { "type": "LineString", "coordinates": [ [ -82.18395, 27.80156 ], [ -82.18699047222222, 27.7966485 ], [ -82.190672805555565, 27.791742305555559 ], [ -82.19482450000001, 27.787138527777781 ], [ -82.199413944444444, 27.782872166666667 ], [ -82.20440625, 27.778975805555554 ], [ -82.209763361111115, 27.775479083333334 ], [ -82.215444527777777, 27.772408694444444 ], [ -82.221406555555561, 27.769788 ], [ -82.227604027777787, 27.767637027777777 ], [ -82.233989777777779, 27.765972138888888 ], [ -82.240515222222228, 27.764806055555557 ], [ -82.247130666666664, 27.76414763888889 ], [ -82.253785833333339, 27.764001916666668 ], [ -82.26043, 27.76437 ], [ -82.264090277777782, 27.763910416666668 ], [ -82.2691545, 27.763616277777778 ], [ -82.274228444444446, 27.763713833333334 ], [ -82.279273472222215, 27.764202305555557 ], [ -82.284251166666664, 27.765078027777779 ], [ -82.289123666666669, 27.766334277777776 ], [ -82.293853916666663, 27.767961472222222 ], [ -82.298405861111107, 27.769947277777778 ], [ -82.302744888888881, 27.7722765 ], [ -82.306838, 27.774931416666664 ], [ -82.310654, 27.777891777777779 ], [ -82.314163861111112, 27.781135055555556 ], [ -82.317340861111106, 27.784636527777778 ], [ -82.320160861111106, 27.788369527777778 ], [ -82.322602361111109, 27.792305611111114 ], [ -82.324646777777772, 27.796414833333333 ], [ -82.326278583333334, 27.800665861111113 ], [ -82.327485305555555, 27.805026361111111 ], [ -82.328257833333325, 27.809463111111111 ], [ -82.328590222222218, 27.813942361111113 ], [ -82.32848, 27.81843 ], [ -82.328824, 27.819835777777776 ], [ -82.329898972222225, 27.825762472222223 ], [ -82.330385777777778, 27.831749138888888 ], [ -82.33028075, 27.83775025 ], [ -82.329584638888889, 27.843720055555554 ], [ -82.32830275, 27.849613194444444 ], [ -82.326444861111113, 27.855384805555556 ], [ -82.324025111111112, 27.860991 ], [ -82.321061916666665, 27.866389138888891 ], [ -82.317577805555558, 27.871538166666667 ], [ -82.313599305555556, 27.876398916666666 ], [ -82.309156694444439, 27.880934472222222 ], [ -82.304283805555556, 27.885110333333333 ], [ -82.299017694444444, 27.888894777777779 ], [ -82.293398444444449, 27.892259027777776 ], [ -82.287468833333335, 27.895177527777776 ], [ -82.281274, 27.897628111111111 ], [ -82.274861055555562, 27.899592166666665 ], [ -82.268278833333326, 27.90105475 ], [ -82.261577416666668, 27.90200475 ], [ -82.254807833333331, 27.90243497222222 ], [ -82.248021555555553, 27.902342138888887 ], [ -82.24127025, 27.901726944444444 ], [ -82.234605333333334, 27.900594083333331 ], [ -82.228077472222225, 27.898952138888887 ], [ -82.221736416666673, 27.89681361111111 ], [ -82.21563036111111, 27.89419472222222 ], [ -82.209805777777774, 27.891115361111112 ], [ -82.20430705555556, 27.887598972222222 ], [ -82.199176, 27.883672222222224 ], [ -82.194451666666666, 27.879365 ], [ -82.19017, 27.87471 ] ] } },
{ "type": "Feature", "properties": { "style": "solid", "thickness": 1 }, "geometry": { "type": "LineString", "coordinates": [ [ -81.82267, 26.84608 ], [ -81.819615138888892, 26.849975416666666 ], [ -81.815772222222222, 26.854106027777778 ], [ -81.811540416666659, 26.857921972222222 ], [ -81.806951944444435, 26.86139425 ], [ -81.802041666666668, 26.864496444444445 ], [ -81.796847027777773, 26.867204972222222 ], [ -81.791407527777778, 26.869499277777777 ], [ -81.785764555555559, 26.871361916666668 ], [ -81.779961083333333, 26.87277875 ], [ -81.77404125, 26.873738972222224 ], [ -81.768050111111108, 26.874235305555555 ], [ -81.762033305555562, 26.874263972222224 ], [ -81.756036555555553, 26.873824777777777 ], [ -81.750105583333337, 26.872921055555555 ], [ -81.744285444444444, 26.87155963888889 ], [ -81.738620472222223, 26.869750916666668 ], [ -81.73315380555556, 26.867508583333333 ], [ -81.727927, 26.864849722222225 ], [ -81.722979861111114, 26.861794527777779 ], [ -81.718350055555561, 26.858366222222223 ], [ -81.714072777777787, 26.854590861111113 ], [ -81.710180611111113, 26.85049713888889 ], [ -81.706703166666671, 26.846116194444445 ], [ -81.703666916666663, 26.841481333333331 ], [ -81.701094944444449, 26.836627777777778 ], [ -81.699006861111116, 26.831592444444443 ], [ -81.697418527777785, 26.826413666666667 ], [ -81.696342055555562, 26.821130805555555 ], [ -81.695785638888893, 26.815784083333334 ], [ -81.695753472222222, 26.810414194444444 ], [ -81.696245861111109, 26.805061944444446 ], [ -81.697259, 26.79976813888889 ], [ -81.698785222222227, 26.794573055555556 ], [ -81.70081288888889, 26.789516222222225 ], [ -81.703326555555563, 26.784636194444445 ], [ -81.706307138888889, 26.779970111111112 ], [ -81.709731888888896, 26.7755535 ], [ -81.713574805555552, 26.771420027777776 ], [ -81.717806611111115, 26.767601166666665 ], [ -81.722395111111112, 26.764126027777777 ], [ -81.727305361111107, 26.761021083333333 ], [ -81.732542472222221, 26.758250416666666 ], [ -81.736045694444442, 26.753785027777777 ], [ -81.739923277777777, 26.749665194444447 ], [ -81.744188194444448, 26.745862666666667 ], [ -81.748808027777784, 26.742406444444445 ], [ -81.753747611111109, 26.739322861111113 ], [ -81.758969305555553, 26.736635416666669 ], [ -81.764433416666662, 26.734364583333335 ], [ -81.770098333333337, 26.732527666666666 ], [ -81.775920944444437, 26.731138666666666 ], [ -81.781856944444442, 26.730208194444444 ], [ -81.787861166666659, 26.729743333333332 ], [ -81.793887916666662, 26.729747611111108 ], [ -81.799891305555548, 26.730221 ], [ -81.805825638888891, 26.731159916666666 ], [ -81.81164577777777, 26.732557166666666 ], [ -81.817307416666665, 26.734402138888889 ], [ -81.822767472222225, 26.736680722222225 ], [ -81.827984388888879, 26.739375583333334 ], [ -81.832918444444445, 26.742466194444447 ], [ -81.837532111111102, 26.745928972222224 ], [ -81.841790277777775, 26.749737527777778 ], [ -81.8456605, 26.753862888888889 ], [ -81.849113388888881, 26.758273583333334 ], [ -81.852122583333326, 26.762936 ], [ -81.85466525, 26.767814666666666 ], [ -81.856722027777778, 26.772872416666665 ], [ -81.858277222222213, 26.77807075 ], [ -81.859319027777772, 26.783370027777778 ], [ -81.859839527777766, 26.788729972222225 ], [ -81.859834722222217, 26.79410975 ], [ -81.859304694444432, 26.799468444444447 ], [ -81.858253444444443, 26.80476525 ], [ -81.856688972222216, 26.809959888888891 ], [ -81.854623194444443, 26.815012833333334 ], [ -81.852071861111099, 26.819885666666668 ], [ -81.849054333333328, 26.824541277777776 ], [ -81.845593611111113, 26.828944333333332 ], [ -81.841716027777778, 26.833061277777777 ], [ -81.837451083333335, 26.836860888888889 ], [ -81.83283125, 26.840314222222222 ], [ -81.827891694444446, 26.843395083333331 ], [ -81.82267, 26.84608 ] ] } },
{ "type": "Feature", "properties": { "style": "solid", "thickness": 1 }, "geometry": { "type": "LineString", "coordinates": [ [ -81.42837, 27.41156 ], [ -81.7321, 27.56798 ], [ -81.74655, 27.5755 ], [ -81.752338361111114, 27.57229875 ], [ -81.753522527777776, 27.571698222222221 ], [ -81.75959375, 27.568934111111112 ], [ -81.760833194444444, 27.568428944444445 ], [ -81.767153083333326, 27.566144333333334 ], [ -81.768437527777778, 27.565736861111112 ], [ -81.774958, 27.563949194444444 ], [ -81.776277638888885, 27.563642527777777 ], [ -81.782949055555548, 27.562365416666669 ], [ -81.784293861111109, 27.562161888888891 ], [ -81.791065444444442, 27.56140511111111 ], [ -81.792425138888888, 27.561306277777778 ], [ -81.799245388888892, 27.561075583333334 ], [ -81.800609611111113, 27.561082222222222 ], [ -81.807426583333324, 27.561379388888888 ], [ -81.808784972222213, 27.561491444444446 ], [ -81.815546777777769, 27.562314166666667 ], [ -81.816888972222216, 27.562530777777777 ], [ -81.823544138888892, 27.563872833333335 ], [ -81.824859916666668, 27.564192333333335 ], [ -81.831357805555555, 27.566043444444446 ], [ -81.832637111111111, 27.566463388888888 ], [ -81.838928305555555, 27.568809444444444 ], [ -81.840161388888887, 27.569326638888889 ], [ -81.846197972222214, 27.57214975 ], [ -81.847375472222211, 27.572760222222222 ], [ -81.85311147222221, 27.576038861111112 ], [ -81.854224416666668, 27.576737944444446 ], [ -81.859616249999988, 27.580447083333333 ], [ -81.860656166666658, 27.581229416666666 ], [ -81.865662722222211, 27.585340805555553 ], [ -81.866621694444433, 27.586200416666667 ], [ -81.871204916666656, 27.590682694444443 ], [ -81.87207566666666, 27.591613027777775 ], [ -81.876200666666662, 27.596432027777777 ], [ -81.876976583333331, 27.597425972222222 ], [ -81.880611972222212, 27.602544944444446 ], [ -81.881287138888879, 27.603594916666669 ], [ -81.88440525, 27.608974888888891 ], [ -81.884974583333346, 27.610072861111114 ], [ -81.887551694444454, 27.615672833333335 ], [ -81.888010861111113, 27.616810472222223 ], [ -81.890027361111123, 27.622587777777778 ], [ -81.890372888888891, 27.623756388888889 ], [ -81.891813416666679, 27.629667055555554 ], [ -81.892042722222229, 27.630857805555557 ], [ -81.892896361111113, 27.636856805555556 ], [ -81.893007666666676, 27.638060611111111 ], [ -81.8932678888889, 27.644102305555556 ], [ -81.8932585, 27.645309944444445 ], [ -81.89295, 27.65135 ], [ -82.05673, 27.73584 ] ] } },
{ "type": "Feature", "properties": { "style": "solid", "thickness": 1 }, "geometry": { "type": "LineString", "coordinates": [ [ -83.56848, 28.41569 ], [ -83.527915722222218, 28.489299027777779 ], [ -83.480208972222229, 28.55947177777778 ], [ -83.425722861111112, 28.625681388888889 ], [ -83.364872055555551, 28.68743175 ], [ -83.298119638888892, 28.744261111111111 ], [ -83.225973666666675, 28.79574516666667 ], [ -83.148983194444455, 28.841500194444443 ], [ -83.067734166666668, 28.88118575 ], [ -82.982844972222225, 28.914506805555554 ], [ -82.90578, 28.93833 ] ] } },
{ "type": "Feature", "properties": { "style": "solid", "thickness": 1 }, "geometry": { "type": "LineString", "coordinates": [ [ -82.393609916666676, 26.40171275 ], [ -82.39742, 26.41924 ], [ -82.40524, 26.43886 ], [ -82.4067, 26.45691 ], [ -82.41693, 26.47227 ], [ -82.42022, 26.48958 ], [ -82.42191, 26.50859 ], [ -82.43491, 26.52533 ], [ -82.44266, 26.52967 ], [ -82.45697, 26.54618 ], [ -82.47606, 26.58024 ], [ -82.48387, 26.60585 ], [ -82.47911, 26.62814 ], [ -82.47638, 26.65739 ], [ -82.48077, 26.68108 ], [ -82.48937, 26.71432 ], [ -82.49981, 26.73167 ], [ -82.52293, 26.7619 ], [ -82.55078, 26.79621 ], [ -82.57107, 26.83025 ], [ -82.59779, 26.87147 ], [ -82.62342, 26.92102 ], [ -82.65814, 26.97839 ], [ -82.6625, 26.99016 ], [ -82.691, 27.06154 ], [ -82.71003, 27.09502 ], [ -82.74119, 27.15821 ], [ -82.76334, 27.17701 ], [ -82.77599, 27.19474 ], [ -82.77819, 27.20161 ], [ -82.78232, 27.20865 ], [ -82.78547, 27.22277 ], [ -82.78427, 27.23004 ], [ -82.79705, 27.24714 ], [ -82.80434, 27.25033 ], [ -82.82912, 27.2737 ], [ -82.84498, 27.29746 ], [ -82.86105, 27.31335 ], [ -82.87354, 27.32184 ], [ -82.89348, 27.34593 ], [ -82.90821, 27.38002 ], [ -82.92178, 27.40659 ], [ -82.94672, 27.43522 ], [ -82.95921, 27.45918 ], [ -82.96282, 27.46998 ], [ -82.96294, 27.47973 ], [ -82.96948, 27.48941 ], [ -82.97846, 27.49981 ], [ -82.98554, 27.51742 ], [ -82.98722, 27.53242 ], [ -82.99731, 27.56542 ], [ -82.99964, 27.5892 ], [ -82.99929, 27.60211 ], [ -82.99558, 27.62987 ], [ -82.98968, 27.65091 ], [ -82.99061, 27.67967 ], [ -83.00338, 27.69934 ], [ -83.0222, 27.71535 ], [ -83.0541, 27.75976 ], [ -83.06668, 27.78582 ], [ -83.07561, 27.80985 ], [ -83.08291, 27.84113 ], [ -83.08999, 27.88733 ], [ -83.09146, 27.91377 ], [ -83.08516, 27.94153 ], [ -83.07337, 27.97572 ], [ -83.06858, 28.001 ], [ -83.06375, 28.03758 ], [ -83.1151, 28.08559 ], [ -83.5165, 28.39985 ], [ -83.56848, 28.41569 ] ] } },
{ "type": "Feature", "properties": { "style": "solid", "thickness": 1 }, "geometry": { "type": "LineString", "coordinates": [ [ -82.19017, 27.87471 ], [ -82.183021083333344, 27.89390575 ], [ -82.175055638888892, 27.922166166666667 ], [ -82.16990775, 27.950924944444445 ], [ -82.167616527777781, 27.979962916666665 ], [ -82.168199472222227, 28.009058888888887 ], [ -82.171652083333342, 28.03799152777778 ], [ -82.177948138888894, 28.066540777777778 ], [ -82.187039722222224, 28.094489777777778 ], [ -82.198857583333336, 28.121626361111112 ], [ -82.213311833333336, 28.147744638888888 ], [ -82.230292444444444, 28.172646722222222 ], [ -82.249670194444448, 28.196143916666667 ], [ -82.271297611111109, 28.218058444444441 ], [ -82.295010083333338, 28.238224472222225 ], [ -82.320627166666668, 28.256489583333334 ], [ -82.347953861111108, 28.272715777777776 ], [ -82.376782222222218, 28.286780527777779 ], [ -82.406892861111118, 28.29857763888889 ], [ -82.438056583333335, 28.30801811111111 ], [ -82.47003622222222, 28.315030722222222 ], [ -82.502588416666669, 28.31956261111111 ], [ -82.535465416666668, 28.321579583333332 ], [ -82.568416972222224, 28.321066416666667 ], [ -82.601192361111103, 28.318027 ], [ -82.633542083333339, 28.312484277777777 ], [ -82.66522, 28.30448 ], [ -82.72508, 28.46295 ] ] } },
{ "type": "Feature", "properties": { "style": "solid", "thickness": 1 }, "geometry": { "type": "LineString", "coordinates": [ [ -82.05673, 27.73584 ], [ -82.033616916666659, 27.774525611111109 ], [ -82.014401833333338, 27.814832055555556 ], [ -81.999230972222222, 27.856450916666667 ], [ -81.988219777777772, 27.899064055555556 ], [ -81.981452111111111, 27.942346194444443 ], [ -81.978979416666675, 27.98596725 ], [ -81.98082052777778, 28.029595027777777 ], [ -81.986961444444447, 28.072897611111109 ], [ -81.997355416666664, 28.115546 ], [ -82.011923361111116, 28.157216555555554 ], [ -82.030554388888888, 28.197593444444443 ], [ -82.053106722222225, 28.236370944444445 ], [ -82.079408722222212, 28.273255805555554 ], [ -82.109260194444445, 28.307969444444446 ], [ -82.142433972222236, 28.340249833333331 ], [ -82.178677555555566, 28.369853611111111 ], [ -82.217715138888892, 28.396557833333333 ], [ -82.259249611111116, 28.4201615 ], [ -82.30296488888888, 28.440487055555558 ], [ -82.348528222222214, 28.457381777777776 ], [ -82.395592888888899, 28.47071872222222 ], [ -82.443800694444448, 28.480397777777775 ], [ -82.49278475, 28.486346277777781 ], [ -82.54217225, 28.488519583333336 ], [ -82.591587305555549, 28.486901388888889 ], [ -82.640653861111119, 28.481503833333331 ], [ -82.6889985, 28.472367416666664 ], [ -82.72508, 28.46295 ] ] } },
{ "type": "Feature", "properties": { "style": "solid", "thickness": 1 }, "geometry": { "type": "LineString", "coordinates": [ [ -81.42837, 27.41156 ], [ -81.430942388888894, 27.324495777777777 ], [ -81.44204950000001, 27.237894166666667 ], [ -81.461606833333335, 27.152416444444444 ], [ -81.4894655, 27.068716722222224 ], [ -81.5254135, 26.987437 ], [ -81.56917725, 26.909202027777777 ], [ -81.62042369444444, 26.834614388888888 ], [ -81.678762805555564, 26.764249666666668 ], [ -81.74375055555555, 26.698651944444446 ], [ -81.814892388888893, 26.638329194444445 ], [ -81.891646861111113, 26.58374936111111 ], [ -81.973429833333341, 26.53533638888889 ], [ -82.059618861111105, 26.493466833333333 ], [ -82.149558027777786, 26.458466694444443 ], [ -82.242562805555551, 26.43060875 ], [ -82.337925416666664, 26.410110222222222 ], [ -82.393609916666676, 26.40171275 ] ] } },
{ "type": "Feature", "properties": { "style": "solid", "thickness": 1 }, "geometry": { "type": "LineString", "coordinates": [ [ -82.84535, 28.77988 ], [ -82.766424722222226, 28.799825416666668 ], [ -82.68581625, 28.813664166666669 ], [ -82.604138027777779, 28.82129338888889 ], [ -82.522011722222217, 28.822656361111111 ], [ -82.440062333333344, 28.817743 ], [ -82.358913583333333, 28.806589777777777 ], [ -82.279183, 28.789279611111112 ], [ -82.20147744444445, 28.765941222222221 ], [ -82.12638825, 28.73674825 ], [ -82.054486916666662, 28.701918055555556 ], [ -81.986320666666671, 28.661710277777775 ], [ -81.922408277777777, 28.616424944444447 ], [ -81.863236166666667, 28.566400388888891 ], [ -81.809254638888888, 28.512010944444445 ], [ -81.76087455555556, 28.45366413888889 ], [ -81.718464138888891, 28.391798 ], [ -81.682346111111116, 28.326877722222221 ], [ -81.652795361111117, 28.259392361111111 ], [ -81.630036805555548, 28.189851277777777 ], [ -81.62644, 28.17623 ], [ -81.6103006111111, 28.092817722222222 ], [ -81.60618, 28.05928 ], [ -81.41535, 28.07516 ] ] } },
{ "type": "Feature", "properties": { "style": "solid", "thickness": 1 }, "geometry": { "type": "LineString", "coordinates": [ [ -82.90578, 28.93833 ], [ -82.845807972222218, 28.953987916666666 ], [ -82.748791583333329, 28.972866583333332 ], [ -82.650263805555568, 28.984273722222223 ], [ -82.550974472222222, 28.988125055555557 ], [ -82.451679222222225, 28.984392055555556 ], [ -82.353133777777771, 28.97310236111111 ], [ -82.256088111111112, 28.954339416666667 ], [ -82.16128077777779, 28.928242 ], [ -82.069433361111109, 28.895003305555555 ], [ -81.981244861111108, 28.854869611111113 ], [ -81.89738644444445, 28.808138527777778 ], [ -81.818496305555556, 28.755157166666667 ], [ -81.74517486111111, 28.696319611111111 ], [ -81.677980138888898, 28.632064277777779 ], [ -81.617423527777774, 28.562870805555555 ], [ -81.563965888888887, 28.489256722222223 ], [ -81.518014083333327, 28.411773805555555 ], [ -81.479917833333332, 28.33100413888889 ], [ -81.449967055555561, 28.247555916666666 ], [ -81.428389694444448, 28.162058916666666 ], [ -81.41535, 28.07516 ] ] } },
{ "type": "Feature", "properties": { "style": "solid", "thickness": 1 }, "geometry": { "type": "LineString", "coordinates": [ [ -82.393609916666676, 26.40171275 ], [ -82.491887277777778, 26.393719638888889 ], [ -82.590447611111102, 26.393434305555555 ], [ -82.688660638888891, 26.400844527777778 ], [ -82.785778888888885, 26.415892416666665 ], [ -82.881063305555543, 26.438460472222221 ], [ -82.973788638888891, 26.468372611111111 ], [ -83.063249222222225, 26.505395555555555 ], [ -83.148764222222226, 26.54924075 ], [ -83.229682805555555, 26.599566916666664 ], [ -83.305389138888884, 26.655982694444443 ], [ -83.375307027777765, 26.71805 ], [ -83.438904388888886, 26.7852875 ], [ -83.495697166666673, 26.857174666666669 ], [ -83.545253166666669, 26.933155916666667 ], [ -83.58719525, 27.012645138888889 ], [ -83.621204166666658, 27.095030388888887 ], [ -83.647021111111115, 27.179678722222224 ], [ -83.664449611111124, 27.265941222222221 ], [ -83.673357027777783, 27.353158166666667 ], [ -83.673675555555562, 27.440663972222222 ], [ -83.665402750000013, 27.527792444444444 ], [ -83.648601611111118, 27.613881888888891 ], [ -83.6234, 27.69828 ], [ -83.642590777777784, 27.768304305555553 ], [ -83.659757805555557, 27.86170675 ], [ -83.667655527777782, 27.955995416666667 ], [ -83.66622380555556, 28.050450972222222 ], [ -83.655473527777787, 28.144354638888888 ], [ -83.635486555555559, 28.23699375 ], [ -83.606414944444438, 28.327667055555555 ], [ -83.56848, 28.41569 ] ] } },
{ "type": "Feature", "properties": { "style": "solid", "thickness": 1 }, "geometry": { "type": "LineString", "coordinates": [ [ -82.725443305555558, 27.8979115 ], [ -82.683998472222228, 27.839603861111112 ], [ -82.681494666666666, 27.835963861111111 ], [ -82.681015388888895, 27.835003611111109 ], [ -82.680317777777788, 27.833298694444444 ], [ -82.679803, 27.831490277777778 ], [ -82.679700583333343, 27.830708416666667 ], [ -82.67960736111111, 27.829759138888889 ], [ -82.679586472222226, 27.828258027777778 ], [ -82.679426694444444, 27.775692916666667 ], [ -82.679415527777778, 27.755760666666667 ], [ -82.679307083333342, 27.742990833333334 ], [ -82.67930975, 27.738606555555556 ], [ -82.679288611111119, 27.728508111111111 ], [ -82.679235444444444, 27.719161694444441 ], [ -82.679290583333341, 27.718110222222222 ], [ -82.679552027777788, 27.716490916666665 ], [ -82.679686138888897, 27.715344 ], [ -82.679357333333343, 27.709795055555556 ], [ -82.679370555555565, 27.704614555555555 ], [ -82.67929077777778, 27.70072011111111 ], [ -82.679053527777782, 27.69671538888889 ], [ -82.6783255, 27.68128125 ], [ -82.677859416666678, 27.673035666666667 ], [ -82.677052611111122, 27.657029055555554 ], [ -82.676879444444452, 27.654592 ], [ -82.676755722222225, 27.653756666666666 ], [ -82.676344944444452, 27.652072583333332 ], [ -82.675810916666677, 27.650629888888886 ], [ -82.675360222222224, 27.649722777777779 ], [ -82.674007472222229, 27.647350805555554 ], [ -82.672928750000011, 27.64536436111111 ], [ -82.671342638888888, 27.642576166666665 ], [ -82.670038944444443, 27.64053636111111 ], [ -82.668156416666676, 27.637702972222222 ], [ -82.666551805555557, 27.635553305555554 ], [ -82.663625444444449, 27.631474166666667 ], [ -82.66132838888889, 27.628496861111113 ], [ -82.657148166666673, 27.62289363888889 ], [ -82.655731972222227, 27.621112805555555 ], [ -82.651584083333333, 27.61525702777778 ], [ -82.65113513888889, 27.614388527777781 ], [ -82.65073, 27.613749666666667 ], [ -82.64669413888889, 27.6081655 ], [ -82.64443555555556, 27.605327138888889 ], [ -82.64261025, 27.603251861111112 ], [ -82.641658055555567, 27.602231388888889 ] ] } },
{ "type": "Feature", "properties": { "style": "solid", "thickness": 1 }, "geometry": { "type": "LineString", "coordinates": [ [ -82.379865833333326, 27.747556388888889 ], [ -82.38072225, 27.746294222222222 ], [ -82.381818222222222, 27.743879611111112 ], [ -82.382283833333332, 27.742453083333334 ], [ -82.38279225, 27.740271694444445 ], [ -82.382907027777776, 27.738726 ], [ -82.38295447222221, 27.737059694444444 ], [ -82.382992222222214, 27.7324855 ], [ -82.383176416666657, 27.718894305555555 ], [ -82.383565833333336, 27.716322638888887 ], [ -82.38404825, 27.714604972222222 ], [ -82.384728638888902, 27.712711555555554 ], [ -82.385238305555561, 27.711599583333332 ], [ -82.386338361111115, 27.709744916666665 ], [ -82.387371638888894, 27.708363638888887 ], [ -82.388513583333335, 27.707003166666667 ], [ -82.389518388888902, 27.706004638888889 ], [ -82.390902611111116, 27.704778277777777 ], [ -82.392705027777779, 27.703438583333334 ], [ -82.395065, 27.702065055555554 ], [ -82.414822333333333, 27.691990055555557 ], [ -82.416564305555568, 27.690904444444445 ], [ -82.418136638888896, 27.689701416666669 ], [ -82.419633583333336, 27.687919138888891 ], [ -82.420316388888892, 27.686971388888889 ], [ -82.421514027777789, 27.685179527777777 ], [ -82.427440166666671, 27.675007611111113 ], [ -82.432691222222232, 27.665928166666664 ], [ -82.438582388888889, 27.655685638888887 ], [ -82.439400388888899, 27.654556388888889 ], [ -82.4403135, 27.65350722222222 ], [ -82.441485388888893, 27.652388527777777 ], [ -82.44312577777778, 27.651148805555554 ], [ -82.444665555555559, 27.650288222222219 ], [ -82.45889025, 27.642775583333332 ], [ -82.46011, 27.642039972222221 ], [ -82.462596333333337, 27.640096583333332 ], [ -82.465066444444446, 27.637523388888887 ], [ -82.469403583333332, 27.632402944444443 ], [ -82.47813294444444, 27.622252861111111 ], [ -82.479484916666664, 27.62081125 ], [ -82.481796416666668, 27.618880777777779 ], [ -82.490203694444446, 27.613580611111111 ], [ -82.491788388888892, 27.612452611111113 ], [ -82.49323311111111, 27.611286111111113 ], [ -82.502972194444439, 27.601215527777779 ], [ -82.506715944444451, 27.597145638888886 ], [ -82.507844138888885, 27.595679194444443 ], [ -82.512891416666662, 27.588607972222221 ], [ -82.513372722222229, 27.587859083333331 ], [ -82.51378691666666, 27.587043333333334 ], [ -82.514065083333335, 27.586396666666666 ], [ -82.514375, 27.58543125 ], [ -82.514667361111108, 27.583746555555553 ], [ -82.514570055555552, 27.57182238888889 ], [ -82.514345027777779, 27.568675583333334 ], [ -82.514010166666665, 27.56572086111111 ], [ -82.51122052777778, 27.554680277777777 ], [ -82.510986027777776, 27.55325761111111 ], [ -82.510881083333331, 27.552313833333333 ], [ -82.510853, 27.551081944444444 ], [ -82.510958666666667, 27.539410305555556 ], [ -82.510925777777771, 27.538633222222224 ], [ -82.510842222222223, 27.537661305555556 ], [ -82.51052144444445, 27.536042583333334 ], [ -82.510106805555552, 27.534800166666667 ], [ -82.501592138888896, 27.513347861111111 ], [ -82.501110944444449, 27.512367666666666 ], [ -82.500204416666662, 27.511187972222221 ], [ -82.49919222222222, 27.510216916666668 ], [ -82.498170555555561, 27.509450694444446 ], [ -82.496415305555558, 27.508530972222221 ], [ -82.481373083333338, 27.502585194444446 ], [ -82.478967305555557, 27.501553138888887 ], [ -82.477774694444449, 27.500734472222224 ], [ -82.47680025, 27.499897055555557 ], [ -82.475987666666668, 27.498849194444446 ], [ -82.47530325, 27.497836694444445 ], [ -82.470185333333333, 27.487089583333333 ], [ -82.461192833333342, 27.468425333333332 ], [ -82.459927555555552, 27.46568275 ], [ -82.459440916666665, 27.464387138888888 ], [ -82.459184166666674, 27.463095694444444 ], [ -82.459129527777776, 27.461399305555556 ], [ -82.459190333333339, 27.455773055555554 ], [ -82.459086333333332, 27.452803194444442 ], [ -82.4590895, 27.448822611111112 ], [ -82.459124583333335, 27.445742027777779 ], [ -82.459124805555561, 27.442010777777778 ], [ -82.459283472222225, 27.435879972222221 ], [ -82.459488416666673, 27.430004638888889 ], [ -82.458892, 27.425801222222223 ], [ -82.458542305555554, 27.423859805555558 ], [ -82.453719361111112, 27.406372055555554 ], [ -82.448796972222226, 27.388671472222221 ], [ -82.446787138888894, 27.38116461111111 ], [ -82.446463444444447, 27.379299138888889 ], [ -82.446282944444448, 27.377238666666667 ], [ -82.446224666666666, 27.371576416666667 ], [ -82.446379388888886, 27.359938805555558 ], [ -82.446647972222223, 27.342358972222222 ], [ -82.446841638888898, 27.337795138888886 ], [ -82.447615138888892, 27.327343444444445 ], [ -82.447843111111112, 27.32346425 ], [ -82.447836305555555, 27.319242472222221 ], [ -82.447964555555558, 27.315440583333334 ], [ -82.448040222222232, 27.307389055555557 ], [ -82.448021555555556, 27.29880175 ], [ -82.44805475, 27.296833611111111 ], [ -82.44868025000001, 27.283880333333336 ], [ -82.448841194444455, 27.27697086111111 ], [ -82.448977555555558, 27.268142638888889 ], [ -82.449182166666674, 27.256681194444443 ], [ -82.449329166666672, 27.252008777777778 ], [ -82.4497435, 27.248679694444444 ], [ -82.452193555555553, 27.237677444444447 ], [ -82.452544777777774, 27.233589277777778 ], [ -82.45214713888889, 27.229448027777774 ], [ -82.451305138888898, 27.226409638888889 ], [ -82.443767833333339, 27.210100277777777 ], [ -82.443016861111118, 27.207999638888889 ] ] } },
{ "type": "Feature", "properties": { "style": "solid", "thickness": 1 }, "geometry": { "type": "LineString", "coordinates": [ [ -82.389369694444454, 27.114673694444445 ], [ -82.388361555555562, 27.11375538888889 ], [ -82.387269388888896, 27.112905083333334 ], [ -82.385773277777787, 27.111914138888892 ], [ -82.3848595, 27.11140125 ], [ -82.38354125, 27.110801916666667 ], [ -82.38242, 27.110380083333336 ], [ -82.381341666666657, 27.110040027777778 ], [ -82.380072777777769, 27.109728444444446 ], [ -82.379065722222222, 27.109557055555555 ], [ -82.377796722222214, 27.109421333333334 ], [ -82.376417444444442, 27.109330861111111 ], [ -82.35967, 27.109282722222222 ], [ -82.357567611111108, 27.109339111111112 ], [ -82.354804972222212, 27.10951316666667 ], [ -82.348169472222224, 27.110207166666669 ], [ -82.330167666666668, 27.11219091666667 ], [ -82.326799444444447, 27.112472861111112 ], [ -82.325247, 27.112546583333334 ], [ -82.32095666666666, 27.112344222222223 ], [ -82.317372611111111, 27.111825444444445 ], [ -82.314701638888891, 27.1111895 ], [ -82.285410666666664, 27.101076555555558 ], [ -82.283533111111112, 27.100600222222223 ], [ -82.28213175, 27.100394666666666 ], [ -82.280651111111112, 27.100286361111113 ], [ -82.277042277777781, 27.100102194444446 ], [ -82.198121972222225, 27.099280527777776 ], [ -82.138853722222223, 27.098586555555553 ], [ -82.134057333333345, 27.09836411111111 ], [ -82.129800416666654, 27.097405694444443 ], [ -82.126806555555547, 27.096218083333333 ], [ -82.124357305555549, 27.09480425 ], [ -82.121229027777773, 27.092320444444443 ], [ -82.06063397222222, 27.038067444444447 ], [ -82.058402, 27.035768361111113 ], [ -82.05705016666667, 27.03414825 ], [ -82.054543888888887, 27.030282138888889 ], [ -82.040106138888888, 27.006694722222221 ], [ -82.029339, 26.988990416666667 ], [ -82.022053305555559, 26.977167166666664 ], [ -82.02133661111111, 26.975918138888886 ], [ -82.02074397222222, 26.974663388888889 ], [ -82.020235527777771, 26.97322475 ], [ -82.019901944444442, 26.972112722222221 ], [ -82.019681138888885, 26.970902361111108 ], [ -82.01957352777778, 26.970079638888887 ], [ -82.019541555555548, 26.968332583333332 ], [ -82.020850305555555, 26.950820805555555 ], [ -82.02090577777777, 26.9496715 ], [ -82.020919611111111, 26.948700444444444 ], [ -82.02084475, 26.947449416666668 ], [ -82.020572361111107, 26.946021277777778 ], [ -82.020270027777784, 26.944826611111111 ], [ -82.019034694444443, 26.940616361111111 ], [ -82.008247777777783, 26.90307975 ], [ -82.007796166666665, 26.9019215 ], [ -82.007187305555561, 26.9006985 ], [ -82.006327416666664, 26.899292666666668 ], [ -82.005418555555551, 26.898076111111109 ], [ -82.004854583333326, 26.897475611111112 ], [ -82.002280777777784, 26.895063444444443 ], [ -81.97599125, 26.870714611111111 ], [ -81.975037333333333, 26.869608583333335 ], [ -81.974393722222217, 26.868738944444445 ], [ -81.973851833333342, 26.867856888888891 ], [ -81.973411527777785, 26.867051916666668 ], [ -81.973123416666667, 26.866452027777779 ], [ -81.972720333333342, 26.865460083333335 ], [ -81.972405805555553, 26.864581888888889 ], [ -81.972241388888889, 26.863966055555558 ], [ -81.971887416666675, 26.862270861111114 ], [ -81.9713085, 26.859229611111111 ], [ -81.96869247222223, 26.84641225 ], [ -81.96817030555556, 26.844903527777777 ], [ -81.967754027777787, 26.843841416666667 ], [ -81.96753158333334, 26.843377916666665 ], [ -81.966881472222227, 26.84223436111111 ], [ -81.966382222222222, 26.841468333333331 ], [ -81.965644666666662, 26.840514361111111 ], [ -81.96467575, 26.839484472222221 ], [ -81.930831722222223, 26.809855944444447 ] ] } },
{ "type": "Feature", "properties": { "style": "solid", "thickness": 1 }, "geometry": { "type": "LineString", "coordinates": [ [ -81.914321222222227, 26.798637166666669 ], [ -81.911081694444448, 26.796259861111114 ], [ -81.905150972222231, 26.790956027777778 ], [ -81.898102333333341, 26.782854888888888 ], [ -81.895897027777778, 26.780801333333333 ], [ -81.893265694444452, 26.778900722222222 ], [ -81.890943527777779, 26.777459333333333 ], [ -81.880340777777775, 26.771128972222222 ], [ -81.879705777777772, 26.770656194444445 ], [ -81.878982722222219, 26.769980166666667 ], [ -81.878295666666659, 26.769257694444445 ], [ -81.877673638888879, 26.768441444444445 ], [ -81.877053416666655, 26.767350583333332 ], [ -81.87592258333332, 26.765151166666666 ], [ -81.8736966111111, 26.760884861111112 ], [ -81.872458111111101, 26.759131611111112 ], [ -81.871460638888877, 26.758042583333335 ], [ -81.870021861111098, 26.756691361111113 ], [ -81.866142888888888, 26.753321166666666 ], [ -81.840192416666667, 26.730557138888887 ], [ -81.836610527777779, 26.727571638888886 ], [ -81.83413375, 26.725830638888887 ], [ -81.830863138888887, 26.7244545 ], [ -81.829046638888883, 26.72390325 ], [ -81.826749638888884, 26.723289 ], [ -81.819912722222213, 26.721683027777775 ], [ -81.818725805555559, 26.721284472222219 ], [ -81.817577083333333, 26.72078225 ], [ -81.816478638888881, 26.72014597222222 ], [ -81.815421638888893, 26.719342583333333 ], [ -81.814458305555547, 26.71843486111111 ], [ -81.813332861111107, 26.717111111111109 ], [ -81.811687138888885, 26.714973722222222 ], [ -81.805505, 26.707159555555556 ], [ -81.801128166666658, 26.701537555555554 ], [ -81.80059827777778, 26.700643472222222 ], [ -81.800246833333333, 26.699919833333333 ], [ -81.79975975, 26.698762944444443 ], [ -81.799350611111109, 26.697520416666666 ], [ -81.799233277777773, 26.696998333333333 ], [ -81.798996972222227, 26.69582825 ], [ -81.798875166666662, 26.694393416666667 ], [ -81.798830305555555, 26.692551694444443 ], [ -81.798729361111114, 26.687136444444445 ], [ -81.79864902777777, 26.680449055555556 ], [ -81.79866775, 26.678566972222225 ], [ -81.798851027777772, 26.676689083333333 ], [ -81.799574916666671, 26.671936944444447 ], [ -81.7996995, 26.670816277777778 ], [ -81.799731, 26.669717972222223 ], [ -81.799506888888885, 26.656348722222219 ], [ -81.799358611111103, 26.651477833333331 ] ] } },
{ "type": "Feature", "properties": { "style": "solid", "thickness": 1 }, "geometry": { "type": "LineString", "coordinates": [ [ -82.055648416666671, 26.49622025 ], [ -82.05682475, 26.497043722222223 ], [ -82.058699222222216, 26.498680666666669 ], [ -82.060026111111114, 26.499649027777778 ], [ -82.063102861111105, 26.501810527777778 ], [ -82.065351555555551, 26.504348416666666 ], [ -82.065806444444448, 26.505431166666668 ], [ -82.065633472222217, 26.506527305555554 ], [ -82.067264444444447, 26.507905138888891 ], [ -82.068062777777769, 26.509927166666667 ], [ -82.068748972222224, 26.513525194444444 ], [ -82.070049138888891, 26.517474055555553 ], [ -82.072394777777774, 26.52072597222222 ], [ -82.072904194444448, 26.522112972222221 ], [ -82.07048016666667, 26.521571833333333 ], [ -82.071229666666667, 26.525506777777778 ], [ -82.069231111111108, 26.529216694444443 ], [ -82.06973075, 26.535849277777778 ], [ -82.075851305555545, 26.54495438888889 ], [ -82.079848416666664, 26.548888472222224 ], [ -82.080972611111108, 26.554283555555557 ], [ -82.078099694444447, 26.567994944444443 ], [ -82.06973075, 26.579569638888888 ], [ -82.065733638888887, 26.596760944444444 ], [ -82.063610166666663, 26.604513027777781 ], [ -82.065858527777777, 26.616308666666669 ], [ -82.06973075, 26.624958 ], [ -82.067857083333323, 26.631023388888888 ], [ -82.069605833333327, 26.632932805555555 ], [ -82.074102444444435, 26.636639194444445 ], [ -82.080472944444438, 26.642030111111112 ], [ -82.088998, 26.648010361111112 ], [ -82.091215222222218, 26.649442194444443 ], [ -82.100068111111099, 26.657204694444442 ], [ -82.10201988888889, 26.659520694444442 ], [ -82.104279194444445, 26.66478161111111 ], [ -82.105647777777776, 26.66652211111111 ], [ -82.106848527777771, 26.669755555555557 ], [ -82.110085166666664, 26.673524055555557 ], [ -82.111189111111102, 26.676802805555557 ], [ -82.111801194444439, 26.680823888888892 ], [ -82.11621205555555, 26.685962305555556 ], [ -82.12058975, 26.690059111111111 ], [ -82.122974, 26.693150416666668 ], [ -82.123826805555552, 26.696254638888888 ], [ -82.124337194444436, 26.699076666666667 ], [ -82.124839, 26.699185416666666 ], [ -82.125675361111107, 26.698933944444445 ], [ -82.12813361111111, 26.698475138888888 ], [ -82.130465472222212, 26.698784833333335 ], [ -82.131296583333324, 26.699738944444444 ], [ -82.13141825, 26.700629333333332 ], [ -82.13220577777777, 26.701104777777775 ], [ -82.136418972222231, 26.70244797222222 ], [ -82.140053361111114, 26.703766527777777 ], [ -82.142463611111111, 26.704041361111109 ], [ -82.144562111111114, 26.703504444444444 ], [ -82.146902055555557, 26.702958166666665 ], [ -82.148141388888902, 26.702869805555554 ], [ -82.150716527777789, 26.70349636111111 ], [ -82.158987027777783, 26.706216694444443 ], [ -82.163709166666678, 26.706350055555554 ], [ -82.16845525, 26.705961527777777 ], [ -82.172462194444449, 26.705363444444444 ], [ -82.175366666666676, 26.703908972222223 ], [ -82.178687416666676, 26.701620194444445 ], [ -82.182265222222227, 26.696506972222224 ], [ -82.183139361111117, 26.694666666666667 ], [ -82.18330425, 26.687303916666668 ], [ -82.181500083333333, 26.68157525 ], [ -82.180728333333334, 26.680076277777779 ], [ -82.175357777777776, 26.678662833333334 ], [ -82.172546111111117, 26.678340111111112 ], [ -82.168844916666671, 26.675985583333336 ], [ -82.167643611111117, 26.673796527777778 ], [ -82.16700636111112, 26.671406 ], [ -82.165450527777779, 26.668340666666669 ], [ -82.160513694444447, 26.665972361111109 ], [ -82.155931777777781, 26.662489444444443 ], [ -82.154669972222223, 26.661272583333332 ], [ -82.15464327777778, 26.660496083333332 ], [ -82.152419555555568, 26.658540277777778 ], [ -82.152441805555554, 26.65820322222222 ], [ -82.153087, 26.65663547222222 ], [ -82.152887416666672, 26.656064305555553 ], [ -82.151180111111117, 26.654650555555556 ], [ -82.148847444444456, 26.654027222222222 ], [ -82.148277055555567, 26.653598277777775 ], [ -82.146761138888891, 26.650274944444444 ], [ -82.1470728888889, 26.648826583333332 ], [ -82.147021388888902, 26.648381055555554 ], [ -82.14556155555556, 26.647871055555555 ], [ -82.144406805555562, 26.647991777777776 ], [ -82.144110277777784, 26.647706166666666 ], [ -82.144049444444448, 26.646652166666666 ], [ -82.1432055, 26.645455361111111 ], [ -82.1423525, 26.645032472222223 ], [ -82.141979916666671, 26.644257277777776 ], [ -82.142025555555563, 26.643046833333333 ], [ -82.143743888888892, 26.640897944444443 ], [ -82.144401583333334, 26.639582055555554 ], [ -82.147598027777789, 26.635176777777776 ], [ -82.147900722222232, 26.6343645 ], [ -82.145665361111114, 26.630303111111111 ], [ -82.144291527777781, 26.627532944444447 ], [ -82.144175111111124, 26.62395038888889 ], [ -82.143625833333346, 26.622672555555557 ], [ -82.140211222222234, 26.620501055555557 ], [ -82.139437, 26.619079416666668 ], [ -82.13972225, 26.617293222222223 ], [ -82.140347611111125, 26.615430944444444 ], [ -82.140098138888902, 26.613919194444446 ], [ -82.138188750000012, 26.612440194444446 ], [ -82.137076055555568, 26.612704861111112 ], [ -82.136071444444454, 26.614785 ], [ -82.134348361111122, 26.615076611111114 ], [ -82.133130888888886, 26.614158361111112 ], [ -82.13201319444444, 26.612124555555557 ], [ -82.132034111111111, 26.609354388888889 ], [ -82.129635, 26.60490577777778 ], [ -82.129594166666664, 26.598116638888889 ], [ -82.129131305555546, 26.59745675 ], [ -82.127663888888875, 26.597177833333333 ], [ -82.127017583333327, 26.595987305555553 ], [ -82.126795194444441, 26.592871472222221 ], [ -82.126059805555542, 26.591740222222221 ], [ -82.126211888888889, 26.591434083333333 ], [ -82.126987416666665, 26.590794555555554 ], [ -82.127221333333324, 26.590195138888888 ], [ -82.126934666666656, 26.589835305555553 ], [ -82.125322777777768, 26.590250305555553 ], [ -82.124296333333334, 26.590297916666664 ], [ -82.1233535, 26.589937333333332 ], [ -82.1228365, 26.587467694444442 ], [ -82.1235265, 26.5857435 ], [ -82.124278499999988, 26.579253083333334 ], [ -82.125068416666664, 26.568537722222221 ], [ -82.123939083333326, 26.56391577777778 ], [ -82.123245555555542, 26.563311361111111 ], [ -82.120548277777772, 26.562850333333333 ], [ -82.118526749999987, 26.562079222222224 ], [ -82.116640305555549, 26.562058194444447 ], [ -82.115895194444434, 26.561427027777778 ], [ -82.11602825, 26.5604505 ], [ -82.116600388888884, 26.559581138888891 ], [ -82.11852975, 26.559676416666669 ], [ -82.119424555555554, 26.559075 ], [ -82.12237325, 26.555905083333332 ], [ -82.122532916666657, 26.554809416666668 ], [ -82.120482166666662, 26.55063575 ], [ -82.117105805555553, 26.550093861111112 ], [ -82.11510025, 26.548208194444445 ], [ -82.116071583333323, 26.545230583333336 ], [ -82.116280666666654, 26.543857472222225 ], [ -82.117733861111105, 26.542112111111113 ], [ -82.117540916666655, 26.541037138888889 ], [ -82.117312805555542, 26.540758083333333 ], [ -82.1146288611111, 26.54034288888889 ], [ -82.113914138888887, 26.540438194444445 ], [ -82.112895277777767, 26.541636111111114 ], [ -82.112172972222211, 26.541921972222223 ], [ -82.111214972222214, 26.541676944444447 ], [ -82.110705527777768, 26.541118833333336 ], [ -82.110986861111101, 26.540091055555557 ], [ -82.111663555555552, 26.538320972222223 ], [ -82.112575944444444, 26.537068583333333 ], [ -82.114108166666668, 26.531866055555554 ], [ -82.111658444444444, 26.527757833333332 ], [ -82.108528111111099, 26.526903 ], [ -82.107075805555553, 26.525884027777778 ], [ -82.10509325, 26.524645111111109 ], [ -82.101485, 26.520299444444444 ], [ -82.101339722222221, 26.518486027777776 ], [ -82.101902361111101, 26.518098 ], [ -82.106197222222221, 26.518453777777776 ], [ -82.107253666666665, 26.518081527777777 ], [ -82.10956675, 26.515925055555556 ], [ -82.109486916666654, 26.514662222222221 ], [ -82.108355916666667, 26.514269055555555 ], [ -82.105641527777777, 26.514805166666665 ], [ -82.104761944444434, 26.515274083333335 ], [ -82.104097194444435, 26.515970416666665 ], [ -82.103693138888886, 26.515787583333335 ], [ -82.102661027777771, 26.513852083333333 ], [ -82.101355833333329, 26.511520111111111 ], [ -82.099024222222212, 26.509109916666667 ], [ -82.097374305555547, 26.508097194444446 ], [ -82.097440833333323, 26.50747763888889 ], [ -82.100435333333323, 26.504221972222222 ], [ -82.102707305555555, 26.502141972222223 ], [ -82.102886, 26.50166025 ], [ -82.102300527777771, 26.499884888888889 ], [ -82.098743722222224, 26.49830013888889 ], [ -82.097901305555553, 26.49524527777778 ], [ -82.096126333333331, 26.493041416666667 ], [ -82.09516475, 26.492113666666668 ], [ -82.09424475, 26.489389972222224 ], [ -82.094807416666669, 26.488572833333333 ], [ -82.097002861111108, 26.489025666666667 ], [ -82.100781722222223, 26.490443694444444 ], [ -82.10374891666666, 26.49059861111111 ], [ -82.105159333333333, 26.491551916666669 ], [ -82.105731777777777, 26.491423222222224 ], [ -82.106703083333329, 26.489897944444447 ], [ -82.106663166666664, 26.487181 ], [ -82.1060511111111, 26.485870166666668 ], [ -82.104678111111099, 26.484685194444445 ], [ -82.100380333333334, 26.484375361111113 ], [ -82.096827694444443, 26.484542194444444 ], [ -82.092662972222215, 26.486425027777777 ], [ -82.087067055555551, 26.488326472222223 ], [ -82.07899375, 26.490989777777777 ], [ -82.069687722222213, 26.492806666666667 ], [ -82.065460277777774, 26.492990527777778 ], [ -82.063897861111101, 26.49268013888889 ] ] } },
{ "type": "Feature", "properties": { "style": "solid", "thickness": 1 }, "geometry": { "type": "LineString", "coordinates": [ [ -82.718102611111107, 28.947330694444446 ], [ -82.71668375, 28.945991083333332 ], [ -82.710663, 28.94378436111111 ], [ -82.70847647222223, 28.940500611111112 ], [ -82.710306916666667, 28.93644175 ], [ -82.710278416666668, 28.936123805555557 ], [ -82.705735222222231, 28.933926444444445 ], [ -82.70298625, 28.932790194444447 ], [ -82.699049444444455, 28.932951666666668 ], [ -82.695172555555558, 28.931779305555558 ], [ -82.694539888888897, 28.929501527777781 ], [ -82.694469416666664, 28.928013388888889 ], [ -82.697216972222222, 28.921233944444445 ], [ -82.699615444444447, 28.919847083333334 ], [ -82.69979008333334, 28.919021083333334 ], [ -82.69886075, 28.918194722222225 ], [ -82.697432694444444, 28.918610944444445 ], [ -82.691997861111119, 28.923362222222224 ], [ -82.686605222222227, 28.926216833333335 ], [ -82.683879305555564, 28.926900222222223 ], [ -82.682971166666675, 28.926308805555557 ], [ -82.681861972222222, 28.924929916666667 ], [ -82.68263375, 28.923321694444446 ], [ -82.686053472222227, 28.921934861111112 ], [ -82.690594916666669, 28.918074194444447 ], [ -82.693337555555559, 28.910028416666666 ], [ -82.691329972222221, 28.907003083333333 ], [ -82.687936833333339, 28.905359583333333 ], [ -82.682419861111114, 28.906715666666667 ], [ -82.676601361111111, 28.904566444444445 ], [ -82.672711888888898, 28.903999833333334 ], [ -82.670476416666673, 28.902233916666667 ], [ -82.668493777777783, 28.901744333333333 ], [ -82.66420911111112, 28.90166275 ], [ -82.663550972222225, 28.90229175 ], [ -82.66215, 28.90508922222222 ], [ -82.661433944444454, 28.906164472222219 ], [ -82.660342805555558, 28.906187777777777 ], [ -82.6588525, 28.90545347222222 ], [ -82.658472305555563, 28.904170166666667 ], [ -82.65732227777778, 28.902388416666664 ], [ -82.655200861111112, 28.900746527777777 ], [ -82.654151555555558, 28.899374388888887 ], [ -82.653342027777782, 28.897972916666667 ], [ -82.652687027777787, 28.897521861111109 ], [ -82.650103222222228, 28.896976166666665 ], [ -82.648985472222222, 28.895845444444443 ], [ -82.647787888888899, 28.893362472222222 ], [ -82.647385388888893, 28.892948638888889 ], [ -82.644746916666676, 28.892961972222221 ], [ -82.641261500000013, 28.892322944444444 ], [ -82.63936158333334, 28.890891166666666 ], [ -82.63846575, 28.889885666666665 ], [ -82.63846575, 28.888007111111111 ], [ -82.638845944444455, 28.885581 ], [ -82.63524325, 28.881137694444444 ], [ -82.632355777777775, 28.879689083333332 ], [ -82.632635194444433, 28.8784445 ], [ -82.634661111111114, 28.877016277777777 ], [ -82.637013, 28.876955055555555 ], [ -82.637781444444457, 28.876608194444444 ], [ -82.638183861111116, 28.873433527777777 ], [ -82.637406611111118, 28.872369388888888 ], [ -82.637491916666676, 28.871694583333333 ], [ -82.63883775, 28.870282083333333 ], [ -82.640217833333338, 28.869511694444444 ], [ -82.642023138888902, 28.86904763888889 ], [ -82.642115888888895, 28.868937222222222 ], [ -82.64172975000001, 28.868457361111112 ], [ -82.641757805555557, 28.867850333333333 ], [ -82.642214027777783, 28.866970833333333 ], [ -82.642406666666673, 28.865830972222223 ], [ -82.642376250000012, 28.86559775 ], [ -82.641197694444458, 28.865517805555555 ], [ -82.640961972222229, 28.86553113888889 ], [ -82.64064913888889, 28.865827916666667 ], [ -82.640216805555568, 28.865910916666667 ], [ -82.639456444444448, 28.86537788888889 ], [ -82.63918272222223, 28.8648515 ], [ -82.639197916666674, 28.86373875 ], [ -82.639629916666678, 28.862217444444447 ], [ -82.641207111111115, 28.861057055555555 ], [ -82.64134561111112, 28.860819194444446 ], [ -82.640483972222228, 28.859878472222224 ], [ -82.640275944444454, 28.858967222222223 ], [ -82.641928305555567, 28.852676666666667 ], [ -82.64177625, 28.852230194444445 ], [ -82.640388305555561, 28.851478833333335 ], [ -82.639082444444455, 28.850062722222223 ], [ -82.637371638888894, 28.849126888888886 ], [ -82.636880638888897, 28.848471888888888 ], [ -82.636781194444453, 28.847741361111108 ], [ -82.637011472222227, 28.847215833333333 ], [ -82.637437277777778, 28.846873111111108 ], [ -82.637708833333335, 28.846443777777775 ], [ -82.637443805555563, 28.845750694444444 ], [ -82.637356888888903, 28.845335611111111 ], [ -82.638537083333347, 28.84359875 ], [ -82.638448611111116, 28.843291666666666 ], [ -82.638127805555555, 28.842687972222222 ], [ -82.638310305555564, 28.842208111111109 ], [ -82.6388795, 28.841945333333332 ], [ -82.639687638888901, 28.841884416666666 ], [ -82.639991805555567, 28.84162925 ], [ -82.640639166666674, 28.840876694444443 ], [ -82.641304833333336, 28.840802277777776 ], [ -82.642013777777791, 28.839378611111108 ], [ -82.643488083333338, 28.83919486111111 ], [ -82.643761805555556, 28.839381472222222 ], [ -82.643948638888901, 28.839743277777778 ], [ -82.644100722222234, 28.839777555555553 ], [ -82.644371888888898, 28.83957075 ], [ -82.644463138888895, 28.838995666666666 ], [ -82.646057722222224, 28.837971194444442 ], [ -82.646727, 28.83763597222222 ], [ -82.647237972222229, 28.837531333333331 ], [ -82.647600472222223, 28.836926333333331 ], [ -82.648174, 28.836730472222222 ], [ -82.648385027777778, 28.836595527777778 ], [ -82.648334611111125, 28.836057444444442 ], [ -82.64846719444445, 28.835786833333334 ], [ -82.649207611111123, 28.835244861111111 ], [ -82.651708333333346, 28.833982083333332 ], [ -82.653467972222231, 28.8319235 ], [ -82.65387175, 28.8308025 ], [ -82.653424527777787, 28.830045222222221 ], [ -82.653014916666677, 28.826817388888887 ], [ -82.652351555555555, 28.825816194444442 ], [ -82.651988555555562, 28.825461944444445 ], [ -82.650137666666666, 28.825644666666665 ], [ -82.648724388888894, 28.826401416666666 ], [ -82.647628166666678, 28.82617875 ], [ -82.64708686111112, 28.825338277777778 ], [ -82.646499194444445, 28.824785305555555 ], [ -82.64617069444445, 28.823265083333332 ], [ -82.646206277777779, 28.821751083333332 ], [ -82.644718555555556, 28.819196166666668 ], [ -82.64416138888889, 28.816602888888891 ], [ -82.644724972222235, 28.81541875 ], [ -82.645530027777781, 28.815029666666668 ], [ -82.646410111111123, 28.815384166666668 ], [ -82.64716966666667, 28.815529611111113 ], [ -82.647684777777783, 28.814890472222224 ], [ -82.648003444444456, 28.814147972222223 ], [ -82.647981611111121, 28.813837972222224 ], [ -82.647872472222232, 28.813742305555557 ], [ -82.647440333333336, 28.814258972222223 ], [ -82.64668075, 28.814733555555556 ], [ -82.645578444444453, 28.81453975 ], [ -82.645102611111113, 28.814118777777779 ], [ -82.6444103888889, 28.812832944444445 ], [ -82.644630888888898, 28.810913 ], [ -82.6458145, 28.809558222222222 ], [ -82.645312861111123, 28.8087655 ], [ -82.645037833333333, 28.806916833333332 ], [ -82.645637027777781, 28.806545083333333 ], [ -82.646217638888899, 28.806451305555555 ], [ -82.646567805555563, 28.805228694444445 ], [ -82.64622375, 28.803718194444446 ], [ -82.645068944444446, 28.801697222222224 ], [ -82.643325805555563, 28.800285444444444 ], [ -82.643441277777782, 28.799390361111112 ], [ -82.644712055555559, 28.796897166666668 ], [ -82.6444155, 28.795730333333335 ], [ -82.643332194444454, 28.795277666666667 ], [ -82.642343472222223, 28.794572805555557 ], [ -82.64168058333334, 28.793125694444445 ], [ -82.640509611111113, 28.792180527777781 ], [ -82.639913666666672, 28.790311027777779 ], [ -82.640339472222223, 28.789457527777781 ], [ -82.64006575, 28.788430666666667 ], [ -82.638758805555568, 28.78744125 ], [ -82.637607972222227, 28.786170361111111 ], [ -82.637684, 28.785316833333336 ], [ -82.638450138888899, 28.783892555555557 ], [ -82.640697, 28.782945138888888 ], [ -82.641642388888897, 28.781755083333334 ], [ -82.642533916666679, 28.780354694444444 ], [ -82.64344922222223, 28.779874055555556 ], [ -82.644696222222223, 28.779480611111111 ], [ -82.646595944444456, 28.777975111111111 ], [ -82.64662391666667, 28.777529 ], [ -82.646207055555564, 28.775098222222223 ], [ -82.644742305555567, 28.772540555555555 ], [ -82.643807333333342, 28.771402527777777 ], [ -82.644143777777785, 28.768379333333332 ], [ -82.644650361111118, 28.765691055555557 ], [ -82.645810305555557, 28.763857138888888 ], [ -82.646182888888902, 28.763413611111112 ], [ -82.645675583333343, 28.762820222222221 ], [ -82.643125083333345, 28.76109836111111 ], [ -82.642566333333335, 28.761174 ], [ -82.642200722222228, 28.761138583333334 ], [ -82.641971555555557, 28.760749916666665 ], [ -82.641948638888891, 28.760227222222223 ], [ -82.644122583333342, 28.758883027777777 ], [ -82.6456285, 28.75779397222222 ], [ -82.647029777777789, 28.757414888888889 ], [ -82.648840944444444, 28.75792088888889 ], [ -82.649685194444444, 28.75772675 ], [ -82.650607138888901, 28.757040444444446 ], [ -82.651207833333345, 28.75507275 ], [ -82.654980972222234, 28.753385833333333 ], [ -82.658419611111114, 28.75215986111111 ], [ -82.664052777777783, 28.75042788888889 ], [ -82.66643097222223, 28.750220555555554 ], [ -82.6668855, 28.749763166666668 ], [ -82.667152888888893, 28.749129833333335 ], [ -82.66380247222223, 28.745788777777779 ], [ -82.6617685, 28.745034805555555 ], [ -82.659637138888897, 28.744773416666668 ], [ -82.654408666666669, 28.746882055555556 ], [ -82.653212277777783, 28.7476175 ], [ -82.652178194444446, 28.747897666666667 ], [ -82.651280972222224, 28.747891 ], [ -82.648817388888901, 28.74712388888889 ], [ -82.647433527777778, 28.747310666666667 ], [ -82.646834527777784, 28.746589972222225 ], [ -82.64782225, 28.745235944444445 ], [ -82.650042527777785, 28.74488238888889 ], [ -82.65189, 28.744774694444445 ], [ -82.654612777777785, 28.742776583333335 ], [ -82.65466172222223, 28.741818472222224 ], [ -82.655003888888899, 28.740677722222223 ], [ -82.655890194444453, 28.740048138888891 ], [ -82.66039725, 28.73901577777778 ], [ -82.661057972222224, 28.737657111111112 ], [ -82.661013944444448, 28.736544416666668 ], [ -82.660683722222231, 28.736289 ], [ -82.658540583333334, 28.735680944444447 ], [ -82.657862416666674, 28.735218944444444 ], [ -82.657455083333332, 28.73369475 ], [ -82.65655569444445, 28.732913222222219 ], [ -82.656214805555564, 28.732667194444442 ], [ -82.656223472222223, 28.732339333333332 ], [ -82.656549361111118, 28.731855166666666 ], [ -82.656101833333338, 28.730915055555553 ], [ -82.65299263888889, 28.73004086111111 ], [ -82.652526916666673, 28.729457083333333 ], [ -82.652526916666673, 28.72862808333333 ], [ -82.65201888888889, 28.727982583333333 ], [ -82.65087075000001, 28.727161944444443 ], [ -82.650439722222231, 28.726129444444442 ], [ -82.650325666666674, 28.724995194444443 ], [ -82.649493666666672, 28.723176527777778 ], [ -82.648907083333341, 28.722838138888886 ], [ -82.648284055555564, 28.722899138888888 ], [ -82.647680111111114, 28.722567416666664 ], [ -82.647583166666678, 28.721736833333331 ], [ -82.64739933333334, 28.720599916666664 ], [ -82.646010305555563, 28.718594333333332 ], [ -82.646032555555564, 28.718002666666663 ], [ -82.647028611111111, 28.717002833333332 ], [ -82.647021972222234, 28.714972277777775 ], [ -82.646517777777788, 28.713323083333332 ], [ -82.647261027777787, 28.712260805555555 ], [ -82.648780722222227, 28.710715555555556 ], [ -82.649961138888898, 28.710402222222221 ], [ -82.65169475, 28.708934166666666 ], [ -82.652685416666671, 28.70829925 ], [ -82.652703083333336, 28.707996 ], [ -82.65220125, 28.705947305555554 ], [ -82.652079583333332, 28.705740444444444 ], [ -82.649744305555558, 28.705364638888888 ], [ -82.648375638888893, 28.704770722222221 ], [ -82.647952, 28.703679527777776 ], [ -82.6493625, 28.701518972222221 ], [ -82.649757805555566, 28.699604666666666 ], [ -82.647156722222235, 28.697431472222224 ], [ -82.646292055555563, 28.697244583333333 ], [ -82.645418722222232, 28.696840333333334 ], [ -82.645005972222222, 28.696172944444445 ], [ -82.645381, 28.694675361111113 ], [ -82.64698536111112, 28.693093611111113 ], [ -82.64687891666668, 28.692939694444444 ], [ -82.644947583333334, 28.692278944444446 ], [ -82.644552194444458, 28.692298972222222 ], [ -82.643890666666678, 28.693573722222222 ], [ -82.644152333333338, 28.694444666666666 ], [ -82.644074111111124, 28.695440027777778 ], [ -82.643700444444448, 28.69575275 ], [ -82.643149, 28.695803305555557 ], [ -82.642906083333344, 28.697110138888888 ], [ -82.642517888888889, 28.697425083333332 ], [ -82.641681777777791, 28.697643 ], [ -82.640045083333334, 28.69747113888889 ], [ -82.634545444444456, 28.69727136111111 ], [ -82.63254, 28.697611722222224 ], [ -82.631380444444432, 28.69718961111111 ], [ -82.630646694444437, 28.696313666666668 ], [ -82.631005944444439, 28.695262527777778 ], [ -82.639614361111114, 28.692568916666666 ], [ -82.640002, 28.69200175 ], [ -82.640689305555568, 28.6895585 ], [ -82.640197333333333, 28.687156555555557 ], [ -82.640851250000011, 28.685928416666666 ], [ -82.643141833333345, 28.6848755 ], [ -82.646012222222225, 28.683692416666666 ], [ -82.646392055555566, 28.681413194444445 ], [ -82.646310638888892, 28.68121977777778 ], [ -82.645595888888892, 28.681012861111114 ], [ -82.64445533333334, 28.680051666666667 ], [ -82.643968694444453, 28.679203944444446 ], [ -82.644554194444453, 28.678483055555557 ], [ -82.646269805555562, 28.67734738888889 ], [ -82.64735675, 28.675569583333335 ], [ -82.649065444444446, 28.673914944444444 ], [ -82.649342694444456, 28.67235502777778 ], [ -82.650449305555554, 28.671491777777778 ], [ -82.653513583333336, 28.67114463888889 ], [ -82.655925361111116, 28.670157916666668 ], [ -82.655970361111116, 28.669939583333335 ], [ -82.655267555555568, 28.669228638888889 ], [ -82.655550194444444, 28.668014694444445 ], [ -82.656628444444451, 28.667340138888889 ], [ -82.659824083333334, 28.667162194444444 ], [ -82.663383666666675, 28.665575388888886 ], [ -82.666432722222225, 28.665622138888889 ], [ -82.666640416666667, 28.665305027777777 ], [ -82.665629583333342, 28.661387861111109 ], [ -82.66481680555556, 28.659361277777776 ], [ -82.663579333333345, 28.658718694444442 ], [ -82.661641222222229, 28.65858422222222 ], [ -82.661437, 28.658061555555555 ], [ -82.663629222222227, 28.654712833333331 ], [ -82.663957305555556, 28.652042 ], [ -82.663105722222227, 28.651191194444444 ], [ -82.660445722222221, 28.64892275 ], [ -82.661230138888897, 28.6474915 ], [ -82.666145805555558, 28.645460055555557 ], [ -82.671570611111122, 28.642896944444445 ], [ -82.67299772222222, 28.64117113888889 ], [ -82.672576611111111, 28.636609944444444 ], [ -82.671374666666665, 28.630019472222223 ], [ -82.670368666666675, 28.628231777777778 ], [ -82.661928777777788, 28.625543416666666 ], [ -82.655572888888898, 28.624651027777777 ], [ -82.653464861111118, 28.624381555555555 ], [ -82.652093888888899, 28.623777888888888 ], [ -82.651337611111117, 28.622892194444447 ], [ -82.650810611111112, 28.621376222222224 ], [ -82.651034416666675, 28.620538833333335 ], [ -82.653321833333337, 28.619235166666666 ], [ -82.654255611111111, 28.618575194444446 ], [ -82.654317666666671, 28.618181916666668 ], [ -82.653981527777788, 28.617819555555556 ], [ -82.653424638888893, 28.617370166666667 ], [ -82.653292861111112, 28.615711027777778 ], [ -82.65414952777779, 28.614452944444444 ], [ -82.658297055555565, 28.612516527777778 ], [ -82.658463222222224, 28.612332 ], [ -82.663755388888902, 28.606403083333333 ], [ -82.664005444444456, 28.604892611111111 ], [ -82.663776277777785, 28.604838916666669 ], [ -82.661003222222234, 28.605375805555557 ], [ -82.658092638888888, 28.605852305555558 ], [ -82.655698083333334, 28.604568916666668 ], [ -82.654011722222222, 28.60343977777778 ], [ -82.653457888888894, 28.602542138888889 ], [ -82.654308722222225, 28.600227305555556 ], [ -82.654278166666671, 28.598260833333331 ], [ -82.652589416666672, 28.596734805555556 ], [ -82.651641472222224, 28.595189 ], [ -82.64845152777778, 28.5933875 ], [ -82.646516638888897, 28.593156527777776 ], [ -82.64531386111112, 28.592556027777775 ], [ -82.642751444444457, 28.590292527777777 ], [ -82.643222083333342, 28.589091444444442 ], [ -82.645127916666667, 28.589288416666665 ], [ -82.647692, 28.588835611111111 ], [ -82.64909738888889, 28.588217444444442 ], [ -82.648950055555559, 28.587620805555556 ], [ -82.645929527777781, 28.586214333333331 ], [ -82.644066916666674, 28.585620555555554 ], [ -82.643569277777786, 28.58492725 ], [ -82.643989444444458, 28.583249166666665 ], [ -82.644543277777785, 28.581532861111111 ], [ -82.645964194444446, 28.580962277777779 ], [ -82.646870972222231, 28.580938666666665 ], [ -82.647497388888894, 28.581254166666668 ], [ -82.648131444444445, 28.582220777777778 ], [ -82.648551611111117, 28.582026111111112 ], [ -82.648612722222225, 28.581294444444445 ], [ -82.64810925, 28.580527638888888 ], [ -82.648100722222225, 28.579517638888888 ], [ -82.6489325, 28.578481305555556 ], [ -82.650383916666669, 28.577821944444445 ], [ -82.653424361111121, 28.5766405 ], [ -82.656025611111119, 28.575485083333334 ], [ -82.656499472222222, 28.574762472222222 ], [ -82.655525666666676, 28.574249944444443 ], [ -82.655137972222221, 28.573392361111111 ], [ -82.655752694444445, 28.570928638888887 ], [ -82.657204138888901, 28.568250027777779 ], [ -82.656600638888889, 28.567941194444444 ], [ -82.655133916666671, 28.568256722222223 ], [ -82.654597722222235, 28.568933111111111 ], [ -82.653543500000012, 28.571511 ], [ -82.65332197222223, 28.57246386111111 ], [ -82.651503833333337, 28.57353125 ], [ -82.64886827777778, 28.573108305555554 ], [ -82.647144166666678, 28.570288388888887 ], [ -82.6478103888889, 28.567857777777778 ], [ -82.646876222222232, 28.564880805555557 ], [ -82.646738694444451, 28.56364675 ], [ -82.646499027777779, 28.56215125 ], [ -82.647480777777787, 28.558801222222222 ], [ -82.649151888888895, 28.557767972222223 ], [ -82.650072638888901, 28.555871944444444 ], [ -82.650300138888895, 28.554102805555555 ], [ -82.650366416666671, 28.551925083333334 ], [ -82.651468944444446, 28.551076333333334 ], [ -82.652671222222224, 28.550744583333334 ], [ -82.655358333333339, 28.552307388888888 ], [ -82.656737333333339, 28.554060666666668 ], [ -82.662057138888898, 28.55330152777778 ], [ -82.663105833333333, 28.551277083333336 ], [ -82.663003055555563, 28.550196777777778 ], [ -82.662037166666678, 28.549788444444445 ], [ -82.657349666666676, 28.550060861111113 ], [ -82.656467861111111, 28.549097805555558 ], [ -82.65650825, 28.548538333333337 ], [ -82.657065916666667, 28.547235666666669 ], [ -82.65654716666667, 28.544857055555557 ], [ -82.654314583333345, 28.542741833333334 ], [ -82.653779833333346, 28.542647833333334 ], [ -82.651213027777786, 28.543411666666668 ], [ -82.650531222222227, 28.545092083333333 ], [ -82.649301305555568, 28.545526861111114 ], [ -82.648103861111125, 28.545092083333333 ], [ -82.64739525, 28.544131861111111 ], [ -82.646708722222229, 28.543012833333336 ], [ -82.646930333333344, 28.542042722222224 ], [ -82.648294638888899, 28.540667833333334 ], [ -82.649454055555566, 28.539400861111112 ], [ -82.651646611111119, 28.537899361111112 ], [ -82.652133277777779, 28.535440861111113 ], [ -82.654086, 28.532830055555554 ], [ -82.654318416666669, 28.527751 ], [ -82.656261055555561, 28.527049138888888 ], [ -82.657560055555564, 28.527719555555553 ], [ -82.658447972222234, 28.52886772222222 ], [ -82.66011536111111, 28.529097833333331 ], [ -82.662454666666676, 28.5298285 ], [ -82.663732055555556, 28.5299555 ], [ -82.66642375, 28.529307111111109 ], [ -82.667743972222226, 28.528218666666664 ], [ -82.668063305555563, 28.527556888888888 ], [ -82.667842805555566, 28.527122388888888 ], [ -82.665557444444445, 28.52617525 ], [ -82.663858027777778, 28.524505722222223 ], [ -82.663897944444443, 28.523160388888886 ], [ -82.664962833333334, 28.521474444444443 ], [ -82.66662802777779, 28.520465 ], [ -82.66855175, 28.520291194444443 ], [ -82.669220888888887, 28.52018425 ], [ -82.669106833333345, 28.519843305555554 ], [ -82.666871833333332, 28.519183972222223 ], [ -82.661138666666673, 28.519050277777776 ], [ -82.659038138888889, 28.519450916666667 ], [ -82.657863555555565, 28.518708444444442 ], [ -82.657849083333332, 28.517081055555554 ], [ -82.657377083333344, 28.516659277777777 ], [ -82.65578775, 28.516838 ], [ -82.655500972222228, 28.516757777777777 ], [ -82.655327194444453, 28.516562944444445 ], [ -82.655170777777784, 28.515627 ], [ -82.654781, 28.514946055555555 ], [ -82.654773416666671, 28.514023444444444 ], [ -82.655667388888901, 28.512772527777777 ], [ -82.656306083333334, 28.511748694444446 ], [ -82.656517083333341, 28.51096861111111 ], [ -82.657004, 28.510773055555557 ], [ -82.658312888888901, 28.511276083333332 ], [ -82.659432527777781, 28.512409777777776 ], [ -82.660877305555559, 28.51310925 ], [ -82.664344555555559, 28.512333722222223 ], [ -82.666983027777789, 28.513423472222222 ], [ -82.668039944444445, 28.513376694444446 ], [ -82.668929555555565, 28.512647972222222 ], [ -82.669268444444455, 28.511816472222222 ], [ -82.66645619444445, 28.509674305555556 ], [ -82.665656388888891, 28.508521833333333 ], [ -82.666321694444449, 28.50710611111111 ], [ -82.669397388888896, 28.50489136111111 ], [ -82.66999391666667, 28.503459638888888 ], [ -82.67163161111111, 28.502286833333333 ], [ -82.676657027777779, 28.500547972222222 ], [ -82.676495805555561, 28.500324055555556 ], [ -82.676156111111112, 28.50026825 ], [ -82.672301055555565, 28.501445027777777 ], [ -82.670334555555556, 28.501048777777779 ], [ -82.668772305555564, 28.499637611111112 ], [ -82.666551138888892, 28.498413333333335 ], [ -82.665926777777784, 28.497544194444444 ], [ -82.665916138888889, 28.494871277777779 ], [ -82.667895888888893, 28.494865916666669 ], [ -82.668251166666678, 28.494597222222222 ], [ -82.6681855, 28.492273722222222 ], [ -82.667113666666665, 28.491118055555557 ], [ -82.666684611111123, 28.490790083333334 ], [ -82.665476083333346, 28.490165222222224 ], [ -82.664691944444456, 28.48821213888889 ], [ -82.665120833333333, 28.486770416666669 ], [ -82.666465972222227, 28.482569666666667 ], [ -82.666289972222231, 28.480048972222221 ], [ -82.667055138888898, 28.479347916666665 ], [ -82.669463194444447, 28.479180638888888 ], [ -82.66972347222223, 28.47892425 ], [ -82.669506666666678, 28.477568083333331 ], [ -82.667927722222231, 28.476316861111108 ], [ -82.667326138888896, 28.474988138888886 ], [ -82.668234777777784, 28.47301575 ], [ -82.669467583333343, 28.470547305555552 ], [ -82.670711, 28.468967444444441 ], [ -82.67212325, 28.468407222222222 ], [ -82.675113027777783, 28.468116888888886 ], [ -82.675199777777777, 28.467872694444441 ], [ -82.674807638888893, 28.467146194444442 ], [ -82.674848250000011, 28.466608055555554 ], [ -82.675195277777789, 28.466373 ], [ -82.676312861111114, 28.466674583333333 ], [ -82.677196666666674, 28.466374277777778 ], [ -82.679278805555555, 28.466380388888886 ], [ -82.679937388888888, 28.466131638888889 ], [ -82.680678277777787, 28.4654265 ], [ -82.682749138888894, 28.465132694444442 ], [ -82.683490027777779, 28.465319666666666 ], [ -82.684249138888887, 28.465052555555555 ], [ -82.684261277777779, 28.464833527777778 ], [ -82.682684333333341, 28.463976305555555 ], [ -82.679948916666675, 28.463513805555554 ], [ -82.679372, 28.462824666666666 ], [ -82.67956025, 28.462343888888888 ], [ -82.680361888888896, 28.462023361111111 ], [ -82.681292944444451, 28.460392611111111 ], [ -82.683169833333338, 28.4591375 ], [ -82.683321666666671, 28.458293416666667 ], [ -82.682977027777781, 28.457854944444442 ], [ -82.681399583333345, 28.458083333333331 ], [ -82.680470444444452, 28.457351416666665 ], [ -82.679936027777785, 28.457228555555556 ], [ -82.678065583333336, 28.459098388888886 ], [ -82.67755430555556, 28.460317777777778 ], [ -82.676713527777778, 28.460741916666667 ], [ -82.675825166666669, 28.461053305555556 ], [ -82.67537750000001, 28.460625916666665 ], [ -82.675390888888899, 28.460206722222221 ], [ -82.675635305555559, 28.459929361111111 ], [ -82.675735916666667, 28.459672916666666 ], [ -82.67503625, 28.459333861111109 ], [ -82.674866194444448, 28.459150694444443 ], [ -82.674887027777785, 28.458534027777777 ], [ -82.674379083333335, 28.457595305555554 ], [ -82.674045916666671, 28.457329694444443 ], [ -82.67203147222223, 28.456814527777777 ], [ -82.671696555555556, 28.457851138888888 ], [ -82.669668222222228, 28.458620444444445 ], [ -82.669031777777789, 28.458936972222222 ], [ -82.667884, 28.458413416666666 ], [ -82.667780777777779, 28.457446444444443 ], [ -82.668647305555567, 28.456534222222221 ], [ -82.668607444444447, 28.453814194444444 ] ] } },
{ "type": "Feature", "properties": { "style": "solid", "thickness": 1 }, "geometry": { "type": "LineString", "coordinates": [ [ -82.480137222222226, 28.567360972222222 ], [ -82.480142805555559, 28.564823527777779 ], [ -82.480025416666663, 28.552242194444446 ], [ -82.47988775, 28.549509083333334 ], [ -82.479427944444453, 28.538652361111112 ], [ -82.479323916666672, 28.527439527777776 ], [ -82.47922752777778, 28.526387527777779 ], [ -82.479056888888891, 28.525114527777777 ], [ -82.477479277777775, 28.51738797222222 ], [ -82.47719311111112, 28.516256638888891 ], [ -82.476939527777773, 28.514633222222223 ], [ -82.476819027777779, 28.51341136111111 ], [ -82.47678883333333, 28.510781583333333 ], [ -82.476857861111114, 28.50118675 ], [ -82.476879111111117, 28.50035275 ], [ -82.477029416666667, 28.49939525 ], [ -82.477189027777783, 28.498774333333333 ], [ -82.477471027777781, 28.497831416666667 ], [ -82.477934138888884, 28.496785166666669 ], [ -82.478439027777782, 28.495921138888889 ], [ -82.479264944444452, 28.494742722222224 ], [ -82.482628722222231, 28.490880722222222 ], [ -82.483036805555557, 28.490272305555557 ], [ -82.483561444444447, 28.489135555555556 ], [ -82.483784222222226, 28.488422055555557 ], [ -82.483926388888889, 28.487771444444444 ], [ -82.483993222222225, 28.486534416666668 ], [ -82.483904583333327, 28.485618333333335 ], [ -82.483717611111118, 28.484773638888889 ], [ -82.48352494444444, 28.484242861111113 ], [ -82.4801875, 28.476868277777776 ], [ -82.478844305555555, 28.473814722222219 ], [ -82.478619111111115, 28.473204444444441 ], [ -82.478353555555557, 28.472130333333332 ], [ -82.47829975, 28.471331861111111 ], [ -82.478236027777783, 28.469085722222221 ], [ -82.478321666666673, 28.464422555555554 ], [ -82.478313527777786, 28.462624027777778 ], [ -82.478441333333336, 28.461208083333332 ], [ -82.478683388888896, 28.460313277777779 ], [ -82.479369638888897, 28.45885525 ], [ -82.479644972222218, 28.458441 ], [ -82.480294333333333, 28.457679611111111 ], [ -82.483326694444443, 28.454804333333332 ], [ -82.483887555555555, 28.454069027777777 ], [ -82.48435125, 28.453376222222222 ], [ -82.484646916666662, 28.452698388888887 ], [ -82.484910916666664, 28.451962638888887 ], [ -82.485005611111106, 28.451105361111111 ], [ -82.485056194444439, 28.449949638888889 ], [ -82.485055611111108, 28.437608777777779 ], [ -82.48511394444445, 28.426573916666669 ], [ -82.485287527777785, 28.4254205 ], [ -82.485549166666672, 28.424630944444445 ], [ -82.485996833333331, 28.423626638888891 ], [ -82.486598361111106, 28.42270538888889 ], [ -82.487295777777774, 28.4218665 ], [ -82.487739027777778, 28.421445805555557 ], [ -82.488539861111107, 28.42080838888889 ], [ -82.505976222222216, 28.409967916666666 ], [ -82.516133805555555, 28.403694055555555 ], [ -82.519837111111116, 28.401348305555555 ], [ -82.521020944444444, 28.4005495 ], [ -82.522265694444442, 28.399546305555557 ], [ -82.523531083333339, 28.39841086111111 ], [ -82.52678644444444, 28.395430805555556 ], [ -82.53663, 28.3864685 ], [ -82.537494472222221, 28.385482972222221 ], [ -82.538487694444441, 28.384114972222221 ], [ -82.538915166666669, 28.38344225 ], [ -82.539456166666668, 28.382391583333334 ], [ -82.540049, 28.380962194444447 ], [ -82.541490194444449, 28.377069277777778 ], [ -82.542539861111109, 28.3740885 ], [ -82.543381833333328, 28.371811277777777 ], [ -82.544691277777773, 28.368010555555557 ], [ -82.544907138888888, 28.367024805555555 ], [ -82.545007472222224, 28.366142277777779 ], [ -82.545058222222224, 28.365325222222225 ], [ -82.544934222222224, 28.352748388888891 ], [ -82.545013, 28.351760166666669 ], [ -82.545283416666663, 28.3504905 ], [ -82.545494194444444, 28.349836027777776 ], [ -82.545993277777782, 28.34869911111111 ], [ -82.54952594444444, 28.342765194444443 ], [ -82.550016527777771, 28.34184036111111 ], [ -82.550314194444439, 28.341147861111111 ], [ -82.550706, 28.340159833333331 ], [ -82.551252972222215, 28.338230944444444 ], [ -82.552302472222223, 28.330742444444443 ], [ -82.55337275, 28.322615444444445 ], [ -82.553292916666663, 28.321197277777777 ], [ -82.553007666666659, 28.320157083333331 ], [ -82.552834277777777, 28.319627416666666 ], [ -82.551200111111115, 28.3160225 ], [ -82.550652555555558, 28.314484194444447 ], [ -82.550451166666662, 28.313334805555556 ], [ -82.550361583333327, 28.311221388888889 ], [ -82.550438, 28.268614388888889 ], [ -82.550365666666664, 28.262155027777776 ], [ -82.549950194444449, 28.251709555555557 ], [ -82.550090666666662, 28.24779363888889 ], [ -82.550333638888887, 28.245092638888888 ], [ -82.550487777777775, 28.241740333333333 ], [ -82.550518972222221, 28.232091611111109 ], [ -82.550433722222223, 28.22815961111111 ], [ -82.54811575, 28.208466333333334 ], [ -82.546727333333337, 28.19684125 ], [ -82.5462365, 28.19437686111111 ], [ -82.545836083333327, 28.193204388888891 ], [ -82.545301861111113, 28.191914444444446 ], [ -82.544071611111107, 28.189583111111112 ], [ -82.543061111111115, 28.188032833333335 ], [ -82.540514, 28.18498836111111 ], [ -82.53966577777777, 28.1838575 ], [ -82.539031444444447, 28.182763722222223 ], [ -82.538528527777771, 28.181656722222222 ], [ -82.535634416666667, 28.171724944444446 ], [ -82.535364583333333, 28.170045972222223 ], [ -82.535460722222226, 28.168445666666667 ], [ -82.53580477777777, 28.166681305555556 ], [ -82.536380722222219, 28.1653475 ], [ -82.53781541666666, 28.162608194444442 ], [ -82.538065055555549, 28.161818583333332 ], [ -82.538223777777773, 28.160914583333334 ], [ -82.538285416666668, 28.160146861111109 ], [ -82.537866194444447, 28.157151194444442 ], [ -82.537806388888882, 28.156021638888888 ], [ -82.537882972222221, 28.155323638888888 ], [ -82.538065333333336, 28.154524222222221 ], [ -82.538335138888883, 28.15376761111111 ], [ -82.538628916666667, 28.153135888888887 ], [ -82.539012083333333, 28.152534388888888 ], [ -82.540727638888882, 28.150208472222221 ], [ -82.541583777777774, 28.149125527777777 ], [ -82.5454835, 28.144017416666667 ], [ -82.54618402777777, 28.14267797222222 ], [ -82.54643425, 28.141937222222221 ], [ -82.54825666666666, 28.13405772222222 ], [ -82.548395194444439, 28.133255194444445 ], [ -82.548492027777769, 28.13228888888889 ], [ -82.548561916666671, 28.131299027777779 ], [ -82.548542055555558, 28.130217666666667 ], [ -82.548441333333329, 28.129580222222224 ], [ -82.54809613888888, 28.12764375 ], [ -82.547843222222227, 28.126755805555558 ], [ -82.546749472222217, 28.123739972222221 ], [ -82.5462765, 28.122146555555556 ], [ -82.546078611111113, 28.121122472222222 ], [ -82.545972555555551, 28.1201895 ], [ -82.5459795, 28.117945833333334 ], [ -82.54604616666667, 28.113028972222224 ], [ -82.545985361111107, 28.11239627777778 ], [ -82.545855, 28.111821916666667 ], [ -82.545608916666666, 28.111191805555556 ], [ -82.542800916666664, 28.106777555555556 ], [ -82.542336833333337, 28.105748611111114 ], [ -82.542134722222215, 28.104693305555557 ], [ -82.542177416666661, 28.100262805555555 ], [ -82.542346861111113, 28.09902025 ], [ -82.542487027777781, 28.098466777777777 ], [ -82.542769527777779, 28.09758075 ], [ -82.546238333333335, 28.089547388888889 ], [ -82.546824916666665, 28.088592194444445 ], [ -82.547458166666658, 28.087921444444444 ], [ -82.547961361111106, 28.087502527777776 ], [ -82.548546472222213, 28.087141305555555 ], [ -82.549133138888891, 28.086849972222222 ], [ -82.549787194444448, 28.086603527777775 ], [ -82.5503, 28.086468166666666 ], [ -82.553514083333326, 28.085890277777775 ] ] } },
{ "type": "Feature", "properties": { "style": "solid", "thickness": 1 }, "geometry": { "type": "LineString", "coordinates": [ [ -82.563999361111115, 28.071857027777778 ], [ -82.564263555555556, 28.07118375 ], [ -82.568980555555555, 28.063317833333333 ], [ -82.569259555555547, 28.062684472222223 ], [ -82.569518361111108, 28.061884138888889 ], [ -82.569649444444437, 28.061224611111111 ], [ -82.569712888888887, 28.060522777777777 ], [ -82.569823166666666, 28.050733666666666 ], [ -82.569682944444438, 28.049896 ], [ -82.569363583333327, 28.049004416666669 ], [ -82.569124361111108, 28.048561333333335 ], [ -82.568663833333332, 28.047859166666669 ], [ -82.56812155555555, 28.04728891666667 ], [ -82.567345472222215, 28.046686277777781 ], [ -82.566632916666663, 28.04629875 ], [ -82.56408688888888, 28.045166861111113 ], [ -82.562747666666667, 28.044375444444444 ], [ -82.561657111111103, 28.043523611111112 ], [ -82.560697777777776, 28.042527472222226 ], [ -82.55843466666667, 28.039924777777781 ], [ -82.557628444444447, 28.039212027777779 ], [ -82.556802944444442, 28.038713194444448 ], [ -82.556112388888891, 28.038434 ], [ -82.555481666666665, 28.038250611111113 ], [ -82.548088722222218, 28.036311305555557 ], [ -82.547266555555552, 28.035986111111114 ], [ -82.546646, 28.0355845 ], [ -82.546117444444448, 28.035160472222223 ], [ -82.545643722222223, 28.034709444444445 ], [ -82.545156722222217, 28.034099555555557 ], [ -82.544818666666671, 28.033507916666668 ], [ -82.544441305555551, 28.032419694444442 ], [ -82.544360083333331, 28.031576333333334 ], [ -82.544393361111105, 28.021819305555553 ], [ -82.544464722222216, 28.021167805555553 ], [ -82.545146583333334, 28.01878975 ], [ -82.545272583333329, 28.018148833333331 ], [ -82.54576727777777, 28.007469944444445 ], [ -82.545104527777781, 28.00343611111111 ], [ -82.545054527777779, 28.00270011111111 ], [ -82.545063166666665, 28.001993722222224 ], [ -82.545189472222219, 28.001099638888888 ], [ -82.545776666666669, 27.998296861111111 ], [ -82.545962444444442, 27.996938444444446 ], [ -82.546025944444438, 27.994902555555555 ], [ -82.545849194444443, 27.991271444444447 ], [ -82.546589111111103, 27.976062638888887 ], [ -82.546708333333328, 27.97155225 ], [ -82.547482444444441, 27.967861722222221 ], [ -82.54744725, 27.965818666666667 ], [ -82.546887833333329, 27.963378416666664 ], [ -82.546586888888882, 27.962524638888887 ], [ -82.54611791666666, 27.96165211111111 ], [ -82.545309805555547, 27.960607638888888 ], [ -82.544736722222225, 27.960071777777777 ], [ -82.543889055555553, 27.959447972222222 ], [ -82.542967833333336, 27.959001833333332 ], [ -82.541625388888889, 27.958486638888889 ], [ -82.540469638888894, 27.958118361111111 ], [ -82.539648527777771, 27.957828055555556 ], [ -82.537991, 27.956820027777777 ], [ -82.537262444444437, 27.956082944444443 ], [ -82.536546361111107, 27.955207166666668 ], [ -82.5348885, 27.952746972222222 ], [ -82.533799722222227, 27.950833805555554 ], [ -82.53339311111111, 27.9502445 ], [ -82.532002166666672, 27.94877775 ], [ -82.531704861111109, 27.94838877777778 ], [ -82.531286944444446, 27.947764194444446 ] ] } },
{ "type": "Feature", "properties": { "style": "solid", "thickness": 1 }, "geometry": { "type": "LineString", "coordinates": [ [ -82.10898772222221, 28.909330666666666 ], [ -82.1085475, 28.908542861111108 ], [ -82.10719505555555, 28.906192972222222 ], [ -82.094177583333334, 28.883677138888888 ], [ -82.093938805555553, 28.883195055555557 ], [ -82.093374888888889, 28.881760666666668 ], [ -82.092987388888886, 28.88039625 ], [ -82.092730194444442, 28.878897555555557 ], [ -82.092195083333323, 28.870127972222221 ], [ -82.09203180555555, 28.866964166666666 ], [ -82.086660472222221, 28.775871083333332 ], [ -82.0866125, 28.774188388888888 ], [ -82.086815666666666, 28.77282122222222 ], [ -82.087084416666656, 28.771974277777776 ], [ -82.087377527777775, 28.771220611111112 ], [ -82.088017833333325, 28.77017075 ], [ -82.088638305555548, 28.769386861111109 ], [ -82.089312555555551, 28.768585444444444 ], [ -82.105133166666661, 28.750136833333332 ], [ -82.105649638888877, 28.749424 ], [ -82.106019138888882, 28.748808333333333 ], [ -82.106346805555546, 28.748181 ], [ -82.109689861111107, 28.739179055555557 ], [ -82.113136972222222, 28.730033583333331 ], [ -82.120527944444433, 28.710240583333334 ], [ -82.121216305555549, 28.708717222222223 ], [ -82.135749611111123, 28.681014722222223 ] ] } },
{ "type": "Feature", "properties": { "style": "solid", "thickness": 1 }, "geometry": { "type": "LineString", "coordinates": [ [ -82.17582383333334, 28.626345583333332 ], [ -82.196827583333331, 28.609666 ], [ -82.199647444444452, 28.607112444444446 ], [ -82.201063555555564, 28.605605 ], [ -82.20221166666667, 28.604008611111112 ], [ -82.20310125, 28.602325361111113 ], [ -82.20842863888889, 28.590750861111111 ], [ -82.2091005, 28.589514944444442 ], [ -82.210195388888891, 28.587924972222222 ], [ -82.211868111111116, 28.586007638888887 ], [ -82.221833444444442, 28.575015722222222 ], [ -82.223531777777779, 28.573480777777778 ], [ -82.225327777777778, 28.571972111111112 ], [ -82.234100777777783, 28.565135694444447 ], [ -82.235499194444444, 28.563818777777779 ], [ -82.236324166666662, 28.562438916666668 ], [ -82.236829777777785, 28.561035666666669 ], [ -82.23703863888889, 28.559568833333334 ], [ -82.237068833333339, 28.539644805555557 ], [ -82.23713325, 28.521602 ], [ -82.237191666666661, 28.520744027777777 ], [ -82.237487027777775, 28.51895725 ], [ -82.238006666666664, 28.517481555555555 ], [ -82.238631333333331, 28.51604425 ], [ -82.24069872222222, 28.512322472222223 ], [ -82.246523333333329, 28.502456555555554 ], [ -82.247347277777777, 28.500840583333332 ], [ -82.248119027777776, 28.49872275 ], [ -82.248387083333341, 28.49732377777778 ], [ -82.248532, 28.49610525 ], [ -82.248548527777785, 28.486556083333333 ], [ -82.24863925, 28.485857027777779 ], [ -82.24876, 28.485142444444445 ], [ -82.249101222222222, 28.484008555555558 ], [ -82.249285805555559, 28.483581583333333 ], [ -82.249532388888895, 28.483085194444442 ], [ -82.250196333333335, 28.48193375 ], [ -82.251107472222216, 28.480699111111111 ], [ -82.252446361111112, 28.479444722222219 ], [ -82.25803055555555, 28.475118055555555 ], [ -82.2601995, 28.473628916666666 ], [ -82.262688888888889, 28.472169694444442 ], [ -82.27028005555556, 28.467801194444444 ], [ -82.271351833333327, 28.467219666666665 ], [ -82.273231638888888, 28.466007527777776 ], [ -82.27449125, 28.464673111111111 ], [ -82.275104722222224, 28.463849888888888 ], [ -82.275626555555561, 28.462796111111111 ], [ -82.276155888888894, 28.461358444444443 ], [ -82.276280722222225, 28.4606085 ], [ -82.276315555555556, 28.459284972222221 ], [ -82.275587166666668, 28.454375027777775 ], [ -82.275579333333326, 28.453476111111112 ], [ -82.275655611111105, 28.45248872222222 ], [ -82.275978166666661, 28.451385305555554 ], [ -82.276598444444446, 28.450093444444445 ], [ -82.277169805555559, 28.449290444444443 ], [ -82.277889333333334, 28.448472777777777 ], [ -82.279432805555558, 28.446869 ], [ -82.279884805555554, 28.44616402777778 ], [ -82.280310972222225, 28.44544077777778 ], [ -82.280710138888892, 28.444311916666667 ], [ -82.280901277777772, 28.443115333333335 ], [ -82.28116266666666, 28.42968725 ], [ -82.281299527777776, 28.428041361111113 ], [ -82.281646944444446, 28.426856722222222 ], [ -82.282139694444439, 28.425763583333335 ], [ -82.282543527777776, 28.425014472222223 ], [ -82.283337222222215, 28.424159472222222 ], [ -82.284059222222226, 28.423435722222223 ], [ -82.2846545, 28.422941722222223 ], [ -82.285684777777774, 28.422352666666669 ], [ -82.287654, 28.421365138888891 ], [ -82.289121444444447, 28.420568888888891 ], [ -82.290330361111103, 28.41977263888889 ], [ -82.291048777777775, 28.419234777777778 ], [ -82.29217797222222, 28.418206888888889 ], [ -82.303752472222214, 28.406243694444441 ], [ -82.304972944444444, 28.405203305555553 ], [ -82.305633972222225, 28.404723138888887 ], [ -82.306600972222213, 28.40415733333333 ], [ -82.307768944444447, 28.4035265 ], [ -82.31429816666666, 28.40049197222222 ], [ -82.315145666666666, 28.400057083333333 ], [ -82.316208333333336, 28.399368111111112 ], [ -82.317428138888886, 28.398170083333333 ], [ -82.318224555555545, 28.397076916666666 ], [ -82.319022805555548, 28.395217277777778 ], [ -82.319324611111114, 28.39357525 ], [ -82.319702888888884, 28.356615916666669 ], [ -82.319969, 28.354108555555555 ], [ -82.320316138888884, 28.352323388888891 ], [ -82.32295625, 28.34190475 ], [ -82.323311583333336, 28.340313222222221 ], [ -82.323553472222216, 28.338948972222219 ], [ -82.323957194444446, 28.334164166666664 ], [ -82.324237361111102, 28.329757611111109 ], [ -82.324435694444446, 28.325331111111112 ], [ -82.3246315, 28.322479805555556 ], [ -82.325005805555548, 28.319322333333332 ] ] } },
{ "type": "Feature", "properties": { "style": "solid", "thickness": 1 }, "geometry": { "type": "LineString", "coordinates": [ [ -82.39463141666667, 28.16883288888889 ], [ -82.395691527777785, 28.167742777777779 ], [ -82.400034388888898, 28.162982444444442 ], [ -82.402235972222229, 28.160228583333332 ], [ -82.403270027777779, 28.158773027777777 ], [ -82.404121111111124, 28.157384972222221 ], [ -82.404972694444453, 28.155815361111109 ], [ -82.405566611111112, 28.154606388888887 ], [ -82.406069472222228, 28.153391722222221 ], [ -82.410259055555557, 28.142298305555556 ], [ -82.411560055555555, 28.138957111111111 ], [ -82.412366361111111, 28.137162611111112 ], [ -82.4151925, 28.131468138888888 ], [ -82.424103944444454, 28.113727666666669 ], [ -82.425006333333343, 28.112022361111112 ], [ -82.425857666666673, 28.110937638888892 ], [ -82.426243777777785, 28.110507444444448 ], [ -82.427321555555565, 28.10949341666667 ], [ -82.428458638888898, 28.108703666666667 ], [ -82.429484555555561, 28.108132805555556 ], [ -82.446753583333333, 28.100694055555557 ], [ -82.448705611111109, 28.099752277777778 ], [ -82.449916444444455, 28.098871416666665 ], [ -82.450581472222225, 28.09823625 ], [ -82.452985194444452, 28.095171 ], [ -82.453848444444446, 28.093766361111111 ], [ -82.454202666666674, 28.092947472222221 ], [ -82.454500444444449, 28.092028027777776 ], [ -82.454742444444449, 28.09088061111111 ], [ -82.454825083333333, 28.089898 ], [ -82.45482619444445, 28.088018055555555 ], [ -82.45469822222222, 28.067808305555555 ], [ -82.454712722222226, 28.060755916666668 ], [ -82.454760166666674, 28.056088972222224 ], [ -82.454849583333342, 28.05326913888889 ], [ -82.454899166666664, 28.048705305555558 ], [ -82.454935333333339, 28.03527152777778 ], [ -82.454941361111111, 28.030709 ], [ -82.455183944444443, 28.028807805555555 ], [ -82.455669166666667, 28.026845222222221 ], [ -82.455836555555564, 28.025934277777775 ], [ -82.455974361111117, 28.024803416666664 ], [ -82.455978055555562, 28.023764166666666 ], [ -82.455862444444449, 28.022517666666666 ], [ -82.455045694444451, 28.018491666666666 ] ] } },
{ "type": "Feature", "properties": { "style": "solid", "thickness": 1 }, "geometry": { "type": "LineString", "coordinates": [ [ -82.62203811111111, 28.943080194444445 ], [ -82.619513361111103, 28.938010555555557 ], [ -82.617777777777775, 28.934477555555556 ], [ -82.610630972222211, 28.920115111111112 ], [ -82.609981916666655, 28.918740388888889 ], [ -82.606445, 28.911639666666666 ], [ -82.605020388888889, 28.908981416666666 ], [ -82.602449777777778, 28.903843638888887 ], [ -82.602187444444439, 28.903415 ], [ -82.60169025, 28.902704333333332 ], [ -82.601296111111111, 28.902240555555554 ], [ -82.600495194444434, 28.901570277777775 ], [ -82.599592944444439, 28.900895138888888 ], [ -82.598749444444437, 28.900504583333333 ], [ -82.59799625, 28.900202444444442 ], [ -82.597368694444441, 28.900006305555554 ], [ -82.596738916666666, 28.899866555555555 ], [ -82.595985361111104, 28.899758333333335 ], [ -82.595403, 28.899703361111111 ], [ -82.593953388888877, 28.899685305555554 ], [ -82.590323972222222, 28.899783305555555 ], [ -82.589623361111109, 28.89969425 ], [ -82.589085722222222, 28.899581583333333 ], [ -82.588485194444445, 28.899398694444443 ], [ -82.587808722222221, 28.899118055555554 ], [ -82.587167361111113, 28.89875822222222 ], [ -82.586613916666664, 28.898360638888889 ], [ -82.586118527777771, 28.897898333333334 ], [ -82.585474527777777, 28.897082277777777 ], [ -82.585258305555556, 28.896677861111112 ], [ -82.584946138888881, 28.895922805555553 ], [ -82.584816416666655, 28.89544925 ], [ -82.584723972222221, 28.894732972222222 ], [ -82.58458625, 28.889609 ], [ -82.584449944444444, 28.888471333333332 ], [ -82.584232694444438, 28.887352222222223 ], [ -82.584003305555555, 28.886351694444443 ], [ -82.58357319444444, 28.884988944444444 ], [ -82.58039725, 28.876837722222223 ], [ -82.580128194444441, 28.875763555555555 ] ] } },
{ "type": "Feature", "properties": { "style": "solid", "thickness": 1 }, "geometry": { "type": "LineString", "coordinates": [ [ -82.579628472222225, 28.855112444444448 ], [ -82.579569611111111, 28.851482972222225 ], [ -82.579336944444435, 28.825243972222221 ], [ -82.579266972222214, 28.824404777777776 ], [ -82.578994333333327, 28.823046444444444 ], [ -82.578587972222223, 28.821575361111112 ], [ -82.57698527777778, 28.816193055555555 ], [ -82.576813527777773, 28.815463305555557 ], [ -82.57667425, 28.814395888888889 ], [ -82.576569972222217, 28.81289125 ], [ -82.576453333333333, 28.806148111111114 ], [ -82.576395722222216, 28.798863166666667 ], [ -82.576324888888891, 28.798456472222224 ], [ -82.576239305555546, 28.798211694444447 ], [ -82.575990555555549, 28.797614583333335 ], [ -82.575417055555548, 28.796962333333337 ], [ -82.572840277777772, 28.794634416666668 ], [ -82.5663415, 28.789089222222223 ], [ -82.555647333333326, 28.779741166666664 ], [ -82.555220138888885, 28.779309388888887 ], [ -82.554429388888892, 28.778322472222222 ], [ -82.553970194444446, 28.777558694444444 ], [ -82.55354627777777, 28.776588472222222 ], [ -82.553252333333333, 28.77548625 ], [ -82.553137916666657, 28.774354444444445 ], [ -82.552591083333326, 28.70331075 ], [ -82.552181166666671, 28.65420272222222 ] ] } },
{ "type": "Feature", "properties": { "style": "solid", "thickness": 1 }, "geometry": { "type": "LineString", "coordinates": [ [ -82.552023888888883, 28.637519583333333 ], [ -82.551707111111114, 28.5979185 ], [ -82.551760805555546, 28.596641777777776 ], [ -82.551926861111113, 28.595634777777775 ], [ -82.552172416666664, 28.594528055555553 ], [ -82.552545861111113, 28.593006138888889 ], [ -82.555412777777775, 28.581597916666666 ], [ -82.570290694444438, 28.521773444444442 ], [ -82.570868527777776, 28.519995305555554 ], [ -82.571940611111103, 28.517882861111111 ], [ -82.573249805555548, 28.516072472222223 ], [ -82.574040388888889, 28.515131972222221 ], [ -82.575087916666661, 28.514142222222223 ], [ -82.587532888888887, 28.504130638888888 ], [ -82.588454305555544, 28.503202555555557 ], [ -82.624809, 28.463441944444444 ], [ -82.625703555555546, 28.462339944444444 ], [ -82.62616936111111, 28.461662833333332 ], [ -82.626542, 28.461051444444443 ], [ -82.627488555555544, 28.459225888888888 ], [ -82.649035888888889, 28.415052305555555 ], [ -82.65113225, 28.410687361111108 ], [ -82.6519645, 28.409059777777777 ], [ -82.652635805555562, 28.407818222222222 ], [ -82.653434166666671, 28.406612 ], [ -82.654103333333339, 28.405827444444444 ], [ -82.686200638888891, 28.371469111111111 ] ] } },
{ "type": "Feature", "properties": { "style": "solid", "thickness": 1 }, "geometry": { "type": "LineString", "coordinates": [ [ -82.701428166666673, 28.306771333333334 ], [ -82.717794055555558, 28.279731055555555 ], [ -82.71927083333334, 28.277654277777778 ], [ -82.724607527777778, 28.270787472222221 ], [ -82.726450305555559, 28.268496805555554 ], [ -82.727024277777787, 28.26759225 ], [ -82.727453805555555, 28.266563888888889 ], [ -82.727638083333332, 28.265894916666667 ], [ -82.727807527777784, 28.265098444444444 ], [ -82.727850777777775, 28.264148222222222 ], [ -82.727764416666673, 28.253819055555557 ], [ -82.727755222222228, 28.248686611111111 ], [ -82.727699138888894, 28.244596833333333 ], [ -82.7277115, 28.237702277777778 ], [ -82.72779669444445, 28.237096444444447 ], [ -82.727918222222229, 28.236559472222222 ], [ -82.72811297222222, 28.235883944444446 ], [ -82.728374416666668, 28.235094444444446 ], [ -82.72917841666667, 28.233445805555558 ], [ -82.735841972222218, 28.219985833333332 ], [ -82.7373735, 28.216979916666666 ], [ -82.737896694444444, 28.21587875 ], [ -82.738363777777778, 28.214776416666666 ], [ -82.738673, 28.213881583333333 ], [ -82.7391355, 28.212277416666666 ], [ -82.739303111111113, 28.211469277777777 ], [ -82.739574611111109, 28.20969625 ], [ -82.739628138888889, 28.208545777777775 ], [ -82.739777083333337, 28.20266425 ], [ -82.74004869444444, 28.188051416666667 ], [ -82.74019644444445, 28.182873833333336 ], [ -82.740333805555551, 28.181647027777778 ], [ -82.740431222222227, 28.17921825 ], [ -82.74050994444444, 28.174581444444446 ], [ -82.740370333333331, 28.148809166666666 ], [ -82.740246388888892, 28.142113694444443 ], [ -82.740162416666664, 28.12987125 ], [ -82.740039472222222, 28.121471 ], [ -82.739972361111114, 28.119219138888891 ], [ -82.739724833333341, 28.098938333333333 ], [ -82.739123888888884, 28.077571361111112 ], [ -82.738970944444446, 28.073899277777777 ], [ -82.738879638888889, 28.07034363888889 ], [ -82.73889886111111, 28.065641166666666 ], [ -82.738897361111114, 28.058071555555557 ], [ -82.738857, 28.055079833333334 ], [ -82.738627666666673, 28.050680916666668 ], [ -82.738518138888892, 28.04672591666667 ], [ -82.738318166666673, 28.041805111111113 ], [ -82.73830247222223, 28.039643277777781 ], [ -82.738242138888893, 28.035508472222222 ], [ -82.738178444444443, 28.026489638888886 ], [ -82.738074194444451, 28.018632555555556 ], [ -82.7379405, 28.017639138888889 ], [ -82.737488111111105, 28.016158138888891 ], [ -82.736836111111117, 28.014935722222223 ], [ -82.736318166666663, 28.01426163888889 ], [ -82.735676861111116, 28.013553166666668 ], [ -82.731578666666664, 28.009638944444443 ], [ -82.730713416666674, 28.008542416666668 ], [ -82.729882055555564, 28.00675 ], [ -82.729577055555552, 28.005353055555556 ], [ -82.729550777777774, 28.004730055555555 ], [ -82.729540222222226, 27.999236583333335 ], [ -82.729620638888889, 27.989896333333334 ], [ -82.72975, 27.980056722222219 ], [ -82.72979425, 27.973578944444444 ], [ -82.729902138888889, 27.967924583333332 ], [ -82.729906861111118, 27.965018638888889 ], [ -82.730092138888892, 27.956454527777776 ], [ -82.730492055555558, 27.923794333333333 ], [ -82.730395638888893, 27.922608833333335 ], [ -82.729763111111112, 27.916753388888889 ], [ -82.729621666666674, 27.914453277777778 ] ] } },
{ "type": "Feature", "properties": { "style": "solid", "thickness": 1 }, "geometry": { "type": "LineString", "coordinates": [ [ -81.41535, 28.07516 ], [ -81.416387638888892, 27.97029908333333 ], [ -81.427774333333332, 27.865815722222223 ], [ -81.449423416666676, 27.762507861111111 ], [ -81.47549, 27.67702 ], [ -81.454081861111121, 27.613461555555556 ], [ -81.439008583333333, 27.548454 ], [ -81.430384861111122, 27.482490083333332 ], [ -81.428276333333343, 27.416070694444443 ], [ -81.42837, 27.41156 ] ] } },
{ "type": "Feature", "properties": { "style": "solid", "thickness": 1 }, "geometry": { "type": "LineString", "coordinates": [ [ -82.40734338888889, 27.889018222222223 ], [ -82.405544694444444, 27.886347166666667 ], [ -82.404425361111123, 27.883929638888887 ], [ -82.402947, 27.881051722222221 ], [ -82.401831111111122, 27.879390277777777 ], [ -82.402042138888888, 27.876389666666668 ], [ -82.403372111111111, 27.87466 ], [ -82.403437972222221, 27.872485888888889 ], [ -82.402761166666679, 27.871261888888888 ], [ -82.402282611111119, 27.869975722222222 ], [ -82.402013583333343, 27.867707861111111 ], [ -82.401987305555565, 27.865280138888892 ], [ -82.400447555555559, 27.860567611111112 ], [ -82.402251583333339, 27.860074027777781 ], [ -82.403999805555557, 27.85833 ], [ -82.404062222222223, 27.8568905 ], [ -82.40356233333334, 27.855193444444446 ], [ -82.402094416666671, 27.853779027777779 ], [ -82.398863638888898, 27.854568805555559 ], [ -82.397692333333339, 27.849702944444441 ], [ -82.398002444444458, 27.848539055555555 ], [ -82.397456111111111, 27.8460225 ], [ -82.394228166666679, 27.84091311111111 ], [ -82.393622, 27.838851083333331 ], [ -82.393538416666672, 27.838011805555553 ], [ -82.393990277777789, 27.836798 ], [ -82.395526722222229, 27.835524472222222 ], [ -82.395512305555556, 27.835335138888887 ], [ -82.394546694444458, 27.834089027777775 ], [ -82.396054527777778, 27.828929222222222 ], [ -82.396022638888894, 27.828430805555556 ], [ -82.395247500000011, 27.82434025 ], [ -82.392493277777788, 27.82145125 ], [ -82.392292, 27.821497305555557 ], [ -82.391566722222223, 27.821918027777777 ], [ -82.389925305555565, 27.822022444444443 ], [ -82.387219777777787, 27.821846888888889 ], [ -82.38633744444445, 27.821060861111111 ], [ -82.387075305555555, 27.819459111111112 ], [ -82.39078280555556, 27.818987944444444 ], [ -82.392178277777788, 27.817475805555556 ], [ -82.39453433333334, 27.815776888888891 ], [ -82.394861833333337, 27.814577194444446 ], [ -82.39494425, 27.814238611111112 ], [ -82.398196111111119, 27.814204777777778 ], [ -82.401618166666665, 27.812765722222224 ], [ -82.404624416666678, 27.811957777777778 ], [ -82.408681333333334, 27.811388444444447 ], [ -82.410619583333343, 27.810919472222224 ], [ -82.41128913888889, 27.809837805555556 ], [ -82.412223027777785, 27.80503652777778 ], [ -82.412452027777789, 27.802357305555557 ], [ -82.412225527777778, 27.797054777777781 ], [ -82.41187002777778, 27.793969583333336 ], [ -82.41408361111111, 27.792674055555558 ], [ -82.416643138888901, 27.792479722222225 ], [ -82.417295555555555, 27.793572444444447 ], [ -82.417996611111121, 27.793572111111114 ], [ -82.418664611111112, 27.793206555555557 ], [ -82.419612, 27.792303444444446 ], [ -82.422352, 27.7887215 ], [ -82.423376805555563, 27.78761438888889 ], [ -82.430323638888893, 27.781457361111109 ], [ -82.435152, 27.77626297222222 ], [ -82.435127694444446, 27.775155416666667 ], [ -82.430029888888896, 27.771096388888889 ], [ -82.432712194444449, 27.768880472222222 ], [ -82.432759638888896, 27.768231027777777 ], [ -82.431997777777781, 27.76713072222222 ], [ -82.432900027777777, 27.765655916666667 ], [ -82.440590583333332, 27.760829916666665 ], [ -82.44389425, 27.759578027777778 ], [ -82.44705025, 27.757089638888889 ], [ -82.455740361111111, 27.754003777777779 ], [ -82.4579215, 27.752061666666666 ], [ -82.46346375, 27.750875861111112 ], [ -82.466352666666666, 27.749853861111113 ], [ -82.467923361111119, 27.749045638888891 ], [ -82.473808361111111, 27.748886583333334 ], [ -82.479354944444452, 27.746791972222223 ], [ -82.48006766666667, 27.745724361111112 ], [ -82.481557194444449, 27.743192972222221 ], [ -82.481542222222231, 27.742578527777777 ], [ -82.478871972222223, 27.738865416666666 ], [ -82.477562222222218, 27.736488277777777 ], [ -82.476329416666673, 27.732102055555554 ], [ -82.47745047222223, 27.72739958333333 ], [ -82.478734888888894, 27.72567308333333 ], [ -82.476942611111113, 27.724957361111109 ], [ -82.476189583333337, 27.724333388888887 ], [ -82.481282833333339, 27.72122525 ], [ -82.48247225, 27.71981233333333 ], [ -82.48567113888889, 27.719532277777777 ], [ -82.492664083333338, 27.719449916666665 ], [ -82.494334611111114, 27.719179277777776 ], [ -82.495610277777786, 27.7181925 ], [ -82.498258166666673, 27.715826722222221 ], [ -82.500495916666665, 27.714559944444442 ], [ -82.502058166666671, 27.712764166666666 ], [ -82.505534138888891, 27.711413194444443 ], [ -82.50795458333333, 27.709752194444444 ], [ -82.508207777777784, 27.708750027777779 ], [ -82.507685527777781, 27.708314277777777 ], [ -82.50782519444445, 27.707835472222222 ], [ -82.508553972222217, 27.707553305555553 ], [ -82.511325083333332, 27.707701583333332 ], [ -82.512816444444439, 27.70675525 ], [ -82.515178416666672, 27.703707138888888 ], [ -82.51649888888889, 27.700691916666667 ], [ -82.516630611111111, 27.698503694444444 ], [ -82.515821777777774, 27.697476055555555 ], [ -82.51567375, 27.696691166666668 ], [ -82.51606430555556, 27.696180361111111 ], [ -82.518278166666661, 27.6958695 ], [ -82.51970225, 27.694494777777777 ], [ -82.521418472222223, 27.6918885 ], [ -82.522165, 27.689895861111111 ], [ -82.523654666666673, 27.688590583333333 ], [ -82.523771277777783, 27.68688375 ], [ -82.523266833333338, 27.685569888888889 ], [ -82.524551361111108, 27.68477575 ], [ -82.527238166666663, 27.685097277777778 ], [ -82.528556, 27.684654694444443 ], [ -82.529379277777778, 27.683543305555556 ], [ -82.530608166666667, 27.682005805555558 ], [ -82.531036861111104, 27.680311111111113 ], [ -82.531899138888889, 27.67893491666667 ], [ -82.533684555555553, 27.677437555555557 ], [ -82.534938611111116, 27.676281555555558 ], [ -82.5358785, 27.674963 ], [ -82.537230083333327, 27.672744472222224 ], [ -82.537865472222222, 27.670917055555556 ], [ -82.540331833333326, 27.66755075 ], [ -82.542310916666665, 27.664452777777775 ], [ -82.543997638888882, 27.661316111111109 ], [ -82.547239138888884, 27.656732888888886 ], [ -82.549291583333329, 27.653463777777777 ], [ -82.550924611111114, 27.649945777777777 ], [ -82.552088138888891, 27.647801916666666 ], [ -82.552559083333335, 27.647303194444444 ], [ -82.555498361111106, 27.643027777777778 ], [ -82.558249388888882, 27.642984694444444 ], [ -82.558412222222216, 27.64264725 ], [ -82.558363638888892, 27.641968972222223 ], [ -82.557659166666667, 27.64124225 ], [ -82.557640944444444, 27.640171 ], [ -82.5586165, 27.638846972222222 ], [ -82.560636833333334, 27.638768138888889 ], [ -82.561216111111108, 27.638611 ], [ -82.562981, 27.638446305555554 ], [ -82.563351888888889, 27.635182833333332 ], [ -82.558741694444436, 27.635090555555553 ], [ -82.558679611111103, 27.632982583333334 ], [ -82.5627135, 27.632932805555555 ], [ -82.563594944444446, 27.63269286111111 ], [ -82.563737583333335, 27.631382333333335 ], [ -82.562985055555558, 27.626805194444444 ], [ -82.564344277777778, 27.626697305555556 ], [ -82.56458025, 27.627603333333333 ], [ -82.565126166666658, 27.628111861111112 ], [ -82.566118972222213, 27.62753875 ], [ -82.566609472222225, 27.626525027777777 ], [ -82.566529, 27.62420725 ], [ -82.565039611111104, 27.623473305555557 ], [ -82.56483175, 27.621332833333334 ], [ -82.564990027777782, 27.6194965 ], [ -82.565273555555549, 27.617869361111111 ], [ -82.566214194444441, 27.615037972222222 ], [ -82.568244722222218, 27.612725555555556 ], [ -82.569175277777774, 27.610976472222223 ], [ -82.570213083333329, 27.609648777777778 ], [ -82.57036925, 27.608925694444444 ], [ -82.570334555555547, 27.608596444444444 ], [ -82.570046527777777, 27.608541055555555 ], [ -82.568469944444445, 27.609909166666668 ], [ -82.567919638888881, 27.611131638888889 ], [ -82.567229083333331, 27.611377777777779 ], [ -82.566149833333327, 27.611002388888892 ], [ -82.56545058333333, 27.61023488888889 ], [ -82.564647055555554, 27.609203722222222 ], [ -82.564217638888891, 27.609200055555558 ], [ -82.559923527777769, 27.609455194444447 ] ] } },
{ "type": "Feature", "properties": { "style": "solid", "thickness": 1 }, "geometry": { "type": "LineString", "coordinates": [ [ -82.594137583333335, 27.421771833333334 ], [ -82.592986444444435, 27.420942638888889 ], [ -82.5912985, 27.419558222222225 ], [ -82.589927083333322, 27.418235583333335 ], [ -82.588862583333324, 27.41700075 ], [ -82.587826861111111, 27.417230444444446 ], [ -82.587336611111112, 27.417520277777779 ], [ -82.586398138888882, 27.417412222222225 ], [ -82.584321361111108, 27.417529944444446 ], [ -82.582499055555559, 27.416846305555556 ], [ -82.581853527777767, 27.416389833333334 ], [ -82.58126375, 27.416571 ], [ -82.579792472222223, 27.41656147222222 ], [ -82.579734305555547, 27.41643922222222 ], [ -82.580682333333328, 27.415316166666667 ], [ -82.5809473611111, 27.414779722222221 ], [ -82.580911388888879, 27.414235833333333 ], [ -82.580647472222225, 27.413999333333333 ], [ -82.580046666666661, 27.413569305555555 ], [ -82.579160333333334, 27.413558277777778 ], [ -82.578980222222214, 27.41262422222222 ], [ -82.579030305555548, 27.411158888888888 ], [ -82.578115444444435, 27.409371138888886 ], [ -82.577184305555548, 27.408733861111109 ], [ -82.576557305555554, 27.408384333333331 ], [ -82.575281444444443, 27.407199166666665 ], [ -82.57410727777777, 27.4062085 ], [ -82.572668638888885, 27.404120111111109 ], [ -82.57110044444444, 27.401698416666665 ], [ -82.570244, 27.39977836111111 ], [ -82.568112305555559, 27.393820722222223 ], [ -82.568323333333325, 27.392938444444443 ], [ -82.568284222222218, 27.392852555555557 ], [ -82.568043222222215, 27.392794472222221 ], [ -82.567551444444447, 27.392144305555554 ], [ -82.566996, 27.390748916666666 ], [ -82.56565744444444, 27.38653861111111 ], [ -82.564532027777773, 27.382312472222221 ], [ -82.56427025, 27.380390166666668 ], [ -82.564299277777778, 27.379645388888889 ], [ -82.565240222222215, 27.379444638888888 ], [ -82.565927027777775, 27.379128 ], [ -82.566525361111104, 27.378642694444444 ], [ -82.566637722222225, 27.377405083333333 ], [ -82.566613527777776, 27.376410611111112 ], [ -82.566540916666668, 27.376064722222221 ], [ -82.566177861111115, 27.37552425 ], [ -82.565693805555554, 27.375091861111112 ], [ -82.564701472222225, 27.374659472222223 ], [ -82.563539722222217, 27.374443277777779 ], [ -82.562934638888891, 27.373448777777778 ], [ -82.558650666666665, 27.368281555555555 ], [ -82.55836022222222, 27.367632916666668 ], [ -82.558324, 27.366171972222222 ], [ -82.55762175, 27.36617575 ], [ -82.557138222222221, 27.36535675 ], [ -82.556708111111107, 27.365333583333335 ], [ -82.55574575, 27.363302694444446 ], [ -82.55508452777778, 27.359222722222224 ], [ -82.554610277777769, 27.358283861111111 ], [ -82.55384125, 27.357523194444447 ], [ -82.55265825, 27.355046111111111 ], [ -82.552350861111108, 27.353046666666668 ], [ -82.551994777777779, 27.352345944444444 ], [ -82.550530944444446, 27.34980475 ], [ -82.550022611111103, 27.349924444444444 ], [ -82.549729361111105, 27.349491472222223 ], [ -82.549685888888888, 27.348927694444445 ], [ -82.549216666666666, 27.348004777777778 ], [ -82.549143083333334, 27.347207611111109 ], [ -82.549483055555555, 27.346524333333331 ], [ -82.549721194444444, 27.344951916666666 ], [ -82.550778055555554, 27.344641055555556 ], [ -82.551048944444446, 27.342258444444443 ], [ -82.55106413888889, 27.338609 ], [ -82.550342444444439, 27.338585666666667 ], [ -82.550320722222224, 27.337963888888886 ], [ -82.55172813888889, 27.336213944444442 ], [ -82.553996111111104, 27.334900861111109 ], [ -82.554718277777781, 27.334064638888886 ], [ -82.553997027777768, 27.333634833333331 ], [ -82.552737055555554, 27.334820472222223 ], [ -82.551750805555557, 27.33492475 ], [ -82.551197305555547, 27.334802527777775 ], [ -82.551275277777776, 27.332494833333332 ], [ -82.551117777777776, 27.332003361111109 ], [ -82.550720555555557, 27.331641444444443 ], [ -82.549404722222221, 27.331389833333333 ], [ -82.549068638888883, 27.332416472222221 ], [ -82.549105111111103, 27.335424611111112 ], [ -82.548850777777773, 27.335574527777776 ], [ -82.548125222222225, 27.335505027777778 ], [ -82.54799052777777, 27.335300333333333 ], [ -82.546713333333329, 27.33480061111111 ], [ -82.547603222222222, 27.334199666666667 ], [ -82.547911222222226, 27.333664027777775 ], [ -82.547871583333333, 27.333197694444443 ], [ -82.546943277777771, 27.331900444444443 ], [ -82.545903583333327, 27.330893277777779 ], [ -82.545025138888889, 27.330592222222222 ], [ -82.544265444444449, 27.330779805555554 ], [ -82.543382833333325, 27.331645333333334 ], [ -82.543236361111113, 27.33205363888889 ], [ -82.542734833333327, 27.332016111111113 ], [ -82.542399666666668, 27.331824111111111 ], [ -82.54167275, 27.330552194444444 ], [ -82.54163475, 27.329923638888889 ], [ -82.540836388888891, 27.328125777777778 ], [ -82.541279611111108, 27.324292777777778 ], [ -82.541771194444436, 27.324297194444444 ], [ -82.54199075, 27.3241205 ], [ -82.542002833333328, 27.322547333333333 ], [ -82.542870694444446, 27.322351333333334 ], [ -82.543519444444442, 27.321425805555556 ], [ -82.543669194444448, 27.32077386111111 ], [ -82.543863611111107, 27.31935438888889 ], [ -82.54427725, 27.318534666666668 ], [ -82.544343222222224, 27.318159972222222 ], [ -82.544993694444443, 27.317369777777778 ], [ -82.545291611111111, 27.316852055555554 ], [ -82.545251888888885, 27.316562888888889 ], [ -82.544956444444438, 27.316256083333332 ], [ -82.543973305555554, 27.316165611111114 ], [ -82.543383472222217, 27.316279111111111 ], [ -82.542016416666669, 27.316823166666666 ], [ -82.540906777777778, 27.316418083333335 ], [ -82.539847305555554, 27.31576477777778 ], [ -82.539735861111112, 27.314119111111111 ], [ -82.53957644444445, 27.312895 ], [ -82.539006611111105, 27.311762666666667 ], [ -82.539225, 27.310195416666666 ], [ -82.539802833333326, 27.30812102777778 ], [ -82.540490222222218, 27.306021583333333 ], [ -82.54026863888889, 27.305290388888888 ], [ -82.540431444444437, 27.303666666666668 ], [ -82.541045194444436, 27.303086972222221 ], [ -82.542963138888894, 27.303125611111113 ], [ -82.542937055555555, 27.302179138888889 ], [ -82.54222019444444, 27.301711694444446 ], [ -82.542245333333327, 27.301074416666669 ], [ -82.542815944444442, 27.300810833333333 ], [ -82.543082777777769, 27.3009495 ], [ -82.54348, 27.300993666666667 ], [ -82.54382013888889, 27.300859 ], [ -82.544038777777772, 27.300359 ], [ -82.543691194444449, 27.299543861111111 ], [ -82.543220861111109, 27.299001055555557 ], [ -82.541435972222217, 27.298807583333335 ], [ -82.540974888888883, 27.298722111111111 ], [ -82.540510972222222, 27.298213722222226 ], [ -82.540452916666666, 27.297863416666669 ], [ -82.540060638888889, 27.297576444444445 ], [ -82.539968, 27.297358444444445 ], [ -82.539865611111111, 27.296548166666668 ], [ -82.540613444444446, 27.296460944444448 ], [ -82.540636027777779, 27.296335861111114 ], [ -82.540150527777783, 27.294365277777779 ], [ -82.540239916666664, 27.294033 ], [ -82.541203222222222, 27.29373277777778 ], [ -82.541444972222223, 27.2935385 ], [ -82.541476972222213, 27.292247361111112 ], [ -82.541048777777775, 27.291552722222225 ], [ -82.540995222222222, 27.291452194444446 ], [ -82.540529111111113, 27.291380222222223 ], [ -82.540534777777779, 27.290332138888889 ], [ -82.540803527777783, 27.29029502777778 ], [ -82.54103213888888, 27.291005833333337 ], [ -82.541466666666665, 27.291244444444445 ], [ -82.542157694444441, 27.29124516666667 ], [ -82.542910722222217, 27.291026055555559 ], [ -82.54294725, 27.290776166666667 ], [ -82.542850416666667, 27.290386722222223 ], [ -82.541495055555558, 27.289478 ], [ -82.540931472222226, 27.289188805555558 ], [ -82.540515027777772, 27.288528416666669 ], [ -82.54069825, 27.285922611111111 ], [ -82.540529083333325, 27.284114055555555 ], [ -82.540808666666663, 27.282149694444442 ], [ -82.540250833333332, 27.28109511111111 ], [ -82.54050344444444, 27.2793995 ], [ -82.540020666666663, 27.278559666666666 ], [ -82.540402388888893, 27.278278833333331 ], [ -82.541731472222224, 27.278130694444442 ], [ -82.542170416666664, 27.277941083333332 ], [ -82.542670111111107, 27.277438472222222 ], [ -82.543407777777773, 27.277484333333334 ], [ -82.543570388888881, 27.277426138888888 ], [ -82.5435655, 27.2770665 ], [ -82.543160111111106, 27.275232083333332 ], [ -82.542752111111113, 27.273859527777777 ], [ -82.542271277777772, 27.272532083333331 ], [ -82.542320361111109, 27.271953611111112 ], [ -82.542050444444442, 27.271584083333334 ], [ -82.540579083333327, 27.2711705 ], [ -82.538988333333336, 27.271262638888889 ], [ -82.537745027777774, 27.271655944444444 ], [ -82.5354895, 27.271846083333333 ], [ -82.533914277777782, 27.272326416666665 ], [ -82.532775833333332, 27.272816333333331 ], [ -82.532082277777775, 27.273304777777778 ], [ -82.531610833333332, 27.273395166666667 ], [ -82.530795722222223, 27.27309288888889 ], [ -82.530816111111108, 27.272831611111108 ], [ -82.531757305555558, 27.272523833333331 ], [ -82.532263972222225, 27.272008388888889 ], [ -82.532852583333337, 27.271836305555556 ], [ -82.533588277777781, 27.271398027777778 ], [ -82.534299666666669, 27.271110972222221 ], [ -82.5355275, 27.2710805 ], [ -82.536637944444436, 27.271211861111109 ], [ -82.540436, 27.270872555555556 ], [ -82.541435444444446, 27.270996 ], [ -82.541548444444444, 27.27083725 ], [ -82.541466666666665, 27.270318527777778 ], [ -82.539952722222225, 27.268771333333333 ], [ -82.538476361111108, 27.267852722222223 ], [ -82.537757583333331, 27.267423305555553 ], [ -82.536376444444443, 27.266799833333334 ], [ -82.535824694444443, 27.26619486111111 ], [ -82.53499025, 27.264326833333332 ], [ -82.535573888888891, 27.264101083333333 ], [ -82.535561666666666, 27.263406083333333 ], [ -82.536328583333329, 27.263122111111112 ], [ -82.535723916666669, 27.262027888888888 ], [ -82.536332027777775, 27.261725138888888 ], [ -82.535525388888885, 27.260451805555554 ], [ -82.535040055555555, 27.260578805555557 ], [ -82.53396825, 27.260048694444443 ], [ -82.53276666666666, 27.26022775 ], [ -82.531806416666669, 27.259866611111111 ], [ -82.53121213888889, 27.259744555555557 ], [ -82.531088694444449, 27.259395527777777 ], [ -82.531366305555551, 27.258744194444443 ], [ -82.53137325, 27.258620722222222 ], [ -82.53101780555555, 27.258522222222222 ], [ -82.531642833333336, 27.256608555555555 ], [ -82.531497611111106, 27.255634638888889 ], [ -82.530930166666664, 27.254260333333335 ], [ -82.529848972222226, 27.253626722222222 ], [ -82.528649027777774, 27.253749666666668 ], [ -82.5281275, 27.254049527777777 ], [ -82.526463333333339, 27.253167333333334 ], [ -82.524769138888885, 27.252215 ], [ -82.522201166666662, 27.250232666666665 ], [ -82.521736138888883, 27.249599805555558 ], [ -82.520279638888894, 27.249044833333333 ], [ -82.519911777777779, 27.248668194444445 ], [ -82.519783277777776, 27.248254166666669 ], [ -82.518933611111109, 27.247037138888889 ], [ -82.518281194444441, 27.246227416666667 ], [ -82.517432361111105, 27.245431388888889 ], [ -82.517402611111109, 27.245096222222223 ], [ -82.518662055555552, 27.244129055555558 ], [ -82.519373944444439, 27.2441555 ], [ -82.519719, 27.244026722222223 ], [ -82.519984694444446, 27.243682722222225 ], [ -82.519940527777777, 27.243258694444446 ], [ -82.519803694444448, 27.242994083333333 ], [ -82.51923855555556, 27.242732972222225 ], [ -82.517541111111115, 27.243512722222224 ], [ -82.517364611111105, 27.243883194444447 ], [ -82.51703913888889, 27.2442275 ], [ -82.516519388888895, 27.244466222222222 ], [ -82.515981055555557, 27.243938055555557 ], [ -82.51568566666667, 27.243423861111111 ], [ -82.515375944444443, 27.242704805555558 ], [ -82.514658694444449, 27.241307333333335 ], [ -82.513661916666663, 27.23989175 ], [ -82.512843583333336, 27.239148888888892 ], [ -82.512225888888892, 27.238679611111113 ], [ -82.512048888888884, 27.23867652777778 ], [ -82.510692055555552, 27.239778694444446 ], [ -82.510334611111105, 27.239667555555556 ], [ -82.510142972222226, 27.239463222222223 ], [ -82.50973425, 27.238545694444447 ], [ -82.50875275, 27.238449305555555 ], [ -82.508422777777781, 27.237890111111113 ], [ -82.507985805555549, 27.23766875 ], [ -82.507896055555562, 27.236637111111111 ], [ -82.508404222222225, 27.23555961111111 ], [ -82.508376138888892, 27.235415333333336 ], [ -82.50690075, 27.23426175 ], [ -82.505544361111106, 27.233521222222222 ], [ -82.505034861111113, 27.232647555555555 ], [ -82.5049635, 27.231843555555553 ], [ -82.504891972222225, 27.230480416666666 ], [ -82.505015361111106, 27.229777222222221 ], [ -82.504935555555562, 27.228918888888888 ], [ -82.50552016666667, 27.228769555555555 ], [ -82.505855, 27.228412416666664 ], [ -82.50584111111111, 27.2282395 ], [ -82.50563291666667, 27.228153055555556 ], [ -82.504512027777778, 27.228069694444443 ], [ -82.502810972222221, 27.2276025 ], [ -82.502313, 27.227494416666666 ], [ -82.501962305555551, 27.226669666666666 ], [ -82.502659138888887, 27.226516416666666 ], [ -82.502883833333328, 27.226311083333332 ], [ -82.503107833333331, 27.22522525 ], [ -82.502709666666661, 27.223412944444444 ], [ -82.50256125, 27.222275166666666 ], [ -82.5029985, 27.222069805555552 ], [ -82.50304644444445, 27.2218775 ], [ -82.50242775, 27.220544333333333 ], [ -82.50177475, 27.218930805555555 ], [ -82.501188527777771, 27.216734166666665 ], [ -82.500918277777771, 27.216277555555553 ], [ -82.500074138888891, 27.216137055555556 ], [ -82.499630833333327, 27.215807416666667 ], [ -82.49950575, 27.215442194444442 ], [ -82.499639833333333, 27.214080666666668 ], [ -82.499808638888894, 27.212646944444444 ], [ -82.499401055555552, 27.210099555555555 ], [ -82.499401944444443, 27.20899625 ], [ -82.499024111111112, 27.207548472222221 ], [ -82.498451527777775, 27.206869055555554 ], [ -82.49896969444444, 27.205110222222221 ], [ -82.498912694444442, 27.204499277777778 ], [ -82.499251527777773, 27.204183972222221 ], [ -82.499820527777786, 27.203924916666665 ], [ -82.500018833333328, 27.203954916666667 ], [ -82.500463111111117, 27.204406305555555 ], [ -82.50087558333334, 27.204494555555556 ], [ -82.501075861111104, 27.204316305555555 ], [ -82.501069861111105, 27.204060416666668 ], [ -82.500431361111112, 27.20359275 ], [ -82.49923758333334, 27.20345863888889 ], [ -82.497581666666662, 27.203522833333334 ], [ -82.496883305555556, 27.202631833333331 ], [ -82.495719888888885, 27.2019165 ], [ -82.49469055555555, 27.200933055555556 ], [ -82.493689833333335, 27.19802838888889 ], [ -82.49313475, 27.195936916666668 ], [ -82.492957777777775, 27.193531888888888 ], [ -82.493394361111115, 27.193000972222222 ], [ -82.493561583333332, 27.192731944444446 ], [ -82.493457472222218, 27.192521916666667 ], [ -82.492692472222217, 27.192394638888889 ], [ -82.491505916666668, 27.191524694444446 ], [ -82.491409694444442, 27.191073638888888 ], [ -82.491576194444448, 27.190276861111112 ], [ -82.491276583333331, 27.188799777777778 ], [ -82.490915166666667, 27.186130583333334 ], [ -82.491725527777774, 27.184525888888889 ], [ -82.4917045, 27.183316805555556 ], [ -82.491584333333336, 27.182009444444446 ], [ -82.492683916666664, 27.180125638888889 ], [ -82.492531222222226, 27.179719638888891 ], [ -82.492225222222217, 27.179370361111111 ], [ -82.491756055555555, 27.17865075 ], [ -82.491388222222227, 27.17758813888889 ], [ -82.492073583333337, 27.176961055555555 ], [ -82.492083833333339, 27.176763222222224 ], [ -82.491208, 27.176264611111112 ], [ -82.4898695, 27.175720944444446 ], [ -82.48959175, 27.175544972222223 ], [ -82.489152888888896, 27.17479675 ], [ -82.489238166666667, 27.174475472222223 ], [ -82.489754, 27.174011611111112 ], [ -82.489748055555552, 27.173757416666668 ], [ -82.489597694444441, 27.173618055555558 ], [ -82.488691972222227, 27.173800305555556 ], [ -82.48799125, 27.17318075 ], [ -82.487363472222228, 27.171473444444445 ], [ -82.486067333333338, 27.167579833333335 ], [ -82.485875388888886, 27.166498805555555 ], [ -82.48506030555555, 27.164451916666664 ], [ -82.484183222222228, 27.163040444444444 ], [ -82.48312133333333, 27.162061083333331 ], [ -82.48278125, 27.161826277777777 ], [ -82.481526833333334, 27.161518555555553 ], [ -82.480528166666673, 27.1599925 ], [ -82.479855333333333, 27.158812055555554 ], [ -82.478503027777776, 27.156909833333334 ], [ -82.477757472222223, 27.155389722222221 ], [ -82.47647830555556, 27.1548615 ], [ -82.475170472222217, 27.153914527777776 ], [ -82.475056166666675, 27.152452722222222 ], [ -82.47448997222223, 27.1514785 ], [ -82.473896555555555, 27.151027416666665 ], [ -82.472248638888885, 27.150028055555556 ], [ -82.471666305555559, 27.149242472222223 ], [ -82.471294111111106, 27.147450194444446 ], [ -82.470887888888896, 27.144714472222223 ], [ -82.470823027777783, 27.143608055555553 ], [ -82.470416138888893, 27.142856444444444 ], [ -82.469517361111116, 27.142542805555554 ] ] } },
{ "type": "Feature", "properties": { "style": "solid", "thickness": 1 }, "geometry": { "type": "LineString", "coordinates": [ [ -82.468711194444452, 27.138819944444442 ], [ -82.468596861111109, 27.137139666666666 ], [ -82.468791194444449, 27.136735305555554 ], [ -82.468513472222227, 27.134949805555554 ], [ -82.468892638888889, 27.133564111111109 ], [ -82.469457416666671, 27.131764777777779 ], [ -82.469460083333331, 27.129678805555557 ], [ -82.468803916666673, 27.128449638888888 ], [ -82.468682916666666, 27.127539583333334 ], [ -82.469045944444446, 27.1263695 ], [ -82.468469305555558, 27.122731555555557 ], [ -82.466980583333338, 27.122039277777777 ], [ -82.466529444444447, 27.1217395 ], [ -82.465962916666669, 27.120797111111113 ], [ -82.465831055555554, 27.119876111111111 ], [ -82.46572, 27.119458888888889 ], [ -82.465366027777776, 27.119332166666666 ], [ -82.46471866666667, 27.119572722222223 ], [ -82.464171722222218, 27.120088472222221 ], [ -82.464063277777782, 27.121060222222223 ], [ -82.46355525, 27.121673444444443 ], [ -82.46407836111112, 27.122916861111111 ], [ -82.464347083333337, 27.124190722222224 ], [ -82.463902888888896, 27.125748333333334 ], [ -82.463111916666676, 27.125883166666668 ], [ -82.462233944444449, 27.125679194444444 ], [ -82.462111527777779, 27.125337722222223 ], [ -82.462545305555565, 27.124892694444444 ], [ -82.462923416666669, 27.124238388888891 ], [ -82.462947222222226, 27.124008805555555 ], [ -82.462861944444441, 27.12381102777778 ], [ -82.461829555555553, 27.123204694444446 ], [ -82.461516444444442, 27.12314688888889 ], [ -82.461136638888888, 27.122910166666667 ], [ -82.461134472222227, 27.12252613888889 ], [ -82.461425944444443, 27.121977166666667 ], [ -82.46205338888889, 27.121123194444444 ], [ -82.462163361111109, 27.11903975 ], [ -82.462745027777785, 27.118148166666668 ], [ -82.463164583333338, 27.11698675 ], [ -82.463512611111113, 27.116196444444444 ], [ -82.463530638888898, 27.1150065 ], [ -82.463228722222226, 27.114314166666666 ], [ -82.461948194444446, 27.113869083333334 ], [ -82.46153525, 27.114060722222224 ], [ -82.461292333333333, 27.114821055555556 ], [ -82.460574833333339, 27.115188111111113 ], [ -82.458616861111111, 27.115787583333336 ], [ -82.45735369444445, 27.115951388888892 ], [ -82.456670055555563, 27.1157505 ], [ -82.456735138888888, 27.116466388888892 ], [ -82.454778777777776, 27.117993194444445 ], [ -82.453655305555557, 27.118393416666667 ], [ -82.451923972222218, 27.120421388888889 ], [ -82.452270111111119, 27.12108125 ], [ -82.450675722222229, 27.121689055555557 ], [ -82.450312666666676, 27.122815861111111 ], [ -82.450295027777784, 27.123685361111111 ], [ -82.450527055555554, 27.124218694444444 ], [ -82.450203944444453, 27.124913055555556 ], [ -82.45002225, 27.125091055555558 ], [ -82.449745444444446, 27.125250666666666 ], [ -82.449370666666667, 27.125312472222223 ], [ -82.449141611111116, 27.125803861111113 ], [ -82.44915838888889, 27.126292527777778 ], [ -82.448501805555566, 27.126697388888889 ], [ -82.446502944444447, 27.127318555555554 ], [ -82.446502527777781, 27.127896388888889 ], [ -82.446259611111117, 27.128301222222223 ], [ -82.446038638888894, 27.128578833333332 ], [ -82.445538944444451, 27.128544833333333 ], [ -82.444827527777775, 27.128529388888889 ], [ -82.444352111111115, 27.128275972222223 ], [ -82.444128444444445, 27.127915583333333 ], [ -82.44360838888889, 27.127517916666669 ], [ -82.44275975, 27.127449916666666 ], [ -82.441042861111114, 27.127712916666667 ], [ -82.440424222222219, 27.127659555555557 ], [ -82.440389083333343, 27.127418361111111 ], [ -82.440627194444446, 27.127239638888888 ], [ -82.441616972222221, 27.12711375 ], [ -82.442476972222224, 27.12650525 ], [ -82.443578527777788, 27.126304166666667 ], [ -82.4443385, 27.126399972222224 ], [ -82.445004777777783, 27.12637213888889 ], [ -82.447258916666669, 27.125544305555557 ], [ -82.447446305555559, 27.1246975 ], [ -82.448320805555554, 27.124073222222222 ], [ -82.448436194444454, 27.12308175 ], [ -82.449441361111113, 27.121017305555554 ], [ -82.450373611111118, 27.120947333333334 ], [ -82.450503944444449, 27.120763444444446 ], [ -82.450399833333336, 27.12042963888889 ], [ -82.449424722222233, 27.11990425 ], [ -82.449716638888887, 27.118778472222221 ], [ -82.450106833333336, 27.118285333333333 ], [ -82.450502444444453, 27.118195694444445 ], [ -82.450943138888888, 27.118535666666666 ], [ -82.451345694444441, 27.118331694444446 ], [ -82.451363055555561, 27.118087527777778 ], [ -82.451052888888896, 27.11765463888889 ], [ -82.451025138888895, 27.117085944444444 ], [ -82.452590694444453, 27.115456194444445 ], [ -82.45341205555556, 27.114412861111113 ], [ -82.453627222222224, 27.11374525 ], [ -82.454185916666674, 27.113399083333334 ], [ -82.45508125, 27.113139444444446 ], [ -82.455806805555554, 27.11317275 ], [ -82.457100916666676, 27.114097611111113 ], [ -82.457287444444447, 27.114017055555557 ], [ -82.457349888888885, 27.113813055555557 ], [ -82.456997888888893, 27.112537888888891 ], [ -82.457430583333334, 27.111053722222223 ], [ -82.45715644444445, 27.11042627777778 ], [ -82.45667408333334, 27.110321166666669 ], [ -82.456198666666666, 27.110868277777779 ], [ -82.4554595, 27.110868277777779 ], [ -82.455126361111112, 27.111013527777779 ], [ -82.454650944444452, 27.112175694444446 ], [ -82.452418361111114, 27.113167333333333 ], [ -82.448606472222224, 27.113813861111112 ], [ -82.447627055555557, 27.113021333333336 ], [ -82.447291722222232, 27.11254688888889 ], [ -82.448062111111113, 27.110546722222225 ], [ -82.447886, 27.109616361111112 ], [ -82.447570222222225, 27.108660694444445 ], [ -82.447850388888895, 27.107923277777779 ], [ -82.44825908333334, 27.107357361111113 ], [ -82.44808175, 27.107029166666667 ], [ -82.445611361111119, 27.105289305555559 ], [ -82.445444805555553, 27.104399083333334 ], [ -82.44423975, 27.103605333333334 ], [ -82.44435475, 27.103061305555556 ], [ -82.445889916666673, 27.104000611111111 ], [ -82.448620138888899, 27.104648444444447 ], [ -82.448816638888886, 27.106231055555558 ], [ -82.448566805555558, 27.10671325 ], [ -82.44906375, 27.107211777777778 ], [ -82.450825888888886, 27.108029666666667 ], [ -82.454358777777784, 27.108744694444447 ], [ -82.455580305555557, 27.107656472222224 ], [ -82.456297305555552, 27.10736291666667 ], [ -82.457350111111111, 27.107004083333333 ], [ -82.458527833333335, 27.106897638888892 ], [ -82.459197583333335, 27.107046 ], [ -82.460259472222219, 27.10785275 ], [ -82.460842472222225, 27.10814638888889 ], [ -82.461041111111115, 27.108465083333336 ], [ -82.461083444444441, 27.109116722222225 ], [ -82.460292222222222, 27.109852361111113 ], [ -82.460274138888892, 27.11039825 ], [ -82.460535888888899, 27.110852166666668 ], [ -82.460728694444441, 27.111452472222222 ], [ -82.46062805555556, 27.112349583333334 ], [ -82.460869361111108, 27.112790638888889 ], [ -82.461278833333338, 27.1129405 ], [ -82.4629325, 27.112108416666668 ], [ -82.464493611111109, 27.112056305555559 ], [ -82.464983416666669, 27.111855472222224 ], [ -82.465538638888887, 27.112324777777779 ], [ -82.467686638888893, 27.1126345 ], [ -82.468178305555554, 27.112516333333335 ], [ -82.46812947222223, 27.112407138888891 ], [ -82.467849861111119, 27.112373583333333 ], [ -82.465531416666664, 27.111123194444446 ], [ -82.464785611111111, 27.109599861111114 ], [ -82.463052888888896, 27.104881277777778 ], [ -82.46133175, 27.10083077777778 ], [ -82.4597695, 27.095668972222221 ], [ -82.455530944444448, 27.08534075 ], [ -82.453426111111114, 27.079950916666668 ], [ -82.452899916666667, 27.078603444444443 ], [ -82.452090916666663, 27.07623086111111 ], [ -82.451039444444447, 27.072435611111111 ], [ -82.447603111111121, 27.064786722222223 ], [ -82.445196944444447, 27.060606361111113 ], [ -82.442814111111119, 27.056200333333333 ], [ -82.441332333333335, 27.054326527777778 ], [ -82.43986875, 27.052215944444445 ], [ -82.438751305555556, 27.050782194444444 ], [ -82.431444194444452, 27.0399275 ], [ -82.415068277777777, 27.013422277777778 ], [ -82.411193527777783, 27.006660194444443 ], [ -82.408093722222233, 27.001615777777779 ], [ -82.40646225, 26.998398944444446 ], [ -82.405442555555567, 26.995766888888891 ], [ -82.403199277777787, 26.991964972222224 ], [ -82.400548138888894, 26.98622525 ], [ -82.396591805555559, 26.979059333333332 ], [ -82.3941853888889, 26.975768694444444 ], [ -82.392431555555561, 26.97291675 ], [ -82.389250194444458, 26.968748388888887 ], [ -82.386395111111113, 26.963994777777778 ], [ -82.384804388888895, 26.962129833333332 ], [ -82.382296, 26.95845475 ], [ -82.380236277777769, 26.955309805555554 ], [ -82.37909425, 26.953975 ], [ -82.376116805555554, 26.949330472222222 ], [ -82.369386972222216, 26.937444027777779 ], [ -82.36710288888888, 26.933640083333334 ], [ -82.364512861111109, 26.929177583333335 ], [ -82.361861722222216, 26.925007583333336 ], [ -82.359149388888881, 26.920489888888891 ], [ -82.354989222222216, 26.91319175 ], [ -82.351073666666665, 26.907704083333332 ], [ -82.347973777777767, 26.903716166666666 ], [ -82.34363005555555, 26.898667138888889 ], [ -82.341643833333322, 26.897716361111112 ], [ -82.339843277777774, 26.896000694444442 ], [ -82.339734916666657, 26.8947155 ], [ -82.339898083333324, 26.893251916666667 ], [ -82.339848583333335, 26.891876777777778 ], [ -82.33939313888888, 26.890348444444445 ], [ -82.338304361111113, 26.887456583333332 ], [ -82.336332944444436, 26.885946166666667 ], [ -82.332392444444437, 26.88321363888889 ], [ -82.329007583333336, 26.879844055555555 ], [ -82.326081444444441, 26.876272805555555 ], [ -82.324480638888886, 26.874626 ], [ -82.32072825, 26.86902663888889 ], [ -82.315793027777772, 26.861889805555556 ], [ -82.304984527777776, 26.847724555555555 ], [ -82.295154888888888, 26.83428972222222 ], [ -82.288832916666664, 26.825173611111111 ], [ -82.28507025, 26.818720472222221 ], [ -82.283901833333331, 26.817014555555556 ], [ -82.281735027777771, 26.815271055555556 ], [ -82.281227388888894, 26.815446083333335 ], [ -82.281014472222225, 26.816170916666668 ], [ -82.27976375, 26.817014555555556 ], [ -82.278033972222218, 26.817359138888889 ], [ -82.276410666666663, 26.817371027777778 ], [ -82.275798611111114, 26.818107722222223 ], [ -82.275399444444446, 26.818333472222221 ], [ -82.273935805555553, 26.818321583333333 ], [ -82.273177361111109, 26.817881944444444 ], [ -82.274980305555559, 26.812802222222224 ], [ -82.275898416666664, 26.811162416666669 ], [ -82.276523777777783, 26.809843416666666 ], [ -82.276257666666666, 26.808833361111112 ], [ -82.276507555555554, 26.80818163888889 ], [ -82.279650638888882, 26.810568277777779 ], [ -82.280409083333339, 26.811031694444445 ], [ -82.281790833333332, 26.810886277777779 ], [ -82.282367361111113, 26.810603916666668 ], [ -82.284336138888889, 26.809707 ], [ -82.284920638888892, 26.808957194444446 ], [ -82.284312222222226, 26.806671 ], [ -82.28129366666667, 26.800452777777778 ], [ -82.278853055555558, 26.798773222222223 ], [ -82.277256777777779, 26.797068527777778 ], [ -82.274046388888891, 26.792695055555559 ], [ -82.273528666666664, 26.791849555555558 ], [ -82.271949388888885, 26.788757111111114 ], [ -82.269172916666662, 26.780852805555554 ], [ -82.267871027777772, 26.775444916666665 ], [ -82.266301722222224, 26.76637061111111 ], [ -82.2659805, 26.762764472222223 ], [ -82.264752638888893, 26.753091027777778 ], [ -82.264598416666672, 26.746685222222222 ], [ -82.264570833333337, 26.74148675 ], [ -82.264392388888893, 26.737303027777777 ], [ -82.26429425, 26.733656111111113 ], [ -82.264249638888884, 26.725880777777775 ], [ -82.264132138888883, 26.722099305555552 ], [ -82.264309111111118, 26.720385638888889 ], [ -82.262502444444451, 26.71868536111111 ], [ -82.26119525, 26.716757111111111 ], [ -82.26005625, 26.717159111111108 ], [ -82.258782777777782, 26.718229444444443 ], [ -82.258634, 26.719739722222222 ], [ -82.258789305555553, 26.721439888888888 ], [ -82.259806416666663, 26.725912944444442 ], [ -82.260234694444449, 26.730850722222222 ], [ -82.258664388888889, 26.733479833333334 ], [ -82.256665833333329, 26.735788277777779 ], [ -82.254738666666668, 26.744188027777778 ], [ -82.25381075, 26.75079197222222 ], [ -82.25381075, 26.75406175 ], [ -82.254952777777774, 26.756882638888889 ], [ -82.255719611111118, 26.757897111111109 ], [ -82.256597805555558, 26.759192944444443 ], [ -82.256166194444447, 26.76098563888889 ], [ -82.25590588888889, 26.762628611111111 ], [ -82.253910027777778, 26.764685194444443 ], [ -82.252672583333336, 26.765339027777777 ], [ -82.25094283333334, 26.765386555555555 ], [ -82.250570277777783, 26.764899166666666 ], [ -82.250556972222228, 26.763555861111112 ], [ -82.249479194444447, 26.763020916666665 ], [ -82.249001611111112, 26.763456944444446 ], [ -82.248560611111117, 26.766259027777778 ], [ -82.247803138888884, 26.768443777777776 ], [ -82.248350583333334, 26.769163805555554 ], [ -82.251282611111108, 26.7705495 ], [ -82.251792027777782, 26.771759 ], [ -82.252567083333332, 26.774445416666666 ], [ -82.252863833333336, 26.774884194444443 ], [ -82.2569185, 26.777892333333334 ], [ -82.262457472222223, 26.780697638888888 ], [ -82.263635777777779, 26.78225336111111 ], [ -82.264380916666667, 26.785710388888891 ], [ -82.265080527777783, 26.7876295 ], [ -82.267148722222217, 26.79021377777778 ], [ -82.267437638888893, 26.791144222222226 ], [ -82.267300777777777, 26.791993138888891 ], [ -82.265973527777774, 26.793029833333335 ], [ -82.265630305555561, 26.793608055555556 ], [ -82.26590916666666, 26.794086361111113 ], [ -82.26758544444445, 26.795783666666669 ], [ -82.268470666666673, 26.796430027777781 ], [ -82.269755638888881, 26.796314583333334 ], [ -82.270972166666667, 26.795241583333336 ], [ -82.271755305555558, 26.795655861111111 ], [ -82.272622083333331, 26.797027638888892 ], [ -82.272993222222226, 26.7993145 ], [ -82.27190213888889, 26.801375833333335 ], [ -82.272085722222215, 26.801651361111112 ], [ -82.273381805555559, 26.8020765 ], [ -82.274777583333332, 26.803138972222222 ], [ -82.266416277777779, 26.828806333333333 ], [ -82.265917916666666, 26.828904888888889 ], [ -82.265682222222225, 26.829753527777779 ], [ -82.266008083333332, 26.83000788888889 ], [ -82.265860361111109, 26.830527722222222 ], [ -82.265512777777772, 26.830876888888888 ], [ -82.265204305555557, 26.831012666666666 ], [ -82.264200666666667, 26.83023288888889 ], [ -82.263110138888891, 26.829728555555555 ], [ -82.262426638888883, 26.829762527777778 ], [ -82.261387166666665, 26.82974175 ], [ -82.26074875, 26.82954213888889 ], [ -82.25959675, 26.829675138888888 ], [ -82.259266555555556, 26.829431305555556 ], [ -82.259061222222229, 26.828616305555556 ], [ -82.257684472222223, 26.826825583333331 ], [ -82.257521555555556, 26.825022527777776 ], [ -82.256211611111112, 26.824427972222221 ], [ -82.255391527777775, 26.822876583333333 ], [ -82.255676916666673, 26.8215485 ], [ -82.255581333333339, 26.820601833333335 ], [ -82.254611583333329, 26.819215027777776 ], [ -82.25404536111111, 26.818792111111112 ], [ -82.252436555555562, 26.81878325 ], [ -82.2511865, 26.819885111111113 ], [ -82.250708861111107, 26.821672194444446 ], [ -82.24985683333334, 26.822582277777776 ], [ -82.24912725, 26.822985111111112 ], [ -82.24862325, 26.823120916666667 ], [ -82.248414777777782, 26.823100666666665 ], [ -82.248271333333335, 26.822950194444445 ], [ -82.248271388888895, 26.822510944444446 ], [ -82.247658777777772, 26.821603083333333 ], [ -82.247406777777783, 26.821447888888887 ], [ -82.2460295, 26.821595333333335 ], [ -82.245629777777779, 26.821886305555555 ], [ -82.245282194444442, 26.822580777777777 ], [ -82.245729722222222, 26.82287175 ], [ -82.246488611111118, 26.824234611111113 ], [ -82.24602619444444, 26.824800416666665 ], [ -82.246047944444442, 26.825227166666668 ], [ -82.245987111111106, 26.826138888888888 ], [ -82.245145944444445, 26.826412666666666 ], [ -82.243786027777773, 26.82670361111111 ], [ -82.243661666666668, 26.82732 ], [ -82.243235861111117, 26.828208416666666 ], [ -82.2423245, 26.828616916666668 ], [ -82.241440055555557, 26.828900111111111 ], [ -82.240581444444445, 26.828807 ], [ -82.240004111111105, 26.827877138888887 ], [ -82.23835419444444, 26.826986055555555 ], [ -82.237901805555552, 26.8257385 ], [ -82.238207833333334, 26.825049388888889 ], [ -82.238686861111105, 26.82456225 ], [ -82.239128111111114, 26.824485638888888 ], [ -82.240518444444447, 26.82551375 ], [ -82.24074547222223, 26.82547925 ], [ -82.241075666666674, 26.824877916666665 ], [ -82.242548527777785, 26.824505472222221 ], [ -82.243063388888885, 26.823554944444446 ], [ -82.244889555555559, 26.821612194444445 ], [ -82.245735833333327, 26.821418333333334 ], [ -82.246224916666662, 26.821005333333332 ], [ -82.245492583333331, 26.819613194444443 ], [ -82.245535083333337, 26.817695722222222 ], [ -82.24577625, 26.815982222222225 ], [ -82.24665094444444, 26.814870611111111 ], [ -82.248121222222224, 26.813875694444445 ], [ -82.249120527777777, 26.812917333333335 ], [ -82.249044722222223, 26.81252813888889 ], [ -82.245386527777782, 26.809119583333334 ], [ -82.24400380555555, 26.80811475 ], [ -82.240086083333338, 26.806797416666669 ], [ -82.239792805555552, 26.806559166666666 ], [ -82.239789555555561, 26.80618627777778 ], [ -82.242002111111105, 26.804828166666667 ], [ -82.242043944444447, 26.804051916666669 ], [ -82.241542111111116, 26.80375313888889 ], [ -82.238596833333332, 26.803752888888891 ], [ -82.237471527777785, 26.802817694444446 ], [ -82.236736, 26.802395722222222 ], [ -82.23596805555556, 26.802912666666668 ], [ -82.230898555555555, 26.804635805555556 ], [ -82.230201083333341, 26.805217 ], [ -82.230448722222221, 26.806474194444444 ], [ -82.230257027777782, 26.806837972222223 ], [ -82.22920125, 26.807132888888891 ], [ -82.228297527777784, 26.807606277777779 ], [ -82.225686333333329, 26.808090333333332 ], [ -82.224454388888887, 26.80928586111111 ], [ -82.223190333333335, 26.809547305555558 ], [ -82.222293138888887, 26.80839125 ], [ -82.219360444444447, 26.80650277777778 ], [ -82.219442972222225, 26.806169083333334 ], [ -82.220581305555555, 26.805843138888889 ], [ -82.2210375, 26.805796555555556 ], [ -82.221063583333333, 26.805524944444446 ], [ -82.219951333333341, 26.8052805 ], [ -82.218565333333331, 26.805792694444445 ], [ -82.218169111111109, 26.806854027777778 ], [ -82.216889861111113, 26.807364527777779 ], [ -82.215040361111107, 26.807994333333333 ], [ -82.213017888888885, 26.808125027777777 ], [ -82.2112615, 26.807530888888891 ], [ -82.208919694444447, 26.806199944444444 ], [ -82.208736388888894, 26.805510722222223 ], [ -82.209610777777783, 26.804498916666667 ], [ -82.210690444444452, 26.803792694444446 ], [ -82.213611083333333, 26.802844972222221 ], [ -82.217425416666671, 26.80213652777778 ], [ -82.219507916666672, 26.799223361111114 ], [ -82.220564777777781, 26.798231888888889 ], [ -82.221705277777787, 26.79796702777778 ], [ -82.223613694444452, 26.798585027777779 ], [ -82.224684972222221, 26.798537166666669 ], [ -82.228620166666673, 26.795750277777781 ], [ -82.230254611111107, 26.793140055555558 ], [ -82.229320222222228, 26.790695166666669 ], [ -82.22910136111112, 26.790336666666668 ], [ -82.227884833333334, 26.789976722222224 ], [ -82.225946, 26.790200833333333 ], [ -82.224520361111118, 26.789078527777779 ], [ -82.223733416666676, 26.78564027777778 ], [ -82.223908305555554, 26.784562083333334 ], [ -82.225226833333338, 26.782739722222221 ], [ -82.225837611111118, 26.782134138888889 ], [ -82.2265725, 26.78196336111111 ], [ -82.22739925, 26.782063166666667 ], [ -82.227801444444452, 26.781744361111109 ], [ -82.227890833333333, 26.780641138888889 ], [ -82.2275335, 26.779398194444443 ], [ -82.226806416666662, 26.778623888888887 ], [ -82.22335594444445, 26.77657138888889 ], [ -82.222676222222219, 26.775721527777776 ], [ -82.221050944444443, 26.7744015 ], [ -82.220811972222222, 26.773471916666665 ], [ -82.220349527777785, 26.770745916666666 ], [ -82.220275666666666, 26.769686027777777 ], [ -82.219840111111111, 26.768791333333333 ], [ -82.216905222222223, 26.768587555555555 ], [ -82.2154625, 26.768769666666667 ], [ -82.212938194444448, 26.769401388888888 ], [ -82.211438166666667, 26.77004875 ], [ -82.21089075, 26.770211777777778 ], [ -82.209159083333333, 26.77011025 ], [ -82.208229027777776, 26.769961916666666 ], [ -82.206872944444441, 26.769374583333331 ], [ -82.206235333333339, 26.768734138888888 ], [ -82.205959166666673, 26.767618416666664 ], [ -82.206517888888897, 26.765559972222221 ], [ -82.206477111111113, 26.765175361111112 ], [ -82.204885833333336, 26.764695916666668 ], [ -82.203912583333334, 26.765327638888888 ], [ -82.203433583333336, 26.765911833333334 ], [ -82.203499666666673, 26.768380583333332 ], [ -82.2033365, 26.770083916666664 ], [ -82.20166425, 26.77094475 ], [ -82.200317, 26.772394361111111 ], [ -82.197230055555565, 26.773571166666667 ], [ -82.19455558333334, 26.774106083333333 ], [ -82.192879055555565, 26.774213055555556 ], [ -82.190257805555561, 26.773357194444444 ], [ -82.189108638888897, 26.773277083333333 ], [ -82.18763361111111, 26.773779722222223 ], [ -82.1869265, 26.773487638888888 ], [ -82.18662236111112, 26.773181972222222 ], [ -82.185770805555563, 26.772448388888886 ], [ -82.1855275, 26.772400833333332 ], [ -82.184463027777781, 26.772910277777775 ], [ -82.183849027777782, 26.773566416666664 ], [ -82.18282861111112, 26.773865861111108 ], [ -82.18055322222223, 26.774023611111112 ], [ -82.176107611111121, 26.773398 ], [ -82.174222833333332, 26.771992722222222 ], [ -82.172945472222224, 26.771529111111111 ], [ -82.172027388888893, 26.77150536111111 ], [ -82.170041277777784, 26.775714194444443 ], [ -82.167177194444449, 26.778543166666665 ], [ -82.167025611111114, 26.779854611111109 ], [ -82.166246222222227, 26.781199138888887 ], [ -82.162374027777787, 26.781267611111112 ], [ -82.161453277777781, 26.78163411111111 ], [ -82.159730861111115, 26.78324375 ], [ -82.157799611111116, 26.783332027777778 ], [ -82.154702083333333, 26.783892666666667 ], [ -82.152647027777789, 26.783923722222223 ], [ -82.150922138888888, 26.784284638888892 ], [ -82.150703277777779, 26.784455166666667 ], [ -82.150623444444449, 26.785239611111113 ], [ -82.149182861111115, 26.787311555555558 ], [ -82.148031916666667, 26.790192972222226 ], [ -82.148003444444456, 26.796058722222224 ], [ -82.157600083333335, 26.85772013888889 ], [ -82.172253, 26.897734055555556 ], [ -82.182837777777777, 26.924045083333336 ], [ -82.183076333333332, 26.926069916666666 ], [ -82.18303475, 26.929775305555555 ], [ -82.183420611111117, 26.934107916666665 ], [ -82.18377405555556, 26.936227416666668 ], [ -82.186409666666677, 26.937222277777778 ], [ -82.187903194444445, 26.938112722222222 ], [ -82.188762361111117, 26.938940194444445 ], [ -82.190308916666666, 26.941215055555556 ], [ -82.19081669444445, 26.942040611111111 ], [ -82.192601555555555, 26.942966416666668 ], [ -82.19509736111111, 26.943476361111113 ], [ -82.198944638888889, 26.945151555555555 ], [ -82.20071125, 26.945771416666666 ], [ -82.203697222222232, 26.948140944444443 ], [ -82.205379555555552, 26.950065694444444 ], [ -82.207082444444453, 26.951857666666665 ], [ -82.209071611111113, 26.954027861111111 ], [ -82.210092638888895, 26.95437275 ], [ -82.211335222222232, 26.953938722222222 ], [ -82.212293055555563, 26.953942222222221 ], [ -82.213057111111112, 26.954505722222223 ], [ -82.21258875, 26.956895194444442 ], [ -82.211875, 26.960168083333333 ], [ -82.211605833333337, 26.961267361111112 ], [ -82.210261916666667, 26.962168694444443 ], [ -82.209276555555562, 26.96212775 ], [ -82.20843711111111, 26.962390138888889 ], [ -82.205824055555553, 26.962944972222221 ], [ -82.203829805555557, 26.963231722222222 ], [ -82.203095555555564, 26.963274333333331 ], [ -82.201797722222224, 26.962951972222221 ], [ -82.19870425, 26.963416972222223 ], [ -82.195368638888894, 26.964430916666664 ], [ -82.192613, 26.965615777777778 ], [ -82.189445361111112, 26.966909805555552 ], [ -82.188702777777777, 26.967364361111109 ], [ -82.188538166666675, 26.967708666666667 ], [ -82.189591472222233, 26.968858805555556 ], [ -82.190325194444455, 26.970606527777775 ], [ -82.19041436111111, 26.9715465 ], [ -82.190224277777787, 26.97383111111111 ], [ -82.190226138888889, 26.97559136111111 ], [ -82.190399611111118, 26.976014666666664 ], [ -82.19037975, 26.976238277777774 ], [ -82.189555472222224, 26.976840472222221 ], [ -82.188809416666672, 26.978330972222221 ], [ -82.189404666666675, 26.97898961111111 ], [ -82.189171944444453, 26.98031875 ], [ -82.188312055555556, 26.980981944444444 ], [ -82.187565472222232, 26.981509611111111 ], [ -82.1865835, 26.981697638888889 ], [ -82.186081666666666, 26.980484 ], [ -82.185906805555561, 26.978883916666664 ], [ -82.186269638888888, 26.97765125 ], [ -82.186011611111113, 26.976979972222221 ], [ -82.185716166666666, 26.976596416666666 ], [ -82.184835805555565, 26.975850305555554 ], [ -82.184275333333332, 26.974106805555554 ], [ -82.184354027777786, 26.973688388888888 ], [ -82.184376166666667, 26.973365416666667 ], [ -82.184235694444453, 26.973113638888886 ], [ -82.184159083333341, 26.97308961111111 ], [ -82.184133555555562, 26.973161722222219 ], [ -82.184238555555552, 26.973459027777775 ], [ -82.1841465, 26.973815194444441 ], [ -82.183698555555566, 26.974193305555556 ], [ -82.182729583333341, 26.974264138888888 ], [ -82.181585472222224, 26.974179277777775 ], [ -82.181005333333331, 26.974618472222222 ], [ -82.180761333333336, 26.97472475 ], [ -82.180551361111114, 26.974683 ], [ -82.180483138888889, 26.974597722222221 ], [ -82.180259694444445, 26.974407305555555 ], [ -82.179522333333338, 26.97416597222222 ], [ -82.179349472222228, 26.973885777777777 ], [ -82.179473611111121, 26.973766222222221 ], [ -82.180054583333344, 26.973655527777776 ], [ -82.180364611111116, 26.973342222222222 ], [ -82.180387027777783, 26.972945527777775 ], [ -82.179550111111112, 26.970682055555553 ], [ -82.179225416666668, 26.97019908333333 ], [ -82.178871861111119, 26.96999397222222 ], [ -82.178453138888898, 26.970067361111109 ], [ -82.177520638888893, 26.969808 ], [ -82.177481527777786, 26.96959875 ], [ -82.17815933333334, 26.969091166666665 ], [ -82.17895441666667, 26.969083416666663 ], [ -82.179590805555563, 26.968887361111108 ], [ -82.180603138888898, 26.968712027777777 ], [ -82.18134175, 26.968347805555553 ], [ -82.18221505555556, 26.968336194444444 ], [ -82.183101361111113, 26.968952277777777 ], [ -82.1834055, 26.968929027777776 ], [ -82.183527166666664, 26.968681027777777 ], [ -82.182516583333339, 26.966303888888888 ], [ -82.182735722222233, 26.96492397222222 ], [ -82.18262275, 26.96424975 ], [ -82.182142138888892, 26.963833027777778 ], [ -82.181728166666673, 26.963703444444445 ], [ -82.18155194444445, 26.963425611111109 ], [ -82.18158019444445, 26.962737138888887 ], [ -82.181081583333338, 26.962575 ], [ -82.18070675, 26.961682888888888 ], [ -82.180840666666668, 26.961412194444442 ], [ -82.181610305555566, 26.961186333333334 ], [ -82.182307944444446, 26.961378972222221 ], [ -82.183039416666674, 26.961670111111111 ], [ -82.183357222222227, 26.962035777777778 ], [ -82.183424472222228, 26.96199975 ], [ -82.183336416666677, 26.96163375 ], [ -82.181706222222232, 26.959136555555556 ], [ -82.181106, 26.958140527777775 ], [ -82.18068675, 26.956459694444444 ], [ -82.180910055555557, 26.95479511111111 ], [ -82.1808055, 26.953336166666666 ], [ -82.180447972222225, 26.95231311111111 ], [ -82.180054777777784, 26.951888277777776 ], [ -82.177904083333331, 26.95052436111111 ], [ -82.176731888888895, 26.949655194444446 ], [ -82.175473333333343, 26.948640138888891 ], [ -82.173340194444449, 26.946227722222222 ], [ -82.173503333333343, 26.942606972222222 ], [ -82.170281166666669, 26.940887972222221 ], [ -82.168201027777783, 26.939095805555556 ], [ -82.167181361111119, 26.937084166666668 ], [ -82.167181361111119, 26.936096611111111 ], [ -82.166365638888891, 26.93441411111111 ], [ -82.162776388888901, 26.932877888888889 ], [ -82.160737027777785, 26.931743972222222 ], [ -82.156943861111117, 26.92830563888889 ], [ -82.155964972222222, 26.927683805555557 ], [ -82.155271611111118, 26.926220638888889 ], [ -82.153884861111123, 26.924903777777779 ], [ -82.149643, 26.925269583333336 ], [ -82.146747138888898, 26.924720888888888 ], [ -82.14531961111112, 26.924757444444445 ], [ -82.144096, 26.9243185 ], [ -82.142627666666669, 26.924172166666668 ], [ -82.141363277777785, 26.9243185 ], [ -82.140629111111124, 26.924903777777779 ], [ -82.137721305555559, 26.927518472222225 ], [ -82.135722750000014, 26.92892675 ], [ -82.132439388888884, 26.93411163888889 ], [ -82.1262296111111, 26.940128333333334 ], [ -82.124944805555543, 26.944672666666666 ], [ -82.12237525, 26.94684875 ], [ -82.11766436111111, 26.949280805555556 ], [ -82.116308194444443, 26.950304805555554 ], [ -82.115132555555547, 26.951427444444445 ], [ -82.115106472222223, 26.951780111111109 ], [ -82.115841861111107, 26.953158055555555 ], [ -82.11719525, 26.954511722222222 ], [ -82.117700888888876, 26.957039638888887 ], [ -82.118312972222213, 26.95833325 ], [ -82.117908805555544, 26.961032416666665 ], [ -82.116121388888885, 26.96198175 ], [ -82.114989972222219, 26.962305333333333 ], [ -82.112435972222215, 26.961737388888888 ], [ -82.107992833333327, 26.961239305555555 ], [ -82.105877138888886, 26.96097822222222 ], [ -82.104173916666667, 26.96030175 ], [ -82.101509305555552, 26.959032972222222 ], [ -82.101330083333323, 26.95882522222222 ], [ -82.101235583333334, 26.958368361111109 ], [ -82.10093902777777, 26.956293166666665 ], [ -82.100049305555544, 26.954149444444443 ], [ -82.099344083333335, 26.95357975 ], [ -82.095533277777776, 26.954211694444442 ], [ -82.094690361111105, 26.95473486111111 ], [ -82.093660611111105, 26.954583722222221 ], [ -82.092531194444433, 26.956190777777778 ], [ -82.08740575, 26.958722777777776 ], [ -82.08366475, 26.959075416666664 ], [ -82.080976555555551, 26.958592555555555 ], [ -82.080413972222217, 26.958650972222223 ], [ -82.079644916666666, 26.959209 ], [ -82.0747221111111, 26.957484527777776 ], [ -82.06923580555555, 26.955674277777778 ], [ -82.0658475, 26.95439013888889 ], [ -82.063775861111111, 26.953143444444443 ], [ -82.061753277777768, 26.951612416666666 ], [ -82.060560472222221, 26.94899025 ], [ -82.056958111111115, 26.940592277777778 ], [ -82.055842388888891, 26.938158972222222 ], [ -82.054656222222221, 26.936524277777778 ], [ -82.055479805555549, 26.935800638888889 ], [ -82.054930916666663, 26.935179972222222 ], [ -82.059408388888883, 26.931492861111114 ], [ -82.059791805555548, 26.93167575 ], [ -82.060197138888881, 26.931417722222225 ], [ -82.059580666666662, 26.93073852777778 ], [ -82.062326666666664, 26.92868413888889 ], [ -82.064210138888882, 26.930430944444446 ], [ -82.065578777777773, 26.929337861111112 ], [ -82.064235916666661, 26.927715388888892 ], [ -82.064577555555559, 26.926911055555557 ], [ -82.066005666666669, 26.92629477777778 ], [ -82.069468583333332, 26.925430361111111 ], [ -82.070759305555555, 26.925467194444444 ], [ -82.070762305555547, 26.926179472222223 ], [ -82.0742225, 26.926080138888889 ], [ -82.079178194444438, 26.92539075 ], [ -82.079193388888882, 26.92680852777778 ], [ -82.085451194444445, 26.927649694444444 ], [ -82.087089305555551, 26.927134861111114 ], [ -82.087096916666667, 26.9257985 ], [ -82.089356055555555, 26.923962277777779 ], [ -82.09146225, 26.922451194444445 ], [ -82.093021, 26.920756916666669 ], [ -82.095304472222224, 26.917780444444446 ], [ -82.096516777777779, 26.915563305555555 ], [ -82.096997166666668, 26.914073305555554 ], [ -82.096873083333335, 26.912730472222222 ], [ -82.096351666666664, 26.910974027777776 ], [ -82.095921527777776, 26.909985444444445 ], [ -82.095274138888882, 26.909248833333333 ], [ -82.09493061111111, 26.908965666666667 ], [ -82.095223083333323, 26.908545 ], [ -82.095623333333322, 26.908130416666665 ], [ -82.095548361111113, 26.90565472222222 ], [ -82.094236805555553, 26.901564666666665 ], [ -82.093137222222211, 26.896846416666666 ], [ -82.092466055555548, 26.892729555555555 ], [ -82.088325111111104, 26.888783472222222 ], [ -82.081288972222225, 26.885682888888887 ], [ -82.077188944444444, 26.884236972222222 ], [ -82.0712045, 26.883405027777776 ], [ -82.06656425, 26.882055194444444 ], [ -82.060536222222225, 26.879882722222224 ], [ -82.060159166666665, 26.876136805555557 ], [ -82.05840788888888, 26.871280277777778 ], [ -82.055736527777782, 26.867573222222223 ], [ -82.058149583333332, 26.862549277777781 ], [ -82.059629333333334, 26.851348972222222 ], [ -82.058908111111108, 26.843726305555553 ], [ -82.060854305555551, 26.837298027777777 ], [ -82.061161361111104, 26.831740222222223 ], [ -82.061254944444443, 26.821462083333333 ], [ -82.060031888888886, 26.815015333333335 ], [ -82.060204444444437, 26.81030525 ], [ -82.057049222222219, 26.805368916666666 ], [ -82.053949333333335, 26.803143611111111 ], [ -82.0541365, 26.800782472222224 ], [ -82.056865194444441, 26.797667916666668 ], [ -82.062976361111112, 26.796366944444447 ], [ -82.063240888888885, 26.795308666666667 ], [ -82.062171388888885, 26.789648611111112 ], [ -82.061909027777773, 26.7868655 ], [ -82.062457166666661, 26.78527725 ], [ -82.062400305555556, 26.784331444444447 ], [ -82.061132777777772, 26.780009138888889 ], [ -82.061622833333331, 26.775272027777778 ], [ -82.061141777777777, 26.769240888888888 ], [ -82.062030777777778, 26.764579861111113 ], [ -82.062809972222226, 26.760052833333333 ], [ -82.064892138888879, 26.751984055555557 ], [ -82.066108694444438, 26.74702963888889 ], [ -82.0671995, 26.745152055555558 ], [ -82.067363277777773, 26.742058 ], [ -82.068882305555547, 26.7375685 ], [ -82.069837333333325, 26.73493102777778 ], [ -82.072337277777777, 26.728790055555553 ], [ -82.07901225, 26.719944638888887 ], [ -82.080385888888884, 26.717659444444443 ], [ -82.081294944444437, 26.714774472222221 ], [ -82.082509583333334, 26.712364138888887 ], [ -82.08349172222222, 26.70755736111111 ], [ -82.083257055555549, 26.705742555555556 ], [ -82.083554972222217, 26.702454055555556 ], [ -82.083906388888877, 26.700173194444442 ], [ -82.083318638888883, 26.699058777777779 ], [ -82.08337975, 26.698423694444443 ], [ -82.08506083333333, 26.696612527777777 ], [ -82.08590641666666, 26.694571861111111 ], [ -82.085606305555544, 26.691681055555556 ], [ -82.084231222222215, 26.691415666666668 ], [ -82.084105138888887, 26.69063513888889 ], [ -82.085244805555547, 26.689597611111111 ], [ -82.0864985, 26.688027916666666 ], [ -82.086470333333324, 26.687506305555555 ], [ -82.085692222222221, 26.686175472222221 ], [ -82.086450694444437, 26.685298805555554 ], [ -82.08888808333333, 26.683806888888888 ], [ -82.089475833333324, 26.682165111111111 ], [ -82.089851527777768, 26.677568833333336 ], [ -82.091282, 26.67393502777778 ], [ -82.091389305555552, 26.669680472222222 ], [ -82.09040675, 26.666117833333331 ], [ -82.088474472222217, 26.66410736111111 ], [ -82.088203277777779, 26.66295075 ], [ -82.08730513888888, 26.661883861111111 ], [ -82.086394805555557, 26.660234722222221 ], [ -82.083683138888887, 26.65925122222222 ], [ -82.082493333333332, 26.658211111111111 ], [ -82.080688555555554, 26.65510275 ], [ -82.081125305555545, 26.653485 ], [ -82.0809811111111, 26.6530785 ], [ -82.077623166666669, 26.650282138888887 ], [ -82.074048, 26.648628777777777 ], [ -82.072082305555554, 26.647500611111109 ], [ -82.070762611111107, 26.643484277777777 ], [ -82.069738972222225, 26.642903527777776 ], [ -82.066619222222215, 26.6406445 ], [ -82.065374027777779, 26.640200361111109 ], [ -82.06493858333333, 26.637187166666667 ], [ -82.065258777777771, 26.63600236111111 ], [ -82.067264083333328, 26.633957611111111 ], [ -82.0674245, 26.633527138888887 ], [ -82.0669165, 26.63316838888889 ], [ -82.064602611111113, 26.63510872222222 ], [ -82.064236388888887, 26.634345111111109 ], [ -82.063371083333337, 26.633274916666668 ], [ -82.062080055555555, 26.63269411111111 ], [ -82.061468916666669, 26.631143 ], [ -82.059955861111106, 26.629428722222222 ], [ -82.058725944444447, 26.627754555555555 ], [ -82.057740472222221, 26.626941388888888 ], [ -82.057594833333326, 26.625215944444445 ], [ -82.05597341666666, 26.623616472222224 ], [ -82.054382527777776, 26.622683694444444 ], [ -82.054315694444441, 26.621715 ], [ -82.054003194444448, 26.619658805555556 ], [ -82.052385583333333, 26.616860305555555 ], [ -82.051917666666668, 26.615747638888891 ], [ -82.049213361111114, 26.615364944444448 ], [ -82.048907805555558, 26.6144355 ], [ -82.049136, 26.61306313888889 ], [ -82.046941138888883, 26.609163361111111 ], [ -82.04682125, 26.6077445 ], [ -82.046233027777774, 26.60689016666667 ], [ -82.046592083333337, 26.605687277777779 ], [ -82.047520722222217, 26.604538194444444 ], [ -82.04787977777778, 26.6036155 ], [ -82.047760416666662, 26.60295125 ], [ -82.046020555555558, 26.601980694444446 ], [ -82.04564625, 26.600856361111113 ], [ -82.046087416666666, 26.599767888888888 ], [ -82.047199833333337, 26.598552694444443 ], [ -82.046673666666663, 26.596949027777775 ], [ -82.04849125, 26.593917583333333 ], [ -82.047249361111113, 26.58952711111111 ], [ -82.04692277777778, 26.585889638888887 ], [ -82.047419333333337, 26.583647472222221 ], [ -82.048645916666658, 26.581884638888887 ], [ -82.05139225, 26.577518 ], [ -82.052533916666661, 26.572871611111111 ], [ -82.053528722222225, 26.571831 ], [ -82.054964916666663, 26.57111313888889 ], [ -82.059572472222214, 26.571901083333334 ], [ -82.060927722222218, 26.570688944444445 ], [ -82.061957111111113, 26.568547305555555 ], [ -82.063813527777768, 26.566794527777777 ], [ -82.063996861111107, 26.566329611111112 ], [ -82.06151225, 26.56184002777778 ], [ -82.060450388888881, 26.561443472222223 ], [ -82.058582666666666, 26.557932166666667 ], [ -82.056665194444435, 26.5541625 ], [ -82.056586555555555, 26.55064638888889 ], [ -82.0579705, 26.548978222222225 ], [ -82.057871194444445, 26.548595305555558 ], [ -82.05667141666666, 26.547769055555555 ], [ -82.056144305555549, 26.547775888888889 ], [ -82.054991166666667, 26.548109805555558 ], [ -82.054124527777773, 26.547497305555556 ], [ -82.053674916666665, 26.546008527777779 ], [ -82.053474111111115, 26.545637305555559 ], [ -82.052242416666658, 26.544673555555558 ], [ -82.051295138888889, 26.544092277777779 ], [ -82.050586583333327, 26.541816805555555 ], [ -82.048424666666662, 26.540852583333336 ], [ -82.045842611111112, 26.540137944444446 ], [ -82.044284194444444, 26.538961722222226 ], [ -82.0430405, 26.536701611111113 ], [ -82.042941583333331, 26.53556713888889 ], [ -82.043726138888886, 26.534759805555556 ], [ -82.043815888888886, 26.534090027777779 ], [ -82.043411, 26.53298211111111 ], [ -82.042736833333336, 26.53270511111111 ], [ -82.04098744444444, 26.532554666666666 ], [ -82.038898111111109, 26.530990222222222 ], [ -82.038817888888886, 26.529338583333331 ], [ -82.040581527777775, 26.525486305555553 ], [ -82.04039819444445, 26.525326055555556 ], [ -82.037639333333331, 26.525838055555553 ], [ -82.035250888888882, 26.526350333333333 ], [ -82.031683361111106, 26.527540388888887 ], [ -82.028062333333338, 26.529414333333332 ], [ -82.025383333333338, 26.530191 ], [ -82.021425722222219, 26.52947075 ], [ -82.019732888888882, 26.528965138888889 ], [ -82.01676502777778, 26.529144666666667 ], [ -82.013304194444444, 26.530625777777775 ], [ -82.01212775, 26.532480861111111 ], [ -82.010924555555562, 26.53328275 ], [ -82.006527083333339, 26.533485444444445 ], [ -82.00531052777778, 26.534239444444445 ], [ -82.005414611111107, 26.535307222222222 ], [ -82.006277833333328, 26.535915888888891 ], [ -82.006621611111115, 26.536763888888892 ], [ -82.006113194444438, 26.537256833333334 ], [ -82.005149361111108, 26.53754838888889 ], [ -82.00397944444444, 26.537134166666668 ], [ -82.003201333333337, 26.537114388888892 ], [ -82.001149277777785, 26.537490666666667 ], [ -81.999045472222221, 26.537359277777778 ], [ -81.998931972222223, 26.53743741666667 ], [ -81.999298666666661, 26.538824694444447 ], [ -81.998805388888883, 26.53905525 ], [ -81.997111638888896, 26.53894975 ], [ -81.995683138888893, 26.539038305555557 ], [ -81.995135, 26.538392055555558 ], [ -81.994987944444446, 26.536824277777779 ], [ -81.996089444444451, 26.534667472222225 ], [ -81.997197138888893, 26.533744222222225 ], [ -81.998213166666673, 26.533484361111114 ], [ -81.998877777777778, 26.533908361111113 ], [ -81.999088722222226, 26.534286444444447 ], [ -81.999275611111116, 26.534247777777779 ], [ -81.999487, 26.534058694444447 ], [ -81.999326555555555, 26.533149111111111 ], [ -81.997945416666667, 26.532062972222221 ], [ -81.997437388888883, 26.530279694444445 ], [ -81.998176027777774, 26.527550833333333 ], [ -82.000116388888884, 26.525632388888887 ], [ -82.004917055555552, 26.523491555555555 ], [ -82.00468022222222, 26.52198 ], [ -82.006795361111116, 26.520824083333331 ], [ -82.009436361111113, 26.521218166666667 ], [ -82.009994027777779, 26.519987027777777 ], [ -82.009560777777779, 26.517295027777777 ] ] } },
{ "type": "Feature", "properties": { "style": "solid", "thickness": 1 }, "geometry": { "type": "LineString", "coordinates": [ [ -82.559923527777769, 27.609455194444447 ], [ -82.558472111111115, 27.608943638888892 ], [ -82.55506675, 27.608734972222223 ], [ -82.553362166666659, 27.60923002777778 ], [ -82.55190775, 27.608548 ], [ -82.550489722222224, 27.607391611111112 ], [ -82.550155444444442, 27.60654725 ], [ -82.550095138888892, 27.604792055555556 ], [ -82.54906275, 27.603187333333334 ], [ -82.548, 27.603009611111112 ], [ -82.547973972222223, 27.60276016666667 ], [ -82.548185666666669, 27.602649388888889 ], [ -82.549212833333328, 27.602483222222222 ], [ -82.549816666666658, 27.602837111111114 ], [ -82.550415277777773, 27.603366555555557 ], [ -82.553025305555551, 27.603075194444447 ], [ -82.556238722222218, 27.602662916666667 ], [ -82.55623241666666, 27.600952194444446 ], [ -82.55366425, 27.600957944444446 ], [ -82.552983722222223, 27.598283527777777 ], [ -82.553440916666659, 27.598097777777777 ], [ -82.553944, 27.598041 ], [ -82.554551277777776, 27.5985795 ], [ -82.555875166666667, 27.600044305555556 ], [ -82.556537111111112, 27.599855805555553 ], [ -82.557539138888885, 27.599791194444443 ], [ -82.558024972222213, 27.600475111111113 ], [ -82.558003416666665, 27.60117427777778 ], [ -82.558062416666658, 27.601697416666667 ], [ -82.558924, 27.602792944444445 ], [ -82.560448305555553, 27.602739083333336 ], [ -82.56155963888888, 27.603008333333335 ], [ -82.561948805555559, 27.6039985 ], [ -82.564538027777772, 27.605714222222225 ], [ -82.56709438888889, 27.606184583333334 ], [ -82.568695305555551, 27.606932888888892 ], [ -82.571281222222225, 27.607448833333336 ], [ -82.57383183333333, 27.607448833333336 ], [ -82.576746805555558, 27.606339555555557 ], [ -82.577882444444441, 27.605531805555557 ], [ -82.577841027777779, 27.604955944444445 ], [ -82.577519166666661, 27.603518138888891 ], [ -82.578029277777773, 27.602653861111111 ], [ -82.579282027777779, 27.601557222222223 ], [ -82.579339416666656, 27.601364444444446 ], [ -82.578555666666659, 27.601034916666666 ], [ -82.578077527777779, 27.601274722222225 ], [ -82.577210944444445, 27.60263352777778 ], [ -82.576555944444436, 27.6025285 ], [ -82.575529222222215, 27.601773583333333 ], [ -82.574679027777776, 27.600395 ], [ -82.574521527777776, 27.5995695 ], [ -82.574829722222219, 27.59834425 ], [ -82.574735194444443, 27.59754486111111 ], [ -82.573915361111105, 27.59611775 ], [ -82.572741805555552, 27.595218583333331 ], [ -82.57163513888888, 27.594095027777776 ], [ -82.5721635, 27.593658805555556 ], [ -82.573639194444439, 27.593642638888888 ], [ -82.57569488888889, 27.594570666666666 ], [ -82.575844083333322, 27.595543138888889 ], [ -82.576205, 27.595924722222222 ], [ -82.577607916666665, 27.595897472222219 ], [ -82.578178777777779, 27.596570638888888 ], [ -82.578124111111109, 27.597179194444443 ], [ -82.577620055555556, 27.598213166666664 ], [ -82.576912111111113, 27.598903388888889 ], [ -82.576501194444447, 27.59976836111111 ], [ -82.576700972222213, 27.599880361111111 ], [ -82.577774277777777, 27.5995855 ], [ -82.579309472222221, 27.597937166666664 ], [ -82.5812285, 27.596008888888889 ], [ -82.582473972222218, 27.595716333333332 ], [ -82.584025972222221, 27.596274 ], [ -82.584450638888882, 27.596192277777778 ], [ -82.585515777777772, 27.594767444444443 ], [ -82.586491555555554, 27.594125222222221 ], [ -82.585858944444439, 27.59247425 ], [ -82.58496625, 27.59189933333333 ], [ -82.584430944444435, 27.59185433333333 ], [ -82.584136, 27.592531388888887 ], [ -82.583611972222215, 27.593128416666666 ], [ -82.582245583333332, 27.593043777777776 ], [ -82.581448527777781, 27.59238 ], [ -82.58096030555555, 27.591485555555554 ], [ -82.580032222222215, 27.591571222222221 ], [ -82.579764416666663, 27.591143111111109 ], [ -82.579920583333333, 27.590699944444442 ], [ -82.580684027777778, 27.590229083333334 ], [ -82.583674722222213, 27.591026166666666 ], [ -82.585822833333324, 27.590799388888886 ], [ -82.587171027777771, 27.589985 ], [ -82.58992725, 27.589447583333332 ], [ -82.592095277777773, 27.588255027777777 ], [ -82.59342513888889, 27.588164055555556 ], [ -82.595295083333326, 27.586997416666666 ], [ -82.595274166666655, 27.586026694444442 ], [ -82.594765138888889, 27.585353166666664 ], [ -82.5953065, 27.58472225 ], [ -82.596507194444442, 27.584460638888888 ], [ -82.596947916666664, 27.584229805555555 ], [ -82.597301888888879, 27.58446986111111 ], [ -82.59712144444444, 27.585048472222223 ], [ -82.597242888888886, 27.585430111111108 ], [ -82.597708194444436, 27.585689388888888 ], [ -82.600113861111112, 27.584942694444443 ], [ -82.601298916666664, 27.585379722222221 ], [ -82.601604305555554, 27.585268944444444 ], [ -82.603085361111098, 27.584009361111111 ], [ -82.610318, 27.584329666666665 ], [ -82.610439444444438, 27.584722833333331 ], [ -82.610937416666658, 27.585035222222221 ], [ -82.611706944444435, 27.585163694444443 ], [ -82.613261611111099, 27.584720527777776 ], [ -82.614444527777778, 27.584994138888888 ], [ -82.61602075, 27.585524361111109 ], [ -82.618833388888888, 27.586593083333334 ], [ -82.619887416666657, 27.586759055555554 ], [ -82.620345472222212, 27.58619275 ], [ -82.620348944444444, 27.586026583333332 ], [ -82.619934, 27.585875555555553 ], [ -82.616881944444444, 27.584346722222222 ], [ -82.614320416666658, 27.583406916666664 ], [ -82.613652416666667, 27.583051444444443 ], [ -82.61105927777777, 27.582275861111111 ], [ -82.610224138888881, 27.582392916666667 ], [ -82.609755666666658, 27.582857638888889 ], [ -82.608367888888878, 27.582641 ], [ -82.603809861111102, 27.582883611111111 ], [ -82.603322305555551, 27.582795138888887 ], [ -82.60319052777777, 27.582461388888888 ], [ -82.603687638888886, 27.581591111111109 ], [ -82.604456972222223, 27.580606333333332 ], [ -82.605060805555553, 27.580046194444446 ], [ -82.605128027777766, 27.579970777777778 ], [ -82.605223277777768, 27.5787345 ], [ -82.605716055555547, 27.578066611111112 ], [ -82.605907166666654, 27.577557277777778 ], [ -82.605928, 27.577246416666668 ], [ -82.605705916666665, 27.576926305555556 ], [ -82.60391875, 27.576170305555554 ], [ -82.603564777777777, 27.575767083333332 ], [ -82.602350694444439, 27.574973944444444 ], [ -82.601211333333325, 27.574664833333333 ], [ -82.600817888888884, 27.574751777777777 ], [ -82.60073658333333, 27.574908333333333 ], [ -82.601619, 27.575260083333333 ], [ -82.601754583333332, 27.575793888888889 ], [ -82.601492333333326, 27.576123444444445 ], [ -82.60062975, 27.576226972222223 ], [ -82.600273083333335, 27.576175138888889 ], [ -82.600065944444438, 27.575688777777778 ], [ -82.600092499999988, 27.575391083333333 ], [ -82.599963305555548, 27.575267472222222 ], [ -82.59977975, 27.575219222222223 ], [ -82.599697611111111, 27.575409055555554 ], [ -82.599938, 27.576425444444443 ], [ -82.59985275, 27.576710361111111 ], [ -82.599049638888886, 27.57708497222222 ], [ -82.598204888888887, 27.57698825 ], [ -82.597104777777773, 27.577949472222222 ], [ -82.59632527777778, 27.578719666666668 ], [ -82.59598025, 27.578895527777778 ], [ -82.595664944444437, 27.579512861111112 ], [ -82.595266138888888, 27.5797945 ], [ -82.594905222222224, 27.579727666666667 ], [ -82.594764444444436, 27.579619055555554 ], [ -82.594804722222221, 27.579127027777776 ], [ -82.594528666666662, 27.578622138888889 ], [ -82.594063638888883, 27.578560583333331 ], [ -82.593303777777777, 27.57808011111111 ], [ -82.593376666666657, 27.57776 ], [ -82.593793083333324, 27.577624583333332 ], [ -82.593882833333325, 27.577504416666667 ], [ -82.59383305555555, 27.576929888888888 ], [ -82.595093166666658, 27.575795138888889 ], [ -82.595560555555551, 27.575114277777779 ], [ -82.595432138888881, 27.574748 ], [ -82.594543138888881, 27.573762166666665 ], [ -82.591819027777774, 27.57346975 ], [ -82.589104361111112, 27.574112555555555 ], [ -82.589036833333324, 27.575359166666665 ], [ -82.588550166666664, 27.57504175 ], [ -82.586876861111108, 27.574910388888888 ], [ -82.585702944444435, 27.575172444444444 ], [ -82.58555025, 27.575142555555555 ], [ -82.585526472222213, 27.575000083333332 ], [ -82.585595611111103, 27.574530805555554 ], [ -82.58530925, 27.572505361111112 ], [ -82.584908694444437, 27.572006194444445 ], [ -82.58514780555555, 27.571897638888888 ], [ -82.585949, 27.572033694444443 ], [ -82.586802666666657, 27.571504277777777 ], [ -82.587668888888885, 27.571554444444445 ], [ -82.588158555555552, 27.571030944444445 ], [ -82.589280916666667, 27.571148777777779 ], [ -82.590933277777779, 27.57088361111111 ], [ -82.591291194444437, 27.571285944444444 ], [ -82.591025472222213, 27.571767888888889 ], [ -82.591049777777769, 27.572008194444443 ], [ -82.591874527777776, 27.572786972222222 ], [ -82.592341944444442, 27.572803305555556 ], [ -82.59327138888888, 27.572884472222221 ], [ -82.593624944444443, 27.572656305555554 ], [ -82.593749055555548, 27.571856944444445 ], [ -82.594169444444447, 27.571587833333332 ], [ -82.59438275, 27.570962777777776 ], [ -82.594396861111107, 27.570738638888887 ], [ -82.594012305555552, 27.569806944444444 ], [ -82.594080361111111, 27.569325555555555 ], [ -82.596155361111101, 27.566239 ], [ -82.5966935, 27.565794111111114 ], [ -82.597726333333327, 27.564548472222224 ], [ -82.597683138888883, 27.564367305555557 ], [ -82.597197305555554, 27.563994833333336 ], [ -82.59724241666666, 27.56371163888889 ], [ -82.598189138888884, 27.5625825 ], [ -82.598984694444439, 27.562846444444446 ], [ -82.599950277777779, 27.562986527777777 ], [ -82.60026, 27.563632944444446 ], [ -82.599864, 27.564409722222223 ], [ -82.599992416666666, 27.564600583333334 ], [ -82.600138166666667, 27.564542111111113 ], [ -82.600617388888878, 27.563704194444444 ], [ -82.601106694444439, 27.563565666666669 ], [ -82.601533527777775, 27.563242444444445 ], [ -82.601922194444441, 27.563236305555556 ], [ -82.602161638888887, 27.5635595 ], [ -82.602376777777778, 27.563651861111111 ], [ -82.602739083333333, 27.563526861111111 ], [ -82.603293, 27.563101583333335 ], [ -82.6044575, 27.562525833333336 ], [ -82.605179333333325, 27.561503833333333 ], [ -82.605203388888881, 27.561287194444446 ], [ -82.604939666666667, 27.561194833333335 ], [ -82.604429777777767, 27.561546166666666 ], [ -82.603694083333323, 27.561595416666666 ], [ -82.603485888888883, 27.561213694444444 ], [ -82.603484222222221, 27.560830444444445 ], [ -82.604379111111101, 27.560322166666669 ], [ -82.604767777777766, 27.559866583333335 ], [ -82.604911944444439, 27.559404194444443 ], [ -82.604093638888884, 27.558099916666666 ], [ -82.60354338888888, 27.557599277777779 ], [ -82.602586805555546, 27.557366 ], [ -82.602475111111104, 27.557226111111113 ], [ -82.602540472222216, 27.557054416666666 ], [ -82.603054083333333, 27.556349444444447 ], [ -82.603032277777771, 27.556230583333335 ], [ -82.602724916666659, 27.556204194444444 ], [ -82.602104222222223, 27.556499722222224 ], [ -82.601201972222213, 27.557459111111111 ], [ -82.599366222222216, 27.558505777777778 ], [ -82.598267611111112, 27.558833638888888 ], [ -82.596195388888887, 27.559321333333333 ], [ -82.596195388888887, 27.559530666666667 ], [ -82.593411527777775, 27.559948666666667 ], [ -82.593219166666657, 27.559735833333335 ], [ -82.592791333333324, 27.559634444444445 ], [ -82.591670833333325, 27.559954611111113 ], [ -82.590149944444434, 27.560019722222222 ], [ -82.589525305555554, 27.560133611111112 ], [ -82.58944527777777, 27.560475694444445 ], [ -82.589455694444439, 27.561014416666666 ], [ -82.589108666666661, 27.561599305555557 ], [ -82.588338916666657, 27.562092222222223 ], [ -82.587881583333328, 27.562109138888889 ], [ -82.5871726111111, 27.563187833333334 ], [ -82.587566083333328, 27.563588027777779 ], [ -82.586145888888879, 27.565186333333333 ], [ -82.585826361111103, 27.566027472222224 ], [ -82.585493222222212, 27.566243388888889 ], [ -82.585231888888885, 27.566854388888888 ], [ -82.584367805555544, 27.567383833333334 ], [ -82.583727277777768, 27.567970138888889 ], [ -82.582363083333334, 27.568828083333333 ], [ -82.58088130555555, 27.569354416666666 ], [ -82.579644111111108, 27.569757694444444 ], [ -82.578891694444437, 27.569860194444445 ], [ -82.578159722222225, 27.569562777777776 ], [ -82.576944916666662, 27.569639361111111 ], [ -82.575408305555555, 27.569544611111112 ], [ -82.575282666666666, 27.569587916666666 ], [ -82.57516963888888, 27.569939694444443 ], [ -82.575085833333333, 27.570050944444443 ], [ -82.573826638888889, 27.570001805555556 ], [ -82.572411416666668, 27.56942675 ], [ -82.571032861111107, 27.568694166666667 ], [ -82.569472138888884, 27.567945388888887 ], [ -82.567235888888888, 27.566665361111113 ], [ -82.566397833333326, 27.565808861111112 ], [ -82.566536361111105, 27.565344583333335 ], [ -82.567477666666662, 27.564660444444446 ], [ -82.568012333333328, 27.563511944444446 ], [ -82.5705385, 27.560847527777778 ], [ -82.570751027777774, 27.5604845 ], [ -82.57104116666666, 27.560422277777779 ], [ -82.571296361111109, 27.560479222222224 ], [ -82.571462916666661, 27.56106325 ], [ -82.572607833333336, 27.562527777777778 ], [ -82.573055555555555, 27.562676861111111 ], [ -82.574263194444441, 27.561621 ], [ -82.575090194444442, 27.5602975 ], [ -82.574769194444443, 27.559590333333333 ], [ -82.574567277777774, 27.556732416666666 ], [ -82.57482227777777, 27.555800944444446 ], [ -82.574619861111103, 27.555320805555557 ], [ -82.57260041666666, 27.553832722222221 ], [ -82.571988166666657, 27.552434138888891 ], [ -82.572252388888884, 27.550603111111112 ], [ -82.572461555555549, 27.550043305555555 ], [ -82.572686861111109, 27.549585444444446 ], [ -82.572966916666658, 27.548710638888892 ], [ -82.573494388888889, 27.548239583333334 ], [ -82.574334194444447, 27.5482365 ], [ -82.575135805555547, 27.548707555555556 ], [ -82.576277833333336, 27.548802222222225 ], [ -82.576923305555553, 27.549365611111114 ], [ -82.576763666666665, 27.549670416666668 ], [ -82.576017583333325, 27.549753527777778 ], [ -82.575601138888885, 27.549691972222224 ], [ -82.575395444444439, 27.549396805555556 ], [ -82.575135166666669, 27.549486083333335 ], [ -82.575069222222211, 27.54992325 ], [ -82.57533027777778, 27.550123277777779 ], [ -82.576137111111109, 27.550176583333332 ], [ -82.578719916666657, 27.549763916666667 ], [ -82.580842305555549, 27.548612333333335 ], [ -82.581433166666656, 27.548382861111111 ], [ -82.58290775, 27.547279388888892 ], [ -82.583622055555551, 27.546162111111112 ], [ -82.585992027777777, 27.544163194444447 ], [ -82.587139777777779, 27.54264513888889 ], [ -82.587318027777769, 27.541438111111113 ], [ -82.587644055555558, 27.540923472222225 ], [ -82.5885975, 27.540481638888892 ], [ -82.589163055555545, 27.53969563888889 ], [ -82.589668638888881, 27.5381155 ], [ -82.590330111111101, 27.537616305555556 ], [ -82.592529111111105, 27.535155861111114 ], [ -82.593767083333333, 27.534405583333335 ], [ -82.594367749999989, 27.533380138888891 ], [ -82.596686749999989, 27.531194277777775 ], [ -82.597216916666667, 27.530739944444445 ], [ -82.598038, 27.530417583333332 ], [ -82.598789333333329, 27.53035663888889 ], [ -82.599045472222215, 27.529716777777775 ], [ -82.5994065, 27.529571694444442 ], [ -82.5997555, 27.529607083333332 ], [ -82.599922083333325, 27.52958275 ], [ -82.600012722222218, 27.52949425 ], [ -82.600013527777776, 27.529378333333334 ], [ -82.599646666666658, 27.528540111111109 ], [ -82.599632666666665, 27.5278065 ], [ -82.599920583333329, 27.527134916666665 ], [ -82.600274527777771, 27.526968638888889 ], [ -82.60079416666666, 27.526369777777777 ], [ -82.600766416666659, 27.526273 ], [ -82.599383277777775, 27.525833277777778 ], [ -82.59913783333333, 27.525643194444445 ], [ -82.599015833333326, 27.525377555555554 ], [ -82.599016194444445, 27.525158277777777 ], [ -82.59927925, 27.524719194444444 ], [ -82.599458111111105, 27.524611916666665 ], [ -82.599882638888886, 27.524559055555553 ], [ -82.600233777777774, 27.524685555555553 ], [ -82.600752305555545, 27.52477525 ], [ -82.600786527777771, 27.52576875 ], [ -82.601121333333325, 27.525986555555555 ], [ -82.601612222222215, 27.525946277777777 ], [ -82.601819333333324, 27.525763722222223 ], [ -82.602022833333322, 27.525400861111109 ], [ -82.602884611111108, 27.525220583333333 ], [ -82.603711249999989, 27.525141138888888 ], [ -82.604163111111106, 27.524850333333333 ], [ -82.60471425, 27.524722555555556 ], [ -82.605486388888878, 27.524414138888886 ], [ -82.60571480555555, 27.524143138888888 ], [ -82.60603011111111, 27.524167388888888 ], [ -82.606266722222216, 27.524306027777776 ], [ -82.606405777777766, 27.524521944444444 ], [ -82.606420666666665, 27.524773083333333 ], [ -82.606683833333321, 27.524914083333332 ], [ -82.607081055555554, 27.524898666666665 ], [ -82.607539916666667, 27.524625527777776 ], [ -82.607761305555556, 27.5242785 ], [ -82.607940055555545, 27.524254583333331 ], [ -82.608078777777777, 27.524346166666664 ], [ -82.607864861111111, 27.52471786111111 ], [ -82.6077735, 27.525001194444442 ], [ -82.608644916666663, 27.525036138888886 ], [ -82.608539944444445, 27.525577472222221 ], [ -82.608219305555551, 27.525822388888887 ], [ -82.608178027777768, 27.5258765 ], [ -82.608341194444435, 27.526047694444443 ], [ -82.608292611111111, 27.526279555555554 ], [ -82.607712833333323, 27.526611055555556 ], [ -82.607524138888877, 27.526381944444445 ], [ -82.607635861111106, 27.526007444444442 ], [ -82.607650138888886, 27.525687444444443 ], [ -82.607241805555546, 27.525207111111111 ], [ -82.605243944444439, 27.524750027777777 ], [ -82.605001583333333, 27.52491825 ], [ -82.604849777777773, 27.52523675 ], [ -82.604902444444434, 27.525694638888886 ], [ -82.605229805555553, 27.52602575 ], [ -82.606475499999988, 27.526486194444445 ], [ -82.607975416666662, 27.527195 ], [ -82.610323972222218, 27.524313111111109 ], [ -82.6106213611111, 27.5237545 ], [ -82.610631916666662, 27.523661083333334 ], [ -82.610568055555547, 27.523569166666665 ], [ -82.61042194444444, 27.52354275 ], [ -82.609965111111109, 27.52396825 ], [ -82.608756388888878, 27.523415583333332 ], [ -82.608417722222214, 27.523271083333331 ], [ -82.607950083333321, 27.522711333333334 ], [ -82.606003638888879, 27.521149861111109 ], [ -82.604834361111102, 27.520002583333333 ], [ -82.604386833333322, 27.518707111111109 ], [ -82.604614555555557, 27.517916444444442 ], [ -82.604434111111104, 27.517011638888889 ], [ -82.604171916666658, 27.516759444444443 ], [ -82.603959194444442, 27.516661166666665 ], [ -82.603691055555544, 27.516665555555555 ], [ -82.603452722222215, 27.516744888888887 ], [ -82.602205388888876, 27.517538361111111 ], [ -82.599591472222215, 27.518353333333334 ], [ -82.599200444444435, 27.518684916666665 ], [ -82.597551611111101, 27.518805166666667 ], [ -82.595178416666656, 27.518806444444444 ], [ -82.593449194444446, 27.518097 ], [ -82.593050916666655, 27.516698138888888 ], [ -82.592265722222223, 27.515063555555557 ], [ -82.5905205, 27.513913111111112 ], [ -82.588335083333334, 27.513500527777779 ], [ -82.587712305555556, 27.5137055 ], [ -82.586477777777773, 27.513568777777778 ], [ -82.58590925, 27.51329336111111 ], [ -82.584458861111102, 27.513087611111111 ], [ -82.58275075, 27.51264475 ], [ -82.582113333333325, 27.512374833333332 ], [ -82.581009138888888, 27.511672527777776 ], [ -82.579857777777775, 27.511541444444443 ], [ -82.579387055555557, 27.511990472222223 ], [ -82.57742997222222, 27.512071472222221 ], [ -82.575694666666664, 27.511706416666666 ], [ -82.573287666666658, 27.51176425 ], [ -82.573181111111111, 27.509523888888889 ], [ -82.572758805555551, 27.509390305555556 ], [ -82.572289972222222, 27.507297194444444 ], [ -82.571856666666662, 27.505123805555556 ], [ -82.571359833333332, 27.502467611111111 ], [ -82.571207166666667, 27.500680527777778 ], [ -82.573879777777776, 27.50070936111111 ], [ -82.575263666666658, 27.500621222222222 ], [ -82.575264333333322, 27.499328277777778 ], [ -82.575349805555547, 27.499322972222224 ], [ -82.575605166666662, 27.499553416666668 ], [ -82.575678944444434, 27.499564722222225 ], [ -82.5757825, 27.499455194444444 ], [ -82.576110222222212, 27.499437555555556 ], [ -82.576598249999989, 27.499713333333336 ], [ -82.577060083333336, 27.500076527777779 ], [ -82.578229055555553, 27.501538805555555 ], [ -82.579387055555557, 27.500376944444444 ], [ -82.580910611111108, 27.498938944444447 ], [ -82.581014888888888, 27.498707555555555 ], [ -82.579541277777778, 27.497768861111112 ], [ -82.577994722222215, 27.497239833333335 ], [ -82.577675305555559, 27.496170638888891 ], [ -82.57751827777777, 27.495940916666669 ], [ -82.577283055555554, 27.495729916666669 ], [ -82.57725575, 27.495621944444444 ], [ -82.578516944444445, 27.495648388888888 ], [ -82.578601361111112, 27.495992166666667 ], [ -82.578807444444436, 27.496144194444444 ], [ -82.580771194444438, 27.496304527777777 ], [ -82.580931611111112, 27.496406861111112 ], [ -82.580793222222212, 27.496959583333336 ], [ -82.581668861111112, 27.498082194444446 ], [ -82.582230166666662, 27.498602972222223 ], [ -82.582666055555549, 27.498948666666667 ], [ -82.583488916666667, 27.499470361111111 ], [ -82.584761916666665, 27.5000565 ], [ -82.585860055555557, 27.500464305555557 ], [ -82.587471694444446, 27.500741722222223 ], [ -82.588518777777779, 27.500734 ], [ -82.589206249999989, 27.501133222222222 ], [ -82.58911188888888, 27.501633416666667 ], [ -82.589452027777767, 27.501952972222224 ], [ -82.589809416666668, 27.502413472222223 ], [ -82.59040775, 27.502920305555556 ], [ -82.59551030555555, 27.502073805555554 ], [ -82.596353194444433, 27.5020815 ], [ -82.597198361111111, 27.5023315 ], [ -82.59773463888888, 27.502798666666667 ], [ -82.598529111111105, 27.503047666666667 ], [ -82.600789583333324, 27.504496361111112 ], [ -82.601154555555553, 27.504561916666667 ], [ -82.60204644444444, 27.504241027777777 ], [ -82.605419027777771, 27.504637777777777 ], [ -82.610904055555551, 27.506753944444444 ], [ -82.615846555555549, 27.509166 ], [ -82.617801694444438, 27.509890666666667 ], [ -82.618579388888875, 27.509898388888889 ], [ -82.619675055555547, 27.512577194444443 ], [ -82.619611611111111, 27.51337786111111 ], [ -82.61921625, 27.513817416666665 ], [ -82.619377, 27.514137444444444 ], [ -82.619763694444444, 27.514141305555555 ], [ -82.622425861111111, 27.513530083333332 ], [ -82.624384722222217, 27.51351 ], [ -82.627038305555544, 27.513269 ], [ -82.629719, 27.514071 ], [ -82.630274583333332, 27.515554166666668 ], [ -82.631799388888879, 27.517151916666666 ], [ -82.6325728611111, 27.518632583333332 ], [ -82.633433888888902, 27.519663833333333 ], [ -82.633763305555561, 27.519840138888888 ], [ -82.634636861111119, 27.51971013888889 ], [ -82.635525666666666, 27.51933561111111 ], [ -82.638298888888897, 27.519297361111111 ], [ -82.640753666666669, 27.519802444444444 ], [ -82.641846527777787, 27.520586333333334 ], [ -82.642309138888891, 27.521254916666667 ], [ -82.642656722222227, 27.522442416666667 ], [ -82.642569583333341, 27.523161194444445 ], [ -82.642371111111117, 27.52363736111111 ], [ -82.641414638888889, 27.524261638888888 ], [ -82.6408375, 27.52497375 ], [ -82.640882916666669, 27.525126083333333 ], [ -82.641091166666669, 27.525177611111111 ], [ -82.642332, 27.524759805555554 ], [ -82.64301475, 27.524405111111111 ], [ -82.643913472222224, 27.524299916666667 ], [ -82.644921472222222, 27.523927611111109 ], [ -82.646114555555556, 27.523081055555554 ], [ -82.647068555555563, 27.522848388888889 ], [ -82.647863638888893, 27.522300916666666 ], [ -82.649314777777789, 27.521780416666665 ], [ -82.650066361111115, 27.521811527777778 ], [ -82.650056444444445, 27.522972555555555 ], [ -82.650672138888893, 27.52296375 ], [ -82.650699472222229, 27.521650694444443 ], [ -82.651635444444452, 27.52168375 ], [ -82.652340777777781, 27.52159025 ], [ -82.652678277777781, 27.5216345 ], [ -82.652889305555561, 27.521773305555556 ], [ -82.653426888888902, 27.521381916666666 ], [ -82.654670722222221, 27.52107786111111 ], [ -82.656260055555563, 27.52132825 ], [ -82.657335055555563, 27.521733611111109 ], [ -82.658981111111117, 27.52246725 ], [ -82.660782722222223, 27.522441666666666 ], [ -82.663941611111113, 27.52262122222222 ], [ -82.664764388888898, 27.522521805555556 ], [ -82.666300694444445, 27.521770722222222 ], [ -82.668443027777784, 27.520822361111112 ], [ -82.66990275, 27.520489138888887 ], [ -82.673451333333333, 27.519849833333332 ], [ -82.674452805555561, 27.5196055 ], [ -82.675382583333345, 27.51896547222222 ], [ -82.677203027777779, 27.518094083333331 ], [ -82.678039611111117, 27.517756472222221 ], [ -82.679382861111122, 27.517000777777778 ], [ -82.68124372222222, 27.51566275 ], [ -82.681776888888891, 27.515147333333335 ], [ -82.681910944444454, 27.51455025 ], [ -82.681851361111114, 27.514277027777776 ], [ -82.681692472222224, 27.514232972222221 ], [ -82.680186055555566, 27.515673861111111 ], [ -82.678629583333333, 27.516207944444446 ], [ -82.678308944444453, 27.515626916666665 ], [ -82.67804980555556, 27.514289388888891 ], [ -82.677687166666672, 27.513054916666668 ], [ -82.677747305555556, 27.512289666666668 ], [ -82.676846305555557, 27.511141583333334 ], [ -82.674436722222225, 27.509654333333334 ], [ -82.673588416666675, 27.507995305555557 ], [ -82.672220888888887, 27.505730888888888 ], [ -82.67128986111112, 27.504256444444444 ], [ -82.670202916666668, 27.502964361111111 ], [ -82.668986388888896, 27.5024245 ], [ -82.668349666666671, 27.501772138888889 ], [ -82.668144194444452, 27.501377277777777 ], [ -82.668033555555567, 27.500037527777778 ], [ -82.667749027777788, 27.499113805555556 ], [ -82.669017972222221, 27.49808763888889 ], [ -82.668734944444452, 27.497816583333336 ], [ -82.6666505, 27.499494583333334 ], [ -82.666281388888891, 27.499480166666668 ], [ -82.666124972222221, 27.499032833333334 ], [ -82.666176305555567, 27.4985215 ], [ -82.666611444444456, 27.49830986111111 ], [ -82.666872138888891, 27.49809775 ], [ -82.667366277777788, 27.497219138888891 ], [ -82.667862722222225, 27.497029555555557 ], [ -82.668824472222227, 27.496724722222222 ], [ -82.668810027777781, 27.496112527777779 ], [ -82.66876533333334, 27.495903166666668 ], [ -82.668064583333333, 27.494483583333334 ], [ -82.667258361111109, 27.492677527777779 ], [ -82.666416722222223, 27.492562916666667 ], [ -82.665605861111118, 27.492063277777778 ], [ -82.665412194444457, 27.491774583333335 ], [ -82.665598388888895, 27.491529972222224 ], [ -82.665821833333339, 27.491518944444444 ], [ -82.666271222222221, 27.491199944444446 ], [ -82.666321527777782, 27.490984027777777 ], [ -82.665561805555555, 27.490032 ], [ -82.664416305555562, 27.489217555555555 ], [ -82.664437, 27.48834475 ], [ -82.664264444444456, 27.488091611111113 ], [ -82.663638805555564, 27.487991361111114 ], [ -82.663034888888888, 27.488589138888891 ], [ -82.662548833333332, 27.4902805 ], [ -82.661647972222227, 27.491697722222224 ], [ -82.66060958333334, 27.492661861111113 ], [ -82.660100833333345, 27.495504194444447 ], [ -82.65996125, 27.497339416666669 ], [ -82.659588388888892, 27.498402694444444 ], [ -82.65912502777779, 27.499405194444446 ], [ -82.656655722222226, 27.50106963888889 ], [ -82.65465875000001, 27.502247583333332 ], [ -82.653442222222225, 27.502686222222223 ], [ -82.650461722222232, 27.503300305555555 ], [ -82.648042388888896, 27.503339333333333 ], [ -82.645978611111119, 27.5028985 ], [ -82.644788444444444, 27.502491111111112 ], [ -82.644582388888892, 27.502585861111111 ], [ -82.644418527777788, 27.502892138888889 ], [ -82.643886611111114, 27.502733638888888 ], [ -82.643511083333337, 27.502134694444443 ], [ -82.643901250000013, 27.497145472222222 ], [ -82.645239416666669, 27.496524583333333 ], [ -82.645817083333341, 27.496426916666667 ], [ -82.645817083333341, 27.495748194444445 ], [ -82.644478888888898, 27.495181305555555 ], [ -82.644026416666676, 27.491351388888891 ], [ -82.644508083333335, 27.488424666666667 ], [ -82.645248444444448, 27.485790916666666 ], [ -82.645254361111114, 27.485203305555558 ], [ -82.644723444444452, 27.485122611111112 ], [ -82.644737861111125, 27.483210722222221 ], [ -82.644410916666672, 27.48110486111111 ], [ -82.643914305555569, 27.479945555555553 ], [ -82.642587, 27.477397277777776 ], [ -82.641712833333344, 27.476290777777777 ], [ -82.640939166666669, 27.475048805555552 ], [ -82.63995833333334, 27.47414647222222 ], [ -82.6398975, 27.473903472222222 ], [ -82.640559805555569, 27.473211111111109 ], [ -82.640850111111121, 27.472672305555555 ], [ -82.641467055555566, 27.472340583333331 ], [ -82.641864722222223, 27.471259027777776 ], [ -82.642705916666671, 27.470642944444442 ], [ -82.64405172222223, 27.469535916666665 ], [ -82.645532194444456, 27.468912222222219 ], [ -82.6489811388889, 27.468360861111108 ], [ -82.650562083333341, 27.467819138888888 ], [ -82.652560833333339, 27.467457833333331 ], [ -82.653690305555557, 27.46667425 ], [ -82.65510452777778, 27.465972194444443 ], [ -82.656981472222228, 27.465991472222221 ], [ -82.657174027777785, 27.46595725 ], [ -82.657560694444456, 27.4655445 ], [ -82.657860500000012, 27.465556083333333 ], [ -82.658371777777788, 27.466558527777778 ], [ -82.659162305555554, 27.468941194444444 ], [ -82.659487527777785, 27.469348972222221 ], [ -82.660304972222221, 27.469639638888886 ], [ -82.66076925, 27.469699166666665 ], [ -82.661877666666669, 27.4696155 ], [ -82.664175555555559, 27.4690695 ], [ -82.666167611111121, 27.469501527777776 ], [ -82.667368305555556, 27.470142722222221 ], [ -82.668136666666669, 27.471547277777777 ], [ -82.668950083333343, 27.473122527777775 ], [ -82.670953305555557, 27.474779194444444 ], [ -82.672202111111119, 27.475883277777776 ], [ -82.672406305555555, 27.475875555555554 ], [ -82.673328083333331, 27.47548186111111 ], [ -82.673779944444448, 27.474676944444443 ], [ -82.674610055555561, 27.4751075 ], [ -82.675073805555556, 27.475564527777777 ], [ -82.676575861111118, 27.47606275 ], [ -82.67697625000001, 27.47673725 ], [ -82.678323138888899, 27.47750097222222 ], [ -82.678874722222233, 27.477603 ], [ -82.681442027777777, 27.477245138888886 ], [ -82.682688972222223, 27.476840138888889 ], [ -82.683350444444443, 27.477008888888886 ], [ -82.684637111111115, 27.477133416666664 ], [ -82.68636305555556, 27.477214416666666 ], [ -82.688304277777775, 27.4781525 ], [ -82.6892735, 27.478422138888888 ], [ -82.691516972222232, 27.477103833333331 ], [ -82.692102083333339, 27.476413583333333 ], [ -82.692302194444451, 27.475783027777776 ], [ -82.692341, 27.474857972222221 ], [ -82.692103888888894, 27.4737785 ], [ -82.690600944444455, 27.471265888888887 ], [ -82.689699611111109, 27.469992861111109 ], [ -82.689803888888889, 27.469263805555553 ], [ -82.689760416666672, 27.469036222222222 ], [ -82.689286861111114, 27.468766222222222 ], [ -82.688802694444448, 27.467628055555554 ], [ -82.687242833333343, 27.466283666666666 ], [ -82.686367972222229, 27.466065722222222 ], [ -82.686380388888892, 27.465607222222221 ], [ -82.682673388888887, 27.465119305555554 ], [ -82.682059277777782, 27.465351222222221 ], [ -82.680860916666674, 27.465422333333333 ], [ -82.680829722222228, 27.465007916666664 ], [ -82.6803735, 27.463920111111111 ], [ -82.679786972222232, 27.463356916666665 ], [ -82.678986305555554, 27.462877333333331 ], [ -82.677100666666675, 27.462526305555556 ], [ -82.674243194444443, 27.46162675 ], [ -82.67102925, 27.460278472222221 ], [ -82.67026525, 27.459591388888889 ], [ -82.668242555555565, 27.458618777777776 ], [ -82.666507444444449, 27.458004111111112 ], [ -82.663858694444457, 27.457619861111109 ], [ -82.662054527777784, 27.457469416666665 ], [ -82.661053333333342, 27.457136694444443 ], [ -82.660513222222221, 27.456197305555555 ], [ -82.660441083333339, 27.455707083333333 ], [ -82.658920083333342, 27.454744027777778 ], [ -82.65724625, 27.453212305555557 ], [ -82.656647388888899, 27.452619416666668 ], [ -82.65668216666667, 27.452044583333333 ], [ -82.657255666666671, 27.451500611111111 ], [ -82.660164166666675, 27.450757944444444 ], [ -82.661760861111119, 27.449968027777778 ], [ -82.662931750000013, 27.449961277777778 ], [ -82.6638181388889, 27.450258777777776 ], [ -82.664867388888894, 27.451501055555553 ], [ -82.66570375, 27.451946638888888 ], [ -82.666418472222233, 27.451676583333331 ], [ -82.667049555555565, 27.450933916666667 ], [ -82.666258805555557, 27.448969222222221 ], [ -82.665236638888899, 27.447470388888888 ], [ -82.663174222222224, 27.445456666666669 ], [ -82.6590223888889, 27.444027 ], [ -82.656679805555555, 27.443268166666666 ], [ -82.653326722222232, 27.442863055555556 ], [ -82.652073, 27.443083166666668 ], [ -82.650364277777783, 27.443791444444443 ], [ -82.647831277777783, 27.443675694444444 ], [ -82.645776555555557, 27.443021777777776 ], [ -82.643814888888897, 27.443494416666667 ], [ -82.643016361111123, 27.443832083333334 ], [ -82.642704805555567, 27.443710472222222 ], [ -82.640902027777784, 27.442815138888889 ], [ -82.639205194444457, 27.440949 ], [ -82.635020527777783, 27.436921305555554 ], [ -82.631838777777773, 27.435323861111112 ], [ -82.628911499999987, 27.432464166666669 ], [ -82.624257805555544, 27.42967975 ], [ -82.623032833333326, 27.427260861111112 ], [ -82.621882861111104, 27.425681444444447 ], [ -82.619821111111108, 27.425696416666668 ], [ -82.618597527777766, 27.425986555555557 ], [ -82.616938111111111, 27.427360055555557 ], [ -82.614826666666659, 27.427527222222224 ], [ -82.611891777777771, 27.427479972222223 ], [ -82.608237305555548, 27.426947194444445 ], [ -82.607177194444432, 27.4273215 ], [ -82.6055556111111, 27.426937333333335 ], [ -82.605158555555548, 27.426517972222225 ], [ -82.604215111111102, 27.426535611111113 ], [ -82.602493, 27.426288083333336 ], [ -82.601402583333325, 27.425627111111112 ], [ -82.601166888888883, 27.425012583333334 ], [ -82.600621861111108, 27.424453833333335 ], [ -82.599181777777773, 27.424267555555556 ], [ -82.597699333333324, 27.423983916666668 ], [ -82.594268527777771, 27.421866138888891 ], [ -82.594137583333335, 27.421771833333334 ] ] } },
{ "type": "Feature", "properties": { "style": "solid", "thickness": 1 }, "geometry": { "type": "LineString", "coordinates": [ [ -82.668607444444447, 28.453814194444444 ], [ -82.666572222222229, 28.451466388888889 ], [ -82.666077694444454, 28.450093305555555 ], [ -82.666338833333342, 28.449553666666667 ], [ -82.669668583333333, 28.449273305555558 ], [ -82.670306416666676, 28.44904863888889 ], [ -82.670455138888897, 28.448877666666668 ], [ -82.670067944444455, 28.447409972222221 ], [ -82.668715583333338, 28.446250555555554 ], [ -82.669503166666672, 28.44482863888889 ], [ -82.667951555555561, 28.443044027777777 ], [ -82.667785694444447, 28.442381138888891 ], [ -82.668222944444452, 28.441841472222222 ], [ -82.67044561111112, 28.441392638888889 ], [ -82.672275083333332, 28.441908277777777 ], [ -82.673623888888898, 28.441823166666666 ], [ -82.673639194444448, 28.441689194444443 ], [ -82.671993944444452, 28.440750416666667 ], [ -82.671526722222225, 28.439275305555554 ], [ -82.67205125000001, 28.436582222222224 ], [ -82.672341027777776, 28.435840722222224 ], [ -82.6710935, 28.43480825 ], [ -82.671470027777787, 28.433429611111112 ], [ -82.672435611111112, 28.432857833333333 ], [ -82.672667888888896, 28.431935861111111 ], [ -82.673232666666678, 28.431706083333335 ], [ -82.674933083333343, 28.431893111111112 ], [ -82.675491777777779, 28.432577111111112 ], [ -82.675856166666676, 28.433704638888891 ], [ -82.676781888888897, 28.434008222222221 ], [ -82.676976222222223, 28.433922722222224 ], [ -82.676180694444454, 28.433073083333333 ], [ -82.676016722222229, 28.432191361111112 ], [ -82.676249750000011, 28.431558138888889 ], [ -82.676806194444453, 28.430743222222222 ], [ -82.678840611111113, 28.430802 ], [ -82.679056194444456, 28.43048838888889 ], [ -82.678411666666676, 28.429693527777779 ], [ -82.677525833333334, 28.429441 ], [ -82.677476444444451, 28.42848713888889 ], [ -82.678103444444446, 28.427767055555556 ], [ -82.681589305555562, 28.42778575 ], [ -82.683946888888897, 28.428289805555558 ], [ -82.684238388888886, 28.42815238888889 ], [ -82.683449333333343, 28.425066027777778 ], [ -82.684344722222221, 28.423503611111112 ], [ -82.686747861111115, 28.422234611111111 ], [ -82.69387894444445, 28.423020222222224 ], [ -82.695664388888886, 28.422187861111112 ], [ -82.697575083333334, 28.419860416666669 ], [ -82.697348888888897, 28.419170166666667 ], [ -82.694857861111117, 28.418385861111112 ], [ -82.694255138888892, 28.416830638888889 ], [ -82.694498916666674, 28.41519386111111 ], [ -82.697495888888895, 28.414333388888888 ], [ -82.699536361111115, 28.413220361111108 ], [ -82.700006638888894, 28.412513611111109 ], [ -82.699815333333333, 28.411924361111108 ], [ -82.694693527777787, 28.411513388888888 ], [ -82.69218608333334, 28.4114445 ], [ -82.691099027777781, 28.410857888888888 ], [ -82.690695194444444, 28.40973547222222 ], [ -82.691878833333334, 28.408029638888888 ], [ -82.693196666666665, 28.406504972222219 ], [ -82.696023583333343, 28.405737944444443 ], [ -82.700109222222224, 28.404490388888888 ], [ -82.704002222222229, 28.404257694444443 ], [ -82.707062972222232, 28.402976194444442 ], [ -82.70754519444445, 28.402181666666664 ], [ -82.705878055555559, 28.400761777777777 ], [ -82.705132722222231, 28.399156722222223 ], [ -82.705960805555563, 28.397294277777778 ], [ -82.708049111111109, 28.394971972222223 ], [ -82.707004111111118, 28.392211333333332 ], [ -82.706265666666667, 28.38974836111111 ], [ -82.707105638888891, 28.386665083333334 ], [ -82.706521111111115, 28.384311277777776 ], [ -82.704442, 28.382654055555555 ], [ -82.704379194444442, 28.38013913888889 ], [ -82.706941111111121, 28.377689555555556 ], [ -82.70681775, 28.377294916666667 ], [ -82.70556672222223, 28.37655175 ], [ -82.704121388888893, 28.375997388888891 ], [ -82.703577472222221, 28.37411338888889 ], [ -82.703226777777786, 28.37323386111111 ], [ -82.703811277777774, 28.372017472222222 ], [ -82.705277888888887, 28.371596416666666 ], [ -82.708022694444452, 28.371375972222221 ], [ -82.708494638888894, 28.371155972222223 ], [ -82.708848388888896, 28.370642861111111 ], [ -82.708666194444447, 28.370006611111112 ], [ -82.70809536111112, 28.369659055555555 ], [ -82.703327, 28.369623638888889 ], [ -82.703260194444454, 28.368351055555557 ], [ -82.705855583333332, 28.368276194444444 ], [ -82.706620777777786, 28.367853805555555 ], [ -82.706946166666668, 28.367437722222224 ], [ -82.70705241666667, 28.366399083333334 ], [ -82.708639638888897, 28.365798861111113 ], [ -82.71020036111112, 28.364125222222224 ], [ -82.710795777777776, 28.362251361111113 ], [ -82.713619666666673, 28.358732861111111 ], [ -82.715214611111108, 28.359751388888892 ], [ -82.716700833333334, 28.360818527777781 ], [ -82.718047277777785, 28.360558805555556 ], [ -82.718075277777785, 28.3571565 ], [ -82.71801475, 28.35343838888889 ], [ -82.710073805555552, 28.353455777777778 ], [ -82.71087422222223, 28.35171863888889 ], [ -82.7112845, 28.350265694444445 ], [ -82.714047666666673, 28.349385638888887 ], [ -82.715529444444442, 28.348882916666664 ], [ -82.715513833333333, 28.346566472222221 ], [ -82.715977861111114, 28.34577347222222 ], [ -82.717014611111111, 28.343789333333334 ], [ -82.71910347222223, 28.342070055555553 ], [ -82.719607388888889, 28.340490277777775 ], [ -82.720612, 28.338686083333332 ], [ -82.7241265, 28.334202 ], [ -82.726197361111119, 28.331911388888887 ], [ -82.73014325, 28.327878222222221 ], [ -82.73146372222223, 28.32599436111111 ], [ -82.732347138888898, 28.322194361111112 ], [ -82.732654861111115, 28.319135638888888 ], [ -82.732166916666671, 28.316715583333334 ], [ -82.733337305555551, 28.315849361111113 ], [ -82.733993166666664, 28.315202055555556 ], [ -82.733409805555553, 28.31101525 ], [ -82.733763166666662, 28.309432 ], [ -82.735847361111112, 28.30666463888889 ], [ -82.735903166666674, 28.30541238888889 ], [ -82.733490722222228, 28.303455555555555 ], [ -82.733519277777773, 28.301559555555556 ], [ -82.735867972222223, 28.300642 ], [ -82.736803083333328, 28.298328111111111 ], [ -82.735130444444451, 28.296573527777781 ], [ -82.734925694444442, 28.296230694444446 ], [ -82.733333527777773, 28.291872944444446 ], [ -82.734117972222222, 28.289218833333337 ], [ -82.736088055555555, 28.288297638888892 ], [ -82.736345583333332, 28.287913194444446 ], [ -82.735997527777783, 28.28713327777778 ], [ -82.733159972222225, 28.285251055555559 ], [ -82.732797222222217, 28.284622083333335 ], [ -82.733111722222219, 28.28400963888889 ], [ -82.734418916666669, 28.28366313888889 ], [ -82.735256694444445, 28.281577472222221 ], [ -82.736501638888896, 28.28145975 ], [ -82.737606888888891, 28.281850388888888 ], [ -82.73828705555556, 28.282562111111112 ], [ -82.739125111111107, 28.282915305555555 ], [ -82.740178, 28.282645055555555 ], [ -82.74037233333334, 28.282345388888888 ], [ -82.739595, 28.2809915 ], [ -82.73994875, 28.280119583333331 ], [ -82.742251138888889, 28.279656 ], [ -82.743453583333334, 28.278596416666666 ], [ -82.744086388888888, 28.274101944444443 ], [ -82.743201805555557, 28.269073 ], [ -82.744341944444443, 28.266401777777777 ], [ -82.74656875, 28.2615765 ], [ -82.748394694444443, 28.257421194444444 ], [ -82.750254527777784, 28.255454694444445 ], [ -82.755132555555562, 28.255660777777777 ], [ -82.756684194444446, 28.25584811111111 ], [ -82.758554638888896, 28.254705333333334 ], [ -82.758613611111116, 28.254253555555554 ], [ -82.755807944444442, 28.252405833333334 ], [ -82.753371583333333, 28.251293472222223 ], [ -82.749513777777779, 28.250309888888889 ], [ -82.748822972222229, 28.248501916666669 ], [ -82.74984655555555, 28.246130694444446 ], [ -82.751908944444438, 28.244066805555555 ], [ -82.753664388888893, 28.242073055555558 ], [ -82.754920333333331, 28.240364666666668 ], [ -82.762189583333338, 28.243156416666668 ], [ -82.764749, 28.231479472222219 ], [ -82.758678805555562, 28.230031888888888 ], [ -82.75642575, 28.229619638888888 ], [ -82.75083566666666, 28.229685222222219 ], [ -82.750630416666667, 28.2283735 ], [ -82.753627388888887, 28.2275115 ], [ -82.757720527777778, 28.226602638888888 ], [ -82.758323194444444, 28.22619536111111 ], [ -82.758775222222226, 28.225035194444441 ], [ -82.760202361111112, 28.224392694444443 ], [ -82.761271555555552, 28.223158888888886 ], [ -82.76200030555556, 28.221375888888886 ], [ -82.76448497222222, 28.220371611111108 ], [ -82.764655027777778, 28.220211 ], [ -82.764357444444443, 28.219868305555554 ], [ -82.763537611111104, 28.219209722222221 ], [ -82.763135277777778, 28.21758497222222 ], [ -82.764084916666661, 28.215154638888887 ], [ -82.765337833333334, 28.213561277777778 ], [ -82.768606944444443, 28.210725916666664 ], [ -82.769608444444444, 28.20860725 ], [ -82.772000583333337, 28.207841222222221 ], [ -82.774150388888884, 28.207707361111112 ], [ -82.776157861111116, 28.209209083333331 ], [ -82.777202416666668, 28.20936975 ], [ -82.77967255555555, 28.209067194444444 ], [ -82.78179152777777, 28.207726305555553 ], [ -82.782367694444446, 28.207048888888888 ], [ -82.782840138888886, 28.205468138888889 ], [ -82.781837805555554, 28.204346805555556 ], [ -82.78318902777778, 28.202629111111111 ], [ -82.784531888888893, 28.201264916666666 ], [ -82.78502227777777, 28.200030527777777 ], [ -82.785246972222225, 28.198575833333333 ], [ -82.785589333333334, 28.196674305555558 ], [ -82.786479388888893, 28.194181916666668 ], [ -82.787719027777783, 28.192773027777779 ], [ -82.790494222222222, 28.191508277777778 ], [ -82.791478027777771, 28.1899765 ], [ -82.793087361111105, 28.190394277777777 ], [ -82.793974, 28.19033 ], [ -82.796590638888887, 28.188500111111111 ], [ -82.797560583333336, 28.188128361111112 ], [ -82.798570916666662, 28.186843861111111 ], [ -82.799179083333328, 28.185667805555557 ], [ -82.799073555555552, 28.184292361111112 ], [ -82.797382916666663, 28.181543277777777 ], [ -82.794902138888887, 28.180676833333333 ], [ -82.794074916666659, 28.179187166666669 ], [ -82.794033666666664, 28.177993694444446 ], [ -82.795968555555547, 28.178179194444446 ], [ -82.800518166666663, 28.179570472222224 ], [ -82.800413583333324, 28.178132805555556 ], [ -82.798269527777776, 28.17711252777778 ], [ -82.79821722222222, 28.175582083333335 ], [ -82.797537388888884, 28.173958861111114 ], [ -82.79758969444444, 28.172938555555557 ], [ -82.798923833333333, 28.17185925 ], [ -82.800974055555557, 28.17011825 ], [ -82.799655361111107, 28.16963763888889 ], [ -82.797651027777775, 28.169598638888889 ], [ -82.796369277777771, 28.168785888888891 ], [ -82.795295888888887, 28.166873444444445 ], [ -82.794852194444445, 28.165819416666665 ], [ -82.794597138888889, 28.164839055555554 ], [ -82.794846111111113, 28.163949777777777 ], [ -82.796884388888884, 28.16290775 ], [ -82.798953111111103, 28.162131333333331 ], [ -82.799189944444436, 28.161713444444445 ], [ -82.798959166666663, 28.16129022222222 ], [ -82.798521916666658, 28.161167 ], [ -82.794926777777775, 28.162222388888889 ], [ -82.793432944444447, 28.158825944444445 ], [ -82.79249163888889, 28.157388027777777 ], [ -82.792661194444449, 28.15477575 ], [ -82.793294472222215, 28.153742305555554 ], [ -82.793081916666665, 28.153104722222221 ], [ -82.790935166666671, 28.15336725 ], [ -82.790171972222225, 28.152708583333332 ], [ -82.790023194444444, 28.151424055555555 ], [ -82.7882735, 28.149857416666666 ], [ -82.78787469444444, 28.148397055555556 ], [ -82.78837708333333, 28.14836675 ], [ -82.785997583333327, 28.14407097222222 ], [ -82.785573527777771, 28.142386722222223 ], [ -82.786196694444442, 28.14108647222222 ], [ -82.787513, 28.139241638888887 ], [ -82.78754075, 28.138500638888889 ], [ -82.787197194444445, 28.138271 ], [ -82.786704444444439, 28.138439416666667 ], [ -82.785840361111113, 28.139235527777778 ], [ -82.784615361111108, 28.139030361111111 ], [ -82.78398247222222, 28.138465444444442 ], [ -82.783952111111105, 28.137736666666665 ], [ -82.78321311111111, 28.136544722222222 ], [ -82.7831505, 28.13524325 ], [ -82.781871388888888, 28.131472055555555 ], [ -82.78205052777777, 28.129813277777778 ], [ -82.781018805555561, 28.127916388888888 ], [ -82.780977833333338, 28.127089027777778 ], [ -82.781578694444448, 28.126851055555555 ], [ -82.782332222222223, 28.126707555555555 ], [ -82.782957138888889, 28.125940972222224 ], [ -82.783402833333326, 28.124904 ], [ -82.783985833333332, 28.124288444444446 ], [ -82.783844416666668, 28.1235795 ], [ -82.783270055555548, 28.122948694444446 ], [ -82.782694722222217, 28.122895 ], [ -82.780838166666669, 28.12288275 ], [ -82.778486222222227, 28.121591916666667 ], [ -82.778068055555551, 28.1206215 ], [ -82.778111861111114, 28.11998638888889 ], [ -82.778592055555549, 28.119269777777777 ], [ -82.778723916666664, 28.118207055555555 ], [ -82.781398611111115, 28.117717805555557 ], [ -82.78166233333333, 28.117402361111111 ], [ -82.781613111111113, 28.117009777777778 ], [ -82.782141611111115, 28.115617527777779 ], [ -82.782263944444438, 28.114702944444446 ], [ -82.782195277777774, 28.114396138888889 ], [ -82.780331083333337, 28.112880805555555 ], [ -82.779304833333327, 28.11173213888889 ], [ -82.778471361111116, 28.1107435 ], [ -82.77790819444445, 28.1106805 ], [ -82.777067416666668, 28.111037527777778 ], [ -82.77616030555555, 28.110919194444445 ], [ -82.775601611111114, 28.110431444444448 ], [ -82.775692694444444, 28.109584555555557 ], [ -82.776101861111115, 28.1087655 ], [ -82.776143222222217, 28.107524611111113 ], [ -82.775772777777775, 28.105048055555557 ], [ -82.775097166666669, 28.103973722222225 ], [ -82.774589666666671, 28.102715583333335 ], [ -82.774559305555556, 28.10211525 ], [ -82.775072083333328, 28.101632138888892 ], [ -82.775885833333334, 28.101803666666669 ], [ -82.777002305555555, 28.101573444444448 ], [ -82.777915611111112, 28.101936194444445 ], [ -82.778754138888885, 28.102086222222223 ], [ -82.778855555555552, 28.103089111111114 ], [ -82.780266638888889, 28.104516472222222 ], [ -82.780561833333337, 28.105514611111111 ], [ -82.78093475, 28.106252888888889 ], [ -82.781458277777773, 28.106581916666666 ], [ -82.782271277777781, 28.106706194444445 ], [ -82.782954694444442, 28.106478027777779 ], [ -82.783432833333336, 28.105921138888892 ], [ -82.783642, 28.105443805555556 ], [ -82.78346425, 28.104754611111112 ], [ -82.782398222222227, 28.103495361111111 ], [ -82.782601944444437, 28.102273888888892 ], [ -82.782374916666669, 28.101962722222222 ], [ -82.781677861111106, 28.101356111111112 ], [ -82.781608444444444, 28.100636277777781 ], [ -82.781243416666669, 28.100261055555556 ], [ -82.780729833333339, 28.100098722222224 ], [ -82.779617194444441, 28.099069888888888 ], [ -82.779674222222226, 28.097475916666667 ], [ -82.780522972222215, 28.095077416666665 ], [ -82.7808995, 28.094375166666666 ], [ -82.781690472222223, 28.091118833333333 ], [ -82.782143638888883, 28.089907722222222 ], [ -82.782130527777781, 28.089043944444445 ], [ -82.781974694444443, 28.087306111111111 ], [ -82.781830694444437, 28.086333972222221 ], [ -82.78297325, 28.085502805555553 ], [ -82.783109888888887, 28.084024861111111 ], [ -82.78380827777778, 28.082759611111111 ], [ -82.783809805555549, 28.08173625 ], [ -82.783108361111104, 28.079916083333334 ], [ -82.7811865, 28.078699611111112 ], [ -82.780414694444445, 28.078523722222222 ], [ -82.777258083333336, 28.07710625 ], [ -82.776013138888885, 28.076720194444444 ], [ -82.775830972222224, 28.07594813888889 ], [ -82.77672975, 28.074891888888889 ], [ -82.777950388888883, 28.074484416666667 ], [ -82.778630666666672, 28.072924777777779 ], [ -82.779252833333331, 28.070885972222221 ], [ -82.780082222222219, 28.070662305555555 ], [ -82.782187055555553, 28.068499555555555 ], [ -82.783404694444442, 28.06747675 ], [ -82.785728333333338, 28.065108027777779 ], [ -82.786007666666663, 28.064127916666667 ], [ -82.78588275, 28.063744888888891 ], [ -82.785442027777776, 28.063530388888889 ], [ -82.785195638888894, 28.063649916666666 ], [ -82.784864361111104, 28.064327277777778 ], [ -82.784768194444439, 28.064871805555555 ], [ -82.783206583333339, 28.066256777777777 ], [ -82.782519472222219, 28.065653166666667 ], [ -82.783220888888891, 28.062937388888891 ], [ -82.783503027777769, 28.06156475 ], [ -82.78335791666666, 28.061177305555557 ], [ -82.781765083333326, 28.060392888888888 ], [ -82.781536055555549, 28.060356111111112 ], [ -82.779866861111117, 28.061122166666667 ], [ -82.779715027777783, 28.061882305555557 ], [ -82.778529277777778, 28.061355972222223 ], [ -82.777485166666665, 28.06098625 ], [ -82.77738191666667, 28.05917375 ], [ -82.77866375, 28.059193777777779 ], [ -82.779500333333331, 28.058966916666666 ], [ -82.779542833333338, 28.058657416666666 ], [ -82.779260055555554, 28.057601 ], [ -82.780377472222227, 28.056255 ], [ -82.782301833333335, 28.055868222222223 ], [ -82.782811944444447, 28.054999472222224 ], [ -82.782819916666668, 28.052504805555557 ], [ -82.785566611111108, 28.052567611111112 ], [ -82.78858475, 28.052554333333333 ], [ -82.78984625, 28.052640222222223 ], [ -82.790107388888885, 28.051975222222222 ], [ -82.791485944444446, 28.051337055555557 ], [ -82.793697611111114, 28.05139638888889 ], [ -82.793690666666663, 28.050836333333333 ], [ -82.791972888888893, 28.05081488888889 ], [ -82.789757805555553, 28.050428388888889 ], [ -82.789400388888893, 28.048972722222224 ], [ -82.785624555555557, 28.048931555555559 ], [ -82.786346583333327, 28.04702825 ], [ -82.787000444444445, 28.045786111111113 ], [ -82.78705775, 28.043998166666668 ], [ -82.787523916666672, 28.043314111111112 ], [ -82.787981222222214, 28.041577194444447 ], [ -82.788015777777773, 28.039745111111113 ], [ -82.787665194444443, 28.038092722222224 ], [ -82.787237611111109, 28.036931222222226 ], [ -82.787456222222218, 28.036468444444445 ], [ -82.78856863888889, 28.035974972222224 ], [ -82.790108722222215, 28.034777027777778 ], [ -82.790347944444449, 28.034150805555559 ], [ -82.7904225, 28.0331775 ], [ -82.790906472222218, 28.029121444444442 ], [ -82.79151238888889, 28.026581305555556 ], [ -82.791575527777781, 28.025774805555553 ], [ -82.791486527777778, 28.024988833333332 ], [ -82.790953138888881, 28.022314694444443 ], [ -82.790469472222227, 28.022042638888887 ], [ -82.790143055555561, 28.020767083333332 ], [ -82.79082475, 28.018805444444443 ], [ -82.791470138888883, 28.01737686111111 ], [ -82.791538472222214, 28.01304625 ], [ -82.793430027777774, 28.013417083333334 ], [ -82.793952277777777, 28.01122825 ], [ -82.793289194444441, 28.009219111111111 ], [ -82.792533361111111, 28.008479916666666 ], [ -82.792307861111112, 28.00746513888889 ], [ -82.792399305555548, 28.005593027777778 ], [ -82.792603361111105, 28.004548861111111 ], [ -82.793396861111106, 28.002216472222223 ], [ -82.794474777777779, 27.997862583333333 ], [ -82.794683944444444, 27.996429111111112 ], [ -82.794982777777776, 27.993562083333334 ], [ -82.795670083333334, 27.991650694444445 ], [ -82.795998777777783, 27.989155222222223 ], [ -82.798538722222219, 27.989190805555555 ], [ -82.79915141666666, 27.988884555555558 ], [ -82.799180722222218, 27.987098083333333 ], [ -82.798958388888892, 27.986859638888891 ], [ -82.798420888888884, 27.986776638888891 ], [ -82.798747972222216, 27.984403055555557 ], [ -82.798997388888893, 27.983017833333331 ], [ -82.79915875, 27.981407166666663 ], [ -82.799480083333336, 27.979783416666663 ], [ -82.800150305555547, 27.978219083333332 ], [ -82.800772583333327, 27.975433277777775 ], [ -82.80269766666666, 27.975414305555553 ], [ -82.803118, 27.97502158333333 ], [ -82.803268916666667, 27.974782694444443 ], [ -82.803225305555557, 27.97453486111111 ], [ -82.802359416666661, 27.973953805555553 ], [ -82.8024645, 27.973273888888887 ], [ -82.801524555555559, 27.973130194444444 ], [ -82.801437388888885, 27.972588083333331 ], [ -82.801766111111107, 27.970994916666665 ], [ -82.802089305555555, 27.969050472222222 ], [ -82.803026277777775, 27.969041277777777 ], [ -82.8040205, 27.966896027777775 ] ] } },
{ "type": "Feature", "properties": { "style": "solid", "thickness": 1 }, "geometry": { "type": "LineString", "coordinates": [ [ -82.624836194444441, 27.76850097222222 ], [ -82.624779583333321, 27.76062411111111 ] ] } },
{ "type": "Feature", "properties": { "style": "solid", "thickness": 1 }, "geometry": { "type": "LineString", "coordinates": [ [ -81.999188305555563, 26.92367338888889 ], [ -81.989304666666669, 26.908824611111111 ] ] } },
{ "type": "Feature", "properties": { "style": "solid", "thickness": 1 }, "geometry": { "type": "LineString", "coordinates": [ [ -81.288117972222224, 29.060856194444444 ], [ -81.277997333333332, 29.06865725 ] ] } },
{ "type": "Feature", "properties": { "style": "solid", "thickness": 1 }, "geometry": { "type": "LineString", "coordinates": [ [ -81.292627305555555, 29.072407722222223 ], [ -81.27589144444444, 29.064915694444444 ] ] } },
{ "type": "Feature", "properties": { "style": "solid", "thickness": 1 }, "geometry": { "type": "LineString", "coordinates": [ [ -82.223060833333335, 29.178822722222222 ], [ -82.223033861111119, 29.158286805555555 ] ] } },
{ "type": "Feature", "properties": { "style": "solid", "thickness": 1 }, "geometry": { "type": "LineString", "coordinates": [ [ -82.231405888888887, 29.179397722222223 ], [ -82.222120527777776, 29.180843277777779 ] ] } },
{ "type": "Feature", "properties": { "style": "solid", "thickness": 1 }, "geometry": { "type": "LineString", "coordinates": [ [ -82.476549416666671, 29.352566972222224 ], [ -82.461771444444452, 29.365555694444446 ] ] } },
{ "type": "Feature", "properties": { "style": "solid", "thickness": 1 }, "geometry": { "type": "LineString", "coordinates": [ [ -82.480686111111112, 29.355730555555557 ], [ -82.470325, 29.345480555555554 ] ] } },
{ "type": "Feature", "properties": { "style": "solid", "thickness": 1 }, "geometry": { "type": "LineString", "coordinates": [ [ -83.053275, 29.132141666666666 ], [ -83.047891666666658, 29.136352777777777 ] ] } },
{ "type": "Feature", "properties": { "style": "solid", "thickness": 1 }, "geometry": { "type": "LineString", "coordinates": [ [ -81.245473722222229, 28.77845375 ], [ -81.234306083333337, 28.77846875 ] ] } },
{ "type": "Feature", "properties": { "style": "solid", "thickness": 1 }, "geometry": { "type": "LineString", "coordinates": [ [ -81.255954777777774, 28.78173547222222 ], [ -81.221611638888888, 28.78178886111111 ] ] } },
{ "type": "Feature", "properties": { "style": "solid", "thickness": 1 }, "geometry": { "type": "LineString", "coordinates": [ [ -81.233836388888889, 28.769945 ], [ -81.21561058333333, 28.769970583333333 ] ] } },
{ "type": "Feature", "properties": { "style": "solid", "thickness": 1 }, "geometry": { "type": "LineString", "coordinates": [ [ -81.23478725, 28.783285 ], [ -81.234750194444445, 28.766778694444444 ] ] } },
{ "type": "Feature", "properties": { "style": "solid", "thickness": 1 }, "geometry": { "type": "LineString", "coordinates": [ [ -81.341291277777771, 28.548799666666667 ], [ -81.330394722222223, 28.540481861111111 ] ] } },
{ "type": "Feature", "properties": { "style": "solid", "thickness": 1 }, "geometry": { "type": "LineString", "coordinates": [ [ -81.33927386111111, 28.54282827777778 ], [ -81.322098472222223, 28.549359083333336 ] ] } },
{ "type": "Feature", "properties": { "style": "solid", "thickness": 1 }, "geometry": { "type": "LineString", "coordinates": [ [ -80.810670138888881, 28.515051916666668 ], [ -80.79510477777778, 28.515260222222221 ] ] } },
{ "type": "Feature", "properties": { "style": "solid", "thickness": 1 }, "geometry": { "type": "LineString", "coordinates": [ [ -80.79690052777778, 28.52461525 ], [ -80.796553277777775, 28.504489083333333 ] ] } },
{ "type": "Feature", "properties": { "style": "solid", "thickness": 1 }, "geometry": { "type": "LineString", "coordinates": [ [ -80.837683944444436, 28.626151694444445 ], [ -80.832825777777771, 28.619018 ] ] } },
{ "type": "Feature", "properties": { "style": "solid", "thickness": 1 }, "geometry": { "type": "LineString", "coordinates": [ [ -81.322306166666664, 28.448334388888888 ], [ -81.321954388888884, 28.415318583333331 ] ] } },
{ "type": "Feature", "properties": { "style": "solid", "thickness": 1 }, "geometry": { "type": "LineString", "coordinates": [ [ -81.32697475, 28.448293583333335 ], [ -81.32661927777778, 28.41527972222222 ] ] } },
{ "type": "Feature", "properties": { "style": "solid", "thickness": 1 }, "geometry": { "type": "LineString", "coordinates": [ [ -81.28258122222222, 28.443696666666668 ], [ -81.282327833333326, 28.418943722222224 ] ] } },
{ "type": "Feature", "properties": { "style": "solid", "thickness": 1 }, "geometry": { "type": "LineString", "coordinates": [ [ -81.295879333333332, 28.435611916666666 ], [ -81.295592638888891, 28.408109777777778 ] ] } },
{ "type": "Feature", "properties": { "style": "solid", "thickness": 1 }, "geometry": { "type": "LineString", "coordinates": [ [ -82.153395611111122, 28.216095 ], [ -82.153291055555556, 28.233148916666664 ] ] } },
{ "type": "Feature", "properties": { "style": "solid", "thickness": 1 }, "geometry": { "type": "LineString", "coordinates": [ [ -82.689334111111108, 27.899767833333332 ], [ -82.6774615, 27.912460138888889 ] ] } },
{ "type": "Feature", "properties": { "style": "solid", "thickness": 1 }, "geometry": { "type": "LineString", "coordinates": [ [ -81.206736222222219, 27.785222111111114 ], [ -81.20074405555556, 27.773168527777777 ] ] } },
{ "type": "Feature", "properties": { "style": "solid", "thickness": 1 }, "geometry": { "type": "LineString", "coordinates": [ [ -82.4468875, 27.076158 ], [ -82.434677944444445, 27.065145666666666 ] ] } },
{ "type": "Feature", "properties": { "style": "solid", "thickness": 1 }, "geometry": { "type": "LineString", "coordinates": [ [ -81.433800166666671, 26.745837416666667 ], [ -81.422771611111116, 26.735307027777779 ] ] } },
{ "type": "Feature", "properties": { "style": "solid", "thickness": 1 }, "geometry": { "type": "LineString", "coordinates": [ [ -82.42887025, 27.923899222222225 ], [ -82.428958166666675, 27.925909611111113 ], [ -82.432672444444449, 27.929178916666668 ], [ -82.434242833333343, 27.930473861111111 ], [ -82.434286472222226, 27.932024305555558 ], [ -82.434134027777787, 27.933877527777778 ], [ -82.432706888888887, 27.934205027777779 ], [ -82.432549, 27.934988861111112 ], [ -82.433297722222221, 27.935702583333335 ], [ -82.433987055555562, 27.937054583333335 ], [ -82.434232944444446, 27.937866083333333 ], [ -82.434157666666664, 27.9392415 ], [ -82.433472805555553, 27.940976472222221 ], [ -82.432837805555565, 27.941643138888889 ], [ -82.432185138888897, 27.943049583333334 ], [ -82.430039416666673, 27.94644511111111 ], [ -82.428145166666667, 27.946442055555554 ], [ -82.428126083333339, 27.946710444444445 ], [ -82.42688722222222, 27.947004944444444 ], [ -82.425669166666665, 27.947526388888889 ], [ -82.424458055555561, 27.947330083333334 ], [ -82.423462111111121, 27.947425166666665 ], [ -82.422983222222229, 27.947305527777779 ], [ -82.422573722222225, 27.946639916666665 ], [ -82.422587472222233, 27.94598175 ], [ -82.422760472222222, 27.944211027777779 ], [ -82.422563361111116, 27.943304555555557 ], [ -82.422204472222234, 27.942951944444445 ], [ -82.421583305555558, 27.94276175 ], [ -82.420556111111111, 27.942955 ], [ -82.41864836111111, 27.942838805555557 ], [ -82.4155395, 27.942991638888888 ], [ -82.415362527777788, 27.943175694444445 ], [ -82.415613666666673, 27.9457645 ], [ -82.415566611111117, 27.948196611111111 ], [ -82.416253722222223, 27.949704416666666 ], [ -82.417978416666671, 27.951106583333331 ], [ -82.418770277777782, 27.951384277777777 ], [ -82.418870916666677, 27.9517585 ], [ -82.418520416666667, 27.952166444444444 ], [ -82.417933305555565, 27.952752583333332 ], [ -82.416638055555566, 27.952731916666664 ], [ -82.416388194444451, 27.953256444444445 ], [ -82.41496886111112, 27.953373 ], [ -82.414330361111112, 27.952958916666667 ], [ -82.414304638888893, 27.95206425 ], [ -82.414307166666674, 27.950633972222221 ], [ -82.414044972222229, 27.94986425 ], [ -82.411983638888898, 27.947550861111111 ], [ -82.411644694444448, 27.945496222222221 ], [ -82.41151675, 27.944300666666667 ], [ -82.411704777777786, 27.943318111111111 ], [ -82.411471638888898, 27.943239472222224 ], [ -82.409817777777789, 27.943894388888889 ], [ -82.404450861111116, 27.946552944444445 ], [ -82.401910861111119, 27.946675083333332 ], [ -82.401964, 27.945218972222222 ], [ -82.403404027777782, 27.94518375 ], [ -82.405582694444448, 27.944281888888888 ], [ -82.406401, 27.943220333333333 ], [ -82.411949333333339, 27.941300722222223 ], [ -82.413627555555564, 27.940844527777777 ], [ -82.413632805555565, 27.93893113888889 ], [ -82.414594083333341, 27.937605888888889 ], [ -82.414596722222228, 27.937135083333335 ], [ -82.4139105, 27.936340555555557 ], [ -82.413556833333345, 27.932753972222223 ], [ -82.413300055555567, 27.932493194444447 ], [ -82.413434944444447, 27.930968472222222 ], [ -82.412892944444451, 27.92896702777778 ], [ -82.41325125, 27.92836875 ], [ -82.414380805555567, 27.927869444444447 ], [ -82.414678055555555, 27.92690427777778 ], [ -82.416260472222234, 27.926529972222223 ], [ -82.417392777777778, 27.926737027777779 ], [ -82.417720722222228, 27.927086027777779 ], [ -82.417678222222222, 27.928412166666668 ], [ -82.417915416666673, 27.928397694444445 ], [ -82.418387861111114, 27.927528583333334 ], [ -82.41868791666667, 27.926615972222223 ], [ -82.419779416666671, 27.925620277777778 ], [ -82.420623555555565, 27.92552363888889 ], [ -82.424532333333332, 27.92886577777778 ], [ -82.424679250000011, 27.93024463888889 ], [ -82.425247, 27.93088213888889 ], [ -82.426507166666667, 27.931532111111114 ], [ -82.427308777777782, 27.931682416666668 ], [ -82.42824575, 27.931519833333333 ], [ -82.429002250000011, 27.932093527777781 ], [ -82.42958327777778, 27.931690194444446 ], [ -82.42821686111111, 27.930568111111111 ], [ -82.42809172222222, 27.929893333333336 ], [ -82.425934305555558, 27.928093055555557 ], [ -82.424813694444452, 27.927030527777777 ], [ -82.42266747222223, 27.92513402777778 ], [ -82.422152805555555, 27.924518111111112 ], [ -82.421420583333344, 27.924423 ], [ -82.421223055555558, 27.923708805555556 ], [ -82.42056025, 27.923006222222224 ], [ -82.419435444444446, 27.921990833333336 ], [ -82.419447166666671, 27.921047194444444 ], [ -82.422039250000012, 27.916883916666666 ], [ -82.422693888888887, 27.915887027777778 ] ] } },
{ "type": "Feature", "properties": { "style": "solid", "thickness": 1 }, "geometry": { "type": "LineString", "coordinates": [ [ -82.241900888888892, 27.861770666666668 ], [ -82.24194125, 27.862489055555557 ], [ -82.241718888888883, 27.863339111111113 ], [ -82.241240555555549, 27.864440611111114 ], [ -82.240742027777785, 27.865182888888889 ], [ -82.239960583333328, 27.865697666666669 ], [ -82.23889625, 27.865984944444445 ], [ -82.236875361111117, 27.866074583333333 ], [ -82.235379944444446, 27.865900805555558 ], [ -82.234686166666663, 27.8655715 ], [ -82.233696055555555, 27.864775166666668 ], [ -82.23339302777778, 27.864188472222224 ], [ -82.233069833333332, 27.863242583333335 ], [ -82.232962361111106, 27.86132688888889 ], [ -82.233191472222231, 27.860596555555556 ], [ -82.234262861111105, 27.8580285 ], [ -82.23578533333334, 27.856280611111114 ], [ -82.238217138888885, 27.853892222222225 ], [ -82.241147305555558, 27.8507615 ], [ -82.232660805555554, 27.851137888888889 ] ] } },
{ "type": "Feature", "properties": { "style": "solid", "thickness": 1 }, "geometry": { "type": "LineString", "coordinates": [ [ -82.22772075, 27.866600222222225 ], [ -82.217346805555565, 27.867059138888891 ], [ -82.223770138888895, 27.851531611111113 ] ] } },
{ "type": "Feature", "properties": { "style": "solid", "thickness": 1 }, "geometry": { "type": "LineString", "coordinates": [ [ -82.770392944444438, 28.197215305555556 ], [ -82.770436916666668, 28.197933472222221 ], [ -82.770218, 28.198784361111112 ], [ -82.769743527777777, 28.199887583333332 ], [ -82.769247083333326, 28.20063175 ], [ -82.768465722222217, 28.2011495 ], [ -82.767399472222223, 28.201440833333333 ], [ -82.765372777777785, 28.201538166666666 ], [ -82.763871888888886, 28.201370166666667 ], [ -82.763174361111112, 28.2010435 ], [ -82.762177305555554, 28.200251027777778 ], [ -82.7618705, 28.199665527777778 ], [ -82.761541694444446, 28.198720916666666 ], [ -82.761424583333337, 28.19680575 ], [ -82.761650861111107, 28.196074583333335 ], [ -82.762713055555551, 28.193502583333334 ], [ -82.764231777777781, 28.191748972222221 ], [ -82.7666595, 28.189351416666668 ], [ -82.769583527777783, 28.186209666666667 ], [ -82.76107258333333, 28.186618472222221 ] ] } },
{ "type": "Feature", "properties": { "style": "solid", "thickness": 1 }, "geometry": { "type": "LineString", "coordinates": [ [ -82.747132388888886, 28.202413027777776 ], [ -82.75334766666667, 28.202115194444445 ], [ -82.754574111111111, 28.195573777777778 ], [ -82.753387416666669, 28.196110888888889 ], [ -82.752343111111117, 28.196761194444445 ], [ -82.749911166666664, 28.19687775 ], [ -82.748680583333339, 28.196696611111111 ], [ -82.747420777777776, 28.196036666666668 ], [ -82.745967444444446, 28.194425611111111 ], [ -82.745609611111107, 28.193002166666666 ], [ -82.74550008333334, 28.191206694444446 ], [ -82.74623033333333, 28.189851194444444 ], [ -82.74709569444444, 28.188489194444443 ], [ -82.747479083333332, 28.188110694444443 ], [ -82.748253138888884, 28.18747336111111 ], [ -82.749589472222226, 28.18716925 ], [ -82.751075527777772, 28.187098027777779 ], [ -82.752170916666671, 28.187285611111111 ], [ -82.753551138888895, 28.187699638888891 ], [ -82.7548255, 28.188598916666667 ], [ -82.754982527777784, 28.188951527777778 ] ] } },
{ "type": "Feature", "properties": { "style": "solid", "thickness": 1 }, "geometry": { "type": "LineString", "coordinates": [ [ -82.494760138888893, 28.151712555555555 ], [ -82.492734138888892, 28.151805916666664 ], [ -82.491863666666674, 28.136961555555555 ] ] } },
{ "type": "Feature", "properties": { "style": "solid", "thickness": 1 }, "geometry": { "type": "LineString", "coordinates": [ [ -82.485614277777785, 28.148172583333334 ], [ -82.485656361111111, 28.148890861111109 ], [ -82.485435305555555, 28.149741277777778 ], [ -82.484958166666672, 28.150843555555554 ], [ -82.484459972222226, 28.151586694444443 ], [ -82.483677611111105, 28.152102833333331 ], [ -82.482611083333339, 28.152391944444442 ], [ -82.480585055555551, 28.152485138888888 ], [ -82.479085305555557, 28.152314027777777 ], [ -82.478388944444447, 28.151985916666664 ], [ -82.477394444444442, 28.151191388888886 ], [ -82.477089305555552, 28.150605222222222 ], [ -82.476763138888884, 28.149659944444444 ], [ -82.476651083333337, 28.147744527777778 ], [ -82.47687919444445, 28.147013833333332 ], [ -82.477947666666665, 28.144444 ], [ -82.479470277777779, 28.1426935 ], [ -82.481903194444442, 28.140300944444444 ], [ -82.484834138888885, 28.137165194444442 ], [ -82.476326027777773, 28.137556472222222 ] ] } },
{ "type": "Feature", "properties": { "style": "solid", "thickness": 1 }, "geometry": { "type": "LineString", "coordinates": [ [ -82.798533833333337, 27.83355672222222 ], [ -82.796514055555548, 27.833654527777778 ], [ -82.795604916666662, 27.818811472222222 ] ] } },
{ "type": "Feature", "properties": { "style": "solid", "thickness": 1 }, "geometry": { "type": "LineString", "coordinates": [ [ -82.779369555555562, 27.822717944444445 ], [ -82.788794333333328, 27.8222625 ], [ -82.78157486111111, 27.834496972222222 ], [ -82.78066775, 27.81965386111111 ] ] } },
{ "type": "Feature", "properties": { "style": "solid", "thickness": 1 }, "geometry": { "type": "LineString", "coordinates": [ [ -81.553993722222216, 27.917502111111112 ], [ -81.554029583333332, 27.918220666666667 ], [ -81.55380175, 27.919069611111112 ], [ -81.553316222222222, 27.920168694444445 ], [ -81.55281275, 27.920908472222223 ], [ -81.552027694444448, 27.921419361111113 ], [ -81.550961, 27.921701333333335 ], [ -81.548938555555551, 27.92178088888889 ], [ -81.547443472222227, 27.921599694444446 ], [ -81.546751416666666, 27.921266916666667 ], [ -81.545765861111107, 27.920465694444445 ], [ -81.54546636111111, 27.9198775 ], [ -81.545148972222222, 27.91893 ], [ -81.5450535, 27.917013833333336 ], [ -81.545287361111107, 27.916284666666666 ], [ -81.546375444444436, 27.91372197222222 ], [ -81.547909722222215, 27.911981694444442 ], [ -81.550357805555549, 27.909605472222221 ], [ -81.553309166666665, 27.906489388888886 ], [ -81.544816055555557, 27.906823527777778 ] ] } },
{ "type": "Feature", "properties": { "style": "solid", "thickness": 1 }, "geometry": { "type": "LineString", "coordinates": [ [ -81.53970225, 27.918064027777778 ], [ -81.539738027777773, 27.918782611111112 ], [ -81.539510083333326, 27.919631527777778 ], [ -81.539024416666663, 27.920730555555558 ], [ -81.53852086111111, 27.921470277777779 ], [ -81.537735694444436, 27.921981083333336 ], [ -81.536668972222216, 27.922262944444444 ], [ -81.5346465, 27.922342305555556 ], [ -81.533151444444442, 27.922160944444446 ], [ -81.532459444444441, 27.921828111111111 ], [ -81.531473972222216, 27.921026777777779 ], [ -81.531174555555552, 27.920438555555556 ], [ -81.53085727777777, 27.919491027777777 ], [ -81.530762083333329, 27.917574833333333 ], [ -81.530996027777775, 27.916845694444447 ], [ -81.532084472222223, 27.914283138888887 ], [ -81.533618972222214, 27.912543027777776 ], [ -81.536067361111108, 27.910167027777778 ], [ -81.539019138888889, 27.907051277777775 ], [ -81.530525972222222, 27.907384527777776 ] ] } },
{ "type": "Feature", "properties": { "style": "solid", "thickness": 1 }, "geometry": { "type": "LineString", "coordinates": [ [ -82.762785194444447, 28.020528833333334 ], [ -82.761006388888887, 28.022415166666665 ], [ -82.759489972222227, 28.024168777777778 ], [ -82.758236027777784, 28.025789722222221 ], [ -82.757485083333336, 28.026786222222221 ], [ -82.756883638888894, 28.028015638888888 ], [ -82.756686888888893, 28.029225611111109 ], [ -82.756617694444444, 28.030309416666665 ], [ -82.756749166666665, 28.032464055555554 ], [ -82.757205, 28.0332825 ], [ -82.757788444444444, 28.033974777777779 ], [ -82.758379194444444, 28.034786777777779 ], [ -82.761270694444448, 28.035608222222223 ], [ -82.76288955555556, 28.03553038888889 ], [ -82.764592138888887, 28.034608166666668 ], [ -82.764847333333336, 28.03435577777778 ], [ -82.765868055555558, 28.03334625 ], [ -82.76598833333334, 28.03310036111111 ], [ -82.766425555555557, 28.031398611111111 ], [ -82.766352416666663, 28.030201583333334 ], [ -82.766031416666664, 28.029376666666664 ], [ -82.76571775, 28.028671444444445 ], [ -82.76512697222222, 28.027859472222222 ], [ -82.763996611111111, 28.02707347222222 ], [ -82.762888194444443, 28.026646583333331 ], [ -82.762206416666672, 28.026559305555555 ], [ -82.761262166666668, 28.026604694444444 ], [ -82.760594972222222, 28.026756833333334 ], [ -82.75836019444445, 28.027824638888887 ], [ -82.756679583333337, 28.029105916666666 ] ] } },
{ "type": "Feature", "properties": { "style": "solid", "thickness": 1 }, "geometry": { "type": "LineString", "coordinates": [ [ -82.792244666666662, 27.952723611111111 ], [ -82.790222638888892, 27.952821305555556 ], [ -82.789313277777779, 27.93797836111111 ] ] } },
{ "type": "Feature", "properties": { "style": "solid", "thickness": 1 }, "geometry": { "type": "LineString", "coordinates": [ [ -82.773482972222226, 27.944384861111111 ], [ -82.773702444444439, 27.947975944444444 ], [ -82.774231222222227, 27.94999138888889 ], [ -82.774559361111116, 27.950936 ], [ -82.775007666666667, 27.95163472222222 ], [ -82.776713111111107, 27.952993138888889 ], [ -82.778367361111108, 27.953513638888889 ], [ -82.778906555555551, 27.953487638888888 ], [ -82.780487583333326, 27.95281111111111 ], [ -82.7818825, 27.951303138888889 ], [ -82.78237775, 27.950558916666665 ], [ -82.782588722222215, 27.949588277777778 ], [ -82.782868583333325, 27.947533833333335 ], [ -82.782648805555553, 27.943942805555555 ], [ -82.782119916666659, 27.941927388888889 ], [ -82.781791722222223, 27.940982777777776 ], [ -82.781208638888884, 27.940290583333333 ], [ -82.779638111111112, 27.938925694444446 ], [ -82.777984083333337, 27.938405222222222 ], [ -82.77744494444444, 27.938431222222224 ], [ -82.775864138888892, 27.939107722222221 ], [ -82.7743345, 27.940622138888891 ], [ -82.773974027777783, 27.941359833333333 ], [ -82.773762972222215, 27.942330444444444 ], [ -82.773482972222226, 27.944384861111111 ] ] } },
{ "type": "Feature", "properties": { "style": "solid", "thickness": 1 }, "geometry": { "type": "LineString", "coordinates": [ [ -82.788496888888886, 27.908763888888888 ], [ -82.786475694444448, 27.908861527777777 ], [ -82.785567222222227, 27.894018555555554 ] ] } },
{ "type": "Feature", "properties": { "style": "solid", "thickness": 1 }, "geometry": { "type": "LineString", "coordinates": [ [ -82.777986611111103, 27.909271361111109 ], [ -82.775965388888892, 27.909368861111108 ], [ -82.775058361111107, 27.894525777777776 ] ] } },
{ "type": "Feature", "properties": { "style": "solid", "thickness": 1 }, "geometry": { "type": "LineString", "coordinates": [ [ -82.696866944444452, 28.067459944444444 ], [ -82.694842694444446, 28.06755625 ], [ -82.693945333333332, 28.052712972222224 ] ] } },
{ "type": "Feature", "properties": { "style": "solid", "thickness": 1 }, "geometry": { "type": "LineString", "coordinates": [ [ -82.686940888888898, 28.064450555555556 ], [ -82.686863777777788, 28.065414611111112 ], [ -82.68663, 28.066025972222224 ], [ -82.685750416666664, 28.067148166666666 ], [ -82.684969638888887, 28.06766547222222 ], [ -82.684188833333337, 28.06818275 ], [ -82.682988722222234, 28.068479833333335 ], [ -82.682313972222232, 28.068511861111112 ], [ -82.680815055555556, 28.068342944444446 ], [ -82.679549944444446, 28.067562666666667 ], [ -82.678689694444444, 28.066763166666668 ], [ -82.678511416666666, 28.066051333333334 ], [ -82.678367027777782, 28.06365725 ], [ -82.6788635, 28.062913388888891 ], [ -82.679757555555554, 28.062030638888888 ], [ -82.680914277777788, 28.061015333333334 ], [ -82.68185886111111, 28.0609705 ] ] } },
{ "type": "Feature", "properties": { "style": "solid", "thickness": 1 }, "geometry": { "type": "LineString", "coordinates": [ [ -82.680914277777788, 28.061015333333334 ], [ -82.679244416666677, 28.06025427777778 ], [ -82.678675777777784, 28.059801083333333 ], [ -82.677950527777782, 28.058995166666666 ], [ -82.677793944444446, 28.058642444444445 ], [ -82.677594027777786, 28.0575715 ], [ -82.67757238888889, 28.057212388888889 ], [ -82.677649583333334, 28.056248361111113 ], [ -82.677876138888891, 28.055517305555558 ], [ -82.678500277777786, 28.054647361111112 ], [ -82.679273805555567, 28.054010416666667 ], [ -82.680579805555567, 28.05322811111111 ], [ -82.68368325, 28.05308075 ], [ -82.684649472222219, 28.053395 ], [ -82.686191555555553, 28.05428211111111 ], [ -82.68647586111112, 28.054508694444444 ], [ -82.686952944444442, 28.0556865 ], [ -82.686981861111121, 28.056165305555556 ] ] } },
{ "type": "Feature", "properties": { "style": "solid", "thickness": 1 }, "geometry": { "type": "LineString", "coordinates": [ [ -82.730133666666674, 27.831898055555556 ], [ -82.728113861111112, 27.831994861111109 ], [ -82.727214, 27.817151388888888 ] ] } },
{ "type": "Feature", "properties": { "style": "solid", "thickness": 1 }, "geometry": { "type": "LineString", "coordinates": [ [ -82.71209711111112, 27.832881444444443 ], [ -82.71829127777778, 27.832585222222221 ], [ -82.71951575, 27.826043777777777 ], [ -82.718332888888895, 27.826580611111112 ], [ -82.71729194444444, 27.827230666666665 ], [ -82.71486825, 27.827346583333334 ], [ -82.713641916666674, 27.827165138888887 ], [ -82.712386638888887, 27.826504833333335 ], [ -82.710938805555557, 27.824893305555555 ], [ -82.710582638888894, 27.823469694444444 ], [ -82.710474083333338, 27.821674111111111 ], [ -82.71120230555556, 27.820318722222222 ], [ -82.712065166666676, 27.818956888888888 ], [ -82.712447361111117, 27.818578472222221 ], [ -82.713219, 27.817941305555554 ], [ -82.714550888888894, 27.817637527777777 ], [ -82.716031888888892, 27.817566694444444 ], [ -82.7171235, 27.817754555555556 ], [ -82.718498861111115, 27.818168972222221 ], [ -82.719768583333334, 27.81906863888889 ], [ -82.719924944444443, 27.819421305555554 ] ] } },
{ "type": "Feature", "properties": { "style": "solid", "thickness": 1 }, "geometry": { "type": "LineString", "coordinates": [ [ -82.732632916666674, 27.7749065 ], [ -82.730614138888896, 27.775003333333334 ], [ -82.72971444444444, 27.760159694444443 ] ] } },
{ "type": "Feature", "properties": { "style": "solid", "thickness": 1 }, "geometry": { "type": "LineString", "coordinates": [ [ -82.716617277777786, 27.775673888888889 ], [ -82.71839283333334, 27.773788083333333 ], [ -82.719906416666674, 27.772034861111109 ], [ -82.721158027777776, 27.770414222222222 ], [ -82.721907527777773, 27.769417888888889 ], [ -82.722507944444445, 27.76818861111111 ], [ -82.722704611111112, 27.766978638888887 ], [ -82.722773972222228, 27.765894833333334 ], [ -82.7226435, 27.763740083333332 ], [ -82.722189083333333, 27.762921472222221 ], [ -82.721607305555551, 27.762229027777778 ], [ -82.721018333333333, 27.761416861111112 ], [ -82.718134444444445, 27.760594527777776 ], [ -82.716519638888897, 27.760671805555557 ], [ -82.714820916666667, 27.7615935 ], [ -82.71456625, 27.761845777777779 ], [ -82.71354761111111, 27.762854944444445 ], [ -82.7134275, 27.763100805555556 ], [ -82.712990527777777, 27.764802444444445 ], [ -82.713062916666672, 27.765999527777776 ], [ -82.713382722222221, 27.766824611111112 ], [ -82.713695277777774, 27.767529972222221 ], [ -82.71428425, 27.768342166666667 ], [ -82.715411555555562, 27.76912861111111 ], [ -82.716517138888889, 27.769555916666665 ], [ -82.717197277777785, 27.769643416666664 ], [ -82.71813933333334, 27.769598333333331 ], [ -82.71880497222223, 27.769446416666664 ], [ -82.721034833333334, 27.768379222222222 ], [ -82.722711861111108, 27.767098333333333 ] ] } },
{ "type": "Feature", "properties": { "style": "solid", "thickness": 1 }, "geometry": { "type": "LineString", "coordinates": [ [ -82.671285722222223, 27.751100194444444 ], [ -82.669267333333337, 27.75119611111111 ], [ -82.668376138888888, 27.736352111111113 ] ] } },
{ "type": "Feature", "properties": { "style": "solid", "thickness": 1 }, "geometry": { "type": "LineString", "coordinates": [ [ -82.662284638888892, 27.751767888888889 ], [ -82.651923527777782, 27.752259388888888 ], [ -82.658278416666676, 27.736711555555555 ] ] } },
{ "type": "Feature", "properties": { "style": "solid", "thickness": 1 }, "geometry": { "type": "LineString", "coordinates": [ [ -82.609558166666659, 27.478787555555552 ], [ -82.607544722222215, 27.478882611111111 ], [ -82.606664111111101, 27.464037666666666 ] ] } },
{ "type": "Feature", "properties": { "style": "solid", "thickness": 1 }, "geometry": { "type": "LineString", "coordinates": [ [ -82.597334666666669, 27.472401083333331 ], [ -82.593442222222222, 27.472584444444443 ], [ -82.591315555555553, 27.47076375 ], [ -82.591004611111103, 27.470058083333331 ], [ -82.59070075, 27.469472138888886 ], [ -82.59061575, 27.468035527777776 ], [ -82.591088861111103, 27.466932777777775 ], [ -82.59183038888888, 27.465817416666667 ], [ -82.592607305555546, 27.465300611111111 ], [ -82.593122916666658, 27.464916166666665 ], [ -82.594175361111112, 27.464506444444442 ], [ -82.596591166666656, 27.464392638888889 ], [ -82.597686138888889, 27.464701194444444 ], [ -82.598526861111111, 27.465261833333333 ], [ -82.599247583333323, 27.466068222222223 ], [ -82.599706972222222, 27.467006972222222 ], [ -82.599890833333333, 27.467838666666665 ], [ -82.599961777777779, 27.469035861111109 ], [ -82.599863027777772, 27.469640777777776 ], [ -82.599502944444438, 27.470378055555553 ], [ -82.598987333333326, 27.4707625 ], [ -82.597334666666669, 27.472401083333331 ], [ -82.598599388888886, 27.473301888888887 ], [ -82.59932725, 27.474228 ], [ -82.599631166666668, 27.474813916666665 ], [ -82.599744666666666, 27.476729416666664 ], [ -82.599158666666668, 27.478197638888886 ], [ -82.59877725, 27.478575777777777 ], [ -82.597597555555552, 27.479111583333331 ], [ -82.596813472222223, 27.479508694444444 ], [ -82.595068472222223, 27.479590888888886 ], [ -82.593839138888882, 27.479288638888889 ], [ -82.59201619444444, 27.478053916666664 ], [ -82.591712305555546, 27.477467972222222 ], [ -82.591584777777769, 27.475313027777776 ], [ -82.59191658333333, 27.474096888888887 ], [ -82.592043722222215, 27.473970861111109 ], [ -82.5926865, 27.473460388888888 ], [ -82.593442222222222, 27.472584444444443 ] ] } },
{ "type": "Feature", "properties": { "style": "solid", "thickness": 1 }, "geometry": { "type": "LineString", "coordinates": [ [ -82.553319666666667, 27.52005447222222 ], [ -82.5513055, 27.520148666666667 ], [ -82.55043213888888, 27.505303916666666 ] ] } },
{ "type": "Feature", "properties": { "style": "solid", "thickness": 1 }, "geometry": { "type": "LineString", "coordinates": [ [ -82.540496861111109, 27.50576825 ], [ -82.538722638888885, 27.50765175 ], [ -82.537209861111108, 27.509402972222222 ], [ -82.535958555555553, 27.51102197222222 ], [ -82.535209138888888, 27.512017277777776 ], [ -82.534608055555552, 27.513245777777779 ], [ -82.534409777777782, 27.514455472222224 ], [ -82.534338722222216, 27.515539166666667 ], [ -82.534465166666664, 27.517694083333332 ], [ -82.534917194444446, 27.518513305555555 ], [ -82.535496472222221, 27.519206527777776 ], [ -82.536082777777779, 27.5200195 ], [ -82.538958861111112, 27.52084561111111 ], [ -82.540570222222215, 27.520770388888888 ], [ -82.542266611111103, 27.519850861111109 ], [ -82.542521111111114, 27.519598888888886 ], [ -82.543539027777783, 27.518590972222221 ], [ -82.54365925, 27.518345277777776 ], [ -82.544097833333325, 27.516644166666666 ], [ -82.544027472222226, 27.515447 ], [ -82.543709694444445, 27.514621527777777 ], [ -82.543398944444448, 27.513915777777779 ], [ -82.542812611111103, 27.513102861111111 ], [ -82.541689222222217, 27.512315 ], [ -82.540586944444442, 27.511886305555556 ], [ -82.539908555555556, 27.511797944444446 ], [ -82.538968666666662, 27.511841833333332 ], [ -82.538304361111116, 27.511992888888887 ], [ -82.536078, 27.51305713888889 ], [ -82.53440275, 27.51433575 ] ] } },
{ "type": "Feature", "properties": { "style": "solid", "thickness": 1 }, "geometry": { "type": "LineString", "coordinates": [ [ -82.517369638888894, 27.335954083333331 ], [ -82.517411611111115, 27.336672388888889 ], [ -82.51719247222222, 27.337522888888888 ], [ -82.516719194444448, 27.338625333333333 ], [ -82.516224944444446, 27.339368638888889 ], [ -82.515448583333338, 27.339884972222222 ], [ -82.514390083333339, 27.34017436111111 ], [ -82.512379194444449, 27.340268027777778 ], [ -82.510890583333335, 27.34009725 ], [ -82.51019930555556, 27.339769305555553 ], [ -82.509212, 27.338974944444445 ], [ -82.508908944444443, 27.338388833333333 ], [ -82.508584944444451, 27.337443583333332 ], [ -82.508473166666661, 27.33552811111111 ], [ -82.508699361111113, 27.334797333333331 ], [ -82.509759111111109, 27.332227111111109 ], [ -82.511269861111117, 27.330476166666667 ], [ -82.513683916666665, 27.328082916666666 ], [ -82.516592083333336, 27.32494636111111 ], [ -82.5081475, 27.325339638888888 ] ] } },
{ "type": "Feature", "properties": { "style": "solid", "thickness": 1 }, "geometry": { "type": "LineString", "coordinates": [ [ -82.5017815, 27.340641055555555 ], [ -82.499770611111117, 27.340734527777776 ], [ -82.49890558333334, 27.3258895 ] ] } },
{ "type": "Feature", "properties": { "style": "solid", "thickness": 1 }, "geometry": { "type": "LineString", "coordinates": [ [ -81.631208638888879, 28.206400222222221 ], [ -81.631245055555553, 28.207118722222223 ], [ -81.631017222222212, 28.20796775 ], [ -81.630531111111111, 28.209067027777778 ], [ -81.630026805555545, 28.209807055555554 ], [ -81.629239972222209, 28.210318305555553 ], [ -81.628170638888889, 28.210600833333334 ], [ -81.626142861111106, 28.210681444444443 ], [ -81.624643666666657, 28.210501055555554 ], [ -81.623949555555555, 28.210168666666664 ], [ -81.62296080555555, 28.209368 ], [ -81.622660138888875, 28.208779972222221 ], [ -81.62234125, 28.207832722222221 ], [ -81.622244277777767, 28.205916694444443 ], [ -81.62247825, 28.205187444444444 ], [ -81.623567527777766, 28.202624305555556 ], [ -81.625104722222218, 28.200883305555553 ], [ -81.62755775, 28.198505916666665 ], [ -81.630514888888882, 28.195388472222223 ], [ -81.621999361111108, 28.195727027777778 ] ] } },
{ "type": "Feature", "properties": { "style": "solid", "thickness": 1 }, "geometry": { "type": "LineString", "coordinates": [ [ -81.616092583333327, 28.207480833333332 ], [ -81.616005833333332, 28.208444222222223 ], [ -81.61576575, 28.209053694444442 ], [ -81.61487394444444, 28.210169027777777 ], [ -81.614087027777771, 28.210680194444443 ], [ -81.613300138888889, 28.211191388888889 ], [ -81.612095555555555, 28.211479138888887 ], [ -81.611419611111103, 28.211505916666667 ], [ -81.609920444444441, 28.211325361111111 ], [ -81.608661444444436, 28.210535333333333 ], [ -81.607808, 28.209729194444442 ], [ -81.607636527777771, 28.209016027777778 ], [ -81.607515611111111, 28.206621 ], [ -81.608020055555556, 28.205881055555555 ], [ -81.608924, 28.205005305555556 ], [ -81.610092222222221, 28.203999055555556 ], [ -81.611038472222219, 28.203961555555555 ] ] } },
{ "type": "Feature", "properties": { "style": "solid", "thickness": 1 }, "geometry": { "type": "LineString", "coordinates": [ [ -81.610092222222221, 28.203999055555556 ], [ -81.60842775, 28.203225083333333 ], [ -81.607862861111101, 28.2027675 ], [ -81.607144666666656, 28.201956027777776 ], [ -81.606991333333326, 28.201602111111111 ], [ -81.606801777777775, 28.200529694444445 ], [ -81.606783638888885, 28.200170444444442 ], [ -81.606870444444439, 28.199207083333334 ], [ -81.607104527777778, 28.198477861111112 ], [ -81.607738055555544, 28.197612805555554 ], [ -81.608518833333321, 28.196981916666665 ], [ -81.60983425, 28.196209805555554 ], [ -81.612943111111107, 28.196086527777776 ], [ -81.613907444444436, 28.196408277777778 ], [ -81.61544275, 28.197307277777778 ], [ -81.615725194444437, 28.197536055555556 ], [ -81.61619125, 28.1987175 ], [ -81.616215472222223, 28.1991965 ] ] } },
{ "type": "Feature", "properties": { "style": "solid", "thickness": 1 }, "geometry": { "type": "LineString", "coordinates": [ [ -82.432346416666675, 28.56068025 ], [ -82.432266666666678, 28.561644027777778 ], [ -82.432030416666677, 28.562254861111111 ], [ -82.431144111111109, 28.563375333333333 ], [ -82.430358500000011, 28.563891111111111 ], [ -82.429572888888899, 28.56440688888889 ], [ -82.428366555555556, 28.564701722222225 ], [ -82.427688611111122, 28.5647325 ], [ -82.426183194444448, 28.564560833333335 ], [ -82.424914083333334, 28.563778305555555 ], [ -82.424051777777777, 28.562977305555556 ], [ -82.423874361111118, 28.562265222222223 ], [ -82.423734972222221, 28.559871166666667 ], [ -82.424235472222222, 28.559128333333334 ], [ -82.42513575000001, 28.558247305555557 ], [ -82.426300194444451, 28.557234277777777 ], [ -82.42724922222223, 28.557191194444446 ] ] } },
{ "type": "Feature", "properties": { "style": "solid", "thickness": 1 }, "geometry": { "type": "LineString", "coordinates": [ [ -82.426300194444451, 28.557234277777777 ], [ -82.424624444444447, 28.556470222222224 ], [ -82.424054250000012, 28.55601602777778 ], [ -82.423327583333332, 28.555208861111112 ], [ -82.423171083333344, 28.554855916666668 ], [ -82.42297280555556, 28.553784722222222 ], [ -82.422951888888889, 28.553425611111113 ], [ -82.423031722222234, 28.552461833333336 ], [ -82.423261055555557, 28.551731305555556 ], [ -82.42389011111112, 28.550862611111111 ], [ -82.424668694444449, 28.550227166666666 ], [ -82.425982555555564, 28.54944738888889 ], [ -82.429100638888897, 28.549305777777779 ], [ -82.43007055555556, 28.54962177777778 ], [ -82.431617638888895, 28.550511638888889 ], [ -82.43190275, 28.550738722222224 ], [ -82.432379250000011, 28.55191725 ], [ -82.432407166666678, 28.552396083333335 ] ] } },
{ "type": "Feature", "properties": { "style": "solid", "thickness": 1 }, "geometry": { "type": "LineString", "coordinates": [ [ -82.184965305555565, 28.37225613888889 ], [ -82.186759916666674, 28.370377416666667 ], [ -82.188290444444448, 28.36863025 ], [ -82.189556944444448, 28.36701463888889 ], [ -82.190315472222224, 28.366021305555556 ], [ -82.190925222222219, 28.364794472222222 ], [ -82.191128916666671, 28.36358538888889 ], [ -82.191203972222226, 28.362501972222223 ], [ -82.191083388888899, 28.360346972222224 ], [ -82.190630472222225, 28.359526694444448 ], [ -82.190048888888896, 28.358832083333336 ], [ -82.189460638888889, 28.358017722222225 ], [ -82.186564916666669, 28.357184333333336 ], [ -82.184940805555556, 28.357255361111111 ], [ -82.183228194444453, 28.35817038888889 ], [ -82.182970888888889, 28.358421666666668 ], [ -82.181941666666674, 28.359426777777781 ], [ -82.181819694444442, 28.359672138888889 ], [ -82.181371972222223, 28.36137191666667 ], [ -82.181438861111118, 28.36256913888889 ], [ -82.1817563888889, 28.363395361111113 ], [ -82.18206722222223, 28.364101861111113 ], [ -82.18265544444445, 28.36491625 ], [ -82.183785083333333, 28.365706972222224 ], [ -82.184894666666665, 28.3661385 ], [ -82.185578138888886, 28.366228611111111 ], [ -82.186525611111108, 28.36618716666667 ], [ -82.187195666666668, 28.366037833333333 ], [ -82.189443055555557, 28.364979361111114 ], [ -82.191135638888895, 28.363705111111113 ] ] } },
{ "type": "Feature", "properties": { "style": "solid", "thickness": 1 }, "geometry": { "type": "LineString", "coordinates": [ [ -82.437844527777784, 27.317581583333332 ], [ -82.437886, 27.318299916666668 ], [ -82.43766627777778, 27.319150333333333 ], [ -82.437192277777783, 27.320252527777779 ], [ -82.436697555555554, 27.320995555555555 ], [ -82.435920916666674, 27.321511472222223 ], [ -82.434862388888888, 27.321800277777779 ], [ -82.432851694444452, 27.321892777777776 ], [ -82.43136341666667, 27.32172113888889 ], [ -82.430672472222227, 27.321392777777778 ], [ -82.429685861111111, 27.320597861111111 ], [ -82.429383277777788, 27.320011555555556 ], [ -82.42906, 27.319066083333333 ], [ -82.428949611111122, 27.3171505 ], [ -82.429176305555558, 27.316419805555554 ], [ -82.43023775, 27.313850138888888 ], [ -82.431749527777782, 27.3121 ], [ -82.43416497222222, 27.309708083333334 ], [ -82.43707497222222, 27.306573083333333 ], [ -82.428631305555555, 27.306961555555556 ] ] } },
{ "type": "Feature", "properties": { "style": "solid", "thickness": 1 }, "geometry": { "type": "LineString", "coordinates": [ [ -82.414084583333334, 27.313391555555555 ], [ -82.414291055555566, 27.316983333333333 ], [ -82.414810194444456, 27.319000222222222 ], [ -82.415133361111117, 27.319945722222222 ], [ -82.41557680555556, 27.320645638888887 ], [ -82.41726797222222, 27.322008527777779 ], [ -82.418910972222221, 27.322533333333332 ], [ -82.419447138888899, 27.322508722222221 ], [ -82.42102125000001, 27.32183625 ], [ -82.422413055555566, 27.320331833333334 ], [ -82.422907861111113, 27.319588861111111 ], [ -82.423120805555556, 27.31861875 ], [ -82.42340575, 27.316564944444444 ], [ -82.423198972222224, 27.312973194444446 ], [ -82.422679694444454, 27.310956333333333 ], [ -82.4223565, 27.310010861111113 ], [ -82.421779027777788, 27.30931713888889 ], [ -82.420222027777783, 27.307948111111113 ], [ -82.41857925, 27.307423333333332 ], [ -82.418043138888891, 27.307447944444444 ], [ -82.416469222222233, 27.308120388888888 ], [ -82.414943472222234, 27.30963088888889 ], [ -82.414582666666675, 27.310367694444444 ], [ -82.414369666666673, 27.31133777777778 ], [ -82.414084583333334, 27.313391555555555 ] ] } },
{ "type": "Feature", "properties": { "style": "solid", "thickness": 1 }, "geometry": { "type": "LineString", "coordinates": [ [ -81.806661111111111, 26.822106083333335 ], [ -81.80669833333333, 26.822824583333333 ], [ -81.806474833333326, 26.823674 ], [ -81.805996777777779, 26.824774027777778 ], [ -81.805500111111115, 26.825514833333333 ], [ -81.804724055555553, 26.826027222222223 ], [ -81.80366863888888, 26.82631125 ], [ -81.801666444444436, 26.826394722222222 ], [ -81.80018577777777, 26.826216388888888 ], [ -81.799499805555556, 26.825884944444443 ], [ -81.798522083333324, 26.825085583333333 ], [ -81.798224138888884, 26.824497944444445 ], [ -81.797907611111114, 26.823551055555555 ], [ -81.797808472222215, 26.821635 ], [ -81.79803825, 26.820905361111112 ], [ -81.799109361111107, 26.818340527777778 ], [ -81.800624194444438, 26.81659725 ], [ -81.803042222222217, 26.81421625 ], [ -81.80595677777778, 26.811094416666666 ], [ -81.797548777777777, 26.811444888888889 ] ] } },
{ "type": "Feature", "properties": { "style": "solid", "thickness": 1 }, "geometry": { "type": "LineString", "coordinates": [ [ -81.78364675, 26.827144527777776 ], [ -81.789786805555551, 26.826889305555554 ], [ -81.791054361111108, 26.820356 ], [ -81.789877861111108, 26.820885 ], [ -81.788841, 26.821528166666667 ], [ -81.7864385, 26.821628055555557 ], [ -81.785224861111104, 26.821438472222223 ], [ -81.78398652777777, 26.82076988888889 ], [ -81.782565277777778, 26.819148777777777 ], [ -81.782224194444439, 26.817722833333335 ], [ -81.7821315, 26.81592652777778 ], [ -81.782864305555549, 26.814575972222222 ], [ -81.783730583333337, 26.813219888888888 ], [ -81.784112416666659, 26.812843972222222 ], [ -81.784882305555556, 26.812211944444446 ], [ -81.786204555555557, 26.811916944444445 ], [ -81.787672638888893, 26.811855916666666 ], [ -81.78875269444444, 26.812051027777777 ], [ -81.790112055555554, 26.812474527777777 ], [ -81.79136275, 26.813382583333333 ], [ -81.791514777777778, 26.813736277777778 ] ] } },
{ "type": "Feature", "properties": { "style": "solid", "thickness": 1 }, "geometry": { "type": "LineString", "coordinates": [ [ -82.325936944444436, 28.860317861111113 ], [ -82.323897416666668, 28.860408694444445 ], [ -82.323044833333327, 28.845566388888887 ] ] } },
{ "type": "Feature", "properties": { "style": "solid", "thickness": 1 }, "geometry": { "type": "LineString", "coordinates": [ [ -82.657887805555561, 28.957358611111111 ], [ -82.65793136111111, 28.958076638888887 ], [ -82.657710027777782, 28.958927138888889 ], [ -82.657231055555556, 28.96002972222222 ], [ -82.656730305555556, 28.960773305555556 ], [ -82.655942888888902, 28.961290277777778 ], [ -82.654868777777779, 28.961580694444443 ], [ -82.652827638888894, 28.96167638888889 ], [ -82.651316305555568, 28.961507194444444 ], [ -82.650614166666671, 28.961180055555555 ], [ -82.649610888888901, 28.960386972222221 ], [ -82.649302472222232, 28.959801361111111 ], [ -82.648972333333333, 28.958856722222222 ], [ -82.648856361111115, 28.956941944444445 ], [ -82.649085, 28.956211138888889 ], [ -82.6501573888889, 28.953640611111112 ], [ -82.651688666666672, 28.951888638888889 ], [ -82.654136055555554, 28.949493638888889 ], [ -82.657084027777785, 28.946355 ], [ -82.648512416666676, 28.946756888888888 ] ] } },
{ "type": "Feature", "properties": { "style": "solid", "thickness": 1 }, "geometry": { "type": "LineString", "coordinates": [ [ -82.660601027777787, 28.35333375 ], [ -82.670072638888897, 28.352886361111114 ], [ -82.662804444444447, 28.365113611111113 ], [ -82.661908888888888, 28.350271027777779 ] ] } },
{ "type": "Feature", "properties": { "style": "solid", "thickness": 1 }, "geometry": { "type": "LineString", "coordinates": [ [ -82.16566377777778, 28.284097916666667 ], [ -82.171885277777776, 28.283826277777781 ], [ -82.173147805555558, 28.27729022222222 ], [ -82.171957333333339, 28.277822305555553 ], [ -82.17090875, 28.278468194444443 ], [ -82.168474361111109, 28.2785745 ], [ -82.167243833333345, 28.278388194444442 ], [ -82.165986638888896, 28.277722944444445 ], [ -82.164540916666667, 28.276105805555556 ], [ -82.164190444444444, 28.274680916666664 ], [ -82.164090472222227, 28.272885027777775 ], [ -82.164828583333346, 28.271532638888889 ], [ -82.16570188888889, 28.270174333333333 ], [ -82.166087583333336, 28.269797444444443 ], [ -82.166865638888893, 28.269163416666665 ], [ -82.168204638888895, 28.268864916666665 ], [ -82.169692166666678, 28.268799972222222 ], [ -82.17078736111111, 28.268992166666667 ], [ -82.17216636111111, 28.269412 ], [ -82.173436861111114, 28.270316611111109 ], [ -82.17359211111112, 28.270669888888889 ] ] } },
{ "type": "Feature", "properties": { "style": "solid", "thickness": 1 }, "geometry": { "type": "LineString", "coordinates": [ [ -82.70930083333333, 28.282112111111111 ], [ -82.698889083333341, 28.282607194444445 ], [ -82.705268277777776, 28.267058388888888 ] ] } },
{ "type": "Feature", "properties": { "style": "solid", "thickness": 1 }, "geometry": { "type": "LineString", "coordinates": [ [ -83.426766944444452, 28.003006527777778 ], [ -83.426875444444448, 28.004622055555554 ], [ -83.426395305555559, 28.006538916666667 ], [ -83.425344583333342, 28.009026388888888 ], [ -83.424239555555559, 28.010706083333332 ], [ -83.422491555555567, 28.011879361111109 ], [ -83.420100583333337, 28.012546194444443 ], [ -83.415549750000011, 28.012786666666667 ], [ -83.412176333333335, 28.012424444444445 ], [ -83.41060525, 28.01169675 ], [ -83.408355222222227, 28.009924083333335 ], [ -83.407658277777784, 28.008609833333335 ], [ -83.406907194444443, 28.006487805555555 ], [ -83.406618638888901, 28.002179722222223 ], [ -83.407117138888893, 28.000532194444446 ], [ -83.40946847222223, 27.994733722222222 ], [ -83.412855861111112, 27.990771944444447 ], [ -83.418275944444446, 27.985351611111113 ], [ -83.424800222222231, 27.978251333333333 ], [ -83.405692555555561, 27.979260972222221 ] ] } },
{ "type": "Feature", "properties": { "style": "solid", "thickness": 1 }, "geometry": { "type": "LineString", "coordinates": [ [ -83.394936972222226, 28.014144277777778 ], [ -83.371575027777766, 28.015372944444444 ], [ -83.385674611111114, 27.980315861111109 ] ] } },
{ "type": "Feature", "properties": { "style": "solid", "thickness": 1 }, "geometry": { "type": "LineString", "coordinates": [ [ -83.015113027777772, 26.886458861111112 ], [ -83.015214277777773, 26.888074833333334 ], [ -83.014731666666663, 26.88999036111111 ], [ -83.013682027777776, 26.892474833333331 ], [ -83.01258175, 26.894151305555557 ], [ -83.010846916666665, 26.89531936111111 ], [ -83.008477583333331, 26.89597897222222 ], [ -83.003971777777778, 26.896205638888887 ], [ -83.000633861111112, 26.895833138888889 ], [ -82.999081416666669, 26.895100638888888 ], [ -82.996860888888889, 26.89332097222222 ], [ -82.996176, 26.8920045 ], [ -82.995440611111107, 26.889880055555555 ], [ -82.995171388888892, 26.885570777777776 ], [ -82.995671138888895, 26.883924611111112 ], [ -82.998020861111115, 26.878132861111112 ], [ -83.001389166666669, 26.874181083333333 ], [ -83.006775194444444, 26.868776805555555 ], [ -83.01326069444444, 26.861695833333336 ], [ -82.994342083333336, 26.862647527777778 ] ] } },
{ "type": "Feature", "properties": { "style": "solid", "thickness": 1 }, "geometry": { "type": "LineString", "coordinates": [ [ -82.983562111111112, 26.89750075 ], [ -82.960431611111119, 26.898658694444443 ], [ -82.97452222222222, 26.863641777777779 ] ] } },
{ "type": "Feature", "properties": { "style": "solid", "thickness": 1 }, "geometry": { "type": "LineString", "coordinates": [ [ -81.832032333333331, 27.937036638888888 ], [ -81.83207, 27.937755138888889 ], [ -81.831844305555549, 27.938604555555557 ], [ -81.831361472222213, 27.939704638888887 ], [ -81.830859805555548, 27.940445444444446 ], [ -81.830075861111112, 27.940957916666665 ], [ -81.829009666666664, 27.941242027777779 ], [ -81.826987027777776, 27.941325666666668 ], [ -81.825491194444439, 27.941147472222223 ], [ -81.82479813888888, 27.940816083333335 ], [ -81.823810333333327, 27.940016805555555 ], [ -81.823509277777774, 27.939429194444443 ], [ -81.823189416666665, 27.938482333333333 ], [ -81.823089055555556, 27.936566305555555 ], [ -81.823321111111113, 27.93583663888889 ], [ -81.824402888888883, 27.933271722222223 ], [ -81.825933055555552, 27.931528333333336 ], [ -81.828375583333326, 27.92914713888889 ], [ -81.831319611111113, 27.926025083333336 ], [ -81.822825638888887, 27.926376277777781 ] ] } },
{ "type": "Feature", "properties": { "style": "solid", "thickness": 1 }, "geometry": { "type": "LineString", "coordinates": [ [ -81.807759166666671, 27.930238194444446 ], [ -81.81719727777778, 27.929848972222224 ], [ -81.809861777777769, 27.9420325 ], [ -81.809085888888887, 27.92718325 ] ] } },
{ "type": "Feature", "properties": { "style": "solid", "thickness": 1 }, "geometry": { "type": "LineString", "coordinates": [ [ -81.941708944444443, 28.078795888888887 ], [ -81.941747388888899, 28.079514333333332 ], [ -81.941522222222233, 28.080363916666666 ], [ -81.941039861111122, 28.081464361111109 ], [ -81.94053825, 28.082205555555554 ], [ -81.939753805555554, 28.082718611111112 ], [ -81.9386865, 28.083003555555557 ], [ -81.936661277777787, 28.083088777777778 ], [ -81.935163305555562, 28.08291175 ], [ -81.93446902777778, 28.082580916666668 ], [ -81.933479138888899, 28.081782444444443 ], [ -81.933177111111121, 28.081195083333334 ], [ -81.932855888888895, 28.080248472222223 ], [ -81.932753472222231, 28.078332555555555 ], [ -81.932985111111122, 28.07760275 ], [ -81.934065777777775, 28.075037027777778 ], [ -81.935596194444443, 28.073292472222221 ], [ -81.938039555555562, 28.070909416666666 ], [ -81.940984333333333, 28.06778511111111 ], [ -81.932479583333333, 28.068142944444443 ] ] } },
{ "type": "Feature", "properties": { "style": "solid", "thickness": 1 }, "geometry": { "type": "LineString", "coordinates": [ [ -81.918434138888898, 28.083854305555555 ], [ -81.924644888888892, 28.083593722222222 ], [ -81.925919916666672, 28.0770595 ], [ -81.924730388888889, 28.0775895 ], [ -81.923682277777786, 28.078233555555556 ], [ -81.921252111111116, 28.078335555555554 ], [ -81.920024250000012, 28.078147027777778 ], [ -81.918770861111113, 28.077479527777779 ], [ -81.91733141666667, 28.075859722222223 ], [ -81.916984805555558, 28.07443411111111 ], [ -81.916889083333345, 28.072637916666668 ], [ -81.917628916666672, 28.071286777777779 ], [ -81.918503694444453, 28.069929944444443 ], [ -81.918889555555566, 28.069553722222221 ], [ -81.919667611111109, 28.068921027777776 ], [ -81.921004833333342, 28.068624888888888 ], [ -81.922489805555557, 28.068562583333332 ], [ -81.923582555555555, 28.068756722222222 ], [ -81.924958083333337, 28.069179027777778 ], [ -81.926224194444444, 28.070085972222223 ], [ -81.926378388888892, 28.070439527777779 ] ] } },
{ "type": "Feature", "properties": { "style": "solid", "thickness": 1 }, "geometry": { "type": "LineString", "coordinates": [ [ -82.12646525, 28.004632138888891 ], [ -82.126504888888888, 28.005350583333332 ], [ -82.126281333333324, 28.006200472222222 ], [ -82.125801166666662, 28.007301583333334 ], [ -82.125301166666659, 28.008043472222223 ], [ -82.124518111111101, 28.008557611111112 ], [ -82.123452, 28.008844 ], [ -82.121428305555554, 28.008931916666668 ], [ -82.119931027777767, 28.00875688888889 ], [ -82.119236638888879, 28.008426972222221 ], [ -82.118246055555545, 28.007629805555556 ], [ -82.117943222222209, 28.007042833333333 ], [ -82.117620611111107, 28.006096638888888 ], [ -82.11751502777777, 28.004180833333333 ], [ -82.11774525, 28.003450666666666 ], [ -82.118820805555544, 28.000883444444444 ], [ -82.120347222222222, 27.999136805555555 ], [ -82.122784888888887, 27.996750388888891 ], [ -82.125722388888889, 27.993622083333335 ], [ -82.117223944444433, 27.993991305555557 ] ] } },
{ "type": "Feature", "properties": { "style": "solid", "thickness": 1 }, "geometry": { "type": "LineString", "coordinates": [ [ -82.105231833333335, 28.009514527777778 ], [ -82.107021861111107, 28.007636583333333 ], [ -82.108548555555544, 28.005890083333334 ], [ -82.109812, 28.004274972222223 ], [ -82.110568722222212, 28.003281972222222 ], [ -82.111177361111103, 28.002055333333335 ], [ -82.11138125, 28.00084625 ], [ -82.111456805555548, 27.999762722222222 ], [ -82.111338166666656, 27.997607416666668 ], [ -82.110887305555551, 27.996786805555555 ], [ -82.110308166666655, 27.996091777777778 ], [ -82.109722444444444, 27.995277 ], [ -82.106836888888878, 27.99444188888889 ], [ -82.1052181111111, 27.994512055555557 ], [ -82.103510527777772, 27.995426194444445 ], [ -82.103253888888887, 27.995677361111113 ], [ -82.102227361111105, 27.99668202777778 ], [ -82.102105611111099, 27.996927333333335 ], [ -82.10165813888888, 27.998627055555556 ], [ -82.101723972222217, 27.999824444444446 ], [ -82.102039833333322, 28.000650944444445 ], [ -82.102349138888883, 28.001357694444444 ], [ -82.102934861111109, 28.0021725 ], [ -82.104060194444443, 28.002963944444446 ], [ -82.105165805555544, 28.003396138888888 ], [ -82.105846944444437, 28.003486638888887 ], [ -82.106791305555547, 28.003445722222221 ], [ -82.10745925, 28.00329675 ], [ -82.109699972222217, 28.002239416666665 ], [ -82.111387833333325, 28.000965972222222 ] ] } },
{ "type": "Feature", "properties": { "style": "solid", "thickness": 1 }, "geometry": { "type": "LineString", "coordinates": [ [ -82.356145888888889, 27.728191472222221 ], [ -82.356186972222218, 27.728909888888886 ], [ -82.35596575, 27.729760194444442 ], [ -82.355489138888885, 27.730862166666665 ], [ -82.354991944444436, 27.731604944444442 ], [ -82.354211944444444, 27.732120416666664 ], [ -82.353149138888881, 27.732408583333331 ], [ -82.351130722222223, 27.732499888888889 ], [ -82.349636861111108, 27.732327361111111 ], [ -82.348943527777777, 27.731998583333333 ], [ -82.34795375, 27.731203027777777 ], [ -82.34765044444444, 27.730616527777777 ], [ -82.347326638888887, 27.729670805555553 ], [ -82.34721725, 27.727755055555555 ], [ -82.347445361111113, 27.7270245 ], [ -82.348512805555558, 27.724455333333331 ], [ -82.350031694444439, 27.722706027777775 ], [ -82.352458166666665, 27.720315444444442 ], [ -82.355381666666659, 27.717182055555554 ], [ -82.346905388888885, 27.717565472222219 ] ] } },
{ "type": "Feature", "properties": { "style": "solid", "thickness": 1 }, "geometry": { "type": "LineString", "coordinates": [ [ -82.341987277777775, 27.733033194444442 ], [ -82.331625833333334, 27.73350075 ], [ -82.33802544444444, 27.717966611111109 ] ] } },
{ "type": "Feature", "properties": { "style": "solid", "thickness": 1 }, "geometry": { "type": "LineString", "coordinates": [ [ -82.278407166666668, 27.95892875 ], [ -82.278447805555558, 27.959647138888887 ], [ -82.278225527777778, 27.960497305555556 ], [ -82.277747083333338, 27.961598944444443 ], [ -82.277248333333333, 27.962341416666668 ], [ -82.276466333333332, 27.962856416666664 ], [ -82.275401055555548, 27.963143972222223 ], [ -82.273378305555553, 27.96323413888889 ], [ -82.271881416666659, 27.96306075 ], [ -82.271186861111104, 27.96273161111111 ], [ -82.27019555555556, 27.961935527777776 ], [ -82.269892027777772, 27.961348861111109 ], [ -82.269568222222219, 27.960403 ], [ -82.26946, 27.958487277777778 ], [ -82.269689111111106, 27.957756861111111 ], [ -82.270760638888888, 27.955188416666665 ], [ -82.272284, 27.953440055555554 ], [ -82.274717333333328, 27.951050944444443 ], [ -82.27764925, 27.947919333333335 ], [ -82.269154833333332, 27.948297944444445 ] ] } },
{ "type": "Feature", "properties": { "style": "solid", "thickness": 1 }, "geometry": { "type": "LineString", "coordinates": [ [ -82.260978027777782, 27.956704166666665 ], [ -82.257067555555551, 27.956878027777776 ], [ -82.254936944444438, 27.955052166666665 ], [ -82.254626777777773, 27.95434575 ], [ -82.254323361111105, 27.953759055555555 ], [ -82.254242388888883, 27.95232225 ], [ -82.254721027777776, 27.951220694444444 ], [ -82.255469333333338, 27.950107138888889 ], [ -82.256251333333338, 27.94959225 ], [ -82.256770416666669, 27.949209083333333 ], [ -82.257828861111108, 27.948801916666667 ], [ -82.260255861111105, 27.948694 ], [ -82.261354777777782, 27.949005222222222 ], [ -82.262197555555559, 27.949567916666666 ], [ -82.262919027777784, 27.950376055555555 ], [ -82.263377583333337, 27.951315916666665 ], [ -82.263559722222226, 27.952148055555554 ], [ -82.263627277777772, 27.953345388888888 ], [ -82.263526222222225, 27.953950055555556 ], [ -82.26316225, 27.954686444444445 ], [ -82.26264313888889, 27.955069638888887 ], [ -82.260978027777782, 27.956704166666665 ], [ -82.262245638888885, 27.957608055555554 ], [ -82.262973916666667, 27.958535916666666 ], [ -82.263277388888895, 27.959122583333333 ], [ -82.2633855, 27.961038333333331 ], [ -82.262792333333337, 27.96250513888889 ], [ -82.262408055555554, 27.962882333333333 ], [ -82.261221416666672, 27.96341525 ], [ -82.260432583333326, 27.963810416666664 ], [ -82.2586795, 27.96388836111111 ], [ -82.257445555555549, 27.96358311111111 ], [ -82.25561825, 27.962343944444445 ], [ -82.255314805555557, 27.961757277777778 ], [ -82.255193361111111, 27.959602055555553 ], [ -82.255530416666673, 27.95838675 ], [ -82.2556585, 27.958261027777777 ], [ -82.25630575, 27.957752138888889 ], [ -82.257067555555551, 27.956878027777776 ] ] } },
{ "type": "Feature", "properties": { "style": "solid", "thickness": 1 }, "geometry": { "type": "LineString", "coordinates": [ [ -82.504811916666668, 27.845332916666667 ], [ -82.504854, 27.846051277777775 ], [ -82.504633722222223, 27.846901805555554 ], [ -82.50415805555555, 27.848004277777775 ], [ -82.503661361111114, 27.848747555555555 ], [ -82.502881222222229, 27.849263861111108 ], [ -82.501817666666668, 27.849553166666666 ], [ -82.49979719444444, 27.849646638888888 ], [ -82.4983015, 27.84947572222222 ], [ -82.497606972222229, 27.849147694444444 ], [ -82.496615055555552, 27.848353194444442 ], [ -82.496310638888886, 27.847767027777778 ], [ -82.495985194444444, 27.846821694444444 ], [ -82.495873111111109, 27.844906083333331 ], [ -82.496100472222224, 27.844175305555556 ], [ -82.497165555555554, 27.841605027777778 ], [ -82.498683722222225, 27.839854138888889 ], [ -82.501109555555558, 27.837460972222221 ], [ -82.504031916666662, 27.8343245 ], [ -82.495547111111108, 27.834717027777778 ] ] } },
{ "type": "Feature", "properties": { "style": "solid", "thickness": 1 }, "geometry": { "type": "LineString", "coordinates": [ [ -82.486799861111109, 27.835241166666666 ], [ -82.485019194444448, 27.837124083333332 ], [ -82.483500861111111, 27.838874833333332 ], [ -82.482244888888886, 27.840493416666664 ], [ -82.481492666666668, 27.8414885 ], [ -82.480889083333338, 27.842716805555554 ], [ -82.480689611111117, 27.8439265 ], [ -82.480617805555553, 27.845010222222221 ], [ -82.480743583333336, 27.847165305555553 ], [ -82.481196611111116, 27.84798475 ], [ -82.481777333333341, 27.84867825 ], [ -82.482365055555562, 27.849491472222223 ], [ -82.485249694444448, 27.85031875 ], [ -82.486866083333339, 27.85024416666667 ], [ -82.48856819444444, 27.84932522222222 ], [ -82.488823611111115, 27.849073333333333 ], [ -82.489845194444442, 27.848065777777776 ], [ -82.489965888888889, 27.847820111111108 ], [ -82.490406694444445, 27.846119083333331 ], [ -82.490336694444451, 27.844921833333331 ], [ -82.490018333333339, 27.844096194444443 ], [ -82.48970694444445, 27.843390277777775 ], [ -82.489119194444442, 27.842577083333332 ], [ -82.487992722222216, 27.84178875 ], [ -82.486887222222222, 27.841359611111109 ], [ -82.486206777777781, 27.841270972222222 ], [ -82.485263944444441, 27.8413145 ], [ -82.4845975, 27.841465305555555 ], [ -82.482363694444444, 27.84252875 ], [ -82.480682611111106, 27.843806777777775 ] ] } },
{ "type": "Feature", "properties": { "style": "solid", "thickness": 1 }, "geometry": { "type": "LineString", "coordinates": [ [ -82.448600916666663, 27.95881397222222 ], [ -82.448521777777785, 27.959777944444443 ], [ -82.448286888888887, 27.960388916666666 ], [ -82.447405666666668, 27.961509694444445 ], [ -82.446624444444453, 27.962025666666666 ], [ -82.44584325000001, 27.962541638888887 ], [ -82.444643583333331, 27.962836694444444 ], [ -82.443969388888888, 27.962867555555555 ], [ -82.442472222222221, 27.962696027777778 ], [ -82.44121, 27.961913527777778 ], [ -82.440352277777777, 27.961112472222222 ], [ -82.44017575, 27.960400305555556 ], [ -82.440036722222231, 27.958005805555555 ], [ -82.440534361111119, 27.95726275 ], [ -82.441429527777785, 27.956381472222223 ], [ -82.442587388888896, 27.95536811111111 ], [ -82.443531222222219, 27.955324888888889 ] ] } },
{ "type": "Feature", "properties": { "style": "solid", "thickness": 1 }, "geometry": { "type": "LineString", "coordinates": [ [ -82.442587388888896, 27.95536811111111 ], [ -82.44092075, 27.954604111111109 ], [ -82.440353611111121, 27.954149916666665 ], [ -82.439630805555566, 27.953342694444444 ], [ -82.439475138888895, 27.952989694444444 ], [ -82.43927775, 27.951918333333332 ], [ -82.439256916666665, 27.951559138888889 ], [ -82.439336138888891, 27.950595166666666 ], [ -82.439564083333337, 27.949864472222224 ], [ -82.440189555555563, 27.948995555555555 ], [ -82.44096375, 27.948359888888888 ], [ -82.44227027777778, 27.947579805555556 ], [ -82.445371194444448, 27.94743775 ], [ -82.446335805555563, 27.947753694444444 ], [ -82.447874527777785, 27.948643527777779 ], [ -82.44815808333334, 27.948870611111111 ], [ -82.44863216666667, 27.950049333333332 ], [ -82.44866, 27.950528222222221 ] ] } },
{ "type": "Feature", "properties": { "style": "solid", "thickness": 1 }, "geometry": { "type": "LineString", "coordinates": [ [ -82.424671555555562, 27.95414663888889 ], [ -82.424879583333336, 27.957738416666665 ], [ -82.425401972222232, 27.959755305555554 ], [ -82.425727138888888, 27.960700777777777 ], [ -82.426173277777778, 27.961400666666666 ], [ -82.427874611111122, 27.962763472222221 ], [ -82.429527416666673, 27.963288166666665 ], [ -82.430066777777782, 27.963263527777777 ], [ -82.431650194444444, 27.962590944444443 ], [ -82.433050111111115, 27.961086416666667 ], [ -82.433547805555563, 27.960343388888887 ], [ -82.433761944444441, 27.959373277777779 ], [ -82.434048388888897, 27.957319444444444 ], [ -82.433840083333337, 27.953727666666666 ], [ -82.433317555555561, 27.951710833333333 ], [ -82.432992361111118, 27.95076536111111 ], [ -82.432411388888895, 27.950071666666666 ], [ -82.430845027777778, 27.94870275 ], [ -82.429192444444453, 27.948178055555555 ], [ -82.42865313888889, 27.948202722222224 ], [ -82.427069916666667, 27.94887525 ], [ -82.42553525000001, 27.950385888888889 ], [ -82.425172361111109, 27.951122694444443 ], [ -82.424958194444443, 27.952092833333332 ], [ -82.424671555555562, 27.95414663888889 ] ] } },
{ "type": "Feature", "properties": { "style": "solid", "thickness": 1 }, "geometry": { "type": "LineString", "coordinates": [ [ -82.50151152777778, 28.013867138888887 ], [ -82.501432805555552, 28.014831138888891 ], [ -82.501198111111108, 28.015442194444443 ], [ -82.500316972222222, 28.016563305555554 ], [ -82.499535611111114, 28.017079555555554 ], [ -82.498754277777778, 28.017595833333331 ], [ -82.497554138888887, 28.017891333333331 ], [ -82.496879611111112, 28.017922472222221 ], [ -82.495381611111114, 28.0177515 ], [ -82.494118361111106, 28.0169695 ], [ -82.49325983333334, 28.016168777777779 ], [ -82.493082861111105, 28.015456666666665 ], [ -82.492942611111118, 28.01306225 ], [ -82.493440138888886, 28.012319027777778 ], [ -82.494335333333339, 28.011437416666666 ], [ -82.495493277777783, 28.010423611111111 ], [ -82.496437583333332, 28.010380027777778 ] ] } },
{ "type": "Feature", "properties": { "style": "solid", "thickness": 1 }, "geometry": { "type": "LineString", "coordinates": [ [ -82.495493277777783, 28.010423611111111 ], [ -82.49382544444444, 28.009660277777776 ], [ -82.493257805555558, 28.009206277777778 ], [ -82.492534222222218, 28.008399333333333 ], [ -82.492378305555562, 28.008046388888889 ], [ -82.49218030555555, 28.00697513888889 ], [ -82.492159277777773, 28.006615972222221 ], [ -82.492238083333334, 28.005651972222221 ], [ -82.492465777777781, 28.004921194444446 ], [ -82.493091166666673, 28.004052027777778 ], [ -82.493865444444452, 28.003416083333335 ], [ -82.495172222222223, 28.0026355 ], [ -82.498274638888887, 28.002492277777776 ], [ -82.499239916666667, 28.002807833333332 ], [ -82.50077983333334, 28.003697083333332 ], [ -82.501063638888894, 28.003924055555554 ], [ -82.501538527777782, 28.005102555555556 ], [ -82.501566611111116, 28.005581444444445 ] ] } },
{ "type": "Feature", "properties": { "style": "solid", "thickness": 1 }, "geometry": { "type": "LineString", "coordinates": [ [ -82.48579622222222, 28.01807347222222 ], [ -82.483772611111107, 28.018166722222222 ], [ -82.482904388888898, 28.003321194444446 ] ] } },
{ "type": "Feature", "properties": { "style": "solid", "thickness": 1 }, "geometry": { "type": "LineString", "coordinates": [ [ -82.413262388888896, 28.094024194444444 ], [ -82.413182833333337, 28.094988138888887 ], [ -82.412947472222228, 28.095599055555553 ], [ -82.412064777777786, 28.096719555555556 ], [ -82.411282416666666, 28.097235333333334 ], [ -82.410500083333332, 28.097751083333332 ], [ -82.409298833333338, 28.098045805555554 ], [ -82.408623777777777, 28.0980765 ], [ -82.407124805555554, 28.097904583333332 ], [ -82.40586125, 28.097121777777776 ], [ -82.40500275, 28.096320527777777 ], [ -82.404826222222226, 28.095608333333331 ], [ -82.404687805555568, 28.09321386111111 ], [ -82.40518630555556, 28.09247097222222 ], [ -82.406082888888889, 28.091589944444443 ], [ -82.407242527777782, 28.090576888888886 ], [ -82.408187527777784, 28.090533916666665 ] ] } },
{ "type": "Feature", "properties": { "style": "solid", "thickness": 1 }, "geometry": { "type": "LineString", "coordinates": [ [ -82.407242527777782, 28.090576888888886 ], [ -82.405574055555562, 28.0898125 ], [ -82.40500636111112, 28.089358166666667 ], [ -82.404282944444446, 28.088550777777776 ], [ -82.404127166666669, 28.08819775 ], [ -82.403929916666669, 28.08712636111111 ], [ -82.403909138888892, 28.086767194444445 ], [ -82.403988805555556, 28.08580325 ], [ -82.404217277777789, 28.085072638888889 ], [ -82.404843805555558, 28.084203888888887 ], [ -82.405619166666668, 28.083568444444442 ], [ -82.406927555555555, 28.082788722222222 ], [ -82.410032361111121, 28.082647472222224 ], [ -82.41099808333334, 28.082963666666668 ], [ -82.412538416666678, 28.083853861111109 ], [ -82.412822277777778, 28.084081027777778 ], [ -82.413296527777788, 28.085259805555555 ], [ -82.41332425, 28.085738722222221 ] ] } },
{ "type": "Feature", "properties": { "style": "solid", "thickness": 1 }, "geometry": { "type": "LineString", "coordinates": [ [ -82.398924083333341, 28.09419597222222 ], [ -82.398965555555563, 28.094914305555555 ], [ -82.398743944444448, 28.095764638888888 ], [ -82.398266111111113, 28.096866694444444 ], [ -82.397767555555561, 28.097609555555554 ], [ -82.396985138888894, 28.098125222222222 ], [ -82.395918861111113, 28.098413694444442 ], [ -82.393893694444458, 28.098505611111111 ], [ -82.39239475, 28.098333555555556 ], [ -82.39169897222223, 28.098005 ], [ -82.390705555555556, 28.097209805555554 ], [ -82.390401, 28.096623416666667 ], [ -82.39007575, 28.095677888888886 ], [ -82.38996527777779, 28.093762277777778 ], [ -82.390193861111115, 28.093031694444445 ], [ -82.391263888888901, 28.090462361111111 ], [ -82.392787222222225, 28.088712722222223 ], [ -82.395220944444446, 28.086321555555553 ], [ -82.398153055555568, 28.0831875 ], [ -82.389648472222234, 28.083573444444443 ] ] } },
{ "type": "Feature", "properties": { "style": "solid", "thickness": 1 }, "geometry": { "type": "LineString", "coordinates": [ [ -82.600142861111109, 28.025527722222222 ], [ -82.600065, 28.02649175 ], [ -82.599830833333328, 28.027103 ], [ -82.598950611111107, 28.02822472222222 ], [ -82.598169638888891, 28.028741555555555 ], [ -82.59738866666666, 28.029258361111111 ], [ -82.596188694444436, 28.029554722222223 ], [ -82.5955141111111, 28.029586333333331 ], [ -82.594015805555557, 28.029416444444443 ], [ -82.592751694444445, 28.028635333333334 ], [ -82.591892361111107, 28.02783525 ], [ -82.591714722222221, 28.027123277777775 ], [ -82.591572277777772, 28.024728944444444 ], [ -82.592069194444434, 28.023985388888889 ], [ -82.592963694444435, 28.023103111111109 ], [ -82.594120861111108, 28.0220885 ], [ -82.595065194444445, 28.02204425 ] ] } },
{ "type": "Feature", "properties": { "style": "solid", "thickness": 1 }, "geometry": { "type": "LineString", "coordinates": [ [ -82.594120861111108, 28.0220885 ], [ -82.592452138888888, 28.021326333333331 ], [ -82.591884027777766, 28.02087275 ], [ -82.591159638888882, 28.020066333333332 ], [ -82.591003388888879, 28.019713527777778 ], [ -82.590804388888884, 28.018642388888889 ], [ -82.590783027777775, 28.01828325 ], [ -82.590860972222217, 28.017319194444443 ], [ -82.591088055555545, 28.01658825 ], [ -82.591712694444439, 28.015718638888888 ], [ -82.59248647222222, 28.015082138888889 ], [ -82.593792694444446, 28.014300638888891 ], [ -82.596895305555549, 28.014155194444445 ], [ -82.597860972222222, 28.014470083333332 ], [ -82.599401861111104, 28.015358194444445 ], [ -82.599685916666658, 28.015584972222221 ], [ -82.600161916666664, 28.016763166666667 ], [ -82.600190444444436, 28.017242027777776 ] ] } },
{ "type": "Feature", "properties": { "style": "solid", "thickness": 1 }, "geometry": { "type": "LineString", "coordinates": [ [ -82.585032861111102, 28.026235611111112 ], [ -82.5849548611111, 28.027199666666665 ], [ -82.584720611111109, 28.02781086111111 ], [ -82.583840222222221, 28.0289325 ], [ -82.583059194444445, 28.02944925 ], [ -82.582278138888881, 28.029965972222222 ], [ -82.581078111111111, 28.030262194444443 ], [ -82.580403527777776, 28.03029375 ], [ -82.578905222222218, 28.030123694444445 ], [ -82.577641222222212, 28.029342444444442 ], [ -82.576782, 28.02854225 ], [ -82.576604444444442, 28.02783025 ], [ -82.576462333333325, 28.025435916666666 ], [ -82.576959333333335, 28.024692416666667 ], [ -82.577853972222215, 28.02381025 ], [ -82.579011277777781, 28.02279575 ], [ -82.57995563888889, 28.022751611111111 ] ] } },
{ "type": "Feature", "properties": { "style": "solid", "thickness": 1 }, "geometry": { "type": "LineString", "coordinates": [ [ -82.579011277777781, 28.02279575 ], [ -82.577342638888879, 28.022033416666666 ], [ -82.576774611111105, 28.021579777777777 ], [ -82.576050333333328, 28.020773277777778 ], [ -82.575894111111111, 28.020420416666667 ], [ -82.575695277777768, 28.019349277777778 ], [ -82.575673972222219, 28.018990138888888 ], [ -82.575752055555554, 28.018026083333332 ], [ -82.575979222222216, 28.017295166666667 ], [ -82.576604, 28.01642563888889 ], [ -82.577377861111103, 28.015789222222221 ], [ -82.578684222222222, 28.015007861111112 ], [ -82.581786861111112, 28.01486275 ], [ -82.5827525, 28.015177722222223 ], [ -82.584293277777775, 28.016066027777779 ], [ -82.584577305555555, 28.016292833333335 ], [ -82.585053138888881, 28.017471083333334 ], [ -82.585081583333334, 28.017949944444442 ] ] } },
{ "type": "Feature", "properties": { "style": "solid", "thickness": 1 }, "geometry": { "type": "LineString", "coordinates": [ [ -82.542633944444447, 28.462872416666666 ], [ -82.54255525, 28.463836333333333 ], [ -82.542319833333337, 28.464447416666665 ], [ -82.541435444444446, 28.465568666666666 ], [ -82.540651055555557, 28.466085111111109 ], [ -82.539866638888881, 28.466601555555556 ], [ -82.538661638888883, 28.466897361111108 ], [ -82.537984333333327, 28.466928694444444 ], [ -82.53648002777777, 28.466758222222222 ], [ -82.535211222222216, 28.46597663888889 ], [ -82.534348833333326, 28.465176277777775 ], [ -82.534170833333334, 28.464464305555556 ], [ -82.53402911111111, 28.462070166666667 ], [ -82.53452841666666, 28.461326888888888 ], [ -82.535427, 28.460445083333333 ], [ -82.536589388888885, 28.459431055555555 ], [ -82.537537583333332, 28.459387194444442 ] ] } },
{ "type": "Feature", "properties": { "style": "solid", "thickness": 1 }, "geometry": { "type": "LineString", "coordinates": [ [ -82.536589388888885, 28.459431055555555 ], [ -82.53491430555556, 28.458668277777775 ], [ -82.534344138888883, 28.4582145 ], [ -82.533617277777779, 28.457407861111111 ], [ -82.53346055555555, 28.457055 ], [ -82.533261333333328, 28.455983916666668 ], [ -82.533240083333325, 28.455624777777778 ], [ -82.533318833333325, 28.454660861111112 ], [ -82.533547222222225, 28.453930111111109 ], [ -82.534174861111111, 28.453060833333332 ], [ -82.53495211111111, 28.452424722222222 ], [ -82.536264055555549, 28.451643833333332 ], [ -82.539379305555556, 28.45149972222222 ], [ -82.540348694444447, 28.451814944444443 ], [ -82.541895361111102, 28.452703638888888 ], [ -82.54218044444444, 28.452930527777777 ], [ -82.54265775, 28.454108777777776 ], [ -82.542686138888882, 28.454587583333332 ] ] } },
{ "type": "Feature", "properties": { "style": "solid", "thickness": 1 }, "geometry": { "type": "LineString", "coordinates": [ [ -82.518169583333332, 28.4557205 ], [ -82.527651166666672, 28.455282888888888 ], [ -82.520359611111104, 28.467502833333331 ], [ -82.519482805555555, 28.452659083333334 ] ] } },
{ "type": "Feature", "properties": { "style": "solid", "thickness": 1 }, "geometry": { "type": "LineString", "coordinates": [ [ -82.641567472222235, 27.59536825 ], [ -82.641582777777785, 27.595624416666666 ], [ -82.641504777777783, 27.595927833333331 ], [ -82.641336027777783, 27.596321166666666 ], [ -82.641159638888894, 27.596586416666664 ], [ -82.640882305555564, 27.596770805555554 ], [ -82.640504, 27.596874361111109 ], [ -82.639785194444457, 27.596908416666665 ], [ -82.639252944444451, 27.596848 ], [ -82.63900569444445, 27.596731277777778 ], [ -82.6386523888889, 27.596448305555555 ], [ -82.638543805555557, 27.59623936111111 ], [ -82.638427583333339, 27.595902361111111 ], [ -82.638386833333342, 27.595219222222219 ], [ -82.638467388888898, 27.594958527777777 ], [ -82.63884516666667, 27.5940415 ], [ -82.639384555555566, 27.593416527777777 ], [ -82.640246611111124, 27.592562194444444 ], [ -82.641285055555556, 27.591442611111109 ], [ -82.638266111111122, 27.591585638888887 ] ] } },
{ "type": "Feature", "properties": { "style": "solid", "thickness": 1 }, "geometry": { "type": "LineString", "coordinates": [ [ -82.636529027777783, 27.597105472222221 ], [ -82.632839, 27.597280138888888 ], [ -82.635103416666666, 27.591735416666666 ] ] } },
{ "type": "Feature", "properties": { "style": "solid", "thickness": 1 }, "geometry": { "type": "LineString", "coordinates": [ [ -82.627660833333323, 27.597482305555555 ], [ -82.629865277777768, 27.597378027777776 ], [ -82.630302944444438, 27.595045305555555 ], [ -82.629881805555556, 27.5952365 ], [ -82.62951116666666, 27.59546811111111 ], [ -82.62864858333333, 27.595508888888887 ], [ -82.628212194444444, 27.595443916666664 ], [ -82.627765638888889, 27.595208138888889 ], [ -82.627250805555548, 27.594633083333331 ], [ -82.627124444444433, 27.59412525 ], [ -82.627086305555551, 27.593484833333331 ], [ -82.62734586111111, 27.593001583333333 ], [ -82.627653305555555, 27.592516083333333 ], [ -82.627789444444431, 27.592381194444442 ], [ -82.62806425, 27.592154138888887 ], [ -82.628538361111111, 27.592046083333333 ], [ -82.629065472222209, 27.592021138888889 ], [ -82.629453944444435, 27.592088388888886 ], [ -82.629943305555543, 27.5922365 ], [ -82.630394944444433, 27.592557666666664 ], [ -82.6304505, 27.5926835 ] ] } },
{ "type": "Feature", "properties": { "style": "solid", "thickness": 1 }, "geometry": { "type": "LineString", "coordinates": [ [ -82.378657388888882, 27.756673611111111 ], [ -82.374961444444438, 27.756841444444444 ], [ -82.37724225, 27.751300805555555 ] ] } },
{ "type": "Feature", "properties": { "style": "solid", "thickness": 1 }, "geometry": { "type": "LineString", "coordinates": [ [ -82.36977505555555, 27.757033944444444 ], [ -82.371983027777773, 27.756933777777778 ], [ -82.372426833333321, 27.754601833333332 ], [ -82.372004638888882, 27.754792222222221 ], [ -82.371632888888882, 27.755023138888888 ], [ -82.370768916666663, 27.755062333333335 ], [ -82.370332027777778, 27.754996527777777 ], [ -82.369885361111102, 27.754759916666668 ], [ -82.369371111111107, 27.754183888888889 ], [ -82.36924575, 27.753675833333332 ], [ -82.369209055555544, 27.753035333333333 ], [ -82.369470111111099, 27.752552555555557 ], [ -82.369779194444433, 27.752067611111112 ], [ -82.369915833333323, 27.751933 ], [ -82.370191583333323, 27.751706416666668 ], [ -82.370666666666665, 27.75159925 ], [ -82.37119463888888, 27.751575305555555 ], [ -82.3715835, 27.751643277777777 ], [ -82.372073277777773, 27.751792305555554 ], [ -82.37252483333333, 27.752114305555555 ], [ -82.372580166666665, 27.752240222222223 ] ] } },
{ "type": "Feature", "properties": { "style": "solid", "thickness": 1 }, "geometry": { "type": "LineString", "coordinates": [ [ -82.357480583333327, 28.08665675 ], [ -82.353773611111109, 28.086823944444443 ], [ -82.356062333333327, 28.081284361111109 ] ] } },
{ "type": "Feature", "properties": { "style": "solid", "thickness": 1 }, "geometry": { "type": "LineString", "coordinates": [ [ -82.348571777777778, 28.087015611111109 ], [ -82.350786333333332, 28.086915805555556 ], [ -82.351231916666663, 28.084584194444442 ], [ -82.350808444444439, 28.084774527777778 ], [ -82.350435555555549, 28.085005361111111 ], [ -82.349569, 28.085044416666666 ], [ -82.349130833333334, 28.084978527777778 ], [ -82.348682888888888, 28.084741888888889 ], [ -82.348167222222216, 28.084165833333333 ], [ -82.348041583333327, 28.083657805555553 ], [ -82.348004916666667, 28.083017388888887 ], [ -82.3482668611111, 28.082534722222221 ], [ -82.348576944444446, 28.082049888888889 ], [ -82.348714027777774, 28.081915277777778 ], [ -82.348990638888878, 28.081688777777778 ], [ -82.349467138888883, 28.081581694444445 ], [ -82.349996694444442, 28.081557833333331 ], [ -82.350386694444438, 28.08162588888889 ], [ -82.350877888888888, 28.08177497222222 ], [ -82.351330722222215, 28.082097 ], [ -82.351386222222217, 28.082222916666666 ] ] } },
{ "type": "Feature", "properties": { "style": "solid", "thickness": 1 }, "geometry": { "type": "LineString", "coordinates": [ [ -82.444534555555563, 27.203515166666666 ], [ -82.440856916666675, 27.203684777777777 ], [ -82.443123138888893, 27.198142305555557 ] ] } },
{ "type": "Feature", "properties": { "style": "solid", "thickness": 1 }, "geometry": { "type": "LineString", "coordinates": [ [ -82.435696222222219, 27.203879805555555 ], [ -82.43789325, 27.203778583333332 ], [ -82.438333444444453, 27.201446083333334 ], [ -82.437913444444447, 27.201636722222222 ], [ -82.43754366666667, 27.201867861111111 ], [ -82.436683972222227, 27.201907472222221 ], [ -82.436249194444443, 27.201841861111109 ], [ -82.435804583333336, 27.201605444444443 ], [ -82.435292527777776, 27.201029583333334 ], [ -82.435167472222233, 27.200521527777777 ], [ -82.435130583333333, 27.199880944444445 ], [ -82.435390055555558, 27.199398 ], [ -82.435697305555564, 27.198912833333335 ], [ -82.435833194444442, 27.19877811111111 ], [ -82.436107444444445, 27.198551388888887 ], [ -82.4365801388889, 27.198443972222222 ], [ -82.437105472222228, 27.19841975 ], [ -82.437492472222232, 27.198487555555555 ], [ -82.437979916666677, 27.198636361111113 ], [ -82.438429444444452, 27.198958194444444 ], [ -82.438484583333334, 27.199084111111112 ] ] } },
{ "type": "Feature", "properties": { "style": "solid", "thickness": 1 }, "geometry": { "type": "LineString", "coordinates": [ [ -81.926644583333342, 26.804416416666669 ], [ -81.9229785, 26.8045725 ], [ -81.925262638888896, 26.799037111111112 ] ] } },
{ "type": "Feature", "properties": { "style": "solid", "thickness": 1 }, "geometry": { "type": "LineString", "coordinates": [ [ -81.917834166666665, 26.8047485 ], [ -81.920024305555557, 26.804655361111113 ], [ -81.920473777777786, 26.802323944444446 ], [ -81.920054305555567, 26.802513083333334 ], [ -81.919684694444456, 26.80274288888889 ], [ -81.918827694444445, 26.802779361111114 ], [ -81.918394694444444, 26.802712138888889 ], [ -81.917952638888892, 26.802474 ], [ -81.917444944444455, 26.801896111111112 ], [ -81.917322666666678, 26.801387472222224 ], [ -81.917288833333345, 26.800746611111112 ], [ -81.917549666666673, 26.8002645 ], [ -81.917858111111116, 26.799780361111115 ], [ -81.917994194444447, 26.799646111111112 ], [ -81.918268555555557, 26.799420333333334 ], [ -81.918740138888893, 26.799314638888891 ], [ -81.919263861111119, 26.799292361111114 ], [ -81.91964925, 26.799361611111113 ], [ -81.92013436111111, 26.799512277777779 ], [ -81.920580916666665, 26.799835833333336 ], [ -81.920635277777777, 26.799961972222224 ] ] } },
{ "type": "Feature", "properties": { "style": "solid", "thickness": 1 }, "geometry": { "type": "LineString", "coordinates": [ [ -82.519959166666666, 27.947571722222222 ], [ -82.51997425, 27.947827888888888 ], [ -82.519895638888883, 27.948131194444446 ], [ -82.519725944444446, 27.948524333333335 ], [ -82.519548694444438, 27.948789416666667 ], [ -82.51927025, 27.948973555555554 ], [ -82.518890666666664, 27.94907677777778 ], [ -82.5181695, 27.949110194444444 ], [ -82.517635638888891, 27.949049305555555 ], [ -82.517387722222225, 27.948932388888888 ], [ -82.517033611111117, 27.948649111111113 ], [ -82.516924916666667, 27.948440111111111 ], [ -82.51680869444445, 27.94810302777778 ], [ -82.516768555555558, 27.947419916666668 ], [ -82.516849666666673, 27.947159305555555 ], [ -82.517229666666665, 27.946242694444443 ], [ -82.517771444444449, 27.945618277777779 ], [ -82.518637222222225, 27.94476475 ], [ -82.51968022222222, 27.943646166666667 ], [ -82.5166515, 27.943786555555555 ] ] } },
{ "type": "Feature", "properties": { "style": "solid", "thickness": 1 }, "geometry": { "type": "LineString", "coordinates": [ [ -82.51490275, 27.94930436111111 ], [ -82.511200777777773, 27.949475777777778 ], [ -82.513478527777778, 27.943933527777777 ] ] } },
{ "type": "Feature", "properties": { "style": "solid", "thickness": 1 }, "geometry": { "type": "LineString", "coordinates": [ [ -82.506005861111106, 27.94967336111111 ], [ -82.508217444444441, 27.949571055555555 ], [ -82.508659083333328, 27.947238916666667 ], [ -82.508236416666662, 27.947429722222221 ], [ -82.50786433333333, 27.947660972222224 ], [ -82.506998944444447, 27.947701027777779 ], [ -82.50656125, 27.94763563888889 ], [ -82.506113527777771, 27.9473995 ], [ -82.505597694444447, 27.94682402777778 ], [ -82.5054715, 27.946316166666666 ], [ -82.505433944444448, 27.94567575 ], [ -82.50569486111111, 27.945192777777777 ], [ -82.506003833333338, 27.944707583333333 ], [ -82.506140555555561, 27.944572833333332 ], [ -82.506416472222227, 27.94434602777778 ], [ -82.50689222222222, 27.944238388888888 ], [ -82.507421055555554, 27.944213944444446 ], [ -82.507810666666671, 27.944281527777779 ], [ -82.508301444444442, 27.944430055555557 ], [ -82.508754166666662, 27.944751583333332 ], [ -82.50880975, 27.944877444444444 ] ] } },
{ "type": "Feature", "properties": { "style": "solid", "thickness": 1 }, "geometry": { "type": "LineString", "coordinates": [ [ -82.460581166666671, 28.010900555555555 ], [ -82.460596111111116, 28.011156722222221 ], [ -82.460517305555555, 28.01146 ], [ -82.460347277777785, 28.011853055555555 ], [ -82.460169777777779, 28.012118055555554 ], [ -82.459891083333332, 28.012302083333335 ], [ -82.459511194444445, 28.012405138888887 ], [ -82.458789611111115, 28.01243825 ], [ -82.458255444444447, 28.01237713888889 ], [ -82.458007472222221, 28.012260083333334 ], [ -82.457653305555553, 28.011976694444446 ], [ -82.457544666666664, 28.011767638888887 ], [ -82.457428555555552, 28.0114305 ], [ -82.45738877777778, 28.010747388888888 ], [ -82.457470055555561, 28.010486805555555 ], [ -82.457850777777779, 28.009570388888889 ], [ -82.458393222222227, 28.008946166666668 ], [ -82.459259972222227, 28.008093055555555 ], [ -82.460304194444447, 28.006974916666667 ], [ -82.45727361111112, 28.007114 ] ] } },
{ "type": "Feature", "properties": { "style": "solid", "thickness": 1 }, "geometry": { "type": "LineString", "coordinates": [ [ -82.455520833333338, 28.012631 ], [ -82.45181658333334, 28.012800833333333 ], [ -82.454098722222227, 28.00725961111111 ] ] } },
{ "type": "Feature", "properties": { "style": "solid", "thickness": 1 }, "geometry": { "type": "LineString", "coordinates": [ [ -82.44661855555556, 28.012996194444444 ], [ -82.448831472222224, 28.012894833333334 ], [ -82.449274638888895, 28.010562888888888 ], [ -82.44885161111111, 28.0107535 ], [ -82.448479194444445, 28.010984611111112 ], [ -82.447613277777776, 28.011024277777778 ], [ -82.447175361111121, 28.010958722222224 ], [ -82.4467275, 28.01072238888889 ], [ -82.446211694444443, 28.010146694444444 ], [ -82.446085694444449, 28.009638777777777 ], [ -82.446048444444443, 28.008998361111111 ], [ -82.446309777777785, 28.0085155 ], [ -82.446619222222225, 28.008030444444444 ], [ -82.446756083333341, 28.00789575 ], [ -82.447032305555553, 28.007669055555557 ], [ -82.447508388888892, 28.007561638888888 ], [ -82.448037527777785, 28.007537388888888 ], [ -82.448427333333342, 28.007605166666668 ], [ -82.448918333333339, 28.007753888888889 ], [ -82.449371138888893, 28.00807561111111 ], [ -82.449426694444455, 28.0082015 ] ] } },
{ "type": "Feature", "properties": { "style": "solid", "thickness": 1 }, "geometry": { "type": "LineString", "coordinates": [ [ -82.32972616666666, 28.31364111111111 ], [ -82.32601141666666, 28.313807555555556 ], [ -82.32830638888889, 28.308268694444447 ] ] } },
{ "type": "Feature", "properties": { "style": "solid", "thickness": 1 }, "geometry": { "type": "LineString", "coordinates": [ [ -82.320798611111101, 28.313998111111111 ], [ -82.323017833333324, 28.31389877777778 ], [ -82.323464972222212, 28.311567388888889 ], [ -82.323040555555551, 28.311757611111112 ], [ -82.322666805555556, 28.311988333333336 ], [ -82.32179844444444, 28.312027222222223 ], [ -82.321359361111107, 28.31196125 ], [ -82.32091052777777, 28.311724527777777 ], [ -82.320393944444447, 28.311148388888888 ], [ -82.320268194444438, 28.310640388888888 ], [ -82.320231611111112, 28.309999972222222 ], [ -82.320494222222223, 28.309517388888889 ], [ -82.320805083333326, 28.30903263888889 ], [ -82.3209425, 28.308898083333332 ], [ -82.32121975, 28.308671638888889 ], [ -82.321697277777773, 28.308564666666669 ], [ -82.322227944444435, 28.308540916666669 ], [ -82.32261875, 28.308609027777777 ], [ -82.323110944444437, 28.308758222222224 ], [ -82.323564638888882, 28.309080333333334 ], [ -82.323620194444445, 28.30920625 ] ] } },
{ "type": "Feature", "properties": { "style": "solid", "thickness": 1 }, "geometry": { "type": "LineString", "coordinates": [ [ -82.56521155555555, 28.082264361111111 ], [ -82.567425777777771, 28.082161111111112 ], [ -82.567866694444447, 28.079828833333334 ], [ -82.567443611111102, 28.080019805555555 ], [ -82.567071194444438, 28.080251222222223 ], [ -82.56620475, 28.080291638888887 ], [ -82.5657665, 28.080226444444445 ], [ -82.565318083333324, 28.0799905 ], [ -82.564801333333335, 28.079415277777777 ], [ -82.564674694444435, 28.078907444444443 ], [ -82.56463675, 28.078267083333333 ], [ -82.56489769444444, 28.077784 ], [ -82.565206805555547, 28.077298694444444 ], [ -82.565343611111103, 28.07716388888889 ], [ -82.56561975, 28.076936972222221 ], [ -82.566096027777775, 28.07682913888889 ], [ -82.5666255, 28.076804444444445 ], [ -82.567015611111103, 28.076871861111112 ], [ -82.567507083333325, 28.077020166666667 ], [ -82.567960527777771, 28.0773415 ], [ -82.56801625, 28.077467333333335 ] ] } },
{ "type": "Feature", "properties": { "style": "solid", "thickness": 1 }, "geometry": { "type": "LineString", "coordinates": [ [ -82.561692833333325, 28.079902638888889 ], [ -82.560296944444445, 28.079967694444445 ], [ -82.559534472222225, 28.07931825 ], [ -82.559423027777768, 28.079066583333333 ], [ -82.559314111111107, 28.078857611111111 ], [ -82.559283777777779, 28.078345333333335 ], [ -82.55945355555555, 28.07795213888889 ], [ -82.559719611111106, 28.077554444444445 ], [ -82.55999827777778, 28.077370222222221 ], [ -82.560183222222221, 28.077233194444442 ], [ -82.56056072222222, 28.077087166666665 ], [ -82.561427111111115, 28.077046805555554 ], [ -82.561819777777771, 28.077156916666667 ], [ -82.562121222222217, 28.077356916666666 ], [ -82.562379583333325, 28.077644555555555 ], [ -82.562544222222215, 28.077979333333332 ], [ -82.562610055555552, 28.078275944444446 ], [ -82.562635361111106, 28.078702861111111 ], [ -82.56259986111111, 28.078918555555557 ], [ -82.562470638888882, 28.079181444444444 ], [ -82.562285694444441, 28.0793185 ], [ -82.561692833333325, 28.079902638888889 ], [ -82.562146277777771, 28.080223972222221 ], [ -82.562407194444447, 28.080554305555555 ], [ -82.562516111111108, 28.080763277777777 ], [ -82.562556583333333, 28.081446333333332 ], [ -82.56234625, 28.081969833333332 ], [ -82.562209444444449, 28.08210463888889 ], [ -82.56178633333333, 28.08229561111111 ], [ -82.561505111111103, 28.082437138888888 ], [ -82.560879333333332, 28.082466305555556 ], [ -82.560438527777777, 28.082358416666665 ], [ -82.559784972222218, 28.081917944444445 ], [ -82.559676055555556, 28.081708972222224 ], [ -82.55963052777777, 28.080940527777777 ], [ -82.559749666666661, 28.080506888888888 ], [ -82.55979525, 28.080461972222221 ], [ -82.560025833333327, 28.080279972222222 ], [ -82.560296944444445, 28.079967694444445 ] ] } },
{ "type": "Feature", "properties": { "style": "solid", "thickness": 1 }, "geometry": { "type": "LineString", "coordinates": [ [ -82.55618311111111, 28.077333888888887 ], [ -82.555547138888883, 28.078005638888889 ], [ -82.555004916666661, 28.078630222222223 ], [ -82.554556416666671, 28.079207611111112 ], [ -82.554287805555546, 28.079562583333335 ], [ -82.554072416666671, 28.080000694444443 ], [ -82.554001388888892, 28.080432111111111 ], [ -82.553976, 28.080818555555556 ], [ -82.554021472222217, 28.081587027777779 ], [ -82.554183555555554, 28.08187913888889 ], [ -82.55439125, 28.082126333333335 ], [ -82.5546015, 28.082416194444445 ], [ -82.555632555555547, 28.082710666666667 ], [ -82.556210194444446, 28.082683777777778 ], [ -82.55681825, 28.082355805555554 ], [ -82.556909472222216, 28.082265944444444 ], [ -82.557274333333325, 28.081906472222222 ], [ -82.557317416666663, 28.081818833333333 ], [ -82.557474583333331, 28.081212194444443 ], [ -82.557449305555551, 28.080785277777778 ], [ -82.557335333333327, 28.080490916666665 ], [ -82.557223888888885, 28.08023925 ], [ -82.557013666666663, 28.079949388888888 ], [ -82.556610888888883, 28.07966847222222 ], [ -82.55621572222222, 28.079515638888889 ], [ -82.555972527777769, 28.079484166666667 ], [ -82.555635583333327, 28.079499833333333 ], [ -82.555397444444438, 28.07955375 ], [ -82.554599361111102, 28.079933361111109 ], [ -82.553998861111111, 28.080389416666666 ] ] } },
{ "type": "Feature", "properties": { "style": "solid", "thickness": 1 }, "geometry": { "type": "LineString", "coordinates": [ [ -82.483698, 28.578123944444446 ], [ -82.4859225, 28.578022027777777 ], [ -82.486367194444441, 28.575690277777777 ], [ -82.485942027777782, 28.575881 ], [ -82.485567722222228, 28.576112166666668 ], [ -82.484697277777784, 28.576152055555557 ], [ -82.484257027777772, 28.576086611111112 ], [ -82.48380675, 28.575850416666665 ], [ -82.483288055555562, 28.575274944444445 ], [ -82.483161222222222, 28.574767138888888 ], [ -82.483123555555551, 28.574126833333334 ], [ -82.483386111111116, 28.573643972222222 ], [ -82.483697, 28.573158888888887 ], [ -82.483834527777773, 28.573024166666666 ], [ -82.484112111111116, 28.572797444444443 ], [ -82.484590666666662, 28.572689916666665 ], [ -82.485122583333336, 28.572665527777776 ], [ -82.485514444444448, 28.572733194444446 ], [ -82.486008055555558, 28.572881777777777 ], [ -82.486463361111106, 28.573203333333332 ], [ -82.48651925, 28.573329166666667 ] ] } },
{ "type": "Feature", "properties": { "style": "solid", "thickness": 1 }, "geometry": { "type": "LineString", "coordinates": [ [ -82.480164888888893, 28.575760416666668 ], [ -82.4787625, 28.575824638888889 ], [ -82.477997027777775, 28.575174833333332 ], [ -82.47788525, 28.574923138888888 ], [ -82.477776, 28.57471411111111 ], [ -82.477745916666663, 28.57420186111111 ], [ -82.477916777777779, 28.573808833333334 ], [ -82.478184361111119, 28.573411361111109 ], [ -82.478464444444441, 28.573227333333332 ], [ -82.478650361111107, 28.57309038888889 ], [ -82.479029694444449, 28.572944638888888 ], [ -82.479900111111107, 28.572904777777776 ], [ -82.480294472222226, 28.573015111111111 ], [ -82.480597166666669, 28.573215277777777 ], [ -82.4808565, 28.573503027777779 ], [ -82.48102163888889, 28.573837888888889 ], [ -82.481087555555561, 28.574134472222223 ], [ -82.481112638888888, 28.574561361111112 ], [ -82.481076833333333, 28.574777 ], [ -82.480946805555561, 28.575039777777778 ], [ -82.480760916666668, 28.575176694444444 ], [ -82.480164888888893, 28.575760416666668 ], [ -82.480620166666668, 28.576082 ], [ -82.480882027777781, 28.576412416666667 ], [ -82.480991277777775, 28.576621444444445 ], [ -82.481031416666667, 28.577304444444444 ], [ -82.48081975, 28.577827777777777 ], [ -82.480682194444441, 28.577962472222222 ], [ -82.480257, 28.578153166666667 ], [ -82.479974361111118, 28.5782945 ], [ -82.479345694444447, 28.578323277777777 ], [ -82.478902944444442, 28.57821513888889 ], [ -82.478246694444451, 28.577774361111111 ], [ -82.478137444444442, 28.577565361111112 ], [ -82.478092305555563, 28.576796972222223 ], [ -82.478212305555559, 28.576363444444443 ], [ -82.478258166666663, 28.576318555555556 ], [ -82.478489916666675, 28.576136722222223 ], [ -82.4787625, 28.575824638888889 ] ] } },
{ "type": "Feature", "properties": { "style": "solid", "thickness": 1 }, "geometry": { "type": "LineString", "coordinates": [ [ -82.47463175, 28.573188722222223 ], [ -82.473992361111115, 28.57386 ], [ -82.473447138888886, 28.574484166666668 ], [ -82.472996138888888, 28.57506125 ], [ -82.472726055555555, 28.575416027777777 ], [ -82.472509305555562, 28.575853944444443 ], [ -82.472437638888891, 28.57628525 ], [ -82.472411833333339, 28.576671666666666 ], [ -82.472456944444446, 28.577440027777776 ], [ -82.472619555555553, 28.57773222222222 ], [ -82.47282802777778, 28.5779795 ], [ -82.473039, 28.578269472222221 ], [ -82.474074583333334, 28.578564527777779 ], [ -82.474654888888892, 28.578537972222222 ], [ -82.475266, 28.578210388888888 ], [ -82.475357722222228, 28.578120583333334 ], [ -82.475724527777786, 28.577761388888888 ], [ -82.475767861111109, 28.577673805555555 ], [ -82.475926222222228, 28.577067305555556 ], [ -82.475901138888887, 28.576640444444443 ], [ -82.475786888888891, 28.576346055555554 ], [ -82.475675138888889, 28.57609436111111 ], [ -82.475464138888896, 28.575804388888887 ], [ -82.47505975, 28.575523277777776 ], [ -82.474662861111113, 28.575370222222222 ], [ -82.474418555555559, 28.575338583333334 ], [ -82.474080055555561, 28.575354083333334 ], [ -82.473840777777781, 28.575407833333333 ], [ -82.47303875, 28.575786944444445 ], [ -82.472435138888898, 28.576242555555556 ] ] } },
{ "type": "Feature", "properties": { "style": "solid", "thickness": 1 }, "geometry": { "type": "LineString", "coordinates": [ [ -82.347624777777767, 27.583783666666665 ], [ -82.345609222222222, 27.583874888888889 ], [ -82.344763083333333, 27.569028805555554 ] ] } },
{ "type": "Feature", "properties": { "style": "solid", "thickness": 1 }, "geometry": { "type": "LineString", "coordinates": [ [ -82.335405055555555, 27.577374277777778 ], [ -82.331508555555558, 27.577550305555555 ], [ -82.329384222222217, 27.575725638888887 ], [ -82.329074666666656, 27.575019416666667 ], [ -82.328771916666668, 27.574432916666666 ], [ -82.32869025, 27.572996166666666 ], [ -82.329166416666666, 27.571894361111109 ], [ -82.329911305555555, 27.570780444444445 ], [ -82.330690194444443, 27.570265138888889 ], [ -82.331207194444445, 27.569881666666667 ], [ -82.332261583333334, 27.569473944444443 ], [ -82.334679916666659, 27.569364722222222 ], [ -82.335775166666664, 27.569675333333333 ], [ -82.3366153611111, 27.570237527777778 ], [ -82.33733483333333, 27.57104525 ], [ -82.337792416666659, 27.571984861111112 ], [ -82.337974472222214, 27.572816861111111 ], [ -82.338042638888879, 27.574014138888888 ], [ -82.337942333333331, 27.574618861111112 ], [ -82.337580166666669, 27.575355444444444 ], [ -82.337063166666667, 27.575738916666666 ], [ -82.335405055555555, 27.577374277777778 ], [ -82.336668833333334, 27.578277472222222 ], [ -82.337395166666667, 27.579204916666665 ], [ -82.337697972222216, 27.579791388888889 ], [ -82.337807027777771, 27.581707027777778 ], [ -82.337216972222222, 27.583174111111109 ], [ -82.336834305555556, 27.583551527777775 ], [ -82.33565225, 27.584085083333331 ], [ -82.334866472222217, 27.584480666666664 ], [ -82.333119638888888, 27.584559583333331 ], [ -82.331889888888881, 27.584255 ], [ -82.330068194444436, 27.583016888888888 ], [ -82.32976541666666, 27.582430388888888 ], [ -82.329642888888884, 27.580275277777776 ], [ -82.329977916666664, 27.579059805555556 ], [ -82.330105472222215, 27.578934027777777 ], [ -82.330750055555555, 27.578424777777776 ], [ -82.331508555555558, 27.577550305555555 ] ] } },
{ "type": "Feature", "properties": { "style": "solid", "thickness": 1 }, "geometry": { "type": "LineString", "coordinates": [ [ -82.239713055555555, 27.429329972222224 ], [ -82.23975325, 27.430048361111112 ], [ -82.239531777777785, 27.430898444444445 ], [ -82.23905533333334, 27.431999944444446 ], [ -82.238558777777783, 27.432742222222224 ], [ -82.237780444444439, 27.433257027777778 ], [ -82.236720333333338, 27.433544305555557 ], [ -82.2347075, 27.433633916666668 ], [ -82.233218027777781, 27.433460166666666 ], [ -82.232527, 27.433130833333333 ], [ -82.231540805555554, 27.43233452777778 ], [ -82.231238972222229, 27.431747805555556 ], [ -82.230917083333338, 27.43080188888889 ], [ -82.230810027777778, 27.428886166666668 ], [ -82.23103825, 27.428155833333335 ], [ -82.232105333333337, 27.425587722222222 ], [ -82.233621777777785, 27.423839805555556 ], [ -82.236043944444447, 27.42145138888889 ], [ -82.238962472222227, 27.41832063888889 ], [ -82.230509666666663, 27.418697027777778 ] ] } },
{ "type": "Feature", "properties": { "style": "solid", "thickness": 1 }, "geometry": { "type": "LineString", "coordinates": [ [ -82.22558925, 27.434159611111113 ], [ -82.21525650000001, 27.434618555555556 ], [ -82.22165430555556, 27.41909075 ] ] } },
{ "type": "Feature", "properties": { "style": "solid", "thickness": 1 }, "geometry": { "type": "LineString", "coordinates": [ [ -82.468579277777778, 28.702553361111111 ], [ -82.463997277777779, 28.702762444444442 ], [ -82.462038166666673, 28.6693665 ] ] } },
{ "type": "Feature", "properties": { "style": "solid", "thickness": 1 }, "geometry": { "type": "LineString", "coordinates": [ [ -82.440784777777779, 28.688157055555557 ], [ -82.431927361111121, 28.68855936111111 ], [ -82.427094555555556, 28.684458027777779 ], [ -82.426389472222226, 28.682869777777778 ], [ -82.425700138888899, 28.681550833333336 ], [ -82.425511666666665, 28.678318916666669 ], [ -82.426591916666666, 28.675839583333335 ], [ -82.428282888888887, 28.6733325 ], [ -82.430052333333336, 28.672172055555556 ], [ -82.43122672222222, 28.671308638888892 ], [ -82.433622583333332, 28.67038975 ], [ -82.439119388888898, 28.67014002777778 ], [ -82.441609611111119, 28.670836944444446 ], [ -82.443520611111111, 28.67210025 ], [ -82.445157805555553, 28.673916083333335 ], [ -82.4462, 28.676029 ], [ -82.446615694444446, 28.67790038888889 ], [ -82.44677325, 28.680593611111114 ], [ -82.44654663888889, 28.681954138888891 ], [ -82.44572494444445, 28.683611777777777 ], [ -82.444550527777778, 28.684475305555555 ], [ -82.440784777777779, 28.688157055555557 ], [ -82.443659638888889, 28.690186666666666 ], [ -82.445312833333332, 28.692271805555556 ], [ -82.4460025, 28.693590638888889 ], [ -82.446254638888888, 28.697899805555554 ], [ -82.444916416666672, 28.701201138888887 ], [ -82.444047305555557, 28.702050777777778 ], [ -82.441361083333334, 28.703253055555553 ], [ -82.4395755, 28.704144333333332 ], [ -82.43560433333333, 28.704324694444445 ], [ -82.432807888888888, 28.703641555555556 ], [ -82.428663861111119, 28.700859166666667 ], [ -82.427974361111112, 28.69954025 ], [ -82.427691555555555, 28.694692388888889 ], [ -82.42845075000001, 28.691957583333334 ], [ -82.428740472222231, 28.691674388888888 ], [ -82.430204805555562, 28.690527805555554 ], [ -82.431927361111121, 28.68855936111111 ] ] } },
{ "type": "Feature", "properties": { "style": "solid", "thickness": 1 }, "geometry": { "type": "LineString", "coordinates": [ [ -82.017717027777778, 28.407943361111109 ], [ -82.013146722222217, 28.408137527777775 ], [ -82.0113325, 28.374732416666667 ] ] } },
{ "type": "Feature", "properties": { "style": "solid", "thickness": 1 }, "geometry": { "type": "LineString", "coordinates": [ [ -81.990058833333336, 28.393455305555555 ], [ -81.981224, 28.393828805555554 ], [ -81.976421583333334, 28.389711388888887 ], [ -81.975725055555557, 28.388120722222222 ], [ -81.97504311111112, 28.386799444444446 ], [ -81.974868638888893, 28.383566638888887 ], [ -81.975956277777783, 28.381090611111112 ], [ -81.977653083333337, 28.378588833333335 ], [ -81.979422527777785, 28.377434055555558 ], [ -81.980597305555563, 28.376574388888891 ], [ -81.98299044444444, 28.375663222222222 ], [ -81.988473222222225, 28.375431388888888 ], [ -81.99095372222223, 28.376136472222221 ], [ -81.992854222222221, 28.377406083333334 ], [ -81.994479333333331, 28.379227388888889 ], [ -81.995509861111117, 28.381343888888889 ], [ -81.99591658333334, 28.383216777777779 ], [ -81.9960625, 28.38591075 ], [ -81.995830805555556, 28.387270638888889 ], [ -81.995004444444447, 28.388925722222222 ], [ -81.99382966666667, 28.389785527777779 ], [ -81.990058833333336, 28.393455305555555 ], [ -81.992917333333338, 28.395494472222222 ], [ -81.99455730555556, 28.397585166666666 ], [ -81.99523958333333, 28.398906333333333 ], [ -81.995473, 28.403216694444442 ], [ -81.994124666666664, 28.406513944444445 ], [ -81.993254361111113, 28.407360833333332 ], [ -81.9905705, 28.408554444444444 ], [ -81.988786083333338, 28.40943997222222 ], [ -81.984825055555561, 28.409607444444443 ], [ -81.982039111111106, 28.40891511111111 ], [ -81.977918083333336, 28.406119 ], [ -81.977236, 28.40479772222222 ], [ -81.976974194444452, 28.399948555555554 ], [ -81.977742722222217, 28.397216 ], [ -81.978032861111117, 28.396933722222222 ], [ -81.979497944444446, 28.395791805555554 ], [ -81.981224, 28.393828805555554 ] ] } },
{ "type": "Feature", "properties": { "style": "solid", "thickness": 1 }, "geometry": { "type": "LineString", "coordinates": [ [ -81.83875125, 27.71875325 ], [ -81.834209666666666, 27.718941777777776 ], [ -81.832459527777772, 27.685530805555555 ] ] } },
{ "type": "Feature", "properties": { "style": "solid", "thickness": 1 }, "geometry": { "type": "LineString", "coordinates": [ [ -81.811291444444436, 27.704229361111111 ], [ -81.802512111111113, 27.704591972222222 ], [ -81.797746638888881, 27.700468194444444 ], [ -81.797057027777782, 27.698876472222221 ], [ -81.796381472222222, 27.697554222222223 ], [ -81.796213194444448, 27.694320861111112 ], [ -81.797297805555559, 27.691845888888889 ], [ -81.798987777777782, 27.689345972222224 ], [ -81.800747805555559, 27.68819325 ], [ -81.801916472222217, 27.687334944444444 ], [ -81.804295861111115, 27.686426638888889 ], [ -81.809744194444448, 27.686201527777779 ], [ -81.812207861111105, 27.686909777777778 ], [ -81.814094305555557, 27.688181888888888 ], [ -81.81570625, 27.690005388888888 ], [ -81.816726916666667, 27.692123388888888 ], [ -81.817128111111103, 27.693996972222223 ], [ -81.817268861111103, 27.696691416666667 ], [ -81.8170365, 27.698051166666666 ], [ -81.816212777777778, 27.699705416666667 ], [ -81.815044111111106, 27.700563833333334 ], [ -81.811291444444436, 27.704229361111111 ], [ -81.814128611111101, 27.706272277777778 ], [ -81.815754861111103, 27.70836522222222 ], [ -81.816430722222222, 27.709687388888888 ], [ -81.816655888888889, 27.7139985 ], [ -81.815310944444448, 27.717294444444441 ], [ -81.814444833333326, 27.718140361111111 ], [ -81.811776138888888, 27.719330777777778 ], [ -81.810001638888892, 27.720214194444441 ], [ -81.8060655, 27.720376777777776 ], [ -81.803298361111104, 27.719680916666665 ], [ -81.799207888888887, 27.716879416666664 ], [ -81.798532194444448, 27.715557166666667 ], [ -81.798279666666659, 27.710707138888889 ], [ -81.799047638888894, 27.70797522222222 ], [ -81.799336333333329, 27.707693277777778 ], [ -81.800793944444436, 27.706553055555556 ], [ -81.802512111111113, 27.704591972222222 ] ] } },
{ "type": "Feature", "properties": { "style": "solid", "thickness": 1 }, "geometry": { "type": "LineString", "coordinates": [ [ -82.467808138888884, 28.931344861111111 ], [ -82.467903222222219, 28.932960611111113 ], [ -82.467401888888887, 28.934873583333335 ], [ -82.466319972222223, 28.937353 ], [ -82.4651905, 28.9390245 ], [ -82.463417, 28.940185277777779 ], [ -82.460999527777787, 28.940835305555556 ], [ -82.456407361111118, 28.941044111111111 ], [ -82.45300813888889, 28.940658527777778 ], [ -82.45143, 28.939920166666667 ], [ -82.449176388888887, 28.938132416666665 ], [ -82.448485111111111, 28.936813722222222 ], [ -82.447746472222221, 28.93468713888889 ], [ -82.44749372222222, 28.930378361111114 ], [ -82.448011194444447, 28.92873477777778 ], [ -82.450434333333334, 28.922954416666666 ], [ -82.453886111111117, 28.919017388888889 ], [ -82.459401, 28.913636305555553 ], [ -82.46604450000001, 28.90658347222222 ], [ -82.446763527777776, 28.907460138888887 ] ] } },
{ "type": "Feature", "properties": { "style": "solid", "thickness": 1 }, "geometry": { "type": "LineString", "coordinates": [ [ -82.432205861111115, 28.941871972222224 ], [ -82.42761358333334, 28.942079833333334 ], [ -82.425661638888897, 28.9086865 ] ] } },
{ "type": "Feature", "properties": { "style": "solid", "thickness": 1 }, "geometry": { "type": "LineString", "coordinates": [ [ -81.787581333333335, 28.58507361111111 ], [ -81.787665861111108, 28.586690055555554 ], [ -81.787154055555547, 28.58860075 ], [ -81.786059916666659, 28.591075138888886 ], [ -81.784923472222218, 28.592741277777776 ], [ -81.783148361111117, 28.59389347222222 ], [ -81.780734583333327, 28.594531638888888 ], [ -81.77615594444444, 28.594717888888887 ], [ -81.772770138888887, 28.594315555555553 ], [ -81.771201777777776, 28.593569333333331 ], [ -81.76896680555555, 28.591770277777776 ], [ -81.768286111111109, 28.590448027777775 ], [ -81.767563333333328, 28.588317583333332 ], [ -81.76733872222222, 28.584007083333333 ], [ -81.767864916666667, 28.582365861111111 ], [ -81.770316861111112, 28.57659675 ], [ -81.773782416666663, 28.57267625 ], [ -81.779313555555561, 28.567321694444445 ], [ -81.785980277777782, 28.56030075 ], [ -81.766756027777774, 28.561082694444444 ] ] } },
{ "type": "Feature", "properties": { "style": "solid", "thickness": 1 }, "geometry": { "type": "LineString", "coordinates": [ [ -81.7520275, 28.595426777777778 ], [ -81.747448777777777, 28.595612055555556 ], [ -81.745714583333339, 28.562205416666668 ] ] } },
{ "type": "Feature", "properties": { "style": "solid", "thickness": 1 }, "geometry": { "type": "LineString", "coordinates": [ [ -82.489748638888884, 28.389498305555556 ], [ -82.485179972222227, 28.389708138888889 ], [ -82.48321986111111, 28.356309305555556 ] ] } },
{ "type": "Feature", "properties": { "style": "solid", "thickness": 1 }, "geometry": { "type": "LineString", "coordinates": [ [ -82.46937341666667, 28.390973027777779 ], [ -82.445920361111121, 28.392045055555556 ], [ -82.46036766666667, 28.357086472222225 ] ] } },
{ "type": "Feature", "properties": { "style": "solid", "thickness": 1 }, "geometry": { "type": "LineString", "coordinates": [ [ -82.145844833333342, 28.146273194444444 ], [ -82.141285805555569, 28.146471666666667 ], [ -82.139435833333337, 28.113066333333336 ] ] } },
{ "type": "Feature", "properties": { "style": "solid", "thickness": 1 }, "geometry": { "type": "LineString", "coordinates": [ [ -82.125510888888883, 28.147697416666666 ], [ -82.102107305555549, 28.148711277777778 ], [ -82.116632666666661, 28.113786861111112 ] ] } },
{ "type": "Feature", "properties": { "style": "solid", "thickness": 1 }, "geometry": { "type": "LineString", "coordinates": [ [ -82.516750527777774, 28.237549027777778 ], [ -82.512188361111114, 28.237759777777779 ], [ -82.510222611111118, 28.204360111111111 ] ] } },
{ "type": "Feature", "properties": { "style": "solid", "thickness": 1 }, "geometry": { "type": "LineString", "coordinates": [ [ -82.480556861111111, 28.239216666666668 ], [ -82.484578166666665, 28.234980666666669 ], [ -82.488006666666664, 28.231041861111109 ], [ -82.490842527777772, 28.227400333333332 ], [ -82.492540777777776, 28.2251615 ], [ -82.493903222222229, 28.222397972222222 ], [ -82.494353333333336, 28.219676416666665 ], [ -82.494515111111113, 28.217238222222221 ], [ -82.494230527777773, 28.212389861111109 ], [ -82.493207666666663, 28.21054638888889 ], [ -82.491896555555556, 28.20898625 ], [ -82.490569694444446, 28.20715675 ], [ -82.484058111111111, 28.205295666666665 ], [ -82.480409416666674, 28.205463416666667 ], [ -82.476567, 28.2075305 ], [ -82.475990388888889, 28.208097138888888 ], [ -82.473683944444446, 28.210363694444442 ], [ -82.473411361111118, 28.21091636111111 ], [ -82.47241563888889, 28.214743194444445 ], [ -82.47257319444445, 28.21743675 ], [ -82.473291694444441, 28.21929433333333 ], [ -82.473994444444443, 28.220882555555555 ], [ -82.475321194444447, 28.222712222222221 ], [ -82.47786444444445, 28.224485972222222 ], [ -82.480360444444443, 28.225451638888888 ], [ -82.481896805555564, 28.225651111111109 ], [ -82.484025611111107, 28.22555325 ], [ -82.48553038888889, 28.225214 ], [ -82.490573888888889, 28.222821305555552 ], [ -82.494369138888885, 28.219945777777777 ] ] } },
{ "type": "Feature", "properties": { "style": "solid", "thickness": 1 }, "geometry": { "type": "LineString", "coordinates": [ [ -82.000052, 27.195227083333332 ], [ -81.99553225, 27.195421083333333 ], [ -81.993740111111109, 27.162010916666667 ] ] } },
{ "type": "Feature", "properties": { "style": "solid", "thickness": 1 }, "geometry": { "type": "LineString", "coordinates": [ [ -81.964194916666671, 27.196761944444443 ], [ -81.968197583333335, 27.192540277777777 ], [ -81.97161175, 27.188613666666669 ], [ -81.9744375, 27.184982194444444 ], [ -81.976129972222225, 27.18274938888889 ], [ -81.977492277777785, 27.179990583333336 ], [ -81.977950722222218, 27.177270416666669 ], [ -81.978122277777786, 27.174832583333334 ], [ -81.977862861111106, 27.169982694444446 ], [ -81.97685825, 27.168135277777779 ], [ -81.975566833333332, 27.166570194444443 ], [ -81.974261055555559, 27.164735666666665 ], [ -81.96782, 27.162850527777778 ], [ -81.964205222222219, 27.163004888888889 ], [ -81.960389777777777, 27.165058083333331 ], [ -81.959816027777777, 27.165622666666664 ], [ -81.957521, 27.167880972222225 ], [ -81.957248472222219, 27.168432694444444 ], [ -81.9562445, 27.172256222222224 ], [ -81.956388083333337, 27.174950638888891 ], [ -81.957091166666672, 27.176811027777777 ], [ -81.957779861111121, 27.178401972222222 ], [ -81.959085527777788, 27.180236666666669 ], [ -81.961596388888893, 27.182019944444445 ], [ -81.964064166666674, 27.182994833333336 ], [ -81.965584972222231, 27.183199972222223 ], [ -81.967693972222222, 27.183109916666666 ], [ -81.969186027777781, 27.18277613888889 ], [ -81.974192638888894, 27.18040175 ], [ -81.977965138888891, 27.177539861111111 ] ] } },
{ "type": "Feature", "properties": { "style": "solid", "thickness": 1 }, "geometry": { "type": "LineString", "coordinates": [ [ -82.102718694444434, 27.70281811111111 ], [ -82.1027581111111, 27.703536527777779 ], [ -82.102535, 27.704386388888889 ], [ -82.102055972222217, 27.705487416666667 ], [ -82.10155725, 27.706229222222223 ], [ -82.100776305555556, 27.706743222222222 ], [ -82.099713138888887, 27.707029444444444 ], [ -82.097695111111108, 27.707117055555553 ], [ -82.096202111111111, 27.706941805555555 ], [ -82.09550975, 27.706611777777777 ], [ -82.094522111111104, 27.705814472222222 ], [ -82.09422025, 27.705227444444443 ], [ -82.09389875, 27.704281222222221 ], [ -82.093793833333322, 27.702365416666666 ], [ -82.094023555555552, 27.701635305555556 ], [ -82.09509658333333, 27.699068277777776 ], [ -82.096619027777777, 27.69732188888889 ], [ -82.099050305555551, 27.694935888888889 ], [ -82.101980111111104, 27.691808083333335 ], [ -82.093505583333325, 27.692175972222223 ] ] } },
{ "type": "Feature", "properties": { "style": "solid", "thickness": 1 }, "geometry": { "type": "LineString", "coordinates": [ [ -82.08154427777778, 27.707697138888889 ], [ -82.083329583333324, 27.7058195 ], [ -82.08485233333333, 27.70407325 ], [ -82.086112527777772, 27.702458361111109 ], [ -82.086867305555558, 27.7014655 ], [ -82.087474444444439, 27.700238944444443 ], [ -82.087678, 27.699029916666667 ], [ -82.087753583333324, 27.697946444444444 ], [ -82.087635694444444, 27.69579113888889 ], [ -82.087186277777775, 27.694970472222224 ], [ -82.08660888888889, 27.694275333333334 ], [ -82.086025, 27.6934605 ], [ -82.083147722222222, 27.692624944444443 ], [ -82.0815335, 27.692694861111111 ], [ -82.079830555555546, 27.693608722222223 ], [ -82.079574611111113, 27.693859833333335 ], [ -82.078550777777778, 27.694864333333335 ], [ -82.078429333333332, 27.695109638888891 ], [ -82.077982777777777, 27.69680925 ], [ -82.078048194444435, 27.698006638888888 ], [ -82.078363, 27.698833166666667 ], [ -82.078671305555545, 27.699539972222222 ], [ -82.079255194444443, 27.700354861111112 ], [ -82.080377222222225, 27.701146444444444 ], [ -82.081479611111106, 27.701578805555556 ], [ -82.082158805555551, 27.701669416666665 ], [ -82.0831005, 27.701628666666664 ], [ -82.083766611111102, 27.701479777777777 ], [ -82.086001194444435, 27.700422805555554 ], [ -82.087684555555555, 27.69914963888889 ] ] } },
{ "type": "Feature", "properties": { "style": "solid", "thickness": 1 }, "geometry": { "type": "LineString", "coordinates": [ [ -82.608002916666663, 27.893459916666668 ], [ -82.605981861111104, 27.893554944444443 ], [ -82.605098083333331, 27.87871077777778 ] ] } },
{ "type": "Feature", "properties": { "style": "solid", "thickness": 1 }, "geometry": { "type": "LineString", "coordinates": [ [ -82.598989722222214, 27.894123527777776 ], [ -82.588614777777778, 27.894610277777776 ], [ -82.594986944444443, 27.879065638888889 ] ] } },
{ "type": "Feature", "properties": { "style": "solid", "thickness": 1 }, "geometry": { "type": "LineString", "coordinates": [ [ -82.259503694444447, 26.9174525 ], [ -82.257500138888886, 26.9175425 ], [ -82.256670444444438, 26.902695138888888 ] ] } },
{ "type": "Feature", "properties": { "style": "solid", "thickness": 1 }, "geometry": { "type": "LineString", "coordinates": [ [ -82.247362027777783, 26.911035333333331 ], [ -82.243488722222224, 26.911208944444443 ], [ -82.2413785, 26.909382916666665 ], [ -82.241071333333338, 26.908676472222222 ], [ -82.240770833333329, 26.90808975 ], [ -82.24069075, 26.906652888888889 ], [ -82.241164916666662, 26.905551333333332 ], [ -82.241906194444439, 26.904437805555553 ], [ -82.242680805555551, 26.903922944444442 ], [ -82.243195, 26.903539777777777 ], [ -82.24424338888889, 26.903132694444444 ], [ -82.246647333333328, 26.903024916666666 ], [ -82.24773580555555, 26.903336222222222 ], [ -82.248570527777773, 26.903898972222219 ], [ -82.249285083333334, 26.904707166666665 ], [ -82.249739194444444, 26.905647083333331 ], [ -82.24991955555555, 26.90647925 ], [ -82.249986388888885, 26.907676611111111 ], [ -82.24988622222223, 26.908281305555555 ], [ -82.249525666666671, 26.909017694444444 ], [ -82.249011472222222, 26.909400861111109 ], [ -82.247362027777783, 26.911035333333331 ], [ -82.248617555555555, 26.911939305555553 ], [ -82.24933883333334, 26.91286725 ], [ -82.249639361111107, 26.913453944444441 ], [ -82.249746305555561, 26.91536975 ], [ -82.249158666666673, 26.916836555555555 ], [ -82.248778, 26.917213722222222 ], [ -82.247602611111105, 26.917746583333333 ], [ -82.246821222222223, 26.918141722222224 ], [ -82.24508480555555, 26.918219583333336 ], [ -82.243862638888885, 26.91791425 ], [ -82.242052777777772, 26.916674944444445 ], [ -82.241752277777778, 26.916088222222221 ], [ -82.241632111111116, 26.913932944444444 ], [ -82.241966055555551, 26.912717611111109 ], [ -82.242092944444451, 26.912591888888887 ], [ -82.242734083333332, 26.912083027777776 ], [ -82.243488722222224, 26.911208944444443 ] ] } },
{ "type": "Feature", "properties": { "style": "solid", "thickness": 1 }, "geometry": { "type": "LineString", "coordinates": [ [ -83.139501888888901, 28.497877055555556 ], [ -83.134930055555557, 28.498108416666668 ], [ -83.132766361111109, 28.464720972222221 ] ] } },
{ "type": "Feature", "properties": { "style": "solid", "thickness": 1 }, "geometry": { "type": "LineString", "coordinates": [ [ -83.103231583333326, 28.499708444444444 ], [ -83.107237944444435, 28.495454638888891 ], [ -83.110651861111108, 28.491500722222224 ], [ -83.113473388888877, 28.487846694444446 ], [ -83.11516275, 28.485600388888891 ], [ -83.116512444444439, 28.482830944444444 ], [ -83.116947888888888, 28.480107638888889 ], [ -83.117095944444443, 28.477668944444442 ], [ -83.116782638888878, 28.472822333333333 ], [ -83.115746666666666, 28.470983666666665 ], [ -83.114423416666668, 28.46942961111111 ], [ -83.11308280555555, 28.467606305555552 ], [ -83.106544944444437, 28.465774888888888 ], [ -83.102888527777779, 28.465959111111111 ], [ -83.099048916666661, 28.468043416666664 ], [ -83.098474194444435, 28.468612611111109 ], [ -83.096175333333335, 28.470889388888889 ], [ -83.095905333333334, 28.47144322222222 ], [ -83.094929333333326, 28.475274194444442 ], [ -83.095102861111101, 28.477966777777777 ], [ -83.095833805555557, 28.479820944444441 ], [ -83.096547416666667, 28.48140583333333 ], [ -83.097887916666664, 28.483229305555554 ], [ -83.1004475, 28.48499138888889 ], [ -83.102955055555555, 28.485945638888889 ], [ -83.10449622222221, 28.48613813888889 ], [ -83.10662952777777, 28.486030666666668 ], [ -83.108135944444442, 28.485684611111111 ], [ -83.113177611111112, 28.483269333333332 ], [ -83.116965277777766, 28.480376888888888 ] ] } },
{ "type": "Feature", "properties": { "style": "solid", "thickness": 1 }, "geometry": { "type": "LineString", "coordinates": [ [ -82.173220111111121, 28.633854916666667 ], [ -82.169494027777787, 28.634017055555557 ], [ -82.171803972222222, 28.628481361111113 ] ] } },
{ "type": "Feature", "properties": { "style": "solid", "thickness": 1 }, "geometry": { "type": "LineString", "coordinates": [ [ -82.164265472222226, 28.634201611111109 ], [ -82.166491444444446, 28.634104861111112 ], [ -82.166943333333336, 28.631774194444446 ], [ -82.166517361111119, 28.63196388888889 ], [ -82.166142166666674, 28.632194194444445 ], [ -82.165271138888897, 28.632232055555555 ], [ -82.164830861111113, 28.632165611111112 ], [ -82.164381055555566, 28.631928361111111 ], [ -82.163863805555565, 28.631351694444444 ], [ -82.163738416666675, 28.630843583333334 ], [ -82.163702666666666, 28.630203194444444 ], [ -82.163966777777787, 28.629720972222223 ], [ -82.16427927777778, 28.629236611111111 ], [ -82.164417277777787, 28.629102222222222 ], [ -82.164695694444447, 28.628876138888888 ], [ -82.165174805555566, 28.628769722222223 ], [ -82.165707083333345, 28.628746583333335 ], [ -82.166098944444457, 28.628815138888889 ], [ -82.166592361111114, 28.628964861111111 ], [ -82.167046944444451, 28.629287472222224 ], [ -82.1671025, 28.629413444444445 ] ] } },
{ "type": "Feature", "properties": { "style": "solid", "thickness": 1 }, "geometry": { "type": "LineString", "coordinates": [ [ -82.731924416666672, 27.907787777777777 ], [ -82.731203611111113, 27.907822333333332 ], [ -82.730882277777781, 27.902528805555555 ] ] } },
{ "type": "Feature", "properties": { "style": "solid", "thickness": 1 }, "geometry": { "type": "LineString", "coordinates": [ [ -82.727326388888898, 27.902699111111108 ], [ -82.726692472222226, 27.903371666666665 ], [ -82.726152111111119, 27.903996916666664 ], [ -82.725705222222217, 27.904574888888888 ], [ -82.725437611111118, 27.90493022222222 ], [ -82.72522325, 27.905368611111111 ], [ -82.725153027777779, 27.905800111111109 ], [ -82.725128277777785, 27.90618661111111 ], [ -82.725174861111114, 27.906955027777776 ], [ -82.725337166666662, 27.907246972222222 ], [ -82.725544916666664, 27.907493888888887 ], [ -82.72575525, 27.907783527777777 ], [ -82.726785138888886, 27.90807675 ], [ -82.72736180555556, 27.908049138888888 ], [ -82.727968388888897, 27.907720388888887 ], [ -82.728059305555561, 27.907630416666667 ], [ -82.728423027777779, 27.907270472222219 ], [ -82.728465888888891, 27.907182805555554 ], [ -82.728621861111108, 27.906575944444445 ], [ -82.72859594444445, 27.906149027777776 ], [ -82.72848169444444, 27.905854805555553 ], [ -82.728370055555558, 27.905603277777775 ], [ -82.728159694444443, 27.905313666666665 ], [ -82.72775713888889, 27.905033222222222 ], [ -82.727362361111119, 27.904880888888886 ], [ -82.7271195, 27.904849694444444 ], [ -82.726783111111118, 27.904865805555556 ], [ -82.72654544444444, 27.90492 ], [ -82.72574925, 27.905300611111109 ], [ -82.725150444444452, 27.905757416666667 ] ] } },
{ "type": "Feature", "properties": { "style": "solid", "thickness": 1 }, "geometry": { "type": "LineString", "coordinates": [ [ -82.553559777777778, 28.648232361111109 ], [ -82.552833944444444, 28.648265944444443 ], [ -82.55251911111111, 28.642972944444445 ] ] } },
{ "type": "Feature", "properties": { "style": "solid", "thickness": 1 }, "geometry": { "type": "LineString", "coordinates": [ [ -82.548938527777779, 28.643138638888889 ], [ -82.548299166666666, 28.64381025 ], [ -82.547754027777771, 28.644434694444445 ], [ -82.547303138888893, 28.645012 ], [ -82.547033111111105, 28.645366916666667 ], [ -82.546816527777779, 28.645804944444443 ], [ -82.54674513888888, 28.646236277777778 ], [ -82.546719555555555, 28.646622694444442 ], [ -82.54676522222222, 28.647391027777779 ], [ -82.546928138888887, 28.647683138888887 ], [ -82.547136916666659, 28.647930277777778 ], [ -82.54734825, 28.648220138888888 ], [ -82.548384694444437, 28.648514611111111 ], [ -82.548965388888888, 28.64848775 ], [ -82.549576666666667, 28.648159861111111 ], [ -82.549668361111102, 28.648070027777777 ], [ -82.55003516666666, 28.647710611111112 ], [ -82.5500785, 28.647623 ], [ -82.5502365, 28.647016444444443 ], [ -82.550211138888884, 28.646589611111111 ], [ -82.550096583333328, 28.646295277777778 ], [ -82.549984583333327, 28.646043638888887 ], [ -82.549773277777774, 28.645753805555554 ], [ -82.549368416666667, 28.645472916666666 ], [ -82.548971138888888, 28.645320083333331 ], [ -82.548726666666667, 28.645288583333333 ], [ -82.548387972222216, 28.64530425 ], [ -82.548148555555557, 28.645358111111111 ], [ -82.547346277777777, 28.645737666666665 ], [ -82.546742583333327, 28.646193611111112 ] ] } },
{ "type": "Feature", "properties": { "style": "solid", "thickness": 1 }, "geometry": { "type": "LineString", "coordinates": [ [ -82.700725388888898, 28.316589055555557 ], [ -82.700001833333332, 28.316623444444446 ], [ -82.69968075, 28.311330305555558 ] ] } },
{ "type": "Feature", "properties": { "style": "solid", "thickness": 1 }, "geometry": { "type": "LineString", "coordinates": [ [ -82.696111388888895, 28.311499805555556 ], [ -82.695474944444442, 28.312172166666667 ], [ -82.694932333333341, 28.312797277777779 ], [ -82.69448361111111, 28.313375083333334 ], [ -82.694214888888894, 28.313730333333336 ], [ -82.693999583333337, 28.314168638888891 ], [ -82.693929, 28.314600083333335 ], [ -82.693904027777776, 28.314986555555556 ], [ -82.69395061111112, 28.315754916666666 ], [ -82.694113416666667, 28.316046861111111 ], [ -82.694321888888894, 28.316293805555556 ], [ -82.694532944444447, 28.316583472222224 ], [ -82.695566611111119, 28.316876861111112 ], [ -82.696145472222227, 28.31684938888889 ], [ -82.696754416666664, 28.316520805555555 ], [ -82.696845722222221, 28.316430861111112 ], [ -82.697210916666677, 28.316071027777777 ], [ -82.697253972222228, 28.315983388888888 ], [ -82.697410694444443, 28.315376611111112 ], [ -82.697384805555558, 28.314949722222224 ], [ -82.697270194444442, 28.3146555 ], [ -82.697158194444455, 28.314403972222223 ], [ -82.696947138888888, 28.314114333333332 ], [ -82.696543138888899, 28.313833833333334 ], [ -82.696146916666677, 28.313681416666668 ], [ -82.695903138888895, 28.313650166666669 ], [ -82.6955655, 28.313666222222224 ], [ -82.695326916666673, 28.313720333333332 ], [ -82.69452758333334, 28.31410075 ], [ -82.693926388888897, 28.31455738888889 ] ] } },
{ "type": "Feature", "properties": { "style": "solid", "thickness": 1 }, "geometry": { "type": "LineString", "coordinates": [ [ -82.289253555555547, 28.200197888888887 ], [ -82.291470444444442, 28.200099055555555 ], [ -82.291917777777769, 28.197767722222224 ], [ -82.29149375, 28.19795786111111 ], [ -82.291120333333325, 28.198188527777777 ], [ -82.290252888888887, 28.198227194444446 ], [ -82.289814305555552, 28.198161138888889 ], [ -82.289366027777774, 28.197924305555556 ], [ -82.288850166666663, 28.197348055555555 ], [ -82.28872469444444, 28.19684 ], [ -82.288688305555553, 28.196199583333332 ], [ -82.288950805555558, 28.195717027777778 ], [ -82.289261472222222, 28.19523236111111 ], [ -82.289398777777777, 28.195097833333335 ], [ -82.289675777777774, 28.194871472222221 ], [ -82.290152833333337, 28.194764583333335 ], [ -82.290682944444441, 28.194740944444444 ], [ -82.29107333333333, 28.194809166666666 ], [ -82.291564916666658, 28.194958444444445 ], [ -82.292018055555559, 28.195280666666665 ], [ -82.292073527777774, 28.19540661111111 ] ] } },
{ "type": "Feature", "properties": { "style": "solid", "thickness": 1 }, "geometry": { "type": "LineString", "coordinates": [ [ -82.28438361111111, 28.200372055555555 ], [ -82.285022, 28.199701583333333 ], [ -82.285566388888881, 28.199078083333333 ], [ -82.286016805555548, 28.198501583333332 ], [ -82.286286555555549, 28.198147138888888 ], [ -82.286503305555556, 28.197709444444445 ], [ -82.286575444444438, 28.197278194444443 ], [ -82.286601833333336, 28.196891805555556 ], [ -82.286558194444439, 28.196123277777779 ], [ -82.286396666666661, 28.195830861111112 ], [ -82.286189361111113, 28.195583277777779 ], [ -82.28597963888889, 28.195293 ], [ -82.284948222222226, 28.194996527777779 ], [ -82.28436994444445, 28.195022277777777 ], [ -82.283760416666667, 28.195349027777777 ], [ -82.283668888888883, 28.195438722222221 ], [ -82.283302722222217, 28.195797444444445 ], [ -82.283259388888894, 28.195885 ], [ -82.283100527777776, 28.196491305555554 ], [ -82.28312475, 28.19691825 ], [ -82.28323808333333, 28.197212833333335 ], [ -82.283349, 28.197464722222222 ], [ -82.283558722222224, 28.197755 ], [ -82.283961222222217, 28.198036694444443 ], [ -82.284356444444441, 28.198190305555556 ], [ -82.284599833333331, 28.198222277777777 ], [ -82.284937194444439, 28.19820725 ], [ -82.28517572222222, 28.198153805555556 ], [ -82.285975611111112, 28.19777575 ], [ -82.286577861111112, 28.197320888888889 ] ] } },
{ "type": "Feature", "properties": { "style": "solid", "thickness": 1 }, "geometry": { "type": "LineString", "coordinates": [ [ -82.637469805555568, 28.196148888888889 ], [ -82.639686305555557, 28.196044472222223 ], [ -82.640126111111115, 28.193712027777778 ], [ -82.639702722222225, 28.193903222222222 ], [ -82.639330055555561, 28.194134833333333 ], [ -82.63846275, 28.194175694444446 ], [ -82.638024, 28.194110722222224 ], [ -82.637574972222225, 28.193875027777779 ], [ -82.637057277777785, 28.193300083333334 ], [ -82.636930166666673, 28.192792333333333 ], [ -82.63689175, 28.192152 ], [ -82.63715266666668, 28.191668805555555 ], [ -82.63746175, 28.191183361111111 ], [ -82.637598611111116, 28.191048472222221 ], [ -82.637874916666675, 28.190821416666665 ], [ -82.638351611111119, 28.190713333333335 ], [ -82.638881611111117, 28.190688361111111 ], [ -82.639272194444445, 28.190755583333335 ], [ -82.639764250000013, 28.190903638888891 ], [ -82.640218388888897, 28.191224722222223 ], [ -82.640274277777777, 28.1913505 ] ] } },
{ "type": "Feature", "properties": { "style": "solid", "thickness": 1 }, "geometry": { "type": "LineString", "coordinates": [ [ -82.631482472222217, 28.192192638888891 ], [ -82.634855277777788, 28.19203386111111 ], [ -82.632265888888881, 28.196393916666668 ], [ -82.6319485, 28.191100472222221 ] ] } },
{ "type": "Feature", "properties": { "style": "solid", "thickness": 1 }, "geometry": { "type": "LineString", "coordinates": [ [ -82.467545166666667, 28.194381388888889 ], [ -82.469761777777777, 28.194279694444443 ], [ -82.47020525, 28.191947777777777 ], [ -82.469781555555556, 28.192138444444446 ], [ -82.46940855555556, 28.192369611111111 ], [ -82.468541194444441, 28.19240938888889 ], [ -82.468102527777774, 28.192343916666665 ], [ -82.46765388888889, 28.192107638888888 ], [ -82.467137111111114, 28.191532055555555 ], [ -82.46701080555556, 28.191024166666669 ], [ -82.466973388888889, 28.190383805555555 ], [ -82.467235055555562, 28.189900916666666 ], [ -82.467544916666668, 28.189415833333335 ], [ -82.467681972222223, 28.189281138888891 ], [ -82.467958611111115, 28.189054416666668 ], [ -82.468435472222225, 28.188946916666666 ], [ -82.4689655, 28.18892261111111 ], [ -82.469355972222218, 28.188990305555556 ], [ -82.46984780555556, 28.189138944444444 ], [ -82.470301416666672, 28.189460583333332 ], [ -82.470357111111113, 28.189586444444444 ] ] } },
{ "type": "Feature", "properties": { "style": "solid", "thickness": 1 }, "geometry": { "type": "LineString", "coordinates": [ [ -82.461564138888889, 28.19041775 ], [ -82.464937111111112, 28.190263138888888 ], [ -82.462340944444449, 28.19462 ], [ -82.462031861111114, 28.189326166666667 ] ] } },
{ "type": "Feature", "properties": { "style": "solid", "thickness": 1 }, "geometry": { "type": "LineString", "coordinates": [ [ -82.629462305555549, 28.19993802777778 ], [ -82.630863583333323, 28.200973 ], [ -82.632451, 28.201769611111111 ], [ -82.634173444444457, 28.202302333333332 ], [ -82.635975611111121, 28.202554 ], [ -82.63779955555556, 28.202516527777778 ], [ -82.639586611111113, 28.202191111111109 ], [ -82.641279333333344, 28.20158822222222 ], [ -82.64282333333334, 28.20072722222222 ], [ -82.644168944444445, 28.199635833333332 ], [ -82.645272944444457, 28.19834911111111 ], [ -82.646099833333338, 28.196908416666666 ], [ -82.646623055555565, 28.195360083333334 ], [ -82.646825805555565, 28.193753833333332 ], [ -82.646701583333339, 28.192141333333332 ], [ -82.646254388888892, 28.190574416666667 ], [ -82.645498583333335, 28.189103388888888 ], [ -82.644458527777786, 28.187775583333334 ], [ -82.643167611111124, 28.186633666666665 ], [ -82.641667333333345, 28.185714277777777 ], [ -82.640005916666667, 28.185047027777777 ], [ -82.638236722222231, 28.184653305555557 ], [ -82.636416638888889, 28.184545805555555 ], [ -82.634604166666676, 28.184727944444443 ], [ -82.632857472222213, 28.185193916666666 ], [ -82.63123275, 28.185928694444446 ], [ -82.629782194444431, 28.186908694444444 ], [ -82.628552388888878, 28.188102444444446 ], [ -82.627582916666654, 28.189471555555556 ], [ -82.62690491666666, 28.190972027777779 ], [ -82.626540194444445, 28.192555638888891 ], [ -82.626500472222219, 28.1941715 ], [ -82.626787055555553, 28.195767666666669 ], [ -82.627390749999989, 28.197292861111112 ], [ -82.628292138888881, 28.198698055555557 ], [ -82.629462305555549, 28.19993802777778 ] ] } },
{ "type": "Feature", "properties": { "style": "solid", "thickness": 1 }, "geometry": { "type": "LineString", "coordinates": [ [ -82.459531861111117, 28.198160666666666 ], [ -82.4609315, 28.199197361111111 ], [ -82.46251761111111, 28.199995944444446 ], [ -82.464239222222218, 28.200530777777779 ], [ -82.466040972222231, 28.200784638888887 ], [ -82.46786491666667, 28.200749416666667 ], [ -82.469652444444449, 28.200426194444443 ], [ -82.471346111111117, 28.19982538888889 ], [ -82.47289141666667, 28.198966305555555 ], [ -82.474238722222225, 28.197876583333333 ], [ -82.475344722222218, 28.196591222222221 ], [ -82.476173861111107, 28.195151527777778 ], [ -82.4766995, 28.193603833333334 ], [ -82.476904777777776, 28.191997861111112 ], [ -82.476783055555558, 28.190385194444445 ], [ -82.476338333333331, 28.188817722222222 ], [ -82.475584861111116, 28.187345777777779 ], [ -82.474546888888895, 28.186016694444444 ], [ -82.473257777777775, 28.184873166666666 ], [ -82.471758972222219, 28.183951944444445 ], [ -82.470098638888885, 28.18328263888889 ], [ -82.468330111111115, 28.18288675 ], [ -82.466510222222226, 28.182777 ], [ -82.464697472222227, 28.182956916666669 ], [ -82.46295008333334, 28.183420722222223 ], [ -82.46132425, 28.184153527777777 ], [ -82.459872166666671, 28.18513175 ], [ -82.458640527777774, 28.186323972222223 ], [ -82.457668916666663, 28.187691888888889 ], [ -82.456988583333342, 28.1891915 ], [ -82.456621361111118, 28.190774666666666 ], [ -82.456579111111111, 28.1923905 ], [ -82.456863194444452, 28.193987027777776 ], [ -82.457464472222227, 28.195512972222222 ], [ -82.458363666666671, 28.19691925 ], [ -82.459531861111117, 28.198160666666666 ] ] } },
{ "type": "Feature", "properties": { "style": "solid", "thickness": 1 }, "geometry": { "type": "LineString", "coordinates": [ [ -82.281089055555555, 28.203973222222221 ], [ -82.282487055555549, 28.205011722222221 ], [ -82.284071944444449, 28.205812333333334 ], [ -82.28579275, 28.206349388888889 ], [ -82.287594166666665, 28.206605611111112 ], [ -82.28941825, 28.206572722222223 ], [ -82.291206416666668, 28.206251833333333 ], [ -82.292901138888894, 28.205653222222221 ], [ -82.294447944444443, 28.204796138888888 ], [ -82.295797111111114, 28.203708138888889 ], [ -82.296905277777782, 28.20242422222222 ], [ -82.297736833333332, 28.200985611111111 ], [ -82.298265055555547, 28.199438611111113 ], [ -82.298472972222214, 28.19783288888889 ], [ -82.29835391666667, 28.19622011111111 ], [ -82.297911722222224, 28.194652055555554 ], [ -82.29716066666667, 28.19317913888889 ], [ -82.296124833333337, 28.191848722222222 ], [ -82.294837527777773, 28.190703527777778 ], [ -82.293340166666667, 28.189780388888888 ], [ -82.291680833333331, 28.189108944444445 ], [ -82.289912861111105, 28.188710777777779 ], [ -82.288093083333337, 28.188598666666667 ], [ -82.286279944444445, 28.18877625 ], [ -82.284531722222226, 28.189237805555557 ], [ -82.282904583333334, 28.189968472222223 ], [ -82.281450833333338, 28.190944805555556 ], [ -82.28021716666666, 28.192135444444446 ], [ -82.27924325, 28.193502083333332 ], [ -82.278560416666664, 28.195000833333335 ], [ -82.278190583333327, 28.196583527777779 ], [ -82.27814566666666, 28.198199277777778 ], [ -82.278427138888887, 28.199796166666665 ], [ -82.279025944444442, 28.201322861111109 ], [ -82.279922861111103, 28.202730305555555 ], [ -82.281089055555555, 28.203973222222221 ] ] } },
{ "type": "Feature", "properties": { "style": "solid", "thickness": 1 }, "geometry": { "type": "LineString", "coordinates": [ [ -82.472903666666667, 28.582746333333333 ], [ -82.474308416666673, 28.583782777777778 ], [ -82.475900305555555, 28.584581138888886 ], [ -82.477628138888889, 28.58511575 ], [ -82.479436333333339, 28.585369416666666 ], [ -82.481266805555563, 28.585334027777776 ], [ -82.483060694444447, 28.585010666666665 ], [ -82.484760333333341, 28.584409777777775 ], [ -82.486311055555561, 28.583550638888887 ], [ -82.487663055555558, 28.582460861111112 ], [ -82.488772833333329, 28.581175527777777 ], [ -82.48960475, 28.579735916666667 ], [ -82.490132083333336, 28.578188305555557 ], [ -82.490337888888888, 28.576582472222221 ], [ -82.490215555555551, 28.57497 ], [ -82.489769055555556, 28.573402694444443 ], [ -82.489012722222228, 28.571930972222223 ], [ -82.487970888888896, 28.570602111111111 ], [ -82.486677027777773, 28.569458833333332 ], [ -82.48517275, 28.568537833333334 ], [ -82.483506388888884, 28.56786875 ], [ -82.4817315, 28.567473083333333 ], [ -82.479905111111108, 28.5673635 ], [ -82.478085888888884, 28.567543583333332 ], [ -82.476332333333332, 28.5680075 ], [ -82.474700777777784, 28.568740388888887 ], [ -82.473243611111116, 28.56971863888889 ], [ -82.47200772222223, 28.570910861111109 ], [ -82.471032805555552, 28.572278722222222 ], [ -82.470350222222223, 28.573778277777777 ], [ -82.469981888888896, 28.575361333333333 ], [ -82.469939666666662, 28.576977 ], [ -82.470224972222226, 28.578573333333335 ], [ -82.470828583333329, 28.580099055555554 ], [ -82.471731138888885, 28.58150513888889 ], [ -82.472903666666667, 28.582746333333333 ] ] } },
{ "type": "Feature", "properties": { "style": "solid", "thickness": 1 }, "geometry": { "type": "LineString", "coordinates": [ [ -82.554604166666664, 28.087032888888888 ], [ -82.556003277777776, 28.088068638888888 ], [ -82.557588472222221, 28.088866138888889 ], [ -82.559308777777773, 28.089399805555555 ], [ -82.561108916666669, 28.089652444444443 ], [ -82.562930972222219, 28.089615944444443 ], [ -82.564716388888883, 28.0892915 ], [ -82.566407777777769, 28.088689527777777 ], [ -82.56795075, 28.087829361111108 ], [ -82.569295722222222, 28.086738666666665 ], [ -82.570399472222221, 28.0854525 ], [ -82.5712265, 28.084012222222221 ], [ -82.57175025, 28.082464111111111 ], [ -82.571953888888885, 28.080857944444443 ], [ -82.57183091666667, 28.079245361111109 ], [ -82.57138525, 28.077678138888889 ], [ -82.570631277777778, 28.076206694444444 ], [ -82.569593194444437, 28.074878277777778 ], [ -82.568304416666663, 28.073735611111111 ], [ -82.566806333333332, 28.072815388888888 ], [ -82.565147083333329, 28.07214722222222 ], [ -82.563380027777768, 28.071752555555555 ], [ -82.561561916666662, 28.071644055555556 ], [ -82.559751166666658, 28.071825222222223 ], [ -82.558006, 28.07229025 ], [ -82.556382444444438, 28.073024166666666 ], [ -82.554932694444446, 28.074003416666667 ], [ -82.553703388888891, 28.0751965 ], [ -82.552733972222214, 28.076565111111112 ], [ -82.552055638888888, 28.07806525 ], [ -82.551690194444447, 28.07964872222222 ], [ -82.55164938888889, 28.081264611111109 ], [ -82.551934583333335, 28.082860972222221 ], [ -82.552536583333335, 28.084386527777777 ], [ -82.553436083333324, 28.085792222222221 ], [ -82.554604166666664, 28.087032888888888 ] ] } },
{ "type": "Feature", "properties": { "style": "solid", "thickness": 1 }, "geometry": { "type": "LineString", "coordinates": [ [ -81.872151916666667, 27.51526525 ], [ -81.868556694444436, 27.515415694444446 ] ] } },
{ "type": "Feature", "properties": { "style": "solid", "thickness": 1 }, "geometry": { "type": "LineString", "coordinates": [ [ -81.880863472222217, 27.522334972222222 ], [ -81.881032555555549, 27.525540416666665 ] ] } },
{ "type": "Feature", "properties": { "style": "solid", "thickness": 1 }, "geometry": { "type": "LineString", "coordinates": [ [ -81.880081, 27.507498361111111 ], [ -81.879911972222217, 27.504292916666667 ] ] } },
{ "type": "Feature", "properties": { "style": "solid", "thickness": 1 }, "geometry": { "type": "LineString", "coordinates": [ [ -81.8887925, 27.514567583333335 ], [ -81.892387638888891, 27.514416611111113 ] ] } },
{ "type": "Feature", "properties": { "style": "solid", "thickness": 1 }, "geometry": { "type": "LineString", "coordinates": [ [ -81.872151916666667, 27.51526525 ], [ -81.872355388888877, 27.51658425 ], [ -81.87281975, 27.517849638888887 ], [ -81.873530083333321, 27.519020777777776 ], [ -81.874463583333323, 27.52006 ], [ -81.875590222222215, 27.520933916666667 ], [ -81.876873805555547, 27.521614444444445 ], [ -81.878273055555553, 27.522079666666666 ], [ -81.879743, 27.522314638888886 ], [ -81.881236416666667, 27.522311833333333 ], [ -81.882705222222214, 27.522071333333333 ], [ -81.884102277777785, 27.521600861111111 ], [ -81.885382638888899, 27.520915527777777 ], [ -81.886505138888893, 27.520037388888888 ], [ -81.887433694444454, 27.518994666666664 ], [ -81.888138500000011, 27.517820861111112 ], [ -81.888596888888898, 27.516553722222223 ], [ -81.888794111111125, 27.515233972222223 ], [ -81.888723861111117, 27.513904027777777 ], [ -81.888388416666672, 27.51260663888889 ], [ -81.887798555555563, 27.5113835 ], [ -81.886973250000011, 27.510273944444446 ], [ -81.885939, 27.509313583333334 ], [ -81.88472908333334, 27.508533305555556 ], [ -81.883382361111117, 27.507958194444445 ], [ -81.881942138888888, 27.507606722222221 ], [ -81.880454666666665, 27.507490166666667 ], [ -81.878967749999987, 27.507612305555554 ], [ -81.877529194444435, 27.507969194444446 ], [ -81.876185222222219, 27.508549361111111 ], [ -81.874979, 27.509334194444445 ], [ -81.873949305555556, 27.510298416666668 ], [ -81.87312925, 27.511411083333332 ], [ -81.872545166666654, 27.512636416666666 ], [ -81.872215861111101, 27.513935055555557 ], [ -81.872151916666667, 27.51526525 ] ] } },
{ "type": "Feature", "properties": { "style": "solid", "thickness": 1 }, "geometry": { "type": "LineString", "coordinates": [ [ -81.520639972222227, 27.591627277777775 ], [ -81.51704191666667, 27.59176861111111 ] ] } },
{ "type": "Feature", "properties": { "style": "solid", "thickness": 1 }, "geometry": { "type": "LineString", "coordinates": [ [ -81.529334611111111, 27.598718833333333 ], [ -81.529493527777774, 27.601924527777779 ] ] } },
{ "type": "Feature", "properties": { "style": "solid", "thickness": 1 }, "geometry": { "type": "LineString", "coordinates": [ [ -81.528599111111106, 27.583880944444441 ], [ -81.528440222222216, 27.580675222222222 ] ] } },
{ "type": "Feature", "properties": { "style": "solid", "thickness": 1 }, "geometry": { "type": "LineString", "coordinates": [ [ -81.53729366666667, 27.590972 ], [ -81.540891666666667, 27.590830138888887 ] ] } },
{ "type": "Feature", "properties": { "style": "solid", "thickness": 1 }, "geometry": { "type": "LineString", "coordinates": [ [ -81.520639972222227, 27.591627277777775 ], [ -81.520839333333328, 27.59294675 ], [ -81.521299972222224, 27.59421325 ], [ -81.522007027777775, 27.595386138888887 ], [ -81.522937805555557, 27.596427694444444 ], [ -81.524062388888893, 27.597304444444443 ], [ -81.525344611111109, 27.597988194444444 ], [ -81.526743305555556, 27.598456944444443 ], [ -81.528213444444447, 27.598695666666664 ], [ -81.529707833333333, 27.598696638888889 ], [ -81.53117838888889, 27.598459888888886 ], [ -81.532577861111108, 27.597992972222222 ], [ -81.53386125, 27.597310944444445 ], [ -81.534987305555561, 27.596435694444445 ], [ -81.535919805555551, 27.595395388888889 ], [ -81.536628833333324, 27.594223444444442 ], [ -81.537091555555548, 27.592957527777777 ], [ -81.537293166666672, 27.591638333333332 ], [ -81.537227138888881, 27.590308277777776 ], [ -81.536895611111106, 27.589010111111111 ], [ -81.536309277777775, 27.587785527777775 ], [ -81.535486972222216, 27.586673916666665 ], [ -81.534455111111114, 27.58571097222222 ], [ -81.53324691666667, 27.584927666666665 ], [ -81.531901138888884, 27.584349166666666 ], [ -81.530461111111109, 27.583994027777777 ], [ -81.528973027777781, 27.583873722222222 ], [ -81.527484777777772, 27.583992055555555 ], [ -81.526044138888892, 27.584345277777775 ], [ -81.524697416666669, 27.584922 ], [ -81.523487888888894, 27.58570372222222 ], [ -81.522454444444449, 27.586665277777776 ], [ -81.521630277777774, 27.587775805555555 ], [ -81.521041888888888, 27.588999583333333 ], [ -81.520708222222225, 27.590297333333332 ], [ -81.520639972222227, 27.591627277777775 ] ] } },
{ "type": "Feature", "properties": { "style": "solid", "thickness": 1 }, "geometry": { "type": "LineString", "coordinates": [ [ -81.744943166666673, 28.06325713888889 ], [ -81.741329777777779, 28.063404111111112 ] ] } },
{ "type": "Feature", "properties": { "style": "solid", "thickness": 1 }, "geometry": { "type": "LineString", "coordinates": [ [ -81.753689694444446, 28.070334611111111 ], [ -81.753855694444439, 28.073539861111112 ] ] } },
{ "type": "Feature", "properties": { "style": "solid", "thickness": 1 }, "geometry": { "type": "LineString", "coordinates": [ [ -81.752921472222226, 28.055498722222222 ], [ -81.752755527777779, 28.052293444444445 ] ] } },
{ "type": "Feature", "properties": { "style": "solid", "thickness": 1 }, "geometry": { "type": "LineString", "coordinates": [ [ -81.761667888888894, 28.062575694444444 ], [ -81.765281222222228, 28.062428194444447 ] ] } },
{ "type": "Feature", "properties": { "style": "solid", "thickness": 1 }, "geometry": { "type": "LineString", "coordinates": [ [ -81.744943166666673, 28.06325713888889 ], [ -81.745146055555551, 28.064576194444445 ], [ -81.74561119444445, 28.065841944444447 ], [ -81.746323638888896, 28.067013638888888 ], [ -81.747260527777783, 28.068053666666668 ], [ -81.74839175, 28.068928583333332 ], [ -81.749680916666662, 28.069610277777777 ], [ -81.751086611111106, 28.070076805555555 ], [ -81.752563638888887, 28.070313194444445 ], [ -81.7540645, 28.070311833333331 ], [ -81.755540972222221, 28.070072777777778 ], [ -81.756945611111107, 28.069603694444446 ], [ -81.758233194444443, 28.068919694444443 ], [ -81.759362388888889, 28.068042722222224 ], [ -81.760296888888888, 28.067001 ], [ -81.761006638888887, 28.065827972222223 ], [ -81.761468888888885, 28.064561416666667 ], [ -81.761668722222225, 28.063242 ], [ -81.76159975, 28.061912111111113 ], [ -81.76126419444445, 28.06061452777778 ], [ -81.760672888888891, 28.059390944444445 ], [ -81.759844805555559, 28.058280694444445 ], [ -81.758806555555552, 28.057319444444445 ], [ -81.757591527777777, 28.056538083333333 ], [ -81.756238777777781, 28.055961722222222 ], [ -81.754791777777783, 28.055608888888891 ], [ -81.753297, 28.055490916666667 ], [ -81.7518025, 28.055611583333334 ], [ -81.750356305555556, 28.055967055555556 ], [ -81.749004888888891, 28.056545861111111 ], [ -81.747791666666672, 28.057329416666668 ], [ -81.746755666666672, 28.058292555555557 ], [ -81.745930138888895, 28.059404305555557 ], [ -81.745341611111115, 28.060628972222222 ], [ -81.745009083333329, 28.06192713888889 ], [ -81.744943166666673, 28.06325713888889 ] ] } },
{ "type": "Feature", "properties": { "style": "solid", "thickness": 1 }, "geometry": { "type": "LineString", "coordinates": [ [ -82.154949083333335, 28.000532 ], [ -82.15133825, 28.000689694444443 ] ] } },
{ "type": "Feature", "properties": { "style": "solid", "thickness": 1 }, "geometry": { "type": "LineString", "coordinates": [ [ -82.163717472222231, 28.007583722222222 ], [ -82.163895472222222, 28.01078861111111 ] ] } },
{ "type": "Feature", "properties": { "style": "solid", "thickness": 1 }, "geometry": { "type": "LineString", "coordinates": [ [ -82.162893694444449, 27.992749611111112 ], [ -82.16271575, 27.989544694444444 ] ] } },
{ "type": "Feature", "properties": { "style": "solid", "thickness": 1 }, "geometry": { "type": "LineString", "coordinates": [ [ -82.171661972222225, 27.999800833333335 ], [ -82.17527275, 27.999642611111113 ] ] } },
{ "type": "Feature", "properties": { "style": "solid", "thickness": 1 }, "geometry": { "type": "LineString", "coordinates": [ [ -82.154949083333335, 28.000532 ], [ -82.155156805555563, 28.0018505 ], [ -82.155626472222224, 28.003114888888888 ], [ -82.156342972222234, 28.004284527777777 ], [ -82.15728325, 28.005321805555557 ], [ -82.158417138888893, 28.006193388888889 ], [ -82.159708166666675, 28.006871277777776 ], [ -82.161114861111116, 28.007333666666668 ], [ -82.162591944444443, 28.007565666666668 ], [ -82.164091972222224, 28.007559861111112 ], [ -82.165566750000011, 28.007316388888889 ], [ -82.166968805555555, 28.00684313888889 ], [ -82.168253111111113, 28.00615525 ], [ -82.169378388888887, 28.005274916666668 ], [ -82.170308416666671, 28.004230361111112 ], [ -82.171013361111122, 28.003055222222223 ], [ -82.171470555555558, 28.001787222222223 ], [ -82.171665305555564, 28.000467166666667 ], [ -82.171591361111112, 27.999137444444447 ], [ -82.171251111111118, 27.997840833333335 ], [ -82.1706555, 27.996618944444446 ], [ -82.169823694444446, 27.995511111111114 ], [ -82.1687823888889, 27.99455288888889 ], [ -82.167565111111116, 27.993775111111113 ], [ -82.166210916666671, 27.99320275 ], [ -82.1647633888889, 27.992854194444444 ], [ -82.163269, 27.992740666666666 ], [ -82.161775777777777, 27.992865805555557 ], [ -82.160331750000012, 27.993225555555558 ], [ -82.15898325, 27.993808416666667 ], [ -82.157773666666671, 27.994595611111112 ], [ -82.156741833333342, 27.995561861111113 ], [ -82.155920944444446, 27.996676083333334 ], [ -82.155337388888896, 27.997902527777779 ], [ -82.155009916666671, 27.99920175 ], [ -82.154949083333335, 28.000532 ] ] } },
{ "type": "Feature", "properties": { "style": "solid", "thickness": 1 }, "geometry": { "type": "LineString", "coordinates": [ [ -82.336902194444434, 28.014363555555555 ], [ -82.333291138888882, 28.014526 ] ] } },
{ "type": "Feature", "properties": { "style": "solid", "thickness": 1 }, "geometry": { "type": "LineString", "coordinates": [ [ -82.34568352777778, 28.02140375 ], [ -82.345866888888878, 28.024608416666666 ] ] } },
{ "type": "Feature", "properties": { "style": "solid", "thickness": 1 }, "geometry": { "type": "LineString", "coordinates": [ [ -82.34483486111111, 28.006570666666665 ], [ -82.344651555555558, 28.003366 ] ] } },
{ "type": "Feature", "properties": { "style": "solid", "thickness": 1 }, "geometry": { "type": "LineString", "coordinates": [ [ -82.353616083333321, 28.013610388888889 ], [ -82.357227083333328, 28.013447416666665 ] ] } },
{ "type": "Feature", "properties": { "style": "solid", "thickness": 1 }, "geometry": { "type": "LineString", "coordinates": [ [ -82.336902194444434, 28.014363555555555 ], [ -82.337112166666657, 28.015681777777779 ], [ -82.337584, 28.016945555555555 ], [ -82.33830252777777, 28.01811425 ], [ -82.339244694444446, 28.019150305555556 ], [ -82.340380166666662, 28.020020416666664 ], [ -82.3416725, 28.020696583333333 ], [ -82.34308013888888, 28.021157111111108 ], [ -82.344557833333326, 28.021387166666667 ], [ -82.346058055555545, 28.021379388888889 ], [ -82.347532583333333, 28.021134 ], [ -82.348934055555546, 28.020658888888889 ], [ -82.350217388888879, 28.019969305555556 ], [ -82.351341333333323, 28.019087472222221 ], [ -82.35226975, 28.018041722222222 ], [ -82.352972833333325, 28.016865638888888 ], [ -82.353427944444434, 28.015597055555556 ], [ -82.353620527777778, 28.014276722222224 ], [ -82.353544361111105, 28.01294711111111 ], [ -82.35320188888889, 28.011650916666667 ], [ -82.352604166666666, 28.010429833333333 ], [ -82.35177038888888, 28.009323083333335 ], [ -82.350727361111112, 28.00836625 ], [ -82.349508611111105, 28.007590055555557 ], [ -82.348153277777769, 28.007019472222222 ], [ -82.346704972222213, 28.006672833333333 ], [ -82.345210194444434, 28.00656125 ], [ -82.343717, 28.006688333333333 ], [ -82.342273361111111, 28.00705 ], [ -82.340925666666664, 28.007634638888888 ], [ -82.33971722222222, 28.008423416666666 ], [ -82.338686888888887, 28.009391027777777 ], [ -82.33786775, 28.010506361111112 ], [ -82.337286166666658, 28.011733583333335 ], [ -82.336960833333322, 28.013033222222223 ], [ -82.336902194444434, 28.014363555555555 ] ] } },
{ "type": "Feature", "properties": { "style": "solid", "thickness": 1 }, "geometry": { "type": "LineString", "coordinates": [ [ -82.750704277777771, 27.977615222222219 ], [ -82.747095083333335, 27.977788472222219 ] ] } },
{ "type": "Feature", "properties": { "style": "solid", "thickness": 1 }, "geometry": { "type": "LineString", "coordinates": [ [ -82.759509333333327, 27.984629166666668 ], [ -82.759704805555558, 27.987833277777778 ] ] } },
{ "type": "Feature", "properties": { "style": "solid", "thickness": 1 }, "geometry": { "type": "LineString", "coordinates": [ [ -82.758604638888883, 27.969798611111109 ], [ -82.75840919444444, 27.966594472222223 ] ] } },
{ "type": "Feature", "properties": { "style": "solid", "thickness": 1 }, "geometry": { "type": "LineString", "coordinates": [ [ -82.76740955555556, 27.976812055555556 ], [ -82.77101869444445, 27.97663825 ] ] } },
{ "type": "Feature", "properties": { "style": "solid", "thickness": 1 }, "geometry": { "type": "LineString", "coordinates": [ [ -82.750704277777771, 27.977615222222219 ], [ -82.750919166666662, 27.978932833333332 ], [ -82.751395638888894, 27.980195194444441 ], [ -82.752118388888888, 27.98136175 ], [ -82.753064138888888, 27.98239497222222 ], [ -82.754202555555551, 27.983261694444444 ], [ -82.755497, 27.983934 ], [ -82.756905916666668, 27.984390305555557 ], [ -82.758383944444446, 27.984615944444446 ], [ -82.759883638888894, 27.984603666666668 ], [ -82.76135675, 27.984353861111114 ], [ -82.762755916666663, 27.983874555555555 ], [ -82.764036166666671, 27.983181166666665 ], [ -82.765156388888883, 27.982295944444441 ], [ -82.766080527777774, 27.981247416666665 ], [ -82.766778888888894, 27.98006922222222 ], [ -82.767229027777773, 27.978799277777775 ], [ -82.767416527777783, 27.97747836111111 ], [ -82.767335333333335, 27.976148972222219 ], [ -82.766988055555558, 27.974853805555554 ], [ -82.766385916666664, 27.9736345 ], [ -82.765548194444449, 27.97253025 ], [ -82.76450191666666, 27.971576527777778 ], [ -82.763280611111114, 27.970804 ], [ -82.761923611111115, 27.97023747222222 ], [ -82.760474472222228, 27.969895166666664 ], [ -82.758979805555555, 27.969788055555554 ], [ -82.757487583333329, 27.969919611111109 ], [ -82.756045805555559, 27.970285611111109 ], [ -82.754700805555558, 27.97087425 ], [ -82.753495777777772, 27.971666666666664 ], [ -82.752469472222216, 27.972637361111108 ], [ -82.751654861111106, 27.973755138888887 ], [ -82.751078138888886, 27.974984083333332 ], [ -82.750757833333338, 27.976284722222221 ], [ -82.750704277777771, 27.977615222222219 ] ] } },
{ "type": "Feature", "properties": { "style": "solid", "thickness": 1 }, "geometry": { "type": "LineString", "coordinates": [ [ -82.632323305555545, 28.28347752777778 ], [ -82.628703722222212, 28.283647694444447 ] ] } },
{ "type": "Feature", "properties": { "style": "solid", "thickness": 1 }, "geometry": { "type": "LineString", "coordinates": [ [ -82.641145611111114, 28.2904985 ], [ -82.641338194444458, 28.293702583333335 ] ] } },
{ "type": "Feature", "properties": { "style": "solid", "thickness": 1 }, "geometry": { "type": "LineString", "coordinates": [ [ -82.640254444444452, 28.275668138888889 ], [ -82.640061944444454, 28.272464055555556 ] ] } },
{ "type": "Feature", "properties": { "style": "solid", "thickness": 1 }, "geometry": { "type": "LineString", "coordinates": [ [ -82.6490766388889, 28.282688638888889 ], [ -82.652696138888899, 28.282517944444443 ] ] } },
{ "type": "Feature", "properties": { "style": "solid", "thickness": 1 }, "geometry": { "type": "LineString", "coordinates": [ [ -82.632323305555545, 28.28347752777778 ], [ -82.632537388888878, 28.284795222222225 ], [ -82.633013833333322, 28.286057916666667 ], [ -82.633737333333343, 28.287225 ], [ -82.634684666666672, 28.288258972222224 ], [ -82.635825333333344, 28.289126583333335 ], [ -82.63712272222223, 28.289799972222223 ], [ -82.638535111111125, 28.290257444444446 ], [ -82.640017083333333, 28.290484333333335 ], [ -82.641521, 28.290473333333335 ], [ -82.642998555555565, 28.290224805555557 ], [ -82.644402194444453, 28.289746722222223 ], [ -82.645686833333343, 28.289054444444446 ], [ -82.646811138888893, 28.28817027777778 ], [ -82.647739027777789, 28.287122583333336 ], [ -82.6484406388889, 28.285945055555558 ], [ -82.648893444444454, 28.284675583333335 ], [ -82.649082888888898, 28.283354916666667 ], [ -82.649002916666674, 28.282025527777776 ], [ -82.648656083333336, 28.280730166666665 ], [ -82.64805352777779, 28.279510444444444 ], [ -82.64721466666667, 28.278405527777778 ], [ -82.646166444444447, 28.277450972222223 ], [ -82.644942555555559, 28.276677444444445 ], [ -82.643582333333342, 28.276109805555553 ], [ -82.642129472222223, 28.275766277777777 ], [ -82.640630694444454, 28.275657916666667 ], [ -82.639134138888892, 28.275788194444445 ], [ -82.637687888888891, 28.276152916666664 ], [ -82.636338444444448, 28.276740388888889 ], [ -82.635129166666673, 28.277531722222221 ], [ -82.6340988888889, 28.278501472222221 ], [ -82.63328077777777, 28.2796185 ], [ -82.63270108333333, 28.280846888888888 ], [ -82.632378472222214, 28.282147138888888 ], [ -82.632323305555545, 28.28347752777778 ] ] } },
{ "type": "Feature", "properties": { "style": "solid", "thickness": 1 }, "geometry": { "type": "LineString", "coordinates": [ [ -82.488103861111114, 28.330668194444446 ], [ -82.484482472222226, 28.330834583333335 ] ] } },
{ "type": "Feature", "properties": { "style": "solid", "thickness": 1 }, "geometry": { "type": "LineString", "coordinates": [ [ -82.496920638888895, 28.337698333333332 ], [ -82.497109, 28.340902583333332 ] ] } },
{ "type": "Feature", "properties": { "style": "solid", "thickness": 1 }, "geometry": { "type": "LineString", "coordinates": [ [ -82.496048861111106, 28.322867194444445 ], [ -82.495860555555552, 28.319662944444445 ] ] } },
{ "type": "Feature", "properties": { "style": "solid", "thickness": 1 }, "geometry": { "type": "LineString", "coordinates": [ [ -82.504865527777781, 28.329896833333333 ], [ -82.508486861111109, 28.329729916666665 ] ] } },
{ "type": "Feature", "properties": { "style": "solid", "thickness": 1 }, "geometry": { "type": "LineString", "coordinates": [ [ -82.488103861111114, 28.330668194444446 ], [ -82.488316277777784, 28.33198611111111 ], [ -82.488791222222218, 28.333249277777778 ], [ -82.4895135, 28.334417111111112 ], [ -82.490459833333333, 28.335452083333333 ], [ -82.491599861111112, 28.336320861111108 ], [ -82.492896916666666, 28.336995583333334 ], [ -82.494309305555561, 28.337454555555553 ], [ -82.495791611111116, 28.337683 ], [ -82.497296222222218, 28.337673555555554 ], [ -82.49877475, 28.337426583333333 ], [ -82.500179638888895, 28.336949944444441 ], [ -82.50146575, 28.336259055555555 ], [ -82.50259175, 28.335376055555553 ], [ -82.503521444444445, 28.334329333333333 ], [ -82.504224916666672, 28.333152555555554 ], [ -82.504679638888888, 28.331883555555557 ], [ -82.504870916666661, 28.330563111111111 ], [ -82.50479266666666, 28.329233666666667 ], [ -82.504447416666665, 28.327937944444443 ], [ -82.503846222222222, 28.326717611111111 ], [ -82.50300847222222, 28.325611833333333 ], [ -82.501961083333327, 28.324656194444444 ], [ -82.500737666666666, 28.323881416666666 ], [ -82.499377611111115, 28.323312333333334 ], [ -82.497924583333329, 28.322967305555554 ], [ -82.496425277777774, 28.322857361111112 ], [ -82.494927916666668, 28.322986083333333 ], [ -82.49348055555555, 28.323349305555556 ], [ -82.492129722222217, 28.323935361111111 ], [ -82.490918861111112, 28.324725416666666 ], [ -82.48988683333333, 28.325694083333332 ], [ -82.489066861111112, 28.326810222222221 ], [ -82.488485305555557, 28.328038 ], [ -82.488160805555552, 28.329337916666667 ], [ -82.488103861111114, 28.330668194444446 ] ] } },
{ "type": "Feature", "properties": { "style": "solid", "thickness": 1 }, "geometry": { "type": "LineString", "coordinates": [ [ -82.36618272222222, 28.221655833333333 ], [ -82.36256480555555, 28.221819027777777 ] ] } },
{ "type": "Feature", "properties": { "style": "solid", "thickness": 1 }, "geometry": { "type": "LineString", "coordinates": [ [ -82.374982694444441, 28.228693888888888 ], [ -82.37516725, 28.231898388888887 ] ] } },
{ "type": "Feature", "properties": { "style": "solid", "thickness": 1 }, "geometry": { "type": "LineString", "coordinates": [ [ -82.3741285, 28.21386163888889 ], [ -82.373943972222222, 28.210657138888887 ] ] } },
{ "type": "Feature", "properties": { "style": "solid", "thickness": 1 }, "geometry": { "type": "LineString", "coordinates": [ [ -82.382928333333325, 28.220899222222222 ], [ -82.386546194444449, 28.2207355 ] ] } },
{ "type": "Feature", "properties": { "style": "solid", "thickness": 1 }, "geometry": { "type": "LineString", "coordinates": [ [ -82.36618272222222, 28.221655833333333 ], [ -82.366393416666668, 28.222973944444444 ], [ -82.3668665, 28.224237583333331 ], [ -82.367586722222214, 28.225406083333333 ], [ -82.368530944444444, 28.226441888888886 ], [ -82.369668833333321, 28.227311722222222 ], [ -82.370963805555547, 28.227987583333331 ], [ -82.37237425, 28.228447805555554 ], [ -82.373854833333326, 28.228677555555553 ], [ -82.375357916666658, 28.228669444444442 ], [ -82.376835222222212, 28.22842375 ], [ -82.37823922222222, 28.227948388888887 ], [ -82.379524833333321, 28.227258583333331 ], [ -82.380650694444441, 28.226376555555554 ], [ -82.381580611111104, 28.225330638888888 ], [ -82.382284722222209, 28.224154472222221 ], [ -82.382740388888877, 28.222885833333333 ], [ -82.382932972222221, 28.221565527777777 ], [ -82.382856305555549, 28.22023597222222 ], [ -82.382512833333323, 28.218939916666663 ], [ -82.381913638888889, 28.217719 ], [ -82.381077972222215, 28.21661247222222 ], [ -82.380032694444438, 28.21565588888889 ], [ -82.378811416666665, 28.21488 ], [ -82.377453361111108, 28.214309722222222 ], [ -82.376002194444439, 28.213963388888889 ], [ -82.374504527777773, 28.213852138888889 ], [ -82.37300852777777, 28.213979527777777 ], [ -82.371562222222209, 28.2143415 ], [ -82.370212083333328, 28.214926361111111 ], [ -82.369001555555542, 28.215715361111112 ], [ -82.367969499999987, 28.216683138888886 ], [ -82.367149111111104, 28.21779861111111 ], [ -82.366566722222217, 28.219025888888886 ], [ -82.366241111111108, 28.220325555555554 ], [ -82.36618272222222, 28.221655833333333 ] ] } },
{ "type": "Feature", "properties": { "style": "solid", "thickness": 1 }, "geometry": { "type": "LineString", "coordinates": [ [ -82.147271333333336, 28.227034194444443 ], [ -82.143652944444455, 28.227191666666666 ] ] } },
{ "type": "Feature", "properties": { "style": "solid", "thickness": 1 }, "geometry": { "type": "LineString", "coordinates": [ [ -82.15605741666667, 28.234086166666668 ], [ -82.156235527777781, 28.237290916666666 ] ] } },
{ "type": "Feature", "properties": { "style": "solid", "thickness": 1 }, "geometry": { "type": "LineString", "coordinates": [ [ -82.155233194444449, 28.219252722222219 ], [ -82.155055138888898, 28.216047944444444 ] ] } },
{ "type": "Feature", "properties": { "style": "solid", "thickness": 1 }, "geometry": { "type": "LineString", "coordinates": [ [ -82.164019166666677, 28.226304166666665 ], [ -82.1676375, 28.226146194444443 ] ] } },
{ "type": "Feature", "properties": { "style": "solid", "thickness": 1 }, "geometry": { "type": "LineString", "coordinates": [ [ -82.147271333333336, 28.227034194444443 ], [ -82.147479388888897, 28.228352666666666 ], [ -82.147949916666676, 28.229617027777778 ], [ -82.148667805555561, 28.230786638888887 ], [ -82.149609972222223, 28.231823944444443 ], [ -82.150746166666679, 28.232695555555555 ], [ -82.152039833333333, 28.2333735 ], [ -82.153449388888887, 28.233835944444447 ], [ -82.154929555555555, 28.234068027777777 ], [ -82.156432722222235, 28.234062305555558 ], [ -82.157910583333333, 28.233818972222224 ], [ -82.159315611111111, 28.233345805555558 ], [ -82.160602666666676, 28.23265808333333 ], [ -82.161730361111111, 28.231777833333332 ], [ -82.162662416666677, 28.230733416666666 ], [ -82.163368944444457, 28.22955836111111 ], [ -82.163827194444451, 28.22829047222222 ], [ -82.164022444444456, 28.22697047222222 ], [ -82.163948472222231, 28.225640833333333 ], [ -82.163607611111118, 28.224344222222221 ], [ -82.163010861111118, 28.223122388888886 ], [ -82.162177416666665, 28.222014555555553 ], [ -82.161134027777777, 28.221056305555553 ], [ -82.15991425, 28.2202785 ], [ -82.158557305555561, 28.219706055555555 ], [ -82.157106750000011, 28.219357444444444 ], [ -82.155609277777785, 28.219243805555553 ], [ -82.154112916666676, 28.219368833333331 ], [ -82.152665833333344, 28.219728472222222 ], [ -82.151314472222225, 28.220311194444442 ], [ -82.150102305555563, 28.221098277777777 ], [ -82.149068250000013, 28.222064416666665 ], [ -82.148245555555562, 28.223178555555553 ], [ -82.147660666666667, 28.224404888888888 ], [ -82.147332416666671, 28.225704027777777 ], [ -82.147271333333336, 28.227034194444443 ] ] } },
{ "type": "Feature", "properties": { "style": "solid", "thickness": 1 }, "geometry": { "type": "LineString", "coordinates": [ [ -82.30985925, 28.803985555555556 ], [ -82.306221611111113, 28.804147166666667 ] ] } },
{ "type": "Feature", "properties": { "style": "solid", "thickness": 1 }, "geometry": { "type": "LineString", "coordinates": [ [ -82.318703194444439, 28.811026194444445 ], [ -82.318887027777777, 28.81423025 ] ] } },
{ "type": "Feature", "properties": { "style": "solid", "thickness": 1 }, "geometry": { "type": "LineString", "coordinates": [ [ -82.317852416666668, 28.796196 ], [ -82.31766863888889, 28.792991916666669 ] ] } },
{ "type": "Feature", "properties": { "style": "solid", "thickness": 1 }, "geometry": { "type": "LineString", "coordinates": [ [ -82.32669625, 28.803236166666668 ], [ -82.330333833333327, 28.803074 ] ] } },
{ "type": "Feature", "properties": { "style": "solid", "thickness": 1 }, "geometry": { "type": "LineString", "coordinates": [ [ -82.30985925, 28.803985555555556 ], [ -82.310070388888889, 28.805303555555557 ], [ -82.310545333333337, 28.806567166666667 ], [ -82.31126883333333, 28.807735777777779 ], [ -82.312217638888882, 28.808771833333335 ], [ -82.31336125, 28.809642 ], [ -82.31466288888889, 28.810318305555555 ], [ -82.31608075, 28.810779055555557 ], [ -82.317569222222218, 28.811009388888891 ], [ -82.3190805, 28.811001916666669 ], [ -82.320565944444439, 28.810756888888889 ], [ -82.321977861111108, 28.810282194444444 ], [ -82.323270805555552, 28.809593055555556 ], [ -82.32440325, 28.808711638888891 ], [ -82.325338805555546, 28.807666277777777 ], [ -82.326047361111108, 28.806490611111112 ], [ -82.326506194444434, 28.805222361111113 ], [ -82.326700527777774, 28.803902361111113 ], [ -82.326624166666662, 28.802573 ], [ -82.326279555555558, 28.801277 ], [ -82.32567777777777, 28.800056027777778 ], [ -82.324838166666666, 28.798949333333336 ], [ -82.323787722222221, 28.797992472222223 ], [ -82.322560222222222, 28.797216166666669 ], [ -82.321195111111109, 28.796645416666667 ], [ -82.31973625, 28.796298527777779 ], [ -82.3182305, 28.796186666666667 ], [ -82.316726305555548, 28.79631338888889 ], [ -82.315271944444447, 28.796674666666668 ], [ -82.313914166666663, 28.797258888888891 ], [ -82.31269663888888, 28.79804725 ], [ -82.311658444444447, 28.799014444444445 ], [ -82.310833, 28.800129361111111 ], [ -82.310246777777778, 28.801356194444445 ], [ -82.309918694444448, 28.8026555 ], [ -82.30985925, 28.803985555555556 ] ] } },
{ "type": "Feature", "properties": { "style": "solid", "thickness": 1 }, "geometry": { "type": "LineString", "coordinates": [ [ -82.56568841666666, 28.868001194444446 ], [ -82.562048972222215, 28.86816961111111 ] ] } },
{ "type": "Feature", "properties": { "style": "solid", "thickness": 1 }, "geometry": { "type": "LineString", "coordinates": [ [ -82.574554583333324, 28.875025277777777 ], [ -82.574746222222217, 28.878228916666668 ] ] } },
{ "type": "Feature", "properties": { "style": "solid", "thickness": 1 }, "geometry": { "type": "LineString", "coordinates": [ [ -82.573667694444438, 28.860196944444446 ], [ -82.573476111111106, 28.856993277777779 ] ] } },
{ "type": "Feature", "properties": { "style": "solid", "thickness": 1 }, "geometry": { "type": "LineString", "coordinates": [ [ -82.58253375, 28.8672205 ], [ -82.586173138888881, 28.867051555555555 ] ] } },
{ "type": "Feature", "properties": { "style": "solid", "thickness": 1 }, "geometry": { "type": "LineString", "coordinates": [ [ -82.56568841666666, 28.868001194444446 ], [ -82.565902861111113, 28.869318777777778 ], [ -82.566381111111113, 28.8705815 ], [ -82.567107861111111, 28.87174875 ], [ -82.568059722222216, 28.872783 ], [ -82.569206083333327, 28.873651027777779 ], [ -82.570510138888892, 28.874324916666666 ], [ -82.571929972222222, 28.874783 ], [ -82.573419888888878, 28.875010555555555 ], [ -82.57493205555555, 28.875000277777779 ], [ -82.57641780555555, 28.8747525 ], [ -82.57782941666666, 28.874275166666667 ], [ -82.5791215, 28.873583638888888 ], [ -82.5802525, 28.872700138888888 ], [ -82.581186111111109, 28.871653055555555 ], [ -82.581892277777769, 28.870476083333333 ], [ -82.582348333333329, 28.869207027777779 ], [ -82.582539638888889, 28.867886666666667 ], [ -82.582460027777771, 28.866557472222222 ], [ -82.582112083333328, 28.865262166666668 ], [ -82.581507027777775, 28.864042333333334 ], [ -82.58066425, 28.862937222222225 ], [ -82.57961088888888, 28.861982333333334 ], [ -82.578380777777781, 28.861208333333334 ], [ -82.57701347222222, 28.86064013888889 ], [ -82.575552916666666, 28.860295944444445 ], [ -82.574046, 28.86018688888889 ], [ -82.57254119444444, 28.860316416666667 ], [ -82.571086833333325, 28.860680416666668 ], [ -82.569729638888887, 28.861267138888891 ], [ -82.56851325, 28.86205775 ], [ -82.56747677777777, 28.863026833333336 ], [ -82.5666535, 28.864143277777778 ], [ -82.56606988888889, 28.865371194444446 ], [ -82.565744694444447, 28.866671083333333 ], [ -82.56568841666666, 28.868001194444446 ] ] } },
{ "type": "Feature", "properties": { "style": "solid", "thickness": 1 }, "geometry": { "type": "LineString", "coordinates": [ [ -81.98954338888889, 28.21211075 ], [ -81.985925305555554, 28.212264083333334 ] ] } },
{ "type": "Feature", "properties": { "style": "solid", "thickness": 1 }, "geometry": { "type": "LineString", "coordinates": [ [ -81.998317944444452, 28.219172722222222 ], [ -81.998491361111107, 28.222377666666667 ] ] } },
{ "type": "Feature", "properties": { "style": "solid", "thickness": 1 }, "geometry": { "type": "LineString", "coordinates": [ [ -81.997515416666673, 28.204338388888889 ], [ -81.997342055555563, 28.201133416666664 ] ] } },
{ "type": "Feature", "properties": { "style": "solid", "thickness": 1 }, "geometry": { "type": "LineString", "coordinates": [ [ -82.006289861111114, 28.211399861111111 ], [ -82.009907916666663, 28.211246 ] ] } },
{ "type": "Feature", "properties": { "style": "solid", "thickness": 1 }, "geometry": { "type": "LineString", "coordinates": [ [ -81.997916666666669, 28.211755555555555 ], [ -81.993947694444444, 28.20733497222222 ] ] } },
{ "type": "Feature", "properties": { "style": "solid", "thickness": 1 }, "geometry": { "type": "LineString", "coordinates": [ [ -82.000563305555559, 28.207054166666666 ], [ -82.001058944444438, 28.216211138888887 ], [ -81.997027222222229, 28.216382305555555 ], [ -81.996603805555552, 28.216216722222221 ], [ -81.995865305555554, 28.215972722222222 ], [ -81.995102027777776, 28.215270861111112 ], [ -81.99475725, 28.214643027777775 ], [ -81.99470775, 28.213727333333331 ], [ -81.99497825, 28.212981611111111 ], [ -81.99566225, 28.212218361111109 ], [ -81.996371027777784, 28.211912944444443 ], [ -81.996779555555563, 28.211803833333331 ], [ -82.000811111111105, 28.211632638888887 ] ] } },
{ "type": "Feature", "properties": { "style": "solid", "thickness": 1 }, "geometry": { "type": "LineString", "coordinates": [ [ -81.98954338888889, 28.21211075 ], [ -81.9897495, 28.213429444444444 ], [ -81.990218138888892, 28.214694333333334 ], [ -81.990934222222222, 28.215864777777778 ], [ -81.99187475, 28.216903138888888 ], [ -81.993009472222226, 28.217776055555554 ], [ -81.994301972222218, 28.218455472222221 ], [ -81.995710666666668, 28.2189195 ], [ -81.997190277777776, 28.219153305555555 ], [ -81.99869325, 28.219149305555554 ], [ -82.00017125, 28.218907638888886 ], [ -82.00157675, 28.21843608333333 ], [ -82.002864611111107, 28.217749805555552 ], [ -82.00399341666666, 28.216870861111108 ], [ -82.004926888888889, 28.2158275 ], [ -82.005635, 28.214653277777778 ], [ -82.006095027777775, 28.213385916666667 ], [ -82.006292194444441, 28.21206613888889 ], [ -82.006220138888892, 28.210736416666666 ], [ -82.005881222222229, 28.209439444444445 ], [ -82.005286333333331, 28.208216916666665 ], [ -82.004454611111115, 28.207108138888888 ], [ -82.003412777777783, 28.20614872222222 ], [ -82.002194305555562, 28.2053695 ], [ -82.000838388888894, 28.204795527777776 ], [ -81.999388583333328, 28.20444525 ], [ -81.997891472222221, 28.204329916666666 ], [ -81.996395166666673, 28.20445322222222 ], [ -81.99494775, 28.204811222222222 ], [ -81.99359575, 28.205392388888889 ], [ -81.992382583333338, 28.206178083333331 ], [ -81.991347277777777, 28.207143027777779 ], [ -81.990523111111116, 28.208256222222222 ], [ -81.989936527777772, 28.209481916666665 ], [ -81.989606416666675, 28.210780666666665 ], [ -81.98954338888889, 28.21211075 ] ] } },
{ "type": "Feature", "properties": { "style": "solid", "thickness": 1 }, "geometry": { "type": "LineString", "coordinates": [ [ -81.866401916666661, 28.527013861111111 ], [ -81.86277311111111, 28.527163861111109 ] ] } },
{ "type": "Feature", "properties": { "style": "solid", "thickness": 1 }, "geometry": { "type": "LineString", "coordinates": [ [ -81.87519375, 28.53408325 ], [ -81.875363916666657, 28.537288055555557 ] ] } },
{ "type": "Feature", "properties": { "style": "solid", "thickness": 1 }, "geometry": { "type": "LineString", "coordinates": [ [ -81.874406277777766, 28.5192495 ], [ -81.874236166666662, 28.516044666666666 ] ] } },
{ "type": "Feature", "properties": { "style": "solid", "thickness": 1 }, "geometry": { "type": "LineString", "coordinates": [ [ -81.883198027777766, 28.526318388888889 ], [ -81.886826777777785, 28.526167861111109 ] ] } },
{ "type": "Feature", "properties": { "style": "solid", "thickness": 1 }, "geometry": { "type": "LineString", "coordinates": [ [ -81.8748, 28.526666388888888 ], [ -81.870824638888877, 28.522242555555554 ] ] } },
{ "type": "Feature", "properties": { "style": "solid", "thickness": 1 }, "geometry": { "type": "LineString", "coordinates": [ [ -81.877459861111106, 28.521967833333331 ], [ -81.877946194444434, 28.531124472222221 ], [ -81.873902527777773, 28.531291916666667 ], [ -81.873478083333325, 28.531125944444444 ], [ -81.872737694444439, 28.530881305555553 ], [ -81.871973055555543, 28.530178805555554 ], [ -81.871628, 28.529550722222222 ], [ -81.871579416666663, 28.528635055555554 ], [ -81.871851583333324, 28.527889638888887 ], [ -81.872538472222217, 28.527127083333333 ], [ -81.873249666666666, 28.526822333333332 ], [ -81.873659527777775, 28.526713611111109 ], [ -81.87770302777777, 28.526546138888889 ] ] } },
{ "type": "Feature", "properties": { "style": "solid", "thickness": 1 }, "geometry": { "type": "LineString", "coordinates": [ [ -81.866401916666661, 28.527013861111111 ], [ -81.866607083333321, 28.528332638888887 ], [ -81.867075583333332, 28.529597833333334 ], [ -81.867792388888887, 28.530768833333333 ], [ -81.868734416666655, 28.531807972222222 ], [ -81.869871472222215, 28.532681861111111 ], [ -81.871166916666667, 28.533362388888889 ], [ -81.872579166666654, 28.533827694444447 ], [ -81.874062833333326, 28.534062805555557 ], [ -81.875570166666662, 28.534060194444447 ], [ -81.87705275, 28.533819888888889 ], [ -81.878462916666663, 28.533349694444446 ], [ -81.879755333333321, 28.532664638888889 ], [ -81.88088847222221, 28.531786805555555 ], [ -81.88182586111111, 28.530744416666664 ], [ -81.882537416666665, 28.529570916666664 ], [ -81.883000277777768, 28.528304083333332 ], [ -81.883199555555549, 28.526984638888887 ], [ -81.883128861111103, 28.525654944444444 ], [ -81.8827905, 28.524357777777777 ], [ -81.882195305555555, 28.523134833333334 ], [ -81.881362444444434, 28.522025361111112 ], [ -81.880318694444441, 28.521065083333333 ], [ -81.879097583333333, 28.520284805555555 ], [ -81.877738388888886, 28.519709666666667 ], [ -81.87628475, 28.519358083333334 ], [ -81.874783416666659, 28.51924136111111 ], [ -81.873282611111108, 28.519363305555554 ], [ -81.87183058333332, 28.519719944444443 ], [ -81.870473944444441, 28.520299833333333 ], [ -81.869256333333325, 28.521084333333331 ], [ -81.868216888888881, 28.52204825 ], [ -81.867389, 28.523160583333333 ], [ -81.866799277777773, 28.524385611111111 ], [ -81.866466666666668, 28.525683944444445 ], [ -81.866401916666661, 28.527013861111111 ] ] } },
{ "type": "Feature", "properties": { "style": "solid", "thickness": 1 }, "geometry": { "type": "LineString", "coordinates": [ [ -81.932490277777788, 28.8783935 ], [ -81.928849583333331, 28.878545111111112 ] ] } },
{ "type": "Feature", "properties": { "style": "solid", "thickness": 1 }, "geometry": { "type": "LineString", "coordinates": [ [ -81.941315222222229, 28.88545813888889 ], [ -81.941487833333341, 28.888662555555555 ] ] } },
{ "type": "Feature", "properties": { "style": "solid", "thickness": 1 }, "geometry": { "type": "LineString", "coordinates": [ [ -81.940516472222228, 28.870626277777777 ], [ -81.940343916666677, 28.867421861111112 ] ] } },
{ "type": "Feature", "properties": { "style": "solid", "thickness": 1 }, "geometry": { "type": "LineString", "coordinates": [ [ -81.949341333333336, 28.877690444444443 ], [ -81.952981972222219, 28.877538277777777 ] ] } },
{ "type": "Feature", "properties": { "style": "solid", "thickness": 1 }, "geometry": { "type": "LineString", "coordinates": [ [ -81.940915833333335, 28.878042222222224 ], [ -81.936924777777776, 28.873620666666667 ] ] } },
{ "type": "Feature", "properties": { "style": "solid", "thickness": 1 }, "geometry": { "type": "LineString", "coordinates": [ [ -81.943581694444447, 28.873342944444445 ], [ -81.944075027777785, 28.882498416666667 ], [ -81.940018111111115, 28.882667694444446 ], [ -81.939592166666671, 28.882501944444446 ], [ -81.938849222222231, 28.882257638888888 ], [ -81.938081611111116, 28.881555555555558 ], [ -81.937735055555564, 28.880927694444445 ], [ -81.937685777777787, 28.88001213888889 ], [ -81.937958416666675, 28.879266694444446 ], [ -81.938647138888896, 28.87850388888889 ], [ -81.939360472222219, 28.878198861111112 ], [ -81.939771611111112, 28.878089944444444 ], [ -81.943828361111116, 28.877920666666668 ] ] } },
{ "type": "Feature", "properties": { "style": "solid", "thickness": 1 }, "geometry": { "type": "LineString", "coordinates": [ [ -81.932490277777788, 28.8783935 ], [ -81.932696888888898, 28.879712027777778 ], [ -81.933167666666677, 28.880976888888888 ], [ -81.933887527777784, 28.882147416666665 ], [ -81.934833277777784, 28.883186027777779 ], [ -81.935974555555561, 28.884059305555557 ], [ -81.937274694444454, 28.884739166666666 ], [ -81.938691888888897, 28.885203805555555 ], [ -81.940180555555557, 28.885438222222223 ], [ -81.941692861111122, 28.885434916666668 ], [ -81.943180194444452, 28.885193972222222 ], [ -81.94459475, 28.884723166666667 ], [ -81.945891027777776, 28.884037611111111 ], [ -81.947027361111111, 28.883159361111112 ], [ -81.94796725, 28.882116638888888 ], [ -81.948680472222222, 28.880942944444445 ], [ -81.94914411111111, 28.87967602777778 ], [ -81.949343277777785, 28.878356611111112 ], [ -81.949271555555555, 28.877027083333335 ], [ -81.948931305555561, 28.875730222222224 ], [ -81.948333444444444, 28.87450763888889 ], [ -81.947497194444452, 28.873398694444443 ], [ -81.946449444444454, 28.872438972222223 ], [ -81.945223861111117, 28.87165936111111 ], [ -81.943859833333335, 28.871084861111111 ], [ -81.94240122222223, 28.870733972222222 ], [ -81.940894861111119, 28.870617972222224 ], [ -81.939389166666672, 28.870740583333333 ], [ -81.937932555555562, 28.871097833333334 ], [ -81.936571805555559, 28.871678277777779 ], [ -81.935350638888892, 28.872463277777779 ], [ -81.934308333333334, 28.873427555555555 ], [ -81.933478361111113, 28.874540166666666 ], [ -81.932887388888901, 28.875765333333334 ], [ -81.932554472222222, 28.877063666666668 ], [ -81.932490277777788, 28.8783935 ] ] } },
{ "type": "Feature", "properties": { "style": "solid", "thickness": 1 }, "geometry": { "type": "LineString", "coordinates": [ [ -82.441039805555562, 27.915827083333333 ], [ -82.437432166666667, 27.91599225 ] ] } },
{ "type": "Feature", "properties": { "style": "solid", "thickness": 1 }, "geometry": { "type": "LineString", "coordinates": [ [ -82.44981997222223, 27.922860805555558 ], [ -82.45000625, 27.92606538888889 ] ] } },
{ "type": "Feature", "properties": { "style": "solid", "thickness": 1 }, "geometry": { "type": "LineString", "coordinates": [ [ -82.448957888888899, 27.908028083333331 ], [ -82.448771666666673, 27.904823472222219 ] ] } },
{ "type": "Feature", "properties": { "style": "solid", "thickness": 1 }, "geometry": { "type": "LineString", "coordinates": [ [ -82.457737888888886, 27.915061305555554 ], [ -82.46134547222222, 27.914895583333333 ] ] } },
{ "type": "Feature", "properties": { "style": "solid", "thickness": 1 }, "geometry": { "type": "LineString", "coordinates": [ [ -82.441039805555562, 27.915827083333333 ], [ -82.441250861111115, 27.917145194444444 ], [ -82.441723472222222, 27.918408638888891 ], [ -82.442442472222226, 27.919576805555558 ], [ -82.44338477777778, 27.920612166666668 ], [ -82.44452008333333, 27.921481444444446 ], [ -82.445811888888898, 27.92215663888889 ], [ -82.447218694444445, 27.922616138888891 ], [ -82.44869525, 27.922845083333335 ], [ -82.450194138888889, 27.922836166666666 ], [ -82.451667111111121, 27.922589638888891 ], [ -82.453066861111111, 27.922113472222222 ], [ -82.454348361111116, 27.921422916666668 ], [ -82.455470444444444, 27.920540222222222 ], [ -82.456397027777783, 27.919493722222224 ], [ -82.457098333333334, 27.918317111111111 ], [ -82.457551861111114, 27.917048138888891 ], [ -82.457742972222221, 27.915727638888889 ], [ -82.457665611111111, 27.914398055555555 ], [ -82.457322222222231, 27.913102111111108 ], [ -82.456723861111115, 27.911881444444443 ], [ -82.455889777777784, 27.910775305555553 ], [ -82.454846777777774, 27.909819222222222 ], [ -82.453628361111114, 27.909043944444441 ], [ -82.45227372222223, 27.908474361111111 ], [ -82.450826388888885, 27.908128805555553 ], [ -82.449332861111117, 27.908018361111111 ], [ -82.44784113888889, 27.90814658333333 ], [ -82.446399138888893, 27.908509333333331 ], [ -82.445053222222228, 27.909095 ], [ -82.4438466388889, 27.90988472222222 ], [ -82.442818138888896, 27.910853111111109 ], [ -82.442000805555566, 27.911969083333332 ], [ -82.441420944444445, 27.913196777777777 ], [ -82.441097138888892, 27.914496694444441 ], [ -82.441039805555562, 27.915827083333333 ] ] } },
{ "type": "Feature", "properties": { "style": "solid", "thickness": 1 }, "geometry": { "type": "LineString", "coordinates": [ [ -82.51287280555556, 27.849728611111111 ], [ -82.50926747222222, 27.849895666666665 ] ] } },
{ "type": "Feature", "properties": { "style": "solid", "thickness": 1 }, "geometry": { "type": "LineString", "coordinates": [ [ -82.521652277777775, 27.856757861111113 ], [ -82.521840555555556, 27.859962416666669 ] ] } },
{ "type": "Feature", "properties": { "style": "solid", "thickness": 1 }, "geometry": { "type": "LineString", "coordinates": [ [ -82.520780944444439, 27.841925388888889 ], [ -82.52059275, 27.83872086111111 ] ] } },
{ "type": "Feature", "properties": { "style": "solid", "thickness": 1 }, "geometry": { "type": "LineString", "coordinates": [ [ -82.529560305555549, 27.848954166666665 ], [ -82.533165583333329, 27.848786583333332 ] ] } },
{ "type": "Feature", "properties": { "style": "solid", "thickness": 1 }, "geometry": { "type": "LineString", "coordinates": [ [ -82.51287280555556, 27.849728611111111 ], [ -82.513084583333338, 27.851046638888889 ], [ -82.51355775, 27.852309833333333 ], [ -82.51427708333334, 27.853477666666667 ], [ -82.5152195, 27.854512555555559 ], [ -82.516354694444445, 27.855381222222224 ], [ -82.517646166666665, 27.85605577777778 ], [ -82.519052416666668, 27.856514527777779 ], [ -82.52052825, 27.856742722222222 ], [ -82.52202619444445, 27.856733027777778 ], [ -82.523498138888883, 27.85648575 ], [ -82.524896722222223, 27.856008833333334 ], [ -82.526177, 27.855317611111111 ], [ -82.527297805555548, 27.854434305555557 ], [ -82.52822313888889, 27.853387333333334 ], [ -82.52892325, 27.852210333333336 ], [ -82.529375666666667, 27.850941111111112 ], [ -82.529565805555549, 27.8496205 ], [ -82.529487611111108, 27.848290944444443 ], [ -82.529143583333337, 27.846995138888889 ], [ -82.528544777777782, 27.845774777777777 ], [ -82.527710472222225, 27.844669055555553 ], [ -82.526667472222215, 27.843713527777776 ], [ -82.525449277777781, 27.842938861111111 ], [ -82.524095111111109, 27.842369972222222 ], [ -82.522648416666669, 27.842025166666666 ], [ -82.521155694444445, 27.8419155 ], [ -82.519664972222216, 27.8420445 ], [ -82.518224083333337, 27.842408 ], [ -82.516879361111108, 27.84299436111111 ], [ -82.515674027777777, 27.843784722222221 ], [ -82.514646777777784, 27.844753666666666 ], [ -82.513830694444451, 27.845870083333331 ], [ -82.513251972222221, 27.847098083333332 ], [ -82.512929222222226, 27.848398166666666 ], [ -82.51287280555556, 27.849728611111111 ] ] } },
{ "type": "Feature", "properties": { "style": "solid", "thickness": 1 }, "geometry": { "type": "LineString", "coordinates": [ [ -83.4574925, 27.948728527777778 ], [ -83.432369388888887, 27.937092472222222 ] ] } },
{ "type": "Feature", "properties": { "style": "solid", "thickness": 1 }, "geometry": { "type": "LineString", "coordinates": [ [ -83.432916277777778, 27.949762555555555 ], [ -83.456639611111115, 27.936074666666666 ] ] } },
{ "type": "Feature", "properties": { "style": "solid", "thickness": 1 }, "geometry": { "type": "LineString", "coordinates": [ [ -83.445478666666673, 27.955581083333332 ], [ -83.443775777777788, 27.930273194444446 ] ] } },
{ "type": "Feature", "properties": { "style": "solid", "thickness": 1 }, "geometry": { "type": "LineString", "coordinates": [ [ -83.41783622222222, 27.96082788888889 ], [ -83.413287861111115, 27.96106825 ], [ -83.41105136111112, 27.927682777777779 ] ] } },
{ "type": "Feature", "properties": { "style": "solid", "thickness": 1 }, "geometry": { "type": "LineString", "coordinates": [ [ -83.397229166666676, 27.952999527777777 ], [ -83.397337166666674, 27.954614944444444 ], [ -83.396856750000012, 27.95653161111111 ], [ -83.395805888888901, 27.959018694444445 ], [ -83.394700972222225, 27.960698055555554 ], [ -83.392953555555565, 27.961870861111109 ], [ -83.390563694444452, 27.962537138888887 ], [ -83.386015194444454, 27.96277661111111 ], [ -83.382643666666667, 27.962413638888886 ], [ -83.381073611111105, 27.961685694444444 ], [ -83.378825277777764, 27.959912611111111 ], [ -83.378129027777774, 27.958598305555554 ], [ -83.377378972222218, 27.95647625 ], [ -83.377091722222218, 27.952168361111109 ], [ -83.377590416666663, 27.950521027777778 ], [ -83.379942138888879, 27.944723416666665 ], [ -83.383328833333323, 27.940762611111111 ], [ -83.388747555555568, 27.935343777777778 ], [ -83.395270333333343, 27.92824538888889 ], [ -83.3761725, 27.929250777777778 ] ] } },
{ "type": "Feature", "properties": { "style": "solid", "thickness": 1 }, "geometry": { "type": "LineString", "coordinates": [ [ -83.046645138888891, 26.832578888888889 ], [ -83.021817805555557, 26.820864972222221 ] ] } },
{ "type": "Feature", "properties": { "style": "solid", "thickness": 1 }, "geometry": { "type": "LineString", "coordinates": [ [ -83.022311, 26.833538472222219 ], [ -83.045849027777777, 26.819920694444445 ] ] } },
{ "type": "Feature", "properties": { "style": "solid", "thickness": 1 }, "geometry": { "type": "LineString", "coordinates": [ [ -83.034725444444447, 26.839395944444444 ], [ -83.033136, 26.814079361111112 ] ] } },
{ "type": "Feature", "properties": { "style": "solid", "thickness": 1 }, "geometry": { "type": "LineString", "coordinates": [ [ -83.00733980555556, 26.844559638888889 ], [ -83.002836083333335, 26.844786277777775 ], [ -83.000748888888893, 26.811389416666668 ] ] } },
{ "type": "Feature", "properties": { "style": "solid", "thickness": 1 }, "geometry": { "type": "LineString", "coordinates": [ [ -82.986968888888896, 26.836667777777777 ], [ -82.987069694444443, 26.838283777777775 ], [ -82.986586805555561, 26.840199222222221 ], [ -82.985537, 26.84268347222222 ], [ -82.984436777777773, 26.844359722222222 ], [ -82.982702444444442, 26.845527444444443 ], [ -82.980333972222226, 26.846186555555555 ], [ -82.975830111111108, 26.846412305555553 ], [ -82.97249375, 26.846039111111111 ], [ -82.970942166666674, 26.845306305555553 ], [ -82.968723111111117, 26.843526194444443 ], [ -82.968038833333338, 26.842209583333332 ], [ -82.967304333333331, 26.840084944444442 ], [ -82.967036305555553, 26.83577561111111 ], [ -82.96753625, 26.834129555555556 ], [ -82.969886388888895, 26.828338277777778 ], [ -82.973254222222224, 26.824387166666668 ], [ -82.97863925, 26.81898397222222 ], [ -82.985123666666667, 26.811904333333334 ], [ -82.96621319444445, 26.812852138888889 ] ] } },
{ "type": "Feature", "properties": { "style": "solid", "thickness": 1 }, "geometry": { "type": "LineString", "coordinates": [ [ -82.010644083333332, 27.9879955 ], [ -82.007033472222219, 27.988149444444446 ] ] } },
{ "type": "Feature", "properties": { "style": "solid", "thickness": 1 }, "geometry": { "type": "LineString", "coordinates": [ [ -82.019402027777772, 27.995056333333334 ], [ -82.019575777777774, 27.998261388888888 ] ] } },
{ "type": "Feature", "properties": { "style": "solid", "thickness": 1 }, "geometry": { "type": "LineString", "coordinates": [ [ -82.018598, 27.980221444444442 ], [ -82.018424333333328, 27.977016361111108 ] ] } },
{ "type": "Feature", "properties": { "style": "solid", "thickness": 1 }, "geometry": { "type": "LineString", "coordinates": [ [ -82.027355861111104, 27.987281777777778 ], [ -82.030966416666672, 27.987127305555557 ] ] } },
{ "type": "Feature", "properties": { "style": "solid", "thickness": 1 }, "geometry": { "type": "LineString", "coordinates": [ [ -82.010644083333332, 27.9879955 ], [ -82.010850027777778, 27.989314222222223 ], [ -82.011317972222216, 27.990579083333333 ], [ -82.012032805555549, 27.991749472222224 ], [ -82.012971611111112, 27.992787722222221 ], [ -82.014104222222215, 27.9936605 ], [ -82.01539419444444, 27.994339722222222 ], [ -82.016800083333337, 27.994803555555556 ], [ -82.018276666666665, 27.995037111111113 ], [ -82.019776527777779, 27.995032833333333 ], [ -82.021251444444445, 27.994790916666666 ], [ -82.022653944444443, 27.994319138888891 ], [ -82.023939027777772, 27.993632611111114 ], [ -82.025065305555557, 27.992753416666666 ], [ -82.025996611111111, 27.991709861111111 ], [ -82.026703027777771, 27.990535472222223 ], [ -82.027161833333338, 27.989267972222223 ], [ -82.027358305555552, 27.987948111111113 ], [ -82.027286138888883, 27.986618305555556 ], [ -82.026947666666672, 27.985321333333335 ], [ -82.02635375, 27.984098861111111 ], [ -82.025523472222218, 27.982990166666664 ], [ -82.024483583333335, 27.982030861111109 ], [ -82.023267472222216, 27.981251833333332 ], [ -82.021914222222222, 27.980678055555554 ], [ -82.020467333333329, 27.980328 ], [ -82.018973277777775, 27.980212888888886 ], [ -82.017480083333339, 27.98033647222222 ], [ -82.016035722222227, 27.980694722222221 ], [ -82.01468663888889, 27.981276166666664 ], [ -82.013476166666663, 27.982062083333332 ], [ -82.012443194444444, 27.98302725 ], [ -82.011620916666672, 27.984140638888888 ], [ -82.011035833333338, 27.985366472222225 ], [ -82.010706666666664, 27.986665333333335 ], [ -82.010644083333332, 27.9879955 ] ] } },
{ "type": "Feature", "properties": { "style": "solid", "thickness": 1 }, "geometry": { "type": "LineString", "coordinates": [ [ -81.95736602777778, 29.073038361111109 ], [ -81.96363425, 29.072776555555556 ], [ -81.964919277777781, 29.066243861111111 ], [ -81.963718916666664, 29.066773972222222 ], [ -81.96266125, 29.067418083333333 ], [ -81.96020858333334, 29.067520555555554 ], [ -81.958969305555556, 29.067332361111109 ], [ -81.957704111111113, 29.066665305555556 ], [ -81.956250916666676, 29.06504625 ], [ -81.955900722222225, 29.063621083333334 ], [ -81.955803611111108, 29.061825444444445 ], [ -81.956549916666674, 29.0604745 ], [ -81.957432416666663, 29.059117861111112 ], [ -81.95782175, 29.058741666666666 ], [ -81.958606861111107, 29.058108972222222 ], [ -81.959956361111111, 29.05781263888889 ], [ -81.961455083333334, 29.057750027777779 ], [ -81.962558, 29.057943888888889 ], [ -81.963946388888886, 29.05836577777778 ], [ -81.9652245, 29.059272194444446 ], [ -81.96538019444445, 29.059625638888889 ] ] } },
{ "type": "Feature", "properties": { "style": "solid", "thickness": 1 }, "geometry": { "type": "LineString", "coordinates": [ [ -82.018898416666673, 29.059513527777778 ], [ -82.020707666666667, 29.057637388888889 ], [ -82.022250916666664, 29.055892444444446 ], [ -82.023528194444438, 29.054278694444445 ], [ -82.024293222222227, 29.0532865 ], [ -82.024908888888888, 29.052060638888889 ], [ -82.025115861111104, 29.050852055555556 ], [ -82.025193138888895, 29.049768916666668 ], [ -82.025075222222227, 29.047614194444446 ], [ -82.024620666666664, 29.0467935 ], [ -82.024036444444448, 29.04609827777778 ], [ -82.023445694444447, 29.045283333333334 ], [ -82.020532555555548, 29.044446472222223 ], [ -82.018897833333327, 29.0445155 ], [ -82.017172666666667, 29.045428194444447 ], [ -82.016913305555548, 29.045679111111113 ], [ -82.015875805555552, 29.04668275 ], [ -82.015752638888884, 29.046927916666668 ], [ -82.015299277777771, 29.048626833333334 ], [ -82.015364694444443, 29.049823916666668 ], [ -82.01568294444445, 29.05065038888889 ], [ -82.015994638888884, 29.051357138888889 ], [ -82.016585388888885, 29.052172111111112 ], [ -82.017721083333328, 29.052964083333332 ], [ -82.018837138888884, 29.053396916666667 ], [ -82.019524888888881, 29.053487861111112 ], [ -82.020478555555556, 29.05344761111111 ], [ -82.021153194444437, 29.053299138888889 ], [ -82.023416833333329, 29.052243666666666 ], [ -82.025122416666662, 29.050971777777779 ] ] } },
{ "type": "Feature", "properties": { "style": "solid", "thickness": 1 }, "geometry": { "type": "LineString", "coordinates": [ [ -82.137437388888898, 28.982297611111111 ], [ -82.14696722222223, 28.9818865 ], [ -82.139595916666678, 28.994083944444444 ], [ -82.138768055555559, 28.979240388888886 ] ] } },
{ "type": "Feature", "properties": { "style": "solid", "thickness": 1 }, "geometry": { "type": "LineString", "coordinates": [ [ -82.094691944444435, 28.938961388888888 ], [ -82.104218027777776, 28.938553222222222 ], [ -82.096844861111109, 28.950748555555556 ], [ -82.096023277777775, 28.935904555555556 ] ] } },
{ "type": "Feature", "properties": { "style": "solid", "thickness": 1 }, "geometry": { "type": "LineString", "coordinates": [ [ -82.728304611111113, 28.964396194444443 ], [ -82.717826, 28.96489275 ], [ -82.724243166666668, 28.949345444444443 ] ] } },
{ "type": "Feature", "properties": { "style": "solid", "thickness": 1 }, "geometry": { "type": "LineString", "coordinates": [ [ -82.536981861111116, 28.813587527777777 ], [ -82.538777777777781, 28.811704416666668 ], [ -82.540308944444448, 28.809953472222222 ], [ -82.54157541666666, 28.80833475 ], [ -82.542333833333331, 28.807339583333334 ], [ -82.542942111111103, 28.806111305555557 ], [ -82.543142722222214, 28.804901805555556 ], [ -82.543214527777778, 28.803818305555556 ], [ -82.543086361111108, 28.801663805555556 ], [ -82.542628888888885, 28.80084475 ], [ -82.542042611111114, 28.800151666666668 ], [ -82.54144925, 28.79933888888889 ], [ -82.538538722222214, 28.798512944444447 ], [ -82.536908111111103, 28.798588138888892 ], [ -82.53519138888889, 28.799507444444448 ], [ -82.534933833333326, 28.799759361111114 ], [ -82.533903611111114, 28.800767 ], [ -82.533781944444442, 28.801012666666669 ], [ -82.533337916666667, 28.802713444444446 ], [ -82.533409, 28.803910388888891 ], [ -82.533730527777777, 28.804735722222222 ], [ -82.534044972222219, 28.805441361111111 ], [ -82.534638333333334, 28.806254166666669 ], [ -82.535775277777773, 28.807041944444446 ], [ -82.536890888888891, 28.807470611111111 ], [ -82.537577472222225, 28.807558972222221 ], [ -82.53852875, 28.807515111111112 ], [ -82.539201111111112, 28.807364083333333 ], [ -82.541454416666667, 28.806299972222224 ], [ -82.543149833333331, 28.8050215 ] ] } },
{ "type": "Feature", "properties": { "style": "solid", "thickness": 1 }, "geometry": { "type": "LineString", "coordinates": [ [ -82.510026777777782, 28.889234361111111 ], [ -82.499554555555562, 28.889714305555554 ], [ -82.505999111111109, 28.874176777777777 ] ] } },
{ "type": "Feature", "properties": { "style": "solid", "thickness": 1 }, "geometry": { "type": "LineString", "coordinates": [ [ -82.430329861111119, 28.65452047222222 ], [ -82.419880305555566, 28.654994388888888 ], [ -82.426322222222225, 28.639459472222221 ] ] } },
{ "type": "Feature", "properties": { "style": "solid", "thickness": 1 }, "geometry": { "type": "LineString", "coordinates": [ [ -82.425157305555558, 28.601804361111114 ], [ -82.4147128888889, 28.602277916666669 ], [ -82.421152361111112, 28.586742972222222 ] ] } },
{ "type": "Feature", "properties": { "style": "solid", "thickness": 1 }, "geometry": { "type": "LineString", "coordinates": [ [ -82.11123080555555, 28.678422472222223 ], [ -82.117475527777771, 28.678153444444444 ], [ -82.118746194444441, 28.671618388888891 ], [ -82.117551027777765, 28.672149944444445 ], [ -82.116498222222219, 28.672795333333333 ], [ -82.11405475, 28.672900638888891 ], [ -82.112819777777773, 28.672713805555556 ], [ -82.111558277777775, 28.672048111111113 ], [ -82.11010802777777, 28.6704305 ], [ -82.109757027777775, 28.669005555555557 ], [ -82.109657638888876, 28.66720975 ], [ -82.11039919444444, 28.665857777777777 ], [ -82.111276472222215, 28.664499944444444 ], [ -82.111663805555551, 28.66412325 ], [ -82.112445055555554, 28.66348958333333 ], [ -82.113789166666663, 28.663191666666666 ], [ -82.11528225, 28.663127333333332 ], [ -82.116381388888882, 28.663319972222222 ], [ -82.117765305555551, 28.663740333333333 ], [ -82.11904, 28.664645416666666 ], [ -82.119195638888883, 28.664998722222222 ] ] } },
{ "type": "Feature", "properties": { "style": "solid", "thickness": 1 }, "geometry": { "type": "LineString", "coordinates": [ [ -81.969530416666672, 28.907918583333331 ], [ -81.979054138888884, 28.907519055555554 ], [ -81.971668861111112, 28.919707722222224 ], [ -81.970864944444443, 28.904862944444442 ] ] } },
{ "type": "Feature", "properties": { "style": "solid", "thickness": 1 }, "geometry": { "type": "LineString", "coordinates": [ [ -81.899422694444453, 28.904623638888886 ], [ -81.905681083333334, 28.90436436111111 ], [ -81.906967555555568, 28.897831861111111 ], [ -81.90576877777778, 28.8983615 ], [ -81.904712472222229, 28.899005194444445 ], [ -81.90226366666667, 28.899106666666665 ], [ -81.901026444444454, 28.898917972222222 ], [ -81.899763611111112, 28.89825036111111 ], [ -81.898313583333334, 28.89663061111111 ], [ -81.897964694444454, 28.89520525 ], [ -81.897868694444455, 28.893409444444444 ], [ -81.898614527777781, 28.89205875 ], [ -81.899496361111119, 28.89070238888889 ], [ -81.899885250000011, 28.890326333333334 ], [ -81.900669444444446, 28.889693944444446 ], [ -81.902016972222228, 28.88939813888889 ], [ -81.903513333333336, 28.88933613888889 ], [ -81.904614416666675, 28.889530472222223 ], [ -81.906000361111111, 28.889952944444445 ], [ -81.90727594444445, 28.890859944444443 ], [ -81.907431222222229, 28.891213444444443 ] ] } },
{ "type": "Feature", "properties": { "style": "solid", "thickness": 1 }, "geometry": { "type": "LineString", "coordinates": [ [ -81.949517972222225, 28.831038055555556 ], [ -81.951324527777786, 28.829162666666665 ], [ -81.952865555555562, 28.827418361111111 ], [ -81.95414108333334, 28.825805111111112 ], [ -81.954905111111117, 28.824813222222222 ], [ -81.955520222222219, 28.823587583333332 ], [ -81.9557275, 28.822379 ], [ -81.955805305555558, 28.821295833333334 ], [ -81.955689, 28.819140861111112 ], [ -81.955235944444453, 28.81831988888889 ], [ -81.954653444444446, 28.817624333333335 ], [ -81.954064472222228, 28.816809055555556 ], [ -81.951158111111113, 28.815970694444445 ], [ -81.94952686111111, 28.816038916666667 ], [ -81.947804861111109, 28.81695086111111 ], [ -81.947545888888897, 28.817201666666666 ], [ -81.946509972222231, 28.818204861111109 ], [ -81.946386944444441, 28.81845 ], [ -81.945933472222222, 28.820148805555554 ], [ -81.94599797222223, 28.821346 ], [ -81.946315027777786, 28.822172694444443 ], [ -81.946625611111116, 28.822879666666665 ], [ -81.947214555555561, 28.823694972222221 ], [ -81.948347305555558, 28.824487555555557 ], [ -81.949460722222227, 28.824920972222223 ], [ -81.950146916666668, 28.825012277777777 ], [ -81.951098555555561, 28.824972472222221 ], [ -81.951771833333339, 28.824824333333332 ], [ -81.954031277777787, 28.82376988888889 ], [ -81.95573397222222, 28.822498722222221 ] ] } },
{ "type": "Feature", "properties": { "style": "solid", "thickness": 1 }, "geometry": { "type": "LineString", "coordinates": [ [ -81.966831027777786, 28.78016236111111 ], [ -81.97634336111112, 28.779762944444442 ], [ -81.96896675, 28.791952027777779 ], [ -81.968164, 28.777106611111112 ] ] } },
{ "type": "Feature", "properties": { "style": "solid", "thickness": 1 }, "geometry": { "type": "LineString", "coordinates": [ [ -81.77984775, 28.87852925 ], [ -81.786104833333326, 28.878275388888888 ], [ -81.787398305555556, 28.871744 ], [ -81.78619925, 28.872272611111111 ], [ -81.785142472222219, 28.872915388888888 ], [ -81.782694166666673, 28.87301475 ], [ -81.7814575, 28.872824972222222 ], [ -81.78019575, 28.87215625 ], [ -81.778747888888887, 28.87053527777778 ], [ -81.77840066666667, 28.869109583333334 ], [ -81.778306722222226, 28.867313722222224 ], [ -81.779053861111109, 28.865963666666669 ], [ -81.779937, 28.864608083333334 ], [ -81.780326222222214, 28.864232361111114 ], [ -81.781110916666663, 28.86360063888889 ], [ -81.782458416666671, 28.863306027777778 ], [ -81.78395447222222, 28.863245305555559 ], [ -81.78505505555556, 28.863440583333336 ], [ -81.786440194444438, 28.863864277777779 ], [ -81.787714444444447, 28.864772388888891 ], [ -81.78786925, 28.86512602777778 ] ] } },
{ "type": "Feature", "properties": { "style": "solid", "thickness": 1 }, "geometry": { "type": "LineString", "coordinates": [ [ -81.8983465, 28.537289361111114 ], [ -81.900148916666666, 28.535414444444445 ], [ -81.901686500000011, 28.53367052777778 ], [ -81.90295925, 28.53205761111111 ], [ -81.903721611111123, 28.53106588888889 ], [ -81.904335611111122, 28.529840361111109 ], [ -81.904542861111111, 28.52863175 ], [ -81.904620944444446, 28.5275485 ], [ -81.904505916666679, 28.525393333333334 ], [ -81.9040545, 28.524572111111109 ], [ -81.903473888888897, 28.523876305555554 ], [ -81.902886888888901, 28.523060722222223 ], [ -81.899988888888899, 28.522221305555554 ], [ -81.898362111111112, 28.522288972222221 ], [ -81.896644388888902, 28.523200361111112 ], [ -81.89638602777778, 28.523451111111111 ], [ -81.8953525, 28.524454055555555 ], [ -81.895229694444453, 28.524699138888888 ], [ -81.894776722222232, 28.526397944444444 ], [ -81.8948405, 28.527595277777777 ], [ -81.89515630555556, 28.528422138888889 ], [ -81.895465722222227, 28.52912925 ], [ -81.89605269444445, 28.529944861111112 ], [ -81.897181972222228, 28.530737888888886 ], [ -81.898292111111118, 28.53117175 ], [ -81.898976388888897, 28.531263277777779 ], [ -81.899925444444449, 28.531223833333332 ], [ -81.900596944444445, 28.531075888888889 ], [ -81.902850666666666, 28.530022138888889 ], [ -81.90454925, 28.528751472222222 ] ] } },
{ "type": "Feature", "properties": { "style": "solid", "thickness": 1 }, "geometry": { "type": "LineString", "coordinates": [ [ -81.587983833333325, 28.749534805555555 ], [ -81.594233666666668, 28.749289611111113 ], [ -81.595537166666659, 28.742759888888891 ], [ -81.594338638888885, 28.743286833333336 ], [ -81.593282027777775, 28.743928166666667 ], [ -81.590836555555555, 28.744024138888889 ], [ -81.58960175, 28.74383263888889 ], [ -81.588342722222222, 28.743162194444444 ], [ -81.586899527777774, 28.741539166666669 ], [ -81.586555305555549, 28.740112972222224 ], [ -81.586464666666657, 28.738316944444446 ], [ -81.587213277777778, 28.736967888888891 ], [ -81.588097749999989, 28.7356135 ], [ -81.588487166666667, 28.735238305555555 ], [ -81.589272027777767, 28.734607666666669 ], [ -81.590618388888885, 28.734314888888889 ], [ -81.592112722222211, 28.73425625 ], [ -81.593211583333328, 28.734453055555555 ], [ -81.594594277777773, 28.734878666666667 ], [ -81.595865333333322, 28.735788527777778 ], [ -81.596019333333331, 28.736142416666667 ] ] } },
{ "type": "Feature", "properties": { "style": "solid", "thickness": 1 }, "geometry": { "type": "LineString", "coordinates": [ [ -81.54110991666667, 28.691992805555557 ], [ -81.550615555555552, 28.69162275 ], [ -81.543196944444446, 28.703788833333334 ], [ -81.542453861111113, 28.688941222222223 ] ] } },
{ "type": "Feature", "properties": { "style": "solid", "thickness": 1 }, "geometry": { "type": "LineString", "coordinates": [ [ -81.582365027777769, 28.144511555555557 ], [ -81.580338444444436, 28.144591527777777 ], [ -81.579592861111109, 28.129741944444444 ] ] } },
{ "type": "Feature", "properties": { "style": "solid", "thickness": 1 }, "geometry": { "type": "LineString", "coordinates": [ [ -81.573249888888881, 28.140911277777779 ], [ -81.573285916666663, 28.141629805555556 ], [ -81.57305775, 28.14247875 ], [ -81.572571388888889, 28.143577833333332 ], [ -81.572067, 28.144317638888889 ], [ -81.571280361111107, 28.144828583333332 ], [ -81.570211527777772, 28.145110666666667 ], [ -81.56818494444444, 28.145190472222222 ], [ -81.566686777777775, 28.145009444444444 ], [ -81.56599325, 28.14467675 ], [ -81.565005527777771, 28.143875694444443 ], [ -81.564705333333336, 28.143287527777776 ], [ -81.564387166666663, 28.142340138888887 ], [ -81.56429125, 28.140424055555556 ], [ -81.564525472222215, 28.13969488888889 ], [ -81.56561541666666, 28.137132194444444 ], [ -81.567152611111112, 28.135391833333333 ], [ -81.569605361111101, 28.133015416666666 ], [ -81.572562333333323, 28.129899138888888 ], [ -81.564051833333338, 28.130234222222224 ] ] } },
{ "type": "Feature", "properties": { "style": "solid", "thickness": 1 }, "geometry": { "type": "LineString", "coordinates": [ [ -81.842622138888885, 28.174600444444447 ], [ -81.84441938888888, 28.172726027777777 ], [ -81.845952638888889, 28.170982527777777 ], [ -81.847221916666669, 28.169369944444444 ], [ -81.847982194444441, 28.168378444444446 ], [ -81.848594694444444, 28.167153027777779 ], [ -81.848801833333326, 28.165944388888889 ], [ -81.84888016666666, 28.164861083333331 ], [ -81.848766555555557, 28.162705666666664 ], [ -81.848317055555555, 28.16188422222222 ], [ -81.847738722222218, 28.161188138888889 ], [ -81.847154083333322, 28.160372277777775 ], [ -81.844266222222217, 28.159531694444443 ], [ -81.842644861111111, 28.15959875 ], [ -81.8409325, 28.160509583333333 ], [ -81.840674861111111, 28.16076025 ], [ -81.839644333333325, 28.161762888888887 ], [ -81.839521833333322, 28.162007944444444 ], [ -81.839069555555554, 28.163706722222219 ], [ -81.839132555555551, 28.164904194444443 ], [ -81.839446888888887, 28.16573125 ], [ -81.839754944444437, 28.166438555555555 ], [ -81.840339555555545, 28.167254416666669 ], [ -81.841464666666667, 28.168047972222222 ], [ -81.842570861111113, 28.16848225 ], [ -81.843252805555551, 28.168574055555556 ], [ -81.844198694444444, 28.168534944444446 ], [ -81.844868, 28.168387277777779 ], [ -81.847114638888883, 28.16733427777778 ], [ -81.848808138888884, 28.166064138888888 ] ] } },
{ "type": "Feature", "properties": { "style": "solid", "thickness": 1 }, "geometry": { "type": "LineString", "coordinates": [ [ -81.89749425, 28.167209194444446 ], [ -81.887089861111122, 28.167643083333335 ], [ -81.89357866666667, 28.152131416666666 ] ] } },
{ "type": "Feature", "properties": { "style": "solid", "thickness": 1 }, "geometry": { "type": "LineString", "coordinates": [ [ -81.837538777777766, 28.100150472222225 ], [ -81.827140638888892, 28.100579944444444 ], [ -81.83363386111111, 28.085070916666666 ] ] } },
{ "type": "Feature", "properties": { "style": "solid", "thickness": 1 }, "geometry": { "type": "LineString", "coordinates": [ [ -82.054143888888888, 28.094516777777777 ], [ -82.043747, 28.094962527777778 ], [ -82.050209055555555, 28.079443083333334 ] ] } },
{ "type": "Feature", "properties": { "style": "solid", "thickness": 1 }, "geometry": { "type": "LineString", "coordinates": [ [ -81.810380916666659, 28.203022944444445 ], [ -81.816598694444437, 28.202767305555554 ], [ -81.817881694444438, 28.196234333333333 ], [ -81.816690333333327, 28.19676336111111 ], [ -81.815640444444441, 28.197406555555556 ], [ -81.8132075, 28.197506611111113 ], [ -81.8119785, 28.197317138888888 ], [ -81.810724416666659, 28.196648666666668 ], [ -81.809285027777776, 28.195027777777778 ], [ -81.8089395, 28.193601916666665 ], [ -81.808845472222217, 28.19180575 ], [ -81.809587472222219, 28.190455222222223 ], [ -81.810464583333328, 28.189099138888889 ], [ -81.810851222222226, 28.188723222222222 ], [ -81.811630777777779, 28.188091166666666 ], [ -81.81296975, 28.187796111111112 ], [ -81.814456388888885, 28.187734972222223 ], [ -81.815550138888881, 28.187929972222221 ], [ -81.81692675, 28.188353361111112 ], [ -81.818193333333326, 28.189261277777778 ], [ -81.818347333333335, 28.189614944444443 ] ] } },
{ "type": "Feature", "properties": { "style": "solid", "thickness": 1 }, "geometry": { "type": "LineString", "coordinates": [ [ -82.066805472222214, 28.217745527777776 ], [ -82.062885333333327, 28.217913833333331 ], [ -82.060752916666658, 28.216085083333333 ], [ -82.060443277777779, 28.215378277777777 ], [ -82.060140194444443, 28.214791194444444 ], [ -82.060061638888882, 28.213354361111112 ], [ -82.060543416666661, 28.212253527777776 ], [ -82.0612955, 28.211141111111111 ], [ -82.062080305555554, 28.210627361111111 ], [ -82.062601333333333, 28.210244944444444 ], [ -82.063663027777778, 28.209839333333331 ], [ -82.066096027777775, 28.209734861111109 ], [ -82.06719702777778, 28.210047638888888 ], [ -82.068040805555555, 28.210611472222222 ], [ -82.068762555555551, 28.211420583333332 ], [ -82.0692205, 28.212361027777778 ], [ -82.069401583333331, 28.21319338888889 ], [ -82.069467138888882, 28.214390722222223 ], [ -82.06936475, 28.214995222222221 ], [ -82.068998583333325, 28.215731055555555 ], [ -82.068477555555546, 28.2161135 ], [ -82.066805472222214, 28.217745527777776 ], [ -82.068074527777767, 28.218651166666664 ], [ -82.068802861111109, 28.21958 ], [ -82.069106, 28.220167083333333 ], [ -82.069210916666663, 28.222082833333332 ], [ -82.068613694444437, 28.223548694444442 ], [ -82.068227805555551, 28.22392533333333 ], [ -82.067037361111105, 28.224456527777775 ], [ -82.066245916666659, 28.224850555555555 ], [ -82.0644885, 28.224926027777776 ], [ -82.063252166666658, 28.224619027777777 ], [ -82.061422722222218, 28.223377361111108 ], [ -82.06111961111111, 28.222790277777776 ], [ -82.061001722222215, 28.220635027777774 ], [ -82.061341805555557, 28.219420277777775 ], [ -82.061470416666666, 28.21929475 ], [ -82.062120111111113, 28.218786805555553 ], [ -82.062885333333327, 28.217913833333331 ] ] } },
{ "type": "Feature", "properties": { "style": "solid", "thickness": 1 }, "geometry": { "type": "LineString", "coordinates": [ [ -81.865877888888889, 26.521898333333333 ], [ -81.867647833333322, 26.520023083333331 ], [ -81.869157722222212, 26.51827886111111 ], [ -81.870407583333332, 26.516665638888888 ], [ -81.871156222222211, 26.515673722222221 ], [ -81.871759194444437, 26.514447944444445 ], [ -81.871962805555555, 26.513239055555555 ], [ -81.872039583333333, 26.512155583333332 ], [ -81.871926861111106, 26.509999861111112 ], [ -81.871483666666663, 26.509178416666668 ], [ -81.870913638888879, 26.50848238888889 ], [ -81.870337361111098, 26.507666583333332 ], [ -81.867491944444438, 26.50682675 ], [ -81.865894611111102, 26.506894305555555 ], [ -81.864207944444445, 26.507805805555556 ], [ -81.863954222222219, 26.508056583333332 ], [ -81.86293933333333, 26.509059666666666 ], [ -81.862818722222215, 26.509304833333335 ], [ -81.862373805555549, 26.511004 ], [ -81.862436305555548, 26.512201611111109 ], [ -81.862746333333334, 26.513028694444444 ], [ -81.863050083333334, 26.513736027777778 ], [ -81.863626333333329, 26.514551861111112 ], [ -81.864735083333329, 26.515345166666666 ], [ -81.865825083333334, 26.515779194444445 ], [ -81.866496944444435, 26.515870833333334 ], [ -81.867428805555548, 26.515831416666668 ], [ -81.868088166666666, 26.5156835 ], [ -81.870301138888877, 26.514629666666668 ], [ -81.871969083333326, 26.513358833333335 ] ] } },
{ "type": "Feature", "properties": { "style": "solid", "thickness": 1 }, "geometry": { "type": "LineString", "coordinates": [ [ -82.103771583333327, 26.644145833333333 ], [ -82.105539555555552, 26.642267555555556 ], [ -82.10704741666666, 26.64052072222222 ], [ -82.108295277777771, 26.63890536111111 ], [ -82.109042666666667, 26.637912194444443 ], [ -82.109643722222216, 26.636685361111109 ], [ -82.109845027777766, 26.63547611111111 ], [ -82.10991961111111, 26.634392472222221 ], [ -82.10980225, 26.632236916666667 ], [ -82.10935686111111, 26.631416222222224 ], [ -82.10878475, 26.630721138888891 ], [ -82.108206138888889, 26.629906277777778 ], [ -82.105355833333334, 26.62907125 ], [ -82.103756888888881, 26.6291415 ], [ -82.10207025, 26.63005588888889 ], [ -82.101816805555544, 26.630307083333335 ], [ -82.100802888888879, 26.631311944444445 ], [ -82.100682666666657, 26.631557305555557 ], [ -82.100240805555543, 26.63325725 ], [ -82.100305916666656, 26.634454777777776 ], [ -82.100618, 26.635281361111112 ], [ -82.100923555555553, 26.635988166666667 ], [ -82.101502166666663, 26.636803055555553 ], [ -82.102613777777776, 26.6375945 ], [ -82.103705888888882, 26.638026694444445 ], [ -82.104378694444435, 26.638117166666667 ], [ -82.105311472222212, 26.638076194444444 ], [ -82.10597125, 26.637927166666667 ], [ -82.108184444444433, 26.636869555555556 ], [ -82.109851555555551, 26.63559586111111 ] ] } },
{ "type": "Feature", "properties": { "style": "solid", "thickness": 1 }, "geometry": { "type": "LineString", "coordinates": [ [ -81.863118583333332, 26.710413166666665 ], [ -81.864891555555545, 26.708537972222221 ], [ -81.866404055555549, 26.706793777777776 ], [ -81.867656055555543, 26.705180611111111 ], [ -81.868406, 26.70418872222222 ], [ -81.869010055555549, 26.70296297222222 ], [ -81.869214055555545, 26.701754083333334 ], [ -81.869290972222217, 26.700670583333334 ], [ -81.869178166666657, 26.698514861111111 ], [ -81.868734277777776, 26.697693416666667 ], [ -81.868163333333328, 26.696997361111112 ], [ -81.867586138888882, 26.696181527777778 ], [ -81.864736, 26.695341583333335 ], [ -81.86313597222221, 26.695409083333335 ], [ -81.861446444444439, 26.696320527777779 ], [ -81.861192305555548, 26.696571277777778 ], [ -81.860175666666663, 26.697574361111112 ], [ -81.860054861111109, 26.6978195 ], [ -81.859609111111112, 26.699518666666666 ], [ -81.859671666666657, 26.700716305555556 ], [ -81.859982166666654, 26.701543388888886 ], [ -81.860286388888881, 26.702250722222221 ], [ -81.860863583333327, 26.703066583333332 ], [ -81.861974138888883, 26.703859944444442 ], [ -81.863065944444443, 26.704294 ], [ -81.863738944444435, 26.704385666666667 ], [ -81.864672361111104, 26.704346277777777 ], [ -81.865332805555553, 26.704198388888887 ], [ -81.867549527777769, 26.703144638888887 ], [ -81.869220333333331, 26.701873833333334 ] ] } },
{ "type": "Feature", "properties": { "style": "solid", "thickness": 1 }, "geometry": { "type": "LineString", "coordinates": [ [ -81.764815083333332, 26.725592166666665 ], [ -81.766589916666661, 26.72371825 ], [ -81.768104111111114, 26.721975138888887 ], [ -81.769357694444437, 26.720362861111109 ], [ -81.770108611111112, 26.719371527777778 ], [ -81.770713805555559, 26.718146194444444 ], [ -81.770918888888886, 26.71693747222222 ], [ -81.770996777777782, 26.715854055555553 ], [ -81.770885833333338, 26.71369825 ], [ -81.770442611111108, 26.7128765 ], [ -81.769872194444446, 26.712180055555553 ], [ -81.769295638888892, 26.711363833333333 ], [ -81.766445861111109, 26.710521861111111 ], [ -81.764845611111113, 26.71058825 ], [ -81.763155055555558, 26.711498472222221 ], [ -81.762900666666667, 26.711749055555554 ], [ -81.761883027777785, 26.712751416666666 ], [ -81.761761972222217, 26.712996472222223 ], [ -81.761314694444451, 26.714695305555555 ], [ -81.761376222222225, 26.715892972222221 ], [ -81.761686027777785, 26.716720277777775 ], [ -81.761989666666665, 26.717427805555555 ], [ -81.762566222222219, 26.718244083333332 ], [ -81.763676222222216, 26.71903822222222 ], [ -81.764767777777777, 26.719473055555554 ], [ -81.765440777777783, 26.719565166666666 ], [ -81.766374333333331, 26.719526444444444 ], [ -81.76703502777778, 26.719379027777777 ], [ -81.769252944444446, 26.718326833333332 ], [ -81.770925055555551, 26.71705725 ] ] } },
{ "type": "Feature", "properties": { "style": "solid", "thickness": 1 }, "geometry": { "type": "LineString", "coordinates": [ [ -81.513231805555549, 26.958243222222222 ], [ -81.522587916666666, 26.957872944444443 ], [ -81.515286111111109, 26.970042638888888 ], [ -81.514554583333336, 26.95519072222222 ] ] } },
{ "type": "Feature", "properties": { "style": "solid", "thickness": 1 }, "geometry": { "type": "LineString", "coordinates": [ [ -81.864607, 26.972436055555555 ], [ -81.870755527777774, 26.972177305555554 ], [ -81.87202025, 26.965642611111111 ], [ -81.870842472222222, 26.966172305555556 ], [ -81.869804611111107, 26.966816138888888 ], [ -81.867398777777765, 26.966917416666664 ], [ -81.866183305555552, 26.9667285 ], [ -81.86494275, 26.966060527777778 ], [ -81.863518361111105, 26.964440083333333 ], [ -81.863175777777769, 26.963014166666667 ], [ -81.863081694444432, 26.961217722222223 ], [ -81.863814583333323, 26.95986661111111 ], [ -81.864681111111111, 26.958509888888887 ], [ -81.865063222222219, 26.958133722222222 ], [ -81.86583375, 26.957501166666667 ], [ -81.867157638888884, 26.957205416666667 ], [ -81.868627749999987, 26.957143527777777 ], [ -81.869709472222212, 26.957338055555553 ], [ -81.871071055555547, 26.957760805555555 ], [ -81.872324111111098, 26.95866825 ], [ -81.872476611111111, 26.959021916666664 ] ] } },
{ "type": "Feature", "properties": { "style": "solid", "thickness": 1 }, "geometry": { "type": "LineString", "coordinates": [ [ -82.508397166666668, 27.497822305555555 ], [ -82.510171916666664, 27.495938972222223 ], [ -82.511685083333333, 27.494187861111111 ], [ -82.512936694444448, 27.492568944444447 ], [ -82.51368625, 27.491573638888891 ], [ -82.5142875, 27.490345111111111 ], [ -82.514486, 27.489135333333333 ], [ -82.514557222222223, 27.4880515 ], [ -82.514431166666668, 27.485896361111113 ], [ -82.513979416666672, 27.485077 ], [ -82.513400388888883, 27.484383583333333 ], [ -82.512814388888884, 27.483570444444446 ], [ -82.509939166666669, 27.482743694444444 ], [ -82.508328166666672, 27.48281858333333 ], [ -82.50663188888889, 27.48373777777778 ], [ -82.506377388888893, 27.483989722222223 ], [ -82.505359333333331, 27.484997472222222 ], [ -82.505239055555549, 27.485243166666667 ], [ -82.504799944444443, 27.486944333333334 ], [ -82.504869861111118, 27.488141638888891 ], [ -82.505187333333339, 27.488967277777778 ], [ -82.505497805555549, 27.489673194444446 ], [ -82.506083777777775, 27.490486361111113 ], [ -82.507206805555555, 27.491274555555556 ], [ -82.508308861111118, 27.491703583333333 ], [ -82.508987166666671, 27.491792111111113 ], [ -82.509926972222218, 27.491748416666667 ], [ -82.510591277777777, 27.4915975 ], [ -82.512817666666663, 27.490533527777778 ], [ -82.514493, 27.489255055555557 ] ] } },
{ "type": "Feature", "properties": { "style": "solid", "thickness": 1 }, "geometry": { "type": "LineString", "coordinates": [ [ -82.307750333333331, 27.095308083333332 ], [ -82.309522027777774, 27.09342725 ], [ -82.311032861111102, 27.09167825 ], [ -82.312282833333327, 27.090061083333332 ], [ -82.313031444444448, 27.089066833333334 ], [ -82.31363275, 27.087839111111109 ], [ -82.313832694444443, 27.08662958333333 ], [ -82.31390561111111, 27.085545833333331 ], [ -82.313783888888892, 27.083390444444444 ], [ -82.313335222222221, 27.08257038888889 ], [ -82.312759555555559, 27.081876138888887 ], [ -82.312177138888885, 27.081062138888889 ], [ -82.309313833333334, 27.08023125 ], [ -82.30770855555555, 27.080303805555555 ], [ -82.306016777777771, 27.08122061111111 ], [ -82.305762722222212, 27.081472194444444 ], [ -82.30474652777778, 27.0824785 ], [ -82.304626277777771, 27.082724027777779 ], [ -82.304185694444442, 27.084424638888887 ], [ -82.304253194444442, 27.085622083333334 ], [ -82.304568027777776, 27.086448194444444 ], [ -82.304876111111113, 27.087154555555554 ], [ -82.3054585, 27.087968611111108 ], [ -82.306576055555553, 27.088758444444444 ], [ -82.307673333333327, 27.089189055555554 ], [ -82.30834902777778, 27.089278555555556 ], [ -82.3092855, 27.089236222222222 ], [ -82.309947666666659, 27.08908625 ], [ -82.312167888888879, 27.088025444444444 ], [ -82.31383944444444, 27.086749333333334 ] ] } },
{ "type": "Feature", "properties": { "style": "solid", "thickness": 1 }, "geometry": { "type": "LineString", "coordinates": [ [ -82.394815277777781, 27.092309777777775 ], [ -82.38451394444445, 27.092781444444444 ], [ -82.390868888888889, 27.07724375 ] ] } },
{ "type": "Feature", "properties": { "style": "solid", "thickness": 1 }, "geometry": { "type": "LineString", "coordinates": [ [ -82.387904944444458, 27.149397361111109 ], [ -82.377598277777764, 27.1498685 ], [ -82.3839575, 27.134331194444442 ] ] } },
{ "type": "Feature", "properties": { "style": "solid", "thickness": 1 }, "geometry": { "type": "LineString", "coordinates": [ [ -82.45209525, 27.169423194444445 ], [ -82.453865694444445, 27.167540527777778 ], [ -82.455375277777776, 27.165789972222221 ], [ -82.456623972222232, 27.1641715 ], [ -82.457371805555553, 27.163176472222222 ], [ -82.457971916666665, 27.161948138888889 ], [ -82.458170416666675, 27.160738416666664 ], [ -82.458242, 27.159654583333332 ], [ -82.458117416666667, 27.15749933333333 ], [ -82.457667388888893, 27.15667975 ], [ -82.457090444444447, 27.155986083333332 ], [ -82.456506555555563, 27.155172694444442 ], [ -82.453640277777779, 27.15434475 ], [ -82.452034, 27.154419 ], [ -82.450342277777779, 27.155337555555555 ], [ -82.450088416666674, 27.155589388888888 ], [ -82.449072861111119, 27.15659675 ], [ -82.448952805555564, 27.156842416666667 ], [ -82.448514138888896, 27.158543444444444 ], [ -82.44858325, 27.159740833333331 ], [ -82.448899361111117, 27.160566611111111 ], [ -82.449208555555558, 27.161272666666665 ], [ -82.449792388888895, 27.162086083333332 ], [ -82.450911694444443, 27.162874777777777 ], [ -82.452010277777774, 27.16330425 ], [ -82.452686527777786, 27.163393055555556 ], [ -82.453623583333339, 27.16334975 ], [ -82.454286, 27.163199083333332 ], [ -82.456506333333337, 27.16213597222222 ], [ -82.458177361111112, 27.160858138888887 ] ] } },
{ "type": "Feature", "properties": { "style": "solid", "thickness": 1 }, "geometry": { "type": "LineString", "coordinates": [ [ -81.589211583333324, 28.578322722222222 ], [ -81.587176861111104, 28.578402694444446 ], [ -81.58642827777777, 28.563554694444445 ] ] } },
{ "type": "Feature", "properties": { "style": "solid", "thickness": 1 }, "geometry": { "type": "LineString", "coordinates": [ [ -81.570435361111109, 28.569821111111111 ], [ -81.570615916666668, 28.573413388888888 ], [ -81.571125194444434, 28.575433055555557 ], [ -81.571444638888892, 28.576380388888889 ], [ -81.571887694444442, 28.577082888888889 ], [ -81.57358775, 28.578456 ], [ -81.57524566666666, 28.578990916666665 ], [ -81.575788277777775, 28.578969638888889 ], [ -81.577385944444444, 28.578307111111112 ], [ -81.57880575, 28.576811666666668 ], [ -81.579312166666668, 28.576071944444443 ], [ -81.579535222222219, 28.575103361111111 ], [ -81.579839666666658, 28.573051777777778 ], [ -81.579658805555553, 28.5694595 ], [ -81.579149416666667, 28.567439861111112 ], [ -81.578829916666663, 28.566492555555556 ], [ -81.578251194444434, 28.56579538888889 ], [ -81.576686916666659, 28.564417027777779 ], [ -81.575029222222213, 28.563882138888889 ], [ -81.574486694444445, 28.563903388888889 ], [ -81.572889222222216, 28.564565916666666 ], [ -81.571333861111114, 28.566066611111111 ], [ -81.570963083333325, 28.566801 ], [ -81.570739944444441, 28.567769555555554 ], [ -81.570435361111109, 28.569821111111111 ] ] } },
{ "type": "Feature", "properties": { "style": "solid", "thickness": 1 }, "geometry": { "type": "LineString", "coordinates": [ [ -81.439376527777782, 28.578891388888888 ], [ -81.428931083333339, 28.579290166666667 ], [ -81.435511194444445, 28.563802833333334 ] ] } },
{ "type": "Feature", "properties": { "style": "solid", "thickness": 1 }, "geometry": { "type": "LineString", "coordinates": [ [ -81.297650805555548, 28.194762944444445 ], [ -81.299457694444442, 28.192895777777778 ], [ -81.300999888888882, 28.191158472222224 ], [ -81.302277416666669, 28.189551 ], [ -81.30304275, 28.188562583333333 ], [ -81.3036615, 28.187339694444443 ], [ -81.30387475, 28.186131944444444 ], [ -81.30395852777778, 28.185049055555556 ], [ -81.30385575, 28.182893361111113 ], [ -81.303410305555559, 28.182070194444446 ], [ -81.302835416666667, 28.181371861111113 ], [ -81.302254833333336, 28.180553777777778 ], [ -81.299370888888888, 28.179701861111113 ], [ -81.297749, 28.1797625 ], [ -81.29603183333333, 28.1806665 ], [ -81.295772916666664, 28.180916111111113 ], [ -81.29473725, 28.181914611111111 ], [ -81.294613472222224, 28.182159194444445 ], [ -81.294152611111116, 28.183856027777779 ], [ -81.294209611111114, 28.185053638888888 ], [ -81.294519833333325, 28.18588188888889 ], [ -81.294824361111111, 28.186590333333335 ], [ -81.295404916666669, 28.187408472222224 ], [ -81.296526166666666, 28.18820638888889 ], [ -81.297630305555558, 28.188645027777778 ], [ -81.298311861111102, 28.188739527777777 ], [ -81.299258027777782, 28.188704138888887 ], [ -81.29992816666666, 28.188559111111111 ], [ -81.302180388888885, 28.187515083333334 ], [ -81.303880444444445, 28.186251722222224 ] ] } },
{ "type": "Feature", "properties": { "style": "solid", "thickness": 1 }, "geometry": { "type": "LineString", "coordinates": [ [ -82.164092305555556, 28.437735277777779 ], [ -82.170322916666677, 28.43746375 ], [ -82.171587444444455, 28.43092775 ], [ -82.170395194444453, 28.431459805555555 ], [ -82.16934508333334, 28.432105666666668 ], [ -82.166907138888888, 28.432211916666667 ], [ -82.165674833333341, 28.432025583333335 ], [ -82.164415805555564, 28.431360333333334 ], [ -82.162968, 28.429743166666668 ], [ -82.162617055555557, 28.42831827777778 ], [ -82.162516972222221, 28.426522388888891 ], [ -82.163256194444443, 28.425170027777778 ], [ -82.164130805555558, 28.42381175 ], [ -82.164517083333337, 28.423434888888892 ], [ -82.165296277777784, 28.422800861111114 ], [ -82.166637222222235, 28.422502388888891 ], [ -82.168126944444452, 28.422437472222224 ], [ -82.169223722222227, 28.422629666666669 ], [ -82.17060475000001, 28.423049527777778 ], [ -82.171877055555555, 28.423954166666668 ], [ -82.172032527777787, 28.424307444444445 ] ] } },
{ "type": "Feature", "properties": { "style": "solid", "thickness": 1 }, "geometry": { "type": "LineString", "coordinates": [ [ -82.192691416666676, 28.199120888888888 ], [ -82.202151722222226, 28.198705527777779 ], [ -82.19484083333333, 28.210908972222221 ], [ -82.194010694444444, 28.19606238888889 ] ] } },
{ "type": "Feature", "properties": { "style": "solid", "thickness": 1 }, "geometry": { "type": "LineString", "coordinates": [ [ -82.256400555555558, 28.43748675 ], [ -82.25247269444445, 28.437660416666667 ], [ -82.250332722222225, 28.435834638888888 ], [ -82.250021222222216, 28.435128277777778 ], [ -82.249716472222218, 28.434541638888888 ], [ -82.24963525, 28.433105 ], [ -82.250116083333339, 28.432003555555557 ], [ -82.250867777777785, 28.430890166666668 ], [ -82.25165330555555, 28.430375361111111 ], [ -82.252174722222222, 28.42999225 ], [ -82.25323788888889, 28.429585194444446 ], [ -82.255675666666662, 28.429477416666668 ], [ -82.25677947222222, 28.429788666666667 ], [ -82.257625972222229, 28.430351333333334 ], [ -82.258350583333339, 28.431159416666667 ], [ -82.258811111111115, 28.432099194444447 ], [ -82.258994, 28.43293125 ], [ -82.259061805555561, 28.434128472222223 ], [ -82.25896025, 28.434733055555554 ], [ -82.258594611111107, 28.43546936111111 ], [ -82.258073194444449, 28.4358525 ], [ -82.256400555555558, 28.43748675 ], [ -82.25767375, 28.43839061111111 ], [ -82.25840519444445, 28.439318416666666 ], [ -82.25871, 28.43990502777778 ], [ -82.258818472222217, 28.441820555555555 ], [ -82.258222555555562, 28.443287166666668 ], [ -82.257836555555556, 28.443664305555554 ], [ -82.256644611111113, 28.444197111111112 ], [ -82.255852222222217, 28.444592194444446 ], [ -82.254091333333335, 28.444670055555555 ], [ -82.252851944444444, 28.444364777777778 ], [ -82.251016583333339, 28.443125666666667 ], [ -82.250711833333327, 28.442539027777777 ], [ -82.250589972222215, 28.440384055555555 ], [ -82.250928611111107, 28.43916888888889 ], [ -82.251057277777775, 28.439043166666668 ], [ -82.251707416666662, 28.43853436111111 ], [ -82.25247269444445, 28.437660416666667 ] ] } },
{ "type": "Feature", "properties": { "style": "solid", "thickness": 1 }, "geometry": { "type": "LineString", "coordinates": [ [ -82.183708027777783, 28.045394083333335 ], [ -82.189916027777784, 28.045121583333334 ], [ -82.191174638888896, 28.03858475 ], [ -82.189986833333336, 28.039117055555558 ], [ -82.188940638888894, 28.03976313888889 ], [ -82.186511555555555, 28.039869805555558 ], [ -82.18528363888889, 28.039683638888892 ], [ -82.184029055555555, 28.039018527777781 ], [ -82.182586138888894, 28.037401444444445 ], [ -82.182236194444442, 28.035976472222224 ], [ -82.18213611111112, 28.034180444444445 ], [ -82.182872361111123, 28.032827833333332 ], [ -82.183743555555566, 28.031469305555554 ], [ -82.184128361111121, 28.031092333333333 ], [ -82.184904611111108, 28.030458111111109 ], [ -82.18624063888889, 28.030159416666667 ], [ -82.187724944444454, 28.03009425 ], [ -82.188817805555558, 28.030286305555556 ], [ -82.190193916666672, 28.030705972222222 ], [ -82.191461805555562, 28.0316105 ], [ -82.191616805555554, 28.031963777777776 ] ] } },
{ "type": "Feature", "properties": { "style": "solid", "thickness": 1 }, "geometry": { "type": "LineString", "coordinates": [ [ -82.387662111111112, 28.015785333333334 ], [ -82.39710575, 28.015356555555556 ], [ -82.389829138888899, 28.027570888888889 ], [ -82.388973666666672, 28.012724833333333 ] ] } },
{ "type": "Feature", "properties": { "style": "solid", "thickness": 1 }, "geometry": { "type": "LineString", "coordinates": [ [ -82.30093161111111, 27.988753944444447 ], [ -82.307136111111106, 27.988476138888888 ], [ -82.308387027777769, 27.981938166666666 ], [ -82.30720041666666, 27.982471472222219 ], [ -82.306155444444443, 27.983118444444443 ], [ -82.30372772222222, 27.983227166666666 ], [ -82.30250025, 27.983042055555554 ], [ -82.301245611111113, 27.982378 ], [ -82.29980169444444, 27.980762138888888 ], [ -82.299450388888886, 27.979337416666667 ], [ -82.29934841666666, 27.977541444444444 ], [ -82.300082833333335, 27.976188194444443 ], [ -82.300952111111101, 27.974828888888887 ], [ -82.301336305555552, 27.97445158333333 ], [ -82.302111472222222, 27.973816722222221 ], [ -82.3034465, 27.973516861111108 ], [ -82.304929972222226, 27.973450444444442 ], [ -82.306022472222224, 27.973641583333333 ], [ -82.307398305555552, 27.974060083333331 ], [ -82.308666527777774, 27.974963555555554 ], [ -82.308821805555553, 27.975316694444444 ] ] } },
{ "type": "Feature", "properties": { "style": "solid", "thickness": 1 }, "geometry": { "type": "LineString", "coordinates": [ [ -82.309170222222221, 28.034930138888889 ], [ -82.315377361111103, 28.034651972222225 ], [ -82.316628333333327, 28.028113972222222 ], [ -82.315441222222219, 28.028647361111108 ], [ -82.314395888888882, 28.029294388888889 ], [ -82.311967138888889, 28.02940325 ], [ -82.310739138888891, 28.029218222222223 ], [ -82.309483888888892, 28.02855425 ], [ -82.30803925, 28.02693847222222 ], [ -82.307687666666666, 28.025513777777778 ], [ -82.307585527777775, 28.023717833333333 ], [ -82.308320166666661, 28.022364555555555 ], [ -82.309189694444441, 28.021005222222222 ], [ -82.309574027777771, 28.020627888888889 ], [ -82.3103495, 28.019992972222223 ], [ -82.311685055555557, 28.019693055555553 ], [ -82.313169166666668, 28.019626527777778 ], [ -82.314262138888893, 28.019817611111112 ], [ -82.315638583333325, 28.020236027777777 ], [ -82.316907416666666, 28.021139416666667 ], [ -82.317062805555551, 28.021492555555554 ] ] } },
{ "type": "Feature", "properties": { "style": "solid", "thickness": 1 }, "geometry": { "type": "LineString", "coordinates": [ [ -82.358039166666657, 28.164529222222221 ], [ -82.367495861111109, 28.164102527777775 ], [ -82.360205888888885, 28.176314861111113 ], [ -82.359353361111104, 28.16146911111111 ] ] } },
{ "type": "Feature", "properties": { "style": "solid", "thickness": 1 }, "geometry": { "type": "LineString", "coordinates": [ [ -82.359723972222213, 28.33466525 ], [ -82.36151497222221, 28.332784166666666 ], [ -82.363042194444432, 28.331034972222223 ], [ -82.364305666666667, 28.329417666666668 ], [ -82.3650623611111, 28.328423333333333 ], [ -82.365669944444434, 28.327195638888888 ], [ -82.365871638888876, 28.32598625 ], [ -82.365944888888876, 28.324902694444443 ], [ -82.365820861111104, 28.32274775 ], [ -82.36536675, 28.321928 ], [ -82.364784222222212, 28.321234055555557 ], [ -82.364194833333329, 28.320420416666668 ], [ -82.361298638888883, 28.319590666666667 ], [ -82.359675166666662, 28.319663777777777 ], [ -82.357964583333327, 28.320581 ], [ -82.357707749999989, 28.320832611111111 ], [ -82.356680472222223, 28.321839083333334 ], [ -82.356558944444444, 28.322084611111112 ], [ -82.356114083333324, 28.323785055555554 ], [ -82.356182888888881, 28.32498225 ], [ -82.356501666666659, 28.325808111111112 ], [ -82.356813555555547, 28.32651425 ], [ -82.357402916666658, 28.327327916666665 ], [ -82.3585335, 28.32811725 ], [ -82.359643444444444, 28.328547388888889 ], [ -82.360326833333332, 28.328636638888888 ], [ -82.361273944444434, 28.328594 ], [ -82.361943555555555, 28.328443805555555 ], [ -82.364188555555543, 28.327382444444446 ], [ -82.365878527777767, 28.326105972222223 ] ] } },
{ "type": "Feature", "properties": { "style": "solid", "thickness": 1 }, "geometry": { "type": "LineString", "coordinates": [ [ -82.418228361111119, 28.455161416666666 ], [ -82.427710277777777, 28.454730666666666 ], [ -82.420407416666677, 28.466945305555555 ], [ -82.419544388888895, 28.452100972222222 ] ] } },
{ "type": "Feature", "properties": { "style": "solid", "thickness": 1 }, "geometry": { "type": "LineString", "coordinates": [ [ -82.605614861111107, 28.295905555555557 ], [ -82.611836166666663, 28.295614083333334 ], [ -82.613072277777775, 28.28907377777778 ], [ -82.61188380555555, 28.289609666666667 ], [ -82.610837694444442, 28.290258916666669 ], [ -82.608403388888888, 28.290373 ], [ -82.607171916666658, 28.290190583333334 ], [ -82.605911833333323, 28.289529361111114 ], [ -82.604459305555551, 28.287916777777781 ], [ -82.604103, 28.286492916666667 ], [ -82.603995694444436, 28.284697305555557 ], [ -82.60472841666666, 28.28334252777778 ], [ -82.605596333333324, 28.281981388888887 ], [ -82.605980555555547, 28.281603277777776 ], [ -82.606756138888883, 28.280966722222221 ], [ -82.6080941111111, 28.280663944444445 ], [ -82.609581583333323, 28.28059425 ], [ -82.610677722222221, 28.280782972222223 ], [ -82.612058638888882, 28.281198416666665 ], [ -82.613333, 28.282099027777775 ], [ -82.613489722222212, 28.282451805555553 ] ] } },
{ "type": "Feature", "properties": { "style": "solid", "thickness": 1 }, "geometry": { "type": "LineString", "coordinates": [ [ -82.6378095, 28.039435416666667 ], [ -82.62742025, 28.039925111111113 ], [ -82.63379575, 28.024378138888888 ] ] } },
{ "type": "Feature", "properties": { "style": "solid", "thickness": 1 }, "geometry": { "type": "LineString", "coordinates": [ [ -82.75934519444445, 27.865183666666667 ], [ -82.74897308333334, 27.865682472222225 ], [ -82.755321138888888, 27.850129472222225 ] ] } },
{ "type": "Feature", "properties": { "style": "solid", "thickness": 1 }, "geometry": { "type": "LineString", "coordinates": [ [ -82.80603269444444, 27.862714444444446 ], [ -82.807808222222221, 27.86082741666667 ], [ -82.809321666666662, 27.859073138888892 ], [ -82.810573, 27.857451611111113 ], [ -82.811322333333337, 27.85645475 ], [ -82.81192225, 27.855225 ], [ -82.812118111111104, 27.854014861111114 ], [ -82.812186638888889, 27.852930972222225 ], [ -82.812054305555549, 27.850776222222223 ], [ -82.811598805555548, 27.849957861111111 ], [ -82.811015972222222, 27.84926575 ], [ -82.810425805555553, 27.848453916666667 ], [ -82.807538805555552, 27.847633416666664 ], [ -82.80592266666666, 27.847711777777775 ], [ -82.80422325, 27.848634583333332 ], [ -82.803968583333329, 27.848887055555554 ], [ -82.80294988888889, 27.849896916666665 ], [ -82.80282988888888, 27.850142861111113 ], [ -82.802393944444447, 27.851844888888891 ], [ -82.802467333333325, 27.853041972222222 ], [ -82.802788111111113, 27.853866888888891 ], [ -82.80310152777777, 27.854572083333334 ], [ -82.803691666666666, 27.855383944444444 ], [ -82.804820583333324, 27.85616966666667 ], [ -82.805927472222223, 27.856596277777779 ], [ -82.80660825, 27.856683361111113 ], [ -82.80755105555555, 27.856637638888891 ], [ -82.808217166666665, 27.856485277777779 ], [ -82.810448055555554, 27.855416583333334 ], [ -82.81212547222222, 27.854134583333334 ] ] } },
{ "type": "Feature", "properties": { "style": "solid", "thickness": 1 }, "geometry": { "type": "LineString", "coordinates": [ [ -82.5381255, 27.651232861111108 ], [ -82.544310305555555, 27.650944388888888 ], [ -82.545543194444448, 27.644403888888888 ], [ -82.544361361111115, 27.644939277777777 ], [ -82.543321027777779, 27.645588083333333 ], [ -82.540901027777778, 27.645700972222222 ], [ -82.539676916666664, 27.645517944444443 ], [ -82.538424694444444, 27.644856 ], [ -82.536981722222222, 27.643242527777776 ], [ -82.536628388888886, 27.641818333333333 ], [ -82.536522833333336, 27.640022444444444 ], [ -82.537252055555555, 27.638667833333333 ], [ -82.538115694444443, 27.637306972222223 ], [ -82.538497888888884, 27.636929 ], [ -82.53926930555555, 27.63629275 ], [ -82.540599583333332, 27.635990583333331 ], [ -82.542078333333336, 27.635921611111112 ], [ -82.543167888888888, 27.63611088888889 ], [ -82.544540416666663, 27.636527055555554 ], [ -82.545806694444437, 27.637428388888889 ], [ -82.545962277777775, 27.637781305555556 ] ] } },
{ "type": "Feature", "properties": { "style": "solid", "thickness": 1 }, "geometry": { "type": "LineString", "coordinates": [ [ -82.567729027777773, 27.56029325 ], [ -82.55738483333333, 27.560777722222223 ], [ -82.563742472222216, 27.54523277777778 ] ] } },
{ "type": "Feature", "properties": { "style": "solid", "thickness": 1 }, "geometry": { "type": "LineString", "coordinates": [ [ -82.38958025, 27.939619861111112 ], [ -82.379199416666665, 27.940090944444446 ], [ -82.385604472222226, 27.924555166666668 ] ] } },
{ "type": "Feature", "properties": { "style": "solid", "thickness": 1 }, "geometry": { "type": "LineString", "coordinates": [ [ -81.929312055555556, 27.94560925 ], [ -81.927520027777788, 27.947484861111111 ], [ -81.92599125000001, 27.949229388888888 ], [ -81.92472575, 27.950842805555556 ], [ -81.92396772222223, 27.951834805555556 ], [ -81.923357277777782, 27.953060611111109 ], [ -81.92315141666667, 27.954269444444442 ], [ -81.923074, 27.955352833333333 ], [ -81.923188888888888, 27.957508277777777 ], [ -81.92363813888889, 27.9583295 ], [ -81.924215888888895, 27.959025333333333 ], [ -81.924800055555565, 27.959840888888888 ], [ -81.92768325, 27.960679777777777 ], [ -81.929301611111114, 27.960611694444445 ], [ -81.931010111111121, 27.959699694444442 ], [ -81.931267055555566, 27.95944886111111 ], [ -81.932294805555557, 27.95844547222222 ], [ -81.932416861111122, 27.958200305555554 ], [ -81.932866805555562, 27.956501138888889 ], [ -81.932802861111114, 27.955303666666666 ], [ -81.932488388888899, 27.954476777777778 ], [ -81.932180333333335, 27.95376963888889 ], [ -81.931596166666665, 27.952954111111112 ], [ -81.930472583333341, 27.952161305555556 ], [ -81.929368222222223, 27.951727694444443 ], [ -81.928687555555555, 27.951636333333333 ], [ -81.927743583333339, 27.951676027777776 ], [ -81.927075722222227, 27.951824138888888 ], [ -81.924834305555564, 27.952878527777777 ], [ -81.923145027777778, 27.954149694444443 ] ] } },
{ "type": "Feature", "properties": { "style": "solid", "thickness": 1 }, "geometry": { "type": "LineString", "coordinates": [ [ -81.882407833333332, 27.856372388888889 ], [ -81.880616499999988, 27.858247444444444 ], [ -81.87908825, 27.8599915 ], [ -81.877823111111098, 27.8616045 ], [ -81.877065277777774, 27.86259625 ], [ -81.876454833333327, 27.863821888888889 ], [ -81.876248611111109, 27.865030638888889 ], [ -81.876170805555546, 27.86611402777778 ], [ -81.876284694444436, 27.868269555555557 ], [ -81.876733249999987, 27.869090944444444 ], [ -81.877310222222221, 27.869786944444446 ], [ -81.877893527777772, 27.870602722222223 ], [ -81.880774027777775, 27.871442583333334 ], [ -81.882391111111104, 27.871375027777777 ], [ -81.884098555555568, 27.870463583333333 ], [ -81.884355388888892, 27.870212833333333 ], [ -81.885382722222232, 27.86920977777778 ], [ -81.885504805555556, 27.86896463888889 ], [ -81.885955083333343, 27.867265583333335 ], [ -81.885891694444453, 27.866068083333335 ], [ -81.885577833333343, 27.865241083333334 ], [ -81.885270333333338, 27.864533861111113 ], [ -81.884686972222227, 27.863718138888892 ], [ -81.883564666666672, 27.862924916666667 ], [ -81.882461361111098, 27.862490944444446 ], [ -81.881781333333322, 27.862399333333336 ], [ -81.880838111111103, 27.86243875 ], [ -81.880170722222218, 27.862586638888889 ], [ -81.877930694444444, 27.86364027777778 ], [ -81.876242277777777, 27.86491088888889 ] ] } },
{ "type": "Feature", "properties": { "style": "solid", "thickness": 1 }, "geometry": { "type": "LineString", "coordinates": [ [ -81.533646194444444, 27.868429111111112 ], [ -81.523269305555559, 27.868836 ], [ -81.52979125, 27.853340916666667 ] ] } },
{ "type": "Feature", "properties": { "style": "solid", "thickness": 1 }, "geometry": { "type": "LineString", "coordinates": [ [ -81.505604277777778, 27.584938111111111 ], [ -81.511787444444451, 27.584695694444445 ], [ -81.51308080555556, 27.578164972222222 ], [ -81.511894805555556, 27.5786915 ], [ -81.510849111111114, 27.5793325 ], [ -81.508429722222218, 27.579427388888888 ], [ -81.507208194444445, 27.579235277777777 ], [ -81.505963055555554, 27.578564083333333 ], [ -81.504536222222228, 27.57694 ], [ -81.5041965, 27.575513305555557 ], [ -81.504107861111109, 27.573716777777779 ], [ -81.50484927777778, 27.57236775 ], [ -81.505725055555558, 27.571013416666666 ], [ -81.506110527777778, 27.570638305555555 ], [ -81.506887361111112, 27.570007861111112 ], [ -81.508219527777783, 27.569715638888887 ], [ -81.509697916666667, 27.569657666666668 ], [ -81.510784916666665, 27.569855027777777 ], [ -81.512152583333332, 27.57028136111111 ], [ -81.513409527777782, 27.571192055555557 ], [ -81.513561666666661, 27.571546083333335 ] ] } },
{ "type": "Feature", "properties": { "style": "solid", "thickness": 1 }, "geometry": { "type": "LineString", "coordinates": [ [ -81.847124138888887, 27.262795444444443 ], [ -81.848906277777772, 27.260920583333334 ], [ -81.850426583333331, 27.259176694444445 ], [ -81.851685138888882, 27.257563722222223 ], [ -81.852438972222217, 27.256572 ], [ -81.85304625, 27.255346361111112 ], [ -81.853251527777772, 27.254137527777779 ], [ -81.853329055555548, 27.253054083333332 ], [ -81.853216111111109, 27.250898388888888 ], [ -81.852770194444432, 27.250076888888888 ], [ -81.852196555555551, 27.24938075 ], [ -81.851616666666658, 27.248564833333333 ], [ -81.848752583333322, 27.247724444444444 ], [ -81.847144638888878, 27.247791694444444 ], [ -81.845446555555554, 27.248702833333333 ], [ -81.845191083333333, 27.248953555555556 ], [ -81.84416922222222, 27.249956444444447 ], [ -81.84404775, 27.250201555555556 ], [ -81.843599472222223, 27.251900611111111 ], [ -81.843662111111101, 27.253098222222221 ], [ -81.843973972222216, 27.253925361111111 ], [ -81.844279555555545, 27.254632722222222 ], [ -81.844859444444438, 27.255448666666666 ], [ -81.845975333333328, 27.256242194444443 ], [ -81.847072472222223, 27.256676416666668 ], [ -81.847748777777767, 27.256768166666667 ], [ -81.848686805555545, 27.256728944444443 ], [ -81.849350555555546, 27.256581166666667 ], [ -81.851578472222215, 27.255527805555555 ], [ -81.853257805555543, 27.254257305555555 ] ] } },
{ "type": "Feature", "properties": { "style": "solid", "thickness": 1 }, "geometry": { "type": "LineString", "coordinates": [ [ -81.586316, 27.80724577777778 ], [ -81.592511611111107, 27.806999916666669 ], [ -81.593803, 27.800468611111111 ], [ -81.592614944444435, 27.800995805555555 ], [ -81.59156758333333, 27.801637388888889 ], [ -81.589143333333325, 27.801733611111111 ], [ -81.587919194444439, 27.801542166666668 ], [ -81.586671027777768, 27.800871694444446 ], [ -81.585240166666665, 27.799248444444448 ], [ -81.58489875, 27.797821972222224 ], [ -81.58480866666666, 27.796025527777779 ], [ -81.58555063888889, 27.794676111111112 ], [ -81.58642725, 27.793321333333335 ], [ -81.58681325, 27.792946027777781 ], [ -81.587591222222215, 27.792315166666668 ], [ -81.58892588888888, 27.792022194444446 ], [ -81.59040725, 27.791963416666668 ], [ -81.591496611111111, 27.792160166666669 ], [ -81.592867361111104, 27.792585722222224 ], [ -81.5941275, 27.793495694444445 ], [ -81.594280194444437, 27.793849611111114 ] ] } },
{ "type": "Feature", "properties": { "style": "solid", "thickness": 1 }, "geometry": { "type": "LineString", "coordinates": [ [ -81.555248666666657, 27.775311166666665 ], [ -81.557044138888884, 27.773440333333333 ], [ -81.558576222222214, 27.77169988888889 ], [ -81.559844972222223, 27.770089805555553 ], [ -81.560605, 27.769099777777775 ], [ -81.561218416666662, 27.767875555555555 ], [ -81.561427916666659, 27.766667305555554 ], [ -81.56150875, 27.76558411111111 ], [ -81.561401138888883, 27.76342836111111 ], [ -81.560955388888885, 27.762605972222222 ], [ -81.560381, 27.761908666666667 ], [ -81.559800638888888, 27.761091583333332 ], [ -81.556925583333324, 27.760245111111111 ], [ -81.555310027777779, 27.76030886111111 ], [ -81.553601611111105, 27.76121625 ], [ -81.553344305555555, 27.761466388888888 ], [ -81.552315, 27.762466972222221 ], [ -81.552192277777777, 27.762711833333334 ], [ -81.551737305555548, 27.76440975 ], [ -81.55179697222222, 27.765607388888888 ], [ -81.552108027777777, 27.766435111111111 ], [ -81.552413111111107, 27.767143083333334 ], [ -81.552993472222212, 27.767960194444445 ], [ -81.554112361111109, 27.768756055555556 ], [ -81.555213388888887, 27.769192611111109 ], [ -81.555892555555559, 27.769285805555555 ], [ -81.556835055555553, 27.769248611111109 ], [ -81.557502277777772, 27.769102277777776 ], [ -81.559743361111103, 27.768053805555553 ], [ -81.561433888888885, 27.766787055555554 ] ] } },
{ "type": "Feature", "properties": { "style": "solid", "thickness": 1 }, "geometry": { "type": "LineString", "coordinates": [ [ -82.67816230555556, 27.909030555555553 ], [ -82.674555250000012, 27.909201916666664 ] ] } },
{ "type": "Feature", "properties": { "style": "solid", "thickness": 1 }, "geometry": { "type": "LineString", "coordinates": [ [ -82.686957138888886, 27.91604922222222 ], [ -82.687150388888895, 27.9192535 ] ] } },
{ "type": "Feature", "properties": { "style": "solid", "thickness": 1 }, "geometry": { "type": "LineString", "coordinates": [ [ -82.686062916666671, 27.90121797222222 ], [ -82.68586975, 27.898013694444444 ] ] } },
{ "type": "Feature", "properties": { "style": "solid", "thickness": 1 }, "geometry": { "type": "LineString", "coordinates": [ [ -82.694857638888891, 27.908236166666665 ], [ -82.69846461111112, 27.908064277777775 ] ] } },
{ "type": "Feature", "properties": { "style": "solid", "thickness": 1 }, "geometry": { "type": "LineString", "coordinates": [ [ -82.67816230555556, 27.909030555555553 ], [ -82.678376194444454, 27.910348305555555 ], [ -82.67885152777778, 27.911610916666664 ], [ -82.679573027777778, 27.91277786111111 ], [ -82.6805175, 27.913811611111111 ], [ -82.681654611111114, 27.914678944444443 ], [ -82.682947805555557, 27.915351944444442 ], [ -82.684355527777782, 27.915809 ], [ -82.6858325, 27.916035416666666 ], [ -82.68733125, 27.916023944444444 ], [ -82.688803583333339, 27.915774888888887 ], [ -82.690202194444453, 27.915296305555554 ], [ -82.691482138888887, 27.914603583333331 ], [ -82.69260222222222, 27.913718944444444 ], [ -82.693526472222231, 27.912670888888886 ], [ -82.694225194444442, 27.911493055555553 ], [ -82.694675916666668, 27.910223305555554 ], [ -82.694864166666676, 27.9089025 ], [ -82.694783888888892, 27.907573027777776 ], [ -82.694437722222233, 27.906277666666664 ], [ -82.69383675, 27.905058027777777 ], [ -82.693000305555557, 27.90395333333333 ], [ -82.691955305555553, 27.902999027777778 ], [ -82.690735305555563, 27.902225861111109 ], [ -82.689379527777788, 27.90165861111111 ], [ -82.687931527777778, 27.901315527777776 ], [ -82.686437833333343, 27.901207638888888 ], [ -82.6849465, 27.901338416666665 ], [ -82.683505388888889, 27.901703638888886 ], [ -82.682160805555554, 27.90229161111111 ], [ -82.680956027777782, 27.903083388888888 ], [ -82.679929694444454, 27.904053555555553 ], [ -82.679114861111117, 27.905170916666666 ], [ -82.678537666666671, 27.906399583333332 ], [ -82.678216722222231, 27.907700055555555 ], [ -82.67816230555556, 27.909030555555553 ] ] } },
{ "type": "Feature", "properties": { "style": "solid", "thickness": 1 }, "geometry": { "type": "LineString", "coordinates": [ [ -82.524896611111103, 27.975859916666664 ], [ -82.521287111111107, 27.976027277777778 ] ] } },
{ "type": "Feature", "properties": { "style": "solid", "thickness": 1 }, "geometry": { "type": "LineString", "coordinates": [ [ -82.533687, 27.98288825 ], [ -82.533875861111113, 27.986092694444444 ] ] } },
{ "type": "Feature", "properties": { "style": "solid", "thickness": 1 }, "geometry": { "type": "LineString", "coordinates": [ [ -82.53281305555555, 27.968056194444443 ], [ -82.53262425, 27.964851722222221 ] ] } },
{ "type": "Feature", "properties": { "style": "solid", "thickness": 1 }, "geometry": { "type": "LineString", "coordinates": [ [ -82.541603305555554, 27.975084027777775 ], [ -82.54521275, 27.974916138888887 ] ] } },
{ "type": "Feature", "properties": { "style": "solid", "thickness": 1 }, "geometry": { "type": "LineString", "coordinates": [ [ -82.524896611111103, 27.975859916666664 ], [ -82.525108777777774, 27.977177861111109 ], [ -82.525582638888892, 27.978441027777777 ], [ -82.526302944444438, 27.97960875 ], [ -82.52724655555555, 27.980643527777776 ], [ -82.528383138888884, 27.981512083333332 ], [ -82.529676194444448, 27.982186527777777 ], [ -82.531084111111113, 27.982645138888888 ], [ -82.532561666666666, 27.982873194444444 ], [ -82.534061361111114, 27.982863361111111 ], [ -82.535534972222223, 27.98261597222222 ], [ -82.536935111111106, 27.982138944444443 ], [ -82.53821680555555, 27.981447638888888 ], [ -82.539338805555559, 27.98056425 ], [ -82.540265111111111, 27.979517222222221 ], [ -82.540965888888891, 27.978340166666666 ], [ -82.541418694444445, 27.977070944444442 ], [ -82.541608916666661, 27.97575036111111 ], [ -82.54153047222222, 27.974420833333333 ], [ -82.54118588888889, 27.973125083333333 ], [ -82.54058625, 27.971904805555553 ], [ -82.539750861111102, 27.970799194444442 ], [ -82.538706555555549, 27.96984375 ], [ -82.537486888888893, 27.96906922222222 ], [ -82.536131083333331, 27.968500472222221 ], [ -82.534682666666669, 27.968155805555554 ], [ -82.533188222222222, 27.96804625 ], [ -82.53169577777777, 27.968175388888888 ], [ -82.530253277777774, 27.968539 ], [ -82.52890705555555, 27.96912547222222 ], [ -82.527700416666661, 27.969915916666665 ], [ -82.526672111111111, 27.970884916666666 ], [ -82.525855194444446, 27.972001388888888 ], [ -82.525275916666672, 27.973229388888889 ], [ -82.524952944444451, 27.9745295 ], [ -82.524896611111103, 27.975859916666664 ] ] } },
{ "type": "Feature", "properties": { "style": "solid", "thickness": 1 }, "geometry": { "type": "LineString", "coordinates": [ [ -82.022252833333326, 28.229141388888888 ], [ -82.028471694444448, 28.228876194444442 ], [ -82.02974225, 28.222341194444443 ], [ -82.028551638888885, 28.222872055555555 ], [ -82.027502722222223, 28.223516888888888 ], [ -82.025069388888895, 28.223620666666665 ], [ -82.023839694444447, 28.223433055555553 ], [ -82.022583972222222, 28.2227665 ], [ -82.02114105555556, 28.221147805555553 ], [ -82.020792666666665, 28.21972247222222 ], [ -82.02069511111111, 28.217926416666664 ], [ -82.021434638888891, 28.21657475 ], [ -82.022309333333325, 28.215217305555555 ], [ -82.022695333333331, 28.214840805555554 ], [ -82.023473861111114, 28.214207555555554 ], [ -82.024812583333329, 28.213910416666668 ], [ -82.0262995, 28.213847 ], [ -82.027393916666668, 28.21404036111111 ], [ -82.028771694444444, 28.214461638888888 ], [ -82.030040388888892, 28.215367611111109 ], [ -82.030195083333339, 28.215721055555555 ] ] } },
{ "type": "Feature", "properties": { "style": "solid", "thickness": 1 }, "geometry": { "type": "LineString", "coordinates": [ [ -81.781604194444441, 28.08270111111111 ], [ -81.787815138888888, 28.082446666666666 ], [ -81.789098361111115, 28.075913777777778 ], [ -81.787908194444441, 28.076442583333332 ], [ -81.786859277777779, 28.077085611111112 ], [ -81.784429055555549, 28.077185194444443 ], [ -81.783201444444444, 28.076995472222222 ], [ -81.781948916666664, 28.076326722222223 ], [ -81.780511555555549, 28.0747055 ], [ -81.78016675, 28.073279555555555 ], [ -81.780073305555561, 28.071483305555557 ], [ -81.780814805555551, 28.070132888888889 ], [ -81.781691277777782, 28.068776944444444 ], [ -81.782077583333333, 28.068401111111111 ], [ -81.782856444444448, 28.067769194444445 ], [ -81.784193972222226, 28.06747438888889 ], [ -81.785679, 28.067413555555554 ], [ -81.7867715, 28.067608777777778 ], [ -81.788146472222223, 28.068032444444444 ], [ -81.789411416666667, 28.06894063888889 ], [ -81.789565138888889, 28.069294333333332 ] ] } },
{ "type": "Feature", "properties": { "style": "solid", "thickness": 1 }, "geometry": { "type": "LineString", "coordinates": [ [ -82.063899916666671, 28.790063277777779 ], [ -82.07015125, 28.789796472222225 ], [ -82.071426194444442, 28.78326211111111 ], [ -82.070229527777769, 28.783793222222222 ], [ -82.069175333333334, 28.784438222222224 ], [ -82.066729277777767, 28.78454263888889 ], [ -82.065493083333337, 28.784355416666667 ], [ -82.064230583333327, 28.783689305555558 ], [ -82.062779555555551, 28.782071222222221 ], [ -82.062428833333328, 28.780646194444444 ], [ -82.062330166666669, 28.778850444444444 ], [ -82.063073083333336, 28.777498777777776 ], [ -82.06395188888888, 28.776141305555555 ], [ -82.064339777777775, 28.77576475 ], [ -82.065122166666669, 28.775131388888887 ], [ -82.066467805555547, 28.774833944444442 ], [ -82.06796247222222, 28.774770138888886 ], [ -82.069062666666667, 28.774963166666666 ], [ -82.070447805555546, 28.775384 ], [ -82.071723444444444, 28.7762895 ], [ -82.071879111111102, 28.776642833333334 ] ] } },
{ "type": "Feature", "properties": { "style": "solid", "thickness": 1 }, "geometry": { "type": "LineString", "coordinates": [ [ -82.189431333333332, 26.854655722222223 ], [ -82.191201194444446, 26.852776388888891 ], [ -82.19271061111111, 26.851028638888891 ], [ -82.193959583333339, 26.8494125 ], [ -82.194707611111113, 26.848418888888887 ], [ -82.195308916666676, 26.847191666666667 ], [ -82.195509694444453, 26.845982305555555 ], [ -82.195583583333331, 26.844898611111109 ], [ -82.195464388888894, 26.842743111111108 ], [ -82.195017527777779, 26.841922694444442 ], [ -82.194443833333338, 26.841227944444444 ], [ -82.193863527777779, 26.840413444444444 ], [ -82.19100725, 26.839580138888888 ], [ -82.18940533333334, 26.839651361111109 ], [ -82.18771625, 26.84056675 ], [ -82.1874625, 26.840818111111108 ], [ -82.186447444444454, 26.841823583333333 ], [ -82.186327166666672, 26.842069 ], [ -82.185885777777784, 26.84376925 ], [ -82.185951888888894, 26.84496675 ], [ -82.186265166666672, 26.845793138888887 ], [ -82.186571861111119, 26.846499777777776 ], [ -82.187152138888891, 26.847314277777777 ], [ -82.188266444444452, 26.848105083333333 ], [ -82.189360916666672, 26.848536611111111 ], [ -82.190035055555555, 26.848626694444444 ], [ -82.190969555555554, 26.848585138888886 ], [ -82.191630472222229, 26.848435694444444 ], [ -82.193847027777778, 26.84737675 ], [ -82.195516305555557, 26.846102055555555 ] ] } },
{ "type": "Feature", "properties": { "style": "solid", "thickness": 1 }, "geometry": { "type": "LineString", "coordinates": [ [ -81.40455719444445, 27.510191833333334 ], [ -81.394213861111112, 27.510589555555555 ], [ -81.400731722222233, 27.495099666666668 ] ] } },
{ "type": "Feature", "properties": { "style": "solid", "thickness": 1 }, "geometry": { "type": "LineString", "coordinates": [ [ -81.573093222222212, 28.298966 ], [ -81.57837141666667, 28.298758333333335 ], [ -81.574254388888889, 28.305540472222223 ], [ -81.573838888888886, 28.29726491666667 ] ] } },
{ "type": "Feature", "properties": { "style": "solid", "thickness": 1 }, "geometry": { "type": "LineString", "coordinates": [ [ -82.261542222222218, 28.015754194444444 ], [ -82.26680475, 28.015520138888888 ], [ -82.262742083333336, 28.0223225 ], [ -82.262275027777775, 28.014049472222222 ] ] } },
{ "type": "Feature", "properties": { "style": "solid", "thickness": 1 }, "geometry": { "type": "LineString", "coordinates": [ [ -82.447612527777778, 27.209165138888888 ], [ -82.448677916666668, 27.207352861111112 ], [ -82.449368472222233, 27.205400805555556 ], [ -82.449662527777775, 27.203370388888889 ], [ -82.449550833333333, 27.201325472222223 ], [ -82.449036916666671, 27.199330333333332 ], [ -82.44813697222223, 27.197447722222222 ], [ -82.446879333333342, 27.195736861111111 ], [ -82.445303555555554, 27.194251527777777 ], [ -82.443459166666671, 27.193038416666667 ], [ -82.441404194444445, 27.192135666666665 ], [ -82.439203222222233, 27.191571666666668 ] ] } },
{ "type": "Feature", "properties": { "style": "solid", "thickness": 1 }, "geometry": { "type": "LineString", "coordinates": [ [ -82.432677305555558, 27.209793083333334 ], [ -82.431424805555565, 27.2080785 ], [ -82.430531027777789, 27.206192972222222 ], [ -82.430024138888896, 27.20419586111111 ], [ -82.429920083333343, 27.202150055555556 ], [ -82.430222111111121, 27.200120055555555 ], [ -82.430920694444453, 27.19816975 ], [ -82.431993833333337, 27.196360583333334 ], [ -82.433407666666668, 27.1947495 ], [ -82.435117694444443, 27.19338725 ], [ -82.437070027777779, 27.19231675 ], [ -82.439203222222233, 27.191571666666668 ] ] } },
{ "type": "Feature", "properties": { "style": "solid", "thickness": 1 }, "geometry": { "type": "LineString", "coordinates": [ [ -82.447612527777778, 27.209165138888888 ], [ -82.446881055555565, 27.20866225 ], [ -82.446062555555557, 27.208281333333332 ], [ -82.445182222222229, 27.208034166666668 ], [ -82.444267111111117, 27.207928305555555 ], [ -82.443345416666673, 27.207967055555557 ], [ -82.442445444444445, 27.208149166666665 ], [ -82.441594916666673, 27.208469083333334 ], [ -82.440819972222229, 27.208916944444443 ], [ -82.4401445, 27.209478972222222 ] ] } },
{ "type": "Feature", "properties": { "style": "solid", "thickness": 1 }, "geometry": { "type": "LineString", "coordinates": [ [ -82.440144944444455, 27.209479305555554 ], [ -82.439413305555561, 27.208976861111111 ], [ -82.438594805555553, 27.208596305555556 ], [ -82.437714555555559, 27.208349333333334 ], [ -82.436799611111113, 27.208243555555555 ], [ -82.435878083333336, 27.208282194444443 ], [ -82.434978222222227, 27.208464083333332 ], [ -82.434127722222229, 27.208783638888889 ], [ -82.433352638888891, 27.209231027777776 ], [ -82.432676833333332, 27.209792527777775 ] ] } },
{ "type": "Feature", "properties": { "style": "solid", "thickness": 1 }, "geometry": { "type": "LineString", "coordinates": [ [ -82.4616575, 28.018845694444444 ], [ -82.462716944444452, 28.017036666666666 ], [ -82.463399611111114, 28.015089972222221 ], [ -82.463684083333334, 28.01306688888889 ], [ -82.463561388888891, 28.011031027777779 ], [ -82.463035444444444, 28.009046388888891 ], [ -82.462122805555552, 28.007175416666666 ], [ -82.460852166666669, 28.005476916666666 ], [ -82.459263527777779, 28.004004305555554 ], [ -82.457406833333337, 28.002803916666668 ], [ -82.455340472222218, 28.001913444444444 ], [ -82.45312941666667, 28.00136088888889 ] ] } },
{ "type": "Feature", "properties": { "style": "solid", "thickness": 1 }, "geometry": { "type": "LineString", "coordinates": [ [ -82.446676861111115, 28.019532555555553 ], [ -82.44541133333334, 28.017830361111109 ], [ -82.444504861111113, 28.015956416666668 ], [ -82.443985972222222, 28.013969805555554 ], [ -82.443870944444441, 28.011933055555556 ], [ -82.444163416666669, 28.009910333333334 ], [ -82.444854166666673, 28.007965333333335 ], [ -82.445921388888891, 28.006159361111113 ], [ -82.447331472222231, 28.004549222222224 ], [ -82.44904, 28.003185666666667 ], [ -82.45099313888889, 28.002111611111111 ], [ -82.45312941666667, 28.00136088888889 ] ] } },
{ "type": "Feature", "properties": { "style": "solid", "thickness": 1 }, "geometry": { "type": "LineString", "coordinates": [ [ -82.4616575, 28.018845694444444 ], [ -82.460921027777786, 28.018347944444443 ], [ -82.460097888888896, 28.017972 ], [ -82.459213388888898, 28.0177295 ], [ -82.45829475, 28.017627861111109 ], [ -82.45737025, 28.017670222222222 ], [ -82.456468305555561, 28.017855305555553 ], [ -82.455616666666671, 28.018177388888887 ], [ -82.454841527777774, 28.018626555555553 ], [ -82.45416675, 28.019189 ] ] } },
{ "type": "Feature", "properties": { "style": "solid", "thickness": 1 }, "geometry": { "type": "LineString", "coordinates": [ [ -82.454167194444452, 28.019189333333333 ], [ -82.453430583333329, 28.018692 ], [ -82.452607416666666, 28.018316416666664 ], [ -82.451723027777774, 28.018074111111112 ], [ -82.450804555555564, 28.017972555555556 ], [ -82.44988022222222, 28.018014833333332 ], [ -82.448978361111116, 28.018199666666664 ], [ -82.44812675, 28.018521388888889 ], [ -82.447351472222223, 28.018970083333333 ], [ -82.446676361111116, 28.019532 ] ] } },
{ "type": "Feature", "properties": { "style": "solid", "thickness": 1 }, "geometry": { "type": "LineString", "coordinates": [ [ -82.361027, 28.092702277777775 ], [ -82.362088833333331, 28.090894027777775 ], [ -82.362773749999988, 28.088947888888889 ], [ -82.363060277777777, 28.086925027777777 ], [ -82.36293938888889, 28.08488911111111 ], [ -82.362414944444438, 28.082904138888889 ], [ -82.361503416666665, 28.081032527777779 ], [ -82.3602335, 28.079333138888888 ], [ -82.358645138888889, 28.077859388888889 ], [ -82.356788305555554, 28.076657638888889 ], [ -82.354721361111103, 28.075765694444446 ], [ -82.35250933333333, 28.075211527777778 ] ] } },
{ "type": "Feature", "properties": { "style": "solid", "thickness": 1 }, "geometry": { "type": "LineString", "coordinates": [ [ -82.346035555555545, 28.093378194444444 ], [ -82.34477075, 28.091675083333332 ], [ -82.343865416666659, 28.089800527777776 ], [ -82.343348, 28.087813555555556 ], [ -82.343234805555554, 28.08577675 ], [ -82.343529333333322, 28.083754277777775 ], [ -82.344222361111107, 28.081809833333335 ], [ -82.345291972222213, 28.080004666666667 ], [ -82.3467045, 28.078395583333332 ], [ -82.348415444444441, 28.077033305555556 ], [ -82.350370916666662, 28.075960694444444 ], [ -82.35250933333333, 28.075211527777778 ] ] } },
{ "type": "Feature", "properties": { "style": "solid", "thickness": 1 }, "geometry": { "type": "LineString", "coordinates": [ [ -82.361027, 28.092702277777775 ], [ -82.360290472222218, 28.092203972222222 ], [ -82.359467111111101, 28.091827444444444 ], [ -82.35858225, 28.091584305555553 ], [ -82.357663083333321, 28.091482 ], [ -82.35673791666666, 28.091523694444444 ], [ -82.355835166666665, 28.09170811111111 ], [ -82.354982666666658, 28.092029555555555 ], [ -82.354206583333323, 28.092478138888886 ], [ -82.353530833333323, 28.093040111111112 ] ] } },
{ "type": "Feature", "properties": { "style": "solid", "thickness": 1 }, "geometry": { "type": "LineString", "coordinates": [ [ -82.353531277777776, 28.093040444444444 ], [ -82.352794611111108, 28.092542555555553 ], [ -82.35197125, 28.092166388888888 ], [ -82.3510865, 28.091923444444443 ], [ -82.3501675, 28.091821222222222 ], [ -82.349242472222215, 28.091862833333334 ], [ -82.3483398611111, 28.092047 ], [ -82.347487361111106, 28.092368083333334 ], [ -82.346711138888878, 28.092816222222222 ], [ -82.346035055555546, 28.093377638888889 ] ] } },
{ "type": "Feature", "properties": { "style": "solid", "thickness": 1 }, "geometry": { "type": "LineString", "coordinates": [ [ -82.27201225, 28.026190055555556 ], [ -82.273074888888885, 28.024382472222221 ], [ -82.273761, 28.022436722222221 ], [ -82.274049, 28.020414055555555 ], [ -82.273929861111114, 28.018378027777779 ], [ -82.273407333333338, 28.016392694444445 ], [ -82.272497888888893, 28.014520472222223 ], [ -82.271230138888882, 28.01282025 ], [ -82.269643972222227, 28.011345472222221 ], [ -82.26778925, 28.010142527777777 ], [ -82.265724305555551, 28.009249222222223 ], [ -82.263514083333334, 28.008693638888889 ] ] } },
{ "type": "Feature", "properties": { "style": "solid", "thickness": 1 }, "geometry": { "type": "LineString", "coordinates": [ [ -82.257029472222229, 28.026856333333331 ], [ -82.25576683333334, 28.025152416666664 ], [ -82.254863583333332, 28.02327725 ], [ -82.254348083333326, 28.021289916666667 ], [ -82.254236611111111, 28.019253027777776 ], [ -82.25453263888889, 28.017230722222223 ], [ -82.255226805555552, 28.015286722222221 ], [ -82.25629725, 28.013482194444446 ], [ -82.257710222222215, 28.011874027777779 ], [ -82.259421222222215, 28.010512805555557 ], [ -82.261376361111118, 28.009441444444445 ], [ -82.263514083333334, 28.008693638888889 ] ] } },
{ "type": "Feature", "properties": { "style": "solid", "thickness": 1 }, "geometry": { "type": "LineString", "coordinates": [ [ -82.27201225, 28.026190055555556 ], [ -82.271276583333332, 28.025691277777778 ], [ -82.270454055555561, 28.025314222222221 ], [ -82.269569916666669, 28.0250705 ], [ -82.268651416666671, 28.024967611111109 ], [ -82.26772675, 28.025008694444445 ], [ -82.266824416666665, 28.025192527777776 ], [ -82.265972166666671, 28.025513444444442 ], [ -82.265196222222215, 28.025961555555554 ], [ -82.26452041666667, 28.026523055555554 ] ] } },
{ "type": "Feature", "properties": { "style": "solid", "thickness": 1 }, "geometry": { "type": "LineString", "coordinates": [ [ -82.264520861111109, 28.026523388888887 ], [ -82.263785055555559, 28.026025055555554 ], [ -82.2629625, 28.025648333333333 ], [ -82.262078472222228, 28.025404833333333 ], [ -82.261160138888883, 28.025302027777776 ], [ -82.260235666666674, 28.025343027777776 ], [ -82.259333444444451, 28.025526638888888 ], [ -82.258481194444443, 28.025847166666665 ], [ -82.257705083333335, 28.026294805555555 ], [ -82.257028972222216, 28.026855777777776 ] ] } },
{ "type": "Feature", "properties": { "style": "solid", "thickness": 1 }, "geometry": { "type": "LineString", "coordinates": [ [ -82.38222325, 27.76238375 ], [ -82.3832815, 27.760575222222222 ], [ -82.383963972222233, 27.758628861111109 ], [ -82.384249222222223, 27.756605833333332 ], [ -82.384128277777791, 27.754569805555555 ], [ -82.383605, 27.752584777777777 ], [ -82.382695861111102, 27.750713222222224 ], [ -82.381429444444436, 27.749013916666669 ], [ -82.379845583333321, 27.747540361111113 ], [ -82.377994111111107, 27.746338833333333 ], [ -82.375933249999989, 27.745447138888888 ], [ -82.37372775, 27.744893305555557 ] ] } },
{ "type": "Feature", "properties": { "style": "solid", "thickness": 1 }, "geometry": { "type": "LineString", "coordinates": [ [ -82.367277249999987, 27.763062111111111 ], [ -82.366015944444442, 27.761359111111112 ], [ -82.365112944444434, 27.759484583333332 ], [ -82.364596666666657, 27.757497555555556 ], [ -82.364483388888885, 27.755460666666668 ], [ -82.364776638888884, 27.753438027777779 ], [ -82.365467166666662, 27.751493361111113 ], [ -82.366533194444443, 27.749687888888889 ], [ -82.367941111111108, 27.7480785 ], [ -82.369646611111108, 27.746715833333333 ], [ -82.37159597222221, 27.745642861111111 ], [ -82.37372775, 27.744893305555557 ] ] } },
{ "type": "Feature", "properties": { "style": "solid", "thickness": 1 }, "geometry": { "type": "LineString", "coordinates": [ [ -82.38222325, 27.76238375 ], [ -82.381488861111109, 27.761885527777778 ], [ -82.380667916666667, 27.76150913888889 ], [ -82.379785666666663, 27.761266111111112 ], [ -82.37886925, 27.761163944444444 ], [ -82.377946888888886, 27.761205777777779 ], [ -82.377046916666657, 27.761390361111111 ], [ -82.376197055555551, 27.761711944444443 ], [ -82.375423416666663, 27.762160694444443 ], [ -82.374749805555552, 27.762722805555555 ] ] } },
{ "type": "Feature", "properties": { "style": "solid", "thickness": 1 }, "geometry": { "type": "LineString", "coordinates": [ [ -82.37475025, 27.762723138888887 ], [ -82.374015722222211, 27.76222536111111 ], [ -82.373194777777769, 27.761849277777777 ], [ -82.372312638888886, 27.761606472222223 ], [ -82.371396388888883, 27.761504388888888 ], [ -82.370474166666654, 27.761546138888889 ], [ -82.369574333333333, 27.761730472222222 ], [ -82.368724444444439, 27.762051722222221 ], [ -82.367950666666658, 27.7625 ], [ -82.367276749999988, 27.763061555555556 ] ] } },
{ "type": "Feature", "properties": { "style": "solid", "thickness": 1 }, "geometry": { "type": "LineString", "coordinates": [ [ -82.521030583333328, 27.954892888888889 ], [ -82.522088416666662, 27.953083361111112 ], [ -82.522769638888889, 27.951136361111111 ], [ -82.523052833333338, 27.94911311111111 ], [ -82.522929111111111, 27.94707727777778 ], [ -82.522402388888892, 27.945092833333334 ], [ -82.52148925, 27.94322225 ], [ -82.520218444444438, 27.941524277777777 ], [ -82.518629944444442, 27.940052333333334 ], [ -82.516773666666666, 27.938852722222222 ], [ -82.514708027777772, 27.937963111111113 ], [ -82.512497972222221, 27.9374115 ] ] } },
{ "type": "Feature", "properties": { "style": "solid", "thickness": 1 }, "geometry": { "type": "LineString", "coordinates": [ [ -82.506059111111114, 27.955586166666667 ], [ -82.504793416666672, 27.9538845 ], [ -82.503886444444447, 27.952010944444442 ], [ -82.50336675, 27.9500245 ], [ -82.503250694444446, 27.947987777777779 ], [ -82.50354188888889, 27.945964916666668 ], [ -82.504231166666671, 27.944019611111113 ], [ -82.505296777777772, 27.942213138888889 ], [ -82.506705166666663, 27.940602388888887 ], [ -82.508411944444447, 27.939238055555556 ], [ -82.510363361111118, 27.938163166666666 ], [ -82.512497972222221, 27.9374115 ] ] } },
{ "type": "Feature", "properties": { "style": "solid", "thickness": 1 }, "geometry": { "type": "LineString", "coordinates": [ [ -82.521030583333328, 27.954892888888889 ], [ -82.520294277777779, 27.954395416666667 ], [ -82.519471416666661, 27.954019833333334 ], [ -82.518587305555556, 27.95377772222222 ], [ -82.517669166666664, 27.95367647222222 ], [ -82.516745194444439, 27.953719222222222 ], [ -82.515843888888895, 27.953904694444443 ], [ -82.514992916666671, 27.954227138888889 ], [ -82.5142185, 27.954676638888888 ], [ -82.513544416666662, 27.955239388888888 ] ] } },
{ "type": "Feature", "properties": { "style": "solid", "thickness": 1 }, "geometry": { "type": "LineString", "coordinates": [ [ -82.513544861111114, 27.95523972222222 ], [ -82.512808388888885, 27.954742694444445 ], [ -82.511985527777782, 27.95436747222222 ], [ -82.511101527777782, 27.954125555555557 ], [ -82.510183527777784, 27.95402438888889 ], [ -82.50925975, 27.954067055555555 ], [ -82.508358527777773, 27.954252305555556 ], [ -82.507507583333336, 27.95457436111111 ], [ -82.506733, 27.955023416666666 ], [ -82.506058611111115, 27.955585638888888 ] ] } },
{ "type": "Feature", "properties": { "style": "solid", "thickness": 1 }, "geometry": { "type": "LineString", "coordinates": [ [ -82.176774027777782, 28.639904388888887 ], [ -82.1778443888889, 28.638097833333333 ], [ -82.178536194444447, 28.636152888888887 ], [ -82.178827666666677, 28.634130722222221 ], [ -82.17870969444445, 28.632094944444447 ], [ -82.178186027777784, 28.63010952777778 ], [ -82.17727311111112, 28.628236944444446 ], [ -82.175999694444442, 28.626536083333335 ], [ -82.174405861111111, 28.625060416666667 ], [ -82.172541666666675, 28.623856305555556 ], [ -82.170465777777778, 28.622961666666669 ], [ -82.16824347222223, 28.622404611111111 ] ] } },
{ "type": "Feature", "properties": { "style": "solid", "thickness": 1 }, "geometry": { "type": "LineString", "coordinates": [ [ -82.161705305555557, 28.640559833333334 ], [ -82.160437055555562, 28.63885525 ], [ -82.159530361111123, 28.636979722222222 ], [ -82.159013777777787, 28.634992361111109 ], [ -82.158903527777781, 28.632955694444444 ], [ -82.159203083333338, 28.630933916666667 ], [ -82.159903, 28.628990694444443 ], [ -82.160981166666673, 28.627187222222222 ], [ -82.162403666666677, 28.625580305555555 ], [ -82.164125638888891, 28.624220555555556 ], [ -82.16609291666667, 28.62315075 ], [ -82.16824347222223, 28.622404611111111 ] ] } },
{ "type": "Feature", "properties": { "style": "solid", "thickness": 1 }, "geometry": { "type": "LineString", "coordinates": [ [ -82.176774027777782, 28.639904388888887 ], [ -82.176034638888893, 28.63940513888889 ], [ -82.17520775, 28.639027555555554 ], [ -82.174318833333345, 28.63878325 ], [ -82.173395166666666, 28.638679722222221 ], [ -82.172465222222229, 28.638720138888889 ], [ -82.171557583333339, 28.638903305555555 ], [ -82.170700166666677, 28.639223527777776 ], [ -82.1699193888889, 28.639671027777776 ], [ -82.169239222222231, 28.640231972222221 ] ] } },
{ "type": "Feature", "properties": { "style": "solid", "thickness": 1 }, "geometry": { "type": "LineString", "coordinates": [ [ -82.169239694444443, 28.640232305555553 ], [ -82.168500138888888, 28.6397335 ], [ -82.16767325, 28.639356277777779 ], [ -82.166784416666673, 28.639112166666667 ], [ -82.165860916666674, 28.639008694444446 ], [ -82.164931138888889, 28.639049055555557 ], [ -82.164023611111119, 28.639231972222223 ], [ -82.16316622222223, 28.639551833333332 ], [ -82.16238530555556, 28.63999886111111 ], [ -82.161704805555559, 28.640559277777776 ] ] } },
{ "type": "Feature", "properties": { "style": "solid", "thickness": 1 }, "geometry": { "type": "LineString", "coordinates": [ [ -82.333595666666668, 28.319655527777776 ], [ -82.334660194444439, 28.317847583333332 ], [ -82.335347083333332, 28.315901666666669 ], [ -82.33563475, 28.313879 ], [ -82.335514138888882, 28.311843138888889 ], [ -82.334989083333326, 28.309858166666668 ], [ -82.334076138888889, 28.307986472222222 ], [ -82.332804, 28.306286916666668 ], [ -82.331212722222219, 28.304812916666666 ], [ -82.329352305555545, 28.30361086111111 ], [ -82.32728125, 28.302718527777778 ], [ -82.325064722222223, 28.302163944444445 ] ] } },
{ "type": "Feature", "properties": { "style": "solid", "thickness": 1 }, "geometry": { "type": "LineString", "coordinates": [ [ -82.318572638888881, 28.320328333333332 ], [ -82.317305638888882, 28.318625055555554 ], [ -82.316398888888884, 28.316750416666668 ], [ -82.315880888888884, 28.314763444444445 ], [ -82.315768, 28.312726722222223 ], [ -82.316063694444438, 28.310704416666667 ], [ -82.316758666666658, 28.308760222222222 ], [ -82.317831, 28.306955361111111 ], [ -82.319246888888884, 28.305346666666669 ], [ -82.320961777777768, 28.303984777777778 ], [ -82.322921611111113, 28.302912638888891 ], [ -82.325064722222223, 28.302163944444445 ] ] } },
{ "type": "Feature", "properties": { "style": "solid", "thickness": 1 }, "geometry": { "type": "LineString", "coordinates": [ [ -82.333595666666668, 28.319655527777776 ], [ -82.33285775, 28.319157083333334 ], [ -82.332032777777769, 28.318780416666666 ], [ -82.33114611111111, 28.318537111111112 ], [ -82.330225055555559, 28.318434638888888 ], [ -82.329297916666661, 28.31847613888889 ], [ -82.32839325, 28.318660333333334 ], [ -82.327538861111108, 28.318981611111109 ], [ -82.326761027777778, 28.319430027777777 ], [ -82.326083722222222, 28.319991805555556 ] ] } },
{ "type": "Feature", "properties": { "style": "solid", "thickness": 1 }, "geometry": { "type": "LineString", "coordinates": [ [ -82.326084166666661, 28.319992138888889 ], [ -82.325346083333329, 28.319494138888889 ], [ -82.32452111111111, 28.319117805555557 ], [ -82.323634555555557, 28.318874722222223 ], [ -82.322713638888885, 28.318772305555555 ], [ -82.321786694444441, 28.31881372222222 ], [ -82.320882111111104, 28.318997694444445 ], [ -82.32002775, 28.319318583333335 ], [ -82.31924977777777, 28.319766527777777 ], [ -82.318572138888882, 28.320327777777777 ] ] } },
{ "type": "Feature", "properties": { "style": "solid", "thickness": 1 }, "geometry": { "type": "LineString", "coordinates": [ [ -82.64293002777778, 27.602991722222225 ], [ -82.643982472222234, 27.601181166666667 ], [ -82.644659333333337, 27.599233444444444 ], [ -82.644939361111113, 27.597209861111111 ], [ -82.644813777777784, 27.595174 ], [ -82.644286555555567, 27.593189916666667 ], [ -82.643374277777781, 27.591320027777776 ], [ -82.64210566666668, 27.589623083333333 ], [ -82.640520611111114, 27.588152444444443 ], [ -82.638668972222234, 27.586954388888888 ], [ -82.636608972222234, 27.586066555555554 ], [ -82.634405388888894, 27.58551686111111 ] ] } },
{ "type": "Feature", "properties": { "style": "solid", "thickness": 1 }, "geometry": { "type": "LineString", "coordinates": [ [ -82.628007333333329, 27.603698194444444 ], [ -82.626743805555549, 27.60199752777778 ], [ -82.625837694444442, 27.600124638888889 ], [ -82.625317444444434, 27.598138555555554 ], [ -82.6251995, 27.596101833333332 ], [ -82.625487527777764, 27.594078583333332 ], [ -82.626172444444435, 27.592132583333331 ], [ -82.627232638888884, 27.590325083333333 ], [ -82.628634694444443, 27.588713 ], [ -82.630334472222216, 27.587347111111111 ], [ -82.632278444444438, 27.586270416666665 ], [ -82.634405388888894, 27.58551686111111 ] ] } },
{ "type": "Feature", "properties": { "style": "solid", "thickness": 1 }, "geometry": { "type": "LineString", "coordinates": [ [ -82.64293002777778, 27.602991722222225 ], [ -82.642195527777787, 27.602494861111111 ], [ -82.64137488888889, 27.60212 ], [ -82.640493361111112, 27.601878611111111 ], [ -82.639578027777787, 27.601778194444446 ], [ -82.638657083333342, 27.60182175 ], [ -82.637758861111124, 27.602008027777778 ], [ -82.636911, 27.602331222222222 ], [ -82.636139555555559, 27.602781444444446 ], [ -82.63546825, 27.603344805555558 ] ] } },
{ "type": "Feature", "properties": { "style": "solid", "thickness": 1 }, "geometry": { "type": "LineString", "coordinates": [ [ -82.635468722222228, 27.603345166666667 ], [ -82.634734055555569, 27.60284875 ], [ -82.633913388888899, 27.602474222222224 ], [ -82.633031972222213, 27.602233055555558 ], [ -82.632116805555555, 27.602132694444446 ], [ -82.631196027777776, 27.602176194444446 ], [ -82.630297916666663, 27.602362222222222 ], [ -82.629450055555552, 27.602685055555558 ], [ -82.628678472222219, 27.603134805555555 ], [ -82.628006861111103, 27.603697638888889 ] ] } },
{ "type": "Feature", "properties": { "style": "solid", "thickness": 1 }, "geometry": { "type": "LineString", "coordinates": [ [ -81.583038444444441, 28.309645333333336 ], [ -81.584115361111103, 28.307843305555558 ], [ -81.584815638888884, 28.305901277777778 ], [ -81.585117305555556, 28.303880305555555 ], [ -81.585010861111101, 28.301843944444446 ], [ -81.584499666666659, 28.299856222222225 ], [ -81.583599861111111, 28.297979694444447 ], [ -81.58233975, 28.296273333333335 ], [ -81.58075894444444, 28.294790805555557 ], [ -81.57890719444444, 28.293578694444445 ], [ -81.576842694444437, 28.292675166666669 ], [ -81.574630361111105, 28.292108555555558 ] ] } },
{ "type": "Feature", "properties": { "style": "solid", "thickness": 1 }, "geometry": { "type": "LineString", "coordinates": [ [ -81.56801322222222, 28.310236361111112 ], [ -81.56675825, 28.308526333333333 ], [ -81.56586466666667, 28.306646888888888 ], [ -81.56536058333333, 28.304657222222222 ], [ -81.565261833333324, 28.302620027777778 ], [ -81.565571527777777, 28.3005995 ], [ -81.566279888888886, 28.298659194444447 ], [ -81.567364555555557, 28.296860305555558 ], [ -81.568791416666656, 28.295259416666667 ], [ -81.570515444444439, 28.293906972222224 ], [ -81.572482416666659, 28.292845527777779 ], [ -81.574630361111105, 28.292108555555558 ] ] } },
{ "type": "Feature", "properties": { "style": "solid", "thickness": 1 }, "geometry": { "type": "LineString", "coordinates": [ [ -81.583038444444441, 28.309645333333336 ], [ -81.582304111111114, 28.309142916666666 ], [ -81.581481888888888, 28.308761805555555 ], [ -81.580597055555558, 28.308513666666666 ], [ -81.57967686111111, 28.308406194444444 ], [ -81.578749583333334, 28.308442638888888 ], [ -81.577843777777773, 28.308621916666667 ], [ -81.576987305555548, 28.3089385 ], [ -81.5762065, 28.309382666666668 ], [ -81.575525388888892, 28.309940722222223 ] ] } },
{ "type": "Feature", "properties": { "style": "solid", "thickness": 1 }, "geometry": { "type": "LineString", "coordinates": [ [ -81.575525861111103, 28.309941055555555 ], [ -81.57479136111111, 28.309439083333334 ], [ -81.573969111111111, 28.309058305555556 ], [ -81.573084388888887, 28.30881038888889 ], [ -81.572164361111106, 28.308702972222221 ], [ -81.57123725, 28.308739333333335 ], [ -81.570331555555555, 28.308918388888891 ], [ -81.569475111111103, 28.309234611111112 ], [ -81.56869416666666, 28.309678305555558 ], [ -81.568012722222221, 28.310235805555557 ] ] } },
{ "type": "Feature", "properties": { "style": "solid", "thickness": 1 }, "geometry": { "type": "LineString", "coordinates": [ [ -81.93043825, 26.810441777777779 ], [ -81.931494694444453, 26.808636527777779 ], [ -81.932179083333338, 26.806692222222225 ], [ -81.93247, 26.80467 ], [ -81.93235825, 26.8026335 ], [ -81.931847388888897, 26.800646694444445 ], [ -81.9309535, 26.798772111111113 ], [ -81.929704722222226, 26.797068694444445 ], [ -81.928140333333332, 26.79559 ], [ -81.926309527777789, 26.794382527777781 ], [ -81.924269888888887, 26.793484194444446 ], [ -81.922085527777782, 26.792923305555558 ] ] } },
{ "type": "Feature", "properties": { "style": "solid", "thickness": 1 }, "geometry": { "type": "LineString", "coordinates": [ [ -81.915617666666677, 26.811072444444445 ], [ -81.914374, 26.809365333333336 ], [ -81.913486222222232, 26.807487833333333 ], [ -81.912982333333332, 26.805499083333334 ], [ -81.912878166666673, 26.803461722222224 ], [ -81.913176972222232, 26.80143988888889 ], [ -81.913869333333338, 26.799497333333335 ], [ -81.914933444444443, 26.797695166666667 ], [ -81.91633575, 26.796090194444446 ], [ -81.918032055555557, 26.794732916666668 ], [ -81.919968972222222, 26.793666083333335 ], [ -81.922085527777782, 26.792923305555558 ] ] } },
{ "type": "Feature", "properties": { "style": "solid", "thickness": 1 }, "geometry": { "type": "LineString", "coordinates": [ [ -81.93043825, 26.810441777777779 ], [ -81.929712166666675, 26.809941166666668 ], [ -81.928899777777787, 26.809562138888889 ], [ -81.928026055555563, 26.809316277777778 ], [ -81.927117916666674, 26.809211194444444 ], [ -81.926203277777788, 26.809250083333335 ], [ -81.925310277777783, 26.809431777777778 ], [ -81.924466416666675, 26.809750694444446 ], [ -81.923697611111109, 26.810197 ], [ -81.923027527777776, 26.810756972222222 ] ] } },
{ "type": "Feature", "properties": { "style": "solid", "thickness": 1 }, "geometry": { "type": "LineString", "coordinates": [ [ -81.923028, 26.810757305555555 ], [ -81.92230172222223, 26.810257166666666 ], [ -81.921489333333341, 26.809878444444447 ], [ -81.920615722222223, 26.809632805555555 ], [ -81.919707722222228, 26.809527805555557 ], [ -81.91879325, 26.809566611111112 ], [ -81.917900388888896, 26.809748083333336 ], [ -81.917056527777788, 26.810066638888891 ], [ -81.916287583333343, 26.810512472222221 ], [ -81.915617194444451, 26.81107188888889 ] ] } },
{ "type": "Feature", "properties": { "style": "solid", "thickness": 1 }, "geometry": { "type": "LineString", "coordinates": [ [ -82.737139, 27.914120638888889 ], [ -82.738192833333329, 27.912309444444443 ], [ -82.738869944444446, 27.910361388888887 ], [ -82.739149, 27.908337694444445 ], [ -82.739021305555553, 27.906302027777777 ], [ -82.738490861111117, 27.904318416666666 ], [ -82.737574361111115, 27.90244925 ], [ -82.736300694444452, 27.90075325 ], [ -82.734709861111114, 27.899283777777779 ], [ -82.732851916666675, 27.898087055555553 ], [ -82.730785305555557, 27.897200666666667 ], [ -82.728574972222219, 27.896652527777778 ] ] } },
{ "type": "Feature", "properties": { "style": "solid", "thickness": 1 }, "geometry": { "type": "LineString", "coordinates": [ [ -82.722174527777781, 27.914837333333331 ], [ -82.720905916666666, 27.913137611111111 ], [ -82.719995583333329, 27.911265444444442 ], [ -82.719472166666662, 27.909279833333333 ], [ -82.719352111111107, 27.907243277777777 ], [ -82.719639222222227, 27.905219944444443 ], [ -82.720324388888898, 27.903273555555554 ], [ -82.721386, 27.901465416666664 ], [ -82.722790666666668, 27.899852444444445 ], [ -82.724494111111113, 27.898485472222223 ], [ -82.726442666666671, 27.897407527777776 ], [ -82.728574972222219, 27.896652527777778 ] ] } },
{ "type": "Feature", "properties": { "style": "solid", "thickness": 1 }, "geometry": { "type": "LineString", "coordinates": [ [ -82.737139, 27.914120638888889 ], [ -82.736401972222225, 27.913624333333331 ], [ -82.735578666666669, 27.913250027777778 ], [ -82.73469441666667, 27.913009277777775 ], [ -82.733776416666672, 27.912909472222221 ], [ -82.732852888888885, 27.912953694444443 ], [ -82.731952277777779, 27.913140555555554 ], [ -82.731102277777779, 27.913464333333334 ], [ -82.730329027777785, 27.913915055555552 ], [ -82.729656305555551, 27.91447886111111 ] ] } },
{ "type": "Feature", "properties": { "style": "solid", "thickness": 1 }, "geometry": { "type": "LineString", "coordinates": [ [ -82.729656777777777, 27.914479194444443 ], [ -82.72891961111111, 27.913983305555554 ], [ -82.728096305555553, 27.91360936111111 ], [ -82.727212138888888, 27.913368833333333 ], [ -82.726294305555555, 27.913269083333333 ], [ -82.72537094444445, 27.913313222222222 ], [ -82.724470444444449, 27.913499833333333 ], [ -82.72362044444445, 27.91382325 ], [ -82.722847055555562, 27.9142735 ], [ -82.722174027777783, 27.914836777777776 ] ] } },
{ "type": "Feature", "properties": { "style": "solid", "thickness": 1 }, "geometry": { "type": "LineString", "coordinates": [ [ -82.558799777777779, 28.654570805555554 ], [ -82.559863861111111, 28.652761305555554 ], [ -82.560548805555555, 28.650814444444443 ], [ -82.560833111111108, 28.648791472222221 ], [ -82.560707888888885, 28.646756 ], [ -82.560177055555556, 28.644772055555556 ], [ -82.559257333333335, 28.642902 ], [ -82.557977694444446, 28.641204694444443 ], [ -82.556378333333328, 28.639733416666665 ], [ -82.554509611111115, 28.6385345 ], [ -82.55243025, 28.637645638888888 ], [ -82.550205638888883, 28.637094722222223 ] ] } },
{ "type": "Feature", "properties": { "style": "solid", "thickness": 1 }, "geometry": { "type": "LineString", "coordinates": [ [ -82.543731277777781, 28.655268083333333 ], [ -82.542456777777772, 28.653567027777775 ], [ -82.54154325, 28.651694027777776 ], [ -82.5410195, 28.649708083333334 ], [ -82.540902, 28.647671722222221 ], [ -82.541194388888883, 28.645649111111112 ], [ -82.541887444444441, 28.643703944444443 ], [ -82.542959361111116, 28.6418975 ], [ -82.544376333333332, 28.640286638888888 ], [ -82.546093722222224, 28.638922083333334 ], [ -82.548057416666666, 28.637846833333334 ], [ -82.550205638888883, 28.637094722222223 ] ] } },
{ "type": "Feature", "properties": { "style": "solid", "thickness": 1 }, "geometry": { "type": "LineString", "coordinates": [ [ -82.558799777777779, 28.654570805555554 ], [ -82.558058527777774, 28.654073611111109 ], [ -82.55723016666667, 28.653698333333331 ], [ -82.556340222222218, 28.6534565 ], [ -82.555416083333327, 28.653355527777777 ], [ -82.55448613888889, 28.653398527777778 ], [ -82.553579027777772, 28.653584194444441 ], [ -82.552722666666668, 28.65390683333333 ], [ -82.551943361111114, 28.654356472222222 ], [ -82.551265083333334, 28.654919305555556 ] ] } },
{ "type": "Feature", "properties": { "style": "solid", "thickness": 1 }, "geometry": { "type": "LineString", "coordinates": [ [ -82.55126555555556, 28.654919638888888 ], [ -82.550524138888889, 28.654422916666665 ], [ -82.549695777777771, 28.654047972222219 ], [ -82.548805944444439, 28.653806333333332 ], [ -82.547881944444441, 28.653705416666664 ], [ -82.546952194444444, 28.653748361111109 ], [ -82.546045194444446, 28.653933777777777 ], [ -82.545188805555554, 28.654256055555553 ], [ -82.544409361111107, 28.654705222222219 ], [ -82.543730777777782, 28.655267527777777 ] ] } },
{ "type": "Feature", "properties": { "style": "solid", "thickness": 1 }, "geometry": { "type": "LineString", "coordinates": [ [ -82.705957861111116, 28.3229225 ], [ -82.707016194444449, 28.321111694444443 ], [ -82.707696388888891, 28.319163944444444 ], [ -82.70797705555556, 28.3171405 ], [ -82.707849444444449, 28.315105 ], [ -82.707317555555562, 28.313121444444445 ], [ -82.706398111111113, 28.311252194444446 ], [ -82.705120083333341, 28.309556083333334 ], [ -82.703523666666669, 28.308086416666669 ], [ -82.701659055555552, 28.306889361111111 ], [ -82.699584888888893, 28.306002611111111 ], [ -82.697366388888895, 28.305454027777778 ] ] } },
{ "type": "Feature", "properties": { "style": "solid", "thickness": 1 }, "geometry": { "type": "LineString", "coordinates": [ [ -82.690936722222233, 28.323635861111111 ], [ -82.689663833333341, 28.321936027777777 ], [ -82.688750583333331, 28.320063833333332 ], [ -82.68822575, 28.31807825 ], [ -82.688105805555566, 28.316041861111113 ], [ -82.688394555555561, 28.31401875 ], [ -82.68908283333333, 28.312072694444446 ], [ -82.690148972222232, 28.310264944444445 ], [ -82.691559388888891, 28.308652416666668 ], [ -82.69326961111112, 28.307285916666668 ], [ -82.695225805555566, 28.3062085 ], [ -82.697366388888895, 28.305454027777778 ] ] } },
{ "type": "Feature", "properties": { "style": "solid", "thickness": 1 }, "geometry": { "type": "LineString", "coordinates": [ [ -82.705957861111116, 28.3229225 ], [ -82.705218194444441, 28.322426083333333 ], [ -82.704391888888892, 28.32205163888889 ], [ -82.703504361111115, 28.321810722222221 ], [ -82.702582944444444, 28.321710722222221 ], [ -82.701655916666667, 28.321754722222224 ], [ -82.700751861111115, 28.321941361111111 ], [ -82.699898555555563, 28.322264944444445 ], [ -82.69912225, 28.322715444444444 ], [ -82.698446861111108, 28.323279055555556 ] ] } },
{ "type": "Feature", "properties": { "style": "solid", "thickness": 1 }, "geometry": { "type": "LineString", "coordinates": [ [ -82.698447333333334, 28.323279388888889 ], [ -82.6977075, 28.32278338888889 ], [ -82.696881194444444, 28.322409305555556 ], [ -82.695993777777787, 28.322168583333333 ], [ -82.6950725, 28.322068666666667 ], [ -82.694145638888898, 28.322112583333332 ], [ -82.693241694444453, 28.322299 ], [ -82.692388388888887, 28.322622194444445 ], [ -82.691611972222219, 28.32307225 ], [ -82.69093622222222, 28.323635305555555 ] ] } },
{ "type": "Feature", "properties": { "style": "solid", "thickness": 1 }, "geometry": { "type": "LineString", "coordinates": [ [ -81.92496911111111, 28.801413888888888 ], [ -81.921331055555555, 28.801565361111113 ] ] } },
{ "type": "Feature", "properties": { "style": "solid", "thickness": 1 }, "geometry": { "type": "LineString", "coordinates": [ [ -81.933787222222222, 28.808479166666668 ], [ -81.9339595, 28.811683638888891 ] ] } },
{ "type": "Feature", "properties": { "style": "solid", "thickness": 1 }, "geometry": { "type": "LineString", "coordinates": [ [ -81.932989972222231, 28.793646916666667 ], [ -81.93281775, 28.790442416666668 ] ] } },
{ "type": "Feature", "properties": { "style": "solid", "thickness": 1 }, "geometry": { "type": "LineString", "coordinates": [ [ -81.941808, 28.800711666666668 ], [ -81.945446, 28.800559666666668 ] ] } },
{ "type": "Feature", "properties": { "style": "solid", "thickness": 1 }, "geometry": { "type": "LineString", "coordinates": [ [ -81.92496911111111, 28.801413888888888 ], [ -81.925175472222222, 28.802732472222225 ], [ -81.925645861111121, 28.803997388888888 ], [ -81.926365083333337, 28.805168 ], [ -81.927310111111112, 28.806206666666668 ], [ -81.928450500000011, 28.807080027777779 ], [ -81.929749666666666, 28.807759972222222 ], [ -81.931165777777778, 28.808224666666668 ], [ -81.932653361111122, 28.808459166666669 ], [ -81.934164583333342, 28.808455944444447 ], [ -81.935650861111114, 28.808215083333334 ], [ -81.937064388888899, 28.807744333333336 ], [ -81.938359777777777, 28.807058805555556 ], [ -81.939495361111113, 28.806180583333333 ], [ -81.940434611111115, 28.80513788888889 ], [ -81.941147388888893, 28.803964222222223 ], [ -81.941610777777782, 28.802697305555558 ], [ -81.941809888888898, 28.801377861111114 ], [ -81.94173830555556, 28.800048305555556 ], [ -81.941398388888899, 28.798751388888892 ], [ -81.940801027777781, 28.79752875 ], [ -81.939965444444454, 28.796419722222225 ], [ -81.938918527777787, 28.795459944444445 ], [ -81.937693888888887, 28.79468025 ], [ -81.936330888888889, 28.794105666666667 ], [ -81.934873333333343, 28.793754722222225 ], [ -81.933368083333335, 28.79363863888889 ], [ -81.9318635, 28.79376116666667 ], [ -81.930407916666667, 28.794118361111114 ], [ -81.929048111111115, 28.79469875 ], [ -81.927827777777779, 28.795483694444446 ], [ -81.9267861388889, 28.796447944444445 ], [ -81.925956694444452, 28.79756052777778 ], [ -81.925366111111117, 28.798785694444447 ], [ -81.925033333333332, 28.800084055555555 ], [ -81.92496911111111, 28.801413888888888 ] ] } },
{ "type": "Feature", "properties": { "style": "solid", "thickness": 1 }, "geometry": { "type": "LineString", "coordinates": [ [ -82.035622194444443, 27.933716194444443 ], [ -82.032013416666672, 27.933870805555557 ] ] } },
{ "type": "Feature", "properties": { "style": "solid", "thickness": 1 }, "geometry": { "type": "LineString", "coordinates": [ [ -82.044377444444436, 27.9407755 ], [ -82.044551861111103, 27.943980583333335 ] ] } },
{ "type": "Feature", "properties": { "style": "solid", "thickness": 1 }, "geometry": { "type": "LineString", "coordinates": [ [ -82.043570361111108, 27.925940583333336 ], [ -82.043396027777774, 27.9227355 ] ] } },
{ "type": "Feature", "properties": { "style": "solid", "thickness": 1 }, "geometry": { "type": "LineString", "coordinates": [ [ -82.052325527777768, 27.932999388888891 ], [ -82.05593425, 27.932844277777779 ] ] } },
{ "type": "Feature", "properties": { "style": "solid", "thickness": 1 }, "geometry": { "type": "LineString", "coordinates": [ [ -82.035622194444443, 27.933716194444443 ], [ -82.035828361111115, 27.93503488888889 ], [ -82.036296361111113, 27.936299694444443 ], [ -82.037011111111113, 27.937469944444445 ], [ -82.037949694444436, 27.938508055555555 ], [ -82.039081944444447, 27.939380638888888 ], [ -82.040371416666659, 27.94005961111111 ], [ -82.041776722222224, 27.940523194444445 ], [ -82.043252638888887, 27.940756472222223 ], [ -82.044751777777776, 27.940751944444443 ], [ -82.046225888888884, 27.940509777777777 ], [ -82.047627583333337, 27.940037694444445 ], [ -82.048911861111108, 27.939350944444445 ], [ -82.050037361111109, 27.938471555555555 ], [ -82.050967972222224, 27.937427805555554 ], [ -82.051673777777779, 27.93625325 ], [ -82.052132055555546, 27.93498563888889 ], [ -82.052328138888882, 27.93366575 ], [ -82.05225569444444, 27.932335944444446 ], [ -82.051917055555549, 27.931039027777778 ], [ -82.05132313888889, 27.929816638888891 ], [ -82.050493055555549, 27.928708083333333 ], [ -82.049453444444438, 27.927748972222222 ], [ -82.04823775, 27.92697013888889 ], [ -82.046885055555549, 27.926396611111112 ], [ -82.045438777777775, 27.926046805555558 ], [ -82.043945444444446, 27.925931972222223 ], [ -82.042453027777782, 27.926055833333333 ], [ -82.041009472222214, 27.926414361111114 ], [ -82.039661194444449, 27.926996027777779 ], [ -82.038451472222221, 27.927782194444447 ], [ -82.03741925, 27.928747555555557 ], [ -82.036597666666665, 27.929861111111112 ], [ -82.03601313888889, 27.931087055555558 ], [ -82.035684444444442, 27.932386 ], [ -82.035622194444443, 27.933716194444443 ] ] } },
{ "type": "Feature", "properties": { "style": "solid", "thickness": 1 }, "geometry": { "type": "LineString", "coordinates": [ [ -81.768381333333338, 28.060602777777778 ], [ -81.768548472222221, 28.063821694444446 ] ] } },
{ "type": "Feature", "properties": { "style": "solid", "thickness": 1 }, "geometry": { "type": "LineString", "coordinates": [ [ -81.776343888888889, 28.052857222222222 ], [ -81.7799715, 28.052708722222224 ] ] } },
{ "type": "Feature", "properties": { "style": "solid", "thickness": 1 }, "geometry": { "type": "LineString", "coordinates": [ [ -81.7674455, 28.042575305555559 ], [ -81.7676125, 28.045792861111114 ] ] } },
{ "type": "Feature", "properties": { "style": "solid", "thickness": 1 }, "geometry": { "type": "LineString", "coordinates": [ [ -81.759649944444448, 28.05353927777778 ], [ -81.756022277777774, 28.053687222222223 ] ] } },
{ "type": "Feature", "properties": { "style": "solid", "thickness": 1 }, "geometry": { "type": "LineString", "coordinates": [ [ -81.76626225, 28.054120888888889 ], [ -81.769819861111117, 28.05397552777778 ] ] } },
{ "type": "Feature", "properties": { "style": "solid", "thickness": 1 }, "geometry": { "type": "LineString", "coordinates": [ [ -81.767738583333326, 28.048221583333333 ], [ -81.768204888888889, 28.057204305555555 ] ] } },
{ "type": "Feature", "properties": { "style": "solid", "thickness": 1 }, "geometry": { "type": "LineString", "coordinates": [ [ -81.75964991666666, 28.053538611111112 ], [ -81.759852583333327, 28.054855333333332 ], [ -81.760317055555561, 28.056118805555556 ], [ -81.761028361111116, 28.057288388888889 ], [ -81.761963666666674, 28.05832652777778 ], [ -81.763092916666665, 28.059199777777778 ], [ -81.764379833333336, 28.059880138888889 ], [ -81.765783, 28.060345722222223 ], [ -81.767257333333333, 28.060581527777778 ], [ -81.768755472222225, 28.060580027777778 ], [ -81.77022919444444, 28.060341222222224 ], [ -81.771631166666666, 28.059872805555557 ], [ -81.772916305555555, 28.059189833333335 ], [ -81.774043333333339, 28.058314277777779 ], [ -81.774975972222222, 28.057274277777779 ], [ -81.77568425, 28.05610325 ], [ -81.776145472222225, 28.054838833333335 ], [ -81.77634475, 28.053521694444445 ], [ -81.77627575, 28.05219413888889 ], [ -81.775940638888883, 28.050898861111111 ], [ -81.775350222222215, 28.049677472222225 ], [ -81.7745235, 28.048569222222223 ], [ -81.773487055555549, 28.04760975 ], [ -81.772274138888889, 28.04682988888889 ], [ -81.770923805555555, 28.046254694444446 ], [ -81.769479388888882, 28.045902611111114 ], [ -81.767987361111111, 28.045785 ], [ -81.766495611111111, 28.04590563888889 ], [ -81.76505213888889, 28.046260638888892 ], [ -81.763703277777779, 28.046838583333336 ], [ -81.762492388888887, 28.04762091666667 ], [ -81.761458388888883, 28.048582472222225 ], [ -81.760634527777782, 28.049692388888889 ], [ -81.760047277777772, 28.050914972222223 ], [ -81.7597155, 28.052210916666667 ], [ -81.75964991666666, 28.053538611111112 ] ] } },
{ "type": "Feature", "properties": { "style": "solid", "thickness": 1 }, "geometry": { "type": "LineString", "coordinates": [ [ -81.77211886111111, 28.05071875 ], [ -81.7717745, 28.050012388888888 ], [ -81.771278833333326, 28.049380805555558 ], [ -81.770651611111106, 28.048849166666667 ], [ -81.769917861111111, 28.048438666666669 ], [ -81.769106833333339, 28.048165666666669 ] ] } },
{ "type": "Feature", "properties": { "style": "solid", "thickness": 1 }, "geometry": { "type": "LineString", "coordinates": [ [ -81.769106833333339, 28.048165666666669 ], [ -81.766370333333327, 28.048277472222225 ] ] } },
{ "type": "Feature", "properties": { "style": "solid", "thickness": 1 }, "geometry": { "type": "LineString", "coordinates": [ [ -81.76706466666667, 28.058313472222224 ], [ -81.767093694444441, 28.058502027777777 ], [ -81.767160222222216, 28.058682944444445 ], [ -81.767262083333335, 28.058850416666669 ], [ -81.767396027777778, 28.058999055555557 ], [ -81.76755775, 28.05912411111111 ], [ -81.767742027777771, 28.05922152777778 ], [ -81.767942944444442, 28.059288166666668 ], [ -81.768154055555556, 28.059321944444445 ], [ -81.768368583333327, 28.059321722222222 ], [ -81.768579583333334, 28.05928752777778 ], [ -81.768780361111112, 28.059220472222222 ], [ -81.768964361111117, 28.059122666666667 ], [ -81.76912575, 28.058997305555557 ], [ -81.769259305555551, 28.05884838888889 ], [ -81.76936075, 28.058680694444444 ], [ -81.769426805555554, 28.058499666666666 ], [ -81.769455361111113, 28.058311055555556 ], [ -81.769445472222216, 28.058120972222223 ], [ -81.7693975, 28.057935472222223 ], [ -81.769312972222224, 28.057760583333334 ], [ -81.769194583333331, 28.05760188888889 ], [ -81.769046166666669, 28.0574645 ], [ -81.768872472222228, 28.057352805555556 ], [ -81.768679111111112, 28.057270444444445 ], [ -81.76847225, 28.057220027777777 ], [ -81.768258583333335, 28.057203194444444 ], [ -81.768044944444441, 28.057220472222223 ], [ -81.767838222222224, 28.057271305555556 ], [ -81.767645083333335, 28.057354055555557 ], [ -81.767471666666665, 28.057466083333335 ], [ -81.767323611111109, 28.057603777777778 ], [ -81.767205638888882, 28.057762722222222 ], [ -81.767121555555548, 28.057937777777777 ], [ -81.767074055555554, 28.058123361111111 ], [ -81.76706466666667, 28.058313472222224 ] ] } },
{ "type": "Feature", "properties": { "style": "solid", "thickness": 1 }, "geometry": { "type": "LineString", "coordinates": [ [ -81.763635555555553, 28.05106536111111 ], [ -81.76390525, 28.050333916666666 ], [ -81.764333388888886, 28.049664583333335 ], [ -81.764902888888884, 28.049084055555557 ], [ -81.765591, 28.048615444444447 ], [ -81.766370333333327, 28.048277472222225 ] ] } },
{ "type": "Feature", "properties": { "style": "solid", "thickness": 1 }, "geometry": { "type": "LineString", "coordinates": [ [ -81.285346388888883, 28.281755444444443 ], [ -81.285499361111107, 28.284974583333334 ] ] } },
{ "type": "Feature", "properties": { "style": "solid", "thickness": 1 }, "geometry": { "type": "LineString", "coordinates": [ [ -81.293359444444448, 28.274038888888889 ], [ -81.296994888888889, 28.27390322222222 ] ] } },
{ "type": "Feature", "properties": { "style": "solid", "thickness": 1 }, "geometry": { "type": "LineString", "coordinates": [ [ -81.284489666666659, 28.26372675 ], [ -81.28464255555555, 28.266944527777778 ] ] } },
{ "type": "Feature", "properties": { "style": "solid", "thickness": 1 }, "geometry": { "type": "LineString", "coordinates": [ [ -81.276629472222226, 28.274661972222223 ], [ -81.272994, 28.274797111111109 ] ] } },
{ "type": "Feature", "properties": { "style": "solid", "thickness": 1 }, "geometry": { "type": "LineString", "coordinates": [ [ -81.283252194444444, 28.275266833333333 ], [ -81.2868175, 28.275134055555554 ] ] } },
{ "type": "Feature", "properties": { "style": "solid", "thickness": 1 }, "geometry": { "type": "LineString", "coordinates": [ [ -81.284757972222224, 28.269373416666667 ], [ -81.285184861111105, 28.278356777777777 ] ] } },
{ "type": "Feature", "properties": { "style": "solid", "thickness": 1 }, "geometry": { "type": "LineString", "coordinates": [ [ -81.276629444444438, 28.274661305555554 ], [ -81.276826611111105, 28.275978583333334 ], [ -81.277286305555549, 28.277243555555554 ], [ -81.27799377777778, 28.278415527777778 ], [ -81.27892625, 28.279456805555554 ], [ -81.280053833333326, 28.28033397222222 ], [ -81.281340194444439, 28.281018805555554 ], [ -81.282744055555554, 28.28148925 ], [ -81.28422025, 28.28173025 ], [ -81.285721333333328, 28.281734027777777 ], [ -81.287199055555547, 28.281500444444443 ], [ -81.288605916666668, 28.281037027777778 ], [ -81.289896666666664, 28.280358694444445 ], [ -81.291029833333326, 28.279487194444442 ], [ -81.291968972222222, 28.278450611111111 ], [ -81.292683944444448, 28.277282194444442 ], [ -81.29315172222222, 28.276019555555553 ], [ -81.293357333333333, 28.274703277777778 ], [ -81.293294138888882, 28.273375638888886 ], [ -81.292964194444437, 28.272079333333334 ], [ -81.292378111111105, 28.270856 ], [ -81.291554722222216, 28.26974497222222 ], [ -81.290520527777772, 28.268781944444445 ], [ -81.28930875, 28.267997888888889 ], [ -81.287958305555549, 28.267417972222223 ], [ -81.286512638888894, 28.267060861111108 ], [ -81.28501816666666, 28.266938 ], [ -81.283522944444442, 28.26705336111111 ], [ -81.282075027777779, 28.267403222222221 ], [ -81.280720888888894, 28.267976333333333 ], [ -81.279504111111109, 28.268754305555554 ], [ -81.27846375, 28.269712111111112 ], [ -81.277633277777781, 28.270819 ], [ -81.277039361111107, 28.272039361111108 ], [ -81.276701138888882, 28.273334 ], [ -81.276629444444438, 28.274661305555554 ] ] } },
{ "type": "Feature", "properties": { "style": "solid", "thickness": 1 }, "geometry": { "type": "LineString", "coordinates": [ [ -81.289135666666667, 28.27188575 ], [ -81.288793805555557, 28.271178277777778 ], [ -81.2883, 28.270545 ], [ -81.28767394444445, 28.270011194444443 ], [ -81.286940583333333, 28.269598166666665 ], [ -81.286129166666669, 28.269322333333331 ] ] } },
{ "type": "Feature", "properties": { "style": "solid", "thickness": 1 }, "geometry": { "type": "LineString", "coordinates": [ [ -81.286129166666669, 28.269322333333331 ], [ -81.283386777777778, 28.269424472222223 ] ] } },
{ "type": "Feature", "properties": { "style": "solid", "thickness": 1 }, "geometry": { "type": "LineString", "coordinates": [ [ -81.284037388888891, 28.279461777777776 ], [ -81.28406563888889, 28.279650416666666 ], [ -81.284131472222214, 28.279831527777777 ], [ -81.284232777777774, 28.279999361111109 ], [ -81.284366333333338, 28.280148444444443 ], [ -81.284527777777782, 28.280274055555555 ], [ -81.284712, 28.280372111111109 ], [ -81.284913027777776, 28.28043947222222 ], [ -81.285124388888889, 28.280473972222222 ], [ -81.285339333333326, 28.2804745 ], [ -81.285550944444438, 28.280441055555556 ], [ -81.285752388888881, 28.28037472222222 ], [ -81.285937222222216, 28.280277583333334 ], [ -81.286099472222219, 28.280152805555556 ], [ -81.28623397222222, 28.280004361111111 ], [ -81.286336361111111, 28.279837055555554 ], [ -81.286403361111113, 28.279656277777775 ], [ -81.286432805555549, 28.279467777777779 ], [ -81.28642377777777, 28.279277694444442 ], [ -81.286376527777776, 28.279092055555555 ], [ -81.286292611111108, 28.278916888888887 ], [ -81.286174722222214, 28.278757777777777 ], [ -81.286026611111112, 28.278619888888887 ], [ -81.285853083333336, 28.27850761111111 ], [ -81.285659694444448, 28.278424555555553 ], [ -81.285452666666671, 28.278373416666664 ], [ -81.285238638888885, 28.278355833333332 ], [ -81.285024527777779, 28.27837236111111 ], [ -81.28481716666667, 28.278422444444445 ], [ -81.28462325, 28.278504527777777 ], [ -81.284449, 28.278615916666666 ], [ -81.284300027777775, 28.278753083333331 ], [ -81.28418111111111, 28.278911583333333 ], [ -81.284096055555551, 28.279086333333332 ], [ -81.284047638888893, 28.279271722222223 ], [ -81.284037388888891, 28.279461777777776 ] ] } },
{ "type": "Feature", "properties": { "style": "solid", "thickness": 1 }, "geometry": { "type": "LineString", "coordinates": [ [ -81.280634055555552, 28.272202388888889 ], [ -81.280907583333331, 28.271471972222223 ], [ -81.281339583333335, 28.27080425 ], [ -81.281912777777777, 28.270225777777778 ], [ -81.282604388888885, 28.269759666666666 ], [ -81.283386777777778, 28.269424472222223 ] ] } },
{ "type": "Feature", "properties": { "style": "solid", "thickness": 1 }, "geometry": { "type": "LineString", "coordinates": [ [ -81.789260111111105, 28.819062944444443 ], [ -81.789428777777772, 28.822281194444443 ] ] } },
{ "type": "Feature", "properties": { "style": "solid", "thickness": 1 }, "geometry": { "type": "LineString", "coordinates": [ [ -81.797278138888885, 28.81131825 ], [ -81.800931361111111, 28.8111695 ] ] } },
{ "type": "Feature", "properties": { "style": "solid", "thickness": 1 }, "geometry": { "type": "LineString", "coordinates": [ [ -81.78831575, 28.801039083333333 ], [ -81.788484277777769, 28.804256 ] ] } },
{ "type": "Feature", "properties": { "style": "solid", "thickness": 1 }, "geometry": { "type": "LineString", "coordinates": [ [ -81.78046625, 28.812001555555558 ], [ -81.776812944444444, 28.81214977777778 ] ] } },
{ "type": "Feature", "properties": { "style": "solid", "thickness": 1 }, "geometry": { "type": "LineString", "coordinates": [ [ -81.787125333333336, 28.8125825 ], [ -81.790708111111115, 28.81243688888889 ] ] } },
{ "type": "Feature", "properties": { "style": "solid", "thickness": 1 }, "geometry": { "type": "LineString", "coordinates": [ [ -81.7886115, 28.80668425 ], [ -81.789082055555554, 28.815665166666669 ] ] } },
{ "type": "Feature", "properties": { "style": "solid", "thickness": 1 }, "geometry": { "type": "LineString", "coordinates": [ [ -81.780466194444443, 28.812000888888889 ], [ -81.780670444444439, 28.813317333333334 ], [ -81.781138333333331, 28.814580527777778 ], [ -81.781854805555554, 28.815749833333335 ], [ -81.782796833333336, 28.816787666666666 ], [ -81.783934166666668, 28.817660666666665 ], [ -81.785230222222225, 28.818340777777777 ], [ -81.786643361111103, 28.818806138888888 ], [ -81.788128166666667, 28.819041805555557 ], [ -81.789636888888893, 28.819040166666667 ], [ -81.791121, 28.818801277777776 ], [ -81.792532833333325, 28.818332833333333 ], [ -81.793827, 28.817649916666667 ], [ -81.794961888888892, 28.816774444444444 ], [ -81.795901, 28.815734555555558 ], [ -81.796614194444444, 28.814563694444445 ], [ -81.797078527777771, 28.8132995 ], [ -81.797279083333336, 28.811982583333332 ], [ -81.797209416666661, 28.810655305555557 ], [ -81.796871805555554, 28.809360305555558 ], [ -81.79627711111111, 28.808139222222223 ], [ -81.795444416666669, 28.807031277777778 ], [ -81.794400527777782, 28.806072083333333 ], [ -81.793178972222222, 28.805292444444444 ], [ -81.791819027777777, 28.804717472222222 ], [ -81.790364361111102, 28.804365583333333 ], [ -81.788861777777782, 28.804248138888891 ], [ -81.7873595, 28.804368861111111 ], [ -81.785905861111104, 28.804723916666667 ], [ -81.784547527777775, 28.805301861111111 ], [ -81.783328166666664, 28.806084138888888 ], [ -81.782286944444436, 28.807045583333334 ], [ -81.781457388888882, 28.808155333333335 ], [ -81.780866111111109, 28.809377722222223 ], [ -81.780532138888887, 28.810673472222224 ], [ -81.780466194444443, 28.812000888888889 ] ] } },
{ "type": "Feature", "properties": { "style": "solid", "thickness": 1 }, "geometry": { "type": "LineString", "coordinates": [ [ -81.793023, 28.809180555555557 ], [ -81.792676138888893, 28.808474361111113 ], [ -81.792176888888889, 28.807842944444445 ], [ -81.791545194444438, 28.807311472222224 ], [ -81.790806222222216, 28.806901111111113 ], [ -81.789989416666671, 28.806628222222223 ] ] } },
{ "type": "Feature", "properties": { "style": "solid", "thickness": 1 }, "geometry": { "type": "LineString", "coordinates": [ [ -81.789989416666671, 28.806628222222223 ], [ -81.787233583333332, 28.80674025 ] ] } },
{ "type": "Feature", "properties": { "style": "solid", "thickness": 1 }, "geometry": { "type": "LineString", "coordinates": [ [ -81.787933888888887, 28.816774222222222 ], [ -81.787963138888884, 28.816962722222222 ], [ -81.788030166666658, 28.817143583333333 ], [ -81.788132777777776, 28.817311027777777 ], [ -81.78826766666667, 28.817459638888888 ], [ -81.788430527777777, 28.817584638888889 ], [ -81.788616111111111, 28.817682 ], [ -81.788818472222218, 28.81774863888889 ], [ -81.789031083333327, 28.81778238888889 ], [ -81.789247111111109, 28.817782138888887 ], [ -81.789459638888886, 28.817747944444445 ], [ -81.789661805555554, 28.817680861111111 ], [ -81.789847111111115, 28.817583083333332 ], [ -81.790009611111103, 28.817457722222223 ], [ -81.790144111111104, 28.817308833333332 ], [ -81.79024625, 28.817141166666666 ], [ -81.79031275, 28.816960166666668 ], [ -81.790341472222224, 28.816771583333335 ], [ -81.790331527777781, 28.816581527777778 ], [ -81.790283194444442, 28.816396083333334 ], [ -81.790198027777777, 28.81622125 ], [ -81.790078805555552, 28.816062583333334 ], [ -81.78992930555556, 28.815925222222223 ], [ -81.78975438888888, 28.815813583333334 ], [ -81.789559638888889, 28.81573125 ], [ -81.789351305555556, 28.815680861111112 ], [ -81.789136138888892, 28.815664055555555 ], [ -81.788921, 28.815681333333334 ], [ -81.788712805555548, 28.815732166666667 ], [ -81.788518305555556, 28.815814944444444 ], [ -81.788343666666663, 28.815926944444445 ], [ -81.788194583333336, 28.816064638888889 ], [ -81.78807580555555, 28.816223555555556 ], [ -81.787991138888884, 28.816398583333335 ], [ -81.787943305555558, 28.816584138888889 ], [ -81.787933888888887, 28.816774222222222 ] ] } },
{ "type": "Feature", "properties": { "style": "solid", "thickness": 1 }, "geometry": { "type": "LineString", "coordinates": [ [ -81.78447975, 28.809527805555557 ], [ -81.784751305555559, 28.808796472222223 ], [ -81.785182388888884, 28.80812725 ], [ -81.785755833333326, 28.807546777777777 ], [ -81.786448777777778, 28.807078222222223 ], [ -81.787233583333332, 28.80674025 ] ] } },
{ "type": "Feature", "properties": { "style": "solid", "thickness": 1 }, "geometry": { "type": "LineString", "coordinates": [ [ -81.620701638888889, 28.7356045 ], [ -81.6170655, 28.735747916666668 ] ] } },
{ "type": "Feature", "properties": { "style": "solid", "thickness": 1 }, "geometry": { "type": "LineString", "coordinates": [ [ -81.629493972222221, 28.742689138888888 ], [ -81.629657027777768, 28.745893972222223 ] ] } },
{ "type": "Feature", "properties": { "style": "solid", "thickness": 1 }, "geometry": { "type": "LineString", "coordinates": [ [ -81.628739388888889, 28.727855277777778 ], [ -81.628576388888888, 28.724650416666666 ] ] } },
{ "type": "Feature", "properties": { "style": "solid", "thickness": 1 }, "geometry": { "type": "LineString", "coordinates": [ [ -81.637531638888902, 28.734939416666666 ], [ -81.641167722222235, 28.734795472222224 ] ] } },
{ "type": "Feature", "properties": { "style": "solid", "thickness": 1 }, "geometry": { "type": "LineString", "coordinates": [ [ -81.620701638888889, 28.7356045 ], [ -81.620904138888889, 28.73692352777778 ], [ -81.621370611111104, 28.738189444444444 ], [ -81.622086055555542, 28.739361638888891 ], [ -81.6230275, 28.740402388888889 ], [ -81.624164694444431, 28.74127825 ], [ -81.625461055555547, 28.741961055555556 ], [ -81.626874944444438, 28.742428861111112 ], [ -81.628360916666665, 28.742666638888888 ], [ -81.629871166666661, 28.74266675 ], [ -81.63135716666666, 28.742429166666668 ], [ -81.632771111111111, 28.741961555555555 ], [ -81.634067611111121, 28.741278916666669 ], [ -81.635204944444453, 28.740403194444447 ], [ -81.636146583333343, 28.739362583333335 ], [ -81.636862222222234, 28.738190472222222 ], [ -81.637328916666675, 28.736924583333334 ], [ -81.637531638888902, 28.735605611111112 ], [ -81.637463888888902, 28.734275916666668 ], [ -81.637127861111111, 28.73297825 ], [ -81.636534361111117, 28.731754333333331 ], [ -81.6357025, 28.730643472222219 ], [ -81.634658972222226, 28.729681388888888 ], [ -81.633437333333333, 28.728898972222222 ], [ -81.632076833333329, 28.728321416666667 ], [ -81.63062125, 28.727967222222219 ], [ -81.629117277777766, 28.727847833333332 ], [ -81.627613305555542, 28.727967027777776 ], [ -81.626157638888884, 28.728321027777778 ], [ -81.62479708333332, 28.728898416666667 ], [ -81.623575305555548, 28.729680666666663 ], [ -81.6225316111111, 28.730642611111108 ], [ -81.621699555555551, 28.73175336111111 ], [ -81.621105861111104, 28.732977194444445 ], [ -81.620769611111101, 28.734274833333334 ], [ -81.620701638888889, 28.7356045 ] ] } },
{ "type": "Feature", "properties": { "style": "solid", "thickness": 1 }, "geometry": { "type": "LineString", "coordinates": [ [ -81.728161444444453, 28.807959166666667 ], [ -81.72832825, 28.8111775 ] ] } },
{ "type": "Feature", "properties": { "style": "solid", "thickness": 1 }, "geometry": { "type": "LineString", "coordinates": [ [ -81.736183, 28.800218055555558 ], [ -81.739835916666664, 28.800070916666666 ] ] } },
{ "type": "Feature", "properties": { "style": "solid", "thickness": 1 }, "geometry": { "type": "LineString", "coordinates": [ [ -81.727227472222225, 28.789934944444447 ], [ -81.727394138888897, 28.79315191666667 ] ] } },
{ "type": "Feature", "properties": { "style": "solid", "thickness": 1 }, "geometry": { "type": "LineString", "coordinates": [ [ -81.719372583333339, 28.800893916666666 ], [ -81.715719611111112, 28.8010405 ] ] } },
{ "type": "Feature", "properties": { "style": "solid", "thickness": 1 }, "geometry": { "type": "LineString", "coordinates": [ [ -81.726030611111113, 28.801477805555557 ], [ -81.729613055555561, 28.801333777777778 ] ] } },
{ "type": "Feature", "properties": { "style": "solid", "thickness": 1 }, "geometry": { "type": "LineString", "coordinates": [ [ -81.727519972222225, 28.795580222222224 ], [ -81.727985361111109, 28.804561333333336 ] ] } },
{ "type": "Feature", "properties": { "style": "solid", "thickness": 1 }, "geometry": { "type": "LineString", "coordinates": [ [ -81.719372527777779, 28.800893222222221 ], [ -81.719576027777777, 28.802209777777779 ], [ -81.72004311111111, 28.803473166666667 ], [ -81.720758833333335, 28.804642777777779 ], [ -81.721700166666665, 28.80568102777778 ], [ -81.722836888888892, 28.806554527777777 ], [ -81.724132416666663, 28.807235222222221 ], [ -81.72554513888889, 28.807701222222224 ], [ -81.727029638888894, 28.807937527777778 ], [ -81.72853819444444, 28.807936555555557 ], [ -81.730022277777778, 28.807698333333335 ], [ -81.731434222222219, 28.807230527777779 ], [ -81.732728638888887, 28.806548166666666 ], [ -81.733863888888891, 28.805673194444445 ], [ -81.7348035, 28.804633722222224 ], [ -81.735517277777774, 28.803463194444443 ], [ -81.735982277777779, 28.802199194444444 ], [ -81.736183555555556, 28.800882388888891 ], [ -81.736114694444439, 28.799555083333335 ], [ -81.735777861111117, 28.79825991666667 ], [ -81.735183916666671, 28.797038583333336 ], [ -81.734351944444441, 28.79593025 ], [ -81.733308722222219, 28.794970611111111 ], [ -81.73208775, 28.794190444444446 ], [ -81.730728277777786, 28.793614861111113 ], [ -81.729273972222231, 28.793262333333335 ], [ -81.727771611111109, 28.793144222222224 ], [ -81.726269444444441, 28.79326427777778 ], [ -81.72481575, 28.793618666666667 ], [ -81.723457222222223, 28.79419602777778 ], [ -81.722237555555552, 28.79497775 ], [ -81.721195916666673, 28.79593875 ], [ -81.720365805555559, 28.79704813888889 ], [ -81.719773888888895, 28.79827025 ], [ -81.719439222222221, 28.799565833333336 ], [ -81.719372527777779, 28.800893222222221 ] ] } },
{ "type": "Feature", "properties": { "style": "solid", "thickness": 1 }, "geometry": { "type": "LineString", "coordinates": [ [ -81.731929555555553, 28.798078472222223 ], [ -81.731583138888894, 28.797372138888889 ], [ -81.731084333333342, 28.7967405 ], [ -81.730453, 28.796208722222225 ], [ -81.729714333333334, 28.795798055555558 ], [ -81.72889775, 28.795524805555559 ] ] } },
{ "type": "Feature", "properties": { "style": "solid", "thickness": 1 }, "geometry": { "type": "LineString", "coordinates": [ [ -81.72889775, 28.795524805555559 ], [ -81.726142166666662, 28.795635583333336 ] ] } },
{ "type": "Feature", "properties": { "style": "solid", "thickness": 1 }, "geometry": { "type": "LineString", "coordinates": [ [ -81.726836666666671, 28.805669861111113 ], [ -81.726865833333335, 28.805858361111113 ], [ -81.72693272222223, 28.806039277777778 ], [ -81.727035222222227, 28.80620675 ], [ -81.727170027777774, 28.806355416666669 ], [ -81.727332805555562, 28.8064805 ], [ -81.727518305555563, 28.806577944444445 ], [ -81.72772061111111, 28.806644666666667 ], [ -81.727933166666674, 28.8066785 ], [ -81.728149166666668, 28.806678361111111 ], [ -81.728361694444445, 28.80664425 ], [ -81.728563861111112, 28.80657727777778 ], [ -81.72874922222222, 28.806479583333335 ], [ -81.728911777777782, 28.806354277777778 ], [ -81.729046333333329, 28.806205444444444 ], [ -81.729148555555554, 28.806037833333335 ], [ -81.729215166666663, 28.805856861111113 ], [ -81.729244, 28.805668305555557 ], [ -81.729234138888884, 28.805478222222224 ], [ -81.729185916666665, 28.80529277777778 ], [ -81.729100888888894, 28.805117888888891 ], [ -81.72898175, 28.804959166666666 ], [ -81.728832361111117, 28.80482175 ], [ -81.7286575, 28.80471002777778 ], [ -81.728462833333339, 28.804627611111112 ], [ -81.728254555555552, 28.804577138888888 ], [ -81.728039416666675, 28.804560222222221 ], [ -81.727824277777785, 28.804577416666667 ], [ -81.727616111111118, 28.804628166666667 ], [ -81.727421555555551, 28.804710833333335 ], [ -81.727246888888885, 28.80482277777778 ], [ -81.72709775, 28.80496038888889 ], [ -81.726978861111107, 28.80511925 ], [ -81.726894111111108, 28.80529425 ], [ -81.726846194444448, 28.80547977777778 ], [ -81.726836666666671, 28.805669861111113 ] ] } },
{ "type": "Feature", "properties": { "style": "solid", "thickness": 1 }, "geometry": { "type": "LineString", "coordinates": [ [ -81.723387055555563, 28.798421944444446 ], [ -81.723659, 28.797690722222224 ], [ -81.72409041666667, 28.797021694444446 ], [ -81.724664138888897, 28.796441472222224 ], [ -81.725357277777775, 28.795973222222223 ], [ -81.726142166666662, 28.795635583333336 ] ] } },
{ "type": "Feature", "properties": { "style": "solid", "thickness": 1 }, "geometry": { "type": "LineString", "coordinates": [ [ -82.247815416666668, 26.883638444444443 ], [ -82.240666138888884, 26.89681175 ], [ -82.232088, 26.884343055555554 ] ] } },
{ "type": "Feature", "properties": { "style": "solid", "thickness": 1 }, "geometry": { "type": "LineString", "coordinates": [ [ -82.182985305555562, 26.858491805555555 ], [ -82.175830055555565, 26.87166175 ], [ -82.167261055555556, 26.859189111111114 ] ] } },
{ "type": "Feature", "properties": { "style": "solid", "thickness": 1 }, "geometry": { "type": "LineString", "coordinates": [ [ -82.12197925, 26.6105255 ], [ -82.114832833333324, 26.623692361111111 ], [ -82.106289305555549, 26.611216111111112 ] ] } },
{ "type": "Feature", "properties": { "style": "solid", "thickness": 1 }, "geometry": { "type": "LineString", "coordinates": [ [ -81.859308138888878, 26.49231625 ], [ -81.852138888888888, 26.505469444444444 ], [ -81.843633305555556, 26.4929775 ] ] } },
{ "type": "Feature", "properties": { "style": "solid", "thickness": 1 }, "geometry": { "type": "LineString", "coordinates": [ [ -81.887930361111117, 26.678509916666666 ], [ -81.880752361111107, 26.691664555555555 ], [ -81.872229805555548, 26.67917416666667 ] ] } },
{ "type": "Feature", "properties": { "style": "solid", "thickness": 1 }, "geometry": { "type": "LineString", "coordinates": [ [ -81.794226916666659, 26.713962083333332 ], [ -81.787035722222214, 26.727111777777775 ], [ -81.778521, 26.71461572222222 ] ] } },
{ "type": "Feature", "properties": { "style": "solid", "thickness": 1 }, "geometry": { "type": "LineString", "coordinates": [ [ -81.808301916666665, 26.781205805555555 ], [ -81.801107916666666, 26.794356194444447 ], [ -81.792586638888892, 26.781860944444443 ] ] } },
{ "type": "Feature", "properties": { "style": "solid", "thickness": 1 }, "geometry": { "type": "LineString", "coordinates": [ [ -81.803274138888881, 26.772594972222223 ], [ -81.79608016666667, 26.785745083333335 ], [ -81.787560055555559, 26.773249527777775 ] ] } },
{ "type": "Feature", "properties": { "style": "solid", "thickness": 1 }, "geometry": { "type": "LineString", "coordinates": [ [ -81.772091333333336, 26.809754944444446 ], [ -81.764891277777778, 26.822903416666666 ], [ -81.756371916666666, 26.810405972222224 ] ] } },
{ "type": "Feature", "properties": { "style": "solid", "thickness": 1 }, "geometry": { "type": "LineString", "coordinates": [ [ -81.891475250000013, 26.940328694444446 ], [ -81.884280555555563, 26.953483333333331 ], [ -81.875738027777771, 26.940993 ] ] } },
{ "type": "Feature", "properties": { "style": "solid", "thickness": 1 }, "geometry": { "type": "LineString", "coordinates": [ [ -81.537510083333331, 26.931303638888892 ], [ -81.530274666666671, 26.9444395 ], [ -81.521772666666664, 26.931927944444446 ] ] } },
{ "type": "Feature", "properties": { "style": "solid", "thickness": 1 }, "geometry": { "type": "LineString", "coordinates": [ [ -81.868046583333324, 27.22850861111111 ], [ -81.860830111111099, 27.241661638888889 ], [ -81.8522685, 27.229169888888887 ] ] } },
{ "type": "Feature", "properties": { "style": "solid", "thickness": 1 }, "geometry": { "type": "LineString", "coordinates": [ [ -82.330595555555547, 27.063128111111112 ], [ -82.323444444444448, 27.076305555555557 ], [ -82.314843361111102, 27.063841972222225 ] ] } },
{ "type": "Feature", "properties": { "style": "solid", "thickness": 1 }, "geometry": { "type": "LineString", "coordinates": [ [ -82.378588083333327, 27.087287333333332 ], [ -82.371441083333323, 27.10046725 ], [ -82.362832777777768, 27.088006611111108 ] ] } },
{ "type": "Feature", "properties": { "style": "solid", "thickness": 1 }, "geometry": { "type": "LineString", "coordinates": [ [ -82.401431944444454, 27.119930638888889 ], [ -82.394285527777782, 27.133111694444445 ], [ -82.385672138888893, 27.120652472222222 ] ] } },
{ "type": "Feature", "properties": { "style": "solid", "thickness": 1 }, "geometry": { "type": "LineString", "coordinates": [ [ -82.471122666666673, 27.13797925 ], [ -82.463983333333331, 27.151163888888888 ], [ -82.45536075, 27.138709 ] ] } },
{ "type": "Feature", "properties": { "style": "solid", "thickness": 1 }, "geometry": { "type": "LineString", "coordinates": [ [ -82.543031027777772, 27.46262036111111 ], [ -82.535879305555554, 27.475808305555553 ], [ -82.527223388888885, 27.463358222222222 ] ] } },
{ "type": "Feature", "properties": { "style": "solid", "thickness": 1 }, "geometry": { "type": "LineString", "coordinates": [ [ -82.529967694444437, 27.461538111111111 ], [ -82.522814472222223, 27.474725388888888 ], [ -82.51416011111111, 27.462274472222223 ] ] } },
{ "type": "Feature", "properties": { "style": "solid", "thickness": 1 }, "geometry": { "type": "LineString", "coordinates": [ [ -82.256992555555556, 27.395479555555553 ], [ -82.249811111111114, 27.408652777777775 ], [ -82.241192722222223, 27.396184888888889 ] ] } },
{ "type": "Feature", "properties": { "style": "solid", "thickness": 1 }, "geometry": { "type": "LineString", "coordinates": [ [ -82.373032972222219, 27.545257111111113 ], [ -82.365855555555555, 27.558436111111114 ], [ -82.357212388888883, 27.545975555555557 ] ] } },
{ "type": "Feature", "properties": { "style": "solid", "thickness": 1 }, "geometry": { "type": "LineString", "coordinates": [ [ -82.581342666666657, 27.532277333333333 ], [ -82.574191027777772, 27.545467138888892 ], [ -82.565525305555553, 27.533019555555555 ] ] } },
{ "type": "Feature", "properties": { "style": "solid", "thickness": 1 }, "geometry": { "type": "LineString", "coordinates": [ [ -82.56188208333333, 27.622644666666666 ], [ -82.554722222222225, 27.635833333333334 ], [ -82.54605161111111, 27.623384666666666 ] ] } },
{ "type": "Feature", "properties": { "style": "solid", "thickness": 1 }, "geometry": { "type": "LineString", "coordinates": [ [ -82.116656777777777, 27.660162888888888 ], [ -82.109441138888883, 27.673328222222224 ], [ -82.100818166666656, 27.660851972222222 ] ] } },
{ "type": "Feature", "properties": { "style": "solid", "thickness": 1 }, "geometry": { "type": "LineString", "coordinates": [ [ -82.270924833333339, 27.834449583333331 ], [ -82.263716111111108, 27.84762261111111 ], [ -82.255061888888889, 27.835156194444444 ] ] } },
{ "type": "Feature", "properties": { "style": "solid", "thickness": 1 }, "geometry": { "type": "LineString", "coordinates": [ [ -82.273318361111109, 27.816549 ], [ -82.266111111111115, 27.829722222222223 ], [ -82.25745805555556, 27.817255916666667 ] ] } },
{ "type": "Feature", "properties": { "style": "solid", "thickness": 1 }, "geometry": { "type": "LineString", "coordinates": [ [ -82.267758638888893, 27.806498555555557 ], [ -82.260551388888885, 27.819671527777778 ], [ -82.25189975, 27.807204833333333 ] ] } },
{ "type": "Feature", "properties": { "style": "solid", "thickness": 1 }, "geometry": { "type": "LineString", "coordinates": [ [ -82.24767075, 27.805925333333334 ], [ -82.240461111111117, 27.819097222222222 ], [ -82.231811805555552, 27.806629305555557 ] ] } },
{ "type": "Feature", "properties": { "style": "solid", "thickness": 1 }, "geometry": { "type": "LineString", "coordinates": [ [ -82.821378138888889, 27.829376166666666 ], [ -82.814236111111114, 27.842577777777777 ], [ -82.805519638888882, 27.83014588888889 ] ] } },
{ "type": "Feature", "properties": { "style": "solid", "thickness": 1 }, "geometry": { "type": "LineString", "coordinates": [ [ -82.770564472222219, 27.834823638888889 ], [ -82.763415944444446, 27.848022638888889 ], [ -82.754704805555562, 27.835587527777776 ] ] } },
{ "type": "Feature", "properties": { "style": "solid", "thickness": 1 }, "geometry": { "type": "LineString", "coordinates": [ [ -82.631017055555546, 27.853908361111113 ], [ -82.623850444444443, 27.86710013888889 ], [ -82.615153638888884, 27.85465625 ] ] } },
{ "type": "Feature", "properties": { "style": "solid", "thickness": 1 }, "geometry": { "type": "LineString", "coordinates": [ [ -82.408294388888891, 27.918731472222223 ], [ -82.401096611111114, 27.9319115 ], [ -82.392420055555561, 27.919453805555555 ] ] } },
{ "type": "Feature", "properties": { "style": "solid", "thickness": 1 }, "geometry": { "type": "LineString", "coordinates": [ [ -82.373586749999987, 27.907649916666664 ], [ -82.3663855, 27.920828166666666 ], [ -82.357713805555548, 27.908368277777775 ] ] } },
{ "type": "Feature", "properties": { "style": "solid", "thickness": 1 }, "geometry": { "type": "LineString", "coordinates": [ [ -82.371288611111098, 27.931655638888891 ], [ -82.364085499999987, 27.944833722222221 ], [ -82.355412166666667, 27.932373722222223 ] ] } },
{ "type": "Feature", "properties": { "style": "solid", "thickness": 1 }, "geometry": { "type": "LineString", "coordinates": [ [ -82.389035222222233, 27.996402111111113 ], [ -82.381829944444434, 28.009580916666668 ], [ -82.373149444444437, 27.997122194444444 ] ] } },
{ "type": "Feature", "properties": { "style": "solid", "thickness": 1 }, "geometry": { "type": "LineString", "coordinates": [ [ -82.331547277777773, 27.98073525 ], [ -82.324336111111108, 27.99391111111111 ], [ -82.315663444444439, 27.98144875 ] ] } },
{ "type": "Feature", "properties": { "style": "solid", "thickness": 1 }, "geometry": { "type": "LineString", "coordinates": [ [ -82.186752861111117, 28.010765194444446 ], [ -82.179522222222232, 28.023933333333332 ], [ -82.170863805555555, 28.011462027777778 ] ] } },
{ "type": "Feature", "properties": { "style": "solid", "thickness": 1 }, "geometry": { "type": "LineString", "coordinates": [ [ -82.651062083333343, 28.043746916666667 ], [ -82.643885416666677, 28.05693925 ], [ -82.635171138888893, 28.044497111111113 ] ] } },
{ "type": "Feature", "properties": { "style": "solid", "thickness": 1 }, "geometry": { "type": "LineString", "coordinates": [ [ -82.660348694444451, 28.026474166666667 ], [ -82.653174305555567, 28.039667027777778 ], [ -82.644460361111115, 28.027225416666667 ] ] } },
{ "type": "Feature", "properties": { "style": "solid", "thickness": 1 }, "geometry": { "type": "LineString", "coordinates": [ [ -82.795775027777779, 28.17123975 ], [ -82.788607611111104, 28.184439222222224 ], [ -82.7798665, 28.172006611111112 ] ] } },
{ "type": "Feature", "properties": { "style": "solid", "thickness": 1 }, "geometry": { "type": "LineString", "coordinates": [ [ -82.77496983333333, 28.169412694444446 ], [ -82.7678, 28.182611111111111 ], [ -82.759061416666668, 28.170177166666669 ] ] } },
{ "type": "Feature", "properties": { "style": "solid", "thickness": 1 }, "geometry": { "type": "LineString", "coordinates": [ [ -82.62563872222222, 28.263781833333333 ], [ -82.618444444444435, 28.27697222222222 ], [ -82.6097153611111, 28.264529083333333 ] ] } },
{ "type": "Feature", "properties": { "style": "solid", "thickness": 1 }, "geometry": { "type": "LineString", "coordinates": [ [ -82.386280861111118, 28.176174944444444 ], [ -82.379063277777774, 28.18935311111111 ], [ -82.37036877777777, 28.176894638888889 ] ] } },
{ "type": "Feature", "properties": { "style": "solid", "thickness": 1 }, "geometry": { "type": "LineString", "coordinates": [ [ -82.379046166666654, 28.2992115 ], [ -82.371819444444441, 28.31238888888889 ], [ -82.363115916666658, 28.299930305555556 ] ] } },
{ "type": "Feature", "properties": { "style": "solid", "thickness": 1 }, "geometry": { "type": "LineString", "coordinates": [ [ -82.186574416666673, 28.214780055555554 ], [ -82.17933, 28.227947527777776 ], [ -82.170655444444449, 28.215476666666667 ] ] } },
{ "type": "Feature", "properties": { "style": "solid", "thickness": 1 }, "geometry": { "type": "LineString", "coordinates": [ [ -82.056552777777782, 28.197222305555556 ], [ -82.049293777777777, 28.210382916666667 ], [ -82.04063566666666, 28.197903944444445 ] ] } },
{ "type": "Feature", "properties": { "style": "solid", "thickness": 1 }, "geometry": { "type": "LineString", "coordinates": [ [ -82.020871333333332, 28.199613833333334 ], [ -82.013607861111112, 28.212772555555556 ], [ -82.004953666666665, 28.200291361111109 ] ] } },
{ "type": "Feature", "properties": { "style": "solid", "thickness": 1 }, "geometry": { "type": "LineString", "coordinates": [ [ -82.0479455, 28.065119944444444 ], [ -82.040694444444441, 28.078280555555555 ], [ -82.032047722222217, 28.06580075 ] ] } },
{ "type": "Feature", "properties": { "style": "solid", "thickness": 1 }, "geometry": { "type": "LineString", "coordinates": [ [ -81.92150375, 27.928118305555557 ], [ -81.91424675, 27.941272583333333 ], [ -81.90562530555556, 27.92878475 ] ] } },
{ "type": "Feature", "properties": { "style": "solid", "thickness": 1 }, "geometry": { "type": "LineString", "coordinates": [ [ -81.874345805555549, 27.840034416666665 ], [ -81.867089138888886, 27.853186416666667 ], [ -81.85847994444444, 27.840695555555556 ] ] } },
{ "type": "Feature", "properties": { "style": "solid", "thickness": 1 }, "geometry": { "type": "LineString", "coordinates": [ [ -81.826929388888885, 28.170804361111113 ], [ -81.819644444444435, 28.18395277777778 ], [ -81.811015, 28.171459583333334 ] ] } },
{ "type": "Feature", "properties": { "style": "solid", "thickness": 1 }, "geometry": { "type": "LineString", "coordinates": [ [ -81.840492972222222, 28.141750194444445 ], [ -81.833211666666656, 28.154899444444442 ], [ -81.824582916666657, 28.142407027777779 ] ] } },
{ "type": "Feature", "properties": { "style": "solid", "thickness": 1 }, "geometry": { "type": "LineString", "coordinates": [ [ -81.88727225, 28.139343 ], [ -81.879996749999989, 28.15249475 ], [ -81.871362777777776, 28.140005194444445 ] ] } },
{ "type": "Feature", "properties": { "style": "solid", "thickness": 1 }, "geometry": { "type": "LineString", "coordinates": [ [ -81.82733833333333, 28.072279666666667 ], [ -81.820060194444437, 28.085428416666666 ], [ -81.811438416666661, 28.072935055555554 ] ] } },
{ "type": "Feature", "properties": { "style": "solid", "thickness": 1 }, "geometry": { "type": "LineString", "coordinates": [ [ -81.557865777777778, 28.11352738888889 ], [ -81.550552416666662, 28.126661416666668 ], [ -81.541958666666659, 28.114151694444445 ] ] } },
{ "type": "Feature", "properties": { "style": "solid", "thickness": 1 }, "geometry": { "type": "LineString", "coordinates": [ [ -81.290709888888884, 28.161380805555556 ], [ -81.283361111111105, 28.1745 ], [ -81.274794833333331, 28.161974194444443 ] ] } },
{ "type": "Feature", "properties": { "style": "solid", "thickness": 1 }, "geometry": { "type": "LineString", "coordinates": [ [ -81.556182083333326, 27.863804472222224 ], [ -81.54888575, 27.87693927777778 ], [ -81.540311416666668, 27.864429083333334 ] ] } },
{ "type": "Feature", "properties": { "style": "solid", "thickness": 1 }, "geometry": { "type": "LineString", "coordinates": [ [ -81.605580888888881, 27.77587886111111 ], [ -81.598296472222216, 27.789016611111112 ], [ -81.589723166666658, 27.776509305555553 ] ] } },
{ "type": "Feature", "properties": { "style": "solid", "thickness": 1 }, "geometry": { "type": "LineString", "coordinates": [ [ -81.576243333333323, 27.74382563888889 ], [ -81.568957611111102, 27.756961888888888 ], [ -81.560390111111104, 27.744452805555557 ] ] } },
{ "type": "Feature", "properties": { "style": "solid", "thickness": 1 }, "geometry": { "type": "LineString", "coordinates": [ [ -81.522395083333336, 27.548327694444446 ], [ -81.515116333333339, 27.561461555555557 ], [ -81.506569861111117, 27.548949083333333 ] ] } },
{ "type": "Feature", "properties": { "style": "solid", "thickness": 1 }, "geometry": { "type": "LineString", "coordinates": [ [ -82.448038722222222, 28.437519472222224 ], [ -82.440811111111117, 28.4507 ], [ -82.432088472222233, 28.438246166666666 ] ] } },
{ "type": "Feature", "properties": { "style": "solid", "thickness": 1 }, "geometry": { "type": "LineString", "coordinates": [ [ -82.271133055555552, 28.412656777777777 ], [ -82.263885527777774, 28.425828055555556 ], [ -82.25518538888889, 28.413363027777777 ] ] } },
{ "type": "Feature", "properties": { "style": "solid", "thickness": 1 }, "geometry": { "type": "LineString", "coordinates": [ [ -82.196488444444455, 28.438894166666667 ], [ -82.189230027777782, 28.45206138888889 ], [ -82.180536472222229, 28.43959175 ] ] } },
{ "type": "Feature", "properties": { "style": "solid", "thickness": 1 }, "geometry": { "type": "LineString", "coordinates": [ [ -82.200936666666664, 28.420741083333336 ], [ -82.193680027777788, 28.433908611111111 ], [ -82.184987388888899, 28.421439194444446 ] ] } },
{ "type": "Feature", "properties": { "style": "solid", "thickness": 1 }, "geometry": { "type": "LineString", "coordinates": [ [ -82.416784638888899, 28.576896861111109 ], [ -82.409543805555558, 28.590075222222222 ], [ -82.400813527777785, 28.57761988888889 ] ] } },
{ "type": "Feature", "properties": { "style": "solid", "thickness": 1 }, "geometry": { "type": "LineString", "coordinates": [ [ -82.44427983333334, 28.628198166666667 ], [ -82.437038888888893, 28.641377777777777 ], [ -82.42830125, 28.62892436111111 ] ] } },
{ "type": "Feature", "properties": { "style": "solid", "thickness": 1 }, "geometry": { "type": "LineString", "coordinates": [ [ -82.556212027777775, 28.783954194444448 ], [ -82.548974305555561, 28.797139055555558 ], [ -82.540210888888893, 28.784693333333333 ] ] } },
{ "type": "Feature", "properties": { "style": "solid", "thickness": 1 }, "geometry": { "type": "LineString", "coordinates": [ [ -82.494917611111106, 28.866096333333335 ], [ -82.48766672222223, 28.87927761111111 ], [ -82.478903722222228, 28.866828305555558 ] ] } },
{ "type": "Feature", "properties": { "style": "solid", "thickness": 1 }, "geometry": { "type": "LineString", "coordinates": [ [ -82.09907202777778, 29.066213027777778 ], [ -82.091758333333331, 29.079372222222222 ], [ -82.0830255, 29.066898666666667 ] ] } },
{ "type": "Feature", "properties": { "style": "solid", "thickness": 1 }, "geometry": { "type": "LineString", "coordinates": [ [ -82.142856805555567, 28.965449055555556 ], [ -82.135555555555555, 28.97861111111111 ], [ -82.126825777777768, 28.966139916666666 ] ] } },
{ "type": "Feature", "properties": { "style": "solid", "thickness": 1 }, "geometry": { "type": "LineString", "coordinates": [ [ -82.118190055555544, 28.920477944444446 ], [ -82.11088888888888, 28.93363888888889 ], [ -82.102165666666664, 28.921165972222223 ] ] } },
{ "type": "Feature", "properties": { "style": "solid", "thickness": 1 }, "geometry": { "type": "LineString", "coordinates": [ [ -82.017873833333326, 29.035450694444446 ], [ -82.01055225, 29.048605666666667 ], [ -82.001831527777782, 29.036126888888891 ] ] } },
{ "type": "Feature", "properties": { "style": "solid", "thickness": 1 }, "geometry": { "type": "LineString", "coordinates": [ [ -81.985103805555553, 29.041013527777778 ], [ -81.977777777777774, 29.054166666666667 ], [ -81.969060472222225, 29.041685861111112 ] ] } },
{ "type": "Feature", "properties": { "style": "solid", "thickness": 1 }, "geometry": { "type": "LineString", "coordinates": [ [ -81.967040027777784, 28.891569305555556 ], [ -81.959722222222226, 28.904722222222222 ], [ -81.951019138888896, 28.892239722222222 ] ] } },
{ "type": "Feature", "properties": { "style": "solid", "thickness": 1 }, "geometry": { "type": "LineString", "coordinates": [ [ -81.924041111111123, 28.878649472222222 ], [ -81.916718944444455, 28.89180013888889 ], [ -81.90802197222223, 28.879314916666669 ] ] } },
{ "type": "Feature", "properties": { "style": "solid", "thickness": 1 }, "geometry": { "type": "LineString", "coordinates": [ [ -82.091179055555557, 28.761834388888889 ], [ -82.083885555555554, 28.774994611111111 ], [ -82.075178361111114, 28.762519416666667 ] ] } },
{ "type": "Feature", "properties": { "style": "solid", "thickness": 1 }, "geometry": { "type": "LineString", "coordinates": [ [ -81.967861083333332, 28.764341 ], [ -81.960552277777779, 28.777494583333333 ], [ -81.951859333333331, 28.765011694444443 ] ] } },
{ "type": "Feature", "properties": { "style": "solid", "thickness": 1 }, "geometry": { "type": "LineString", "coordinates": [ [ -82.104230527777773, 28.677949805555556 ], [ -82.096944444444446, 28.691111111111113 ], [ -82.08824247222222, 28.678636444444447 ] ] } },
{ "type": "Feature", "properties": { "style": "solid", "thickness": 1 }, "geometry": { "type": "LineString", "coordinates": [ [ -82.108672111111105, 28.644060527777778 ], [ -82.101388888888877, 28.65722222222222 ], [ -82.092689111111113, 28.64474772222222 ] ] } },
{ "type": "Feature", "properties": { "style": "solid", "thickness": 1 }, "geometry": { "type": "LineString", "coordinates": [ [ -82.146141472222226, 28.665128333333332 ], [ -82.138861388888898, 28.678291944444446 ], [ -82.130155527777774, 28.66581986111111 ] ] } },
{ "type": "Feature", "properties": { "style": "solid", "thickness": 1 }, "geometry": { "type": "LineString", "coordinates": [ [ -81.544484583333329, 28.983542888888891 ], [ -81.537108333333336, 28.996672222222223 ], [ -81.528447916666664, 28.984163833333334 ] ] } },
{ "type": "Feature", "properties": { "style": "solid", "thickness": 1 }, "geometry": { "type": "LineString", "coordinates": [ [ -81.781223111111103, 28.846295972222222 ], [ -81.773885638888885, 28.859439027777778 ], [ -81.765208138888894, 28.846944805555555 ] ] } },
{ "type": "Feature", "properties": { "style": "solid", "thickness": 1 }, "geometry": { "type": "LineString", "coordinates": [ [ -81.612143305555549, 28.714637777777778 ], [ -81.604794444444437, 28.727772222222221 ], [ -81.596147361111107, 28.715267166666667 ] ] } },
{ "type": "Feature", "properties": { "style": "solid", "thickness": 1 }, "geometry": { "type": "LineString", "coordinates": [ [ -81.565126055555552, 28.670195888888891 ], [ -81.557774611111114, 28.683327944444446 ], [ -81.549136583333336, 28.670819888888889 ] ] } },
{ "type": "Feature", "properties": { "style": "solid", "thickness": 1 }, "geometry": { "type": "LineString", "coordinates": [ [ -81.464018222222222, 28.593150277777777 ], [ -81.456659916666666, 28.606277138888892 ], [ -81.448039861111113, 28.593762694444443 ] ] } },
{ "type": "Feature", "properties": { "style": "solid", "thickness": 1 }, "geometry": { "type": "LineString", "coordinates": [ [ -81.47011641666667, 28.561317083333336 ], [ -81.462761111111121, 28.574444444444445 ], [ -81.454142833333336, 28.56193027777778 ] ] } },
{ "type": "Feature", "properties": { "style": "solid", "thickness": 1 }, "geometry": { "type": "LineString", "coordinates": [ [ -81.601291083333322, 28.54617925 ], [ -81.593952777777773, 28.559313888888891 ], [ -81.58532025, 28.546807694444446 ] ] } },
{ "type": "Feature", "properties": { "style": "solid", "thickness": 1 }, "geometry": { "type": "LineString", "coordinates": [ [ -81.8898008888889, 28.512960638888888 ], [ -81.8825, 28.52611111111111 ], [ -81.87383627777777, 28.51362261111111 ] ] } },
{ "type": "Feature", "properties": { "style": "solid", "thickness": 1 }, "geometry": { "type": "LineString", "coordinates": [ [ -81.80616491666666, 28.051291527777778 ], [ -81.798885666666663, 28.064439222222223 ], [ -81.790267972222225, 28.051944527777778 ] ] } },
{ "type": "Feature", "properties": { "style": "solid", "thickness": 1 }, "geometry": { "type": "LineString", "coordinates": [ [ -81.499549055555562, 27.566740083333332 ], [ -81.492266333333333, 27.579872666666667 ], [ -81.483721111111109, 27.567358805555557 ] ] } },
{ "type": "Feature", "properties": { "style": "solid", "thickness": 1 }, "geometry": { "type": "LineString", "coordinates": [ [ -81.42333166666667, 27.48087125 ], [ -81.416045805555555, 27.493999916666667 ], [ -81.407515777777789, 27.481481444444444 ] ] } },
{ "type": "Feature", "properties": { "style": "solid", "thickness": 1 }, "geometry": { "type": "LineString", "coordinates": [ [ -82.56897002777778, 28.010494916666666 ], [ -82.577717916666657, 28.01008625 ], [ -82.568171333333325, 27.997018166666667 ], [ -82.576918138888885, 27.996609527777778 ], [ -82.56897002777778, 28.010494916666666 ] ] } },
{ "type": "Feature", "properties": { "style": "solid", "thickness": 1 }, "geometry": { "type": "LineString", "coordinates": [ [ -82.79905191666667, 27.921104861111111 ], [ -82.80779175, 27.920681666666667 ], [ -82.7982255, 27.907629277777776 ], [ -82.80696422222222, 27.907206111111108 ], [ -82.79905191666667, 27.921104861111111 ] ] } },
{ "type": "Feature", "properties": { "style": "solid", "thickness": 1 }, "geometry": { "type": "LineString", "coordinates": [ [ -82.779240611111106, 27.817311277777776 ], [ -82.787972194444436, 27.816889333333332 ], [ -82.778417444444443, 27.803835305555555 ], [ -82.787147972222215, 27.803413416666668 ], [ -82.779240611111106, 27.817311277777776 ] ] } },
{ "type": "Feature", "properties": { "style": "solid", "thickness": 1 }, "geometry": { "type": "LineString", "coordinates": [ [ -82.722662888888891, 27.812286194444447 ], [ -82.731394305555554, 27.811867805555558 ], [ -82.721846722222224, 27.798809861111113 ], [ -82.73057708333333, 27.798391527777781 ], [ -82.722662888888891, 27.812286194444447 ] ] } },
{ "type": "Feature", "properties": { "style": "solid", "thickness": 1 }, "geometry": { "type": "LineString", "coordinates": [ [ -82.735824027777781, 27.759953194444446 ], [ -82.74455125, 27.759534 ], [ -82.735006666666663, 27.746476833333336 ], [ -82.743732805555553, 27.746057694444445 ], [ -82.735824027777781, 27.759953194444446 ] ] } },
{ "type": "Feature", "properties": { "style": "solid", "thickness": 1 }, "geometry": { "type": "LineString", "coordinates": [ [ -82.638343111111112, 27.769972527777778 ], [ -82.64707150000001, 27.76955947222222 ], [ -82.637537666666674, 27.756495611111109 ], [ -82.646264972222227, 27.756082583333335 ], [ -82.638343111111112, 27.769972527777778 ] ] } },
{ "type": "Feature", "properties": { "style": "solid", "thickness": 1 }, "geometry": { "type": "LineString", "coordinates": [ [ -82.362105833333331, 27.721351805555553 ], [ -82.370831361111101, 27.720956138888887 ], [ -82.361334666666664, 27.707873194444442 ], [ -82.370059138888877, 27.707477583333333 ], [ -82.362105833333331, 27.721351805555553 ] ] } },
{ "type": "Feature", "properties": { "style": "solid", "thickness": 1 }, "geometry": { "type": "LineString", "coordinates": [ [ -82.778038194444449, 28.02138675 ], [ -82.786786138888885, 28.020964833333334 ], [ -82.777213555555548, 28.007911277777779 ], [ -82.785960416666668, 28.007489416666665 ], [ -82.778038194444449, 28.02138675 ] ] } },
{ "type": "Feature", "properties": { "style": "solid", "thickness": 1 }, "geometry": { "type": "LineString", "coordinates": [ [ -82.70999169444444, 28.26263186111111 ], [ -82.718759388888884, 28.26221425 ], [ -82.709173583333339, 28.249156666666668 ], [ -82.717940166666665, 28.248739111111114 ], [ -82.70999169444444, 28.26263186111111 ] ] } },
{ "type": "Feature", "properties": { "style": "solid", "thickness": 1 }, "geometry": { "type": "LineString", "coordinates": [ [ -82.418321833333337, 28.077418333333334 ], [ -82.427075666666667, 28.077019194444443 ], [ -82.417541333333332, 28.06394088888889 ], [ -82.426294083333332, 28.063541805555555 ], [ -82.418321833333337, 28.077418333333334 ] ] } },
{ "type": "Feature", "properties": { "style": "solid", "thickness": 1 }, "geometry": { "type": "LineString", "coordinates": [ [ -81.950238527777785, 28.06913461111111 ], [ -81.958993166666673, 28.068765138888889 ], [ -81.949516083333336, 28.055654861111112 ], [ -81.958269666666666, 28.055285444444443 ], [ -81.950238527777785, 28.06913461111111 ] ] } },
{ "type": "Feature", "properties": { "style": "solid", "thickness": 1 }, "geometry": { "type": "LineString", "coordinates": [ [ -82.802286138888888, 27.960495666666667 ], [ -82.811029111111111, 27.960072222222223 ], [ -82.801459, 27.947020194444445 ], [ -82.810200861111113, 27.946596805555554 ], [ -82.802286138888888, 27.960495666666667 ] ] } },
{ "type": "Feature", "properties": { "style": "solid", "thickness": 1 }, "geometry": { "type": "LineString", "coordinates": [ [ -81.948696111111119, 28.801836833333333 ], [ -81.941382333333337, 28.814989194444443 ], [ -81.932688638888891, 28.802505222222223 ] ] } },
{ "type": "Feature", "properties": { "style": "solid", "thickness": 1 }, "geometry": { "type": "LineString", "coordinates": [ [ -82.619629111111109, 28.958851444444445 ], [ -82.628454277777777, 28.958439583333334 ], [ -82.618816888888887, 28.945378472222224 ], [ -82.627640916666664, 28.944966638888889 ], [ -82.619629111111109, 28.958851444444445 ] ] } },
{ "type": "Feature", "properties": { "style": "solid", "thickness": 1 }, "geometry": { "type": "LineString", "coordinates": [ [ -82.331325472222218, 28.8409895 ], [ -82.340141916666667, 28.840596138888888 ], [ -82.330550611111107, 28.82751436111111 ], [ -82.339365944444438, 28.827121027777778 ], [ -82.331325472222218, 28.8409895 ] ] } },
{ "type": "Feature", "properties": { "style": "solid", "thickness": 1 }, "geometry": { "type": "LineString", "coordinates": [ [ -82.437733944444446, 28.545740666666667 ], [ -82.446525722222219, 28.545340416666669 ], [ -82.436947722222229, 28.532264888888889 ], [ -82.445738388888898, 28.531864666666667 ], [ -82.437733944444446, 28.545740666666667 ] ] } },
{ "type": "Feature", "properties": { "style": "solid", "thickness": 1 }, "geometry": { "type": "LineString", "coordinates": [ [ -82.534947722222213, 28.444796722222222 ], [ -82.543730888888888, 28.444390222222221 ], [ -82.534150055555557, 28.431321111111114 ], [ -82.542932111111114, 28.430914694444446 ], [ -82.534947722222213, 28.444796722222222 ] ] } },
{ "type": "Feature", "properties": { "style": "solid", "thickness": 1 }, "geometry": { "type": "LineString", "coordinates": [ [ -82.684026472222229, 28.369395694444446 ], [ -82.692802916666665, 28.368979722222221 ], [ -82.68321075, 28.355920722222223 ], [ -82.69198611111112, 28.355504805555558 ], [ -82.684026472222229, 28.369395694444446 ] ] } },
{ "type": "Feature", "properties": { "style": "solid", "thickness": 1 }, "geometry": { "type": "LineString", "coordinates": [ [ -82.181627305555565, 28.268885638888889 ], [ -82.190397388888897, 28.268501583333332 ], [ -82.180874972222227, 28.255407583333334 ], [ -82.189643944444455, 28.255023555555557 ], [ -82.181627305555565, 28.268885638888889 ] ] } },
{ "type": "Feature", "properties": { "style": "solid", "thickness": 1 }, "geometry": { "type": "LineString", "coordinates": [ [ -82.196304972222222, 28.354341833333336 ], [ -82.205081972222231, 28.353956888888892 ], [ -82.195550277777784, 28.340864111111109 ], [ -82.204326166666675, 28.340479194444445 ], [ -82.196304972222222, 28.354341833333336 ] ] } },
{ "type": "Feature", "properties": { "style": "solid", "thickness": 1 }, "geometry": { "type": "LineString", "coordinates": [ [ -81.638720611111111, 28.188397666666667 ], [ -81.647485666666668, 28.188048055555555 ], [ -81.638036305555559, 28.174917083333334 ], [ -81.646800277777785, 28.1745675 ], [ -81.638720611111111, 28.188397666666667 ] ] } },
{ "type": "Feature", "properties": { "style": "solid", "thickness": 1 }, "geometry": { "type": "LineString", "coordinates": [ [ -82.134464166666675, 28.022005972222221 ], [ -82.143214472222226, 28.021624805555554 ], [ -82.133719194444453, 28.008526972222221 ], [ -82.142468416666674, 28.008145833333334 ], [ -82.134464166666675, 28.022005972222221 ] ] } },
{ "type": "Feature", "properties": { "style": "solid", "thickness": 1 }, "geometry": { "type": "LineString", "coordinates": [ [ -82.505261388888883, 28.137549638888888 ], [ -82.51401975, 28.137145 ], [ -82.504469694444438, 28.12407288888889 ], [ -82.51322694444444, 28.123668305555555 ], [ -82.505261388888883, 28.137549638888888 ] ] } },
{ "type": "Feature", "properties": { "style": "solid", "thickness": 1 }, "geometry": { "type": "LineString", "coordinates": [ [ -82.70339222222222, 28.049770416666668 ], [ -82.712142722222225, 28.049353222222223 ], [ -82.702576583333339, 28.036294583333333 ], [ -82.711326, 28.035877444444445 ], [ -82.70339222222222, 28.049770416666668 ] ] } },
{ "type": "Feature", "properties": { "style": "solid", "thickness": 1 }, "geometry": { "type": "LineString", "coordinates": [ [ -82.489789861111106, 27.989419111111111 ], [ -82.498536333333334, 27.989015444444444 ], [ -82.489001111111108, 27.97594186111111 ], [ -82.4977465, 27.97553825 ], [ -82.489789861111106, 27.989419111111111 ] ] } },
{ "type": "Feature", "properties": { "style": "solid", "thickness": 1 }, "geometry": { "type": "LineString", "coordinates": [ [ -82.4554675, 27.946230055555557 ], [ -82.464210638888886, 27.945828527777778 ], [ -82.454683305555562, 27.9327525 ], [ -82.463425361111121, 27.932351027777781 ], [ -82.4554675, 27.946230055555557 ] ] } },
{ "type": "Feature", "properties": { "style": "solid", "thickness": 1 }, "geometry": { "type": "LineString", "coordinates": [ [ -82.284784333333334, 27.93983713888889 ], [ -82.293527555555556, 27.939446416666666 ], [ -82.284021277777782, 27.926358666666669 ], [ -82.292763416666659, 27.925968 ], [ -82.284784333333334, 27.93983713888889 ] ] } },
{ "type": "Feature", "properties": { "style": "solid", "thickness": 1 }, "geometry": { "type": "LineString", "coordinates": [ [ -81.840804916666656, 27.925938111111112 ], [ -81.849548333333331, 27.925575472222224 ], [ -81.840096805555547, 27.912457611111108 ], [ -81.848839138888877, 27.912094972222221 ], [ -81.840804916666656, 27.925938111111112 ] ] } },
{ "type": "Feature", "properties": { "style": "solid", "thickness": 1 }, "geometry": { "type": "LineString", "coordinates": [ [ -81.561684333333332, 27.9018385 ], [ -81.570426472222223, 27.9014935 ], [ -81.561010805555554, 27.888356916666666 ], [ -81.569751861111101, 27.888011916666667 ], [ -81.561684333333332, 27.9018385 ] ] } },
{ "type": "Feature", "properties": { "style": "solid", "thickness": 1 }, "geometry": { "type": "LineString", "coordinates": [ [ -82.618466083333331, 27.489123694444444 ], [ -82.627172249999987, 27.488711916666666 ], [ -82.617665166666654, 27.475646166666664 ], [ -82.626370277777767, 27.475234416666666 ], [ -82.618466083333331, 27.489123694444444 ] ] } },
{ "type": "Feature", "properties": { "style": "solid", "thickness": 1 }, "geometry": { "type": "LineString", "coordinates": [ [ -82.558582694444439, 27.502723222222222 ], [ -82.567290194444439, 27.502315194444446 ], [ -82.557789, 27.489245361111113 ], [ -82.566495416666669, 27.488837361111113 ], [ -82.558582694444439, 27.502723222222222 ] ] } },
{ "type": "Feature", "properties": { "style": "solid", "thickness": 1 }, "geometry": { "type": "LineString", "coordinates": [ [ -82.526850694444448, 27.324753527777776 ], [ -82.535544277777774, 27.324347472222222 ], [ -82.526062111111116, 27.311275222222221 ], [ -82.534754666666672, 27.310869194444447 ], [ -82.526850694444448, 27.324753527777776 ] ] } },
{ "type": "Feature", "properties": { "style": "solid", "thickness": 1 }, "geometry": { "type": "LineString", "coordinates": [ [ -81.613109222222221, 27.8935435 ], [ -81.609501333333327, 27.893687083333333 ] ] } },
{ "type": "Feature", "properties": { "style": "solid", "thickness": 1 }, "geometry": { "type": "LineString", "coordinates": [ [ -81.6218336111111, 27.90062925 ], [ -81.621995555555543, 27.90383475 ] ] } },
{ "type": "Feature", "properties": { "style": "solid", "thickness": 1 }, "geometry": { "type": "LineString", "coordinates": [ [ -81.621084194444435, 27.885792388888888 ], [ -81.620922305555553, 27.882586888888888 ] ] } },
{ "type": "Feature", "properties": { "style": "solid", "thickness": 1 }, "geometry": { "type": "LineString", "coordinates": [ [ -81.6298085, 27.892877666666667 ], [ -81.633416333333344, 27.892733555555555 ] ] } },
{ "type": "Feature", "properties": { "style": "solid", "thickness": 1 }, "geometry": { "type": "LineString", "coordinates": [ [ -81.613109222222221, 27.8935435 ], [ -81.613310222222211, 27.894862777777778 ], [ -81.613773138888888, 27.896128944444445 ], [ -81.614483083333326, 27.897301361111111 ], [ -81.615417277777766, 27.898342277777779 ], [ -81.616545666666667, 27.899218277777777 ], [ -81.617832, 27.899901166666666 ], [ -81.619234916666656, 27.900369027777778 ], [ -81.620709361111111, 27.900606805555555 ], [ -81.622207861111107, 27.900606861111111 ], [ -81.623682305555548, 27.900369166666664 ], [ -81.625085277777771, 27.899901388888889 ], [ -81.626371666666657, 27.899218583333333 ], [ -81.627500138888877, 27.898342638888888 ], [ -81.628434388888877, 27.897301777777777 ], [ -81.629144444444435, 27.896129416666668 ], [ -81.629607444444432, 27.89486325 ], [ -81.629808527777769, 27.893544 ], [ -81.62974125, 27.892214027777776 ], [ -81.629407777777772, 27.89091611111111 ], [ -81.628818833333327, 27.889691944444444 ], [ -81.627993361111109, 27.888580888888889 ], [ -81.626957888888882, 27.887618638888888 ], [ -81.625745694444433, 27.886836138888889 ], [ -81.62439575, 27.8862585 ], [ -81.622951444444439, 27.885904305555556 ], [ -81.621459166666654, 27.885784916666665 ], [ -81.619966861111109, 27.885904222222223 ], [ -81.61852252777777, 27.886258333333334 ], [ -81.617172555555555, 27.886835888888889 ], [ -81.615960305555546, 27.887618333333332 ], [ -81.61492475, 27.888580527777776 ], [ -81.614099194444435, 27.889691527777778 ], [ -81.613510166666657, 27.890915638888888 ], [ -81.613176611111101, 27.892213527777777 ], [ -81.613109222222221, 27.8935435 ] ] } },
{ "type": "Feature", "properties": { "style": "solid", "thickness": 1 }, "geometry": { "type": "LineString", "coordinates": [ [ -82.305263194444436, 28.007823805555557 ], [ -82.297533333333334, 28.020766666666667 ], [ -82.289357, 28.008041722222224 ] ] } },
{ "type": "Feature", "properties": { "style": "solid", "thickness": 1 }, "geometry": { "type": "LineString", "coordinates": [ [ -81.770011388888889, 26.787862888888892 ], [ -81.762305555555557, 26.800777777777778 ], [ -81.754279305555556, 26.788021055555557 ] ] } },
{ "type": "Feature", "properties": { "style": "solid", "thickness": 1 }, "geometry": { "type": "LineString", "coordinates": [ [ -82.497136916666662, 27.867219416666668 ], [ -82.50587358333334, 27.866815277777778 ], [ -82.496348138888891, 27.853741916666667 ], [ -82.505083722222224, 27.853337805555558 ], [ -82.497136916666662, 27.867219416666668 ] ] } },
{ "type": "Feature", "properties": { "style": "solid", "thickness": 1 }, "geometry": { "type": "LineString", "coordinates": [ [ -82.500184861111109, 29.619815111111112 ], [ -82.496519277777779, 29.619981694444444 ] ] } },
{ "type": "Feature", "properties": { "style": "solid", "thickness": 1 }, "geometry": { "type": "LineString", "coordinates": [ [ -82.50911008333334, 29.626841361111111 ], [ -82.509301111111114, 29.630044138888888 ] ] } },
{ "type": "Feature", "properties": { "style": "solid", "thickness": 1 }, "geometry": { "type": "LineString", "coordinates": [ [ -82.508226083333327, 29.612016944444445 ], [ -82.508035138888886, 29.608814138888889 ] ] } },
{ "type": "Feature", "properties": { "style": "solid", "thickness": 1 }, "geometry": { "type": "LineString", "coordinates": [ [ -82.517151194444438, 29.619042694444445 ], [ -82.520816722222222, 29.618875555555555 ] ] } },
{ "type": "Feature", "properties": { "style": "solid", "thickness": 1 }, "geometry": { "type": "LineString", "coordinates": [ [ -82.500184861111109, 29.619815111111112 ], [ -82.5004, 29.621132416666669 ], [ -82.500880916666674, 29.622394972222224 ], [ -82.501612111111115, 29.623562222222223 ], [ -82.502570138888885, 29.624596638888889 ], [ -82.503724166666672, 29.625464944444445 ], [ -82.505037138888895, 29.626139277777778 ], [ -82.506466833333334, 29.626597916666668 ], [ -82.50796727777778, 29.626826111111111 ], [ -82.50949025, 29.626816555555557 ], [ -82.510986805555561, 29.626569555555555 ], [ -82.512408805555552, 29.626093055555557 ], [ -82.513710583333335, 29.625402333333334 ], [ -82.514850222222222, 29.624519638888888 ], [ -82.515791166666673, 29.623473333333333 ], [ -82.516503111111106, 29.62229702777778 ], [ -82.516963222222216, 29.621028555555554 ], [ -82.517156722222225, 29.619708694444444 ], [ -82.517077361111106, 29.618379833333332 ], [ -82.51672775, 29.617084722222224 ], [ -82.516119083333336, 29.615864972222223 ], [ -82.515270972222226, 29.614759777777778 ], [ -82.514210666666671, 29.613804666666667 ], [ -82.51297225, 29.613030305555558 ], [ -82.511595527777772, 29.612461611111112 ], [ -82.510124722222216, 29.612116833333335 ], [ -82.508607111111118, 29.612007083333335 ], [ -82.507091444444441, 29.612135861111113 ], [ -82.505626444444445, 29.61249902777778 ], [ -82.504259194444444, 29.613084944444445 ], [ -82.503033611111107, 29.61387475 ], [ -82.501989111111115, 29.614843055555557 ], [ -82.50115925, 29.615958777777781 ], [ -82.500570694444448, 29.617186027777777 ], [ -82.500242388888893, 29.618485388888889 ], [ -82.500184861111109, 29.619815111111112 ] ] } },
{ "type": "Feature", "properties": { "style": "solid", "thickness": 1 }, "geometry": { "type": "LineString", "coordinates": [ [ -81.275308, 29.067338472222222 ], [ -81.271660222222224, 29.067472555555554 ] ] } },
{ "type": "Feature", "properties": { "style": "solid", "thickness": 1 }, "geometry": { "type": "LineString", "coordinates": [ [ -81.284103944444439, 29.074444472222222 ], [ -81.284256916666664, 29.07764922222222 ] ] } },
{ "type": "Feature", "properties": { "style": "solid", "thickness": 1 }, "geometry": { "type": "LineString", "coordinates": [ [ -81.283396083333329, 29.059611055555557 ], [ -81.283243166666665, 29.056406305555555 ] ] } },
{ "type": "Feature", "properties": { "style": "solid", "thickness": 1 }, "geometry": { "type": "LineString", "coordinates": [ [ -81.29219194444444, 29.066716583333331 ], [ -81.295839694444439, 29.066581944444444 ] ] } },
{ "type": "Feature", "properties": { "style": "solid", "thickness": 1 }, "geometry": { "type": "LineString", "coordinates": [ [ -81.275308, 29.067338472222222 ], [ -81.275506777777778, 29.068657777777776 ], [ -81.2759705, 29.069924722222222 ], [ -81.276684277777775, 29.071098555555555 ], [ -81.277625166666667, 29.072141527777777 ], [ -81.278762944444438, 29.073020166666666 ], [ -81.280061055555549, 29.073706194444444 ], [ -81.28147775, 29.074177555555554 ], [ -81.282967472222225, 29.074419083333332 ], [ -81.284482361111102, 29.074423055555556 ], [ -81.285973722222224, 29.074189305555556 ], [ -81.287393583333326, 29.073725388888889 ], [ -81.288696305555547, 29.073046166666668 ], [ -81.289840055555558, 29.072173527777778 ], [ -81.290788, 29.07113547222222 ], [ -81.291509722222216, 29.069965388888889 ], [ -81.291982027777777, 29.068700916666668 ], [ -81.29218975, 29.067382638888887 ], [ -81.29212619444445, 29.066053 ], [ -81.291793416666664, 29.064754666666666 ], [ -81.291202138888892, 29.063529416666668 ], [ -81.290371361111113, 29.062416611111111 ], [ -81.289327805555558, 29.061452 ], [ -81.288105, 29.060666611111113 ], [ -81.28674225, 29.060085666666666 ], [ -81.285283333333325, 29.059727805555557 ], [ -81.283775166666658, 29.059604583333336 ], [ -81.282266166666659, 29.059719916666669 ], [ -81.280804861111108, 29.060070111111113 ], [ -81.279438194444438, 29.060643944444447 ], [ -81.278210111111107, 29.061422916666668 ], [ -81.277160027777782, 29.062382055555556 ], [ -81.276321722222221, 29.063490472222224 ], [ -81.275722166666668, 29.064712611111112 ], [ -81.27538058333333, 29.066009166666667 ], [ -81.275308, 29.067338472222222 ] ] } },
{ "type": "Feature", "properties": { "style": "solid", "thickness": 1 }, "geometry": { "type": "LineString", "coordinates": [ [ -81.450877027777778, 29.250349055555557 ], [ -81.447223055555554, 29.250487722222221 ] ] } },
{ "type": "Feature", "properties": { "style": "solid", "thickness": 1 }, "geometry": { "type": "LineString", "coordinates": [ [ -81.4597, 29.257443694444444 ], [ -81.45985844444445, 29.260648083333333 ] ] } },
{ "type": "Feature", "properties": { "style": "solid", "thickness": 1 }, "geometry": { "type": "LineString", "coordinates": [ [ -81.458966722222229, 29.242611833333335 ], [ -81.458808305555564, 29.239407416666669 ] ] } },
{ "type": "Feature", "properties": { "style": "solid", "thickness": 1 }, "geometry": { "type": "LineString", "coordinates": [ [ -81.467789611111115, 29.249705972222223 ], [ -81.47144352777778, 29.24956677777778 ] ] } },
{ "type": "Feature", "properties": { "style": "solid", "thickness": 1 }, "geometry": { "type": "LineString", "coordinates": [ [ -81.450877027777778, 29.250349055555557 ], [ -81.451078277777782, 29.251668055555555 ], [ -81.45154488888889, 29.252934361111112 ], [ -81.452261833333338, 29.25410722222222 ], [ -81.453206083333342, 29.255149 ], [ -81.454347277777785, 29.256026166666668 ], [ -81.455648777777782, 29.256710527777777 ], [ -81.457068722222232, 29.257180083333335 ], [ -81.458561472222229, 29.25741975 ], [ -81.460079055555553, 29.257421805555555 ], [ -81.461572638888896, 29.257186194444444 ], [ -81.462994222222221, 29.2567205 ], [ -81.464298138888893, 29.256039694444443 ], [ -81.465442472222222, 29.25516563888889 ], [ -81.466390388888897, 29.254126444444445 ], [ -81.467111472222228, 29.252955527777779 ], [ -81.467582555555552, 29.2516905 ], [ -81.467788472222225, 29.250372027777779 ], [ -81.467722638888887, 29.249042527777778 ], [ -81.467387166666668, 29.247744694444446 ], [ -81.466792861111117, 29.246520222222223 ], [ -81.465958805555559, 29.2454085 ], [ -81.464911861111119, 29.24444525 ], [ -81.463685611111117, 29.243661416666669 ], [ -81.46231952777778, 29.243082222222224 ], [ -81.46085747222223, 29.242726222222224 ], [ -81.459346444444449, 29.242604888888891 ], [ -81.457835, 29.242722111111114 ], [ -81.456371694444442, 29.24307413888889 ], [ -81.455003555555564, 29.24364963888889 ], [ -81.453774555555555, 29.244430138888891 ], [ -81.45272422222223, 29.245390527777779 ], [ -81.45188625, 29.246499972222225 ], [ -81.451287611111113, 29.247722805555558 ], [ -81.450947555555558, 29.249019722222222 ], [ -81.450877027777778, 29.250349055555557 ] ] } },
{ "type": "Feature", "properties": { "style": "solid", "thickness": 1 }, "geometry": { "type": "LineString", "coordinates": [ [ -82.215666555555558, 29.17224527777778 ], [ -82.212016111111112, 29.172404333333336 ] ] } },
{ "type": "Feature", "properties": { "style": "solid", "thickness": 1 }, "geometry": { "type": "LineString", "coordinates": [ [ -82.224534833333337, 29.179291194444446 ], [ -82.224716416666666, 29.182494944444446 ] ] } },
{ "type": "Feature", "properties": { "style": "solid", "thickness": 1 }, "geometry": { "type": "LineString", "coordinates": [ [ -82.2236945, 29.164462333333333 ], [ -82.223512972222224, 29.161258555555555 ] ] } },
{ "type": "Feature", "properties": { "style": "solid", "thickness": 1 }, "geometry": { "type": "LineString", "coordinates": [ [ -82.232562666666666, 29.17150775 ], [ -82.236213027777779, 29.171348138888892 ] ] } },
{ "type": "Feature", "properties": { "style": "solid", "thickness": 1 }, "geometry": { "type": "LineString", "coordinates": [ [ -82.215666555555558, 29.17224527777778 ], [ -82.215877222222218, 29.17356325 ], [ -82.216352694444453, 29.174827055555557 ], [ -82.217077638888895, 29.175996 ], [ -82.218028805555562, 29.177032583333336 ], [ -82.219175583333339, 29.177903416666666 ], [ -82.220481138888886, 29.178580583333336 ], [ -82.2219035, 29.17904225 ], [ -82.223396944444445, 29.179273583333334 ], [ -82.224913472222227, 29.179267166666669 ], [ -82.226404305555562, 29.179023222222224 ], [ -82.227821527777778, 29.178549555555556 ], [ -82.229119583333329, 29.177861416666669 ], [ -82.230256777777782, 29.176980916666668 ], [ -82.2311965, 29.175936361111113 ], [ -82.231908583333336, 29.174761305555556 ], [ -82.232370166666669, 29.173493555555556 ], [ -82.232566388888884, 29.172173861111112 ], [ -82.23249094444445, 29.170844611111111 ], [ -82.23214630555556, 29.169548555555558 ], [ -82.231543527777774, 29.168327333333334 ], [ -82.230702, 29.167220194444447 ], [ -82.229648777777783, 29.166262722222221 ], [ -82.228417722222218, 29.165485666666665 ], [ -82.227048388888889, 29.164914027777776 ], [ -82.225584777777783, 29.164566166666667 ], [ -82.224073916666669, 29.164453277777778 ], [ -82.222564361111111, 29.164578944444443 ], [ -82.221104638888889, 29.164939166666667 ], [ -82.219741638888891, 29.165522333333332 ], [ -82.218519166666667, 29.16630975 ], [ -82.2174765, 29.167276083333334 ], [ -82.216647166666675, 29.168390277777778 ], [ -82.216057805555565, 29.169616555555557 ], [ -82.215727388888894, 29.170915444444447 ], [ -82.215666555555558, 29.17224527777778 ] ] } },
{ "type": "Feature", "properties": { "style": "solid", "thickness": 1 }, "geometry": { "type": "LineString", "coordinates": [ [ -82.368180638888887, 29.062145138888891 ], [ -82.364534222222218, 29.062308277777777 ] ] } },
{ "type": "Feature", "properties": { "style": "solid", "thickness": 1 }, "geometry": { "type": "LineString", "coordinates": [ [ -82.377049916666664, 29.0691815 ], [ -82.377235944444436, 29.072385194444443 ] ] } },
{ "type": "Feature", "properties": { "style": "solid", "thickness": 1 }, "geometry": { "type": "LineString", "coordinates": [ [ -82.37618902777777, 29.054352916666666 ], [ -82.376003055555543, 29.051149222222222 ] ] } },
{ "type": "Feature", "properties": { "style": "solid", "thickness": 1 }, "geometry": { "type": "LineString", "coordinates": [ [ -82.385058194444454, 29.061388777777779 ], [ -82.38870452777779, 29.061225083333333 ] ] } },
{ "type": "Feature", "properties": { "style": "solid", "thickness": 1 }, "geometry": { "type": "LineString", "coordinates": [ [ -82.368180638888887, 29.062145138888891 ], [ -82.36839302777777, 29.063462944444446 ], [ -82.368869805555548, 29.06472627777778 ], [ -82.369595694444442, 29.065894472222222 ], [ -82.370547361111107, 29.066930027777776 ], [ -82.371694222222217, 29.067799638888889 ], [ -82.372999388888886, 29.068475361111112 ], [ -82.374420944444438, 29.068935472222222 ], [ -82.375913166666663, 29.069165166666668 ], [ -82.377428111111101, 29.069157055555554 ], [ -82.378917055555547, 29.068911444444446 ], [ -82.380332138888889, 29.068436166666668 ], [ -82.381627861111099, 29.067746555555555 ], [ -82.382762583333331, 29.066864722222221 ], [ -82.383699833333338, 29.065819083333334 ], [ -82.3844095, 29.064643194444447 ], [ -82.38486875000001, 29.063374888888891 ], [ -82.385062861111123, 29.062054916666668 ], [ -82.384985583333346, 29.060725694444447 ], [ -82.384639416666673, 29.059429944444446 ], [ -82.38403550000001, 29.058209361111111 ], [ -82.38319325, 29.057103083333335 ], [ -82.38213975, 29.05614675 ], [ -82.380908833333322, 29.055371055555558 ], [ -82.379540083333325, 29.054800916666668 ], [ -82.378077499999989, 29.054454666666668 ], [ -82.376568027777765, 29.054343416666669 ], [ -82.37506025, 29.05447077777778 ], [ -82.373602527777777, 29.05483263888889 ], [ -82.372241777777774, 29.055417361111111 ], [ -82.37102172222221, 29.056206166666666 ], [ -82.369981527777767, 29.057173722222224 ], [ -82.36915466666666, 29.058288888888889 ], [ -82.368567694444437, 29.059515861111112 ], [ -82.368239499999987, 29.060815194444444 ], [ -82.368180638888887, 29.062145138888891 ] ] } },
{ "type": "Feature", "properties": { "style": "solid", "thickness": 1 }, "geometry": { "type": "LineString", "coordinates": [ [ -82.462101694444442, 29.354988638888891 ], [ -82.458445277777784, 29.35515425 ] ] } },
{ "type": "Feature", "properties": { "style": "solid", "thickness": 1 }, "geometry": { "type": "LineString", "coordinates": [ [ -82.47100186111112, 29.362018138888889 ], [ -82.471191222222231, 29.365221361111111 ] ] } },
{ "type": "Feature", "properties": { "style": "solid", "thickness": 1 }, "geometry": { "type": "LineString", "coordinates": [ [ -82.470125444444449, 29.347191833333333 ], [ -82.46993611111111, 29.343988583333331 ] ] } },
{ "type": "Feature", "properties": { "style": "solid", "thickness": 1 }, "geometry": { "type": "LineString", "coordinates": [ [ -82.479025472222219, 29.354220833333336 ], [ -82.482681805555558, 29.354054694444446 ] ] } },
{ "type": "Feature", "properties": { "style": "solid", "thickness": 1 }, "geometry": { "type": "LineString", "coordinates": [ [ -82.462101694444442, 29.354988638888891 ], [ -82.462315833333335, 29.35630613888889 ], [ -82.46279505555556, 29.357569 ], [ -82.463524, 29.358736583333336 ], [ -82.464479222222224, 29.359771361111111 ], [ -82.465630027777777, 29.360640111111113 ], [ -82.466939444444449, 29.361314861111111 ], [ -82.468365361111111, 29.361773944444447 ], [ -82.469861944444446, 29.362002583333336 ], [ -82.471381083333341, 29.361993472222224 ], [ -82.472873944444444, 29.361746833333335 ], [ -82.474292527777777, 29.36127066666667 ], [ -82.47559125, 29.36058025 ], [ -82.476728333333341, 29.35969775 ], [ -82.477667277777783, 29.358651583333334 ], [ -82.478377861111113, 29.357475361111113 ], [ -82.47883725, 29.356206861111112 ], [ -82.47903075, 29.354886888888892 ], [ -82.47895208333334, 29.35355788888889 ], [ -82.478603805555551, 29.352262527777778 ], [ -82.477997138888895, 29.351042472222225 ], [ -82.477151555555551, 29.349936916666664 ], [ -82.476094277777776, 29.348981388888888 ], [ -82.47485925, 29.34820661111111 ], [ -82.473486194444448, 29.347637472222221 ], [ -82.47201925, 29.34729225 ], [ -82.4705055, 29.347182055555553 ], [ -82.468993611111117, 29.347310444444442 ], [ -82.467532194444445, 29.34767325 ], [ -82.466168166666677, 29.348258833333333 ], [ -82.464945388888893, 29.349048388888889 ], [ -82.463903194444441, 29.350016527777779 ], [ -82.463075, 29.35113213888889 ], [ -82.4624875, 29.352359388888889 ], [ -82.462159527777786, 29.353658805555558 ], [ -82.462101694444442, 29.354988638888891 ] ] } },
{ "type": "Feature", "properties": { "style": "solid", "thickness": 1 }, "geometry": { "type": "LineString", "coordinates": [ [ -83.042141388888894, 29.134666583333331 ], [ -83.03849363888888, 29.134847638888889 ] ] } },
{ "type": "Feature", "properties": { "style": "solid", "thickness": 1 }, "geometry": { "type": "LineString", "coordinates": [ [ -83.051061333333337, 29.141658972222221 ], [ -83.051267888888887, 29.144861555555554 ] ] } },
{ "type": "Feature", "properties": { "style": "solid", "thickness": 1 }, "geometry": { "type": "LineString", "coordinates": [ [ -83.050105416666668, 29.126835444444445 ], [ -83.049898916666663, 29.123632833333335 ] ] } },
{ "type": "Feature", "properties": { "style": "solid", "thickness": 1 }, "geometry": { "type": "LineString", "coordinates": [ [ -83.059025194444445, 29.133827333333333 ], [ -83.062672888888883, 29.133645722222223 ] ] } },
{ "type": "Feature", "properties": { "style": "solid", "thickness": 1 }, "geometry": { "type": "LineString", "coordinates": [ [ -83.042141388888894, 29.134666583333331 ], [ -83.042362305555557, 29.135983277777779 ], [ -83.042847444444448, 29.137244194444445 ], [ -83.043581277777776, 29.13840875 ], [ -83.044540138888891, 29.139439583333331 ], [ -83.04569330555556, 29.1403035 ], [ -83.047003638888881, 29.140972777777776 ], [ -83.048429055555559, 29.141425861111109 ], [ -83.04992375, 29.141648222222223 ], [ -83.051439611111107, 29.141632666666666 ], [ -83.052927972222221, 29.14137975 ], [ -83.054340944444448, 29.140897555555554 ], [ -83.055633111111106, 29.14020161111111 ], [ -83.056762972222216, 29.13931425 ], [ -83.057694166666664, 29.138264055555556 ], [ -83.058396805555546, 29.13708475 ], [ -83.05884827777777, 29.13581425 ], [ -83.059034111111103, 29.134493388888888 ], [ -83.058948305555546, 29.133164638888889 ], [ -83.058593666666667, 29.131870666666668 ], [ -83.05798158333333, 29.130653111111112 ], [ -83.05713175, 29.129551055555556 ], [ -83.056071444444441, 29.128599944444446 ], [ -83.054834805555558, 29.127830333333335 ], [ -83.05346152777777, 29.127266944444443 ], [ -83.05199575, 29.12692788888889 ], [ -83.050484611111102, 29.126824083333332 ], [ -83.048976638888888, 29.126958861111113 ], [ -83.047520277777778, 29.127327861111112 ], [ -83.046162361111115, 29.127919222222221 ], [ -83.0449465, 29.128714 ], [ -83.043911805555553, 29.129686583333335 ], [ -83.0430915, 29.130805777777777 ], [ -83.042511972222215, 29.132035555555557 ], [ -83.042191833333334, 29.133336444444446 ], [ -83.042141388888894, 29.134666583333331 ] ] } },
{ "type": "Feature", "properties": { "style": "solid", "thickness": 1 }, "geometry": { "type": "LineString", "coordinates": [ [ -82.359467305555555, 28.61203613888889 ], [ -82.35583625, 28.612199111111114 ] ] } },
{ "type": "Feature", "properties": { "style": "solid", "thickness": 1 }, "geometry": { "type": "LineString", "coordinates": [ [ -82.368298694444434, 28.619074 ], [ -82.368483722222209, 28.622278166666668 ] ] } },
{ "type": "Feature", "properties": { "style": "solid", "thickness": 1 }, "geometry": { "type": "LineString", "coordinates": [ [ -82.367442472222208, 28.604243222222223 ], [ -82.367257527777767, 28.60103902777778 ] ] } },
{ "type": "Feature", "properties": { "style": "solid", "thickness": 1 }, "geometry": { "type": "LineString", "coordinates": [ [ -82.37627375, 28.611280583333336 ], [ -82.37990475, 28.611117055555557 ] ] } },
{ "type": "Feature", "properties": { "style": "solid", "thickness": 1 }, "geometry": { "type": "LineString", "coordinates": [ [ -82.359467305555555, 28.61203613888889 ], [ -82.359678666666667, 28.613354138888891 ], [ -82.360153361111102, 28.614617666666668 ], [ -82.360876111111111, 28.615786083333333 ], [ -82.361823694444439, 28.616821833333333 ], [ -82.362965666666668, 28.617691638888889 ], [ -82.364265305555548, 28.618367527777778 ], [ -82.365680833333329, 28.618827777777778 ], [ -82.36716675, 28.619057583333333 ], [ -82.368675305555556, 28.619049583333332 ], [ -82.370157972222216, 28.618804 ], [ -82.371567111111105, 28.61832875 ], [ -82.372857444444435, 28.617639083333334 ], [ -82.373987444444438, 28.616757194444446 ], [ -82.374920805555547, 28.615711444444447 ], [ -82.375627555555553, 28.614535444444446 ], [ -82.376084972222216, 28.613266972222224 ], [ -82.376278361111105, 28.611946805555558 ], [ -82.3762015, 28.61061738888889 ], [ -82.375856888888876, 28.609321444444447 ], [ -82.375255611111101, 28.608100611111112 ], [ -82.374417, 28.606994166666667 ], [ -82.373368, 28.606037611111113 ], [ -82.372142333333329, 28.605261722222224 ], [ -82.370779388888877, 28.604691444444445 ], [ -82.369322972222221, 28.604345055555559 ], [ -82.367819888888889, 28.604233722222222 ], [ -82.366318444444445, 28.604361027777781 ], [ -82.364866861111111, 28.604722861111114 ], [ -82.363511805555547, 28.605307583333335 ], [ -82.362296805555545, 28.606096444444447 ], [ -82.361260944444439, 28.607064083333334 ], [ -82.360437472222216, 28.608179361111112 ], [ -82.359852888888881, 28.6094065 ], [ -82.359526, 28.610706 ], [ -82.359467305555555, 28.61203613888889 ] ] } },
{ "type": "Feature", "properties": { "style": "solid", "thickness": 1 }, "geometry": { "type": "LineString", "coordinates": [ [ -81.79999597222222, 28.82324125 ], [ -81.796357055555561, 28.823389361111111 ] ] } },
{ "type": "Feature", "properties": { "style": "solid", "thickness": 1 }, "geometry": { "type": "LineString", "coordinates": [ [ -81.8088075, 28.83031438888889 ], [ -81.808976055555547, 28.833519 ] ] } },
{ "type": "Feature", "properties": { "style": "solid", "thickness": 1 }, "geometry": { "type": "LineString", "coordinates": [ [ -81.808027527777782, 28.815481694444443 ], [ -81.807859055555554, 28.812277083333335 ] ] } },
{ "type": "Feature", "properties": { "style": "solid", "thickness": 1 }, "geometry": { "type": "LineString", "coordinates": [ [ -81.816838972222214, 28.822554361111109 ], [ -81.820477861111101, 28.822405694444445 ] ] } },
{ "type": "Feature", "properties": { "style": "solid", "thickness": 1 }, "geometry": { "type": "LineString", "coordinates": [ [ -81.79999597222222, 28.82324125 ], [ -81.800200861111108, 28.824559972222222 ], [ -81.80066983333333, 28.825825305555554 ], [ -81.801387833333337, 28.826996555555557 ], [ -81.802331805555554, 28.828036055555554 ], [ -81.803471416666667, 28.828910444444443 ], [ -81.80477, 28.829591555555556 ], [ -81.806185861111103, 28.830057527777779 ], [ -81.80767347222222, 28.83029338888889 ], [ -81.809184972222226, 28.830291527777778 ], [ -81.810671805555558, 28.830052027777779 ], [ -81.812086194444447, 28.829582555555554 ], [ -81.813382638888882, 28.82889825 ], [ -81.814519444444443, 28.828021083333333 ], [ -81.815460138888881, 28.82697925 ], [ -81.816174416666669, 28.82580625 ], [ -81.816639388888888, 28.824539777777776 ], [ -81.816840083333332, 28.823220527777778 ], [ -81.816770055555551, 28.821890944444444 ], [ -81.816431583333326, 28.82059372222222 ], [ -81.815835555555552, 28.819370583333335 ], [ -81.815001111111101, 28.818260805555557 ], [ -81.813955111111113, 28.817300083333333 ], [ -81.812731138888893, 28.816519277777779 ], [ -81.811368555555546, 28.8159435 ], [ -81.809911138888893, 28.815591194444444 ], [ -81.808405722222219, 28.81547375 ], [ -81.806900694444437, 28.815594916666669 ], [ -81.80544441666666, 28.815950777777779 ], [ -81.804083666666671, 28.816529916666667 ], [ -81.802862166666671, 28.817313722222224 ], [ -81.801819222222221, 28.818277027777778 ], [ -81.800988305555549, 28.819388833333335 ], [ -81.800396138888885, 28.820613444444444 ], [ -81.800061777777771, 28.821911472222222 ], [ -81.79999597222222, 28.82324125 ] ] } },
{ "type": "Feature", "properties": { "style": "solid", "thickness": 1 }, "geometry": { "type": "LineString", "coordinates": [ [ -81.621659777777765, 28.843665555555553 ], [ -81.618019972222214, 28.84380897222222 ] ] } },
{ "type": "Feature", "properties": { "style": "solid", "thickness": 1 }, "geometry": { "type": "LineString", "coordinates": [ [ -81.63046097222221, 28.85075 ], [ -81.630624194444437, 28.853954722222223 ] ] } },
{ "type": "Feature", "properties": { "style": "solid", "thickness": 1 }, "geometry": { "type": "LineString", "coordinates": [ [ -81.629705722222212, 28.835916638888889 ], [ -81.629542583333333, 28.832711888888888 ] ] } },
{ "type": "Feature", "properties": { "style": "solid", "thickness": 1 }, "geometry": { "type": "LineString", "coordinates": [ [ -81.638506833333338, 28.843000583333332 ], [ -81.642146611111116, 28.842856638888886 ] ] } },
{ "type": "Feature", "properties": { "style": "solid", "thickness": 1 }, "geometry": { "type": "LineString", "coordinates": [ [ -81.621659777777765, 28.843665555555553 ], [ -81.621862472222219, 28.844984527777775 ], [ -81.622329416666659, 28.846250444444443 ], [ -81.623045583333322, 28.847422583333334 ], [ -81.62398797222221, 28.848463305555555 ], [ -81.625126305555554, 28.849339138888887 ], [ -81.626424, 28.85002191666667 ], [ -81.627839305555554, 28.850489722222225 ], [ -81.629326777777777, 28.8507275 ], [ -81.630838555555556, 28.850727611111111 ], [ -81.632326055555552, 28.850490055555557 ], [ -81.633741444444453, 28.850022444444445 ], [ -81.635039277777778, 28.849339833333332 ], [ -81.63617775, 28.848464166666666 ], [ -81.637120333333343, 28.847423583333331 ], [ -81.637836722222232, 28.846251527777778 ], [ -81.638303888888899, 28.844985694444443 ], [ -81.638506833333338, 28.84366675 ], [ -81.638439027777778, 28.84233711111111 ], [ -81.638102666666668, 28.841039472222221 ], [ -81.637508583333343, 28.839815583333333 ], [ -81.636675861111115, 28.838704777777778 ], [ -81.63563127777779, 28.837742694444444 ], [ -81.634408416666673, 28.836960333333334 ], [ -81.633046555555552, 28.836382777777775 ], [ -81.631589472222217, 28.836028611111111 ], [ -81.630084, 28.835909194444444 ], [ -81.628578499999989, 28.836028388888888 ], [ -81.627121361111108, 28.836382361111109 ], [ -81.625759416666654, 28.836959722222222 ], [ -81.624536388888885, 28.837741944444442 ], [ -81.623491638888879, 28.838703833333334 ], [ -81.622658722222212, 28.839814555555556 ], [ -81.62206441666666, 28.84103836111111 ], [ -81.621727833333324, 28.842335916666666 ], [ -81.621659777777765, 28.843665555555553 ] ] } },
{ "type": "Feature", "properties": { "style": "solid", "thickness": 1 }, "geometry": { "type": "LineString", "coordinates": [ [ -81.573551555555554, 28.707803833333333 ], [ -81.569916333333325, 28.707946027777776 ] ] } },
{ "type": "Feature", "properties": { "style": "solid", "thickness": 1 }, "geometry": { "type": "LineString", "coordinates": [ [ -81.582338472222219, 28.7148915 ], [ -81.582500083333329, 28.718096388888888 ] ] } },
{ "type": "Feature", "properties": { "style": "solid", "thickness": 1 }, "geometry": { "type": "LineString", "coordinates": [ [ -81.581590583333323, 28.700057333333334 ], [ -81.581429, 28.696852416666665 ] ] } },
{ "type": "Feature", "properties": { "style": "solid", "thickness": 1 }, "geometry": { "type": "LineString", "coordinates": [ [ -81.590377388888882, 28.707144472222222 ], [ -81.594012583333324, 28.70700175 ] ] } },
{ "type": "Feature", "properties": { "style": "solid", "thickness": 1 }, "geometry": { "type": "LineString", "coordinates": [ [ -81.573551555555554, 28.707803833333333 ], [ -81.573753444444435, 28.709122916666665 ], [ -81.574219222222212, 28.710389027777776 ], [ -81.574933972222212, 28.711561472222222 ], [ -81.575874722222224, 28.712602527777776 ], [ -81.577011222222225, 28.713478777777777 ], [ -81.578306944444435, 28.714162027777778 ], [ -81.57972025, 28.714630333333332 ], [ -81.581205722222222, 28.714868611111111 ], [ -81.582715555555552, 28.714869222222223 ], [ -81.58420127777778, 28.714632138888888 ], [ -81.58561505555555, 28.714165 ], [ -81.5869115, 28.713482805555554 ], [ -81.588048916666665, 28.712607472222221 ], [ -81.58899075, 28.711567166666665 ], [ -81.589706722222218, 28.710395305555554 ], [ -81.590173861111111, 28.709129583333333 ], [ -81.590377083333323, 28.707810666666667 ], [ -81.590309944444442, 28.706480944444444 ], [ -81.58997458333333, 28.705183166666664 ], [ -81.589381777777774, 28.703959027777778 ], [ -81.588550611111103, 28.70284788888889 ], [ -81.587507777777773, 28.701885444444443 ], [ -81.586286805555545, 28.701102611111111 ], [ -81.584926944444433, 28.700524583333333 ], [ -81.583471861111107, 28.700169916666667 ], [ -81.581968361111109, 28.70005 ], [ -81.58046475, 28.700168694444443 ], [ -81.579009305555559, 28.700522194444442 ], [ -81.577648833333328, 28.701099138888889 ], [ -81.576427055555556, 28.701880944444444 ], [ -81.575383222222214, 28.702842555555556 ], [ -81.574550888888879, 28.703953027777779 ], [ -81.573956805555554, 28.705176666666667 ], [ -81.573620111111111, 28.706474166666666 ], [ -81.573551555555554, 28.707803833333333 ] ] } },
{ "type": "Feature", "properties": { "style": "solid", "thickness": 1 }, "geometry": { "type": "LineString", "coordinates": [ [ -81.324529305555558, 28.545776055555557 ], [ -81.320899361111103, 28.54591175 ] ] } },
{ "type": "Feature", "properties": { "style": "solid", "thickness": 1 }, "geometry": { "type": "LineString", "coordinates": [ [ -81.333286361111107, 28.5528795 ], [ -81.333440361111101, 28.55608475 ] ] } },
{ "type": "Feature", "properties": { "style": "solid", "thickness": 1 }, "geometry": { "type": "LineString", "coordinates": [ [ -81.332573666666661, 28.538043805555557 ], [ -81.332419722222212, 28.534838555555556 ] ] } },
{ "type": "Feature", "properties": { "style": "solid", "thickness": 1 }, "geometry": { "type": "LineString", "coordinates": [ [ -81.341330638888877, 28.54514675 ], [ -81.344960555555545, 28.54501052777778 ] ] } },
{ "type": "Feature", "properties": { "style": "solid", "thickness": 1 }, "geometry": { "type": "LineString", "coordinates": [ [ -81.324529305555558, 28.545776055555557 ], [ -81.324727833333327, 28.547095527777781 ], [ -81.32519, 28.548362472222223 ], [ -81.325900972222215, 28.549536194444446 ], [ -81.326837861111102, 28.550578972222223 ], [ -81.327970583333325, 28.55145725 ], [ -81.32926275, 28.552142833333335 ], [ -81.330672805555551, 28.552613666666666 ], [ -81.332155416666666, 28.552854611111112 ], [ -81.333662916666668, 28.552857916666667 ], [ -81.335146888888886, 28.5526235 ], [ -81.336559555555553, 28.552158861111113 ], [ -81.337855583333322, 28.551478972222224 ], [ -81.33899325, 28.550605666666666 ], [ -81.339936, 28.54956702777778 ], [ -81.340653583333335, 28.548396444444446 ], [ -81.341122861111103, 28.547131527777779 ], [ -81.341328833333336, 28.545812944444446 ], [ -81.341264833333327, 28.544483083333336 ], [ -81.34093297222222, 28.543184694444445 ], [ -81.340343888888881, 28.541959472222224 ], [ -81.339516555555548, 28.540846833333337 ], [ -81.338477527777769, 28.539882527777781 ], [ -81.33726025, 28.5390975 ], [ -81.335903805555546, 28.538517027777779 ], [ -81.334451805555545, 28.538159777777778 ], [ -81.332950888888888, 28.538037166666669 ], [ -81.331449333333325, 28.538153166666667 ], [ -81.329995333333329, 28.538504083333336 ], [ -81.328635638888883, 28.539078583333335 ], [ -81.327413944444444, 28.539858222222225 ], [ -81.326369527777771, 28.540817972222225 ], [ -81.325535944444439, 28.541926972222225 ], [ -81.324939972222225, 28.543149583333335 ], [ -81.324600777777775, 28.5444465 ], [ -81.324529305555558, 28.545776055555557 ] ] } },
{ "type": "Feature", "properties": { "style": "solid", "thickness": 1 }, "geometry": { "type": "LineString", "coordinates": [ [ -81.226494555555561, 28.777486138888889 ], [ -81.222856666666672, 28.777619111111111 ] ] } },
{ "type": "Feature", "properties": { "style": "solid", "thickness": 1 }, "geometry": { "type": "LineString", "coordinates": [ [ -81.235263611111108, 28.784595527777778 ], [ -81.23541486111111, 28.787800611111113 ] ] } },
{ "type": "Feature", "properties": { "style": "solid", "thickness": 1 }, "geometry": { "type": "LineString", "coordinates": [ [ -81.234563638888886, 28.769760555555553 ], [ -81.234412444444445, 28.766555444444446 ] ] } },
{ "type": "Feature", "properties": { "style": "solid", "thickness": 1 }, "geometry": { "type": "LineString", "coordinates": [ [ -81.243332638888887, 28.776869444444444 ], [ -81.246970472222216, 28.776735944444443 ] ] } },
{ "type": "Feature", "properties": { "style": "solid", "thickness": 1 }, "geometry": { "type": "LineString", "coordinates": [ [ -81.226494555555561, 28.777486138888889 ], [ -81.226692222222226, 28.778805638888887 ], [ -81.227154166666665, 28.780072833333332 ], [ -81.22786552777778, 28.781247 ], [ -81.228803444444452, 28.782290361111109 ], [ -81.229937777777778, 28.783169444444443 ], [ -81.231232055555552, 28.783855916666667 ], [ -81.232644666666673, 28.784327777777779 ], [ -81.23413025, 28.784569805555556 ], [ -81.235641, 28.784574222222226 ], [ -81.237128388888891, 28.784340944444445 ], [ -81.238544555555563, 28.78387741666667 ], [ -81.239844, 28.783198527777778 ], [ -81.240984972222222, 28.782326166666667 ], [ -81.24193075, 28.781288305555556 ], [ -81.242650972222222, 28.780118361111111 ], [ -81.2431225, 28.778853888888889 ], [ -81.243330166666667, 28.777535583333332 ], [ -81.243267333333336, 28.776205805555556 ], [ -81.242936, 28.77490725 ], [ -81.242346805555556, 28.773681694444445 ], [ -81.241518777777785, 28.772568527777779 ], [ -81.240478444444449, 28.771603527777778 ], [ -81.239259277777776, 28.770817666666666 ], [ -81.2379005, 28.77023622222222 ], [ -81.236445694444441, 28.769877916666665 ], [ -81.234941694444444, 28.769754194444445 ], [ -81.233436777777783, 28.769869083333333 ], [ -81.231979305555555, 28.770218861111111 ], [ -81.230616138888891, 28.770792305555556 ], [ -81.22939108333334, 28.771570972222221 ], [ -81.228343472222221, 28.77252986111111 ], [ -81.227507027777776, 28.773638138888888 ], [ -81.226908611111114, 28.774860194444443 ], [ -81.226567444444441, 28.77615675 ], [ -81.226494555555561, 28.777486138888889 ] ] } },
{ "type": "Feature", "properties": { "style": "solid", "thickness": 1 }, "geometry": { "type": "LineString", "coordinates": [ [ -80.826967611111101, 28.622788333333332 ], [ -80.823334777777774, 28.622910833333332 ] ] } },
{ "type": "Feature", "properties": { "style": "solid", "thickness": 1 }, "geometry": { "type": "LineString", "coordinates": [ [ -80.835697027777769, 28.629922722222222 ], [ -80.83583619444444, 28.633128138888889 ] ] } },
{ "type": "Feature", "properties": { "style": "solid", "thickness": 1 }, "geometry": { "type": "LineString", "coordinates": [ [ -80.835053, 28.615086166666668 ], [ -80.834913861111104, 28.611880722222224 ] ] } },
{ "type": "Feature", "properties": { "style": "solid", "thickness": 1 }, "geometry": { "type": "LineString", "coordinates": [ [ -80.84378236111111, 28.622220055555555 ], [ -80.847415166666664, 28.622097 ] ] } },
{ "type": "Feature", "properties": { "style": "solid", "thickness": 1 }, "geometry": { "type": "LineString", "coordinates": [ [ -80.826967611111101, 28.622788333333332 ], [ -80.827160111111112, 28.624108361111112 ], [ -80.827616666666657, 28.625376833333334 ], [ -80.828322611111105, 28.626553 ], [ -80.829255222222216, 28.627599055555557 ], [ -80.830384583333327, 28.628481333333333 ], [ -80.831674333333325, 28.629171527777778 ], [ -80.833083083333335, 28.629647416666668 ], [ -80.8345655, 28.629893722222224 ], [ -80.836073944444436, 28.6299025 ], [ -80.837559916666663, 28.629673472222223 ], [ -80.838975638888883, 28.629214027777778 ], [ -80.840275638888883, 28.628538916666667 ], [ -80.841418083333323, 28.627669861111112 ], [ -80.842366277777771, 28.62663475 ], [ -80.843089722222217, 28.625466888888891 ], [ -80.843565194444437, 28.624203833333333 ], [ -80.843777444444441, 28.622886166666667 ], [ -80.843719611111112, 28.621556222222221 ], [ -80.843393555555551, 28.620256777777779 ], [ -80.842809833333334, 28.619029555555556 ], [ -80.841987138888882, 28.617914055555556 ], [ -80.840951972222214, 28.616946083333335 ], [ -80.839737583333331, 28.61615675 ], [ -80.838383, 28.615571416666668 ], [ -80.83693175, 28.615208916666667 ], [ -80.835430472222214, 28.61508088888889 ], [ -80.833927444444441, 28.615191444444445 ], [ -80.832470888888892, 28.61553702777778 ], [ -80.831107694444441, 28.616106527777781 ], [ -80.829881611111105, 28.616881666666668 ], [ -80.828832055555552, 28.6178375 ], [ -80.82799277777778, 28.618943333333334 ], [ -80.82739075, 28.62016363888889 ], [ -80.827045333333331, 28.621459194444444 ], [ -80.826967611111101, 28.622788333333332 ] ] } },
{ "type": "Feature", "properties": { "style": "solid", "thickness": 1 }, "geometry": { "type": "LineString", "coordinates": [ [ -80.79082825, 28.515079361111113 ], [ -80.787199027777774, 28.515201 ] ] } },
{ "type": "Feature", "properties": { "style": "solid", "thickness": 1 }, "geometry": { "type": "LineString", "coordinates": [ [ -80.799546638888884, 28.522216027777777 ], [ -80.799684694444437, 28.525421555555553 ] ] } },
{ "type": "Feature", "properties": { "style": "solid", "thickness": 1 }, "geometry": { "type": "LineString", "coordinates": [ [ -80.798907833333331, 28.507378972222224 ], [ -80.798769833333338, 28.504173416666667 ] ] } },
{ "type": "Feature", "properties": { "style": "solid", "thickness": 1 }, "geometry": { "type": "LineString", "coordinates": [ [ -80.807626166666665, 28.514515111111113 ], [ -80.811255333333335, 28.514392944444445 ] ] } },
{ "type": "Feature", "properties": { "style": "solid", "thickness": 1 }, "geometry": { "type": "LineString", "coordinates": [ [ -80.79082825, 28.515079361111113 ], [ -80.791020138888882, 28.516399472222222 ], [ -80.79147586111111, 28.517668083333334 ], [ -80.79218069444444, 28.518844444444444 ], [ -80.793112055555554, 28.51989075 ], [ -80.79424, 28.520773333333331 ], [ -80.79552825, 28.521463861111108 ], [ -80.79693541666667, 28.521940083333334 ], [ -80.79841625, 28.52218675 ], [ -80.799923166666659, 28.522195888888888 ], [ -80.801407722222223, 28.521967222222223 ], [ -80.802822166666658, 28.52150811111111 ], [ -80.804121027777768, 28.520833305555556 ], [ -80.805262583333331, 28.51996447222222 ], [ -80.806210138888886, 28.518929583333332 ], [ -80.806933222222213, 28.517761888888888 ], [ -80.807408638888887, 28.51649888888889 ], [ -80.807621055555558, 28.51518125 ], [ -80.807563666666667, 28.513851277777778 ], [ -80.807238388888891, 28.512551694444443 ], [ -80.806655611111111, 28.511324333333334 ], [ -80.80583411111111, 28.510208583333334 ], [ -80.804800277777773, 28.509240333333334 ], [ -80.803587361111113, 28.508450694444445 ], [ -80.802234333333331, 28.507865027777779 ], [ -80.800784638888885, 28.507502166666665 ], [ -80.799284944444437, 28.507373777777779 ], [ -80.797783361111115, 28.507483972222222 ], [ -80.796328194444442, 28.507829222222224 ], [ -80.794966194444441, 28.508398416666665 ], [ -80.793741111111103, 28.50917325 ], [ -80.792692333333335, 28.510128861111109 ], [ -80.791853555555548, 28.511234527777777 ], [ -80.79125175, 28.512454722222223 ], [ -80.790906277777779, 28.513750222222221 ], [ -80.79082825, 28.515079361111113 ] ] } },
{ "type": "Feature", "properties": { "style": "solid", "thickness": 1 }, "geometry": { "type": "LineString", "coordinates": [ [ -81.428700805555565, 28.290128 ], [ -81.425079555555556, 28.290266583333334 ] ] } },
{ "type": "Feature", "properties": { "style": "solid", "thickness": 1 }, "geometry": { "type": "LineString", "coordinates": [ [ -81.437444416666665, 28.297225111111114 ], [ -81.437601277777787, 28.300430472222224 ] ] } },
{ "type": "Feature", "properties": { "style": "solid", "thickness": 1 }, "geometry": { "type": "LineString", "coordinates": [ [ -81.436718416666665, 28.282388777777776 ], [ -81.436561583333344, 28.279183388888889 ] ] } },
{ "type": "Feature", "properties": { "style": "solid", "thickness": 1 }, "geometry": { "type": "LineString", "coordinates": [ [ -81.445461916666673, 28.289485361111112 ], [ -81.449083138888895, 28.289346277777778 ] ] } },
{ "type": "Feature", "properties": { "style": "solid", "thickness": 1 }, "geometry": { "type": "LineString", "coordinates": [ [ -81.428700805555565, 28.290128 ], [ -81.428900194444452, 28.291447416666667 ], [ -81.429362555555556, 28.292714111111113 ], [ -81.43007302777778, 28.293887361111114 ], [ -81.431008777777777, 28.294929472222226 ], [ -81.432139722222232, 28.295806944444447 ], [ -81.433429527777776, 28.296491555555559 ], [ -81.43483675, 28.296961305555556 ], [ -81.436316111111111, 28.297201083333334 ], [ -81.437820055555562, 28.297203222222223 ], [ -81.439300277777775, 28.296967583333334 ], [ -81.440709166666664, 28.296501805555557 ], [ -81.442001444444443, 28.295820833333334 ], [ -81.443135555555557, 28.294946583333335 ], [ -81.444075027777785, 28.293907111111114 ], [ -81.444789722222225, 28.292735861111112 ], [ -81.445256638888893, 28.291470472222223 ], [ -81.445460777777782, 28.29015163888889 ], [ -81.44539561111111, 28.288821722222224 ], [ -81.445063194444444, 28.287523472222222 ], [ -81.444474277777786, 28.286298638888891 ], [ -81.443647750000011, 28.285186555555558 ], [ -81.442610222222228, 28.284222972222224 ], [ -81.441395, 28.283438861111112 ], [ -81.440041166666674, 28.282859416666664 ], [ -81.438592222222226, 28.28250325 ], [ -81.43709475, 28.282381833333332 ], [ -81.435596805555562, 28.282499027777778 ], [ -81.434146611111117, 28.28285111111111 ], [ -81.432790694444449, 28.28342675 ], [ -81.431572666666668, 28.284207416666668 ], [ -81.430531666666667, 28.285168055555559 ], [ -81.429701166666675, 28.286277805555557 ], [ -81.429107833333333, 28.287501 ], [ -81.428770777777785, 28.288798277777779 ], [ -81.428700805555565, 28.290128 ] ] } },
{ "type": "Feature", "properties": { "style": "solid", "thickness": 1 }, "geometry": { "type": "LineString", "coordinates": [ [ -81.300608333333329, 28.429701972222222 ], [ -81.296982305555559, 28.429837111111112 ] ] } },
{ "type": "Feature", "properties": { "style": "solid", "thickness": 1 }, "geometry": { "type": "LineString", "coordinates": [ [ -81.3093545, 28.436807 ], [ -81.309507666666661, 28.440012333333332 ] ] } },
{ "type": "Feature", "properties": { "style": "solid", "thickness": 1 }, "geometry": { "type": "LineString", "coordinates": [ [ -81.308645555555557, 28.42197077777778 ], [ -81.308492416666667, 28.418765416666666 ] ] } },
{ "type": "Feature", "properties": { "style": "solid", "thickness": 1 }, "geometry": { "type": "LineString", "coordinates": [ [ -81.317391611111105, 28.42907527777778 ], [ -81.321017611111102, 28.428939611111112 ] ] } },
{ "type": "Feature", "properties": { "style": "solid", "thickness": 1 }, "geometry": { "type": "LineString", "coordinates": [ [ -81.300608333333329, 28.429701972222222 ], [ -81.300806388888887, 28.4310215 ], [ -81.301267805555554, 28.432288583333335 ], [ -81.30197775, 28.433462444444444 ], [ -81.302913416666669, 28.434505388888891 ], [ -81.30404475, 28.435383861111113 ], [ -81.305335388888892, 28.436069666666668 ], [ -81.306743805555556, 28.436540722222222 ], [ -81.308224777777781, 28.436781916666668 ], [ -81.30973063888888, 28.436785472222223 ], [ -81.311213027777768, 28.43655125 ], [ -81.312624305555559, 28.436086833333334 ], [ -81.313919027777771, 28.435407138888888 ], [ -81.315055638888893, 28.434534 ], [ -81.315997611111115, 28.433495472222223 ], [ -81.316714611111109, 28.432324944444446 ], [ -81.317183666666665, 28.431060083333335 ], [ -81.317389666666656, 28.4297415 ], [ -81.317326027777767, 28.428411583333336 ], [ -81.316994777777779, 28.427113111111112 ], [ -81.316406583333332, 28.425887777777778 ], [ -81.315580361111103, 28.424774972222224 ], [ -81.314542666666668, 28.423810444444445 ], [ -81.313326833333335, 28.423025222222222 ], [ -81.311971972222224, 28.422444527777778 ], [ -81.310521638888886, 28.422087027777778 ], [ -81.309022361111104, 28.421964194444445 ], [ -81.307522388888884, 28.422079972222225 ], [ -81.306069916666658, 28.422430638888891 ], [ -81.304711583333329, 28.423004944444447 ], [ -81.303491055555554, 28.423784444444447 ], [ -81.30244755555556, 28.424744055555557 ], [ -81.301614638888893, 28.425852944444447 ], [ -81.30101908333333, 28.4270755 ], [ -81.30068, 28.428372388888889 ], [ -81.300608333333329, 28.429701972222222 ] ] } },
{ "type": "Feature", "properties": { "style": "solid", "thickness": 1 }, "geometry": { "type": "LineString", "coordinates": [ [ -82.447672833333343, 28.473841 ], [ -82.444046583333332, 28.474006305555555 ] ] } },
{ "type": "Feature", "properties": { "style": "solid", "thickness": 1 }, "geometry": { "type": "LineString", "coordinates": [ [ -82.456498694444448, 28.480873472222221 ], [ -82.456686111111111, 28.484077638888891 ] ] } },
{ "type": "Feature", "properties": { "style": "solid", "thickness": 1 }, "geometry": { "type": "LineString", "coordinates": [ [ -82.455631361111116, 28.466042638888887 ], [ -82.455444, 28.462838444444444 ] ] } },
{ "type": "Feature", "properties": { "style": "solid", "thickness": 1 }, "geometry": { "type": "LineString", "coordinates": [ [ -82.464457083333343, 28.473074611111109 ], [ -82.468083277777779, 28.47290875 ] ] } },
{ "type": "Feature", "properties": { "style": "solid", "thickness": 1 }, "geometry": { "type": "LineString", "coordinates": [ [ -82.447672833333343, 28.473841 ], [ -82.44788505555556, 28.475158916666665 ], [ -82.448360166666674, 28.476422194444442 ], [ -82.449082944444442, 28.477590194444442 ], [ -82.450030166666664, 28.478625388888887 ], [ -82.451171388888895, 28.479494472222221 ], [ -82.452469888888885, 28.480169555555555 ], [ -82.453884, 28.480628916666664 ], [ -82.455368194444446, 28.480857777777775 ], [ -82.456874805555557, 28.480848805555553 ], [ -82.458355361111117, 28.48060225 ], [ -82.459762305555557, 28.480126083333332 ], [ -82.461050388888893, 28.479435555555554 ], [ -82.462178222222221, 28.478552916666665 ], [ -82.463109527777775, 28.477506527777777 ], [ -82.463814416666665, 28.476330027777777 ], [ -82.464270194444452, 28.475061194444443 ], [ -82.464462222222224, 28.473740861111111 ], [ -82.464384388888888, 28.472411444444443 ], [ -82.464039138888893, 28.471115666666666 ], [ -82.463437638888891, 28.469895194444444 ], [ -82.462599194444451, 28.46878922222222 ], [ -82.46155075, 28.467833305555555 ], [ -82.460326027777782, 28.467058166666664 ], [ -82.458964361111114, 28.46648872222222 ], [ -82.457509527777788, 28.466143277777778 ], [ -82.456008277777784, 28.466032916666666 ], [ -82.454508861111108, 28.466161166666666 ], [ -82.453059444444449, 28.466523944444443 ], [ -82.451706611111121, 28.467109583333333 ], [ -82.45049383333334, 28.46789925 ], [ -82.449460083333335, 28.468867583333331 ], [ -82.448638611111122, 28.469983444444441 ], [ -82.448055777777782, 28.471211 ], [ -82.4477303888889, 28.472510777777774 ], [ -82.447672833333343, 28.473841 ] ] } },
{ "type": "Feature", "properties": { "style": "solid", "thickness": 1 }, "geometry": { "type": "LineString", "coordinates": [ [ -82.61860275, 27.765507527777778 ], [ -82.615000333333327, 27.765677333333333 ] ] } },
{ "type": "Feature", "properties": { "style": "solid", "thickness": 1 }, "geometry": { "type": "LineString", "coordinates": [ [ -82.627382222222209, 27.772530166666666 ], [ -82.62757347222221, 27.775734583333332 ] ] } },
{ "type": "Feature", "properties": { "style": "solid", "thickness": 1 }, "geometry": { "type": "LineString", "coordinates": [ [ -82.626497277777773, 27.757698166666668 ], [ -82.626306111111106, 27.754493722222222 ] ] } },
{ "type": "Feature", "properties": { "style": "solid", "thickness": 1 }, "geometry": { "type": "LineString", "coordinates": [ [ -82.635276638888897, 27.764720305555556 ], [ -82.638879, 27.764549972222223 ] ] } },
{ "type": "Feature", "properties": { "style": "solid", "thickness": 1 }, "geometry": { "type": "LineString", "coordinates": [ [ -82.61860275, 27.765507527777778 ], [ -82.618815638888876, 27.766825388888886 ], [ -82.619289638888887, 27.76808825 ], [ -82.620009555555555, 27.769255527777776 ], [ -82.620952249999988, 27.77028972222222 ], [ -82.622087388888886, 27.771157555555554 ], [ -82.623378527777774, 27.771831138888889 ], [ -82.624784138888884, 27.772288805555554 ], [ -82.626259055555551, 27.772515888888886 ], [ -82.627755861111098, 27.772505027777775 ], [ -82.629226416666654, 27.772256611111111 ], [ -82.630623444444439, 27.77177863888889 ], [ -82.63190208333333, 27.771086444444443 ], [ -82.633021166666666, 27.770202277777777 ], [ -82.633944805555558, 27.769154583333332 ], [ -82.634643250000011, 27.767977 ], [ -82.635094055555555, 27.766707444444442 ], [ -82.635282777777789, 27.765386666666668 ], [ -82.635203361111124, 27.764057138888887 ], [ -82.634858333333341, 27.762761583333333 ], [ -82.634258833333334, 27.761541666666666 ], [ -82.633424083333338, 27.760436555555554 ], [ -82.632380972222222, 27.759481805555556 ], [ -82.631163, 27.758708083333332 ], [ -82.629809305555554, 27.758140222222224 ], [ -82.628363388888886, 27.7577965 ], [ -82.626871722222219, 27.757687972222222 ], [ -82.625382249999987, 27.75781811111111 ], [ -82.623942833333331, 27.758182722222223 ], [ -82.622599722222219, 27.758770111111112 ], [ -82.62139605555555, 27.759561388888891 ], [ -82.620370555555553, 27.76053113888889 ], [ -82.619556166666655, 27.761648194444444 ], [ -82.618979055555542, 27.762876638888891 ], [ -82.618657805555543, 27.764177027777777 ], [ -82.61860275, 27.765507527777778 ] ] } },
{ "type": "Feature", "properties": { "style": "solid", "thickness": 1 }, "geometry": { "type": "LineString", "coordinates": [ [ -82.511588611111108, 27.642984138888888 ], [ -82.507990055555553, 27.643151166666666 ] ] } },
{ "type": "Feature", "properties": { "style": "solid", "thickness": 1 }, "geometry": { "type": "LineString", "coordinates": [ [ -82.520351444444444, 27.650013694444443 ], [ -82.520539333333332, 27.653218333333331 ] ] } },
{ "type": "Feature", "properties": { "style": "solid", "thickness": 1 }, "geometry": { "type": "LineString", "coordinates": [ [ -82.519481944444451, 27.63518075 ], [ -82.519294111111108, 27.631976083333335 ] ] } },
{ "type": "Feature", "properties": { "style": "solid", "thickness": 1 }, "geometry": { "type": "LineString", "coordinates": [ [ -82.528244666666666, 27.642209805555556 ], [ -82.531843166666661, 27.64204225 ] ] } },
{ "type": "Feature", "properties": { "style": "solid", "thickness": 1 }, "geometry": { "type": "LineString", "coordinates": [ [ -82.511588611111108, 27.642984138888888 ], [ -82.511799972222221, 27.644302194444442 ], [ -82.512272222222222, 27.645565444444443 ], [ -82.512990194444441, 27.646733305555554 ], [ -82.513930833333333, 27.64776825 ], [ -82.515063861111116, 27.648636972222221 ], [ -82.516352888888889, 27.649311555555556 ], [ -82.5177565, 27.649770333333333 ], [ -82.519229555555555, 27.649998527777779 ], [ -82.520724666666666, 27.649988861111112 ], [ -82.522193833333333, 27.649741583333334 ], [ -82.523589777777772, 27.649264666666667 ], [ -82.524867666666665, 27.648573444444445 ], [ -82.525986388888882, 27.64769011111111 ], [ -82.526909972222228, 27.646643111111111 ], [ -82.527608805555559, 27.645466055555556 ], [ -82.528060361111116, 27.644196833333332 ], [ -82.528250166666666, 27.642876166666667 ], [ -82.528172111111104, 27.641546555555554 ], [ -82.52782875, 27.640250722222223 ], [ -82.527231083333334, 27.639030305555554 ], [ -82.526398361111106, 27.637924555555553 ], [ -82.525357333333332, 27.63696897222222 ], [ -82.524141472222226, 27.636194277777776 ], [ -82.522789833333334, 27.63562536111111 ], [ -82.521345888888888, 27.635280527777777 ], [ -82.519856, 27.635170833333333 ], [ -82.518368055555555, 27.635299833333335 ], [ -82.516929888888882, 27.635663333333333 ], [ -82.515587694444449, 27.636249694444444 ], [ -82.514384611111112, 27.637040083333332 ], [ -82.513359305555554, 27.638009055555553 ], [ -82.512544722222216, 27.6391255 ], [ -82.511967083333332, 27.6403535 ], [ -82.511644916666668, 27.641653666666667 ], [ -82.511588611111108, 27.642984138888888 ] ] } },
{ "type": "Feature", "properties": { "style": "solid", "thickness": 1 }, "geometry": { "type": "LineString", "coordinates": [ [ -81.775084083333326, 27.943701027777777 ], [ -81.77147469444445, 27.943848805555557 ] ] } },
{ "type": "Feature", "properties": { "style": "solid", "thickness": 1 }, "geometry": { "type": "LineString", "coordinates": [ [ -81.783823083333331, 27.95077663888889 ], [ -81.783989833333337, 27.95398197222222 ] ] } },
{ "type": "Feature", "properties": { "style": "solid", "thickness": 1 }, "geometry": { "type": "LineString", "coordinates": [ [ -81.783051388888893, 27.935940555555558 ], [ -81.782884694444448, 27.932735222222224 ] ] } },
{ "type": "Feature", "properties": { "style": "solid", "thickness": 1 }, "geometry": { "type": "LineString", "coordinates": [ [ -81.791790305555551, 27.943015694444444 ], [ -81.795399638888881, 27.942867388888889 ] ] } },
{ "type": "Feature", "properties": { "style": "solid", "thickness": 1 }, "geometry": { "type": "LineString", "coordinates": [ [ -81.775084083333326, 27.943701027777777 ], [ -81.775287138888885, 27.945020055555556 ], [ -81.775752111111103, 27.946285722222221 ], [ -81.776464138888883, 27.947457305555556 ], [ -81.77740030555556, 27.948497138888889 ], [ -81.778530527777775, 27.949371833333334 ], [ -81.7798185, 27.95005322222222 ], [ -81.781222777777771, 27.950519444444442 ], [ -81.78269825, 27.9507555 ], [ -81.7841975, 27.950753805555554 ], [ -81.785672277777778, 27.950514388888887 ], [ -81.787075222222214, 27.950044972222223 ], [ -81.788361222222221, 27.949360666666667 ], [ -81.78948891666667, 27.948483416666665 ], [ -81.790422083333326, 27.947441444444443 ], [ -81.791130722222221, 27.94626825 ], [ -81.791592083333327, 27.945001527777777 ], [ -81.791791305555549, 27.943682027777779 ], [ -81.791722055555553, 27.942352138888889 ], [ -81.7913865, 27.941054611111113 ], [ -81.790795472222214, 27.939831111111111 ], [ -81.789967944444442, 27.938721027777778 ], [ -81.788930583333325, 27.937759972222221 ], [ -81.787716666666668, 27.936978861111111 ], [ -81.786365222222216, 27.936402805555556 ], [ -81.78491969444444, 27.936050305555554 ], [ -81.783426527777777, 27.935932666666666 ], [ -81.781933694444447, 27.936053694444446 ], [ -81.780489194444442, 27.936409472222223 ], [ -81.779139416666666, 27.936988611111111 ], [ -81.77792775, 27.937772472222221 ], [ -81.776893138888894, 27.938735888888889 ], [ -81.776068833333326, 27.939847861111112 ], [ -81.775481333333332, 27.941072666666667 ], [ -81.775149527777771, 27.942370972222221 ], [ -81.775084083333326, 27.943701027777777 ] ] } },
{ "type": "Feature", "properties": { "style": "solid", "thickness": 1 }, "geometry": { "type": "LineString", "coordinates": [ [ -81.593062333333322, 27.954136944444443 ], [ -81.58945241666666, 27.954279972222221 ] ] } },
{ "type": "Feature", "properties": { "style": "solid", "thickness": 1 }, "geometry": { "type": "LineString", "coordinates": [ [ -81.60179016666666, 27.961223944444445 ], [ -81.601951583333332, 27.964429416666665 ] ] } },
{ "type": "Feature", "properties": { "style": "solid", "thickness": 1 }, "geometry": { "type": "LineString", "coordinates": [ [ -81.601043194444443, 27.946387166666668 ], [ -81.600881833333332, 27.943181666666668 ] ] } },
{ "type": "Feature", "properties": { "style": "solid", "thickness": 1 }, "geometry": { "type": "LineString", "coordinates": [ [ -81.609770972222222, 27.953473666666667 ], [ -81.613380833333323, 27.953330083333334 ] ] } },
{ "type": "Feature", "properties": { "style": "solid", "thickness": 1 }, "geometry": { "type": "LineString", "coordinates": [ [ -81.593062333333322, 27.954136944444443 ], [ -81.593263166666659, 27.955456222222221 ], [ -81.593726083333323, 27.956722472222221 ], [ -81.594436222222214, 27.957894972222221 ], [ -81.595370722222214, 27.958936027777778 ], [ -81.596499555555553, 27.959812166666666 ], [ -81.597786472222211, 27.96049525 ], [ -81.599190111111113, 27.960963333333332 ], [ -81.600665277777779, 27.961201305555555 ], [ -81.60216463888888, 27.961201583333331 ], [ -81.603639944444438, 27.960964138888887 ], [ -81.605043777777766, 27.960496583333331 ], [ -81.606331, 27.959813944444445 ], [ -81.607460249999988, 27.958938222222223 ], [ -81.60839525, 27.9578975 ], [ -81.609105916666664, 27.95672525 ], [ -81.609569416666659, 27.955459194444444 ], [ -81.609770861111102, 27.954139972222222 ], [ -81.609703805555554, 27.952810027777776 ], [ -81.609370388888877, 27.951512055555554 ], [ -81.608781361111099, 27.950287833333334 ], [ -81.607955638888882, 27.949176666666666 ], [ -81.606919777777776, 27.94821427777778 ], [ -81.605707083333328, 27.947431583333334 ], [ -81.6043565, 27.94685375 ], [ -81.602911444444445, 27.946499333333332 ], [ -81.601418361111101, 27.94637975 ], [ -81.599925222222211, 27.946498805555557 ], [ -81.598480027777768, 27.946852694444445 ], [ -81.597129166666662, 27.947430055555557 ], [ -81.595916111111109, 27.948212305555554 ], [ -81.59487980555555, 27.949174305555555 ], [ -81.594053583333334, 27.950285166666667 ], [ -81.593464, 27.951509194444444 ], [ -81.59313, 27.952807027777776 ], [ -81.593062333333322, 27.954136944444443 ] ] } },
{ "type": "Feature", "properties": { "style": "solid", "thickness": 1 }, "geometry": { "type": "LineString", "coordinates": [ [ -81.333232388888888, 27.648166055555556 ], [ -81.329632361111109, 27.648302472222223 ] ] } },
{ "type": "Feature", "properties": { "style": "solid", "thickness": 1 }, "geometry": { "type": "LineString", "coordinates": [ [ -81.34191911111111, 27.655269194444443 ], [ -81.34207263888888, 27.658475 ] ] } },
{ "type": "Feature", "properties": { "style": "solid", "thickness": 1 }, "geometry": { "type": "LineString", "coordinates": [ [ -81.341208694444447, 27.640430805555557 ], [ -81.341055222222224, 27.637224972222221 ] ] } },
{ "type": "Feature", "properties": { "style": "solid", "thickness": 1 }, "geometry": { "type": "LineString", "coordinates": [ [ -81.349895333333322, 27.647533444444445 ], [ -81.353495333333328, 27.6473965 ] ] } },
{ "type": "Feature", "properties": { "style": "solid", "thickness": 1 }, "geometry": { "type": "LineString", "coordinates": [ [ -81.333232388888888, 27.648166055555556 ], [ -81.3334296111111, 27.64948575 ], [ -81.333888277777774, 27.650752833333332 ], [ -81.334593666666663, 27.651926666666665 ], [ -81.335523111111101, 27.652969444444444 ], [ -81.33664675, 27.653847666666664 ], [ -81.337928444444444, 27.654533138888887 ], [ -81.339327, 27.655003777777775 ], [ -81.340797472222221, 27.6552445 ], [ -81.342292583333332, 27.655247527777778 ], [ -81.34376425, 27.655012777777777 ], [ -81.345165222222221, 27.654547777777776 ], [ -81.346450388888883, 27.6538675 ], [ -81.3475785, 27.652993833333333 ], [ -81.34851325, 27.651954805555555 ], [ -81.349224611111111, 27.650783861111108 ], [ -81.34968975, 27.649518611111109 ], [ -81.349893694444447, 27.64819975 ], [ -81.349829916666664, 27.646869666666667 ], [ -81.349500472222218, 27.645571083333333 ], [ -81.348915944444443, 27.64434575 ], [ -81.34809513888888, 27.643233055555555 ], [ -81.347064444444442, 27.64226875 ], [ -81.345856972222222, 27.641483805555556 ], [ -81.344511555555556, 27.6409035 ], [ -81.34307141666666, 27.640546416666666 ], [ -81.341582805555547, 27.640424083333333 ], [ -81.340093611111101, 27.640540416666667 ], [ -81.338651666666664, 27.640891638888888 ], [ -81.337303305555551, 27.641466527777776 ], [ -81.3360918611111, 27.642246555555555 ], [ -81.33505625, 27.643206694444444 ], [ -81.334229805555552, 27.644316055555556 ], [ -81.333639027777778, 27.645539 ], [ -81.333302972222214, 27.64683625 ], [ -81.333232388888888, 27.648166055555556 ] ] } },
{ "type": "Feature", "properties": { "style": "solid", "thickness": 1 }, "geometry": { "type": "LineString", "coordinates": [ [ -81.195574944444445, 27.779640944444445 ], [ -81.191970500000011, 27.779773694444444 ] ] } },
{ "type": "Feature", "properties": { "style": "solid", "thickness": 1 }, "geometry": { "type": "LineString", "coordinates": [ [ -81.204262805555558, 27.786752555555559 ], [ -81.204412388888898, 27.789958416666668 ] ] } },
{ "type": "Feature", "properties": { "style": "solid", "thickness": 1 }, "geometry": { "type": "LineString", "coordinates": [ [ -81.203570555555558, 27.771914083333332 ], [ -81.203421, 27.76870825 ] ] } },
{ "type": "Feature", "properties": { "style": "solid", "thickness": 1 }, "geometry": { "type": "LineString", "coordinates": [ [ -81.212258333333338, 27.77902522222222 ], [ -81.21586275, 27.778891944444442 ] ] } },
{ "type": "Feature", "properties": { "style": "solid", "thickness": 1 }, "geometry": { "type": "LineString", "coordinates": [ [ -81.195574944444445, 27.779640944444445 ], [ -81.195770722222221, 27.78096075 ], [ -81.196228305555564, 27.782228277777776 ], [ -81.196933027777789, 27.78340275 ], [ -81.197862222222227, 27.784446444444445 ], [ -81.198986055555565, 27.785325777777778 ], [ -81.200268388888887, 27.7860125 ], [ -81.201667972222225, 27.786484555555557 ], [ -81.203139861111111, 27.78672675 ], [ -81.20463675, 27.786731277777779 ], [ -81.206110472222221, 27.786498027777778 ], [ -81.207513666666671, 27.7860345 ], [ -81.20880122222222, 27.785355555555558 ], [ -81.20993175000001, 27.784483055555558 ], [ -81.210868944444442, 27.78344502777778 ], [ -81.211582666666672, 27.782274833333332 ], [ -81.212049972222232, 27.781010138888888 ], [ -81.21225583333333, 27.779691527777779 ], [ -81.212193694444451, 27.778361416666666 ], [ -81.2118655, 27.777062555555556 ], [ -81.211281861111118, 27.775836666666667 ], [ -81.2104615, 27.774723194444444 ], [ -81.209430833333343, 27.773757888888888 ], [ -81.208222944444444, 27.77297175 ], [ -81.206876694444446, 27.772390111111111 ], [ -81.205435305555554, 27.772031583333334 ], [ -81.203945138888898, 27.77190775 ], [ -81.202454027777776, 27.772022555555555 ], [ -81.201009944444451, 27.772372305555553 ], [ -81.199659250000011, 27.772945805555555 ], [ -81.198445361111112, 27.773724583333333 ], [ -81.197407333333331, 27.774683611111112 ], [ -81.196578472222228, 27.775792083333332 ], [ -81.195985444444446, 27.777014388888887 ], [ -81.195647305555553, 27.77831125 ], [ -81.195574944444445, 27.779640944444445 ] ] } },
{ "type": "Feature", "properties": { "style": "solid", "thickness": 1 }, "geometry": { "type": "LineString", "coordinates": [ [ -81.334071861111113, 27.45670525 ], [ -81.330478083333333, 27.456841777777775 ] ] } },
{ "type": "Feature", "properties": { "style": "solid", "thickness": 1 }, "geometry": { "type": "LineString", "coordinates": [ [ -81.342743805555557, 27.46380825 ], [ -81.342897194444433, 27.467014138888889 ] ] } },
{ "type": "Feature", "properties": { "style": "solid", "thickness": 1 }, "geometry": { "type": "LineString", "coordinates": [ [ -81.342034, 27.448969527777777 ], [ -81.341880666666668, 27.445763638888888 ] ] } },
{ "type": "Feature", "properties": { "style": "solid", "thickness": 1 }, "geometry": { "type": "LineString", "coordinates": [ [ -81.350705861111109, 27.456072027777775 ], [ -81.354299611111102, 27.45593497222222 ] ] } },
{ "type": "Feature", "properties": { "style": "solid", "thickness": 1 }, "geometry": { "type": "LineString", "coordinates": [ [ -81.334071861111113, 27.45670525 ], [ -81.334268805555553, 27.458024944444443 ], [ -81.334726722222214, 27.459292055555554 ], [ -81.33543094444444, 27.460465888888887 ], [ -81.336358833333335, 27.461508666666667 ], [ -81.337480527777771, 27.462386888888886 ], [ -81.338760027777766, 27.463072305555556 ], [ -81.340156194444447, 27.463542916666665 ], [ -81.341624111111102, 27.463783583333331 ], [ -81.3431166111111, 27.463786555555554 ], [ -81.34458575, 27.46355175 ], [ -81.34598425, 27.463086722222222 ], [ -81.347267166666668, 27.462406388888887 ], [ -81.34839325, 27.461532638888887 ], [ -81.34932636111111, 27.460493555555555 ], [ -81.350036444444441, 27.459322555555556 ], [ -81.350500722222222, 27.458057277777776 ], [ -81.35070425, 27.456738388888887 ], [ -81.35064052777777, 27.45540825 ], [ -81.350311583333323, 27.454109638888887 ], [ -81.349728027777772, 27.452884305555553 ], [ -81.348908611111099, 27.451771611111109 ], [ -81.347879638888884, 27.450807305555553 ], [ -81.34667425, 27.450022416666666 ], [ -81.345331138888881, 27.449442111111111 ], [ -81.34389347222222, 27.449085083333333 ], [ -81.34240747222222, 27.448962805555556 ], [ -81.340920861111101, 27.449079166666667 ], [ -81.339481444444445, 27.449430472222222 ], [ -81.338135444444433, 27.450005416666666 ], [ -81.336926111111111, 27.4507855 ], [ -81.335892361111107, 27.451745694444444 ], [ -81.335067388888888, 27.452855111111109 ], [ -81.334477694444445, 27.454078111111109 ], [ -81.33414225, 27.455375388888889 ], [ -81.334071861111113, 27.45670525 ] ] } },
{ "type": "Feature", "properties": { "style": "solid", "thickness": 1 }, "geometry": { "type": "LineString", "coordinates": [ [ -81.829931083333335, 27.195664333333333 ], [ -81.82634619444444, 27.195813805555556 ] ] } },
{ "type": "Feature", "properties": { "style": "solid", "thickness": 1 }, "geometry": { "type": "LineString", "coordinates": [ [ -81.83861505555555, 27.202736666666667 ], [ -81.838782527777767, 27.205942222222223 ] ] } },
{ "type": "Feature", "properties": { "style": "solid", "thickness": 1 }, "geometry": { "type": "LineString", "coordinates": [ [ -81.83784, 27.187899444444444 ], [ -81.837672555555557, 27.184693861111111 ] ] } },
{ "type": "Feature", "properties": { "style": "solid", "thickness": 1 }, "geometry": { "type": "LineString", "coordinates": [ [ -81.846523888888882, 27.194971277777778 ], [ -81.850108722222217, 27.194821277777777 ] ] } },
{ "type": "Feature", "properties": { "style": "solid", "thickness": 1 }, "geometry": { "type": "LineString", "coordinates": [ [ -81.829931083333335, 27.195664333333333 ], [ -81.8301335, 27.196983416666669 ], [ -81.830596083333333, 27.198249 ], [ -81.831303972222216, 27.199420361111112 ], [ -81.832234416666665, 27.20045986111111 ], [ -81.8333575, 27.201334138888889 ], [ -81.83463713888888, 27.202015 ], [ -81.836032194444442, 27.20248063888889 ], [ -81.837497805555557, 27.202716027777775 ], [ -81.838986888888883, 27.202713638888888 ], [ -81.840451583333333, 27.202473527777776 ], [ -81.84184475, 27.202003444444443 ], [ -81.843121638888888, 27.201318444444443 ], [ -81.844241222222223, 27.200440583333332 ], [ -81.845167472222215, 27.199398083333335 ], [ -81.845870638888883, 27.198224444444445 ], [ -81.846328138888879, 27.196957416666667 ], [ -81.846525277777772, 27.195637666666666 ], [ -81.846455694444444, 27.194307694444444 ], [ -81.846121666666662, 27.193010166666667 ], [ -81.845533916666668, 27.191786833333335 ], [ -81.844711388888882, 27.190677 ], [ -81.843680444444445, 27.189716333333333 ], [ -81.842474305555555, 27.188935722222222 ], [ -81.841131666666655, 27.188360222222222 ], [ -81.839695722222217, 27.188008333333332 ], [ -81.83821258333333, 27.187891361111113 ], [ -81.836729916666656, 27.188013083333335 ], [ -81.835295388888881, 27.188369583333333 ], [ -81.833955083333322, 27.18894938888889 ], [ -81.832752083333332, 27.189733888888888 ], [ -81.831725027777779, 27.190697861111111 ], [ -81.830906944444436, 27.191810333333333 ], [ -81.830324111111111, 27.193035555555557 ], [ -81.829995305555556, 27.194334138888888 ], [ -81.829931083333335, 27.195664333333333 ] ] } },
{ "type": "Feature", "properties": { "style": "solid", "thickness": 1 }, "geometry": { "type": "LineString", "coordinates": [ [ -82.431747027777789, 27.071649972222222 ], [ -82.428166861111123, 27.071814972222221 ] ] } },
{ "type": "Feature", "properties": { "style": "solid", "thickness": 1 }, "geometry": { "type": "LineString", "coordinates": [ [ -82.44045975, 27.078684888888887 ], [ -82.440644388888899, 27.081889833333332 ] ] } },
{ "type": "Feature", "properties": { "style": "solid", "thickness": 1 }, "geometry": { "type": "LineString", "coordinates": [ [ -82.43960530555556, 27.063850666666667 ], [ -82.439420722222224, 27.060645722222223 ] ] } },
{ "type": "Feature", "properties": { "style": "solid", "thickness": 1 }, "geometry": { "type": "LineString", "coordinates": [ [ -82.448317916666667, 27.070885083333334 ], [ -82.451898, 27.070719555555556 ] ] } },
{ "type": "Feature", "properties": { "style": "solid", "thickness": 1 }, "geometry": { "type": "LineString", "coordinates": [ [ -82.431747027777789, 27.071649972222222 ], [ -82.431956361111119, 27.072968222222222 ], [ -82.432425305555554, 27.074231833333332 ], [ -82.43313875, 27.075400166666668 ], [ -82.434073777777783, 27.076435666666665 ], [ -82.435200361111114, 27.077305083333332 ], [ -82.436482277777785, 27.077980444444446 ], [ -82.43787833333333, 27.078440055555554 ], [ -82.439343638888886, 27.078669111111111 ], [ -82.440831083333336, 27.078660277777779 ], [ -82.44229283333334, 27.078413805555556 ], [ -82.44368194444445, 27.077937666666667 ], [ -82.44495375000001, 27.07724713888889 ], [ -82.446067333333332, 27.076364416666667 ], [ -82.446986916666674, 27.07531786111111 ], [ -82.447683, 27.074141166666667 ], [ -82.448133138888892, 27.07287211111111 ], [ -82.448322916666669, 27.071551472222222 ], [ -82.448246222222224, 27.07022175 ], [ -82.447905527777777, 27.068925666666665 ], [ -82.44731183333333, 27.067704833333334 ], [ -82.446484166666664, 27.066598555555558 ], [ -82.44544919444445, 27.065642305555556 ], [ -82.444240138888887, 27.06486688888889 ], [ -82.442895861111111, 27.064297194444446 ], [ -82.441459583333341, 27.0639515 ], [ -82.439977444444452, 27.063840972222224 ], [ -82.438497055555558, 27.063969111111113 ], [ -82.437066027777774, 27.064331833333334 ], [ -82.435730333333339, 27.064917472222223 ], [ -82.434532861111109, 27.065707194444446 ], [ -82.433512166666674, 27.066675638888888 ], [ -82.432700972222221, 27.067791666666665 ], [ -82.432125416666665, 27.069019416666666 ], [ -82.431804, 27.070319472222224 ], [ -82.431747027777789, 27.071649972222222 ] ] } },
{ "type": "Feature", "properties": { "style": "solid", "thickness": 1 }, "geometry": { "type": "LineString", "coordinates": [ [ -82.546079611111111, 27.395833444444445 ], [ -82.542489138888882, 27.396001388888887 ] ] } },
{ "type": "Feature", "properties": { "style": "solid", "thickness": 1 }, "geometry": { "type": "LineString", "coordinates": [ [ -82.554825027777781, 27.402861027777778 ], [ -82.5550135, 27.40606572222222 ] ] } },
{ "type": "Feature", "properties": { "style": "solid", "thickness": 1 }, "geometry": { "type": "LineString", "coordinates": [ [ -82.553952805555554, 27.388027861111112 ], [ -82.553764416666667, 27.384823138888887 ] ] } },
{ "type": "Feature", "properties": { "style": "solid", "thickness": 1 }, "geometry": { "type": "LineString", "coordinates": [ [ -82.562698111111104, 27.395054944444443 ], [ -82.5662885, 27.3948865 ] ] } },
{ "type": "Feature", "properties": { "style": "solid", "thickness": 1 }, "geometry": { "type": "LineString", "coordinates": [ [ -82.546079611111111, 27.395833444444445 ], [ -82.546290916666663, 27.397151472222223 ], [ -82.5467625, 27.398414666666667 ], [ -82.547479222222222, 27.399582388888888 ], [ -82.548418055555558, 27.40061711111111 ], [ -82.549548833333333, 27.401485583333333 ], [ -82.550835194444446, 27.402159861111109 ], [ -82.552235805555554, 27.402618305555553 ], [ -82.553705611111113, 27.402846166666667 ], [ -82.555197388888885, 27.40283608333333 ], [ -82.55666319444444, 27.402588444444444 ], [ -82.558055861111114, 27.402111166666664 ], [ -82.559330666666668, 27.401419611111109 ], [ -82.560446611111104, 27.400536 ], [ -82.561367805555548, 27.399488722222223 ], [ -82.562064694444445, 27.398311472222222 ], [ -82.562514833333324, 27.397042055555556 ], [ -82.562703805555557, 27.395721333333334 ], [ -82.562625527777769, 27.394391694444444 ], [ -82.562282527777768, 27.393095916666667 ], [ -82.561685833333328, 27.391875611111111 ], [ -82.560854611111111, 27.390770027777776 ], [ -82.559815611111105, 27.389814666666666 ], [ -82.55860222222222, 27.38904025 ], [ -82.557253444444441, 27.388471666666668 ], [ -82.555812611111108, 27.388127166666667 ], [ -82.554326027777776, 27.388017861111109 ], [ -82.552841444444439, 27.388147222222223 ], [ -82.551406611111105, 27.388511111111111 ], [ -82.550067611111103, 27.389097805555554 ], [ -82.548867472222227, 27.3898885 ], [ -82.547844777777769, 27.39085775 ], [ -82.547032361111107, 27.391974444444443 ], [ -82.546456388888885, 27.393202638888887 ], [ -82.546135361111112, 27.394502916666667 ], [ -82.546079611111111, 27.395833444444445 ] ] } },
{ "type": "Feature", "properties": { "style": "solid", "thickness": 1 }, "geometry": { "type": "LineString", "coordinates": [ [ -82.365738111111099, 26.990458833333335 ], [ -82.362160472222214, 26.990622138888888 ] ] } },
{ "type": "Feature", "properties": { "style": "solid", "thickness": 1 }, "geometry": { "type": "LineString", "coordinates": [ [ -82.374440333333325, 26.997497888888891 ], [ -82.37462294444444, 27.000702916666668 ] ] } },
{ "type": "Feature", "properties": { "style": "solid", "thickness": 1 }, "geometry": { "type": "LineString", "coordinates": [ [ -82.37359525, 26.982663222222222 ], [ -82.373412722222213, 26.979458194444444 ] ] } },
{ "type": "Feature", "properties": { "style": "solid", "thickness": 1 }, "geometry": { "type": "LineString", "coordinates": [ [ -82.382297388888887, 26.989701777777778 ], [ -82.385874972222226, 26.989537944444447 ] ] } },
{ "type": "Feature", "properties": { "style": "solid", "thickness": 1 }, "geometry": { "type": "LineString", "coordinates": [ [ -82.365738111111099, 26.990458833333335 ], [ -82.365946527777766, 26.991777194444445 ], [ -82.366414361111111, 26.993041 ], [ -82.367126611111104, 26.994209694444447 ], [ -82.368060361111105, 26.995245638888889 ], [ -82.369185611111106, 26.996115583333335 ], [ -82.370466194444433, 26.996791555555557 ], [ -82.371860944444435, 26.997251833333333 ], [ -82.373325055555554, 26.997481583333336 ], [ -82.37481141666666, 26.997473444444445 ], [ -82.37627225, 26.997227666666667 ], [ -82.377660638888884, 26.996752194444447 ], [ -82.378931916666659, 26.99606225 ], [ -82.380045222222222, 26.995180055555558 ], [ -82.38096475, 26.994133944444446 ], [ -82.381661, 26.992957555555556 ], [ -82.382111555555554, 26.991688722222221 ], [ -82.382301972222209, 26.990368194444446 ], [ -82.382226138888882, 26.989038416666666 ], [ -82.38188647222222, 26.987742138888891 ], [ -82.381293916666664, 26.986521055555556 ], [ -82.3804675, 26.985414361111111 ], [ -82.379433833333323, 26.984457638888891 ], [ -82.378226111111104, 26.983681638888889 ], [ -82.376883166666659, 26.983111305555553 ], [ -82.375448138888885, 26.982764944444444 ], [ -82.373967138888887, 26.982653694444444 ], [ -82.37248775, 26.982781138888889 ], [ -82.371057555555552, 26.983143194444441 ], [ -82.369722472222222, 26.983728194444446 ], [ -82.368525416666657, 26.984517361111113 ], [ -82.367504888888888, 26.985485305555557 ], [ -82.366693638888876, 26.986600972222224 ], [ -82.366117777777774, 26.987828472222223 ], [ -82.365795833333323, 26.989128361111113 ], [ -82.365738111111099, 26.990458833333335 ] ] } },
{ "type": "Feature", "properties": { "style": "solid", "thickness": 1 }, "geometry": { "type": "LineString", "coordinates": [ [ -82.244332805555558, 26.854112777777779 ], [ -82.240759361111117, 26.854272972222223 ] ] } },
{ "type": "Feature", "properties": { "style": "solid", "thickness": 1 }, "geometry": { "type": "LineString", "coordinates": [ [ -82.253016833333334, 26.861159361111113 ], [ -82.25319575, 26.864364555555557 ] ] } },
{ "type": "Feature", "properties": { "style": "solid", "thickness": 1 }, "geometry": { "type": "LineString", "coordinates": [ [ -82.252188777777775, 26.846323972222223 ], [ -82.252009916666665, 26.843118777777775 ] ] } },
{ "type": "Feature", "properties": { "style": "solid", "thickness": 1 }, "geometry": { "type": "LineString", "coordinates": [ [ -82.260872694444444, 26.853370055555558 ], [ -82.26444608333334, 26.853209333333336 ] ] } },
{ "type": "Feature", "properties": { "style": "solid", "thickness": 1 }, "geometry": { "type": "LineString", "coordinates": [ [ -82.244332805555558, 26.854112777777779 ], [ -82.244539555555562, 26.855431305555555 ], [ -82.245005444444445, 26.856695527777781 ], [ -82.245715555555563, 26.857864833333334 ], [ -82.246647055555556, 26.858901583333335 ], [ -82.24777, 26.859772527777778 ], [ -82.249048277777774, 26.860449583333335 ], [ -82.250440861111116, 26.860911055555558 ], [ -82.251902916666666, 26.861142083333334 ], [ -82.253387472222215, 26.86113525 ], [ -82.254846805555559, 26.86089075 ], [ -82.256234, 26.860416444444446 ], [ -82.25750444444445, 26.859727611111111 ], [ -82.258617361111106, 26.858846388888889 ], [ -82.259536916666661, 26.857801083333335 ], [ -82.260233555555558, 26.856625305555557 ], [ -82.260684944444449, 26.855356833333335 ], [ -82.260876555555555, 26.854036472222223 ], [ -82.260802222222225, 26.85270663888889 ], [ -82.260464388888892, 26.851410083333334 ], [ -82.259873861111117, 26.850188472222225 ], [ -82.25904966666667, 26.849081055555555 ], [ -82.258018305555552, 26.848123444444443 ], [ -82.256812888888888, 26.847346416666664 ], [ -82.255472194444451, 26.846774888888888 ], [ -82.254039277777778, 26.846427305555554 ], [ -82.252560194444442, 26.846314777777778 ], [ -82.2510825, 26.846440944444442 ], [ -82.249653638888887, 26.846801722222221 ], [ -82.248319555555554, 26.847385583333331 ], [ -82.247123138888895, 26.848173694444444 ], [ -82.246102777777779, 26.849140777777777 ], [ -82.245291333333341, 26.850255722222222 ], [ -82.244714861111106, 26.851482722222222 ], [ -82.244391888888885, 26.852782333333334 ], [ -82.244332805555558, 26.854112777777779 ] ] } },
{ "type": "Feature", "properties": { "style": "solid", "thickness": 1 }, "geometry": { "type": "LineString", "coordinates": [ [ -81.908026166666673, 26.968962194444444 ], [ -81.904448666666667, 26.96911375 ] ] } },
{ "type": "Feature", "properties": { "style": "solid", "thickness": 1 }, "geometry": { "type": "LineString", "coordinates": [ [ -81.916697666666678, 26.976029638888889 ], [ -81.91686713888889, 26.979235166666665 ] ] } },
{ "type": "Feature", "properties": { "style": "solid", "thickness": 1 }, "geometry": { "type": "LineString", "coordinates": [ [ -81.915913472222229, 26.961192583333332 ], [ -81.915744083333337, 26.957987055555556 ] ] } },
{ "type": "Feature", "properties": { "style": "solid", "thickness": 1 }, "geometry": { "type": "LineString", "coordinates": [ [ -81.924584888888887, 26.968259527777775 ], [ -81.92816236111112, 26.968107472222222 ] ] } },
{ "type": "Feature", "properties": { "style": "solid", "thickness": 1 }, "geometry": { "type": "LineString", "coordinates": [ [ -81.908026166666673, 26.968962194444444 ], [ -81.908229138888899, 26.970281194444443 ], [ -81.90869172222223, 26.9715465 ], [ -81.909399, 26.9727175 ], [ -81.910328305555566, 26.9737565 ], [ -81.91144975, 26.974630111111111 ], [ -81.912727305555563, 26.97531025 ], [ -81.914119861111118, 26.975775083333332 ], [ -81.915582694444453, 26.976009638888886 ], [ -81.91706875, 26.976006388888887 ], [ -81.918530305555564, 26.975765444444441 ], [ -81.919920305555564, 26.975294527777777 ], [ -81.92119411111112, 26.974608777777775 ], [ -81.922310777777781, 26.97373025 ], [ -81.923234416666673, 26.972687194444443 ], [ -81.923935333333333, 26.971513138888888 ], [ -81.924390972222227, 26.970245805555553 ], [ -81.92458675, 26.968925944444443 ], [ -81.924516361111117, 26.96759597222222 ], [ -81.924182083333335, 26.96629861111111 ], [ -81.9235946388889, 26.965075611111111 ], [ -81.922772944444446, 26.963966222222222 ], [ -81.921743416666672, 26.96300613888889 ], [ -81.920539138888898, 26.962226194444444 ], [ -81.91919883333334, 26.961651472222222 ], [ -81.917765527777789, 26.961300388888887 ], [ -81.916285305555562, 26.961184305555555 ], [ -81.914805722222226, 26.961306888888888 ], [ -81.91337436111111, 26.961664222222222 ], [ -81.912037194444451, 26.962244805555557 ], [ -81.910837166666667, 26.963030027777776 ], [ -81.909812888888894, 26.963994611111112 ], [ -81.908997277777786, 26.965107555555555 ], [ -81.908416527777788, 26.966333138888888 ], [ -81.908089305555563, 26.967631916666665 ], [ -81.908026166666673, 26.968962194444444 ] ] } },
{ "type": "Feature", "properties": { "style": "solid", "thickness": 1 }, "geometry": { "type": "LineString", "coordinates": [ [ -81.982610611111113, 26.918948055555557 ], [ -81.979034777777784, 26.91910152777778 ] ] } },
{ "type": "Feature", "properties": { "style": "solid", "thickness": 1 }, "geometry": { "type": "LineString", "coordinates": [ [ -81.991283027777783, 26.926010861111113 ], [ -81.991454555555563, 26.929216333333333 ] ] } },
{ "type": "Feature", "properties": { "style": "solid", "thickness": 1 }, "geometry": { "type": "LineString", "coordinates": [ [ -81.990489222222223, 26.911174138888889 ], [ -81.99031775, 26.907968666666665 ] ] } },
{ "type": "Feature", "properties": { "style": "solid", "thickness": 1 }, "geometry": { "type": "LineString", "coordinates": [ [ -81.99916155555556, 26.918236472222222 ], [ -82.002737333333329, 26.918082472222224 ] ] } },
{ "type": "Feature", "properties": { "style": "solid", "thickness": 1 }, "geometry": { "type": "LineString", "coordinates": [ [ -81.982610611111113, 26.918948055555557 ], [ -81.982814388888897, 26.920266944444446 ], [ -81.98327761111112, 26.921532027777779 ], [ -81.98398536111111, 26.922702638888889 ], [ -81.984914972222228, 26.923741138888889 ], [ -81.9860365, 26.924614166666668 ], [ -81.987313916666665, 26.925293638888888 ], [ -81.988706194444447, 26.925757694444446 ], [ -81.990168527777783, 26.925991472222222 ], [ -81.991653944444451, 26.925987416666668 ], [ -81.993114666666671, 26.925745666666668 ], [ -81.99450375, 26.925274 ], [ -81.995776555555551, 26.924587583333334 ], [ -81.996892138888896, 26.923708444444447 ], [ -81.997814638888883, 26.922664888888889 ], [ -81.998514444444439, 26.921490444444444 ], [ -81.998969055555563, 26.920222861111114 ], [ -81.999163861111114, 26.918902861111111 ], [ -81.999092611111109, 26.917572916666668 ], [ -81.998757611111117, 26.91627575 ], [ -81.998169611111109, 26.915053055555553 ], [ -81.997347527777777, 26.91394411111111 ], [ -81.996317833333336, 26.912984555555553 ], [ -81.995113555555562, 26.91220525 ], [ -81.993773444444443, 26.91163125 ], [ -81.992340527777785, 26.911280944444442 ], [ -81.990860888888889, 26.911165638888889 ], [ -81.989382055555552, 26.911289027777777 ], [ -81.987951555555554, 26.911647138888888 ], [ -81.986615361111106, 26.912228472222221 ], [ -81.985416416666666, 26.913014333333333 ], [ -81.984393222222224, 26.91397947222222 ], [ -81.983578722222219, 26.915092861111109 ], [ -81.98299902777778, 26.91631875 ], [ -81.982672833333339, 26.917617722222225 ], [ -81.982610611111113, 26.918948055555557 ] ] } },
{ "type": "Feature", "properties": { "style": "solid", "thickness": 1 }, "geometry": { "type": "LineString", "coordinates": [ [ -81.854995249999988, 26.586963472222219 ], [ -81.851429833333327, 26.587113777777777 ] ] } },
{ "type": "Feature", "properties": { "style": "solid", "thickness": 1 }, "geometry": { "type": "LineString", "coordinates": [ [ -81.86363425, 26.594033916666664 ], [ -81.86380172222222, 26.5972395 ] ] } },
{ "type": "Feature", "properties": { "style": "solid", "thickness": 1 }, "geometry": { "type": "LineString", "coordinates": [ [ -81.862859138888879, 26.579196638888888 ], [ -81.862691694444436, 26.575991055555555 ] ] } },
{ "type": "Feature", "properties": { "style": "solid", "thickness": 1 }, "geometry": { "type": "LineString", "coordinates": [ [ -81.871498027777776, 26.586266583333334 ], [ -81.875063416666663, 26.586115777777778 ] ] } },
{ "type": "Feature", "properties": { "style": "solid", "thickness": 1 }, "geometry": { "type": "LineString", "coordinates": [ [ -81.854995249999988, 26.586963472222219 ], [ -81.855196972222217, 26.588282527777778 ], [ -81.855657416666659, 26.589548 ], [ -81.856361805555551, 26.59071925 ], [ -81.8572875, 26.591758555555554 ], [ -81.85840475, 26.592632555555554 ], [ -81.859677666666656, 26.593313166666665 ], [ -81.861065277777769, 26.593778472222223 ], [ -81.862523055555556, 26.594013555555556 ], [ -81.864004055555554, 26.594010805555556 ], [ -81.86546075, 26.593770361111108 ], [ -81.86684625, 26.593299944444443 ], [ -81.868116027777774, 26.592614638888886 ], [ -81.869229277777777, 26.591736527777776 ], [ -81.870150222222222, 26.590693777777776 ], [ -81.87084925, 26.58951997222222 ], [ -81.871303916666662, 26.588252805555555 ], [ -81.871499583333332, 26.586933 ], [ -81.871430027777777, 26.585603 ], [ -81.871097444444445, 26.584305555555556 ], [ -81.870512527777777, 26.583082333333333 ], [ -81.869694111111102, 26.581972666666665 ], [ -81.8686685, 26.58101222222222 ], [ -81.86746863888888, 26.580231861111113 ], [ -81.866133111111111, 26.579656666666665 ], [ -81.864704833333334, 26.579305083333335 ], [ -81.863229694444442, 26.579188472222221 ], [ -81.861755111111108, 26.579310555555555 ], [ -81.860328444444434, 26.57966738888889 ], [ -81.858995555555552, 26.5802475 ], [ -81.857799277777772, 26.581032305555556 ], [ -81.856778055555552, 26.581996527777779 ], [ -81.855964722222211, 26.583109194444443 ], [ -81.855385416666664, 26.584334555555554 ], [ -81.85505875, 26.585633222222221 ], [ -81.854995249999988, 26.586963472222219 ] ] } },
{ "type": "Feature", "properties": { "style": "solid", "thickness": 1 }, "geometry": { "type": "LineString", "coordinates": [ [ -81.74690702777778, 26.536505722222223 ], [ -81.743343083333329, 26.536653305555557 ] ] } },
{ "type": "Feature", "properties": { "style": "solid", "thickness": 1 }, "geometry": { "type": "LineString", "coordinates": [ [ -81.755535333333327, 26.54358275 ], [ -81.755699694444445, 26.546788416666669 ] ] } },
{ "type": "Feature", "properties": { "style": "solid", "thickness": 1 }, "geometry": { "type": "LineString", "coordinates": [ [ -81.75477469444445, 26.528745027777777 ], [ -81.754610388888892, 26.525539361111111 ] ] } },
{ "type": "Feature", "properties": { "style": "solid", "thickness": 1 }, "geometry": { "type": "LineString", "coordinates": [ [ -81.763402916666664, 26.535821555555557 ], [ -81.766966833333328, 26.535673472222225 ] ] } },
{ "type": "Feature", "properties": { "style": "solid", "thickness": 1 }, "geometry": { "type": "LineString", "coordinates": [ [ -81.74690702777778, 26.536505722222223 ], [ -81.747107388888892, 26.537824944444445 ], [ -81.747566416666672, 26.53909075 ], [ -81.748269388888886, 26.5402625 ], [ -81.74919366666667, 26.541302527777781 ], [ -81.750309583333333, 26.542177388888891 ], [ -81.75158125, 26.542858944444447 ], [ -81.752967805555556, 26.543325333333335 ], [ -81.754424666666665, 26.543561527777779 ], [ -81.755905027777771, 26.54355991666667 ], [ -81.75736125, 26.543320611111113 ], [ -81.758746583333334, 26.54285125 ], [ -81.760016444444446, 26.54216691666667 ], [ -81.76113, 26.541289666666668 ], [ -81.762051527777771, 26.540247666666669 ], [ -81.762751361111114, 26.539074388888892 ], [ -81.763207027777781, 26.537807583333336 ], [ -81.763403861111115, 26.536487944444445 ], [ -81.76333558333333, 26.53515791666667 ], [ -81.763004388888888, 26.533860222222224 ], [ -81.76242091666667, 26.532636555555555 ], [ -81.761603916666672, 26.531526277777775 ], [ -81.760579694444445, 26.530565055555556 ], [ -81.759381138888884, 26.529783777777777 ], [ -81.75804675, 26.529207555555555 ], [ -81.756619472222226, 26.528854916666667 ], [ -81.755145111111105, 26.528737166666666 ], [ -81.753671055555557, 26.528858083333333 ], [ -81.752244722222216, 26.529213833333333 ], [ -81.750911888888893, 26.529792916666665 ], [ -81.749715416666675, 26.530576777777778 ], [ -81.74869375, 26.531540222222223 ], [ -81.747879722222223, 26.53265225 ], [ -81.7472995, 26.53387713888889 ], [ -81.746971777777773, 26.535175555555558 ], [ -81.74690702777778, 26.536505722222223 ] ] } },
{ "type": "Feature", "properties": { "style": "solid", "thickness": 1 }, "geometry": { "type": "LineString", "coordinates": [ [ -81.420014194444448, 26.74090563888889 ], [ -81.4164435, 26.74104477777778 ] ] } },
{ "type": "Feature", "properties": { "style": "solid", "thickness": 1 }, "geometry": { "type": "LineString", "coordinates": [ [ -81.428637055555555, 26.748002805555558 ], [ -81.428792305555561, 26.75120875 ] ] } },
{ "type": "Feature", "properties": { "style": "solid", "thickness": 1 }, "geometry": { "type": "LineString", "coordinates": [ [ -81.427918527777777, 26.733163861111109 ], [ -81.427763333333331, 26.729957916666667 ] ] } },
{ "type": "Feature", "properties": { "style": "solid", "thickness": 1 }, "geometry": { "type": "LineString", "coordinates": [ [ -81.436541333333338, 26.740260527777778 ], [ -81.440112, 26.740120888888889 ] ] } },
{ "type": "Feature", "properties": { "style": "solid", "thickness": 1 }, "geometry": { "type": "LineString", "coordinates": [ [ -81.420014194444448, 26.74090563888889 ], [ -81.420211027777782, 26.742225277777777 ], [ -81.420667166666675, 26.74349213888889 ], [ -81.421367944444455, 26.7446655 ], [ -81.422290805555562, 26.745707666666668 ], [ -81.423406138888893, 26.746585138888889 ], [ -81.424678083333333, 26.747269694444444 ], [ -81.426065722222233, 26.747739333333335 ], [ -81.4275245, 26.747978944444444 ], [ -81.429007472222224, 26.747980861111113 ], [ -81.43046697222222, 26.747745 ], [ -81.43185613888889, 26.747278916666669 ], [ -81.43313025, 26.74659763888889 ], [ -81.434248361111116, 26.745723055555555 ], [ -81.435174583333335, 26.744683277777778 ], [ -81.435879083333333, 26.743511694444447 ], [ -81.43633925, 26.742246027777778 ], [ -81.436540305555553, 26.74092688888889 ], [ -81.43647580555556, 26.73959675 ], [ -81.436147833333337, 26.738298305555556 ], [ -81.435566888888886, 26.737073333333335 ], [ -81.434751722222231, 26.735961166666666 ], [ -81.433728472222228, 26.734997555555555 ], [ -81.432530083333333, 26.734213472222223 ], [ -81.43119502777779, 26.733634111111112 ], [ -81.42976625, 26.733278083333332 ], [ -81.428289611111111, 26.733156861111109 ], [ -81.426812611111117, 26.733274305555554 ], [ -81.425382694444451, 26.733626638888889 ], [ -81.424045805555565, 26.734202555555555 ], [ -81.422844916666676, 26.734983555555555 ], [ -81.421818611111121, 26.735944527777779 ], [ -81.4209998888889, 26.737054611111112 ], [ -81.420415055555566, 26.738278083333334 ], [ -81.420082944444445, 26.739575666666667 ], [ -81.420014194444448, 26.74090563888889 ] ] } },
{ "type": "Feature", "properties": { "style": "solid", "thickness": 1 }, "geometry": { "type": "LineString", "coordinates": [ [ -82.580653055555558, 29.616734694444446 ], [ -82.573361111111112, 29.629916666666666 ], [ -82.564525388888882, 29.6174765 ] ] } },
{ "type": "Feature", "properties": { "style": "solid", "thickness": 1 }, "geometry": { "type": "LineString", "coordinates": [ [ -82.560766277777773, 29.644959833333331 ], [ -82.558711611111107, 29.645054138888888 ], [ -82.557819638888887, 29.630216916666669 ] ] } },
{ "type": "Feature", "properties": { "style": "solid", "thickness": 1 }, "geometry": { "type": "LineString", "coordinates": [ [ -82.550081972222216, 29.645449777777777 ], [ -82.548027277777777, 29.645543916666668 ], [ -82.547136805555553, 29.630706638888888 ] ] } },
{ "type": "Feature", "properties": { "style": "solid", "thickness": 1 }, "geometry": { "type": "LineString", "coordinates": [ [ -82.426311555555557, 29.618704083333334 ], [ -82.419, 29.631877777777778 ], [ -82.4101825, 29.619427666666667 ] ] } },
{ "type": "Feature", "properties": { "style": "solid", "thickness": 1 }, "geometry": { "type": "LineString", "coordinates": [ [ -82.397735472222223, 29.642141611111111 ], [ -82.399548055555556, 29.640260944444442 ], [ -82.401093638888895, 29.638512138888888 ], [ -82.40237225, 29.63689525 ], [ -82.403137972222225, 29.635901166666667 ], [ -82.403752694444449, 29.634673888888887 ], [ -82.403956472222234, 29.633465 ], [ -82.404030305555565, 29.632381916666667 ], [ -82.403904, 29.630227972222222 ], [ -82.403444, 29.629408722222223 ], [ -82.402854027777778, 29.62871525 ], [ -82.402257083333339, 29.627902138888889 ], [ -82.399324722222232, 29.627073472222222 ], [ -82.397681166666672, 29.627146972222224 ], [ -82.395949666666667, 29.628064194444445 ], [ -82.39568975, 29.628315777777779 ], [ -82.394650083333346, 29.629322055555555 ], [ -82.394527111111117, 29.6295675 ], [ -82.394077305555555, 29.631267277777777 ], [ -82.394147361111123, 29.632463916666666 ], [ -82.394470333333345, 29.633289305555557 ], [ -82.394786333333343, 29.633995055555555 ], [ -82.39538325, 29.634808222222222 ], [ -82.396528111111124, 29.635596888888887 ], [ -82.397651944444448, 29.636026555555556 ], [ -82.398343833333342, 29.636115611111112 ], [ -82.399302666666671, 29.63607272222222 ], [ -82.399980527777785, 29.635922444444443 ], [ -82.402253, 29.634860972222221 ], [ -82.40396347222223, 29.633584666666668 ] ] } },
{ "type": "Feature", "properties": { "style": "solid", "thickness": 1 }, "geometry": { "type": "LineString", "coordinates": [ [ -82.40721836111112, 29.523332305555556 ], [ -82.399911111111123, 29.536505555555557 ], [ -82.39110391666668, 29.524053694444444 ] ] } },
{ "type": "Feature", "properties": { "style": "solid", "thickness": 1 }, "geometry": { "type": "LineString", "coordinates": [ [ -82.328678222222223, 29.522914305555556 ], [ -82.321361111111102, 29.536083333333334 ], [ -82.312563305555557, 29.523626444444442 ] ] } },
{ "type": "Feature", "properties": { "style": "solid", "thickness": 1 }, "geometry": { "type": "LineString", "coordinates": [ [ -82.38772525, 29.553951611111113 ], [ -82.385672222222226, 29.554043305555556 ], [ -82.384805555555559, 29.539204388888891 ] ] } },
{ "type": "Feature", "properties": { "style": "solid", "thickness": 1 }, "geometry": { "type": "LineString", "coordinates": [ [ -82.377049444444438, 29.554428083333335 ], [ -82.374996388888889, 29.554519611111111 ], [ -82.374131222222218, 29.539680638888889 ] ] } },
{ "type": "Feature", "properties": { "style": "solid", "thickness": 1 }, "geometry": { "type": "LineString", "coordinates": [ [ -82.301013805555556, 29.554530916666668 ], [ -82.302826611111115, 29.552651416666667 ], [ -82.3043725, 29.550903666666667 ], [ -82.305651527777769, 29.549287611111112 ], [ -82.306417527777768, 29.548294027777779 ], [ -82.307032861111111, 29.547067138888892 ], [ -82.307237583333333, 29.545858361111112 ], [ -82.307312333333329, 29.544775277777781 ], [ -82.30718813888889, 29.542621166666667 ], [ -82.306729277777777, 29.541801555555558 ], [ -82.306140472222225, 29.541107666666669 ], [ -82.30554475, 29.540294083333336 ], [ -82.302615638888881, 29.539463333333334 ], [ -82.300973388888892, 29.539535666666669 ], [ -82.2992425, 29.540451722222222 ], [ -82.298982555555554, 29.540703111111114 ], [ -82.297942833333337, 29.541708694444445 ], [ -82.29781975, 29.541954055555557 ], [ -82.29736875, 29.543653583333334 ], [ -82.29743763888888, 29.544850305555556 ], [ -82.297759583333331, 29.545675972222224 ], [ -82.298074666666665, 29.546381972222225 ], [ -82.298670333333334, 29.547195583333334 ], [ -82.2998135, 29.547985083333334 ], [ -82.300936, 29.548415555555557 ], [ -82.301627222222223, 29.548505083333335 ], [ -82.30258527777778, 29.548462888888892 ], [ -82.303262722222215, 29.548313083333333 ], [ -82.30553425, 29.547253194444448 ], [ -82.307244472222223, 29.545978027777778 ] ] } },
{ "type": "Feature", "properties": { "style": "solid", "thickness": 1 }, "geometry": { "type": "LineString", "coordinates": [ [ -81.500735833333337, 29.273263666666665 ], [ -81.493333333333339, 29.28638888888889 ], [ -81.484654972222216, 29.273878833333331 ] ] } },
{ "type": "Feature", "properties": { "style": "solid", "thickness": 1 }, "geometry": { "type": "LineString", "coordinates": [ [ -81.48329861111111, 29.306929944444445 ], [ -81.481249805555564, 29.307008138888889 ], [ -81.480512583333336, 29.292163388888891 ] ] } },
{ "type": "Feature", "properties": { "style": "solid", "thickness": 1 }, "geometry": { "type": "LineString", "coordinates": [ [ -81.472644805555561, 29.307336194444446 ], [ -81.470596, 29.307414222222224 ], [ -81.469860305555557, 29.292569444444446 ] ] } },
{ "type": "Feature", "properties": { "style": "solid", "thickness": 1 }, "geometry": { "type": "LineString", "coordinates": [ [ -82.335731583333327, 29.346026805555553 ], [ -82.328427777777776, 29.359197222222225 ], [ -82.319643888888891, 29.346739916666664 ] ] } },
{ "type": "Feature", "properties": { "style": "solid", "thickness": 1 }, "geometry": { "type": "LineString", "coordinates": [ [ -82.314878111111113, 29.378689138888891 ], [ -82.312828444444435, 29.37877975 ], [ -82.311973444444448, 29.363939305555558 ] ] } },
{ "type": "Feature", "properties": { "style": "solid", "thickness": 1 }, "geometry": { "type": "LineString", "coordinates": [ [ -82.304219833333335, 29.37916 ], [ -82.302170138888883, 29.379250444444445 ], [ -82.301316638888892, 29.364409972222223 ] ] } },
{ "type": "Feature", "properties": { "style": "solid", "thickness": 1 }, "geometry": { "type": "LineString", "coordinates": [ [ -82.087883944444442, 29.255453555555555 ], [ -82.080555555555549, 29.26861111111111 ], [ -82.071808583333336, 29.256137638888887 ] ] } },
{ "type": "Feature", "properties": { "style": "solid", "thickness": 1 }, "geometry": { "type": "LineString", "coordinates": [ [ -82.069806138888879, 29.288401111111114 ], [ -82.067758055555558, 29.288488055555558 ], [ -82.06693825, 29.27364575 ] ] } },
{ "type": "Feature", "properties": { "style": "solid", "thickness": 1 }, "geometry": { "type": "LineString", "coordinates": [ [ -82.051516361111112, 29.289296555555556 ], [ -82.05779722222222, 29.289030527777779 ], [ -82.059079194444436, 29.2824975 ], [ -82.057876805555551, 29.283028361111111 ], [ -82.056817555555554, 29.28367313888889 ], [ -82.054359944444442, 29.28377725 ], [ -82.053117944444438, 29.283589888888891 ], [ -82.051849583333336, 29.28292375 ], [ -82.050391972222215, 29.281305777777778 ], [ -82.050039805555556, 29.279881 ], [ -82.049940916666671, 29.278085527777776 ], [ -82.050687583333328, 29.276734194444444 ], [ -82.051570722222223, 29.275377055555555 ], [ -82.05196052777778, 29.275000638888887 ], [ -82.052746694444437, 29.27436747222222 ], [ -82.054098694444448, 29.27407025 ], [ -82.055600444444437, 29.274006611111112 ], [ -82.056705805555552, 29.27419975 ], [ -82.058097416666669, 29.274620666666667 ], [ -82.059378944444447, 29.275526138888889 ], [ -82.05953525, 29.275879444444442 ] ] } },
{ "type": "Feature", "properties": { "style": "solid", "thickness": 1 }, "geometry": { "type": "LineString", "coordinates": [ [ -82.128446194444436, 29.224945638888887 ], [ -82.121125, 29.238105555555556 ], [ -82.112375694444438, 29.225634527777775 ] ] } },
{ "type": "Feature", "properties": { "style": "solid", "thickness": 1 }, "geometry": { "type": "LineString", "coordinates": [ [ -82.160372194444449, 29.216841083333332 ], [ -82.153055555555568, 29.230002777777777 ], [ -82.144303138888901, 29.217533722222221 ] ] } },
{ "type": "Feature", "properties": { "style": "solid", "thickness": 1 }, "geometry": { "type": "LineString", "coordinates": [ [ -82.163816805555555, 29.225393722222222 ], [ -82.1565, 29.238555555555557 ], [ -82.147746472222224, 29.22608675 ] ] } },
{ "type": "Feature", "properties": { "style": "solid", "thickness": 1 }, "geometry": { "type": "LineString", "coordinates": [ [ -82.142806972222232, 29.261202583333333 ], [ -82.132296388888889, 29.261654277777779 ], [ -82.138817666666668, 29.246136416666669 ] ] } },
{ "type": "Feature", "properties": { "style": "solid", "thickness": 1 }, "geometry": { "type": "LineString", "coordinates": [ [ -82.072958861111104, 29.109370222222225 ], [ -82.065638888888884, 29.12252777777778 ], [ -82.056905638888892, 29.11005275 ] ] } },
{ "type": "Feature", "properties": { "style": "solid", "thickness": 1 }, "geometry": { "type": "LineString", "coordinates": [ [ -82.095927722222214, 29.10777975 ], [ -82.08543225, 29.108227972222224 ], [ -82.09195075, 29.092711416666667 ] ] } },
{ "type": "Feature", "properties": { "style": "solid", "thickness": 1 }, "geometry": { "type": "LineString", "coordinates": [ [ -82.045410972222214, 29.170038722222223 ], [ -82.038083333333333, 29.183194444444446 ], [ -82.029348388888891, 29.170717944444444 ] ] } },
{ "type": "Feature", "properties": { "style": "solid", "thickness": 1 }, "geometry": { "type": "LineString", "coordinates": [ [ -82.026921388888894, 29.202334305555556 ], [ -82.01641625, 29.202777166666667 ], [ -82.022950805555553, 29.187264555555554 ] ] } },
{ "type": "Feature", "properties": { "style": "solid", "thickness": 1 }, "geometry": { "type": "LineString", "coordinates": [ [ -82.868744666666657, 29.458663027777778 ], [ -82.8615, 29.47186111111111 ], [ -82.8526435, 29.45943875 ] ] } },
{ "type": "Feature", "properties": { "style": "solid", "thickness": 1 }, "geometry": { "type": "LineString", "coordinates": [ [ -82.843348333333324, 29.491500916666666 ], [ -82.845150305555549, 29.48961425 ], [ -82.846686194444445, 29.487860333333334 ], [ -82.847956055555557, 29.486239194444444 ], [ -82.848716444444435, 29.485242555555555 ], [ -82.849325055555553, 29.484013222222224 ], [ -82.849523388888883, 29.482803611111109 ], [ -82.8495925, 29.481720194444442 ], [ -82.84945725, 29.479566555555554 ], [ -82.848994416666656, 29.47874875 ], [ -82.848402361111113, 29.478057166666666 ], [ -82.847802805555546, 29.477245944444444 ], [ -82.844871194444437, 29.476426777777775 ], [ -82.843230305555551, 29.476505611111108 ], [ -82.84150525, 29.477428527777775 ], [ -82.841246777777769, 29.47768097222222 ], [ -82.840212861111112, 29.478690694444442 ], [ -82.84009113888888, 29.478936555555553 ], [ -82.839649222222221, 29.480637861111109 ], [ -82.839724249999989, 29.481834361111108 ], [ -82.840050277777777, 29.48265875 ], [ -82.840368805555556, 29.4833635 ], [ -82.840968333333322, 29.484174777777778 ], [ -82.842114888888887, 29.48495975 ], [ -82.843238916666664, 29.485385805555556 ], [ -82.84393019444444, 29.485472583333333 ], [ -82.844887444444439, 29.485426611111112 ], [ -82.845563694444436, 29.485274111111114 ], [ -82.847828333333325, 29.484205194444446 ], [ -82.849530916666666, 29.48292325 ] ] } },
{ "type": "Feature", "properties": { "style": "solid", "thickness": 1 }, "geometry": { "type": "LineString", "coordinates": [ [ -82.671339944444455, 29.271136333333331 ], [ -82.664083333333338, 29.284325 ], [ -82.655265972222224, 29.271888833333332 ] ] } },
{ "type": "Feature", "properties": { "style": "solid", "thickness": 1 }, "geometry": { "type": "LineString", "coordinates": [ [ -82.651708583333345, 29.30419638888889 ], [ -82.649660666666676, 29.304292055555557 ], [ -82.648758777777786, 29.289453277777781 ] ] } },
{ "type": "Feature", "properties": { "style": "solid", "thickness": 1 }, "geometry": { "type": "LineString", "coordinates": [ [ -82.641059388888891, 29.304693472222223 ], [ -82.639011444444449, 29.304788972222223 ], [ -82.638111027777782, 29.289950138888891 ] ] } },
{ "type": "Feature", "properties": { "style": "solid", "thickness": 1 }, "geometry": { "type": "LineString", "coordinates": [ [ -82.57448925, 29.245982972222222 ], [ -82.567222222222213, 29.259166666666665 ], [ -82.558418388888882, 29.24672413888889 ] ] } },
{ "type": "Feature", "properties": { "style": "solid", "thickness": 1 }, "geometry": { "type": "LineString", "coordinates": [ [ -82.555011361111113, 29.27940947222222 ], [ -82.552963833333337, 29.279503694444443 ], [ -82.55207575, 29.26466413888889 ] ] } },
{ "type": "Feature", "properties": { "style": "solid", "thickness": 1 }, "geometry": { "type": "LineString", "coordinates": [ [ -82.536727138888892, 29.280369694444442 ], [ -82.543006305555551, 29.280081416666665 ], [ -82.544258083333332, 29.273543777777778 ], [ -82.54305825, 29.274078916666667 ], [ -82.54200202777777, 29.274727444444444 ], [ -82.539545083333337, 29.27484025 ], [ -82.538302333333334, 29.274657305555554 ], [ -82.537031, 29.273995638888888 ], [ -82.535566027777776, 29.272382833333332 ], [ -82.535207333333332, 29.27095925 ], [ -82.535100222222226, 29.26916413888889 ], [ -82.535840583333325, 29.267810138888887 ], [ -82.536717416666662, 29.266449861111113 ], [ -82.53710544444445, 29.266072055555554 ], [ -82.537888638888887, 29.265436083333334 ], [ -82.539239194444448, 29.265134083333333 ], [ -82.5407405, 29.265065166666666 ], [ -82.541846666666672, 29.265254361111111 ], [ -82.543240111111103, 29.265670361111113 ], [ -82.544525694444445, 29.266571333333335 ], [ -82.544683638888884, 29.266924083333333 ] ] } },
{ "type": "Feature", "properties": { "style": "solid", "thickness": 1 }, "geometry": { "type": "LineString", "coordinates": [ [ -82.692234138888892, 28.973641805555555 ], [ -82.695716944444442, 28.967621194444444 ] ] } },
{ "type": "Feature", "properties": { "style": "solid", "thickness": 1 }, "geometry": { "type": "LineString", "coordinates": [ [ -82.697123472222231, 28.965184555555556 ], [ -82.70057125, 28.959148388888888 ] ] } },
{ "type": "Feature", "properties": { "style": "solid", "thickness": 1 }, "geometry": { "type": "LineString", "coordinates": [ [ -82.701470916666665, 28.973169833333333 ], [ -82.697200444444448, 28.967554388888889 ] ] } },
{ "type": "Feature", "properties": { "style": "solid", "thickness": 1 }, "geometry": { "type": "LineString", "coordinates": [ [ -82.695505888888889, 28.965264277777777 ], [ -82.691267083333344, 28.959631305555554 ] ] } },
{ "type": "Feature", "properties": { "style": "solid", "thickness": 1 }, "geometry": { "type": "LineString", "coordinates": [ [ -82.705609666666675, 28.965942638888887 ], [ -82.69794, 28.966304888888889 ] ] } },
{ "type": "Feature", "properties": { "style": "solid", "thickness": 1 }, "geometry": { "type": "LineString", "coordinates": [ [ -82.694836472222221, 28.966451361111112 ], [ -82.68716672222223, 28.966813027777775 ] ] } },
{ "type": "Feature", "properties": { "style": "solid", "thickness": 1 }, "geometry": { "type": "LineString", "coordinates": [ [ -82.694837055555553, 28.96646211111111 ], [ -82.694876861111112, 28.966704611111108 ], [ -82.694965277777783, 28.966936972222221 ], [ -82.695099444444452, 28.967151694444443 ], [ -82.695275027777782, 28.967341916666665 ], [ -82.695486444444455, 28.9675015 ], [ -82.695726861111112, 28.967625333333331 ], [ -82.695988555555559, 28.967709416666665 ], [ -82.696263111111108, 28.967751055555553 ], [ -82.696541694444448, 28.967748916666665 ], [ -82.696815388888893, 28.967703083333333 ], [ -82.697075388888891, 28.967614972222222 ], [ -82.697313305555554, 28.967487472222221 ], [ -82.6975215, 28.967324666666666 ], [ -82.697693305555561, 28.967131777777777 ], [ -82.697823166666666, 28.966915027777777 ], [ -82.697906944444455, 28.96668133333333 ], [ -82.697941916666664, 28.966438277777776 ], [ -82.697927, 28.966193611111109 ], [ -82.69786261111112, 28.96595522222222 ], [ -82.697750888888891, 28.965730777777779 ], [ -82.697595388888899, 28.96552747222222 ], [ -82.697401083333332, 28.96535188888889 ], [ -82.697174277777776, 28.96520961111111 ], [ -82.696922222222227, 28.965105222222221 ], [ -82.696653, 28.96504211111111 ], [ -82.696375305555563, 28.965022277777777 ], [ -82.696098055555552, 28.96504636111111 ], [ -82.695830166666667, 28.965113611111111 ], [ -82.695580194444446, 28.965221833333331 ], [ -82.69535625, 28.965367583333332 ], [ -82.695165472222229, 28.96554613888889 ], [ -82.695014027777788, 28.965751805555556 ], [ -82.694906777777788, 28.965977916666667 ], [ -82.694847138888889, 28.96621725 ], [ -82.694837055555553, 28.96646211111111 ] ] } },
{ "type": "Feature", "properties": { "style": "solid", "thickness": 1 }, "geometry": { "type": "LineString", "coordinates": [ [ -82.705609666666675, 28.965942638888887 ], [ -82.70530325, 28.964268611111109 ], [ -82.704608305555553, 28.962687055555556 ], [ -82.703555111111115, 28.961266833333333 ], [ -82.702189583333336, 28.960069888888889 ], [ -82.70057125, 28.959148388888888 ] ] } },
{ "type": "Feature", "properties": { "style": "solid", "thickness": 1 }, "geometry": { "type": "LineString", "coordinates": [ [ -82.691267083333344, 28.959631305555554 ], [ -82.689797027777786, 28.960701444444442 ], [ -82.688608444444455, 28.962014472222222 ], [ -82.687752111111109, 28.963514305555556 ], [ -82.687264583333331, 28.965136916666665 ], [ -82.68716672222223, 28.966813027777775 ] ] } },
{ "type": "Feature", "properties": { "style": "solid", "thickness": 1 }, "geometry": { "type": "LineString", "coordinates": [ [ -82.692234138888892, 28.973641805555555 ], [ -82.693732638888889, 28.974166888888888 ], [ -82.695312194444455, 28.974454694444443 ], [ -82.696924611111115, 28.974496388888888 ], [ -82.698520666666667, 28.97429075 ], [ -82.700051666666667, 28.973844 ], [ -82.701470916666665, 28.973169833333333 ] ] } },
{ "type": "Feature", "properties": { "style": "solid", "thickness": 1 }, "geometry": { "type": "LineString", "coordinates": [ [ -81.518711555555555, 29.018567083333334 ], [ -81.52052883333333, 29.016697611111109 ], [ -81.522079638888883, 29.014958361111113 ], [ -81.523363944444441, 29.013349305555554 ], [ -81.524133305555551, 29.012359944444444 ], [ -81.524754472222227, 29.011136361111109 ], [ -81.52496705555555, 29.009928583333334 ], [ -81.525049388888888, 29.008845777777779 ], [ -81.524941666666663, 29.006690694444444 ], [ -81.524491194444437, 29.005868361111112 ], [ -81.5239105, 29.005171055555557 ], [ -81.523323861111109, 29.004354 ], [ -81.520415944444437, 29.003506583333333 ], [ -81.518781611111109, 29.003569638888887 ], [ -81.517052916666671, 29.004476027777777 ], [ -81.516792472222221, 29.004726 ], [ -81.515750694444449, 29.005725833333333 ], [ -81.51562644444445, 29.005970527777777 ], [ -81.515165277777783, 29.007667722222223 ], [ -81.515225027777774, 29.008865 ], [ -81.515539222222216, 29.009692583333333 ], [ -81.515847472222219, 29.010400444444443 ], [ -81.51643411111111, 29.011217527777777 ], [ -81.517565583333337, 29.012013611111112 ], [ -81.518679111111112, 29.0124505 ], [ -81.519366138888884, 29.012543944444445 ], [ -81.52031955555556, 29.012507166666666 ], [ -81.520994611111107, 29.012361138888888 ], [ -81.523262222222215, 29.011313944444446 ], [ -81.524973027777776, 29.010048305555557 ] ] } },
{ "type": "Feature", "properties": { "style": "solid", "thickness": 1 }, "geometry": { "type": "LineString", "coordinates": [ [ -81.425235222222227, 28.592755833333332 ], [ -81.417872222222229, 28.605880555555558 ], [ -81.409256777777784, 28.593363722222222 ] ] } },
{ "type": "Feature", "properties": { "style": "solid", "thickness": 1 }, "geometry": { "type": "LineString", "coordinates": [ [ -81.462662888888886, 28.966875111111108 ], [ -81.455277777777781, 28.98 ], [ -81.44662841666667, 28.967486527777776 ] ] } },
{ "type": "Feature", "properties": { "style": "solid", "thickness": 1 }, "geometry": { "type": "LineString", "coordinates": [ [ -81.44251663888889, 28.997087805555555 ], [ -81.440473805555555, 28.997165472222225 ], [ -81.439743722222232, 28.982318916666664 ] ] } },
{ "type": "Feature", "properties": { "style": "solid", "thickness": 1 }, "geometry": { "type": "LineString", "coordinates": [ [ -81.426310194444454, 28.997703138888891 ], [ -81.428128722222226, 28.99583488888889 ], [ -81.429680694444443, 28.994096666666668 ], [ -81.430966138888891, 28.9924885 ], [ -81.431736194444454, 28.991499666666666 ], [ -81.432358305555567, 28.9902765 ], [ -81.432571888888887, 28.989068861111111 ], [ -81.43265513888889, 28.987986111111113 ], [ -81.432549333333341, 28.985830972222224 ], [ -81.4320996388889, 28.985008361111113 ], [ -81.431519694444447, 28.984310638888889 ], [ -81.430933861111114, 28.983493194444446 ], [ -81.428027277777787, 28.982643833333331 ], [ -81.42639325, 28.982705805555554 ], [ -81.4246641388889, 28.98361102777778 ], [ -81.424403527777784, 28.983860833333335 ], [ -81.42336111111112, 28.984859944444445 ], [ -81.423236666666668, 28.985104583333335 ], [ -81.42277411111111, 28.986801444444446 ], [ -81.422832805555558, 28.987998777777779 ], [ -81.42314625, 28.988826555555555 ], [ -81.423453805555553, 28.989534638888891 ], [ -81.424039611111112, 28.990352111111111 ], [ -81.425170138888888, 28.991148916666667 ], [ -81.426283083333331, 28.991586555555557 ], [ -81.426969861111118, 28.991680472222225 ], [ -81.4279231388889, 28.991644333333333 ], [ -81.428598166666674, 28.991498777777778 ], [ -81.430866222222221, 28.990453083333335 ], [ -81.43257775, 28.989188611111111 ] ] } },
{ "type": "Feature", "properties": { "style": "solid", "thickness": 1 }, "geometry": { "type": "LineString", "coordinates": [ [ -81.323232527777776, 28.925215972222222 ], [ -81.31583333333333, 28.938333333333333 ], [ -81.307203861111105, 28.925811194444446 ] ] } },
{ "type": "Feature", "properties": { "style": "solid", "thickness": 1 }, "geometry": { "type": "LineString", "coordinates": [ [ -81.325888638888884, 28.906627944444445 ], [ -81.318491111111101, 28.919745555555558 ], [ -81.309862805555554, 28.907223527777777 ] ] } },
{ "type": "Feature", "properties": { "style": "solid", "thickness": 1 }, "geometry": { "type": "LineString", "coordinates": [ [ -81.35430725, 28.932117055555558 ], [ -81.352265638888881, 28.932193416666667 ], [ -81.35154816666666, 28.91734625 ] ] } },
{ "type": "Feature", "properties": { "style": "solid", "thickness": 1 }, "geometry": { "type": "LineString", "coordinates": [ [ -81.341994805555544, 28.925620027777779 ], [ -81.338047916666667, 28.925767305555556 ], [ -81.335914138888882, 28.923927666666668 ], [ -81.335607333333328, 28.923219416666669 ], [ -81.335306305555548, 28.922630888888889 ], [ -81.335237111111113, 28.921194055555556 ], [ -81.335729583333332, 28.920096111111111 ], [ -81.336494222222214, 28.918988055555555 ], [ -81.337287666666668, 28.918478638888889 ], [ -81.33781472222222, 28.918099138888891 ], [ -81.338886138888881, 28.917699305555558 ], [ -81.341335722222212, 28.917607888888892 ], [ -81.342441777777779, 28.917926444444447 ], [ -81.343287194444443, 28.918494638888891 ], [ -81.344008083333335, 28.919307388888889 ], [ -81.344462583333325, 28.920250027777779 ], [ -81.344639111111107, 28.921083083333336 ], [ -81.34469688888889, 28.922280444444446 ], [ -81.344589666666664, 28.922884194444446 ], [ -81.344216055555549, 28.923617861111111 ], [ -81.343689, 28.923997416666669 ], [ -81.341994805555544, 28.925620027777779 ], [ -81.343265916666667, 28.926532194444444 ], [ -81.343992638888878, 28.927464666666669 ], [ -81.344293722222218, 28.928053166666668 ], [ -81.344386166666666, 28.929968944444447 ], [ -81.343774972222221, 28.931431166666666 ], [ -81.343383972222213, 28.931805611111113 ], [ -81.3421821111111, 28.932330305555556 ], [ -81.341382805555554, 28.932719972222223 ], [ -81.339613388888878, 28.932786 ], [ -81.338371083333328, 28.9324725 ], [ -81.336538222222217, 28.93122138888889 ], [ -81.336237166666663, 28.930632861111111 ], [ -81.336133333333322, 28.928477638888889 ], [ -81.336483972222211, 28.927265055555555 ], [ -81.336614305555557, 28.92714025 ], [ -81.337271722222212, 28.926635916666669 ], [ -81.338047916666667, 28.925767305555556 ] ] } },
{ "type": "Feature", "properties": { "style": "solid", "thickness": 1 }, "geometry": { "type": "LineString", "coordinates": [ [ -81.307598222222225, 28.962439277777776 ], [ -81.300194444444443, 28.975555555555555 ], [ -81.291563916666661, 28.963032583333334 ] ] } },
{ "type": "Feature", "properties": { "style": "solid", "thickness": 1 }, "geometry": { "type": "LineString", "coordinates": [ [ -81.286801916666661, 28.995418444444446 ], [ -81.288622833333335, 28.993552055555558 ], [ -81.290177, 28.991815472222225 ], [ -81.2914645, 28.990208638888891 ], [ -81.292235833333336, 28.989220583333335 ], [ -81.292859527777779, 28.987998083333334 ], [ -81.293074666666669, 28.986790694444444 ], [ -81.293159361111108, 28.985708055555556 ], [ -81.293056361111113, 28.983552833333334 ], [ -81.292607805555548, 28.982729777777777 ], [ -81.292028777777773, 28.9820315 ], [ -81.291444055555559, 28.981213472222219 ], [ -81.288538694444441, 28.980361166666665 ], [ -81.286904666666658, 28.980421472222222 ], [ -81.285174416666663, 28.981324944444442 ], [ -81.2849135, 28.981574444444444 ], [ -81.283869805555554, 28.9825725 ], [ -81.283745055555556, 28.982817 ], [ -81.28328030555555, 28.984513361111112 ], [ -81.283337416666669, 28.985710722222223 ], [ -81.28364975, 28.986538805555558 ], [ -81.283956361111109, 28.987247166666666 ], [ -81.284541083333337, 28.988065222222222 ], [ -81.285670527777782, 28.988863194444445 ], [ -81.286782833333334, 28.989301944444446 ], [ -81.287469472222227, 28.989396555555558 ], [ -81.28842275, 28.989361361111111 ], [ -81.289097944444435, 28.9892165 ], [ -81.29136727777778, 28.988173166666666 ], [ -81.293080388888882, 28.986910416666667 ] ] } },
{ "type": "Feature", "properties": { "style": "solid", "thickness": 1 }, "geometry": { "type": "LineString", "coordinates": [ [ -81.100735416666666, 28.589393305555554 ], [ -81.093333333333334, 28.6025 ], [ -81.084756472222224, 28.589963527777776 ] ] } },
{ "type": "Feature", "properties": { "style": "solid", "thickness": 1 }, "geometry": { "type": "LineString", "coordinates": [ [ -81.093514166666665, 28.590782611111109 ], [ -81.086111111111109, 28.603888888888889 ], [ -81.077535, 28.59135197222222 ] ] } },
{ "type": "Feature", "properties": { "style": "solid", "thickness": 1 }, "geometry": { "type": "LineString", "coordinates": [ [ -81.091045944444446, 28.632963833333335 ], [ -81.089009944444442, 28.63303638888889 ], [ -81.088330166666665, 28.618187111111112 ] ] } },
{ "type": "Feature", "properties": { "style": "solid", "thickness": 1 }, "geometry": { "type": "LineString", "coordinates": [ [ -81.078784111111105, 28.6264435 ], [ -81.074848083333336, 28.626583444444446 ], [ -81.072724777777779, 28.624739722222223 ], [ -81.072420555555553, 28.624030861111113 ], [ -81.072121805555554, 28.623441722222221 ], [ -81.07205625, 28.622004694444446 ], [ -81.072549944444447, 28.620907638888891 ], [ -81.073315055555554, 28.619800944444446 ], [ -81.0741075, 28.619293 ], [ -81.074633972222216, 28.618914444444446 ], [ -81.075703277777777, 28.618516583333335 ], [ -81.078146138888883, 28.61842975 ], [ -81.079248277777779, 28.618750388888888 ], [ -81.080089916666665, 28.619320166666668 ], [ -81.080806805555554, 28.620134305555556 ], [ -81.08125775, 28.621077833333334 ], [ -81.08143177777778, 28.621911277777777 ], [ -81.08148652777777, 28.623108805555557 ], [ -81.081378166666667, 28.62371238888889 ], [ -81.081003833333327, 28.624445388888891 ], [ -81.08047738888888, 28.624823972222224 ], [ -81.078784111111105, 28.6264435 ], [ -81.080049416666668, 28.627358083333334 ], [ -81.080771805555557, 28.628291944444445 ], [ -81.081070638888889, 28.628881055555556 ], [ -81.081158222222214, 28.630797083333334 ], [ -81.08054525, 28.63225825 ], [ -81.080154472222219, 28.632632 ], [ -81.07895475, 28.633154472222223 ], [ -81.078156777777778, 28.633542694444444 ], [ -81.076392222222225, 28.633605416666665 ], [ -81.075154222222224, 28.633289583333333 ], [ -81.073329583333333, 28.632035 ], [ -81.073030805555547, 28.631445861111111 ], [ -81.072932444444447, 28.629290333333334 ], [ -81.073284972222226, 28.628078333333335 ], [ -81.073415222222224, 28.62795375 ], [ -81.074072, 28.627450638888888 ], [ -81.074848083333336, 28.626583444444446 ] ] } },
{ "type": "Feature", "properties": { "style": "solid", "thickness": 1 }, "geometry": { "type": "LineString", "coordinates": [ [ -81.067017805555551, 28.596978555555555 ], [ -81.05961111111111, 28.610083333333336 ], [ -81.051037666666659, 28.59754486111111 ] ] } },
{ "type": "Feature", "properties": { "style": "solid", "thickness": 1 }, "geometry": { "type": "LineString", "coordinates": [ [ -81.090032805555552, 28.573728222222222 ], [ -81.082630555555554, 28.586834388888889 ], [ -81.074056166666665, 28.57429725 ] ] } },
{ "type": "Feature", "properties": { "style": "solid", "thickness": 1 }, "geometry": { "type": "LineString", "coordinates": [ [ -81.061726611111112, 28.555853638888891 ], [ -81.054322222222225, 28.568958333333335 ], [ -81.045752583333325, 28.556419444444444 ] ] } },
{ "type": "Feature", "properties": { "style": "solid", "thickness": 1 }, "geometry": { "type": "LineString", "coordinates": [ [ -80.856041444444443, 28.571351416666666 ], [ -80.848611111111111, 28.584444444444443 ], [ -80.840064666666663, 28.571893277777779 ] ] } },
{ "type": "Feature", "properties": { "style": "solid", "thickness": 1 }, "geometry": { "type": "LineString", "coordinates": [ [ -80.831739111111105, 28.601987305555557 ], [ -80.833560944444443, 28.600126777777778 ], [ -80.835116527777771, 28.59839511111111 ], [ -80.836405861111103, 28.596792388888886 ], [ -80.83717841666666, 28.595806805555554 ], [ -80.83780486111111, 28.594586277777776 ], [ -80.838024222222217, 28.593379527777778 ], [ -80.838113083333326, 28.592297111111108 ], [ -80.838019472222214, 28.590141472222221 ], [ -80.837576027777772, 28.589316944444445 ], [ -80.837002083333331, 28.58861675 ], [ -80.836422972222223, 28.587796805555556 ], [ -80.833532111111111, 28.586935083333334 ], [ -80.831903972222221, 28.58699011111111 ], [ -80.8301765, 28.587888 ], [ -80.829915527777771, 28.588136694444444 ], [ -80.828871583333324, 28.589131416666664 ], [ -80.828746305555555, 28.5893755 ], [ -80.828276222222215, 28.591070444444444 ], [ -80.828328138888878, 28.592268027777777 ], [ -80.828635833333323, 28.593097166666666 ], [ -80.828938361111113, 28.593806527777776 ], [ -80.829517444444434, 28.594626527777777 ], [ -80.83063930555555, 28.595428166666665 ], [ -80.831745611111103, 28.595870527777777 ], [ -80.83242925, 28.595967361111111 ], [ -80.833379083333327, 28.59593525 ], [ -80.834052333333332, 28.595792555555555 ], [ -80.83631747222222, 28.594756527777776 ], [ -80.838029416666657, 28.593499277777777 ] ] } },
{ "type": "Feature", "properties": { "style": "solid", "thickness": 1 }, "geometry": { "type": "LineString", "coordinates": [ [ -80.682853916666673, 28.034286472222224 ], [ -80.675441666666671, 28.047372222222222 ], [ -80.666956166666665, 28.03481016666667 ] ] } },
{ "type": "Feature", "properties": { "style": "solid", "thickness": 1 }, "geometry": { "type": "LineString", "coordinates": [ [ -80.687523416666664, 28.062383888888888 ], [ -80.689338305555566, 28.060524833333336 ], [ -80.690888138888894, 28.058794472222225 ], [ -80.692172916666664, 28.057192777777779 ], [ -80.69294275, 28.056207805555555 ], [ -80.6935675, 28.05498775 ], [ -80.693787194444454, 28.053781055555557 ], [ -80.693876916666667, 28.052698638888888 ], [ -80.693786333333335, 28.050542694444445 ], [ -80.693346083333338, 28.04971766666667 ], [ -80.692775861111116, 28.04901688888889 ], [ -80.692200611111119, 28.048196305555557 ], [ -80.689325277777783, 28.047331805555558 ], [ -80.68770525, 28.047385333333335 ], [ -80.685985361111122, 28.048281722222224 ], [ -80.685725388888898, 28.048530166666669 ], [ -80.684685527777788, 28.049524027777778 ], [ -80.684560555555564, 28.04976802777778 ], [ -80.684090861111116, 28.051462694444446 ], [ -80.684141083333344, 28.052660444444445 ], [ -80.68444625, 28.053489944444443 ], [ -80.68474641666667, 28.054199694444446 ], [ -80.685321611111121, 28.055020277777778 ], [ -80.686436916666665, 28.055823055555557 ], [ -80.687537138888899, 28.056266472222223 ], [ -80.688217222222221, 28.056363972222222 ], [ -80.689162333333343, 28.05633275 ], [ -80.689832388888888, 28.056190666666666 ], [ -80.692087388888893, 28.055156611111112 ], [ -80.69379225, 28.053900833333334 ] ] } },
{ "type": "Feature", "properties": { "style": "solid", "thickness": 1 }, "geometry": { "type": "LineString", "coordinates": [ [ -80.710693166666672, 28.123940833333332 ], [ -80.703277777777785, 28.137027777777778 ], [ -80.694782305555563, 28.124467444444445 ] ] } },
{ "type": "Feature", "properties": { "style": "solid", "thickness": 1 }, "geometry": { "type": "LineString", "coordinates": [ [ -80.717969111111117, 28.152541083333332 ], [ -80.719785055555562, 28.150681694444444 ], [ -80.72133575, 28.148951027777777 ], [ -80.722621194444443, 28.147349111111112 ], [ -80.723391416666672, 28.146364 ], [ -80.724016388888884, 28.145143805555556 ], [ -80.724235944444445, 28.143937111111111 ], [ -80.724325472222219, 28.142854666666665 ], [ -80.72423425, 28.140698777777779 ], [ -80.723793416666666, 28.139873861111109 ], [ -80.723222555555552, 28.139173194444442 ], [ -80.722646611111116, 28.13835275 ], [ -80.719768666666667, 28.137488833333332 ], [ -80.718147277777774, 28.137542666666665 ], [ -80.716426166666665, 28.138439388888887 ], [ -80.716166055555561, 28.138687888888889 ], [ -80.715125583333332, 28.139681944444444 ], [ -80.715000555555562, 28.139925972222223 ], [ -80.714530888888888, 28.141620722222221 ], [ -80.714581444444448, 28.142818444444444 ], [ -80.714887111111111, 28.143647861111109 ], [ -80.715187694444452, 28.144357527777778 ], [ -80.715763611111115, 28.145178 ], [ -80.716880027777776, 28.145980527777777 ], [ -80.717981277777781, 28.14642375 ], [ -80.718661972222222, 28.146521083333333 ], [ -80.719607861111115, 28.146489694444444 ], [ -80.720278444444446, 28.146347472222221 ], [ -80.722535055555554, 28.145312972222222 ], [ -80.724241027777779, 28.144056888888887 ] ] } },
{ "type": "Feature", "properties": { "style": "solid", "thickness": 1 }, "geometry": { "type": "LineString", "coordinates": [ [ -80.70798147222223, 28.265524972222224 ], [ -80.700555555555553, 28.278611111111111 ], [ -80.692049805555556, 28.26605075 ] ] } },
{ "type": "Feature", "properties": { "style": "solid", "thickness": 1 }, "geometry": { "type": "LineString", "coordinates": [ [ -80.718505722222218, 28.29393125 ], [ -80.720324111111111, 28.292071972222224 ], [ -80.721876888888886, 28.290341416666667 ], [ -80.723164055555557, 28.288739583333335 ], [ -80.72393533333333, 28.2877545 ], [ -80.724561166666675, 28.286534388888892 ], [ -80.724781055555553, 28.285327722222224 ], [ -80.724870722222221, 28.284245333333335 ], [ -80.724779472222224, 28.2820895 ], [ -80.724338083333336, 28.281264583333332 ], [ -80.7237665, 28.280563916666665 ], [ -80.723189833333336, 28.2797435 ], [ -80.720308138888896, 28.278879527777775 ], [ -80.718684638888888, 28.278933333333331 ], [ -80.71696125, 28.27982997222222 ], [ -80.716700805555561, 28.280078472222222 ], [ -80.715658916666669, 28.28107247222222 ], [ -80.71553375, 28.281316472222223 ], [ -80.715063388888893, 28.283011138888888 ], [ -80.715114, 28.284208833333334 ], [ -80.71542, 28.28503825 ], [ -80.715720972222229, 28.285747916666669 ], [ -80.716297583333329, 28.286568361111112 ], [ -80.717415444444441, 28.287370888888891 ], [ -80.718518111111109, 28.287814111111114 ], [ -80.719199694444441, 28.287911472222223 ], [ -80.720146833333331, 28.287880111111114 ], [ -80.720818277777781, 28.287737916666668 ], [ -80.723077888888895, 28.286703527777778 ], [ -80.724786138888888, 28.2854475 ] ] } },
{ "type": "Feature", "properties": { "style": "solid", "thickness": 1 }, "geometry": { "type": "LineString", "coordinates": [ [ -80.919347083333335, 28.293290944444447 ], [ -80.911944444444444, 28.30638888888889 ], [ -80.90341166666667, 28.293841055555557 ] ] } },
{ "type": "Feature", "properties": { "style": "solid", "thickness": 1 }, "geometry": { "type": "LineString", "coordinates": [ [ -80.897192055555564, 28.323588138888887 ], [ -80.89516186111112, 28.323657972222222 ], [ -80.894509694444451, 28.308807083333335 ] ] } },
{ "type": "Feature", "properties": { "style": "solid", "thickness": 1 }, "geometry": { "type": "LineString", "coordinates": [ [ -80.886635027777785, 28.323950916666668 ], [ -80.884604833333341, 28.324020611111109 ], [ -80.883954138888896, 28.309169694444446 ] ] } },
{ "type": "Feature", "properties": { "style": "solid", "thickness": 1 }, "geometry": { "type": "LineString", "coordinates": [ [ -81.174884527777778, 28.469666361111109 ], [ -81.1675, 28.482777777777777 ], [ -81.158923611111121, 28.470245527777777 ] ] } },
{ "type": "Feature", "properties": { "style": "solid", "thickness": 1 }, "geometry": { "type": "LineString", "coordinates": [ [ -81.15913175, 28.500768083333334 ], [ -81.148693305555568, 28.501145694444446 ], [ -81.1553085, 28.485672027777778 ] ] } },
{ "type": "Feature", "properties": { "style": "solid", "thickness": 1 }, "geometry": { "type": "LineString", "coordinates": [ [ -81.03072069444444, 28.266062361111111 ], [ -81.023333333333326, 28.279166666666665 ], [ -81.014789527777779, 28.266625416666667 ] ] } },
{ "type": "Feature", "properties": { "style": "solid", "thickness": 1 }, "geometry": { "type": "LineString", "coordinates": [ [ -81.014973777777783, 28.292930055555559 ], [ -81.015006111111106, 28.293648638888889 ], [ -81.01477325, 28.294496527777781 ], [ -81.014280527777771, 28.2955935 ], [ -81.013771638888883, 28.296331166666668 ], [ -81.012981361111116, 28.296838833333336 ], [ -81.011909638888895, 28.297116527777778 ], [ -81.009879972222222, 28.297188055555559 ], [ -81.008380805555561, 28.297000972222225 ], [ -81.007688083333335, 28.2966655 ], [ -81.006703222222228, 28.2958605 ], [ -81.006405694444439, 28.295271222222222 ], [ -81.006092027777783, 28.29432263888889 ], [ -81.006005916666666, 28.292406416666669 ], [ -81.006244222222222, 28.291678305555557 ], [ -81.007348916666672, 28.289120361111113 ], [ -81.008897111111111, 28.287386472222224 ], [ -81.011365416666663, 28.285020361111112 ], [ -81.014342444444438, 28.281916527777778 ], [ -81.005819027777775, 28.282216916666666 ] ] } },
{ "type": "Feature", "properties": { "style": "solid", "thickness": 1 }, "geometry": { "type": "LineString", "coordinates": [ [ -80.99105908333334, 28.288493611111114 ], [ -80.991220055555559, 28.292086555555557 ], [ -80.991717194444448, 28.294108277777781 ], [ -80.99203075, 28.295056916666667 ], [ -80.992468861111107, 28.29576125 ], [ -80.994157, 28.297141388888889 ], [ -80.995807611111118, 28.297683166666669 ], [ -80.996348861111116, 28.297664166666667 ], [ -80.997945722222227, 28.297008277777781 ], [ -80.999369638888894, 28.295518777777779 ], [ -80.999878638888887, 28.294781166666667 ], [ -81.000106222222229, 28.293813527777779 ], [ -81.000420777777776, 28.291763277777779 ], [ -81.0002595, 28.288170361111113 ], [ -80.999762222222216, 28.286148638888889 ], [ -80.999448611111106, 28.28520002777778 ], [ -80.998875194444452, 28.284500472222224 ], [ -80.997322472222223, 28.283115611111111 ], [ -80.995672083333332, 28.282573861111111 ], [ -80.995130916666668, 28.282592861111109 ], [ -80.99353425, 28.283248722222222 ], [ -80.991975111111117, 28.284742916666669 ], [ -80.991601416666668, 28.28547575 ], [ -80.99137375, 28.286443361111111 ], [ -80.99105908333334, 28.288493611111114 ] ] } },
{ "type": "Feature", "properties": { "style": "solid", "thickness": 1 }, "geometry": { "type": "LineString", "coordinates": [ [ -81.13810802777779, 28.084804777777777 ], [ -81.13074638888888, 28.097915833333332 ], [ -81.12220377777777, 28.085380777777775 ] ] } },
{ "type": "Feature", "properties": { "style": "solid", "thickness": 1 }, "geometry": { "type": "LineString", "coordinates": [ [ -81.118677361111111, 28.120008194444445 ], [ -81.11665105555555, 28.120081361111112 ], [ -81.115969027777766, 28.105230277777778 ] ] } },
{ "type": "Feature", "properties": { "style": "solid", "thickness": 1 }, "geometry": { "type": "LineString", "coordinates": [ [ -81.109637472222218, 28.120574305555557 ], [ -81.099235638888885, 28.12094888888889 ], [ -81.10583336111111, 28.105475861111113 ] ] } },
{ "type": "Feature", "properties": { "style": "solid", "thickness": 1 }, "geometry": { "type": "LineString", "coordinates": [ [ -80.733513166666668, 27.975800027777776 ], [ -80.726111111111109, 27.988888888888891 ], [ -80.717624027777774, 27.976329777777774 ] ] } },
{ "type": "Feature", "properties": { "style": "solid", "thickness": 1 }, "geometry": { "type": "LineString", "coordinates": [ [ -80.7105815, 28.008295166666667 ], [ -80.712395083333334, 28.006435777777778 ], [ -80.71394375, 28.004705083333334 ], [ -80.715227527777785, 28.003103138888889 ], [ -80.715996777777775, 28.002118027777779 ], [ -80.716620944444443, 28.000897833333333 ], [ -80.71684025, 27.999691083333335 ], [ -80.716929694444445, 27.998608638888889 ], [ -80.716838638888888, 27.996452666666666 ], [ -80.716398444444451, 27.995627722222224 ], [ -80.715828333333334, 27.994927 ], [ -80.715253194444443, 27.994106527777777 ], [ -80.712379083333332, 27.993242527777777 ], [ -80.710759833333341, 27.993296361111113 ], [ -80.709041, 27.994193055555556 ], [ -80.708781222222228, 27.994441555555557 ], [ -80.707742083333329, 27.995435611111112 ], [ -80.70761725, 27.995679638888891 ], [ -80.707148138888897, 27.997374416666666 ], [ -80.70719861111111, 27.998572166666669 ], [ -80.707503833333334, 27.999401638888891 ], [ -80.707804, 28.000111333333333 ], [ -80.708379111111114, 28.000931833333333 ], [ -80.709494027777779, 28.001734416666668 ], [ -80.710593805555561, 28.002177666666668 ], [ -80.71127361111111, 28.002275027777777 ], [ -80.71221825, 28.002243638888888 ], [ -80.712887916666674, 28.002101444444445 ], [ -80.715141583333335, 28.001066972222223 ], [ -80.716845305555552, 27.999810861111111 ] ] } },
{ "type": "Feature", "properties": { "style": "solid", "thickness": 1 }, "geometry": { "type": "LineString", "coordinates": [ [ -82.380026888888878, 28.632101583333334 ], [ -82.37277777777777, 28.645277777777778 ], [ -82.364047277777772, 28.632820305555555 ] ] } },
{ "type": "Feature", "properties": { "style": "solid", "thickness": 1 }, "geometry": { "type": "LineString", "coordinates": [ [ -82.358052388888879, 28.66165047222222 ], [ -82.359848916666664, 28.659769583333333 ], [ -82.361380833333328, 28.658020583333332 ], [ -82.362648194444432, 28.656403444444443 ], [ -82.363407194444434, 28.655409194444442 ], [ -82.364016666666657, 28.654181638888886 ], [ -82.364219, 28.652972361111111 ], [ -82.3642925, 28.651888888888887 ], [ -82.364168138888886, 28.649734138888888 ], [ -82.363712666666657, 28.64891447222222 ], [ -82.363128388888882, 28.648220583333334 ], [ -82.362537222222215, 28.647407 ], [ -82.359632222222217, 28.64657725 ], [ -82.358003805555555, 28.646650333333334 ], [ -82.356288, 28.647567444444444 ], [ -82.356030388888882, 28.647819027777778 ], [ -82.354999944444444, 28.648825388888888 ], [ -82.354878027777772, 28.64907088888889 ], [ -82.354431805555549, 28.650771166666665 ], [ -82.354500777777773, 28.65196825 ], [ -82.354820499999988, 28.652794055555553 ], [ -82.355133305555555, 28.653500138888887 ], [ -82.355724444444434, 28.65431375 ], [ -82.356858444444441, 28.655103027777777 ], [ -82.357971777777777, 28.655533166666665 ], [ -82.35865725, 28.655622416666667 ], [ -82.359607222222223, 28.655579777777778 ], [ -82.360278888888885, 28.65542961111111 ], [ -82.36253075, 28.654368388888887 ], [ -82.364225888888882, 28.65309208333333 ] ] } },
{ "type": "Feature", "properties": { "style": "solid", "thickness": 1 }, "geometry": { "type": "LineString", "coordinates": [ [ -80.824376388888879, 28.579228277777776 ], [ -80.816941666666665, 28.592319444444442 ], [ -80.808398361111102, 28.579766416666665 ] ] } },
{ "type": "Feature", "properties": { "style": "solid", "thickness": 1 }, "geometry": { "type": "LineString", "coordinates": [ [ -80.787431972222222, 28.48024375 ], [ -80.78, 28.493333333333336 ], [ -80.771468611111104, 28.480777944444444 ] ] } },
{ "type": "Feature", "properties": { "style": "solid", "thickness": 1 }, "geometry": { "type": "LineString", "coordinates": [ [ -80.761822555555554, 28.500935555555557 ], [ -80.771312527777781, 28.500618972222224 ], [ -80.763820361111115, 28.512742222222222 ], [ -80.763185944444444, 28.497891833333334 ] ] } },
{ "type": "Feature", "properties": { "style": "solid", "thickness": 1 }, "geometry": { "type": "LineString", "coordinates": [ [ -82.153358, 28.191695305555555 ], [ -82.146111111111111, 28.204861111111111 ], [ -82.137442222222234, 28.192388138888891 ] ] } },
{ "type": "Feature", "properties": { "style": "solid", "thickness": 1 }, "geometry": { "type": "LineString", "coordinates": [ [ -82.125106499999987, 28.205116666666665 ], [ -82.134567555555563, 28.204705972222222 ], [ -82.127248638888886, 28.21690575 ], [ -82.12642775, 28.202058833333332 ] ] } },
{ "type": "Feature", "properties": { "style": "solid", "thickness": 1 }, "geometry": { "type": "LineString", "coordinates": [ [ -82.436168583333341, 27.906210138888888 ], [ -82.428975, 27.919391666666669 ], [ -82.42029625, 27.906935694444442 ] ] } },
{ "type": "Feature", "properties": { "style": "solid", "thickness": 1 }, "geometry": { "type": "LineString", "coordinates": [ [ -82.411688527777784, 27.89068625 ], [ -82.42112125, 27.890255805555555 ], [ -82.41385569444445, 27.902471694444444 ], [ -82.412997888888896, 27.887625444444446 ] ] } },
{ "type": "Feature", "properties": { "style": "solid", "thickness": 1 }, "geometry": { "type": "LineString", "coordinates": [ [ -81.500336861111109, 27.547422888888889 ], [ -81.493055555555557, 27.560555555555556 ], [ -81.48451169444445, 27.54804175 ] ] } },
{ "type": "Feature", "properties": { "style": "solid", "thickness": 1 }, "geometry": { "type": "LineString", "coordinates": [ [ -81.861855083333325, 27.213597277777776 ], [ -81.854638888888886, 27.22675 ], [ -81.846079111111109, 27.214257861111111 ] ] } }
]
}
