{
"type": "FeatureCollection",
"name": "tpa154sgp",
"features": [
{ "type": "Feature", "properties": { "style": "solid", "thickness": 1 }, "geometry": { "type": "LineString", "coordinates": [ [ -82.226523583333332, 27.911075777777775 ], [ -82.16713441666667, 27.85883175 ] ] } },
{ "type": "Feature", "properties": { "style": "solid", "thickness": 1 }, "geometry": { "type": "LineString", "coordinates": [ [ -82.159728027777788, 27.85220775 ], [ -82.10040325, 27.799934555555556 ] ] } },
{ "type": "Feature", "properties": { "style": "solid", "thickness": 1 }, "geometry": { "type": "LineString", "coordinates": [ [ -82.159704555555564, 27.858811083333336 ], [ -82.122424527777767, 27.892268777777776 ] ] } },
{ "type": "Feature", "properties": { "style": "solid", "thickness": 1 }, "geometry": { "type": "LineString", "coordinates": [ [ -82.109163888888887, 27.904150138888888 ], [ -82.09590075, 27.915938472222219 ] ] } },
{ "type": "Feature", "properties": { "style": "solid", "thickness": 1 }, "geometry": { "type": "LineString", "coordinates": [ [ -81.803098722222217, 28.065171666666668 ], [ -81.862425722222213, 28.117479666666668 ] ] } },
{ "type": "Feature", "properties": { "style": "solid", "thickness": 1 }, "geometry": { "type": "LineString", "coordinates": [ [ -81.869832055555548, 28.124119444444446 ], [ -81.929223138888887, 28.176489805555558 ] ] } },
{ "type": "Feature", "properties": { "style": "solid", "thickness": 1 }, "geometry": { "type": "LineString", "coordinates": [ [ -81.86987325, 28.117516416666668 ], [ -81.90751625, 28.084037666666667 ] ] } },
{ "type": "Feature", "properties": { "style": "solid", "thickness": 1 }, "geometry": { "type": "LineString", "coordinates": [ [ -81.920717638888888, 28.07217561111111 ], [ -81.934019, 28.060404444444444 ] ] } },
{ "type": "Feature", "properties": { "style": "solid", "thickness": 1 }, "geometry": { "type": "LineString", "coordinates": [ [ -82.142359305555559, 27.9889185 ], [ -82.161163055555562, 27.988862194444444 ] ] } },
{ "type": "Feature", "properties": { "style": "solid", "thickness": 1 }, "geometry": { "type": "LineString", "coordinates": [ [ -82.236378611111107, 27.98025825 ], [ -82.236085777777774, 27.915957694444444 ] ] } },
{ "type": "Feature", "properties": { "style": "solid", "thickness": 1 }, "geometry": { "type": "LineString", "coordinates": [ [ -82.236457083333335, 27.99697038888889 ], [ -82.236848388888887, 28.077835277777776 ] ] } },
{ "type": "Feature", "properties": { "style": "solid", "thickness": 1 }, "geometry": { "type": "LineString", "coordinates": [ [ -82.179966805555566, 27.988803305555557 ], [ -82.227006277777775, 27.98864475 ] ] } },
{ "type": "Feature", "properties": { "style": "solid", "thickness": 1 }, "geometry": { "type": "LineString", "coordinates": [ [ -82.236069583333332, 27.912400944444443 ], [ -82.23601022222222, 27.899352972222221 ] ] } },
{ "type": "Feature", "properties": { "style": "solid", "thickness": 1 }, "geometry": { "type": "LineString", "coordinates": [ [ -81.899250666666674, 27.989473805555555 ], [ -81.880417972222219, 27.989500555555555 ] ] } },
{ "type": "Feature", "properties": { "style": "solid", "thickness": 1 }, "geometry": { "type": "LineString", "coordinates": [ [ -81.861585277777777, 27.98952475 ], [ -81.812643805555552, 27.989575555555557 ] ] } },
{ "type": "Feature", "properties": { "style": "solid", "thickness": 1 }, "geometry": { "type": "LineString", "coordinates": [ [ -81.803298388888891, 28.078807027777778 ], [ -81.803229361111107, 27.997943083333336 ] ] } },
{ "type": "Feature", "properties": { "style": "solid", "thickness": 1 }, "geometry": { "type": "LineString", "coordinates": [ [ -81.803215083333328, 27.981223527777775 ], [ -81.803146, 27.900332138888889 ] ] } },
{ "type": "Feature", "properties": { "style": "solid", "thickness": 1 }, "geometry": { "type": "LineString", "coordinates": [ [ -82.225921611111119, 27.917063194444445 ], [ -82.227421694444445, 27.91833475 ], [ -82.229358555555564, 27.918992361111112 ], [ -82.231431055555561, 27.91893375 ], [ -82.233316888888893, 27.918168027777778 ], [ -82.234722861111109, 27.91681425 ], [ -82.235430333333341, 27.915082944444443 ], [ -82.235329388888886, 27.913243277777777 ], [ -82.234435694444443, 27.911581305555554 ], [ -82.232888305555562, 27.910355388888888 ], [ -82.230927722222219, 27.909756138888888 ], [ -82.228858805555561, 27.909876694444442 ], [ -82.227003166666663, 27.910698361111109 ], [ -82.225649305555564, 27.912093333333331 ], [ -82.22500772222223, 27.913844777777776 ], [ -82.225178194444453, 27.915680388888887 ], [ -82.225921611111119, 27.917063194444445 ] ] } },
{ "type": "Feature", "properties": { "style": "solid", "thickness": 1 }, "geometry": { "type": "LineString", "coordinates": [ [ -82.21806275, 27.914923972222219 ], [ -82.22122069444444, 27.914299305555556 ], [ -82.22409925, 27.912987527777776 ], [ -82.226512444444452, 27.911073388888887 ], [ -82.228304361111114, 27.908680611111109 ], [ -82.229359222222229, 27.905963777777778 ], [ -82.22962455555556, 27.90357725 ] ] } },
{ "type": "Feature", "properties": { "style": "solid", "thickness": 1 }, "geometry": { "type": "LineString", "coordinates": [ [ -82.22962455555556, 27.90357725 ], [ -82.230328, 27.906382388888886 ], [ -82.231804833333342, 27.908939333333333 ], [ -82.233959722222224, 27.911082916666665 ], [ -82.236653444444443, 27.912674555555554 ], [ -82.239711944444451, 27.913611444444442 ], [ -82.242398611111113, 27.913846944444444 ] ] } },
{ "type": "Feature", "properties": { "style": "solid", "thickness": 1 }, "geometry": { "type": "LineString", "coordinates": [ [ -82.230837, 27.925194722222223 ], [ -82.231223166666666, 27.922341388888889 ], [ -82.232406666666662, 27.919666666666668 ], [ -82.234311083333338, 27.917343361111111 ], [ -82.236813305555557, 27.915521555555554 ], [ -82.23975169444445, 27.914318916666666 ], [ -82.242398611111113, 27.913846944444444 ] ] } },
{ "type": "Feature", "properties": { "style": "solid", "thickness": 1 }, "geometry": { "type": "LineString", "coordinates": [ [ -82.230837027777781, 27.925194722222223 ], [ -82.230133472222221, 27.922389611111111 ], [ -82.228656472222227, 27.919832638888892 ], [ -82.2265015, 27.917689 ], [ -82.223807805555552, 27.916097138888887 ], [ -82.220749388888891, 27.915159888888887 ], [ -82.21806275, 27.914923972222219 ] ] } },
{ "type": "Feature", "properties": { "style": "solid", "thickness": 1 }, "geometry": { "type": "LineString", "coordinates": [ [ -82.207706111111108, 27.919835361111112 ], [ -82.208130972222222, 27.927438 ] ] } },
{ "type": "Feature", "properties": { "style": "solid", "thickness": 1 }, "geometry": { "type": "LineString", "coordinates": [ [ -82.204201583333329, 27.919989805555556 ], [ -82.204626222222231, 27.927592472222223 ], [ -82.20125625, 27.927740916666668 ], [ -82.200979972222228, 27.927633055555557 ], [ -82.20036, 27.927420333333334 ], [ -82.19972, 27.926848388888889 ], [ -82.199417, 27.926261638888889 ], [ -82.199376888888892, 27.925543277777781 ], [ -82.199613083333332, 27.92493277777778 ], [ -82.20018625, 27.924307416666668 ], [ -82.200779472222223, 27.92404125 ], [ -82.201042361111121, 27.923909666666667 ], [ -82.204412222222231, 27.923761222222222 ] ] } },
{ "type": "Feature", "properties": { "style": "solid", "thickness": 1 }, "geometry": { "type": "LineString", "coordinates": [ [ -82.196673055555564, 27.927942694444447 ], [ -82.196335805555563, 27.921896472222222 ], [ -82.196251722222229, 27.921600111111111 ], [ -82.195746555555559, 27.92102225 ], [ -82.195389555555565, 27.920677888888889 ], [ -82.19483702777778, 27.92046213888889 ], [ -82.19409233333333, 27.920434888888892 ], [ -82.193014027777778, 27.920482333333336 ], [ -82.192410805555554, 27.920568861111111 ], [ -82.191618722222231, 27.92090375 ], [ -82.191170333333332, 27.921343555555556 ], [ -82.19092075, 27.921714583333333 ], [ -82.190815972222225, 27.92225927777778 ], [ -82.191146277777776, 27.928185777777777 ] ] } },
{ "type": "Feature", "properties": { "style": "solid", "thickness": 1 }, "geometry": { "type": "LineString", "coordinates": [ [ -82.187891972222232, 27.920707527777779 ], [ -82.188315472222229, 27.928310222222223 ], [ -82.18027625, 27.921041972222223 ], [ -82.180699222222231, 27.928644694444447 ] ] } },
{ "type": "Feature", "properties": { "style": "solid", "thickness": 1 }, "geometry": { "type": "LineString", "coordinates": [ [ -82.173824333333343, 27.928946277777779 ], [ -82.177935777777776, 27.928765972222223 ], [ -82.177513, 27.92116325 ], [ -82.17333444444445, 27.9213465 ] ] } },
{ "type": "Feature", "properties": { "style": "solid", "thickness": 1 }, "geometry": { "type": "LineString", "coordinates": [ [ -82.177722722222228, 27.924934666666669 ], [ -82.173746222222221, 27.925109055555556 ] ] } },
{ "type": "Feature", "properties": { "style": "solid", "thickness": 1 }, "geometry": { "type": "LineString", "coordinates": [ [ -82.145797638888894, 27.777999805555556 ], [ -82.1464365, 27.778572 ], [ -82.146574416666667, 27.778625972222223 ], [ -82.147456027777778, 27.778707472222223 ], [ -82.14818980555556, 27.77855536111111 ], [ -82.148580444444448, 27.77829825 ], [ -82.148967750000011, 27.777981277777776 ], [ -82.1492745, 27.777427777777778 ], [ -82.149198416666678, 27.776050861111109 ], [ -82.148764805555558, 27.77552972222222 ], [ -82.148482333333334, 27.775302027777776 ], [ -82.147452888888893, 27.774986972222223 ], [ -82.146292166666669, 27.774737638888887 ], [ -82.145464638888896, 27.77441375 ], [ -82.145175583333341, 27.774066305555554 ], [ -82.144994694444449, 27.773234083333332 ], [ -82.145086305555566, 27.772449944444443 ], [ -82.145396388888898, 27.771956305555555 ], [ -82.145719694444452, 27.771702138888887 ], [ -82.145978972222224, 27.771510777777777 ], [ -82.146305583333344, 27.771316472222221 ], [ -82.147036, 27.771104527777776 ], [ -82.147439833333337, 27.771086861111112 ], [ -82.147850277777778, 27.771188944444443 ], [ -82.148401916666671, 27.771404888888888 ], [ -82.148751694444456, 27.771629638888889 ], [ -82.149249277777784, 27.772087944444444 ] ] } },
{ "type": "Feature", "properties": { "style": "solid", "thickness": 1 }, "geometry": { "type": "LineString", "coordinates": [ [ -82.142122805555559, 27.771319166666665 ], [ -82.138840527777788, 27.77908375 ], [ -82.13492125, 27.7716335 ] ] } },
{ "type": "Feature", "properties": { "style": "solid", "thickness": 1 }, "geometry": { "type": "LineString", "coordinates": [ [ -82.141046805555561, 27.773826583333332 ], [ -82.136200777777788, 27.774038083333334 ] ] } },
{ "type": "Feature", "properties": { "style": "solid", "thickness": 1 }, "geometry": { "type": "LineString", "coordinates": [ [ -82.132094472222221, 27.771756777777778 ], [ -82.132513472222215, 27.77935975 ], [ -82.12448902777777, 27.772088138888886 ], [ -82.1249075, 27.779691138888889 ] ] } },
{ "type": "Feature", "properties": { "style": "solid", "thickness": 1 }, "geometry": { "type": "LineString", "coordinates": [ [ -82.117368805555543, 27.780019194444442 ], [ -82.118580388888887, 27.7799665 ], [ -82.119182861111099, 27.779880277777778 ], [ -82.120364805555553, 27.779288777777776 ], [ -82.121453083333321, 27.77822125 ], [ -82.12181413888888, 27.777425416666667 ], [ -82.121963361111099, 27.776458777777776 ], [ -82.121920527777775, 27.775680527777777 ], [ -82.12174638888888, 27.774967972222221 ], [ -82.121367055555552, 27.77420436111111 ], [ -82.120574, 27.773278722222223 ], [ -82.120288305555547, 27.772991111111111 ], [ -82.11973011111111, 27.772655333333333 ], [ -82.118566166666653, 27.772345916666666 ], [ -82.117152749999988, 27.772407388888887 ], [ -82.116486277777767, 27.772556388888887 ], [ -82.115826388888877, 27.772825138888887 ], [ -82.115432416666664, 27.773022277777777 ], [ -82.114785694444436, 27.77353047222222 ], [ -82.114219416666657, 27.774275194444442 ], [ -82.114043805555553, 27.774762916666667 ], [ -82.113891222222222, 27.775669694444442 ], [ -82.113970166666661, 27.777106472222222 ], [ -82.114654888888879, 27.778516944444444 ], [ -82.115085055555554, 27.778978305555555 ], [ -82.11557925, 27.779376888888887 ], [ -82.116066861111108, 27.77965575 ], [ -82.116204777777767, 27.77970975 ], [ -82.117368805555543, 27.780019194444442 ] ] } },
{ "type": "Feature", "properties": { "style": "solid", "thickness": 1 }, "geometry": { "type": "LineString", "coordinates": [ [ -82.111378194444441, 27.780279583333332 ], [ -82.108224222222219, 27.775675861111111 ], [ -82.105656805555554, 27.780528027777777 ] ] } },
{ "type": "Feature", "properties": { "style": "solid", "thickness": 1 }, "geometry": { "type": "LineString", "coordinates": [ [ -82.108224222222219, 27.775675861111111 ], [ -82.108069805555544, 27.77286211111111 ] ] } },
{ "type": "Feature", "properties": { "style": "solid", "thickness": 1 }, "geometry": { "type": "LineString", "coordinates": [ [ -82.065388472222224, 27.904829666666664 ], [ -82.065803305555548, 27.912432777777777 ], [ -82.062972777777773, 27.912554611111108 ], [ -82.062366222222224, 27.91258072222222 ], [ -82.06187488888888, 27.912241833333333 ], [ -82.061515055555546, 27.91183725 ], [ -82.061502, 27.911597777777775 ], [ -82.061436722222226, 27.910400444444441 ], [ -82.061494333333329, 27.910217944444444 ], [ -82.061670388888885, 27.909730305555556 ], [ -82.062311666666659, 27.909102638888889 ], [ -82.061618166666662, 27.908772444444445 ], [ -82.061271416666671, 27.908607333333332 ], [ -82.06091813888888, 27.9083225 ], [ -82.060686583333336, 27.907792388888886 ], [ -82.060601722222216, 27.90623586111111 ], [ -82.060781055555552, 27.905808083333334 ], [ -82.061233194444441, 27.905428583333332 ], [ -82.061557083333327, 27.905174611111111 ], [ -82.06188425, 27.904980527777777 ], [ -82.065388472222224, 27.904829666666664 ] ] } },
{ "type": "Feature", "properties": { "style": "solid", "thickness": 1 }, "geometry": { "type": "LineString", "coordinates": [ [ -82.065613861111103, 27.9089605 ], [ -82.062311666666659, 27.909102638888889 ] ] } },
{ "type": "Feature", "properties": { "style": "solid", "thickness": 1 }, "geometry": { "type": "LineString", "coordinates": [ [ -82.057706111111102, 27.90516025 ], [ -82.058120388888881, 27.912763361111111 ] ] } },
{ "type": "Feature", "properties": { "style": "solid", "thickness": 1 }, "geometry": { "type": "LineString", "coordinates": [ [ -82.05461588888889, 27.912914027777777 ], [ -82.0514605, 27.908309027777776 ], [ -82.048887361111113, 27.913160083333331 ] ] } },
{ "type": "Feature", "properties": { "style": "solid", "thickness": 1 }, "geometry": { "type": "LineString", "coordinates": [ [ -82.0514605, 27.908309027777776 ], [ -82.051307361111114, 27.90549525 ] ] } },
{ "type": "Feature", "properties": { "style": "solid", "thickness": 1 }, "geometry": { "type": "LineString", "coordinates": [ [ -82.045778111111105, 27.905672638888888 ], [ -82.042484861111106, 27.913434805555553 ], [ -82.038567361111106, 27.905981916666665 ] ] } },
{ "type": "Feature", "properties": { "style": "solid", "thickness": 1 }, "geometry": { "type": "LineString", "coordinates": [ [ -82.044698555555556, 27.90817925 ], [ -82.03984633333333, 27.90838736111111 ] ] } },
{ "type": "Feature", "properties": { "style": "solid", "thickness": 1 }, "geometry": { "type": "LineString", "coordinates": [ [ -82.03614972222222, 27.91370636111111 ], [ -82.031297277777782, 27.913914166666665 ] ] } },
{ "type": "Feature", "properties": { "style": "solid", "thickness": 1 }, "geometry": { "type": "LineString", "coordinates": [ [ -82.033790888888888, 27.913807416666664 ], [ -82.033378305555559, 27.906204222222222 ] ] } },
{ "type": "Feature", "properties": { "style": "solid", "thickness": 1 }, "geometry": { "type": "LineString", "coordinates": [ [ -82.159426, 27.858544388888891 ], [ -82.161052916666677, 27.859685305555558 ], [ -82.16304961111112, 27.860178583333333 ], [ -82.165105666666676, 27.859947444444447 ], [ -82.166901305555555, 27.859027888888889 ], [ -82.168157361111113, 27.857562888888889 ], [ -82.168678527777786, 27.85578025 ], [ -82.168383833333337, 27.853957111111111 ], [ -82.167319138888899, 27.852376944444448 ], [ -82.165649972222226, 27.851285416666666 ], [ -82.163635833333345, 27.850852222222223 ], [ -82.161589888888898, 27.85114475 ], [ -82.159830194444453, 27.852117444444445 ], [ -82.158630305555562, 27.853619138888892 ], [ -82.158176805555556, 27.855416361111114 ], [ -82.15854025, 27.857229666666669 ], [ -82.159426, 27.858544388888891 ] ] } },
{ "type": "Feature", "properties": { "style": "solid", "thickness": 1 }, "geometry": { "type": "LineString", "coordinates": [ [ -82.151269416666679, 27.856051861111112 ], [ -82.154426027777788, 27.855428722222225 ], [ -82.157303833333344, 27.854118333333336 ], [ -82.159716888888894, 27.852205361111114 ], [ -82.161509305555555, 27.849813416666667 ], [ -82.16256525, 27.847097083333331 ], [ -82.162831944444449, 27.844710666666664 ] ] } },
{ "type": "Feature", "properties": { "style": "solid", "thickness": 1 }, "geometry": { "type": "LineString", "coordinates": [ [ -82.162831944444449, 27.844710666666664 ], [ -82.16353325, 27.847516166666665 ], [ -82.165007722222228, 27.850073861111113 ], [ -82.167160111111116, 27.8522185 ], [ -82.169851416666674, 27.853811472222223 ], [ -82.172907666666674, 27.854749861111113 ], [ -82.175592694444447, 27.854986666666669 ] ] } },
{ "type": "Feature", "properties": { "style": "solid", "thickness": 1 }, "geometry": { "type": "LineString", "coordinates": [ [ -82.164030416666677, 27.866328888888891 ], [ -82.164418083333345, 27.863475694444446 ], [ -82.165602611111112, 27.860801555555557 ], [ -82.167507416666666, 27.858479166666669 ], [ -82.170009416666673, 27.856658555555558 ], [ -82.172946972222221, 27.855457361111114 ], [ -82.175592694444447, 27.854986666666669 ] ] } },
{ "type": "Feature", "properties": { "style": "solid", "thickness": 1 }, "geometry": { "type": "LineString", "coordinates": [ [ -82.164030416666677, 27.866328888888891 ], [ -82.163328972222232, 27.863523416666666 ], [ -82.161854361111111, 27.860965694444445 ], [ -82.15970188888889, 27.858821 ], [ -82.157010611111119, 27.857227805555556 ], [ -82.153954416666679, 27.856289083333333 ], [ -82.151269416666679, 27.856051861111112 ] ] } },
{ "type": "Feature", "properties": { "style": "solid", "thickness": 1 }, "geometry": { "type": "LineString", "coordinates": [ [ -82.09267575, 27.799618722222224 ], [ -82.094292138888889, 27.800770416666669 ], [ -82.096283583333332, 27.801276916666666 ], [ -82.098340388888886, 27.801059444444444 ], [ -82.100142749999989, 27.800151833333334 ], [ -82.10141038888888, 27.798695194444445 ], [ -82.10194622222221, 27.796916055555556 ], [ -82.101667, 27.795091 ], [ -82.100616166666654, 27.793503805555556 ], [ -82.098957111111105, 27.792401222222225 ], [ -82.096947777777771, 27.791954694444446 ], [ -82.094900555555554, 27.792233611111111 ], [ -82.09313366666666, 27.793194611111112 ], [ -82.091921861111103, 27.794688305555557 ], [ -82.091453555555546, 27.796482472222223 ], [ -82.091801555555548, 27.798298166666669 ], [ -82.09267575, 27.799618722222224 ] ] } },
{ "type": "Feature", "properties": { "style": "solid", "thickness": 1 }, "geometry": { "type": "LineString", "coordinates": [ [ -82.084548555555557, 27.797146916666669 ], [ -82.087703833333322, 27.796525333333335 ], [ -82.09058088888888, 27.795216333333336 ], [ -82.092993833333324, 27.7933045 ], [ -82.094786722222224, 27.790913444444445 ], [ -82.095843777777773, 27.788197611111112 ], [ -82.096111777777779, 27.785811305555558 ] ] } },
{ "type": "Feature", "properties": { "style": "solid", "thickness": 1 }, "geometry": { "type": "LineString", "coordinates": [ [ -82.096111777777779, 27.785811305555558 ], [ -82.096810972222215, 27.788617166666668 ], [ -82.098283083333328, 27.791175583333334 ], [ -82.100433, 27.793321277777778 ], [ -82.103121861111106, 27.794915583333335 ], [ -82.106175888888885, 27.795855444444445 ], [ -82.108859305555555, 27.796093555555558 ] ] } },
{ "type": "Feature", "properties": { "style": "solid", "thickness": 1 }, "geometry": { "type": "LineString", "coordinates": [ [ -82.097296305555545, 27.807430222222223 ], [ -82.09768552777777, 27.804577222222221 ], [ -82.098871083333322, 27.801903611111111 ], [ -82.100776277777769, 27.799582138888891 ], [ -82.103278027777776, 27.79776275 ], [ -82.106214722222219, 27.796562944444446 ], [ -82.108859305555555, 27.796093555555558 ] ] } },
{ "type": "Feature", "properties": { "style": "solid", "thickness": 1 }, "geometry": { "type": "LineString", "coordinates": [ [ -82.097296305555545, 27.807430222222223 ], [ -82.096596972222216, 27.80462438888889 ], [ -82.095124722222224, 27.802065944444447 ], [ -82.09297475, 27.79992016666667 ], [ -82.090285916666659, 27.798325694444447 ], [ -82.08723194444444, 27.797385472222224 ], [ -82.084548555555557, 27.797146916666669 ] ] } },
{ "type": "Feature", "properties": { "style": "solid", "thickness": 1 }, "geometry": { "type": "LineString", "coordinates": [ [ -82.078888111111112, 27.931095694444444 ], [ -82.080606277777775, 27.932127055555558 ], [ -82.082639777777771, 27.932488305555555 ], [ -82.084672444444436, 27.932123305555557 ], [ -82.086388166666666, 27.931088777777777 ], [ -82.087520222222224, 27.929545583333333 ], [ -82.087892583333328, 27.927733666666668 ], [ -82.08744738888889, 27.92593477777778 ], [ -82.086253916666664, 27.924428583333334 ], [ -82.084497722222224, 27.92344925 ], [ -82.082451833333323, 27.923149 ], [ -82.080434333333329, 27.923574555555557 ], [ -82.078758833333325, 27.924659722222223 ], [ -82.077685833333334, 27.926235805555557 ], [ -82.077382194444439, 27.928057805555557 ], [ -82.077895138888891, 27.92984238888889 ], [ -82.078888111111112, 27.931095694444444 ] ] } },
{ "type": "Feature", "properties": { "style": "solid", "thickness": 1 }, "geometry": { "type": "LineString", "coordinates": [ [ -82.070464111111107, 27.92834213888889 ], [ -82.07362327777777, 27.927720888888889 ], [ -82.076503972222213, 27.926412194444445 ], [ -82.078920055555557, 27.924500694444447 ], [ -82.080715444444436, 27.922109833333334 ], [ -82.081774166666662, 27.919394166666667 ], [ -82.082042805555545, 27.917007861111113 ] ] } },
{ "type": "Feature", "properties": { "style": "solid", "thickness": 1 }, "geometry": { "type": "LineString", "coordinates": [ [ -82.082042805555545, 27.917007861111113 ], [ -82.082742472222222, 27.91981375 ], [ -82.084216027777771, 27.922372277777779 ], [ -82.08636825, 27.924518166666669 ], [ -82.08906011111111, 27.926112694444445 ], [ -82.09211769444444, 27.927052888888891 ], [ -82.094804416666662, 27.92729127777778 ] ] } },
{ "type": "Feature", "properties": { "style": "solid", "thickness": 1 }, "geometry": { "type": "LineString", "coordinates": [ [ -82.083225944444436, 27.938626611111111 ], [ -82.083616027777779, 27.935773694444446 ], [ -82.084803333333326, 27.933100277777779 ], [ -82.0867111111111, 27.930779027777778 ], [ -82.089216111111099, 27.928959916666667 ], [ -82.0921565, 27.927760416666668 ], [ -82.094804416666662, 27.92729127777778 ] ] } },
{ "type": "Feature", "properties": { "style": "solid", "thickness": 1 }, "geometry": { "type": "LineString", "coordinates": [ [ -82.083225944444436, 27.938626611111111 ], [ -82.08252613888888, 27.93582075 ], [ -82.081052472222225, 27.933262194444445 ], [ -82.078900166666656, 27.93111625 ], [ -82.076208333333327, 27.9295215 ], [ -82.073150805555557, 27.928580972222225 ], [ -82.070464111111107, 27.92834213888889 ] ] } },
{ "type": "Feature", "properties": { "style": "solid", "thickness": 1 }, "geometry": { "type": "LineString", "coordinates": [ [ -81.982781472222229, 28.173681833333333 ], [ -81.982371472222226, 28.166078805555554 ], [ -81.979061305555561, 28.166218944444442 ] ] } },
{ "type": "Feature", "properties": { "style": "solid", "thickness": 1 }, "geometry": { "type": "LineString", "coordinates": [ [ -81.972580055555554, 28.174113444444444 ], [ -81.976701166666672, 28.173939166666667 ], [ -81.976291583333335, 28.166336138888887 ], [ -81.972103222222231, 28.16651325 ] ] } },
{ "type": "Feature", "properties": { "style": "solid", "thickness": 1 }, "geometry": { "type": "LineString", "coordinates": [ [ -81.97649475, 28.170107722222223 ], [ -81.972508916666669, 28.170276277777781 ] ] } },
{ "type": "Feature", "properties": { "style": "solid", "thickness": 1 }, "geometry": { "type": "LineString", "coordinates": [ [ -81.969539888888889, 28.174241944444447 ], [ -81.964945833333331, 28.174435972222224 ], [ -81.964916861111121, 28.173897166666666 ], [ -81.969606916666663, 28.16667875 ], [ -81.969603694444444, 28.166618888888888 ], [ -81.964266861111113, 28.166844305555557 ] ] } },
{ "type": "Feature", "properties": { "style": "solid", "thickness": 1 }, "geometry": { "type": "LineString", "coordinates": [ [ -81.962108333333333, 28.174555722222223 ], [ -81.957244027777776, 28.174760916666667 ] ] } },
{ "type": "Feature", "properties": { "style": "solid", "thickness": 1 }, "geometry": { "type": "LineString", "coordinates": [ [ -81.959743722222228, 28.1746555 ], [ -81.959335333333343, 28.167052388888891 ] ] } },
{ "type": "Feature", "properties": { "style": "solid", "thickness": 1 }, "geometry": { "type": "LineString", "coordinates": [ [ -81.953998472222224, 28.167277416666668 ], [ -81.9544065, 28.1748805 ] ] } },
{ "type": "Feature", "properties": { "style": "solid", "thickness": 1 }, "geometry": { "type": "LineString", "coordinates": [ [ -81.774044944444441, 28.058497611111111 ], [ -81.778161972222222, 28.05832927777778 ], [ -81.777766777777771, 28.050725472222222 ], [ -81.773582555555549, 28.050896555555557 ] ] } },
{ "type": "Feature", "properties": { "style": "solid", "thickness": 1 }, "geometry": { "type": "LineString", "coordinates": [ [ -81.777962805555561, 28.054497444444443 ], [ -81.773980916666659, 28.05466025 ] ] } },
{ "type": "Feature", "properties": { "style": "solid", "thickness": 1 }, "geometry": { "type": "LineString", "coordinates": [ [ -81.771409638888883, 28.058545305555555 ], [ -81.771018027777771, 28.051001361111112 ] ] } },
{ "type": "Feature", "properties": { "style": "solid", "thickness": 1 }, "geometry": { "type": "LineString", "coordinates": [ [ -81.76567277777778, 28.058779555555557 ], [ -81.765281555555561, 28.05123561111111 ] ] } },
{ "type": "Feature", "properties": { "style": "solid", "thickness": 1 }, "geometry": { "type": "LineString", "coordinates": [ [ -81.77122625, 28.055012833333333 ], [ -81.765489583333334, 28.055247055555558 ] ] } },
{ "type": "Feature", "properties": { "style": "solid", "thickness": 1 }, "geometry": { "type": "LineString", "coordinates": [ [ -81.762582027777782, 28.05134575 ], [ -81.759264055555562, 28.059100944444445 ], [ -81.755360777777781, 28.051640138888889 ] ] } },
{ "type": "Feature", "properties": { "style": "solid", "thickness": 1 }, "geometry": { "type": "LineString", "coordinates": [ [ -81.761494444444438, 28.053850083333334 ], [ -81.756635166666669, 28.054048166666668 ] ] } },
{ "type": "Feature", "properties": { "style": "solid", "thickness": 1 }, "geometry": { "type": "LineString", "coordinates": [ [ -81.746320222222224, 28.05860802777778 ], [ -81.74660875, 28.058956277777778 ], [ -81.74723475, 28.059290805555555 ], [ -81.74764591666667, 28.059394083333334 ], [ -81.74880258333333, 28.059527 ], [ -81.749207555555557, 28.059510527777778 ], [ -81.750011277777773, 28.059357833333333 ], [ -81.750676916666663, 28.05915075 ], [ -81.75080880555555, 28.059085361111112 ], [ -81.751265777777775, 28.058766777777777 ], [ -81.751719638888886, 28.058388305555557 ], [ -81.752476888888893, 28.0573375 ], [ -81.752764777777784, 28.056365777777778 ], [ -81.752696638888892, 28.055048583333335 ], [ -81.75252447222222, 28.05433561111111 ], [ -81.752226638888885, 28.05380775 ], [ -81.751796916666663, 28.05334525 ], [ -81.751437805555554, 28.05293988888889 ], [ -81.75087, 28.052423 ], [ -81.750317722222221, 28.0522055 ], [ -81.749765416666662, 28.051987972222221 ], [ -81.749286805555556, 28.051887444444446 ], [ -81.748072, 28.051936888888889 ], [ -81.747403305555551, 28.052084083333334 ], [ -81.746875777777774, 28.052345555555558 ], [ -81.746283833333337, 28.052669611111114 ], [ -81.745894388888885, 28.052985444444445 ], [ -81.745256611111117, 28.053731361111112 ], [ -81.7448795, 28.054286694444446 ], [ -81.744763083333339, 28.054651416666669 ], [ -81.744812583333328, 28.05560938888889 ], [ -81.747647222222227, 28.055494111111113 ] ] } },
{ "type": "Feature", "properties": { "style": "solid", "thickness": 1 }, "geometry": { "type": "LineString", "coordinates": [ [ -81.742255694444452, 28.05979325 ], [ -81.741943416666672, 28.053746083333333 ], [ -81.741860472222228, 28.053449444444446 ], [ -81.741357111111114, 28.052869916666669 ], [ -81.741001111111117, 28.052524388888891 ], [ -81.740448833333332, 28.052306833333333 ], [ -81.739703361111111, 28.05227713888889 ], [ -81.738623555555563, 28.052321 ], [ -81.738019222222221, 28.052405527777779 ], [ -81.737224805555556, 28.052737777777779 ], [ -81.736774, 28.053176083333334 ], [ -81.73652258333334, 28.05354627777778 ], [ -81.736415388888886, 28.054090611111111 ], [ -81.736721194444442, 28.060018055555556 ] ] } },
{ "type": "Feature", "properties": { "style": "solid", "thickness": 1 }, "geometry": { "type": "LineString", "coordinates": [ [ -82.00433775, 28.057334138888891 ], [ -82.0055525, 28.057282444444446 ], [ -82.006156611111109, 28.057196722222223 ], [ -82.007342222222221, 28.056606222222221 ], [ -82.008434388888887, 28.055539611111111 ], [ -82.00879719444444, 28.054744111111113 ], [ -82.00894780555555, 28.053777611111112 ], [ -82.008905694444451, 28.052999333333332 ], [ -82.008731861111116, 28.052286694444444 ], [ -82.008352333333335, 28.05152277777778 ], [ -82.007558222222215, 28.050596527777778 ], [ -82.007272083333334, 28.050308666666666 ], [ -82.006712805555551, 28.049972444444446 ], [ -82.005546222222222, 28.049662083333335 ], [ -82.004129111111112, 28.049722388888892 ], [ -82.003460777777775, 28.049870833333333 ], [ -82.002798916666663, 28.050139027777778 ], [ -82.002403722222226, 28.050335833333335 ], [ -82.001754805555549, 28.0508435 ], [ -82.001186277777776, 28.051587722222223 ], [ -82.001009722222221, 28.052075277777778 ], [ -82.00085580555556, 28.05298188888889 ], [ -82.000933444444442, 28.054418694444447 ], [ -82.001618444444446, 28.055829694444444 ], [ -82.00204925, 28.056291388888891 ], [ -82.002544277777773, 28.056690388888889 ], [ -82.003032861111109, 28.056969611111111 ], [ -82.003171083333328, 28.05702375 ], [ -82.00433775, 28.057334138888891 ] ] } },
{ "type": "Feature", "properties": { "style": "solid", "thickness": 1 }, "geometry": { "type": "LineString", "coordinates": [ [ -81.997920861111112, 28.049986444444446 ], [ -81.998331527777779, 28.057589583333336 ], [ -81.995497111111106, 28.05771002777778 ], [ -81.994889722222226, 28.057735833333336 ], [ -81.994397944444444, 28.057396694444446 ], [ -81.994037888888883, 28.056991944444444 ], [ -81.994024972222221, 28.0567525 ], [ -81.993960333333334, 28.055555138888888 ], [ -81.99401813888889, 28.055372666666667 ], [ -81.994194722222218, 28.054885138888888 ], [ -81.99483725, 28.054257805555558 ], [ -81.994143027777781, 28.05392725 ], [ -81.99379591666667, 28.053762 ], [ -81.993442361111107, 28.053476972222224 ], [ -81.993210833333336, 28.052946777777777 ], [ -81.993126833333335, 28.051390222222224 ], [ -81.993306638888896, 28.050962555555557 ], [ -81.993759638888889, 28.050583277777779 ], [ -81.994084111111107, 28.050329472222224 ], [ -81.994411833333331, 28.050135555555556 ], [ -81.997920861111112, 28.049986444444446 ] ] } },
{ "type": "Feature", "properties": { "style": "solid", "thickness": 1 }, "geometry": { "type": "LineString", "coordinates": [ [ -81.998143972222223, 28.054117277777777 ], [ -81.99483725, 28.054257805555558 ] ] } },
{ "type": "Feature", "properties": { "style": "solid", "thickness": 1 }, "geometry": { "type": "LineString", "coordinates": [ [ -81.99063811111111, 28.057916388888888 ], [ -81.985779083333341, 28.058122583333333 ] ] } },
{ "type": "Feature", "properties": { "style": "solid", "thickness": 1 }, "geometry": { "type": "LineString", "coordinates": [ [ -81.988276083333332, 28.058016638888891 ], [ -81.98786613888889, 28.050413472222225 ] ] } },
{ "type": "Feature", "properties": { "style": "solid", "thickness": 1 }, "geometry": { "type": "LineString", "coordinates": [ [ -81.978153083333339, 28.058445833333334 ], [ -81.979367861111115, 28.058394361111112 ], [ -81.979972, 28.05830875 ], [ -81.98115775, 28.057718472222223 ], [ -81.982250194444447, 28.056652083333333 ], [ -81.98261319444444, 28.055856638888891 ], [ -81.982764027777776, 28.054890194444447 ], [ -81.982722111111116, 28.054111916666667 ], [ -81.982548444444447, 28.053399222222222 ], [ -81.982169111111119, 28.05263525 ], [ -81.981375194444453, 28.051708833333333 ], [ -81.98108913888889, 28.051420944444445 ], [ -81.980529944444442, 28.051084611111111 ], [ -81.979363416666672, 28.050774027777777 ], [ -81.977946277777775, 28.050834055555555 ], [ -81.977277916666665, 28.05098238888889 ], [ -81.97661597222222, 28.051250444444445 ], [ -81.97622075, 28.051447194444446 ], [ -81.97557169444444, 28.051954694444444 ], [ -81.975003, 28.052698833333334 ], [ -81.974826305555553, 28.053186333333333 ], [ -81.974672166666664, 28.054092944444445 ], [ -81.974749444444441, 28.05552975 ], [ -81.975434138888886, 28.056940861111112 ], [ -81.97586480555556, 28.057402666666668 ], [ -81.976359777777773, 28.057801722222223 ], [ -81.976848277777776, 28.058081055555558 ], [ -81.976986472222222, 28.058135222222223 ], [ -81.978153083333339, 28.058445833333334 ] ] } },
{ "type": "Feature", "properties": { "style": "solid", "thickness": 1 }, "geometry": { "type": "LineString", "coordinates": [ [ -81.967355138888891, 28.058902805555554 ], [ -81.968569916666667, 28.058851444444446 ], [ -81.969174083333328, 28.058765888888889 ], [ -81.970359888888893, 28.058175694444444 ], [ -81.971452444444452, 28.05710938888889 ], [ -81.971815527777778, 28.056313972222224 ], [ -81.971966472222221, 28.05534752777778 ], [ -81.971924611111106, 28.05456925 ], [ -81.971751027777785, 28.053856555555555 ], [ -81.97137175, 28.053092555555555 ], [ -81.970577944444443, 28.052166083333333 ], [ -81.970291916666667, 28.051878138888888 ], [ -81.96973275, 28.051541777777778 ], [ -81.96856625, 28.051231111111111 ], [ -81.967149111111112, 28.051291027777779 ], [ -81.966480694444442, 28.051439305555558 ], [ -81.96581875, 28.051707305555556 ], [ -81.9654235, 28.051904027777777 ], [ -81.964774388888898, 28.0524115 ], [ -81.964205611111112, 28.053155583333336 ], [ -81.964028861111117, 28.053643083333334 ], [ -81.963874638888896, 28.05454963888889 ], [ -81.963951805555553, 28.055986472222223 ], [ -81.964636333333331, 28.05739763888889 ], [ -81.965066972222232, 28.057859472222223 ], [ -81.965561888888885, 28.058258583333334 ], [ -81.966050361111115, 28.058537944444446 ], [ -81.966188555555561, 28.058592111111111 ], [ -81.967355138888891, 28.058902805555554 ] ] } },
{ "type": "Feature", "properties": { "style": "solid", "thickness": 1 }, "geometry": { "type": "LineString", "coordinates": [ [ -81.9664165, 28.052762111111111 ], [ -81.964118777777784, 28.050279055555556 ] ] } },
{ "type": "Feature", "properties": { "style": "solid", "thickness": 1 }, "geometry": { "type": "LineString", "coordinates": [ [ -81.94316475, 28.045669527777779 ], [ -81.94223675, 28.047317055555556 ], [ -81.94209875, 28.04915477777778 ], [ -81.942772222222231, 28.050896972222223 ], [ -81.9441525, 28.052272722222224 ], [ -81.946024972222233, 28.053068194444446 ], [ -81.9480985, 28.053159611111113 ], [ -81.950050638888897, 28.052532805555558 ], [ -81.951577888888892, 28.05128525 ], [ -81.952442777777776, 28.049610916666669 ], [ -81.952510861111108, 28.047770111111113 ], [ -81.95177158333334, 28.046049055555557 ], [ -81.950339916666664, 28.044715333333336 ], [ -81.948438472222222, 28.04397627777778 ], [ -81.946362805555566, 28.04394677777778 ], [ -81.944435666666664, 28.044631416666668 ], [ -81.94316475, 28.045669527777779 ] ] } },
{ "type": "Feature", "properties": { "style": "solid", "thickness": 1 }, "geometry": { "type": "LineString", "coordinates": [ [ -81.935133555555566, 28.04905313888889 ], [ -81.938296972222233, 28.048435 ], [ -81.941182500000011, 28.047129194444445 ], [ -81.943603666666675, 28.045220111111114 ], [ -81.945404055555557, 28.042831111111113 ], [ -81.946467333333331, 28.040116555555556 ], [ -81.946739305555553, 28.037730472222226 ] ] } },
{ "type": "Feature", "properties": { "style": "solid", "thickness": 1 }, "geometry": { "type": "LineString", "coordinates": [ [ -81.946739305555553, 28.037730472222226 ], [ -81.94743625000001, 28.040536972222224 ], [ -81.948908194444442, 28.04309688888889 ], [ -81.951060111111119, 28.045244833333335 ], [ -81.953752972222219, 28.046842 ], [ -81.95681275, 28.047785194444447 ], [ -81.959502277777787, 28.04802627777778 ] ] } },
{ "type": "Feature", "properties": { "style": "solid", "thickness": 1 }, "geometry": { "type": "LineString", "coordinates": [ [ -81.94789675, 28.05935 ], [ -81.948290805555558, 28.056497527777779 ], [ -81.949482777777789, 28.053825333333332 ], [ -81.951395555555564, 28.05150602777778 ], [ -81.953905583333338, 28.04968941666667 ], [ -81.956850694444441, 28.048492833333334 ], [ -81.959502277777787, 28.04802627777778 ] ] } },
{ "type": "Feature", "properties": { "style": "solid", "thickness": 1 }, "geometry": { "type": "LineString", "coordinates": [ [ -81.94789675, 28.05935 ], [ -81.947199666666677, 28.0565435 ], [ -81.945727555555564, 28.053983583333334 ], [ -81.943575583333342, 28.051835555555556 ], [ -81.940882777777787, 28.050238166666666 ], [ -81.937823055555555, 28.049294638888892 ], [ -81.935133555555566, 28.04905313888889 ] ] } },
{ "type": "Feature", "properties": { "style": "solid", "thickness": 1 }, "geometry": { "type": "LineString", "coordinates": [ [ -81.795022388888881, 28.059253583333334 ], [ -81.794231166666663, 28.06095638888889 ], [ -81.79424347222222, 28.062798138888891 ], [ -81.795057416666666, 28.064492472222224 ], [ -81.7965465, 28.065776 ], [ -81.79847919444444, 28.066449083333335 ], [ -81.800555, 28.066407138888888 ], [ -81.802451111111111, 28.065656638888889 ], [ -81.803872722222224, 28.064314277777779 ], [ -81.80459883333333, 28.062588805555556 ], [ -81.804516555555551, 28.060748472222222 ], [ -81.80363875, 28.059079416666666 ], [ -81.802101861111112, 28.057841111111113 ], [ -81.80014488888888, 28.057226083333333 ], [ -81.798072027777778, 28.057329916666667 ], [ -81.796205555555559, 28.058136472222223 ], [ -81.795022388888881, 28.059253583333334 ] ] } },
{ "type": "Feature", "properties": { "style": "solid", "thickness": 1 }, "geometry": { "type": "LineString", "coordinates": [ [ -81.787212888888888, 28.062349805555556 ], [ -81.790377527777778, 28.061735083333335 ], [ -81.793265166666671, 28.060432388888891 ], [ -81.79568925, 28.058525944444444 ], [ -81.797493111111109, 28.056138916666669 ], [ -81.79856025, 28.05342552777778 ], [ -81.798835527777783, 28.051039638888888 ] ] } },
{ "type": "Feature", "properties": { "style": "solid", "thickness": 1 }, "geometry": { "type": "LineString", "coordinates": [ [ -81.798835527777783, 28.051039638888888 ], [ -81.79952872222222, 28.053846861111111 ], [ -81.800997333333328, 28.05640836111111 ], [ -81.803146555555557, 28.058558611111113 ], [ -81.805837527777769, 28.060158666666666 ], [ -81.808896388888883, 28.061105166666668 ], [ -81.811586, 28.06134913888889 ] ] } },
{ "type": "Feature", "properties": { "style": "solid", "thickness": 1 }, "geometry": { "type": "LineString", "coordinates": [ [ -81.79996355555555, 28.072660361111112 ], [ -81.800361583333327, 28.069808333333334 ], [ -81.801557305555548, 28.067137444444445 ], [ -81.803473472222223, 28.064820222222224 ], [ -81.805986277777777, 28.063006305555557 ], [ -81.808933361111102, 28.061812861111111 ], [ -81.811586, 28.06134913888889 ] ] } },
{ "type": "Feature", "properties": { "style": "solid", "thickness": 1 }, "geometry": { "type": "LineString", "coordinates": [ [ -81.79996355555555, 28.072660361111112 ], [ -81.79927025, 28.069853138888888 ], [ -81.797801472222218, 28.067291638888889 ], [ -81.795652194444443, 28.065141305555557 ], [ -81.79296125, 28.063541055555557 ], [ -81.789902472222224, 28.062594194444443 ], [ -81.787212888888888, 28.062349805555556 ] ] } },
{ "type": "Feature", "properties": { "style": "solid", "thickness": 1 }, "geometry": { "type": "LineString", "coordinates": [ [ -81.8616741111111, 28.11830575 ], [ -81.860933, 28.120026333333335 ], [ -81.860999722222218, 28.121867138888888 ], [ -81.861863861111104, 28.123542 ], [ -81.863391166666659, 28.124790472222223 ], [ -81.865344138888887, 28.125418444444445 ], [ -81.867419111111104, 28.125328277777779 ], [ -81.869293444444438, 28.124534 ], [ -81.870675694444444, 28.123159111111111 ], [ -81.871351, 28.12141736111111 ], [ -81.871214333333327, 28.119579583333334 ], [ -81.870287027777778, 28.117931527777777 ], [ -81.868713277777772, 28.116729361111112 ], [ -81.86673775, 28.11616 ], [ -81.864667527777769, 28.116311944444448 ], [ -81.862824472222215, 28.117161583333335 ], [ -81.8616741111111, 28.11830575 ] ] } },
{ "type": "Feature", "properties": { "style": "solid", "thickness": 1 }, "geometry": { "type": "LineString", "coordinates": [ [ -81.853935833333324, 28.121305305555556 ], [ -81.857101833333331, 28.120689055555555 ], [ -81.85999025, 28.119384972222221 ], [ -81.862414472222213, 28.11747736111111 ], [ -81.864217833333328, 28.115089472222223 ], [ -81.865283888888882, 28.112375611111112 ], [ -81.865557833333327, 28.109989638888891 ] ] } },
{ "type": "Feature", "properties": { "style": "solid", "thickness": 1 }, "geometry": { "type": "LineString", "coordinates": [ [ -81.865557833333327, 28.109989638888891 ], [ -81.866253138888879, 28.1127965 ], [ -81.867724138888889, 28.11535725 ], [ -81.869875861111097, 28.117506416666668 ], [ -81.872569305555544, 28.119105166666667 ], [ -81.875630388888879, 28.120050166666669 ], [ -81.878321611111105, 28.120292833333334 ] ] } },
{ "type": "Feature", "properties": { "style": "solid", "thickness": 1 }, "geometry": { "type": "LineString", "coordinates": [ [ -81.866699833333328, 28.131609555555556 ], [ -81.867096305555549, 28.128757388888889 ], [ -81.868291027777772, 28.126085944444444 ], [ -81.870206833333327, 28.123767777777779 ], [ -81.872719888888881, 28.121952666666669 ], [ -81.875667833333324, 28.120757833333332 ], [ -81.878321611111105, 28.120292833333334 ] ] } },
{ "type": "Feature", "properties": { "style": "solid", "thickness": 1 }, "geometry": { "type": "LineString", "coordinates": [ [ -81.866699833333328, 28.131609555555556 ], [ -81.866004388888882, 28.128802722222222 ], [ -81.86453325, 28.126241944444445 ], [ -81.862381444444438, 28.124092694444446 ], [ -81.859688055555552, 28.12249375 ], [ -81.856627027777776, 28.12154838888889 ], [ -81.853935833333324, 28.121305305555556 ] ] } },
{ "type": "Feature", "properties": { "style": "solid", "thickness": 1 }, "geometry": { "type": "LineString", "coordinates": [ [ -81.928460083333334, 28.177332527777779 ], [ -81.927727666666669, 28.179056111111112 ], [ -81.927804083333342, 28.180896611111113 ], [ -81.928677527777779, 28.182567861111114 ], [ -81.930212222222224, 28.18381 ], [ -81.932169527777788, 28.184429888888889 ], [ -81.934245138888897, 28.18433113888889 ], [ -81.936116305555558, 28.18352911111111 ], [ -81.937492055555566, 28.18214852777778 ], [ -81.938158527777787, 28.180404027777779 ], [ -81.938012138888894, 28.178566861111111 ], [ -81.937075638888899, 28.17692263888889 ], [ -81.935494694444444, 28.175727027777778 ], [ -81.93351511111112, 28.175165861111111 ], [ -81.931444583333345, 28.175326388888891 ], [ -81.929605027777782, 28.17618363888889 ], [ -81.928460083333334, 28.177332527777779 ] ] } },
{ "type": "Feature", "properties": { "style": "solid", "thickness": 1 }, "geometry": { "type": "LineString", "coordinates": [ [ -81.920731, 28.1803195 ], [ -81.923898333333341, 28.179701722222223 ], [ -81.926787527777776, 28.17839625 ], [ -81.929211888888901, 28.176487472222224 ], [ -81.931014777777776, 28.174098722222222 ], [ -81.932079722222227, 28.171384361111112 ], [ -81.932352333333341, 28.168998305555558 ] ] } },
{ "type": "Feature", "properties": { "style": "solid", "thickness": 1 }, "geometry": { "type": "LineString", "coordinates": [ [ -81.932352333333341, 28.168998305555558 ], [ -81.93304975, 28.171804805555556 ], [ -81.934523166666665, 28.174364833333335 ], [ -81.936677388888896, 28.176512944444447 ], [ -81.939373277777776, 28.178110361111113 ], [ -81.942436638888893, 28.179053861111111 ], [ -81.945129444444447, 28.179295222222223 ] ] } },
{ "type": "Feature", "properties": { "style": "solid", "thickness": 1 }, "geometry": { "type": "LineString", "coordinates": [ [ -81.933508305555563, 28.190617444444445 ], [ -81.93390325, 28.187765111111112 ], [ -81.935097, 28.185093111111112 ], [ -81.937012388888888, 28.182774055555555 ], [ -81.939525694444441, 28.18095775 ], [ -81.942474555555563, 28.1797615 ], [ -81.945129444444447, 28.179295222222223 ] ] } },
{ "type": "Feature", "properties": { "style": "solid", "thickness": 1 }, "geometry": { "type": "LineString", "coordinates": [ [ -81.933508305555563, 28.190617444444445 ], [ -81.932810777777789, 28.187810972222223 ], [ -81.931337222222226, 28.185250944444444 ], [ -81.929182944444449, 28.18310275 ], [ -81.926487055555555, 28.181505138888891 ], [ -81.923423777777785, 28.18056127777778 ], [ -81.920731, 28.1803195 ] ] } },
{ "type": "Feature", "properties": { "style": "solid", "thickness": 1 }, "geometry": { "type": "LineString", "coordinates": [ [ -81.933872388888886, 27.967954333333331 ], [ -81.937985722222223, 27.967781222222222 ], [ -81.937579666666664, 27.960177805555556 ], [ -81.933399166666675, 27.96035375 ] ] } },
{ "type": "Feature", "properties": { "style": "solid", "thickness": 1 }, "geometry": { "type": "LineString", "coordinates": [ [ -81.937781083333334, 27.963949583333331 ], [ -81.93380275, 27.964117027777778 ] ] } },
{ "type": "Feature", "properties": { "style": "solid", "thickness": 1 }, "geometry": { "type": "LineString", "coordinates": [ [ -81.925626555555567, 27.967941 ], [ -81.926043888888898, 27.968163472222219 ], [ -81.926522305555565, 27.968263388888886 ], [ -81.928140666666678, 27.96819536111111 ], [ -81.928741194444456, 27.968050138888888 ], [ -81.928940277777784, 27.96798175 ], [ -81.929923027777789, 27.967400388888887 ], [ -81.930497972222227, 27.966776194444442 ], [ -81.930668333333344, 27.966169 ], [ -81.931082861111122, 27.96507147222222 ], [ -81.931009388888896, 27.963694472222222 ], [ -81.930839416666672, 27.963041583333332 ], [ -81.930608388888899, 27.962511277777779 ], [ -81.93030675, 27.961923916666667 ], [ -81.929597333333334, 27.961293694444443 ], [ -81.928284277777777, 27.96074886111111 ], [ -81.927398166666677, 27.960606083333332 ], [ -81.926656444444447, 27.960637277777778 ], [ -81.92572202777778, 27.960856527777779 ], [ -81.925394472222223, 27.961050305555556 ], [ -81.925131138888887, 27.961181388888889 ] ] } },
{ "type": "Feature", "properties": { "style": "solid", "thickness": 1 }, "geometry": { "type": "LineString", "coordinates": [ [ -81.922408527777776, 27.960815722222222 ], [ -81.91910475, 27.968574861111108 ], [ -81.91519375, 27.9611185 ] ] } },
{ "type": "Feature", "properties": { "style": "solid", "thickness": 1 }, "geometry": { "type": "LineString", "coordinates": [ [ -81.921325527777782, 27.963321333333333 ], [ -81.916470638888896, 27.963525083333334 ] ] } },
{ "type": "Feature", "properties": { "style": "solid", "thickness": 1 }, "geometry": { "type": "LineString", "coordinates": [ [ -81.912361777777789, 27.96123725 ], [ -81.912766083333338, 27.968840722222222 ], [ -81.90979902777778, 27.968965055555554 ], [ -81.908983472222232, 27.96887922222222 ], [ -81.908636777777787, 27.96871375 ], [ -81.908075027777784, 27.96831725 ], [ -81.907230861111117, 27.967692555555555 ], [ -81.906650055555559, 27.966936861111108 ], [ -81.906483388888901, 27.966343805555553 ], [ -81.906378444444456, 27.964368083333333 ], [ -81.906484666666671, 27.96382361111111 ], [ -81.906851083333336, 27.963088222222222 ], [ -81.907300833333338, 27.962649361111112 ], [ -81.907744222222234, 27.96209075 ], [ -81.908396222222223, 27.961643416666664 ], [ -81.909195833333342, 27.961429916666667 ], [ -81.909664638888898, 27.961350277777775 ], [ -81.912361777777789, 27.96123725 ] ] } },
{ "type": "Feature", "properties": { "style": "solid", "thickness": 1 }, "geometry": { "type": "LineString", "coordinates": [ [ -81.8997515, 27.969385666666664 ], [ -81.903864916666677, 27.969213555555555 ], [ -81.903461222222234, 27.961610055555553 ], [ -81.89928066666667, 27.961784972222222 ] ] } },
{ "type": "Feature", "properties": { "style": "solid", "thickness": 1 }, "geometry": { "type": "LineString", "coordinates": [ [ -81.903661472222225, 27.965381888888889 ], [ -81.899683055555556, 27.965548333333334 ] ] } },
{ "type": "Feature", "properties": { "style": "solid", "thickness": 1 }, "geometry": { "type": "LineString", "coordinates": [ [ -81.790639472222225, 28.092607138888887 ], [ -81.790243277777776, 28.085003416666666 ] ] } },
{ "type": "Feature", "properties": { "style": "solid", "thickness": 1 }, "geometry": { "type": "LineString", "coordinates": [ [ -81.78597794444444, 28.092738083333334 ], [ -81.79043980555555, 28.088775333333331 ], [ -81.785517666666664, 28.085197 ] ] } },
{ "type": "Feature", "properties": { "style": "solid", "thickness": 1 }, "geometry": { "type": "LineString", "coordinates": [ [ -81.7782845, 28.093112888888889 ], [ -81.77949975, 28.093063194444444 ], [ -81.78010425, 28.092978472222221 ], [ -81.781291472222222, 28.092389916666665 ], [ -81.782386222222215, 28.091325111111111 ], [ -81.782750805555551, 28.09053022222222 ], [ -81.7829035, 28.089563972222223 ], [ -81.782863, 28.088785638888886 ], [ -81.782690583333334, 28.088072694444442 ], [ -81.782312527777776, 28.087308166666666 ], [ -81.781520083333334, 28.08638061111111 ], [ -81.781234472222224, 28.086092305555553 ], [ -81.780675722222227, 28.085755166666665 ], [ -81.779509388888883, 28.085442888888888 ], [ -81.778091694444441, 28.085500861111111 ], [ -81.777422833333333, 28.085648222222222 ], [ -81.776760194444449, 28.085915305555556 ], [ -81.776364472222227, 28.086111472222221 ], [ -81.77571425, 28.086618055555554 ], [ -81.775144, 28.08736136111111 ], [ -81.774966361111112, 28.087848611111109 ], [ -81.7748105, 28.088754972222223 ], [ -81.774885166666664, 28.090191888888889 ], [ -81.775567444444448, 28.09160397222222 ], [ -81.775997416666669, 28.092066416666665 ], [ -81.776491805555551, 28.092466194444444 ], [ -81.776979944444449, 28.092746222222221 ], [ -81.777118083333335, 28.092800583333332 ], [ -81.7782845, 28.093112888888889 ] ] } },
{ "type": "Feature", "properties": { "style": "solid", "thickness": 1 }, "geometry": { "type": "LineString", "coordinates": [ [ -81.771880833333327, 28.085754694444443 ], [ -81.77227575, 28.093358444444444 ], [ -81.764252277777771, 28.086066083333332 ], [ -81.764646638888891, 28.09366986111111 ] ] } },
{ "type": "Feature", "properties": { "style": "solid", "thickness": 1 }, "geometry": { "type": "LineString", "coordinates": [ [ -81.761484361111116, 28.086178972222221 ], [ -81.761878555555555, 28.09378275 ], [ -81.758907916666672, 28.093903833333332 ], [ -81.758091527777779, 28.093817111111111 ], [ -81.757744666666667, 28.09365125 ], [ -81.757182833333331, 28.093254138888888 ], [ -81.756338555555558, 28.092628555555553 ], [ -81.755758138888893, 28.091872194444445 ], [ -81.75559208333334, 28.09127897222222 ], [ -81.755489777777782, 28.089303194444444 ], [ -81.755596888888888, 28.088758833333333 ], [ -81.75596475, 28.088023888888888 ], [ -81.756415638888882, 28.087585527777776 ], [ -81.756860305555549, 28.087027416666665 ], [ -81.757513694444441, 28.086580805555556 ], [ -81.7583145, 28.086368166666666 ], [ -81.758783972222218, 28.086289055555554 ], [ -81.761484361111116, 28.086178972222221 ] ] } },
{ "type": "Feature", "properties": { "style": "solid", "thickness": 1 }, "geometry": { "type": "LineString", "coordinates": [ [ -81.748848194444449, 28.094313388888889 ], [ -81.752966611111106, 28.094145805555556 ], [ -81.752573055555558, 28.086542027777778 ], [ -81.748387416666674, 28.086712333333331 ] ] } },
{ "type": "Feature", "properties": { "style": "solid", "thickness": 1 }, "geometry": { "type": "LineString", "coordinates": [ [ -81.752768277777776, 28.090313972222219 ], [ -81.748785027777785, 28.090476055555555 ] ] } },
{ "type": "Feature", "properties": { "style": "solid", "thickness": 1 }, "geometry": { "type": "LineString", "coordinates": [ [ -81.774152527777773, 27.900050638888889 ], [ -81.77092427777778, 27.896402694444443 ] ] } },
{ "type": "Feature", "properties": { "style": "solid", "thickness": 1 }, "geometry": { "type": "LineString", "coordinates": [ [ -81.776383, 27.896179277777776 ], [ -81.776777527777782, 27.90378322222222 ], [ -81.773407722222217, 27.903921194444443 ], [ -81.773131916666671, 27.903812472222221 ], [ -81.772512944444443, 27.903597805555552 ], [ -81.771875333333327, 27.903023888888889 ], [ -81.771574722222226, 27.902436166666664 ], [ -81.771537472222221, 27.901717694444443 ], [ -81.771776, 27.901107916666664 ], [ -81.772351527777772, 27.900484361111111 ], [ -81.772945638888885, 27.900220055555554 ], [ -81.773209027777781, 27.900089277777777 ], [ -81.776578694444439, 27.899951305555554 ] ] } },
{ "type": "Feature", "properties": { "style": "solid", "thickness": 1 }, "geometry": { "type": "LineString", "coordinates": [ [ -81.764444, 27.90428775 ], [ -81.768555194444446, 27.904119694444443 ], [ -81.768161222222218, 27.896515722222222 ], [ -81.76398294444445, 27.896686527777778 ] ] } },
{ "type": "Feature", "properties": { "style": "solid", "thickness": 1 }, "geometry": { "type": "LineString", "coordinates": [ [ -81.768356666666662, 27.900287777777777 ], [ -81.764380416666668, 27.900450305555555 ] ] } },
{ "type": "Feature", "properties": { "style": "solid", "thickness": 1 }, "geometry": { "type": "LineString", "coordinates": [ [ -81.761815527777784, 27.904395138888887 ], [ -81.756962972222226, 27.904593222222221 ] ] } },
{ "type": "Feature", "properties": { "style": "solid", "thickness": 1 }, "geometry": { "type": "LineString", "coordinates": [ [ -81.759456638888892, 27.904491444444442 ], [ -81.75906333333333, 27.896887444444445 ] ] } },
{ "type": "Feature", "properties": { "style": "solid", "thickness": 1 }, "geometry": { "type": "LineString", "coordinates": [ [ -81.753739361111116, 27.897104694444444 ], [ -81.75184080555556, 27.904802166666666 ], [ -81.748617527777782, 27.897313527777776 ], [ -81.746651222222226, 27.905013638888889 ], [ -81.74376525, 27.897511166666668 ] ] } },
{ "type": "Feature", "properties": { "style": "solid", "thickness": 1 }, "geometry": { "type": "LineString", "coordinates": [ [ -81.737215555555551, 27.905397666666666 ], [ -81.741326805555559, 27.905230416666665 ], [ -81.74093475, 27.897626388888888 ], [ -81.736756388888892, 27.897796361111112 ] ] } },
{ "type": "Feature", "properties": { "style": "solid", "thickness": 1 }, "geometry": { "type": "LineString", "coordinates": [ [ -81.74112925, 27.901398472222219 ], [ -81.737152916666673, 27.901560222222219 ] ] } },
{ "type": "Feature", "properties": { "style": "solid", "thickness": 1 }, "geometry": { "type": "LineString", "coordinates": [ [ -81.913961916666679, 27.986540333333334 ], [ -81.913017611111115, 27.988180333333336 ], [ -81.9128608888889, 27.990016888888889 ], [ -81.913516111111122, 27.991764444444446 ], [ -81.9148815, 27.993151305555557 ], [ -81.916744722222234, 27.993961805555557 ], [ -81.918816111111113, 27.994069944444444 ], [ -81.920773527777783, 27.993458916666668 ], [ -81.92231266666667, 27.992223694444444 ], [ -81.923194166666676, 27.990556388888891 ], [ -81.923281055555563, 27.988716194444446 ], [ -81.922559833333338, 27.98698925 ], [ -81.921142666666668, 27.985644 ], [ -81.919249888888899, 27.984889638888891 ], [ -81.91717575, 27.984843416666667 ], [ -81.915242722222231, 27.9855125 ], [ -81.913961916666679, 27.986540333333334 ] ] } },
{ "type": "Feature", "properties": { "style": "solid", "thickness": 1 }, "geometry": { "type": "LineString", "coordinates": [ [ -81.90590541666667, 27.98995475 ], [ -81.90906727777778, 27.989337277777778 ], [ -81.911951583333334, 27.988032083333334 ], [ -81.914371944444454, 27.9861235 ], [ -81.916172, 27.983734861111113 ], [ -81.917235444444444, 27.9810205 ], [ -81.917507888888892, 27.978634444444442 ] ] } },
{ "type": "Feature", "properties": { "style": "solid", "thickness": 1 }, "geometry": { "type": "LineString", "coordinates": [ [ -81.917507888888892, 27.978634444444442 ], [ -81.918203694444443, 27.98144111111111 ], [ -81.919674166666667, 27.984001388888888 ], [ -81.921824333333333, 27.986149805555556 ], [ -81.924515277777786, 27.987747555555558 ], [ -81.927573138888889, 27.988691416666668 ], [ -81.930261138888895, 27.988933055555556 ] ] } },
{ "type": "Feature", "properties": { "style": "solid", "thickness": 1 }, "geometry": { "type": "LineString", "coordinates": [ [ -81.918658861111112, 28.000254416666667 ], [ -81.9190535, 27.997402 ], [ -81.92024552777778, 27.994730027777777 ], [ -81.92215788888889, 27.992411111111114 ], [ -81.92466705555556, 27.990595027777779 ], [ -81.927610888888893, 27.989399055555555 ], [ -81.930261138888895, 27.988933055555556 ] ] } },
{ "type": "Feature", "properties": { "style": "solid", "thickness": 1 }, "geometry": { "type": "LineString", "coordinates": [ [ -81.918658861111112, 28.000254416666667 ], [ -81.917962916666667, 27.99744775 ], [ -81.916492333333338, 27.994887472222224 ], [ -81.914342083333338, 27.992738972222224 ], [ -81.911651166666672, 27.991141027777779 ], [ -81.908593388888889, 27.990196833333336 ], [ -81.90590541666667, 27.98995475 ] ] } },
{ "type": "Feature", "properties": { "style": "solid", "thickness": 1 }, "geometry": { "type": "LineString", "coordinates": [ [ -81.799215305555549, 27.888863166666667 ], [ -81.798167611111111, 27.890452416666665 ], [ -81.797892777777776, 27.892278 ], [ -81.798433611111108, 27.894056027777776 ], [ -81.799706027777773, 27.895510111111111 ], [ -81.801512222222215, 27.89641411111111 ], [ -81.803571333333323, 27.896627472222221 ], [ -81.805563222222219, 27.896117055555553 ], [ -81.807178138888887, 27.894962166666666 ], [ -81.808165, 27.893342444444443 ], [ -81.808370388888889, 27.891509666666668 ], [ -81.807762416666662, 27.889748833333332 ], [ -81.806435638888885, 27.888333694444444 ], [ -81.804596361111109, 27.887484222222223 ], [ -81.802530472222216, 27.887332527777776 ], [ -81.800559194444446, 27.88790213888889 ], [ -81.799215305555549, 27.888863166666667 ] ] } },
{ "type": "Feature", "properties": { "style": "solid", "thickness": 1 }, "geometry": { "type": "LineString", "coordinates": [ [ -81.790971388888892, 27.892472361111111 ], [ -81.794131055555553, 27.891857527777777 ], [ -81.797014166666671, 27.890554722222223 ], [ -81.799434361111111, 27.88864813888889 ], [ -81.801235305555551, 27.886261 ], [ -81.80230069444444, 27.8835475 ], [ -81.80257541666667, 27.881161638888891 ] ] } },
{ "type": "Feature", "properties": { "style": "solid", "thickness": 1 }, "geometry": { "type": "LineString", "coordinates": [ [ -81.80257541666667, 27.881161638888891 ], [ -81.803267638888883, 27.883968916666667 ], [ -81.804734055555556, 27.886530416666666 ], [ -81.80688, 27.888680666666666 ], [ -81.809566833333335, 27.890280694444446 ], [ -81.812620944444447, 27.89122711111111 ], [ -81.815306277777779, 27.891471027777776 ] ] } },
{ "type": "Feature", "properties": { "style": "solid", "thickness": 1 }, "geometry": { "type": "LineString", "coordinates": [ [ -81.80370244444444, 27.902782805555553 ], [ -81.804099722222219, 27.899930694444443 ], [ -81.805293527777778, 27.897259694444443 ], [ -81.807206611111113, 27.894942361111109 ], [ -81.809715444444436, 27.893128333333333 ], [ -81.812657888888893, 27.891934805555554 ], [ -81.815306277777779, 27.891471027777776 ] ] } },
{ "type": "Feature", "properties": { "style": "solid", "thickness": 1 }, "geometry": { "type": "LineString", "coordinates": [ [ -81.80370244444444, 27.902782805555553 ], [ -81.803010111111107, 27.899975527777777 ], [ -81.801543555555554, 27.897414 ], [ -81.799397527777771, 27.895263694444445 ], [ -81.79671075, 27.893663444444442 ], [ -81.793656694444437, 27.892716694444445 ], [ -81.790971388888892, 27.892472361111111 ] ] } },
{ "type": "Feature", "properties": { "style": "solid", "thickness": 1 }, "geometry": { "type": "LineString", "coordinates": [ [ -81.79895194444444, 27.986853972222224 ], [ -81.798095305555549, 27.988531472222224 ], [ -81.79803575, 27.9903725 ], [ -81.798782555555547, 27.992090861111112 ], [ -81.800219694444436, 27.993419361111112 ], [ -81.80212366666666, 27.994151444444444 ], [ -81.804198472222225, 27.994173277777779 ], [ -81.806121472222216, 27.993481444444445 ], [ -81.807593666666662, 27.992183555555556 ], [ -81.808386166666665, 27.990481388888888 ], [ -81.808375777777769, 27.988639611111111 ], [ -81.807564166666666, 27.986944583333333 ], [ -81.806077527777774, 27.985659805555557 ], [ -81.804147, 27.984985 ], [ -81.802072722222221, 27.985025111111113 ], [ -81.800177138888884, 27.98577388888889 ], [ -81.79895194444444, 27.986853972222224 ] ] } },
{ "type": "Feature", "properties": { "style": "solid", "thickness": 1 }, "geometry": { "type": "LineString", "coordinates": [ [ -81.79104375, 27.990083472222224 ], [ -81.794206277777775, 27.989468638888891 ], [ -81.797091944444446, 27.988165861111113 ], [ -81.799514333333335, 27.986259333333333 ], [ -81.801316916666664, 27.983872194444444 ], [ -81.80238325, 27.98115875 ], [ -81.80265822222222, 27.978772861111111 ] ] } },
{ "type": "Feature", "properties": { "style": "solid", "thickness": 1 }, "geometry": { "type": "LineString", "coordinates": [ [ -81.80265822222222, 27.978772861111111 ], [ -81.803351055555552, 27.981580111111111 ], [ -81.804818805555556, 27.984141583333333 ], [ -81.806966666666668, 27.986291805555556 ], [ -81.809655916666671, 27.987891805555556 ], [ -81.812712777777776, 27.988838222222224 ], [ -81.815400583333329, 27.989082111111113 ] ] } },
{ "type": "Feature", "properties": { "style": "solid", "thickness": 1 }, "geometry": { "type": "LineString", "coordinates": [ [ -81.803786305555548, 28.000393777777777 ], [ -81.804183944444446, 27.997541722222223 ], [ -81.805378777777776, 27.99487075 ], [ -81.807293611111106, 27.992553444444447 ], [ -81.809804666666665, 27.990739444444447 ], [ -81.81274975, 27.989545916666668 ], [ -81.815400583333329, 27.989082111111113 ] ] } },
{ "type": "Feature", "properties": { "style": "solid", "thickness": 1 }, "geometry": { "type": "LineString", "coordinates": [ [ -81.803786305555548, 28.000393777777777 ], [ -81.803093333333337, 27.997586555555557 ], [ -81.80162544444444, 27.995025055555555 ], [ -81.799477527777782, 27.992874777777779 ], [ -81.796788305555552, 27.991274555555556 ], [ -81.79373152777778, 27.990327805555555 ], [ -81.79104375, 27.990083472222224 ] ] } },
{ "type": "Feature", "properties": { "style": "solid", "thickness": 1 }, "geometry": { "type": "LineString", "coordinates": [ [ -82.23098775, 27.84652775 ], [ -82.226408055555552, 27.8467305 ], [ -82.226377888888891, 27.84619175 ], [ -82.231036361111109, 27.838964083333334 ], [ -82.231033, 27.838904222222222 ], [ -82.22571286111112, 27.839139777777778 ] ] } },
{ "type": "Feature", "properties": { "style": "solid", "thickness": 1 }, "geometry": { "type": "LineString", "coordinates": [ [ -82.223579416666666, 27.846855666666666 ], [ -82.223240916666668, 27.840809444444442 ], [ -82.223156805555561, 27.840513111111111 ], [ -82.22265188888889, 27.839935333333333 ], [ -82.222295055555563, 27.839591055555555 ], [ -82.22174291666667, 27.839375416666666 ], [ -82.22099877777778, 27.839348305555554 ], [ -82.219921277777786, 27.839395944444444 ], [ -82.219318527777773, 27.839482611111109 ], [ -82.218527138888888, 27.839817666666665 ], [ -82.218079166666669, 27.840257527777776 ], [ -82.217829861111113, 27.840628638888887 ], [ -82.217725305555561, 27.84117336111111 ], [ -82.218056805555563, 27.847099833333331 ] ] } },
{ "type": "Feature", "properties": { "style": "solid", "thickness": 1 }, "geometry": { "type": "LineString", "coordinates": [ [ -82.215005138888898, 27.839613222222223 ], [ -82.209570833333331, 27.847474638888887 ] ] } },
{ "type": "Feature", "properties": { "style": "solid", "thickness": 1 }, "geometry": { "type": "LineString", "coordinates": [ [ -82.215228166666662, 27.847224833333332 ], [ -82.208876777777775, 27.839883805555555 ] ] } },
{ "type": "Feature", "properties": { "style": "solid", "thickness": 1 }, "geometry": { "type": "LineString", "coordinates": [ [ -82.201960305555559, 27.847810305555555 ], [ -82.203172611111114, 27.847756861111108 ], [ -82.203775416666673, 27.847670277777777 ], [ -82.204957638888885, 27.847078027777776 ], [ -82.20604575, 27.84600986111111 ], [ -82.206406388888894, 27.845213805555556 ], [ -82.206554972222222, 27.844247055555556 ], [ -82.206511527777778, 27.843468833333333 ], [ -82.206336722222218, 27.842756416666667 ], [ -82.205956527777786, 27.841993027777775 ], [ -82.205162277777774, 27.841067888888887 ], [ -82.204876166666665, 27.840780444444444 ], [ -82.204317361111109, 27.840445027777776 ], [ -82.203152444444441, 27.840136333333334 ], [ -82.201738222222218, 27.840198666666666 ], [ -82.201071444444452, 27.840348083333332 ], [ -82.200411333333335, 27.840617222222221 ], [ -82.200017277777775, 27.84081461111111 ], [ -82.199370527777788, 27.841323194444442 ], [ -82.198804472222221, 27.842068277777777 ], [ -82.19862913888889, 27.842556083333331 ], [ -82.198477166666677, 27.843462944444443 ], [ -82.19855727777778, 27.844899694444443 ], [ -82.199243527777782, 27.84630972222222 ], [ -82.199674333333334, 27.846770833333331 ], [ -82.200169138888896, 27.847169111111111 ], [ -82.200657277777779, 27.847447638888887 ], [ -82.200795333333332, 27.847501583333333 ], [ -82.201960305555559, 27.847810305555555 ] ] } },
{ "type": "Feature", "properties": { "style": "solid", "thickness": 1 }, "geometry": { "type": "LineString", "coordinates": [ [ -82.195542444444442, 27.840471638888889 ], [ -82.195966166666665, 27.848074388888886 ], [ -82.187932388888896, 27.840806527777776 ], [ -82.188355583333333, 27.848409305555553 ] ] } },
{ "type": "Feature", "properties": { "style": "solid", "thickness": 1 }, "geometry": { "type": "LineString", "coordinates": [ [ -82.215486722222224, 27.833001944444444 ], [ -82.215506805555563, 27.83336111111111 ], [ -82.21539555555556, 27.83378611111111 ], [ -82.215156305555553, 27.834336777777775 ], [ -82.214907027777784, 27.834707861111109 ], [ -82.214516361111109, 27.834965166666667 ], [ -82.213984333333343, 27.835108694444443 ], [ -82.212974194444442, 27.835153305555554 ], [ -82.21222675, 27.835066305555554 ], [ -82.21188, 27.83490158333333 ], [ -82.211385194444446, 27.83450333333333 ], [ -82.211233805555565, 27.834209972222222 ], [ -82.211072361111107, 27.833737 ], [ -82.211018861111114, 27.832779194444445 ], [ -82.21113347222223, 27.832414055555557 ], [ -82.211669277777787, 27.831130166666668 ], [ -82.212430527777784, 27.830256388888888 ], [ -82.21364638888889, 27.829062472222223 ], [ -82.2151115, 27.827497444444443 ], [ -82.210869277777775, 27.827684805555556 ] ] } },
{ "type": "Feature", "properties": { "style": "solid", "thickness": 1 }, "geometry": { "type": "LineString", "coordinates": [ [ -82.208398305555562, 27.835415333333334 ], [ -82.203212972222218, 27.835644083333332 ], [ -82.206425, 27.827880972222221 ] ] } },
{ "type": "Feature", "properties": { "style": "solid", "thickness": 1 }, "geometry": { "type": "LineString", "coordinates": [ [ -81.772018166666669, 27.993748972222225 ], [ -81.772306611111105, 27.994097166666666 ], [ -81.77293233333333, 27.994431583333334 ], [ -81.773343277777784, 27.99453477777778 ], [ -81.774499277777778, 27.9946675 ], [ -81.774904, 27.994650972222225 ], [ -81.775707222222223, 27.994498111111113 ], [ -81.776372416666661, 27.994290888888891 ], [ -81.776504194444442, 27.9942255 ], [ -81.776960833333334, 27.993906805555557 ], [ -81.777414333333326, 27.99352825 ], [ -81.778170888888894, 27.99247727777778 ], [ -81.778458361111106, 27.991505527777779 ], [ -81.778389944444442, 27.990188305555556 ], [ -81.778217722222223, 27.989475361111111 ], [ -81.777919944444449, 27.988947555555555 ], [ -81.777490361111106, 27.98848511111111 ], [ -81.777131361111117, 27.988079805555557 ], [ -81.776563777777781, 27.987563027777778 ], [ -81.776011777777782, 27.987345611111113 ], [ -81.77545975, 27.987128194444445 ], [ -81.774981388888889, 27.987027777777779 ], [ -81.773767333333339, 27.987077444444445 ], [ -81.773099083333335, 27.98722475 ], [ -81.772571916666664, 27.987486305555556 ], [ -81.771980416666665, 27.9878105 ], [ -81.77159125, 27.988126416666667 ], [ -81.770954055555549, 27.988872472222223 ], [ -81.770577305555548, 27.98942786111111 ], [ -81.77046102777777, 27.989792611111113 ], [ -81.770510722222227, 27.990750583333334 ], [ -81.773343638888889, 27.990634777777778 ] ] } },
{ "type": "Feature", "properties": { "style": "solid", "thickness": 1 }, "geometry": { "type": "LineString", "coordinates": [ [ -81.767562111111104, 27.987331083333334 ], [ -81.767956361111104, 27.994934972222222 ] ] } },
{ "type": "Feature", "properties": { "style": "solid", "thickness": 1 }, "geometry": { "type": "LineString", "coordinates": [ [ -81.76444880555556, 27.995078222222222 ], [ -81.76405480555556, 27.987474305555555 ], [ -81.760749833333335, 27.987609222222222 ] ] } },
{ "type": "Feature", "properties": { "style": "solid", "thickness": 1 }, "geometry": { "type": "LineString", "coordinates": [ [ -81.757984444444446, 27.987722027777778 ], [ -81.758378027777781, 27.995325944444446 ], [ -81.755410083333331, 27.995446944444446 ], [ -81.75459444444445, 27.995360194444444 ], [ -81.754247888888884, 27.995194305555557 ], [ -81.753686583333334, 27.994797194444445 ], [ -81.752843083333332, 27.994171555555557 ], [ -81.752263222222226, 27.993415194444445 ], [ -81.752097361111112, 27.992821944444444 ], [ -81.75199522222222, 27.990846138888891 ], [ -81.75210225, 27.990301777777781 ], [ -81.752469805555549, 27.989566805555558 ], [ -81.752920277777775, 27.989128472222223 ], [ -81.753364555555549, 27.988570361111112 ], [ -81.75401736111111, 27.98812375 ], [ -81.754817472222229, 27.98791113888889 ], [ -81.7552865, 27.987832027777777 ], [ -81.757984444444446, 27.987722027777778 ] ] } },
{ "type": "Feature", "properties": { "style": "solid", "thickness": 1 }, "geometry": { "type": "LineString", "coordinates": [ [ -81.7453595, 27.99585625 ], [ -81.749474166666673, 27.995688777777779 ], [ -81.749081222222216, 27.988084833333335 ], [ -81.744899388888896, 27.988255055555555 ] ] } },
{ "type": "Feature", "properties": { "style": "solid", "thickness": 1 }, "geometry": { "type": "LineString", "coordinates": [ [ -81.749276138888888, 27.991856861111113 ], [ -81.7452965, 27.992018861111113 ] ] } },
{ "type": "Feature", "properties": { "style": "solid", "thickness": 1 }, "geometry": { "type": "LineString", "coordinates": [ [ -81.767497055555552, 27.980782666666666 ], [ -81.767515666666668, 27.981141916666665 ], [ -81.7674025, 27.981566527777776 ], [ -81.767160666666669, 27.982116416666663 ], [ -81.7669095, 27.982486666666667 ], [ -81.76651725, 27.982742694444443 ], [ -81.765983888888883, 27.982884472222221 ], [ -81.764972222222227, 27.982925805555553 ], [ -81.764224111111105, 27.982836333333331 ], [ -81.76387758333334, 27.9826705 ], [ -81.76338375, 27.982270638888888 ], [ -81.763233333333332, 27.981976777777778 ], [ -81.763073638888883, 27.981503305555552 ], [ -81.763024027777774, 27.980545333333332 ], [ -81.763140305555552, 27.980180583333333 ], [ -81.763682166666669, 27.97889847222222 ], [ -81.764448055555562, 27.978027194444444 ], [ -81.7656705, 27.976837277777776 ], [ -81.767144055555548, 27.975277083333332 ], [ -81.76289530555556, 27.975450611111111 ] ] } },
{ "type": "Feature", "properties": { "style": "solid", "thickness": 1 }, "geometry": { "type": "LineString", "coordinates": [ [ -81.760389, 27.983172861111111 ], [ -81.755195694444438, 27.983384666666666 ], [ -81.758444194444451, 27.97563225 ] ] } },
{ "type": "Feature", "properties": { "style": "solid", "thickness": 1 }, "geometry": { "type": "LineString", "coordinates": [ [ -81.853991888888885, 28.14821236111111 ], [ -81.853654138888885, 28.141806277777778 ], [ -81.85370275, 28.141444277777776 ], [ -81.854021527777775, 28.141071055555557 ], [ -81.854411, 28.140754916666666 ], [ -81.854674833333334, 28.140624 ], [ -81.855076944444434, 28.140547333333334 ], [ -81.855752361111101, 28.14051936111111 ], [ -81.85616075, 28.140562416666665 ], [ -81.856790749999988, 28.140956333333332 ], [ -81.856935305555552, 28.141130333333333 ] ] } },
{ "type": "Feature", "properties": { "style": "solid", "thickness": 1 }, "geometry": { "type": "LineString", "coordinates": [ [ -81.846426666666659, 28.1485255 ], [ -81.8476425, 28.148475194444444 ], [ -81.848247277777773, 28.148390166666665 ], [ -81.849434722222213, 28.147801027777778 ], [ -81.850529388888887, 28.146735722222221 ], [ -81.850893638888877, 28.145940638888888 ], [ -81.851045805555543, 28.144974333333334 ], [ -81.851004777777774, 28.144196027777777 ], [ -81.850831833333331, 28.143483166666666 ], [ -81.850453111111108, 28.142718833333333 ], [ -81.849659694444441, 28.141791694444443 ], [ -81.84937375, 28.141503527777779 ], [ -81.848814499999989, 28.141166666666667 ], [ -81.8476473611111, 28.140854944444445 ], [ -81.846228972222221, 28.14091363888889 ], [ -81.845559861111113, 28.141061305555557 ], [ -81.844897055555549, 28.141328722222223 ], [ -81.84450125, 28.141525111111111 ], [ -81.843851027777774, 28.142032 ], [ -81.843280944444444, 28.142775555555556 ], [ -81.843103527777771, 28.143262888888888 ], [ -81.842948138888886, 28.144169333333334 ], [ -81.84302375, 28.145606194444444 ], [ -81.843707277777767, 28.147017944444443 ], [ -81.84413775, 28.147480138888888 ], [ -81.844632638888882, 28.147879694444445 ], [ -81.845121222222218, 28.148159472222222 ], [ -81.845259472222224, 28.148213777777777 ], [ -81.846426666666659, 28.1485255 ] ] } },
{ "type": "Feature", "properties": { "style": "solid", "thickness": 1 }, "geometry": { "type": "LineString", "coordinates": [ [ -81.840415, 28.148774027777776 ], [ -81.836773083333327, 28.14130447222222 ], [ -81.834065583333327, 28.14903625 ] ] } },
{ "type": "Feature", "properties": { "style": "solid", "thickness": 1 }, "geometry": { "type": "LineString", "coordinates": [ [ -81.830829333333327, 28.141549805555556 ], [ -81.828932, 28.149248055555557 ], [ -81.825696083333327, 28.1417615 ], [ -81.823730833333329, 28.149462444444445 ], [ -81.820833, 28.14196186111111 ] ] } },
{ "type": "Feature", "properties": { "style": "solid", "thickness": 1 }, "geometry": { "type": "LineString", "coordinates": [ [ -81.818394555555557, 28.149682194444445 ], [ -81.81807775, 28.143635277777776 ], [ -81.81799452777777, 28.143338722222222 ], [ -81.817490333333325, 28.14275947222222 ], [ -81.817133805555557, 28.142414138888888 ], [ -81.816580916666666, 28.14219688888889 ], [ -81.815834805555554, 28.142167611111109 ], [ -81.814754111111114, 28.142212055555554 ], [ -81.814149361111106, 28.142296944444443 ], [ -81.8133545, 28.142629638888888 ], [ -81.812903638888884, 28.143068166666666 ], [ -81.812652277777772, 28.1434385 ], [ -81.812545388888893, 28.143982888888889 ], [ -81.812855611111104, 28.149910055555555 ] ] } },
{ "type": "Feature", "properties": { "style": "solid", "thickness": 1 }, "geometry": { "type": "LineString", "coordinates": [ [ -81.840778222222212, 28.134521444444445 ], [ -81.840797138888888, 28.134880638888887 ], [ -81.840684083333329, 28.135305333333331 ], [ -81.840442277777768, 28.135855333333332 ], [ -81.840191, 28.136225694444445 ], [ -81.839798361111107, 28.136481916666668 ], [ -81.839264361111105, 28.136624 ], [ -81.83825125, 28.136665861111112 ], [ -81.837502027777774, 28.136576805555556 ], [ -81.83715488888889, 28.136411138888889 ], [ -81.836660083333328, 28.136011583333332 ], [ -81.836509277777779, 28.135717805555554 ], [ -81.836349027777771, 28.135244416666666 ], [ -81.836298694444437, 28.1342865 ], [ -81.836414888888882, 28.133921694444442 ], [ -81.836956638888879, 28.132639333333334 ], [ -81.83772302777777, 28.131767666666669 ], [ -81.838946416666658, 28.130577111111112 ], [ -81.840421027777779, 28.129016166666666 ], [ -81.836166333333324, 28.129191944444443 ] ] } },
{ "type": "Feature", "properties": { "style": "solid", "thickness": 1 }, "geometry": { "type": "LineString", "coordinates": [ [ -81.833661722222217, 28.136915361111111 ], [ -81.828461166666656, 28.137129944444442 ], [ -81.831709027777777, 28.129375972222224 ] ] } },
{ "type": "Feature", "properties": { "style": "solid", "thickness": 1 }, "geometry": { "type": "LineString", "coordinates": [ [ -82.521223194444445, 27.986027333333336 ], [ -82.521223194444445, 27.987861555555558 ] ] } },
{ "type": "Feature", "properties": { "style": "solid", "thickness": 1 }, "geometry": { "type": "LineString", "coordinates": [ [ -82.520706611111109, 27.985843888888891 ], [ -82.520706638888882, 27.988045 ] ] } },
{ "type": "Feature", "properties": { "style": "solid", "thickness": 1 }, "geometry": { "type": "LineString", "coordinates": [ [ -82.52019005555556, 27.985843888888891 ], [ -82.52019005555556, 27.988045 ] ] } },
{ "type": "Feature", "properties": { "style": "solid", "thickness": 1 }, "geometry": { "type": "LineString", "coordinates": [ [ -82.519673472222223, 27.986027333333336 ], [ -82.519673472222223, 27.987861555555558 ] ] } },
{ "type": "Feature", "properties": { "style": "solid", "thickness": 1 }, "geometry": { "type": "LineString", "coordinates": [ [ -82.519156888888887, 27.986944444444447 ], [ -82.519164916666668, 27.987074472222222 ], [ -82.51919075, 27.98721038888889 ], [ -82.519236861111111, 27.987349666666667 ], [ -82.519305138888882, 27.987488916666667 ], [ -82.519396611111105, 27.987624222222223 ], [ -82.519511083333327, 27.987751194444446 ], [ -82.519646944444446, 27.987865333333335 ], [ -82.519801222222227, 27.987962638888892 ], [ -82.519969666666668, 27.988039833333335 ], [ -82.520147166666661, 27.988094833333335 ], [ -82.52032825, 27.988126916666669 ], [ -82.520507638888887, 27.988136694444446 ], [ -82.520680666666664, 27.988125861111111 ], [ -82.520843583333331, 27.98809702777778 ], [ -82.52099375, 27.988053222222224 ], [ -82.521129583333334, 27.987997583333335 ], [ -82.521253638888894, 27.987931305555556 ], [ -82.52137477777778, 27.98784913888889 ], [ -82.52149030555556, 27.987749833333336 ], [ -82.521596222222215, 27.987633305555555 ], [ -82.521688111111104, 27.987500416666666 ], [ -82.521761722222223, 27.987353111111112 ], [ -82.521813222222221, 27.9871945 ], [ -82.52183975, 27.987028611111111 ], [ -82.521839722222225, 27.98686025 ], [ -82.521813222222221, 27.986694388888889 ], [ -82.521761722222223, 27.986535777777778 ], [ -82.521688111111104, 27.986388472222224 ], [ -82.521596194444442, 27.986255555555555 ], [ -82.52149030555556, 27.986139027777778 ], [ -82.52137475, 27.98603975 ], [ -82.521253611111106, 27.985957555555558 ], [ -82.521129583333334, 27.985891305555558 ], [ -82.52099375, 27.985835666666667 ], [ -82.520843583333331, 27.985791861111114 ], [ -82.520680666666664, 27.985763027777779 ], [ -82.520507638888887, 27.985752194444444 ], [ -82.52032825, 27.985761972222225 ], [ -82.520147166666661, 27.985794055555555 ], [ -82.519969666666668, 27.985849055555555 ], [ -82.519801222222227, 27.98592625 ], [ -82.519646944444446, 27.986023527777778 ], [ -82.519511083333327, 27.986137694444444 ], [ -82.519396611111105, 27.98626463888889 ], [ -82.519305138888882, 27.986399944444447 ], [ -82.519236861111111, 27.986539222222223 ], [ -82.51919075, 27.986678472222223 ], [ -82.519164916666668, 27.986814388888888 ], [ -82.519156888888887, 27.986944444444447 ] ] } },
{ "type": "Feature", "properties": { "style": "solid", "thickness": 1 }, "geometry": { "type": "LineString", "coordinates": [ [ -82.298435138888891, 27.983648694444444 ], [ -82.295157611111108, 27.991416833333336 ], [ -82.291219916666662, 27.983971222222223 ] ] } },
{ "type": "Feature", "properties": { "style": "solid", "thickness": 1 }, "geometry": { "type": "LineString", "coordinates": [ [ -82.29736063888889, 27.986157277777778 ], [ -82.292505416666671, 27.986374305555557 ] ] } },
{ "type": "Feature", "properties": { "style": "solid", "thickness": 1 }, "geometry": { "type": "LineString", "coordinates": [ [ -82.286173833333336, 27.987977305555557 ], [ -82.28292575, 27.9843415 ] ] } },
{ "type": "Feature", "properties": { "style": "solid", "thickness": 1 }, "geometry": { "type": "LineString", "coordinates": [ [ -82.288387777777771, 27.984097694444447 ], [ -82.288818555555551, 27.991700027777778 ], [ -82.285446722222218, 27.991850555555555 ], [ -82.285170194444447, 27.991742861111113 ], [ -82.284549694444436, 27.9915305 ], [ -82.283908861111115, 27.990958972222224 ], [ -82.283605222222221, 27.990372416666666 ], [ -82.283564555555557, 27.989654083333335 ], [ -82.283800388888892, 27.989043416666668 ], [ -82.284373416666668, 27.98841775 ], [ -82.284966777777782, 27.988151222222225 ], [ -82.285229722222226, 27.988019444444447 ], [ -82.288601472222226, 27.987868944444447 ] ] } },
{ "type": "Feature", "properties": { "style": "solid", "thickness": 1 }, "geometry": { "type": "LineString", "coordinates": [ [ -82.276770722222224, 27.991457305555556 ], [ -82.277411527777772, 27.992028861111113 ], [ -82.277549777777779, 27.992082722222221 ], [ -82.27843325, 27.99216336111111 ], [ -82.279168277777771, 27.992010583333336 ], [ -82.279559361111112, 27.991753083333336 ], [ -82.27994702777778, 27.99143575 ], [ -82.280253722222227, 27.990881972222223 ], [ -82.280175833333331, 27.989505166666667 ], [ -82.279740722222215, 27.988984444444444 ], [ -82.279457416666659, 27.98875702777778 ], [ -82.27842558333333, 27.988442972222224 ], [ -82.27726225, 27.98819475 ], [ -82.276432722222225, 27.98787163888889 ], [ -82.276142666666672, 27.9875245 ], [ -82.275960416666663, 27.986692472222224 ], [ -82.276051277777782, 27.98590825 ], [ -82.276361361111114, 27.985414333333335 ], [ -82.276684972222228, 27.985159861111111 ], [ -82.276944555555559, 27.984968277777778 ], [ -82.277271555555558, 27.984773666666669 ], [ -82.278003166666664, 27.984561 ], [ -82.278407777777772, 27.984542972222222 ], [ -82.278819138888892, 27.984644666666668 ], [ -82.279372138888888, 27.984860055555558 ], [ -82.279722861111111, 27.985084472222223 ], [ -82.280222, 27.985542305555555 ] ] } },
{ "type": "Feature", "properties": { "style": "solid", "thickness": 1 }, "geometry": { "type": "LineString", "coordinates": [ [ -82.273439472222222, 27.992325861111112 ], [ -82.273013138888885, 27.984783361111113 ] ] } },
{ "type": "Feature", "properties": { "style": "solid", "thickness": 1 }, "geometry": { "type": "LineString", "coordinates": [ [ -82.26770725, 27.992581055555558 ], [ -82.267281305555557, 27.985038527777778 ] ] } },
{ "type": "Feature", "properties": { "style": "solid", "thickness": 1 }, "geometry": { "type": "LineString", "coordinates": [ [ -82.273239833333335, 27.988794055555555 ], [ -82.267507805555553, 27.98904925 ] ] } },
{ "type": "Feature", "properties": { "style": "solid", "thickness": 1 }, "geometry": { "type": "LineString", "coordinates": [ [ -82.264945666666662, 27.992763916666668 ], [ -82.26222380555555, 27.9852635 ], [ -82.25982036111111, 27.992991805555558 ], [ -82.25703138888889, 27.98549425 ], [ -82.254964777777772, 27.9932075 ] ] } },
{ "type": "Feature", "properties": { "style": "solid", "thickness": 1 }, "geometry": { "type": "LineString", "coordinates": [ [ -82.282470527777775, 27.977853027777776 ], [ -82.282490861111114, 27.978212194444442 ], [ -82.282379722222217, 27.97863725 ], [ -82.2821405, 27.979188027777777 ], [ -82.281891111111108, 27.979559222222221 ], [ -82.281500083333327, 27.979816722222221 ], [ -82.28096741666667, 27.9799605 ], [ -82.279955972222226, 27.98000561111111 ], [ -82.279207472222225, 27.979918944444442 ], [ -82.278860166666661, 27.979754388888889 ], [ -82.278364444444449, 27.979356416666665 ], [ -82.278212666666661, 27.97906311111111 ], [ -82.278050722222218, 27.97859025 ], [ -82.277996527777773, 27.977632472222222 ], [ -82.278111083333329, 27.977267277777777 ], [ -82.278646833333326, 27.975983138888886 ], [ -82.279408527777775, 27.975109027777776 ], [ -82.28062530555556, 27.973914527777776 ], [ -82.282091388888887, 27.972348833333331 ], [ -82.277843611111109, 27.97253825 ] ] } },
{ "type": "Feature", "properties": { "style": "solid", "thickness": 1 }, "geometry": { "type": "LineString", "coordinates": [ [ -82.275374111111105, 27.980269861111111 ], [ -82.270181972222218, 27.98050111111111 ], [ -82.27339352777777, 27.972736555555553 ] ] } },
{ "type": "Feature", "properties": { "style": "solid", "thickness": 1 }, "geometry": { "type": "LineString", "coordinates": [ [ -82.233107083333337, 28.089445444444443 ], [ -82.23481816666667, 28.09048925 ], [ -82.23685125, 28.090865277777777 ], [ -82.238890194444451, 28.090515055555553 ], [ -82.240617916666665, 28.089493055555554 ], [ -82.241765833333332, 28.087958166666667 ], [ -82.24215544444445, 28.086149083333332 ], [ -82.241726222222226, 28.084347055555554 ], [ -82.240544916666664, 28.082832277777779 ], [ -82.23879525, 28.081840222222223 ], [ -82.23674922222223, 28.081525111111112 ], [ -82.234724888888891, 28.081935972222222 ], [ -82.233037, 28.083008916666667 ], [ -82.23194791666667, 28.084577111111109 ], [ -82.231627027777776, 28.086396777777775 ], [ -82.23212425, 28.088185 ], [ -82.233107083333337, 28.089445444444443 ] ] } },
{ "type": "Feature", "properties": { "style": "solid", "thickness": 1 }, "geometry": { "type": "LineString", "coordinates": [ [ -82.224701611111115, 28.086732972222222 ], [ -82.227864527777783, 28.086108194444442 ], [ -82.23074758333334, 28.084796305555553 ], [ -82.233164472222228, 28.082882111111111 ], [ -82.234959083333337, 28.080489333333333 ], [ -82.236015444444448, 28.077772527777778 ], [ -82.236281083333338, 28.075385972222222 ] ] } },
{ "type": "Feature", "properties": { "style": "solid", "thickness": 1 }, "geometry": { "type": "LineString", "coordinates": [ [ -82.236281083333338, 28.075385972222222 ], [ -82.236985805555562, 28.078191 ], [ -82.238465138888884, 28.080747805555557 ], [ -82.240623555555558, 28.082891222222223 ], [ -82.243321638888887, 28.084482722222219 ], [ -82.24638505555555, 28.085419444444444 ], [ -82.249076027777775, 28.085654805555553 ] ] } },
{ "type": "Feature", "properties": { "style": "solid", "thickness": 1 }, "geometry": { "type": "LineString", "coordinates": [ [ -82.237496805555551, 28.097002861111111 ], [ -82.237883361111116, 28.094149583333333 ], [ -82.239068583333335, 28.091474888888889 ], [ -82.24097586111111, 28.089151555555553 ], [ -82.243481916666667, 28.087329694444442 ], [ -82.246424888888896, 28.086126916666664 ], [ -82.249076027777775, 28.085654805555553 ] ] } },
{ "type": "Feature", "properties": { "style": "solid", "thickness": 1 }, "geometry": { "type": "LineString", "coordinates": [ [ -82.237496805555551, 28.097002861111111 ], [ -82.236791944444448, 28.094197861111109 ], [ -82.235312472222219, 28.091641027777776 ], [ -82.233153972222226, 28.089497555555553 ], [ -82.230455916666671, 28.087905861111111 ], [ -82.227392583333341, 28.086968777777777 ], [ -82.224701611111115, 28.086732972222222 ] ] } },
{ "type": "Feature", "properties": { "style": "solid", "thickness": 1 }, "geometry": { "type": "LineString", "coordinates": [ [ -82.232449916666667, 27.991680305555555 ], [ -82.234094916666663, 27.992802888888889 ], [ -82.236100916666672, 27.993273722222224 ], [ -82.238156027777777, 27.993019583333336 ], [ -82.239940666666669, 27.99208 ], [ -82.241177361111113, 27.990601055555558 ], [ -82.24167380555555, 27.98881275 ], [ -82.241352888888883, 27.986993083333335 ], [ -82.240264527777782, 27.985425 ], [ -82.238577944444444, 27.984352277777777 ], [ -82.236555361111115, 27.983941694444447 ], [ -82.234511222222224, 27.984257083333333 ], [ -82.232763305555551, 27.985249416666669 ], [ -82.231583361111106, 27.98676438888889 ], [ -82.231154861111108, 27.9885665 ], [ -82.231544444444452, 27.990375583333336 ], [ -82.232449916666667, 27.991680305555555 ] ] } },
{ "type": "Feature", "properties": { "style": "solid", "thickness": 1 }, "geometry": { "type": "LineString", "coordinates": [ [ -82.224240388888887, 27.989149611111113 ], [ -82.227400444444442, 27.988524833333333 ], [ -82.230280888888885, 27.987212916666667 ], [ -82.232695638888885, 27.985298722222222 ], [ -82.234488638888891, 27.982905888888887 ], [ -82.23554405555555, 27.980189027777776 ], [ -82.235809472222229, 27.977802472222219 ] ] } },
{ "type": "Feature", "properties": { "style": "solid", "thickness": 1 }, "geometry": { "type": "LineString", "coordinates": [ [ -82.235809472222229, 27.977802472222219 ], [ -82.236513527777774, 27.980607555555554 ], [ -82.23799152777778, 27.983164416666664 ], [ -82.240148, 27.985307861111114 ], [ -82.242843666666673, 27.98689938888889 ], [ -82.245904305555555, 27.987836138888891 ], [ -82.248592833333333, 27.98807152777778 ] ] } },
{ "type": "Feature", "properties": { "style": "solid", "thickness": 1 }, "geometry": { "type": "LineString", "coordinates": [ [ -82.237023972222218, 27.999419722222225 ], [ -82.237410222222223, 27.99656638888889 ], [ -82.238594388888885, 27.99389163888889 ], [ -82.240499972222224, 27.99156827777778 ], [ -82.243003777777773, 27.989746388888889 ], [ -82.245944111111115, 27.988543611111112 ], [ -82.248592833333333, 27.98807152777778 ] ] } },
{ "type": "Feature", "properties": { "style": "solid", "thickness": 1 }, "geometry": { "type": "LineString", "coordinates": [ [ -82.237023972222218, 27.999419722222225 ], [ -82.23631977777778, 27.996614638888889 ], [ -82.234841638888895, 27.99405777777778 ], [ -82.232685083333337, 27.99191425 ], [ -82.229989472222229, 27.990322527777778 ], [ -82.226928888888892, 27.989385444444444 ], [ -82.224240388888887, 27.989149611111113 ] ] } },
{ "type": "Feature", "properties": { "style": "solid", "thickness": 1 }, "geometry": { "type": "LineString", "coordinates": [ [ -82.231824055555563, 27.893869777777777 ], [ -82.233395166666668, 27.895071416666667 ], [ -82.235366972222224, 27.895640027777777 ], [ -82.237432916666663, 27.895487166666666 ], [ -82.239271722222227, 27.894636638888887 ], [ -82.24059747222222, 27.893220666666664 ], [ -82.241204055555556, 27.891459416666667 ], [ -82.240997166666673, 27.88962675 ], [ -82.240009055555561, 27.88800761111111 ], [ -82.238393305555562, 27.88685375 ], [ -82.23640119444444, 27.8863445 ], [ -82.234342388888891, 27.886559055555555 ], [ -82.232536944444448, 27.887464083333334 ], [ -82.231265583333339, 27.888918861111112 ], [ -82.230725972222217, 27.890697194444446 ], [ -82.231002027777777, 27.892522638888888 ], [ -82.231824055555563, 27.893869777777777 ] ] } },
{ "type": "Feature", "properties": { "style": "solid", "thickness": 1 }, "geometry": { "type": "LineString", "coordinates": [ [ -82.223806888888888, 27.891538472222223 ], [ -82.226964111111116, 27.890913694444443 ], [ -82.229842, 27.889601777777777 ], [ -82.232254583333329, 27.887687527777778 ], [ -82.234045944444446, 27.885294666666667 ], [ -82.235100444444441, 27.882577777777779 ], [ -82.235365611111106, 27.88019125 ] ] } },
{ "type": "Feature", "properties": { "style": "solid", "thickness": 1 }, "geometry": { "type": "LineString", "coordinates": [ [ -82.235365611111106, 27.88019125 ], [ -82.236069027777773, 27.882996361111111 ], [ -82.237545694444449, 27.885553277777777 ], [ -82.23970025, 27.88769675 ], [ -82.242393472222219, 27.889288305555556 ], [ -82.245451361111108, 27.890225055555554 ], [ -82.248137416666665, 27.890460444444443 ] ] } },
{ "type": "Feature", "properties": { "style": "solid", "thickness": 1 }, "geometry": { "type": "LineString", "coordinates": [ [ -82.236578944444446, 27.90180875 ], [ -82.236964833333332, 27.89895536111111 ], [ -82.238147972222222, 27.896280583333333 ], [ -82.240051833333339, 27.893957194444443 ], [ -82.242553444444439, 27.892135305555556 ], [ -82.245491138888895, 27.890932527777778 ], [ -82.248137416666665, 27.890460444444443 ] ] } },
{ "type": "Feature", "properties": { "style": "solid", "thickness": 1 }, "geometry": { "type": "LineString", "coordinates": [ [ -82.236578944444446, 27.90180875 ], [ -82.235875388888886, 27.899003638888889 ], [ -82.234398583333331, 27.896446722222223 ], [ -82.232243972222221, 27.894303166666667 ], [ -82.229550777777774, 27.892711416666668 ], [ -82.226492944444445, 27.891774305555554 ], [ -82.223806888888888, 27.891538472222223 ] ] } },
{ "type": "Feature", "properties": { "style": "solid", "thickness": 1 }, "geometry": { "type": "LineString", "coordinates": [ [ -82.119855249999986, 27.992293333333333 ], [ -82.12158925, 27.99330488888889 ], [ -82.123628972222221, 27.993642777777779 ], [ -82.125657305555549, 27.9932545 ], [ -82.127358805555545, 27.992200361111113 ], [ -82.128468944444435, 27.990644333333336 ], [ -82.128815111111109, 27.988828333333334 ], [ -82.128343555555546, 27.987034722222223 ], [ -82.127127583333333, 27.985542333333335 ], [ -82.125356305555556, 27.984583222222223 ], [ -82.123305083333321, 27.9843065 ], [ -82.121292777777768, 27.98475513888889 ], [ -82.11963225, 27.985859416666667 ], [ -82.118581666666657, 27.987447666666668 ], [ -82.118304388888888, 27.989272972222224 ], [ -82.118843555555543, 27.991051527777778 ], [ -82.119855249999986, 27.992293333333333 ] ] } },
{ "type": "Feature", "properties": { "style": "solid", "thickness": 1 }, "geometry": { "type": "LineString", "coordinates": [ [ -82.111378666666667, 27.98950075 ], [ -82.114539388888886, 27.988878527777779 ], [ -82.11742122222222, 27.987569 ], [ -82.119837944444441, 27.98565677777778 ], [ -82.121633444444441, 27.983265444444442 ], [ -82.122691722222214, 27.980549472222222 ], [ -82.122959611111099, 27.978163111111108 ] ] } },
{ "type": "Feature", "properties": { "style": "solid", "thickness": 1 }, "geometry": { "type": "LineString", "coordinates": [ [ -82.122959611111099, 27.978163111111108 ], [ -82.12366075, 27.98096875 ], [ -82.125136083333331, 27.983526805555556 ], [ -82.12729033333332, 27.985672027777778 ], [ -82.129984333333326, 27.987265777777779 ], [ -82.133044, 27.988205027777777 ], [ -82.135732333333337, 27.988442638888891 ] ] } },
{ "type": "Feature", "properties": { "style": "solid", "thickness": 1 }, "geometry": { "type": "LineString", "coordinates": [ [ -82.124151611111103, 27.999781305555558 ], [ -82.124540805555554, 27.996928305555556 ], [ -82.125727777777769, 27.994254555555557 ], [ -82.12763575, 27.99193275 ], [ -82.130141472222221, 27.990112916666668 ], [ -82.133083055555545, 27.988912555555558 ], [ -82.135732333333337, 27.988442638888891 ] ] } },
{ "type": "Feature", "properties": { "style": "solid", "thickness": 1 }, "geometry": { "type": "LineString", "coordinates": [ [ -82.124151611111103, 27.999781305555558 ], [ -82.123450333333324, 27.996975694444444 ], [ -82.121974861111099, 27.99441761111111 ], [ -82.119820555555549, 27.992272305555556 ], [ -82.117126583333331, 27.990678388888888 ], [ -82.114066972222219, 27.98973875 ], [ -82.111378666666667, 27.98950075 ] ] } },
{ "type": "Feature", "properties": { "style": "solid", "thickness": 1 }, "geometry": { "type": "LineString", "coordinates": [ [ -82.295217916666658, 28.080613833333334 ], [ -82.29550827777777, 28.080960944444445 ], [ -82.29613611111111, 28.081292972222222 ], [ -82.296547861111108, 28.081394611111111 ], [ -82.297705416666659, 28.081522916666668 ], [ -82.298110388888887, 28.081504833333334 ], [ -82.2989135, 28.081348916666666 ], [ -82.299578222222223, 28.081139194444443 ], [ -82.299709805555551, 28.081073277777776 ], [ -82.30016525, 28.080752861111112 ], [ -82.300617277777775, 28.080372611111112 ], [ -82.301369333333326, 28.079318777777779 ], [ -82.30165236111111, 28.078345944444443 ], [ -82.301577527777781, 28.077029027777776 ], [ -82.301401722222224, 28.07631675 ], [ -82.301101138888882, 28.075790083333334 ], [ -82.300669, 28.075329305555556 ], [ -82.30030775, 28.074925361111109 ], [ -82.29973722222222, 28.07441075 ], [ -82.299183722222224, 28.074195444444445 ], [ -82.298630222222215, 28.073980138888889 ], [ -82.298151, 28.073881527777779 ], [ -82.296936222222214, 28.073935805555557 ], [ -82.296268138888891, 28.074085666666665 ], [ -82.295741833333338, 28.074349222222221 ], [ -82.29515141666667, 28.074675666666668 ], [ -82.294763472222215, 28.074993055555556 ], [ -82.294129361111104, 28.0757415 ], [ -82.293755, 28.076298333333334 ], [ -82.293640416666662, 28.076663527777779 ], [ -82.293694777777773, 28.077621277777776 ], [ -82.296529361111112, 28.077494666666666 ] ] } },
{ "type": "Feature", "properties": { "style": "solid", "thickness": 1 }, "geometry": { "type": "LineString", "coordinates": [ [ -82.291158611111115, 28.081815277777778 ], [ -82.290815611111114, 28.075769416666667 ], [ -82.290731138888887, 28.075473138888889 ], [ -82.29022475, 28.07489561111111 ], [ -82.289866944444441, 28.074551527777778 ], [ -82.289313444444446, 28.074336166666665 ], [ -82.288567666666665, 28.074309444444445 ], [ -82.287487861111103, 28.074357611111111 ], [ -82.286883861111107, 28.074444555555555 ], [ -82.286090972222226, 28.07477997222222 ], [ -82.285642305555555, 28.075220055555555 ], [ -82.28539269444444, 28.075591277777779 ], [ -82.28528825, 28.076136027777778 ], [ -82.285624194444438, 28.082062166666667 ] ] } },
{ "type": "Feature", "properties": { "style": "solid", "thickness": 1 }, "geometry": { "type": "LineString", "coordinates": [ [ -82.28278947222222, 28.082188555555554 ], [ -82.282446916666672, 28.076142666666666 ], [ -82.282362472222218, 28.075846388888888 ], [ -82.281856111111111, 28.075268833333332 ], [ -82.281498333333332, 28.074924722222221 ], [ -82.280944861111109, 28.074709333333335 ], [ -82.280199083333329, 28.074682555555555 ], [ -82.279119277777781, 28.074730666666667 ], [ -82.27851525, 28.074817583333331 ], [ -82.27772233333333, 28.075152944444444 ], [ -82.277273638888886, 28.075593 ], [ -82.277024, 28.075964194444445 ], [ -82.276919527777778, 28.076508944444445 ], [ -82.277254972222224, 28.08243511111111 ] ] } },
{ "type": "Feature", "properties": { "style": "solid", "thickness": 1 }, "geometry": { "type": "LineString", "coordinates": [ [ -82.273990083333331, 28.074959055555556 ], [ -82.27442025, 28.082561305555554 ], [ -82.266363805555557, 28.075298277777776 ], [ -82.266793416666673, 28.082900555555554 ] ] } },
{ "type": "Feature", "properties": { "style": "solid", "thickness": 1 }, "geometry": { "type": "LineString", "coordinates": [ [ -82.26138, 28.079300416666666 ], [ -82.258130027777781, 28.075664055555556 ] ] } },
{ "type": "Feature", "properties": { "style": "solid", "thickness": 1 }, "geometry": { "type": "LineString", "coordinates": [ [ -82.263596722222218, 28.07542125 ], [ -82.264026138888894, 28.083023555555556 ], [ -82.260651416666661, 28.083173472222221 ], [ -82.260374666666664, 28.083065722222223 ], [ -82.259753694444441, 28.08285325 ], [ -82.259112472222228, 28.08228163888889 ], [ -82.25880869444444, 28.081695 ], [ -82.25876816666667, 28.080976666666665 ], [ -82.25900436111111, 28.080366083333335 ], [ -82.259578, 28.0797405 ], [ -82.260171916666664, 28.079474083333334 ], [ -82.260435111111107, 28.07934238888889 ], [ -82.26380972222222, 28.079192472222221 ] ] } },
{ "type": "Feature", "properties": { "style": "solid", "thickness": 1 }, "geometry": { "type": "LineString", "coordinates": [ [ -82.136450305555556, 28.007185277777779 ], [ -82.132605611111103, 28.007352583333333 ] ] } },
{ "type": "Feature", "properties": { "style": "solid", "thickness": 1 }, "geometry": { "type": "LineString", "coordinates": [ [ -82.132614861111108, 28.011192722222223 ], [ -82.136662055555561, 28.011016583333333 ], [ -82.13624188888889, 28.003413805555557 ] ] } },
{ "type": "Feature", "properties": { "style": "solid", "thickness": 1 }, "geometry": { "type": "LineString", "coordinates": [ [ -82.130051638888887, 28.011304222222222 ], [ -82.129631916666654, 28.003701416666665 ], [ -82.126326916666656, 28.003845083333335 ] ] } },
{ "type": "Feature", "properties": { "style": "solid", "thickness": 1 }, "geometry": { "type": "LineString", "coordinates": [ [ -82.123980805555547, 28.011568083333334 ], [ -82.120819583333329, 28.006964722222222 ], [ -82.118247222222209, 28.011817027777777 ] ] } },
{ "type": "Feature", "properties": { "style": "solid", "thickness": 1 }, "geometry": { "type": "LineString", "coordinates": [ [ -82.120819583333329, 28.006964722222222 ], [ -82.1206645, 28.004151083333333 ] ] } },
{ "type": "Feature", "properties": { "style": "solid", "thickness": 1 }, "geometry": { "type": "LineString", "coordinates": [ [ -82.111366888888881, 28.012115472222224 ], [ -82.115481611111107, 28.011937027777776 ], [ -82.115062888888886, 28.004334194444443 ], [ -82.110881, 28.004515555555557 ] ] } },
{ "type": "Feature", "properties": { "style": "solid", "thickness": 1 }, "geometry": { "type": "LineString", "coordinates": [ [ -82.115270583333327, 28.008105694444446 ], [ -82.111290916666661, 28.008278277777777 ] ] } },
{ "type": "Feature", "properties": { "style": "solid", "thickness": 1 }, "geometry": { "type": "LineString", "coordinates": [ [ -82.108317916666664, 28.00462663888889 ], [ -82.10873616666666, 28.012229472222224 ], [ -82.100696055555545, 28.004956694444445 ], [ -82.101113777777769, 28.012559555555555 ] ] } },
{ "type": "Feature", "properties": { "style": "solid", "thickness": 1 }, "geometry": { "type": "LineString", "coordinates": [ [ -82.302900305555553, 27.894668305555555 ], [ -82.30333175, 27.902270694444443 ], [ -82.30050175, 27.902397416666666 ], [ -82.299895333333325, 27.902424583333332 ], [ -82.29940327777777, 27.902086527777776 ], [ -82.299042611111105, 27.901682583333333 ], [ -82.299029027777777, 27.901443138888887 ], [ -82.298961138888885, 27.900245916666666 ], [ -82.299018333333336, 27.900063305555555 ], [ -82.299193305555548, 27.899575361111111 ], [ -82.299833138888886, 27.898946583333334 ], [ -82.299138972222224, 27.898617583333333 ], [ -82.298791916666659, 27.898453083333333 ], [ -82.298438027777777, 27.89816886111111 ], [ -82.298205361111116, 27.897639166666668 ], [ -82.298117083333338, 27.89608275 ], [ -82.298295472222222, 27.895654694444445 ], [ -82.29874675, 27.895274416666666 ], [ -82.299070027777773, 27.895019888888889 ], [ -82.29939675, 27.89482522222222 ], [ -82.302900305555553, 27.894668305555555 ] ] } },
{ "type": "Feature", "properties": { "style": "solid", "thickness": 1 }, "geometry": { "type": "LineString", "coordinates": [ [ -82.303134722222225, 27.89879875 ], [ -82.299833138888886, 27.898946583333334 ] ] } },
{ "type": "Feature", "properties": { "style": "solid", "thickness": 1 }, "geometry": { "type": "LineString", "coordinates": [ [ -82.29086622222222, 27.9028285 ], [ -82.292079083333334, 27.902774277777777 ], [ -82.292682138888892, 27.902687305555553 ], [ -82.293864472222225, 27.902094305555554 ], [ -82.294952277777782, 27.901025416666666 ], [ -82.295312444444448, 27.900229138888889 ], [ -82.295460277777778, 27.899262333333333 ], [ -82.295416194444442, 27.898484111111109 ], [ -82.295240722222218, 27.897771805555553 ], [ -82.294859722222213, 27.897008694444445 ], [ -82.294064277777778, 27.896084055555555 ], [ -82.29377780555555, 27.895796805555555 ], [ -82.293218444444449, 27.89546175 ], [ -82.292052694444436, 27.895153805555555 ], [ -82.290637777777775, 27.895217055555555 ], [ -82.289970777777782, 27.895366916666667 ], [ -82.289310583333332, 27.895636472222222 ], [ -82.288916472222226, 27.89583411111111 ], [ -82.288269805555558, 27.896343138888888 ], [ -82.287704083333338, 27.897088555555555 ], [ -82.287529055555552, 27.8975765 ], [ -82.28737775, 27.898483444444445 ], [ -82.287459083333331, 27.899920111111111 ], [ -82.288146833333329, 27.901329694444442 ], [ -82.288578222222213, 27.901790527777777 ], [ -82.289073611111107, 27.902188472222221 ], [ -82.28956225, 27.902466694444442 ], [ -82.289700388888889, 27.902520527777778 ], [ -82.29086622222222, 27.9028285 ] ] } },
{ "type": "Feature", "properties": { "style": "solid", "thickness": 1 }, "geometry": { "type": "LineString", "coordinates": [ [ -82.284439083333325, 27.895494027777776 ], [ -82.28257825, 27.90319875 ], [ -82.279318416666669, 27.895722638888888 ], [ -82.277389833333331, 27.903430277777776 ], [ -82.274467222222228, 27.895939027777779 ] ] } },
{ "type": "Feature", "properties": { "style": "solid", "thickness": 1 }, "geometry": { "type": "LineString", "coordinates": [ [ -82.269424583333333, 27.899944555555557 ], [ -82.266179722222219, 27.896308305555554 ] ] } },
{ "type": "Feature", "properties": { "style": "solid", "thickness": 1 }, "geometry": { "type": "LineString", "coordinates": [ [ -82.271637333333331, 27.896065166666666 ], [ -82.272066611111114, 27.903667638888887 ], [ -82.2686975, 27.90381775 ], [ -82.268421194444443, 27.903710027777777 ], [ -82.26780125, 27.903497583333333 ], [ -82.267161027777775, 27.902925972222221 ], [ -82.266857722222227, 27.90233936111111 ], [ -82.266817194444442, 27.901621027777775 ], [ -82.267052944444444, 27.901010388888889 ], [ -82.267625583333327, 27.900384777777777 ], [ -82.2682185, 27.900118305555555 ], [ -82.268481277777781, 27.899986583333334 ], [ -82.271850277777773, 27.899836472222223 ] ] } },
{ "type": "Feature", "properties": { "style": "solid", "thickness": 1 }, "geometry": { "type": "LineString", "coordinates": [ [ -82.261204166666673, 27.900310527777776 ], [ -82.257959555555558, 27.896674083333334 ] ] } },
{ "type": "Feature", "properties": { "style": "solid", "thickness": 1 }, "geometry": { "type": "LineString", "coordinates": [ [ -82.263417222222216, 27.896431277777776 ], [ -82.263845916666668, 27.90403375 ], [ -82.26047675, 27.904183666666665 ], [ -82.260200472222223, 27.904075944444443 ], [ -82.259580527777771, 27.90386347222222 ], [ -82.258940361111115, 27.903291805555554 ], [ -82.258637111111113, 27.902705166666664 ], [ -82.258596638888889, 27.901986833333332 ], [ -82.258832416666664, 27.901376222222222 ], [ -82.259405111111107, 27.900750638888887 ], [ -82.259998055555556, 27.900484222222222 ], [ -82.260260833333334, 27.9003525 ], [ -82.263629861111113, 27.900202583333332 ] ] } },
{ "type": "Feature", "properties": { "style": "solid", "thickness": 1 }, "geometry": { "type": "LineString", "coordinates": [ [ -81.798896166666665, 28.084612166666666 ], [ -81.798125472222225, 28.086322416666665 ], [ -81.798160111111116, 28.088163916666666 ], [ -81.798994777777779, 28.089850388888888 ], [ -81.80049969444444, 28.091119611111111 ], [ -81.802440888888881, 28.09177425 ], [ -81.804516527777778, 28.09171247222222 ], [ -81.80640388888888, 28.090943916666667 ], [ -81.807809472222218, 28.089588111111109 ], [ -81.808514777777773, 28.087855805555556 ], [ -81.808410166666661, 28.08601636111111 ], [ -81.807511944444443, 28.084355805555553 ], [ -81.805959777777773, 28.083132222222222 ], [ -81.803995, 28.082535888888888 ], [ -81.801923055555548, 28.0826595 ], [ -81.800066, 28.083483833333332 ], [ -81.798896166666665, 28.084612166666666 ] ] } },
{ "type": "Feature", "properties": { "style": "solid", "thickness": 1 }, "geometry": { "type": "LineString", "coordinates": [ [ -81.791116111111108, 28.087666805555553 ], [ -81.794281472222224, 28.08705197222222 ], [ -81.79716975, 28.085749222222223 ], [ -81.799594305555559, 28.083842722222222 ], [ -81.8013985, 28.08145563888889 ], [ -81.802465805555556, 28.07874225 ], [ -81.802741055555558, 28.07635636111111 ] ] } },
{ "type": "Feature", "properties": { "style": "solid", "thickness": 1 }, "geometry": { "type": "LineString", "coordinates": [ [ -81.802741055555558, 28.07635636111111 ], [ -81.8034345, 28.079163555555557 ], [ -81.804903583333328, 28.081724972222222 ], [ -81.807053361111102, 28.083875166666665 ], [ -81.80974502777778, 28.085475138888889 ], [ -81.812804611111105, 28.086421555555553 ], [ -81.815494888888892, 28.086665444444442 ] ] } },
{ "type": "Feature", "properties": { "style": "solid", "thickness": 1 }, "geometry": { "type": "LineString", "coordinates": [ [ -81.803870138888882, 28.097976944444444 ], [ -81.804268138888887, 28.095124916666666 ], [ -81.805464055555547, 28.092454027777777 ], [ -81.807380583333327, 28.090136722222223 ], [ -81.809893916666667, 28.08832275 ], [ -81.812841638888884, 28.08712925 ], [ -81.815494888888892, 28.086665444444442 ] ] } },
{ "type": "Feature", "properties": { "style": "solid", "thickness": 1 }, "geometry": { "type": "LineString", "coordinates": [ [ -81.803870138888882, 28.097976944444444 ], [ -81.803176555555552, 28.095169777777777 ], [ -81.801707361111113, 28.092608305555554 ], [ -81.7995575, 28.090458055555555 ], [ -81.796865861111115, 28.088857888888889 ], [ -81.793806361111109, 28.087911111111111 ], [ -81.791116111111108, 28.087666805555553 ] ] } }
]
}
