{
"type": "FeatureCollection",
"name": "tpa364sgp",
"features": [
{ "type": "Feature", "properties": { "style": "solid", "thickness": 1 }, "geometry": { "type": "LineString", "coordinates": [ [ -82.062484222222224, 28.311147555555557 ], [ -82.051536111111105, 28.236263888888889 ], [ -82.03593838888888, 28.133098194444443 ] ] } },
{ "type": "Feature", "properties": { "style": "solid", "thickness": 1 }, "geometry": { "type": "LineString", "coordinates": [ [ -82.13686366666667, 29.619575194444444 ], [ -82.1276415, 29.185143583333332 ] ] } },
{ "type": "Feature", "properties": { "style": "solid", "thickness": 1 }, "geometry": { "type": "LineString", "coordinates": [ [ -82.127077416666665, 29.158367444444444 ], [ -82.117337138888885, 28.692381972222222 ] ] } },
{ "type": "Feature", "properties": { "style": "solid", "thickness": 1 }, "geometry": { "type": "LineString", "coordinates": [ [ -82.115153444444445, 28.665704833333333 ], [ -82.09152372222222, 28.500610055555555 ] ] } },
{ "type": "Feature", "properties": { "style": "solid", "thickness": 1 }, "geometry": { "type": "LineString", "coordinates": [ [ -82.0875695, 28.474052583333332 ], [ -82.066477694444444, 28.337701 ] ] } },
{ "type": "Feature", "properties": { "style": "solid", "thickness": 1 }, "geometry": { "type": "LineString", "coordinates": [ [ -82.045419361111115, 28.236243472222224 ], [ -82.045513194444439, 28.237211166666668 ], [ -82.045800638888892, 28.238148472222225 ], [ -82.04627244444444, 28.23902525 ], [ -82.046913444444442, 28.239813333333334 ], [ -82.047703055555559, 28.240487388888891 ], [ -82.048615888888889, 28.24102575 ], [ -82.049622611111104, 28.241411111111113 ], [ -82.050690861111107, 28.241631055555555 ], [ -82.051786305555552, 28.241678555555556 ], [ -82.052873722222216, 28.241552083333335 ], [ -82.053918138888889, 28.241255694444444 ], [ -82.054886027777769, 28.240798888888889 ], [ -82.055746222222226, 28.24019638888889 ], [ -82.056471111111108, 28.23946752777778 ], [ -82.057037388888887, 28.23863575 ], [ -82.057426861111111, 28.237727833333334 ], [ -82.057627, 28.23677288888889 ], [ -82.057631388888879, 28.235801638888891 ], [ -82.057439888888879, 28.234845305555556 ], [ -82.05705863888889, 28.23393463888889 ], [ -82.05649994444444, 28.233098888888886 ], [ -82.055781722222221, 28.232364916666665 ], [ -82.054927083333325, 28.231756305555553 ], [ -82.053963472222222, 28.231292611111108 ], [ -82.052921888888889, 28.23098875 ], [ -82.05183575, 28.2308545 ], [ -82.050740027777778, 28.230894138888889 ], [ -82.049669916666659, 28.231106416666666 ], [ -82.048659777777772, 28.2314845 ], [ -82.047742083333333, 28.23201625 ], [ -82.046946333333338, 28.232684583333331 ], [ -82.046298111111113, 28.233468 ], [ -82.04581825, 28.234341333333333 ], [ -82.045522166666672, 28.2352765 ], [ -82.045419361111115, 28.236243472222224 ] ] } },
{ "type": "Feature", "properties": { "style": "solid", "thickness": 1 }, "geometry": { "type": "LineString", "coordinates": [ [ -82.04059344444444, 28.107799666666669 ], [ -82.219239277777774, 27.784182416666667 ] ] } },
{ "type": "Feature", "properties": { "style": "solid", "thickness": 1 }, "geometry": { "type": "LineString", "coordinates": [ [ -82.235792194444443, 27.762082361111112 ], [ -82.375315777777772, 27.620406444444445 ] ] } },
{ "type": "Feature", "properties": { "style": "solid", "thickness": 1 }, "geometry": { "type": "LineString", "coordinates": [ [ -82.400253277777779, 27.60992663888889 ], [ -82.646700666666675, 27.60311675 ] ] } },
{ "type": "Feature", "properties": { "style": "solid", "thickness": 1 }, "geometry": { "type": "LineString", "coordinates": [ [ -82.667458916666675, 27.595106638888886 ], [ -82.6959145, 27.56974225 ] ] } },
{ "type": "Feature", "properties": { "style": "solid", "thickness": 1 }, "geometry": { "type": "LineString", "coordinates": [ [ -82.646694444444449, 27.602778777777779 ], [ -82.646891694444449, 27.604713555555556 ], [ -82.647473555555564, 27.60658588888889 ], [ -82.648421416666679, 27.608335527777779 ], [ -82.649704750000012, 27.609906305555558 ], [ -82.651282333333342, 27.611247666666667 ], [ -82.6531035, 27.612316555555559 ], [ -82.655109666666675, 27.61307852777778 ], [ -82.657236361111117, 27.61350913888889 ], [ -82.659415194444449, 27.613594555555558 ], [ -82.661576111111117, 27.613332 ], [ -82.663649666666672, 27.61272991666667 ], [ -82.665569194444444, 27.611807666666667 ], [ -82.667272944444449, 27.610594916666667 ], [ -82.668706222222227, 27.609130638888889 ], [ -82.669822888888888, 27.607461888888892 ], [ -82.670587138888891, 27.605642333333336 ], [ -82.670974361111121, 27.603730472222225 ], [ -82.670972166666672, 27.601787722222223 ], [ -82.67058061111112, 27.599876527777777 ], [ -82.669812361111113, 27.598058361111111 ], [ -82.668692055555567, 27.596391583333332 ], [ -82.66725575000001, 27.594929833333332 ], [ -82.665549583333345, 27.59372 ], [ -82.663628444444456, 27.592801055555555 ], [ -82.661554, 27.592202444444442 ], [ -82.659392944444448, 27.591943444444443 ], [ -82.657214722222221, 27.592032361111109 ], [ -82.655089305555563, 27.592466333333331 ], [ -82.653085, 27.593231444444442 ], [ -82.651266194444446, 27.594303083333333 ], [ -82.649691361111124, 27.595646833333333 ], [ -82.648411111111116, 27.5972195 ], [ -82.64746658333334, 27.598970555555553 ], [ -82.646888138888897, 27.600843694444446 ], [ -82.646694444444449, 27.602778777777779 ] ] } },
{ "type": "Feature", "properties": { "style": "solid", "thickness": 1 }, "geometry": { "type": "LineString", "coordinates": [ [ -82.693255722222233, 27.56510188888889 ], [ -82.701914722222227, 27.572179083333332 ] ] } },
{ "type": "Feature", "properties": { "style": "solid", "thickness": 1 }, "geometry": { "type": "LineString", "coordinates": [ [ -82.701943444444453, 27.562515444444447 ], [ -82.704329222222228, 27.564027083333333 ] ] } },
{ "type": "Feature", "properties": { "style": "solid", "thickness": 1 }, "geometry": { "type": "LineString", "coordinates": [ [ -82.703476361111115, 27.562074222222222 ], [ -82.704268, 27.562923972222222 ] ] } },
{ "type": "Feature", "properties": { "style": "solid", "thickness": 1 }, "geometry": { "type": "LineString", "coordinates": [ [ -82.690995, 27.565536888888889 ], [ -82.704935833333337, 27.561697222222222 ], [ -82.701309333333342, 27.574379194444443 ], [ -82.690995, 27.565536888888889 ] ] } },
{ "type": "Feature", "properties": { "style": "solid", "thickness": 1 }, "geometry": { "type": "LineString", "coordinates": [ [ -82.697418055555559, 27.563774805555557 ], [ -82.703043805555552, 27.568621305555556 ] ] } },
{ "type": "Feature", "properties": { "style": "solid", "thickness": 1 }, "geometry": { "type": "LineString", "coordinates": [ [ -82.698659944444444, 27.563331194444444 ], [ -82.703419222222223, 27.567521833333334 ] ] } },
{ "type": "Feature", "properties": { "style": "solid", "thickness": 1 }, "geometry": { "type": "LineString", "coordinates": [ [ -82.699750805555553, 27.563405166666666 ], [ -82.703649111111119, 27.566421166666668 ] ] } },
{ "type": "Feature", "properties": { "style": "solid", "thickness": 1 }, "geometry": { "type": "LineString", "coordinates": [ [ -82.692598722222229, 27.565290944444445 ], [ -82.701833083333341, 27.573021555555556 ] ] } },
{ "type": "Feature", "properties": { "style": "solid", "thickness": 1 }, "geometry": { "type": "LineString", "coordinates": [ [ -82.694424166666664, 27.564722555555555 ], [ -82.702290194444444, 27.571079611111109 ] ] } },
{ "type": "Feature", "properties": { "style": "solid", "thickness": 1 }, "geometry": { "type": "LineString", "coordinates": [ [ -82.695445722222232, 27.564471694444446 ], [ -82.702369083333338, 27.570496555555554 ] ] } },
{ "type": "Feature", "properties": { "style": "solid", "thickness": 1 }, "geometry": { "type": "LineString", "coordinates": [ [ -82.7008485, 27.56283061111111 ], [ -82.703809611111112, 27.564995611111112 ] ] } },
{ "type": "Feature", "properties": { "style": "solid", "thickness": 1 }, "geometry": { "type": "LineString", "coordinates": [ [ -82.696030611111112, 27.564217166666669 ], [ -82.702818, 27.569332861111111 ] ] } },
{ "type": "Feature", "properties": { "style": "solid", "thickness": 1 }, "geometry": { "type": "LineString", "coordinates": [ [ -82.691433, 27.565410861111111 ], [ -82.70146172222222, 27.57373188888889 ] ] } },
{ "type": "Feature", "properties": { "style": "solid", "thickness": 1 }, "geometry": { "type": "LineString", "coordinates": [ [ -82.382688805555546, 27.597123416666665 ], [ -82.331458555555557, 27.329418777777779 ] ] } },
{ "type": "Feature", "properties": { "style": "solid", "thickness": 1 }, "geometry": { "type": "LineString", "coordinates": [ [ -82.382196361111099, 27.597205944444443 ], [ -82.288043194444441, 27.187308555555557 ] ] } },
{ "type": "Feature", "properties": { "style": "solid", "thickness": 1 }, "geometry": { "type": "LineString", "coordinates": [ [ -82.363728555555554, 27.281067222222223 ], [ -82.372365, 27.288144944444447 ] ] } },
{ "type": "Feature", "properties": { "style": "solid", "thickness": 1 }, "geometry": { "type": "LineString", "coordinates": [ [ -82.372394111111106, 27.278481055555556 ], [ -82.374773694444443, 27.279992805555555 ] ] } },
{ "type": "Feature", "properties": { "style": "solid", "thickness": 1 }, "geometry": { "type": "LineString", "coordinates": [ [ -82.373923138888884, 27.278039861111111 ], [ -82.37471269444444, 27.278889666666664 ] ] } },
{ "type": "Feature", "properties": { "style": "solid", "thickness": 1 }, "geometry": { "type": "LineString", "coordinates": [ [ -82.361473638888882, 27.281502138888889 ], [ -82.375378861111102, 27.277662916666667 ], [ -82.371761055555552, 27.290345111111112 ], [ -82.361473638888882, 27.281502138888889 ] ] } },
{ "type": "Feature", "properties": { "style": "solid", "thickness": 1 }, "geometry": { "type": "LineString", "coordinates": [ [ -82.367880277777772, 27.27974025 ], [ -82.373491361111107, 27.284587111111112 ] ] } },
{ "type": "Feature", "properties": { "style": "solid", "thickness": 1 }, "geometry": { "type": "LineString", "coordinates": [ [ -82.369119, 27.279296666666667 ], [ -82.373865861111099, 27.283487638888889 ] ] } },
{ "type": "Feature", "properties": { "style": "solid", "thickness": 1 }, "geometry": { "type": "LineString", "coordinates": [ [ -82.370207055555554, 27.279370694444445 ], [ -82.374095222222209, 27.282386944444443 ] ] } },
{ "type": "Feature", "properties": { "style": "solid", "thickness": 1 }, "geometry": { "type": "LineString", "coordinates": [ [ -82.36307325, 27.28125625 ], [ -82.372283527777768, 27.288987444444444 ] ] } },
{ "type": "Feature", "properties": { "style": "solid", "thickness": 1 }, "geometry": { "type": "LineString", "coordinates": [ [ -82.364894055555553, 27.280687944444445 ], [ -82.372739555555555, 27.287045472222225 ] ] } },
{ "type": "Feature", "properties": { "style": "solid", "thickness": 1 }, "geometry": { "type": "LineString", "coordinates": [ [ -82.365912972222219, 27.280437111111109 ], [ -82.372818277777768, 27.286462388888889 ] ] } },
{ "type": "Feature", "properties": { "style": "solid", "thickness": 1 }, "geometry": { "type": "LineString", "coordinates": [ [ -82.371301972222213, 27.278796166666666 ], [ -82.374255388888884, 27.28096136111111 ] ] } },
{ "type": "Feature", "properties": { "style": "solid", "thickness": 1 }, "geometry": { "type": "LineString", "coordinates": [ [ -82.366496388888876, 27.280182583333332 ], [ -82.37326608333332, 27.285298666666669 ] ] } },
{ "type": "Feature", "properties": { "style": "solid", "thickness": 1 }, "geometry": { "type": "LineString", "coordinates": [ [ -82.3619105, 27.281376138888888 ], [ -82.371913083333325, 27.289697805555559 ] ] } },
{ "type": "Feature", "properties": { "style": "solid", "thickness": 1 }, "geometry": { "type": "LineString", "coordinates": [ [ -82.337996583333322, 27.311071861111113 ], [ -82.366380277777779, 27.285707805555557 ] ] } },
{ "type": "Feature", "properties": { "style": "solid", "thickness": 1 }, "geometry": { "type": "LineString", "coordinates": [ [ -82.317286833333327, 27.318716638888887 ], [ -82.317477805555555, 27.320651944444442 ], [ -82.318052638888886, 27.322525666666667 ], [ -82.318992805555553, 27.324277638888887 ], [ -82.320268166666665, 27.325851472222222 ], [ -82.321837722222213, 27.327196611111113 ], [ -82.323651, 27.328269833333334 ], [ -82.325649722222224, 27.329036583333334 ], [ -82.327769666666669, 27.32947225 ], [ -82.32994263888888, 27.329562833333334 ], [ -82.332098777777773, 27.329305388888887 ], [ -82.334168777777776, 27.328708194444445 ], [ -82.336086111111101, 27.327790472222222 ], [ -82.337789111111107, 27.326581722222222 ], [ -82.339223027777777, 27.325120805555557 ], [ -82.340341805555553, 27.323454666666667 ], [ -82.3411095, 27.321636861111109 ], [ -82.341501416666659, 27.31972586111111 ], [ -82.341505027777771, 27.317783055555555 ], [ -82.341120166666656, 27.315870888888888 ], [ -82.340359305555552, 27.314050833333333 ], [ -82.339246833333334, 27.312381388888891 ], [ -82.33781858333333, 27.310916166666669 ], [ -82.33612041666666, 27.309702305555557 ], [ -82.334206944444446, 27.30877875 ], [ -82.33213963888889, 27.308175222222221 ], [ -82.32998491666666, 27.307911083333334 ], [ -82.327812027777767, 27.307994833333336 ], [ -82.32569077777778, 27.308423805555556 ], [ -82.323689361111107, 27.309184194444445 ], [ -82.321872055555545, 27.310251555555556 ], [ -82.32029725, 27.311591611111112 ], [ -82.319015611111112, 27.313161277777777 ], [ -82.318068305555556, 27.314910138888891 ], [ -82.317485805555549, 27.316781972222223 ], [ -82.317286833333327, 27.318716638888887 ] ] } },
{ "type": "Feature", "properties": { "style": "solid", "thickness": 1 }, "geometry": { "type": "LineString", "coordinates": [ [ -82.250103305555555, 27.139957138888889 ], [ -82.259395527777784, 27.133591222222222 ] ] } },
{ "type": "Feature", "properties": { "style": "solid", "thickness": 1 }, "geometry": { "type": "LineString", "coordinates": [ [ -82.248764388888887, 27.131882194444444 ], [ -82.250842277777778, 27.130051916666666 ] ] } },
{ "type": "Feature", "properties": { "style": "solid", "thickness": 1 }, "geometry": { "type": "LineString", "coordinates": [ [ -82.248544916666674, 27.13046 ], [ -82.249617583333333, 27.129913388888891 ] ] } },
{ "type": "Feature", "properties": { "style": "solid", "thickness": 1 }, "geometry": { "type": "LineString", "coordinates": [ [ -82.25018980555555, 27.14201688888889 ], [ -82.248383388888897, 27.129113444444446 ], [ -82.261712083333336, 27.134505694444442 ], [ -82.25018980555555, 27.14201688888889 ] ] } },
{ "type": "Feature", "properties": { "style": "solid", "thickness": 1 }, "geometry": { "type": "LineString", "coordinates": [ [ -82.249364944444451, 27.136073111111109 ], [ -82.255675611111116, 27.131980555555558 ] ] } },
{ "type": "Feature", "properties": { "style": "solid", "thickness": 1 }, "geometry": { "type": "LineString", "coordinates": [ [ -82.249092222222217, 27.134905944444444 ], [ -82.254530666666668, 27.131459527777778 ] ] } },
{ "type": "Feature", "properties": { "style": "solid", "thickness": 1 }, "geometry": { "type": "LineString", "coordinates": [ [ -82.249363, 27.1339615 ], [ -82.253359166666669, 27.131066 ] ] } },
{ "type": "Feature", "properties": { "style": "solid", "thickness": 1 }, "geometry": { "type": "LineString", "coordinates": [ [ -82.250197388888893, 27.140566638888888 ], [ -82.260308638888887, 27.133809611111111 ] ] } },
{ "type": "Feature", "properties": { "style": "solid", "thickness": 1 }, "geometry": { "type": "LineString", "coordinates": [ [ -82.249888527777784, 27.138865611111111 ], [ -82.258250555555549, 27.133070222222223 ] ] } },
{ "type": "Feature", "properties": { "style": "solid", "thickness": 1 }, "geometry": { "type": "LineString", "coordinates": [ [ -82.249789694444445, 27.137925416666665 ], [ -82.2576225, 27.132899388888891 ] ] } },
{ "type": "Feature", "properties": { "style": "solid", "thickness": 1 }, "geometry": { "type": "LineString", "coordinates": [ [ -82.248921166666662, 27.132898027777777 ], [ -82.25181805555556, 27.130676694444446 ] ] } },
{ "type": "Feature", "properties": { "style": "solid", "thickness": 1 }, "geometry": { "type": "LineString", "coordinates": [ [ -82.249611055555562, 27.137367777777776 ], [ -82.25641958333334, 27.132302694444444 ] ] } },
{ "type": "Feature", "properties": { "style": "solid", "thickness": 1 }, "geometry": { "type": "LineString", "coordinates": [ [ -82.250127083333339, 27.141610555555555 ], [ -82.261026055555561, 27.13425925 ] ] } },
{ "type": "Feature", "properties": { "style": "solid", "thickness": 1 }, "geometry": { "type": "LineString", "coordinates": [ [ -82.273496805555553, 27.176668416666669 ], [ -82.273686805555556, 27.178603805555557 ], [ -82.274260138888891, 27.18047775 ], [ -82.275198444444442, 27.18223 ], [ -82.27647155555556, 27.18380425 ], [ -82.278038583333327, 27.185149916666667 ], [ -82.279849111111105, 27.186223694444443 ], [ -82.281845, 27.186991083333332 ], [ -82.283962027777775, 27.187427416666665 ], [ -82.286132194444448, 27.187518638888889 ], [ -82.288285666666667, 27.187261861111111 ], [ -82.290353277777783, 27.186665333333334 ], [ -82.2922685, 27.185748194444443 ], [ -82.293969777777775, 27.184539972222222 ], [ -82.295402444444449, 27.183079472222225 ], [ -82.29652044444444, 27.181413666666668 ], [ -82.297287861111116, 27.179596083333333 ], [ -82.297680027777773, 27.177685194444447 ], [ -82.297684361111109, 27.175742361111112 ], [ -82.297300777777778, 27.173830055555555 ], [ -82.29654155555555, 27.17200975 ], [ -82.295431194444447, 27.170339944444446 ], [ -82.294005333333331, 27.168874277777778 ], [ -82.292309805555547, 27.167659833333335 ], [ -82.290399138888887, 27.166735694444444 ], [ -82.288334694444444, 27.1661315 ], [ -82.286182833333328, 27.165866722222219 ], [ -82.284012694444442, 27.165949805555552 ], [ -82.281894, 27.166378111111111 ], [ -82.27989483333333, 27.167137861111112 ], [ -82.278079444444444, 27.168204694444444 ], [ -82.276506166666664, 27.16954425 ], [ -82.275225555555551, 27.171113555555557 ], [ -82.274278777777781, 27.172862138888892 ], [ -82.273696277777773, 27.174733805555558 ], [ -82.273496805555553, 27.176668416666669 ] ] } },
{ "type": "Feature", "properties": { "style": "solid", "thickness": 1 }, "geometry": { "type": "LineString", "coordinates": [ [ -82.278664333333339, 27.167814416666669 ], [ -82.255672277777776, 27.138432194444444 ] ] } },
{ "type": "Feature", "properties": { "style": "solid", "thickness": 1 }, "geometry": { "type": "LineString", "coordinates": [ [ -82.521223194444445, 27.986027333333336 ], [ -82.521223194444445, 27.987861555555558 ] ] } },
{ "type": "Feature", "properties": { "style": "solid", "thickness": 1 }, "geometry": { "type": "LineString", "coordinates": [ [ -82.520706611111109, 27.985843888888891 ], [ -82.520706638888882, 27.988045 ] ] } },
{ "type": "Feature", "properties": { "style": "solid", "thickness": 1 }, "geometry": { "type": "LineString", "coordinates": [ [ -82.52019005555556, 27.985843888888891 ], [ -82.52019005555556, 27.988045 ] ] } },
{ "type": "Feature", "properties": { "style": "solid", "thickness": 1 }, "geometry": { "type": "LineString", "coordinates": [ [ -82.519673472222223, 27.986027305555556 ], [ -82.519673472222223, 27.987861555555558 ] ] } },
{ "type": "Feature", "properties": { "style": "solid", "thickness": 1 }, "geometry": { "type": "LineString", "coordinates": [ [ -82.519156888888887, 27.986944444444447 ], [ -82.519164916666668, 27.987074472222222 ], [ -82.51919075, 27.98721038888889 ], [ -82.519236861111111, 27.987349666666667 ], [ -82.519305138888882, 27.987488916666667 ], [ -82.519396611111105, 27.987624222222223 ], [ -82.519511083333327, 27.987751194444446 ], [ -82.519646944444446, 27.987865333333335 ], [ -82.519801222222227, 27.987962638888892 ], [ -82.519969666666668, 27.988039833333335 ], [ -82.520147166666661, 27.988094833333335 ], [ -82.52032825, 27.988126916666669 ], [ -82.520507638888887, 27.988136694444446 ], [ -82.520680666666664, 27.988125861111111 ], [ -82.520843583333331, 27.98809702777778 ], [ -82.52099375, 27.988053222222224 ], [ -82.521129583333334, 27.987997583333335 ], [ -82.521253638888894, 27.987931305555556 ], [ -82.52137477777778, 27.98784913888889 ], [ -82.52149030555556, 27.987749833333336 ], [ -82.521596222222215, 27.987633305555555 ], [ -82.521688111111104, 27.987500416666666 ], [ -82.521761722222223, 27.987353111111112 ], [ -82.521813222222221, 27.9871945 ], [ -82.52183975, 27.987028611111111 ], [ -82.521839722222225, 27.98686025 ], [ -82.521813222222221, 27.986694388888889 ], [ -82.521761722222223, 27.986535777777778 ], [ -82.521688111111104, 27.986388472222224 ], [ -82.521596194444442, 27.986255555555555 ], [ -82.52149030555556, 27.986139027777778 ], [ -82.52137475, 27.98603975 ], [ -82.521253611111106, 27.985957555555558 ], [ -82.521129583333334, 27.985891305555558 ], [ -82.52099375, 27.985835666666667 ], [ -82.520843583333331, 27.985791861111114 ], [ -82.520680666666664, 27.985763027777779 ], [ -82.520507638888887, 27.985752194444444 ], [ -82.52032825, 27.985761972222225 ], [ -82.520147166666661, 27.985794055555555 ], [ -82.519969666666668, 27.985849055555555 ], [ -82.519801222222227, 27.98592625 ], [ -82.519646944444446, 27.986023527777778 ], [ -82.519511083333327, 27.986137694444444 ], [ -82.519396611111105, 27.98626463888889 ], [ -82.519305138888882, 27.986399944444447 ], [ -82.519236861111111, 27.986539222222223 ], [ -82.51919075, 27.986678472222223 ], [ -82.519164916666668, 27.986814388888888 ], [ -82.519156888888887, 27.986944444444447 ] ] } },
{ "type": "Feature", "properties": { "style": "solid", "thickness": 1 }, "geometry": { "type": "LineString", "coordinates": [ [ -82.123088, 29.632425083333334 ], [ -82.123912527777776, 29.632752305555556 ], [ -82.124862277777765, 29.632755222222222 ], [ -82.125730722222215, 29.632433194444445 ], [ -82.126104666666663, 29.63185713888889 ], [ -82.126105555555554, 29.631640694444446 ], [ -82.125694805555554, 29.631098305555557 ], [ -82.123304222222217, 29.630008666666669 ], [ -82.122893333333323, 29.629502361111111 ], [ -82.122936388888888, 29.629069583333333 ], [ -82.123310333333322, 29.628493527777778 ], [ -82.124013583333323, 29.628171 ], [ -82.125004583333322, 29.628174055555554 ], [ -82.125458194444434, 29.62831975 ], [ -82.126117277777766, 29.628718611111111 ] ] } },
{ "type": "Feature", "properties": { "style": "solid", "thickness": 1 }, "geometry": { "type": "LineString", "coordinates": [ [ -82.121145916666663, 29.63274375 ], [ -82.1211645, 29.628162222222223 ] ] } },
{ "type": "Feature", "properties": { "style": "solid", "thickness": 1 }, "geometry": { "type": "LineString", "coordinates": [ [ -82.118191555555555, 29.628152972222221 ], [ -82.118172805555545, 29.6327345 ] ] } },
{ "type": "Feature", "properties": { "style": "solid", "thickness": 1 }, "geometry": { "type": "LineString", "coordinates": [ [ -82.118182111111111, 29.630461777777779 ], [ -82.121155138888881, 29.630471027777777 ] ] } },
{ "type": "Feature", "properties": { "style": "solid", "thickness": 1 }, "geometry": { "type": "LineString", "coordinates": [ [ -82.1164385, 29.632729083333334 ], [ -82.116453472222219, 29.6290855 ], [ -82.116290972222217, 29.628435638888888 ], [ -82.115548916666654, 29.628144694444444 ], [ -82.114145027777766, 29.628140277777778 ], [ -82.11340058333333, 29.62842652777778 ], [ -82.113150138888884, 29.62907511111111 ], [ -82.113135083333333, 29.632718694444446 ] ] } },
{ "type": "Feature", "properties": { "style": "solid", "thickness": 1 }, "geometry": { "type": "LineString", "coordinates": [ [ -82.109345472222216, 29.63047 ], [ -82.10815780555555, 29.62812127777778 ] ] } },
{ "type": "Feature", "properties": { "style": "solid", "thickness": 1 }, "geometry": { "type": "LineString", "coordinates": [ [ -82.111419805555556, 29.628131666666668 ], [ -82.111400777777774, 29.632713194444445 ], [ -82.109294833333323, 29.6327065 ], [ -82.108676194444442, 29.632524166666666 ], [ -82.108142416666666, 29.631800944444446 ], [ -82.108144222222222, 29.631368055555555 ], [ -82.10864275, 29.63064813888889 ], [ -82.109304166666661, 29.630469861111113 ], [ -82.111410055555552, 29.630476555555557 ] ] } },
{ "type": "Feature", "properties": { "style": "solid", "thickness": 1 }, "geometry": { "type": "LineString", "coordinates": [ [ -82.106455166666663, 29.630424666666666 ], [ -82.104308, 29.63041777777778 ] ] } },
{ "type": "Feature", "properties": { "style": "solid", "thickness": 1 }, "geometry": { "type": "LineString", "coordinates": [ [ -82.10343125, 29.632687722222222 ], [ -82.106445638888886, 29.632697416666666 ], [ -82.10646488888888, 29.628115861111112 ], [ -82.103244166666656, 29.6281055 ] ] } },
{ "type": "Feature", "properties": { "style": "solid", "thickness": 1 }, "geometry": { "type": "LineString", "coordinates": [ [ -82.107751277777766, 29.167908888888888 ], [ -82.108173611111098, 29.175509222222225 ], [ -82.10530961111111, 29.17563175 ], [ -82.104695888888884, 29.175658027777779 ], [ -82.104198638888889, 29.175319361111111 ], [ -82.103834416666658, 29.174915027777779 ], [ -82.103821111111102, 29.174675638888889 ], [ -82.10375466666666, 29.17347875 ], [ -82.103812888888882, 29.173296305555557 ], [ -82.1039908611111, 29.172808777777778 ], [ -82.1046395, 29.172181166666668 ], [ -82.10393769444444, 29.17185125 ], [ -82.103586777777778, 29.171686305555557 ], [ -82.103229222222211, 29.171401666666668 ], [ -82.10299475, 29.170871805555556 ], [ -82.102908361111105, 29.169315833333336 ], [ -82.103089666666662, 29.168888166666669 ], [ -82.103547027777779, 29.168508666666668 ], [ -82.103874666666655, 29.168254694444446 ], [ -82.104205638888885, 29.168060583333336 ], [ -82.107751277777766, 29.167908888888888 ] ] } },
{ "type": "Feature", "properties": { "style": "solid", "thickness": 1 }, "geometry": { "type": "LineString", "coordinates": [ [ -82.107980722222223, 29.172038194444447 ], [ -82.1046395, 29.172181166666668 ] ] } },
{ "type": "Feature", "properties": { "style": "solid", "thickness": 1 }, "geometry": { "type": "LineString", "coordinates": [ [ -82.100046305555551, 29.168238444444444 ], [ -82.09671758333333, 29.175999055555558 ], [ -82.092750416666661, 29.168550111111113 ] ] } },
{ "type": "Feature", "properties": { "style": "solid", "thickness": 1 }, "geometry": { "type": "LineString", "coordinates": [ [ -82.098955083333323, 29.170744555555558 ], [ -82.094045583333326, 29.170954277777778 ] ] } },
{ "type": "Feature", "properties": { "style": "solid", "thickness": 1 }, "geometry": { "type": "LineString", "coordinates": [ [ -82.090307611111101, 29.176272722222222 ], [ -82.085397833333332, 29.17648213888889 ] ] } },
{ "type": "Feature", "properties": { "style": "solid", "thickness": 1 }, "geometry": { "type": "LineString", "coordinates": [ [ -82.087920916666661, 29.176374555555558 ], [ -82.087500055555552, 29.168774166666669 ] ] } },
{ "type": "Feature", "properties": { "style": "solid", "thickness": 1 }, "geometry": { "type": "LineString", "coordinates": [ [ -82.082533805555556, 29.176604222222224 ], [ -82.077624, 29.176813361111112 ] ] } },
{ "type": "Feature", "properties": { "style": "solid", "thickness": 1 }, "geometry": { "type": "LineString", "coordinates": [ [ -82.08014708333333, 29.17670588888889 ], [ -82.079726777777779, 29.1691055 ] ] } },
{ "type": "Feature", "properties": { "style": "solid", "thickness": 1 }, "geometry": { "type": "LineString", "coordinates": [ [ -82.07434, 29.169334833333334 ], [ -82.074759916666665, 29.17693525 ], [ -82.066634833333325, 29.169662527777778 ], [ -82.067054194444438, 29.177262972222223 ] ] } },
{ "type": "Feature", "properties": { "style": "solid", "thickness": 1 }, "geometry": { "type": "LineString", "coordinates": [ [ -82.098772777777768, 28.68255325 ], [ -82.09835280555555, 28.674951611111112 ], [ -82.095027166666668, 28.675094472222224 ] ] } },
{ "type": "Feature", "properties": { "style": "solid", "thickness": 1 }, "geometry": { "type": "LineString", "coordinates": [ [ -82.092664, 28.682815555555557 ], [ -82.092330361111109, 28.676770166666667 ], [ -82.092245972222216, 28.676473805555556 ], [ -82.091737833333326, 28.675895638888889 ], [ -82.091378666666657, 28.675551083333335 ], [ -82.0908225, 28.675334944444444 ], [ -82.090072611111111, 28.67530713888889 ], [ -82.088986694444444, 28.675353722222223 ], [ -82.088379166666655, 28.675439777777779 ], [ -82.087581222222212, 28.675773972222224 ], [ -82.087129222222217, 28.676213333333333 ], [ -82.086877527777773, 28.676584111111111 ], [ -82.0867715, 28.677128638888892 ], [ -82.087098222222224, 28.683054333333335 ] ] } },
{ "type": "Feature", "properties": { "style": "solid", "thickness": 1 }, "geometry": { "type": "LineString", "coordinates": [ [ -82.0838285, 28.675574888888889 ], [ -82.084247444444443, 28.683176555555558 ], [ -82.08139663888889, 28.683298694444446 ], [ -82.080785777777777, 28.683324861111114 ], [ -82.080290861111109, 28.682986083333333 ], [ -82.079928388888888, 28.682581611111111 ], [ -82.079915222222212, 28.682342194444445 ], [ -82.079849277777768, 28.681145083333334 ], [ -82.079907277777778, 28.680962611111113 ], [ -82.080084527777771, 28.680475055555558 ], [ -82.080730305555548, 28.679847416666668 ], [ -82.080031777777776, 28.679517361111113 ], [ -82.079682527777777, 28.679352333333334 ], [ -82.07932666666666, 28.679067583333335 ], [ -82.079093388888879, 28.678537611111111 ], [ -82.079007694444442, 28.676981361111114 ], [ -82.07918825, 28.67655363888889 ], [ -82.079643583333336, 28.676174166666669 ], [ -82.079969749999989, 28.675920194444444 ], [ -82.080299222222223, 28.675726111111111 ], [ -82.0838285, 28.675574888888889 ] ] } },
{ "type": "Feature", "properties": { "style": "solid", "thickness": 1 }, "geometry": { "type": "LineString", "coordinates": [ [ -82.08405611111111, 28.679704916666669 ], [ -82.080730305555548, 28.679847416666668 ] ] } },
{ "type": "Feature", "properties": { "style": "solid", "thickness": 1 }, "geometry": { "type": "LineString", "coordinates": [ [ -82.076091194444444, 28.675906277777781 ], [ -82.076509583333333, 28.683507944444443 ], [ -82.07365877777778, 28.683629944444444 ], [ -82.07304788888888, 28.683656083333332 ], [ -82.072553, 28.683317277777778 ], [ -82.072190583333324, 28.682912805555556 ], [ -82.072177388888889, 28.682673361111114 ], [ -82.072111555555551, 28.68147625 ], [ -82.072169555555547, 28.681293777777778 ], [ -82.0723468611111, 28.680806222222223 ], [ -82.072992666666664, 28.68017863888889 ], [ -82.072294166666666, 28.679848527777779 ], [ -82.071944916666666, 28.679683472222223 ], [ -82.071589111111109, 28.679398722222224 ], [ -82.071355861111101, 28.678868722222223 ], [ -82.071270277777771, 28.677312472222223 ], [ -82.071450861111103, 28.676884777777779 ], [ -82.071906222222225, 28.676505305555558 ], [ -82.072232388888878, 28.67625138888889 ], [ -82.072561888888885, 28.676057305555556 ], [ -82.076091194444444, 28.675906277777781 ] ] } },
{ "type": "Feature", "properties": { "style": "solid", "thickness": 1 }, "geometry": { "type": "LineString", "coordinates": [ [ -82.0763185, 28.680036333333334 ], [ -82.072992666666664, 28.68017863888889 ] ] } },
{ "type": "Feature", "properties": { "style": "solid", "thickness": 1 }, "geometry": { "type": "LineString", "coordinates": [ [ -82.066117638888883, 28.680112583333333 ], [ -82.062856222222223, 28.67647213888889 ] ] } },
{ "type": "Feature", "properties": { "style": "solid", "thickness": 1 }, "geometry": { "type": "LineString", "coordinates": [ [ -82.068353833333333, 28.676237222222223 ], [ -82.068771666666663, 28.683838944444446 ], [ -82.065377833333329, 28.683983972222222 ], [ -82.06509975, 28.683875861111112 ], [ -82.064475722222213, 28.683662527777777 ], [ -82.063831944444445, 28.683090055555557 ], [ -82.063527583333325, 28.682503083333334 ], [ -82.063488138888886, 28.681784805555555 ], [ -82.06372675, 28.681174666666667 ], [ -82.06430475, 28.68055 ], [ -82.064902472222215, 28.6802845 ], [ -82.065167388888881, 28.680153194444447 ], [ -82.068561111111109, 28.680008166666667 ] ] } },
{ "type": "Feature", "properties": { "style": "solid", "thickness": 1 }, "geometry": { "type": "LineString", "coordinates": [ [ -82.111762555555543, 28.678976055555555 ], [ -82.111844472222216, 28.679810222222223 ], [ -82.112094, 28.680618055555556 ], [ -82.11250305555555, 28.681373638888889 ], [ -82.113058555555554, 28.682052638888891 ], [ -82.113742611111107, 28.682633277777779 ], [ -82.11453325, 28.683096861111114 ], [ -82.115405055555556, 28.6834285 ], [ -82.11633, 28.683617527777777 ], [ -82.117278361111104, 28.683657861111111 ], [ -82.118219666666661, 28.683548222222221 ], [ -82.11912363888888, 28.683292138888891 ], [ -82.119961194444443, 28.682897805555555 ], [ -82.120705472222213, 28.682377944444447 ], [ -82.1213325, 28.681749222222223 ], [ -82.121822138888888, 28.681031888888889 ], [ -82.122158666666664, 28.680248972222223 ], [ -82.122331249999988, 28.67942563888889 ], [ -82.122334361111101, 28.678588361111114 ], [ -82.122167888888882, 28.677764055555556 ], [ -82.121837194444439, 28.676979222222222 ], [ -82.121352944444439, 28.676259055555558 ], [ -82.120730638888887, 28.675626722222223 ], [ -82.11999033333332, 28.675102555555558 ], [ -82.119155777777777, 28.674703361111114 ], [ -82.118253833333327, 28.674442 ], [ -82.117313472222222, 28.674326861111112 ], [ -82.116364916666654, 28.67436163888889 ], [ -82.115438638888889, 28.674545222222225 ], [ -82.114564416666667, 28.674871722222225 ], [ -82.113770333333321, 28.675330638888891 ], [ -82.113081916666658, 28.675907222222225 ], [ -82.112521305555546, 28.676582944444444 ], [ -82.1121065, 28.677336083333334 ], [ -82.111850833333321, 28.678142416666667 ], [ -82.111762555555543, 28.678976055555555 ] ] } },
{ "type": "Feature", "properties": { "style": "solid", "thickness": 1 }, "geometry": { "type": "LineString", "coordinates": [ [ -82.104803333333322, 28.679519388888892 ], [ -82.107142333333329, 28.679136222222223 ], [ -82.10936075, 28.678378472222224 ], [ -82.111382166666658, 28.67727225 ], [ -82.113136888888889, 28.675855638888891 ], [ -82.114564555555546, 28.674177444444446 ], [ -82.115615944444443, 28.672295472222224 ], [ -82.116254888888889, 28.670274583333335 ], [ -82.116459361111112, 28.668184361111113 ] ] } },
{ "type": "Feature", "properties": { "style": "solid", "thickness": 1 }, "geometry": { "type": "LineString", "coordinates": [ [ -82.116459361111112, 28.668184361111113 ], [ -82.116894, 28.67024702777778 ], [ -82.117753361111099, 28.672203333333336 ], [ -82.119007833333328, 28.673985916666666 ], [ -82.120614249999988, 28.675533305555557 ], [ -82.122517305555547, 28.67679225 ], [ -82.124651388888879, 28.677719361111112 ], [ -82.126943, 28.678282722222225 ], [ -82.129313222222223, 28.678462861111111 ] ] } },
{ "type": "Feature", "properties": { "style": "solid", "thickness": 1 }, "geometry": { "type": "LineString", "coordinates": [ [ -82.11765741666666, 28.689798944444444 ], [ -82.117861916666655, 28.687708722222222 ], [ -82.118500888888889, 28.685687833333333 ], [ -82.119552333333331, 28.683805861111111 ], [ -82.12098, 28.682127583333333 ], [ -82.122734694444432, 28.680710861111113 ], [ -82.124756, 28.679604416666667 ], [ -82.126974305555549, 28.678846388888889 ], [ -82.129313222222223, 28.678462861111111 ] ] } },
{ "type": "Feature", "properties": { "style": "solid", "thickness": 1 }, "geometry": { "type": "LineString", "coordinates": [ [ -82.11765741666666, 28.689798944444444 ], [ -82.117222666666663, 28.687736277777777 ], [ -82.116363222222219, 28.685779972222221 ], [ -82.115108638888884, 28.683997388888891 ], [ -82.113502166666663, 28.682449916666666 ], [ -82.111599138888877, 28.681190861111112 ], [ -82.109465111111106, 28.680263527777779 ], [ -82.107173527777775, 28.679699916666667 ], [ -82.104803333333322, 28.679519388888892 ] ] } },
{ "type": "Feature", "properties": { "style": "solid", "thickness": 1 }, "geometry": { "type": "LineString", "coordinates": [ [ -82.122037944444443, 29.171740222222223 ], [ -82.122120305555555, 29.172574222222224 ], [ -82.122371027777774, 29.173381916666667 ], [ -82.122782055555547, 29.174137333333334 ], [ -82.123340166666665, 29.174816222222223 ], [ -82.124027444444437, 29.175396722222224 ], [ -82.124821777777768, 29.175860194444446 ], [ -82.125697666666653, 29.176191722222224 ], [ -82.126626916666666, 29.176380666666667 ], [ -82.127579694444435, 29.176420972222225 ], [ -82.128525361111102, 29.176311277777778 ], [ -82.1294335, 29.176055194444444 ], [ -82.130274944444437, 29.175660888888888 ], [ -82.131022611111106, 29.175141083333333 ], [ -82.131652527777774, 29.174512444444446 ], [ -82.132144388888889, 29.173795194444445 ], [ -82.132482416666662, 29.173012388888889 ], [ -82.132655777777771, 29.172189194444446 ], [ -82.132658833333323, 29.171352055555555 ], [ -82.132491555555546, 29.170527916666668 ], [ -82.132159277777774, 29.169743194444447 ], [ -82.131672694444433, 29.169023194444446 ], [ -82.131047472222221, 29.168391 ], [ -82.130303694444436, 29.167866944444444 ], [ -82.12946525, 29.167467861111113 ], [ -82.128559111111102, 29.167206583333336 ], [ -82.1276143611111, 29.1670915 ], [ -82.126661388888877, 29.167126333333336 ], [ -82.125730805555548, 29.167309944444444 ], [ -82.124852555555549, 29.167636444444447 ], [ -82.124054805555545, 29.168095305555557 ], [ -82.12336325, 29.168671833333335 ], [ -82.122800055555544, 29.169347444444444 ], [ -82.122383388888878, 29.170100472222224 ], [ -82.122126583333326, 29.170906722222224 ], [ -82.122037944444443, 29.171740222222223 ] ] } },
{ "type": "Feature", "properties": { "style": "solid", "thickness": 1 }, "geometry": { "type": "LineString", "coordinates": [ [ -82.115046444444445, 29.172283777777778 ], [ -82.117396277777772, 29.171900583333336 ], [ -82.119624972222212, 29.171142861111111 ], [ -82.121655666666655, 29.170036722222225 ], [ -82.123418472222212, 29.16862025 ], [ -82.124852666666655, 29.16694225 ], [ -82.125908805555554, 29.165060555555556 ], [ -82.126550583333326, 29.163039944444442 ], [ -82.12675588888888, 29.160950055555553 ] ] } },
{ "type": "Feature", "properties": { "style": "solid", "thickness": 1 }, "geometry": { "type": "LineString", "coordinates": [ [ -82.12675588888888, 29.160950055555553 ], [ -82.127192666666659, 29.163012388888887 ], [ -82.12805613888888, 29.164968333333331 ], [ -82.129316583333321, 29.166750527777779 ], [ -82.130930555555551, 29.168297611111111 ], [ -82.1328425, 29.16955625 ], [ -82.134986555555557, 29.170483083333334 ], [ -82.137288888888889, 29.171046222222223 ], [ -82.139670111111116, 29.171226222222224 ] ] } },
{ "type": "Feature", "properties": { "style": "solid", "thickness": 1 }, "geometry": { "type": "LineString", "coordinates": [ [ -82.127960888888879, 29.182561 ], [ -82.12816622222222, 29.180471111111114 ], [ -82.128808027777765, 29.17845052777778 ], [ -82.12986425, 29.176568805555558 ], [ -82.131298416666667, 29.17489075 ], [ -82.133061166666664, 29.173474166666669 ], [ -82.135091805555561, 29.172367805555556 ], [ -82.137320361111122, 29.171609805555558 ], [ -82.139670111111116, 29.171226222222224 ] ] } },
{ "type": "Feature", "properties": { "style": "solid", "thickness": 1 }, "geometry": { "type": "LineString", "coordinates": [ [ -82.127960888888879, 29.182561 ], [ -82.127524, 29.180498694444445 ], [ -82.126660416666667, 29.178542777777778 ], [ -82.125399916666666, 29.176760555555557 ], [ -82.123785888888875, 29.175213416666669 ], [ -82.121873944444431, 29.17395463888889 ], [ -82.119729916666657, 29.173027583333333 ], [ -82.117427666666657, 29.172464166666668 ], [ -82.115046444444445, 29.172283777777778 ] ] } },
{ "type": "Feature", "properties": { "style": "solid", "thickness": 1 }, "geometry": { "type": "LineString", "coordinates": [ [ -82.0729355, 28.501661555555554 ], [ -82.068327722222222, 28.501858972222223 ], [ -82.068298166666665, 28.501320222222223 ], [ -82.072995555555551, 28.494099 ], [ -82.072992277777772, 28.494039138888891 ], [ -82.0676395, 28.494268472222224 ] ] } },
{ "type": "Feature", "properties": { "style": "solid", "thickness": 1 }, "geometry": { "type": "LineString", "coordinates": [ [ -82.061348277777782, 28.502157694444445 ], [ -82.06548175, 28.501980833333334 ], [ -82.06506475, 28.494378722222223 ], [ -82.060863833333329, 28.494558472222224 ] ] } },
{ "type": "Feature", "properties": { "style": "solid", "thickness": 1 }, "geometry": { "type": "LineString", "coordinates": [ [ -82.065271611111115, 28.498149833333333 ], [ -82.061273805555558, 28.498320916666668 ] ] } },
{ "type": "Feature", "properties": { "style": "solid", "thickness": 1 }, "geometry": { "type": "LineString", "coordinates": [ [ -82.058289055555548, 28.494668611111113 ], [ -82.058705555555548, 28.502270722222221 ], [ -82.055859555555557, 28.502392361111109 ], [ -82.055249694444441, 28.502418444444444 ], [ -82.054755694444438, 28.502079555555557 ], [ -82.054393944444442, 28.501675 ], [ -82.054380833333326, 28.501435583333333 ], [ -82.054315305555548, 28.500238388888889 ], [ -82.054373222222225, 28.500055916666668 ], [ -82.054550277777778, 28.499568361111113 ], [ -82.055195111111104, 28.498940805555556 ], [ -82.054497861111102, 28.498610611111111 ], [ -82.054149222222222, 28.4984455 ], [ -82.053794027777769, 28.498160694444444 ], [ -82.053561277777774, 28.497630638888889 ], [ -82.053476055555549, 28.496074305555556 ], [ -82.053656416666669, 28.495646583333333 ], [ -82.054111055555552, 28.495267166666668 ], [ -82.054436722222221, 28.49501325 ], [ -82.054765694444441, 28.494819194444446 ], [ -82.058289055555548, 28.494668611111113 ] ] } },
{ "type": "Feature", "properties": { "style": "solid", "thickness": 1 }, "geometry": { "type": "LineString", "coordinates": [ [ -82.058515333333332, 28.498798888888889 ], [ -82.055195111111104, 28.498940805555556 ] ] } },
{ "type": "Feature", "properties": { "style": "solid", "thickness": 1 }, "geometry": { "type": "LineString", "coordinates": [ [ -82.046169555555551, 28.502806138888889 ], [ -82.047389277777782, 28.502754111111113 ], [ -82.047995861111104, 28.502668222222223 ], [ -82.049186111111112, 28.502077416666665 ], [ -82.050282388888888, 28.501010638888889 ], [ -82.050646388888893, 28.50021511111111 ], [ -82.05079725, 28.499248666666666 ], [ -82.050754694444436, 28.4984705 ], [ -82.050579861111103, 28.497757972222225 ], [ -82.0501985, 28.49699427777778 ], [ -82.04940075, 28.496068333333334 ], [ -82.049113333333338, 28.495780611111112 ], [ -82.048551638888881, 28.495444583333335 ], [ -82.04738011111111, 28.495134611111112 ], [ -82.045957194444441, 28.495195333333335 ], [ -82.045286166666671, 28.495343944444446 ], [ -82.044621666666671, 28.495612305555557 ], [ -82.044224944444437, 28.495809222222224 ], [ -82.043573527777781, 28.496317 ], [ -82.043002944444439, 28.497061305555558 ], [ -82.042825833333325, 28.497548861111113 ], [ -82.042671638888891, 28.498455416666669 ], [ -82.042750138888891, 28.499892055555556 ], [ -82.043438472222221, 28.501302666666668 ], [ -82.043871222222222, 28.501764194444444 ], [ -82.044368472222217, 28.502163 ], [ -82.044859166666669, 28.502442055555555 ], [ -82.044997944444447, 28.50249613888889 ], [ -82.046169555555551, 28.502806138888889 ] ] } },
{ "type": "Feature", "properties": { "style": "solid", "thickness": 1 }, "geometry": { "type": "LineString", "coordinates": [ [ -82.039723472222221, 28.495461166666669 ], [ -82.040138666666664, 28.503063333333333 ], [ -82.032066777777771, 28.495787277777779 ], [ -82.032481444444443, 28.503389472222221 ] ] } },
{ "type": "Feature", "properties": { "style": "solid", "thickness": 1 }, "geometry": { "type": "LineString", "coordinates": [ [ -82.048475472222222, 28.343326111111111 ], [ -82.045224777777776, 28.339684972222219 ] ] } },
{ "type": "Feature", "properties": { "style": "solid", "thickness": 1 }, "geometry": { "type": "LineString", "coordinates": [ [ -82.05070522222222, 28.339450638888888 ], [ -82.051120694444435, 28.347053083333332 ], [ -82.047737472222224, 28.34719775 ], [ -82.047460277777773, 28.347089611111109 ], [ -82.046838194444447, 28.346876194444445 ], [ -82.046196527777781, 28.346303611111111 ], [ -82.045893194444446, 28.345716555555555 ], [ -82.045853972222218, 28.344998194444443 ], [ -82.046091944444441, 28.344388027777775 ], [ -82.046668222222223, 28.343763388888888 ], [ -82.047264111111105, 28.343497888888887 ], [ -82.047528222222226, 28.343366611111112 ], [ -82.050911333333332, 28.343221944444444 ] ] } },
{ "type": "Feature", "properties": { "style": "solid", "thickness": 1 }, "geometry": { "type": "LineString", "coordinates": [ [ -82.042865611111111, 28.347405944444443 ], [ -82.042535638888893, 28.341359888888888 ], [ -82.042451666666665, 28.341063472222221 ], [ -82.041945361111104, 28.340485083333331 ], [ -82.041587472222218, 28.340140361111111 ], [ -82.041033111111105, 28.339924027777776 ], [ -82.040285583333329, 28.339895944444443 ], [ -82.039203027777774, 28.339942166666667 ], [ -82.038597333333328, 28.340028027777777 ], [ -82.03780175, 28.340362 ], [ -82.037350972222214, 28.340801222222222 ], [ -82.037099888888889, 28.341171944444444 ], [ -82.036993944444447, 28.3417165 ], [ -82.037317055555548, 28.347642833333332 ] ] } },
{ "type": "Feature", "properties": { "style": "solid", "thickness": 1 }, "geometry": { "type": "LineString", "coordinates": [ [ -82.034060833333328, 28.340161583333334 ], [ -82.034475111111107, 28.347764083333331 ], [ -82.026415166666666, 28.3404875 ], [ -82.026828916666659, 28.34809 ] ] } },
{ "type": "Feature", "properties": { "style": "solid", "thickness": 1 }, "geometry": { "type": "LineString", "coordinates": [ [ -82.023641055555558, 28.340605638888889 ], [ -82.024054611111112, 28.348208138888889 ], [ -82.015995333333336, 28.340930944444445 ], [ -82.016408361111118, 28.348533472222222 ] ] } },
{ "type": "Feature", "properties": { "style": "solid", "thickness": 1 }, "geometry": { "type": "LineString", "coordinates": [ [ -82.009506388888894, 28.348826777777777 ], [ -82.013634055555556, 28.348651416666666 ], [ -82.013221222222228, 28.341048888888889 ], [ -82.009026194444445, 28.34122711111111 ] ] } },
{ "type": "Feature", "properties": { "style": "solid", "thickness": 1 }, "geometry": { "type": "LineString", "coordinates": [ [ -82.013426, 28.344820222222221 ], [ -82.00943380555556, 28.344989833333333 ] ] } },
{ "type": "Feature", "properties": { "style": "solid", "thickness": 1 }, "geometry": { "type": "LineString", "coordinates": [ [ -82.08433869444444, 28.487305611111111 ], [ -82.08442025, 28.488139833333335 ], [ -82.084669138888884, 28.48894775 ], [ -82.085077277777771, 28.489703444444444 ], [ -82.085631611111111, 28.490382611111112 ], [ -82.086314305555547, 28.49096338888889 ], [ -82.087103444444438, 28.491427166666668 ], [ -82.08797361111111, 28.491758972222222 ], [ -82.08889686111111, 28.491948194444447 ], [ -82.089843527777774, 28.491988694444444 ], [ -82.090783138888881, 28.49187925 ], [ -82.091685555555557, 28.491623305555557 ], [ -82.092521722222216, 28.491229111111114 ], [ -82.093264777777776, 28.490709361111112 ], [ -82.093890861111106, 28.490080722222224 ], [ -82.094379805555548, 28.489363444444447 ], [ -82.094715916666658, 28.488580555555558 ], [ -82.09488838888889, 28.487757222222225 ], [ -82.094891694444442, 28.486919916666668 ], [ -82.094725722222222, 28.486095527777778 ], [ -82.094395833333323, 28.485310583333334 ], [ -82.093912583333335, 28.48459027777778 ], [ -82.093291555555552, 28.483957805555555 ], [ -82.092552694444436, 28.483433444444444 ], [ -82.09171975, 28.483034083333333 ], [ -82.090819472222222, 28.482772527777776 ], [ -82.089880833333325, 28.482657222222219 ], [ -82.088933944444435, 28.482691805555554 ], [ -82.088009277777772, 28.48287525 ], [ -82.087136527777773, 28.483201611111109 ], [ -82.08634375, 28.48366038888889 ], [ -82.085656444444439, 28.484236861111111 ], [ -82.085096638888885, 28.4849125 ], [ -82.084682416666666, 28.485665611111113 ], [ -82.084427027777778, 28.486471944444446 ], [ -82.08433869444444, 28.487305611111111 ] ] } },
{ "type": "Feature", "properties": { "style": "solid", "thickness": 1 }, "geometry": { "type": "LineString", "coordinates": [ [ -82.077391777777777, 28.487847638888891 ], [ -82.079726694444446, 28.487464916666667 ], [ -82.081941333333333, 28.486707555555558 ], [ -82.083959388888886, 28.485601638888891 ], [ -82.085711333333322, 28.48418527777778 ], [ -82.087136833333332, 28.48250725 ], [ -82.088186805555551, 28.480625388888889 ], [ -82.088825083333333, 28.4786045 ], [ -82.089029722222222, 28.476514222222221 ] ] } },
{ "type": "Feature", "properties": { "style": "solid", "thickness": 1 }, "geometry": { "type": "LineString", "coordinates": [ [ -82.089029722222222, 28.476514222222221 ], [ -82.089463083333328, 28.478577083333331 ], [ -82.090320444444444, 28.480533666666666 ], [ -82.09157225, 28.482316555555553 ], [ -82.093175416666668, 28.483864361111113 ], [ -82.09507475, 28.485123722222223 ], [ -82.097204777777776, 28.486051305555556 ], [ -82.099492194444437, 28.486615111111114 ], [ -82.101858111111099, 28.486795722222222 ] ] } },
{ "type": "Feature", "properties": { "style": "solid", "thickness": 1 }, "geometry": { "type": "LineString", "coordinates": [ [ -82.090220388888881, 28.498130194444446 ], [ -82.090425027777769, 28.496039916666668 ], [ -82.091063361111111, 28.494019027777778 ], [ -82.09211338888889, 28.492137138888889 ], [ -82.093538888888887, 28.490459055555558 ], [ -82.09529080555555, 28.489042583333333 ], [ -82.09730875, 28.487936472222223 ], [ -82.099523277777777, 28.487178805555555 ], [ -82.101858111111099, 28.486795722222222 ] ] } },
{ "type": "Feature", "properties": { "style": "solid", "thickness": 1 }, "geometry": { "type": "LineString", "coordinates": [ [ -82.090220388888881, 28.498130194444446 ], [ -82.089786916666668, 28.496067333333333 ], [ -82.088929472222219, 28.494110777777777 ], [ -82.087677583333331, 28.492327861111111 ], [ -82.086074361111102, 28.49078 ], [ -82.084175027777775, 28.4895205 ], [ -82.082045027777781, 28.488592722222222 ], [ -82.079757694444439, 28.488028638888888 ], [ -82.077391777777777, 28.487847638888891 ] ] } },
{ "type": "Feature", "properties": { "style": "solid", "thickness": 1 }, "geometry": { "type": "LineString", "coordinates": [ [ -82.059149444444444, 28.324413027777776 ], [ -82.059230722222225, 28.325247277777777 ], [ -82.059479027777769, 28.326055305555556 ], [ -82.059886416666657, 28.326811083333332 ], [ -82.06043975, 28.32749036111111 ], [ -82.06112130555556, 28.328071305555554 ], [ -82.061909111111106, 28.328535222222222 ], [ -82.062777888888888, 28.328867194444445 ], [ -82.063699694444438, 28.329056583333333 ], [ -82.064644916666666, 28.329097277777777 ], [ -82.06558316666667, 28.328987972222222 ], [ -82.066484277777775, 28.328732166666665 ], [ -82.06731925, 28.328338111111112 ], [ -82.068061305555545, 28.327818472222223 ], [ -82.068686555555558, 28.327189916666665 ], [ -82.069174916666668, 28.326472694444444 ], [ -82.069510694444446, 28.325689805555555 ], [ -82.069683111111104, 28.324866472222222 ], [ -82.069686583333336, 28.324029138888889 ], [ -82.069521055555555, 28.323204694444446 ], [ -82.069191833333335, 28.322419666666665 ], [ -82.0687095, 28.32169925 ], [ -82.068089555555545, 28.32106663888889 ], [ -82.067351916666667, 28.320542138888889 ], [ -82.066520305555557, 28.320142611111113 ], [ -82.065621472222219, 28.319880888888889 ], [ -82.06468425, 28.319765388888889 ], [ -82.063738805555559, 28.319799833333335 ], [ -82.062815472222226, 28.31998311111111 ], [ -82.061943972222224, 28.320309333333334 ], [ -82.061152305555552, 28.320768 ], [ -82.060465888888885, 28.321344388888889 ], [ -82.059906805555556, 28.322019944444445 ], [ -82.059493027777776, 28.322773 ], [ -82.059237833333327, 28.323579333333335 ], [ -82.059149444444444, 28.324413027777776 ] ] } },
{ "type": "Feature", "properties": { "style": "solid", "thickness": 1 }, "geometry": { "type": "LineString", "coordinates": [ [ -82.052212916666662, 28.324953888888889 ], [ -82.054544388888885, 28.324571555555554 ], [ -82.056755861111114, 28.323814527777778 ], [ -82.058771111111113, 28.322708916666667 ], [ -82.060520722222222, 28.321292805555554 ], [ -82.061944444444435, 28.319614972222222 ], [ -82.06299325, 28.317733222222223 ], [ -82.063631027777774, 28.31571236111111 ], [ -82.063835805555556, 28.313622 ] ] } },
{ "type": "Feature", "properties": { "style": "solid", "thickness": 1 }, "geometry": { "type": "LineString", "coordinates": [ [ -82.063835805555556, 28.313622 ], [ -82.064268055555559, 28.315685027777779 ], [ -82.065123666666665, 28.317641833333333 ], [ -82.066373194444438, 28.319425027777779 ], [ -82.067973583333327, 28.320973166666665 ], [ -82.069869777777768, 28.322232916666668 ], [ -82.071996388888891, 28.323160888888889 ], [ -82.074280194444441, 28.323725111111109 ], [ -82.076642527777778, 28.323906138888887 ] ] } },
{ "type": "Feature", "properties": { "style": "solid", "thickness": 1 }, "geometry": { "type": "LineString", "coordinates": [ [ -82.065019861111111, 28.335239083333331 ], [ -82.065224666666666, 28.333148722222223 ], [ -82.065862472222221, 28.33112788888889 ], [ -82.066911333333323, 28.329246083333334 ], [ -82.068335055555551, 28.327568194444446 ], [ -82.070084638888886, 28.32615197222222 ], [ -82.07209977777778, 28.325046166666667 ], [ -82.074311138888888, 28.324288861111111 ], [ -82.076642527777778, 28.323906138888887 ] ] } },
{ "type": "Feature", "properties": { "style": "solid", "thickness": 1 }, "geometry": { "type": "LineString", "coordinates": [ [ -82.065019861111111, 28.335239083333331 ], [ -82.064587527777775, 28.333176055555555 ], [ -82.063731805555548, 28.33121925 ], [ -82.062482194444442, 28.329436055555554 ], [ -82.06088172222222, 28.327887861111112 ], [ -82.058985555555552, 28.326627972222223 ], [ -82.056859, 28.325699805555555 ], [ -82.054575222222226, 28.325135277777779 ], [ -82.052212916666662, 28.324953888888889 ] ] } },
{ "type": "Feature", "properties": { "style": "solid", "thickness": 1 }, "geometry": { "type": "LineString", "coordinates": [ [ -82.03776230555556, 28.24430625 ], [ -82.033165472222223, 28.244502583333333 ], [ -82.033136138888892, 28.243963805555556 ], [ -82.037824555555559, 28.23674325 ], [ -82.03782127777778, 28.236683388888888 ], [ -82.032481222222216, 28.236911444444445 ] ] } },
{ "type": "Feature", "properties": { "style": "solid", "thickness": 1 }, "geometry": { "type": "LineString", "coordinates": [ [ -82.02620258333333, 28.244799666666669 ], [ -82.030326222222214, 28.244623777777779 ], [ -82.029912555555555, 28.237021083333335 ], [ -82.025721611111109, 28.237199861111112 ] ] } },
{ "type": "Feature", "properties": { "style": "solid", "thickness": 1 }, "geometry": { "type": "LineString", "coordinates": [ [ -82.03011775, 28.2407925 ], [ -82.02612944444445, 28.240962638888888 ] ] } },
{ "type": "Feature", "properties": { "style": "solid", "thickness": 1 }, "geometry": { "type": "LineString", "coordinates": [ [ -82.023152944444448, 28.237309361111112 ], [ -82.023566138888881, 28.244912055555556 ], [ -82.020186055555556, 28.245056083333335 ], [ -82.019909166666665, 28.244947861111111 ], [ -82.01928775, 28.244734333333334 ], [ -82.018646805555548, 28.244161611111114 ], [ -82.018343916666666, 28.243574472222225 ], [ -82.018304888888892, 28.242856111111113 ], [ -82.018542777777782, 28.242245972222221 ], [ -82.019118666666671, 28.241621416666668 ], [ -82.019714055555554, 28.241356055555556 ], [ -82.019977944444449, 28.241224805555557 ], [ -82.023357888888881, 28.241080777777778 ] ] } },
{ "type": "Feature", "properties": { "style": "solid", "thickness": 1 }, "geometry": { "type": "LineString", "coordinates": [ [ -82.015585916666666, 28.245191944444446 ], [ -82.015176527777783, 28.237649111111111 ] ] } },
{ "type": "Feature", "properties": { "style": "solid", "thickness": 1 }, "geometry": { "type": "LineString", "coordinates": [ [ -82.009839777777785, 28.245436416666667 ], [ -82.00943077777778, 28.237893555555555 ] ] } },
{ "type": "Feature", "properties": { "style": "solid", "thickness": 1 }, "geometry": { "type": "LineString", "coordinates": [ [ -82.015394222222227, 28.24166 ], [ -82.00964825, 28.241904444444444 ] ] } },
{ "type": "Feature", "properties": { "style": "solid", "thickness": 1 }, "geometry": { "type": "LineString", "coordinates": [ [ -82.004430111111105, 28.241886222222224 ], [ -82.001183916666662, 28.238243972222222 ] ] } },
{ "type": "Feature", "properties": { "style": "solid", "thickness": 1 }, "geometry": { "type": "LineString", "coordinates": [ [ -82.006659305555559, 28.238011361111113 ], [ -82.007071333333329, 28.245614111111113 ], [ -82.003691222222216, 28.245757722222223 ], [ -82.003414333333339, 28.245649472222222 ], [ -82.002792944444451, 28.245435861111112 ], [ -82.002152111111116, 28.244863055555555 ], [ -82.001849305555552, 28.24427588888889 ], [ -82.001810388888885, 28.243557527777778 ], [ -82.002048388888895, 28.242947416666667 ], [ -82.002624361111117, 28.242322916666669 ], [ -82.00321980555556, 28.242057638888891 ], [ -82.003483694444441, 28.241926416666669 ], [ -82.006863694444448, 28.241782805555555 ] ] } },
{ "type": "Feature", "properties": { "style": "solid", "thickness": 1 }, "geometry": { "type": "LineString", "coordinates": [ [ -82.048899666666671, 28.236256555555556 ], [ -82.048940222222214, 28.236673666666668 ], [ -82.049064222222214, 28.237077694444444 ], [ -82.049267694444438, 28.237455583333336 ], [ -82.049544111111103, 28.23779525 ], [ -82.049884527777778, 28.23808575 ], [ -82.050278083333325, 28.238317722222224 ], [ -82.050712083333337, 28.23848377777778 ], [ -82.051172555555553, 28.2385785 ], [ -82.051644777777781, 28.238598888888891 ], [ -82.052113472222217, 28.23854427777778 ], [ -82.052563666666657, 28.238416444444447 ], [ -82.052980833333336, 28.238219472222223 ], [ -82.053351555555551, 28.237959694444445 ], [ -82.053663972222225, 28.237645444444446 ], [ -82.053908, 28.237286861111112 ], [ -82.054075805555556, 28.236895472222223 ], [ -82.054162, 28.236483805555558 ], [ -82.054163805555547, 28.23606513888889 ], [ -82.054081166666663, 28.235652916666666 ], [ -82.05391675, 28.235260388888889 ], [ -82.05367583333333, 28.234900138888889 ], [ -82.053366166666663, 28.234583805555555 ], [ -82.052997694444443, 28.23432152777778 ], [ -82.052582277777773, 28.234121722222223 ], [ -82.05213325, 28.233990805555557 ], [ -82.051665027777773, 28.23393302777778 ], [ -82.051192694444438, 28.233950194444446 ], [ -82.050731388888892, 28.234041777777779 ], [ -82.050296, 28.234204833333333 ], [ -82.049900444444447, 28.23443413888889 ], [ -82.0495575, 28.234722305555557 ], [ -82.049278166666667, 28.235060055555557 ], [ -82.049071388888891, 28.235436555555555 ], [ -82.048943861111113, 28.235839694444444 ], [ -82.048899666666671, 28.236256555555556 ] ] } },
{ "type": "Feature", "properties": { "style": "solid", "thickness": 1 }, "geometry": { "type": "LineString", "coordinates": [ [ -82.045434333333333, 28.236526694444446 ], [ -82.046599083333334, 28.236335611111112 ], [ -82.047703916666663, 28.235957194444445 ], [ -82.04871075, 28.235404472222225 ], [ -82.04958491666666, 28.2346965 ], [ -82.050296277777775, 28.233857666666669 ], [ -82.050820361111107, 28.232916861111111 ], [ -82.051139111111112, 28.231906472222221 ], [ -82.051241555555549, 28.230861305555553 ] ] } },
{ "type": "Feature", "properties": { "style": "solid", "thickness": 1 }, "geometry": { "type": "LineString", "coordinates": [ [ -82.051241555555549, 28.230861305555553 ], [ -82.051457388888892, 28.231892833333333 ], [ -82.051884694444439, 28.232871277777775 ], [ -82.052508833333334, 28.233762916666667 ], [ -82.05330825, 28.234537083333333 ], [ -82.054255444444436, 28.235167055555557 ], [ -82.055317805555546, 28.235631166666668 ], [ -82.056458694444444, 28.235913444444446 ], [ -82.057638833333328, 28.236004138888891 ] ] } },
{ "type": "Feature", "properties": { "style": "solid", "thickness": 1 }, "geometry": { "type": "LineString", "coordinates": [ [ -82.051831638888885, 28.24166977777778 ], [ -82.051934083333336, 28.240624638888889 ], [ -82.052252861111114, 28.23961425 ], [ -82.052776972222219, 28.238673416666668 ], [ -82.053488333333334, 28.237834583333335 ], [ -82.054362472222223, 28.237126555555555 ], [ -82.055369277777771, 28.236573805555558 ], [ -82.056474083333327, 28.236195305555558 ], [ -82.057638833333328, 28.236004138888891 ] ] } },
{ "type": "Feature", "properties": { "style": "solid", "thickness": 1 }, "geometry": { "type": "LineString", "coordinates": [ [ -82.051831638888885, 28.24166977777778 ], [ -82.051615805555556, 28.24063825 ], [ -82.051188444444435, 28.239659833333334 ], [ -82.050564305555554, 28.238768166666667 ], [ -82.049764861111115, 28.237994 ], [ -82.048817666666665, 28.237364 ], [ -82.047755333333328, 28.236899833333336 ], [ -82.046614472222217, 28.236617472222225 ], [ -82.045434333333333, 28.236526694444446 ] ] } },
{ "type": "Feature", "properties": { "style": "solid", "thickness": 1 }, "geometry": { "type": "LineString", "coordinates": [ [ -82.087290222222222, 28.112659083333334 ], [ -82.0877075, 28.120261833333334 ], [ -82.084871583333324, 28.120384166666668 ], [ -82.084263861111111, 28.120410361111112 ], [ -82.08377152777777, 28.120071555555555 ], [ -82.083410916666665, 28.119667055555556 ], [ -82.083397777777776, 28.11942761111111 ], [ -82.083332111111105, 28.118230333333333 ], [ -82.083389777777768, 28.118047833333335 ], [ -82.083566083333324, 28.117560166666667 ], [ -82.084208444444442, 28.116932416666668 ], [ -82.083513555555555, 28.116602333333336 ], [ -82.083166083333325, 28.116437305555557 ], [ -82.082812083333323, 28.116152555555558 ], [ -82.08257997222222, 28.1156225 ], [ -82.082494611111102, 28.114066027777778 ], [ -82.082674194444436, 28.11363825 ], [ -82.083127111111111, 28.113258694444447 ], [ -82.083451583333328, 28.113004666666669 ], [ -82.083779305555552, 28.112810527777778 ], [ -82.087290222222222, 28.112659083333334 ] ] } },
{ "type": "Feature", "properties": { "style": "solid", "thickness": 1 }, "geometry": { "type": "LineString", "coordinates": [ [ -82.087516916666658, 28.116789722222222 ], [ -82.084208444444442, 28.116932416666668 ] ] } },
{ "type": "Feature", "properties": { "style": "solid", "thickness": 1 }, "geometry": { "type": "LineString", "coordinates": [ [ -82.077369222222217, 28.116867138888889 ], [ -82.07412427777777, 28.1132265 ] ] } },
{ "type": "Feature", "properties": { "style": "solid", "thickness": 1 }, "geometry": { "type": "LineString", "coordinates": [ [ -82.079593222222215, 28.112990972222224 ], [ -82.080009972222214, 28.120593722222221 ], [ -82.076633833333332, 28.120739166666667 ], [ -82.076357194444441, 28.120631055555556 ], [ -82.075736361111112, 28.120417777777778 ], [ -82.075095888888882, 28.119845277777777 ], [ -82.074793, 28.119258277777778 ], [ -82.074753666666666, 28.11853988888889 ], [ -82.074990972222224, 28.117929638888889 ], [ -82.075565861111102, 28.117304833333336 ], [ -82.076160416666667, 28.117039194444445 ], [ -82.076423944444443, 28.116907833333332 ], [ -82.079799944444446, 28.116762416666667 ] ] } },
{ "type": "Feature", "properties": { "style": "solid", "thickness": 1 }, "geometry": { "type": "LineString", "coordinates": [ [ -82.067653305555552, 28.121125611111111 ], [ -82.071772222222222, 28.120948444444444 ], [ -82.071356027777767, 28.113345638888891 ], [ -82.067169916666657, 28.113525722222224 ] ] } },
{ "type": "Feature", "properties": { "style": "solid", "thickness": 1 }, "geometry": { "type": "LineString", "coordinates": [ [ -82.071562472222212, 28.11711711111111 ], [ -82.067578777777769, 28.117288472222224 ] ] } },
{ "type": "Feature", "properties": { "style": "solid", "thickness": 1 }, "geometry": { "type": "LineString", "coordinates": [ [ -82.065019916666657, 28.121238805555556 ], [ -82.064604222222215, 28.113636 ] ] } },
{ "type": "Feature", "properties": { "style": "solid", "thickness": 1 }, "geometry": { "type": "LineString", "coordinates": [ [ -82.060357527777768, 28.121379111111111 ], [ -82.06481041666666, 28.117407472222222 ], [ -82.059877916666665, 28.113839083333335 ] ] } },
{ "type": "Feature", "properties": { "style": "solid", "thickness": 1 }, "geometry": { "type": "LineString", "coordinates": [ [ -82.054817305555559, 28.117836611111112 ], [ -82.051573083333324, 28.114195472222224 ] ] } },
{ "type": "Feature", "properties": { "style": "solid", "thickness": 1 }, "geometry": { "type": "LineString", "coordinates": [ [ -82.057042138888889, 28.113960833333334 ], [ -82.057457305555559, 28.12156363888889 ], [ -82.054081111111103, 28.121708527777777 ], [ -82.0538045, 28.12160038888889 ], [ -82.053183722222215, 28.121387 ], [ -82.052543333333332, 28.120814416666668 ], [ -82.052240583333329, 28.120227333333332 ], [ -82.052201388888889, 28.119508972222224 ], [ -82.052438805555553, 28.118898722222223 ], [ -82.053013833333324, 28.11827402777778 ], [ -82.053608472222223, 28.1180085 ], [ -82.053872, 28.117877166666666 ], [ -82.057248083333334, 28.117732305555556 ] ] } },
{ "type": "Feature", "properties": { "style": "solid", "thickness": 1 }, "geometry": { "type": "LineString", "coordinates": [ [ -82.028665, 28.119803583333333 ], [ -82.028745888888892, 28.120637916666666 ], [ -82.0289935, 28.121446 ], [ -82.029399916666662, 28.122201916666668 ], [ -82.029952027777782, 28.122881333333332 ], [ -82.03063213888889, 28.123462444444446 ], [ -82.031418333333335, 28.123926555555556 ], [ -82.032285388888894, 28.124258722222223 ], [ -82.033205416666661, 28.124448305555557 ], [ -82.034148833333333, 28.124489194444443 ], [ -82.035085333333328, 28.124380083333335 ], [ -82.03598477777777, 28.124124472222224 ], [ -82.036818305555556, 28.123730555555557 ], [ -82.037559111111108, 28.123211027777778 ], [ -82.038183333333336, 28.122582611111113 ], [ -82.038670972222221, 28.121865444444445 ], [ -82.039006333333333, 28.121082611111113 ], [ -82.039178611111112, 28.120259277777777 ], [ -82.039182333333329, 28.11942188888889 ], [ -82.039017333333334, 28.11859736111111 ], [ -82.038688916666658, 28.117812222222224 ], [ -82.038207694444438, 28.117091694444444 ], [ -82.03758908333333, 28.116458916666669 ], [ -82.036852972222221, 28.115934222222222 ], [ -82.03602305555556, 28.1155345 ], [ -82.035125972222218, 28.115272611111113 ], [ -82.034190555555554, 28.115156916666667 ], [ -82.033246888888883, 28.115191166666669 ], [ -82.03232525, 28.11537425 ], [ -82.031455333333327, 28.115700305555556 ], [ -82.030665027777772, 28.116158805555557 ], [ -82.02997975, 28.116735083333335 ], [ -82.029421555555558, 28.117410583333335 ], [ -82.029008333333337, 28.118163583333335 ], [ -82.02875341666666, 28.118969888888888 ], [ -82.028665, 28.119803583333333 ] ] } },
{ "type": "Feature", "properties": { "style": "solid", "thickness": 1 }, "geometry": { "type": "LineString", "coordinates": [ [ -82.021741416666671, 28.120343027777778 ], [ -82.024068583333332, 28.119961166666666 ], [ -82.026276083333329, 28.119204555555555 ], [ -82.02828780555555, 28.118099333333333 ], [ -82.0300345, 28.116683527777777 ], [ -82.031455972222219, 28.115005888888891 ], [ -82.032503305555551, 28.113124277777779 ], [ -82.033140388888881, 28.111103472222222 ], [ -82.033345361111103, 28.109013055555558 ] ] } },
{ "type": "Feature", "properties": { "style": "solid", "thickness": 1 }, "geometry": { "type": "LineString", "coordinates": [ [ -82.033345361111103, 28.109013055555558 ], [ -82.03377625, 28.11107627777778 ], [ -82.03462972222222, 28.113033333333334 ], [ -82.03587638888888, 28.114816861111112 ], [ -82.037473361111111, 28.116365416666667 ], [ -82.039365638888881, 28.117625611111112 ], [ -82.041487972222214, 28.118554083333333 ], [ -82.043767333333335, 28.119118805555555 ], [ -82.046125138888883, 28.119300333333335 ] ] } },
{ "type": "Feature", "properties": { "style": "solid", "thickness": 1 }, "geometry": { "type": "LineString", "coordinates": [ [ -82.034521416666664, 28.13063136111111 ], [ -82.034726388888885, 28.128540972222222 ], [ -82.035363555555548, 28.126520138888889 ], [ -82.036410916666668, 28.1246385 ], [ -82.037832388888887, 28.122960833333334 ], [ -82.039579027777776, 28.121544888888888 ], [ -82.041590694444437, 28.120439444444443 ], [ -82.043798055555555, 28.119682583333333 ], [ -82.046125138888883, 28.119300333333335 ] ] } },
{ "type": "Feature", "properties": { "style": "solid", "thickness": 1 }, "geometry": { "type": "LineString", "coordinates": [ [ -82.034521416666664, 28.13063136111111 ], [ -82.034090444444445, 28.128568166666668 ], [ -82.033236861111106, 28.126611083333334 ], [ -82.031990083333326, 28.124827527777779 ], [ -82.03039305555555, 28.123278944444444 ], [ -82.028500833333339, 28.122018611111113 ], [ -82.0263785, 28.121089944444446 ], [ -82.024099222222219, 28.120524944444444 ], [ -82.021741416666671, 28.120343027777778 ] ] } },
{ "type": "Feature", "properties": { "style": "solid", "thickness": 1 }, "geometry": { "type": "LineString", "coordinates": [ [ -82.21477, 27.75926075 ], [ -82.212057194444441, 27.751759027777776 ], [ -82.209655527777784, 27.75948686111111 ], [ -82.20687575, 27.751988027777777 ], [ -82.204810194444448, 27.759700916666667 ] ] } },
{ "type": "Feature", "properties": { "style": "solid", "thickness": 1 }, "geometry": { "type": "LineString", "coordinates": [ [ -82.20198375, 27.759825694444444 ], [ -82.201646527777783, 27.753779277777777 ], [ -82.201562527777781, 27.753482916666666 ], [ -82.201058111111109, 27.752905055555555 ], [ -82.200701611111114, 27.752560694444444 ], [ -82.200149916666675, 27.752345 ], [ -82.199406361111116, 27.752317777777776 ], [ -82.198329694444453, 27.752365305555557 ], [ -82.197727416666666, 27.752451861111112 ], [ -82.19693658333334, 27.752786805555555 ], [ -82.196488888888894, 27.753226666666666 ], [ -82.196239722222231, 27.753597722222221 ], [ -82.196135166666664, 27.754142444444444 ], [ -82.196465416666669, 27.760069138888888 ] ] } },
{ "type": "Feature", "properties": { "style": "solid", "thickness": 1 }, "geometry": { "type": "LineString", "coordinates": [ [ -82.1932155, 27.752590805555556 ], [ -82.193638944444444, 27.76019375 ], [ -82.190677888888899, 27.76032425 ], [ -82.189863638888895, 27.760240083333333 ], [ -82.189517166666676, 27.760075305555556 ], [ -82.188955472222233, 27.759679972222223 ], [ -82.18811125, 27.759057 ], [ -82.187529583333344, 27.758302444444446 ], [ -82.187361694444448, 27.757709722222224 ], [ -82.187251777777774, 27.75573413888889 ], [ -82.187356388888887, 27.755189416666667 ], [ -82.187720166666665, 27.75445325 ], [ -82.188167888888898, 27.754013444444446 ], [ -82.188608972222227, 27.753453916666668 ], [ -82.189258583333341, 27.753005222222221 ], [ -82.190056083333332, 27.752790055555554 ], [ -82.190523805555557, 27.752709416666665 ], [ -82.1932155, 27.752590805555556 ] ] } },
{ "type": "Feature", "properties": { "style": "solid", "thickness": 1 }, "geometry": { "type": "LineString", "coordinates": [ [ -82.184332888888889, 27.752982055555556 ], [ -82.184755722222221, 27.760585027777779 ], [ -82.181794638888888, 27.760715305555557 ], [ -82.180980416666671, 27.76063111111111 ], [ -82.180633944444452, 27.760466305555557 ], [ -82.180072277777782, 27.760070916666667 ], [ -82.179228111111115, 27.759447916666666 ], [ -82.1786465, 27.758693333333333 ], [ -82.17847863888889, 27.758100583333334 ], [ -82.178368888888897, 27.756125 ], [ -82.178473527777783, 27.755580277777778 ], [ -82.178837388888894, 27.754844138888888 ], [ -82.179285166666673, 27.75440436111111 ], [ -82.179726277777789, 27.753844861111112 ], [ -82.180375916666677, 27.753396194444445 ], [ -82.181173444444454, 27.753181083333335 ], [ -82.181641166666665, 27.753100472222222 ], [ -82.184332888888889, 27.752982055555556 ] ] } },
{ "type": "Feature", "properties": { "style": "solid", "thickness": 1 }, "geometry": { "type": "LineString", "coordinates": [ [ -82.175872444444451, 27.760975722222224 ], [ -82.172716111111114, 27.756373416666666 ], [ -82.170152111111122, 27.761227 ] ] } },
{ "type": "Feature", "properties": { "style": "solid", "thickness": 1 }, "geometry": { "type": "LineString", "coordinates": [ [ -82.172716111111114, 27.756373416666666 ], [ -82.172559944444444, 27.753559722222221 ] ] } },
{ "type": "Feature", "properties": { "style": "solid", "thickness": 1 }, "geometry": { "type": "LineString", "coordinates": [ [ -82.220606694444442, 27.77213875 ], [ -82.220688805555554, 27.772973027777777 ], [ -82.22093708333334, 27.773780833333333 ], [ -82.221343527777776, 27.774536222222221 ], [ -82.22189511111111, 27.775214916666666 ], [ -82.222574083333342, 27.775795111111112 ], [ -82.223358611111109, 27.776258138888888 ], [ -82.2242235, 27.776589138888887 ], [ -82.225140944444448, 27.776777444444445 ], [ -82.226081444444446, 27.776817 ], [ -82.227014777777782, 27.776706583333333 ], [ -82.227910944444446, 27.776449666666664 ], [ -82.22874111111112, 27.776054583333334 ], [ -82.229478611111119, 27.77553397222222 ], [ -82.23009975, 27.774904611111111 ], [ -82.230584555555552, 27.774186722222222 ], [ -82.230917472222231, 27.773403361111111 ], [ -82.23108775, 27.772579722222222 ], [ -82.231089944444449, 27.771742277777776 ], [ -82.230924, 27.770917916666665 ], [ -82.23059525, 27.770133194444444 ], [ -82.23011425, 27.769413277777776 ], [ -82.2294965, 27.768781305555553 ], [ -82.228761805555564, 27.768257638888887 ], [ -82.227933805555551, 27.767859055555554 ], [ -82.227039083333338, 27.767598361111109 ], [ -82.22610644444444, 27.76748397222222 ], [ -82.225165833333335, 27.767519555555555 ], [ -82.224247444444444, 27.767703944444442 ], [ -82.22338086111111, 27.76803125 ], [ -82.222593888888895, 27.768490916666664 ], [ -82.221911805555564, 27.769068194444444 ], [ -82.221356583333332, 27.7697445 ], [ -82.220946027777785, 27.77049813888889 ], [ -82.220693361111117, 27.771304861111108 ], [ -82.220606694444442, 27.77213875 ] ] } },
{ "type": "Feature", "properties": { "style": "solid", "thickness": 1 }, "geometry": { "type": "LineString", "coordinates": [ [ -82.213706055555562, 27.772687944444442 ], [ -82.216025166666668, 27.772302777777778 ], [ -82.218224277777779, 27.771543055555554 ], [ -82.220227666666673, 27.770434888888889 ], [ -82.221966277777781, 27.769016527777776 ], [ -82.223380277777778, 27.767336805555555 ], [ -82.224420916666674, 27.765453583333333 ], [ -82.225052416666671, 27.763431722222222 ], [ -82.225253, 27.761340888888888 ] ] } },
{ "type": "Feature", "properties": { "style": "solid", "thickness": 1 }, "geometry": { "type": "LineString", "coordinates": [ [ -82.225253, 27.761340888888888 ], [ -82.225686194444449, 27.763403638888889 ], [ -82.226540416666666, 27.765359638888889 ], [ -82.227786333333341, 27.767141555555554 ], [ -82.229381, 27.768687972222221 ], [ -82.231269472222223, 27.769945611111112 ], [ -82.23338675, 27.770871166666666 ], [ -82.235659861111117, 27.77143275 ], [ -82.2380105, 27.771611 ] ] } },
{ "type": "Feature", "properties": { "style": "solid", "thickness": 1 }, "geometry": { "type": "LineString", "coordinates": [ [ -82.226463777777781, 27.782959111111111 ], [ -82.226664388888892, 27.780868277777778 ], [ -82.227295916666662, 27.778846416666667 ], [ -82.228336611111118, 27.776963166666665 ], [ -82.229750611111115, 27.775283361111111 ], [ -82.23148919444445, 27.773864861111111 ], [ -82.233492472222224, 27.772756527777776 ], [ -82.2356915, 27.771996527777777 ], [ -82.2380105, 27.771611 ] ] } },
{ "type": "Feature", "properties": { "style": "solid", "thickness": 1 }, "geometry": { "type": "LineString", "coordinates": [ [ -82.226463777777781, 27.782959111111111 ], [ -82.2260305, 27.780896361111111 ], [ -82.225176138888884, 27.778940333333331 ], [ -82.223930166666662, 27.777158416666666 ], [ -82.22233544444444, 27.775611944444442 ], [ -82.22044697222222, 27.774354166666665 ], [ -82.21832975, 27.773428416666665 ], [ -82.216056666666674, 27.772866555555556 ], [ -82.213706055555562, 27.772687944444442 ] ] } },
{ "type": "Feature", "properties": { "style": "solid", "thickness": 1 }, "geometry": { "type": "LineString", "coordinates": [ [ -82.421197638888898, 27.629848472222221 ], [ -82.420758888888898, 27.622246027777777 ], [ -82.417465777777778, 27.62239675 ] ] } },
{ "type": "Feature", "properties": { "style": "solid", "thickness": 1 }, "geometry": { "type": "LineString", "coordinates": [ [ -82.415148611111121, 27.63012525 ], [ -82.411985972222226, 27.625528333333335 ], [ -82.409435611111121, 27.630386444444444 ] ] } },
{ "type": "Feature", "properties": { "style": "solid", "thickness": 1 }, "geometry": { "type": "LineString", "coordinates": [ [ -82.411985972222226, 27.625528333333335 ], [ -82.411823833333344, 27.622714805555557 ] ] } },
{ "type": "Feature", "properties": { "style": "solid", "thickness": 1 }, "geometry": { "type": "LineString", "coordinates": [ [ -82.406459305555558, 27.626681166666668 ], [ -82.402628361111113, 27.626856111111113 ] ] } },
{ "type": "Feature", "properties": { "style": "solid", "thickness": 1 }, "geometry": { "type": "LineString", "coordinates": [ [ -82.402647194444455, 27.630696472222223 ], [ -82.406679916666675, 27.630512333333336 ], [ -82.406242194444445, 27.622909861111111 ] ] } },
{ "type": "Feature", "properties": { "style": "solid", "thickness": 1 }, "geometry": { "type": "LineString", "coordinates": [ [ -82.399655833333341, 27.623210527777779 ], [ -82.400093111111119, 27.630813055555556 ] ] } },
{ "type": "Feature", "properties": { "style": "solid", "thickness": 1 }, "geometry": { "type": "LineString", "coordinates": [ [ -82.392498083333336, 27.631159388888889 ], [ -82.396598055555557, 27.630972472222222 ], [ -82.396161027777779, 27.623369944444445 ], [ -82.39199413888889, 27.623559916666668 ] ] } },
{ "type": "Feature", "properties": { "style": "solid", "thickness": 1 }, "geometry": { "type": "LineString", "coordinates": [ [ -82.396377833333347, 27.627141277777778 ], [ -82.392412416666673, 27.627322055555556 ] ] } },
{ "type": "Feature", "properties": { "style": "solid", "thickness": 1 }, "geometry": { "type": "LineString", "coordinates": [ [ -82.379978277777766, 27.610322611111112 ], [ -82.380061472222209, 27.611156777777779 ], [ -82.380310583333326, 27.611964333333336 ], [ -82.380717527777776, 27.612719277777778 ], [ -82.381269277777776, 27.613397361111112 ], [ -82.3819481111111, 27.613976777777779 ], [ -82.382732166666656, 27.614438916666668 ], [ -82.383596277777784, 27.614768916666669 ], [ -82.384512638888893, 27.614956166666669 ], [ -82.385451805555562, 27.614994666666668 ], [ -82.386383611111114, 27.614883138888889 ], [ -82.387278055555569, 27.614625194444447 ], [ -82.388106444444446, 27.614229138888891 ], [ -82.388842111111117, 27.613707666666667 ], [ -82.389461416666677, 27.613077583333336 ], [ -82.389944472222226, 27.612359111111111 ], [ -82.39027575, 27.611575333333334 ], [ -82.390444583333334, 27.610751472222223 ], [ -82.390445555555559, 27.609914 ], [ -82.390278666666674, 27.609089833333336 ], [ -82.38994925, 27.608305444444447 ], [ -82.389467916666675, 27.607586055555558 ], [ -82.388850138888898, 27.606954805555556 ], [ -82.388115750000011, 27.606431944444445 ], [ -82.387288388888891, 27.606034305555557 ], [ -82.386394611111115, 27.605774666666669 ], [ -82.385463166666668, 27.605661333333334 ], [ -82.384523972222226, 27.605698 ], [ -82.383607250000011, 27.605883472222224 ], [ -82.382742388888886, 27.60621177777778 ], [ -82.381957222222212, 27.606672361111112 ], [ -82.381277, 27.60725041666667 ], [ -82.380723583333321, 27.607927416666669 ], [ -82.380314722222209, 27.60868152777778 ], [ -82.380063611111098, 27.609488583333334 ], [ -82.379978277777766, 27.610322611111112 ] ] } },
{ "type": "Feature", "properties": { "style": "solid", "thickness": 1 }, "geometry": { "type": "LineString", "coordinates": [ [ -82.373088583333328, 27.610879777777779 ], [ -82.375403722222217, 27.610491916666668 ], [ -82.3775985, 27.609729611111113 ], [ -82.379597333333322, 27.608619138888891 ], [ -82.381331333333321, 27.607198722222222 ], [ -82.382740805555542, 27.605517305555558 ], [ -82.383777166666675, 27.603632833333336 ], [ -82.384404777777789, 27.601610194444447 ], [ -82.384602027777788, 27.599519055555554 ] ] } },
{ "type": "Feature", "properties": { "style": "solid", "thickness": 1 }, "geometry": { "type": "LineString", "coordinates": [ [ -82.384602027777788, 27.599519055555554 ], [ -82.385037583333343, 27.601581361111112 ], [ -82.385893416666676, 27.603536444444448 ], [ -82.387140083333335, 27.605316972222223 ], [ -82.388734666666679, 27.606861583333334 ], [ -82.390622194444447, 27.608117083333333 ], [ -82.392737722222222, 27.609040222222223 ], [ -82.395008305555564, 27.609599194444446 ], [ -82.39735575, 27.609774722222223 ] ] } },
{ "type": "Feature", "properties": { "style": "solid", "thickness": 1 }, "geometry": { "type": "LineString", "coordinates": [ [ -82.385842527777783, 27.621136472222222 ], [ -82.386039777777782, 27.619045361111112 ], [ -82.386667444444456, 27.617022722222224 ], [ -82.38770386111112, 27.615138194444445 ], [ -82.389113333333341, 27.613456722222224 ], [ -82.390847305555567, 27.612036194444446 ], [ -82.392846027777779, 27.610925527777781 ], [ -82.395040694444447, 27.610162944444447 ], [ -82.39735575, 27.609774722222223 ] ] } },
{ "type": "Feature", "properties": { "style": "solid", "thickness": 1 }, "geometry": { "type": "LineString", "coordinates": [ [ -82.385842527777783, 27.621136472222222 ], [ -82.385406888888895, 27.619074166666667 ], [ -82.384550944444456, 27.617119083333336 ], [ -82.383304166666662, 27.615338555555557 ], [ -82.381709555555545, 27.613793861111112 ], [ -82.379822027777777, 27.61253825 ], [ -82.377706555555548, 27.611614916666667 ], [ -82.375436, 27.611055666666669 ], [ -82.373088583333328, 27.610879777777779 ] ] } },
{ "type": "Feature", "properties": { "style": "solid", "thickness": 1 }, "geometry": { "type": "LineString", "coordinates": [ [ -82.69949347222223, 27.619992666666668 ], [ -82.696242527777784, 27.616366333333335 ] ] } },
{ "type": "Feature", "properties": { "style": "solid", "thickness": 1 }, "geometry": { "type": "LineString", "coordinates": [ [ -82.70168533333333, 27.616106166666668 ], [ -82.702143444444445, 27.623707722222221 ], [ -82.698783472222232, 27.623868333333334 ], [ -82.698507472222232, 27.623761472222224 ], [ -82.69788825, 27.623550944444446 ], [ -82.69724741666667, 27.622981305555555 ], [ -82.696942555555566, 27.622395611111113 ], [ -82.696899305555561, 27.621677361111111 ], [ -82.697132055555556, 27.621065944444446 ], [ -82.697700777777783, 27.6204385 ], [ -82.698291138888891, 27.620170194444444 ], [ -82.698552722222232, 27.620037638888888 ], [ -82.701912583333339, 27.619877027777779 ] ] } },
{ "type": "Feature", "properties": { "style": "solid", "thickness": 1 }, "geometry": { "type": "LineString", "coordinates": [ [ -82.693945083333332, 27.6240995 ], [ -82.693581194444448, 27.61805413888889 ], [ -82.693496, 27.617758083333335 ], [ -82.692989611111116, 27.617182 ], [ -82.692632, 27.616838916666666 ], [ -82.692080027777777, 27.616625166666669 ], [ -82.691337277777777, 27.616600583333334 ], [ -82.69026216666667, 27.616651916666669 ], [ -82.689661, 27.616740638888889 ], [ -82.688872666666668, 27.617078388888888 ], [ -82.68842747222223, 27.617519833333333 ], [ -82.688180305555562, 27.617891777777778 ], [ -82.688078305555564, 27.61843688888889 ], [ -82.688434694444453, 27.624362527777777 ] ] } },
{ "type": "Feature", "properties": { "style": "solid", "thickness": 1 }, "geometry": { "type": "LineString", "coordinates": [ [ -82.685612277777778, 27.624497194444444 ], [ -82.680773833333333, 27.624727888888888 ] ] } },
{ "type": "Feature", "properties": { "style": "solid", "thickness": 1 }, "geometry": { "type": "LineString", "coordinates": [ [ -82.68326025, 27.624609333333336 ], [ -82.682803444444446, 27.61700775 ] ] } },
{ "type": "Feature", "properties": { "style": "solid", "thickness": 1 }, "geometry": { "type": "LineString", "coordinates": [ [ -82.677562138888888, 27.617257555555558 ], [ -82.674322555555563, 27.625035194444443 ], [ -82.670372138888894, 27.61759988888889 ] ] } },
{ "type": "Feature", "properties": { "style": "solid", "thickness": 1 }, "geometry": { "type": "LineString", "coordinates": [ [ -82.676499944444444, 27.619769222222224 ], [ -82.671661694444452, 27.619999611111112 ] ] } },
{ "type": "Feature", "properties": { "style": "solid", "thickness": 1 }, "geometry": { "type": "LineString", "coordinates": [ [ -82.663906333333344, 27.625530777777779 ], [ -82.6680056388889, 27.625335833333335 ], [ -82.667549861111112, 27.617734194444445 ], [ -82.663383666666675, 27.617932305555556 ] ] } },
{ "type": "Feature", "properties": { "style": "solid", "thickness": 1 }, "geometry": { "type": "LineString", "coordinates": [ [ -82.667775944444443, 27.621505083333332 ], [ -82.663811194444449, 27.621693611111112 ] ] } },
{ "type": "Feature", "properties": { "style": "solid", "thickness": 1 }, "geometry": { "type": "LineString", "coordinates": [ [ -82.653614916666669, 27.602774527777779 ], [ -82.653700166666667, 27.60360852777778 ], [ -82.653951222222233, 27.604415583333335 ], [ -82.654360027777784, 27.605169694444445 ], [ -82.6549133888889, 27.605846666666668 ], [ -82.655593555555555, 27.60642475 ], [ -82.656378694444456, 27.606885333333334 ], [ -82.6572435, 27.60721363888889 ], [ -82.65816025, 27.607399083333334 ], [ -82.659099416666677, 27.607435722222224 ], [ -82.660030833333337, 27.607322388888889 ], [ -82.66092458333334, 27.607062694444444 ], [ -82.661751888888901, 27.60666502777778 ], [ -82.662486194444455, 27.606142138888892 ], [ -82.663103888888898, 27.605510861111114 ], [ -82.663585111111118, 27.604791444444444 ], [ -82.663914416666671, 27.604007055555556 ], [ -82.664081194444449, 27.603182888888892 ], [ -82.664080111111119, 27.602345444444445 ], [ -82.663911194444452, 27.60152163888889 ], [ -82.66357988888889, 27.600737916666667 ], [ -82.663096805555554, 27.6000195 ], [ -82.662477527777781, 27.599389472222221 ], [ -82.661741944444444, 27.598868083333333 ], [ -82.660913694444446, 27.598472083333331 ], [ -82.660019361111111, 27.598214194444445 ], [ -82.659087750000012, 27.598102694444442 ], [ -82.65814875, 27.598141194444445 ], [ -82.657232555555566, 27.598328444444444 ], [ -82.656368583333332, 27.598658416666666 ], [ -82.65558466666667, 27.599120527777778 ], [ -82.654905944444451, 27.599699916666665 ], [ -82.654354222222224, 27.600377972222223 ], [ -82.653947277777789, 27.601132861111111 ], [ -82.653698166666672, 27.601940388888892 ], [ -82.653614916666669, 27.602774527777779 ] ] } },
{ "type": "Feature", "properties": { "style": "solid", "thickness": 1 }, "geometry": { "type": "LineString", "coordinates": [ [ -82.646727305555558, 27.603345166666667 ], [ -82.64904125000001, 27.60295277777778 ], [ -82.651233916666669, 27.602186222222223 ], [ -82.653229805555554, 27.601071861111112 ], [ -82.654960138888896, 27.599648111111112 ], [ -82.656365305555568, 27.597963972222221 ], [ -82.65739691666667, 27.596077527777776 ], [ -82.6580195, 27.59405372222222 ], [ -82.658211555555567, 27.591962305555555 ] ] } },
{ "type": "Feature", "properties": { "style": "solid", "thickness": 1 }, "geometry": { "type": "LineString", "coordinates": [ [ -82.658211555555567, 27.591962305555555 ], [ -82.65865216666667, 27.594023694444445 ], [ -82.659512722222232, 27.595977027777778 ], [ -82.660763638888895, 27.597755055555556 ], [ -82.662361861111123, 27.5992965 ], [ -82.664252305555564, 27.600548277777779 ], [ -82.666369861111122, 27.601467222222222 ], [ -82.668641611111113, 27.602021722222222 ], [ -82.67098925, 27.602192666666667 ] ] } },
{ "type": "Feature", "properties": { "style": "solid", "thickness": 1 }, "geometry": { "type": "LineString", "coordinates": [ [ -82.659505222222222, 27.613576583333334 ], [ -82.659697305555568, 27.611485138888892 ], [ -82.660319916666666, 27.609461333333336 ], [ -82.661351583333342, 27.607574861111111 ], [ -82.66275675, 27.605890666666667 ], [ -82.664487027777781, 27.604466805555557 ], [ -82.666482833333333, 27.60335225 ], [ -82.6686753888889, 27.602585416666667 ], [ -82.67098925, 27.602192666666667 ] ] } },
{ "type": "Feature", "properties": { "style": "solid", "thickness": 1 }, "geometry": { "type": "LineString", "coordinates": [ [ -82.659505222222222, 27.613576583333334 ], [ -82.65906455555556, 27.611515194444447 ], [ -82.658203861111119, 27.609561833333334 ], [ -82.656952833333335, 27.607783805555556 ], [ -82.655354583333335, 27.606242305555558 ], [ -82.653464138888893, 27.604990416666666 ], [ -82.651346611111123, 27.60407125 ], [ -82.649074916666677, 27.603516472222225 ], [ -82.646727305555558, 27.603345166666667 ] ] } },
{ "type": "Feature", "properties": { "style": "solid", "thickness": 1 }, "geometry": { "type": "LineString", "coordinates": [ [ -82.392681527777782, 27.312789444444444 ], [ -82.390838333333335, 27.320496388888888 ], [ -82.387588055555568, 27.313022194444446 ], [ -82.385677472222227, 27.320732111111109 ], [ -82.382762638888877, 27.3132425 ] ] } },
{ "type": "Feature", "properties": { "style": "solid", "thickness": 1 }, "geometry": { "type": "LineString", "coordinates": [ [ -82.380382555555542, 27.320973777777777 ], [ -82.380036805555548, 27.314927444444447 ], [ -82.379952666666654, 27.314631166666668 ], [ -82.379449305555553, 27.314053916666666 ], [ -82.379093666666662, 27.313710027777777 ], [ -82.378543805555552, 27.31349502777778 ], [ -82.377803166666666, 27.313468777777778 ], [ -82.376730833333326, 27.313517666666666 ], [ -82.37613108333332, 27.313605055555556 ], [ -82.375343944444438, 27.31394102777778 ], [ -82.37489875, 27.314381472222223 ], [ -82.374651166666666, 27.31475288888889 ], [ -82.374547916666657, 27.315297777777779 ], [ -82.374886527777775, 27.321224416666666 ] ] } },
{ "type": "Feature", "properties": { "style": "solid", "thickness": 1 }, "geometry": { "type": "LineString", "coordinates": [ [ -82.369439861111104, 27.31763125 ], [ -82.366208638888878, 27.313997083333334 ] ] } },
{ "type": "Feature", "properties": { "style": "solid", "thickness": 1 }, "geometry": { "type": "LineString", "coordinates": [ [ -82.371637305555552, 27.313749833333333 ], [ -82.372071472222217, 27.321352694444442 ], [ -82.368720222222223, 27.321505333333334 ], [ -82.368445305555554, 27.321397833333332 ], [ -82.367828416666654, 27.321185833333335 ], [ -82.367191027777764, 27.320614638888888 ], [ -82.366888749999987, 27.320028194444443 ], [ -82.36684775, 27.319309805555555 ], [ -82.367081694444437, 27.318698944444446 ], [ -82.36765075, 27.318072833333332 ], [ -82.368240277777772, 27.317805916666668 ], [ -82.368501527777767, 27.317673972222224 ], [ -82.371852666666655, 27.317521333333332 ] ] } },
{ "type": "Feature", "properties": { "style": "solid", "thickness": 1 }, "geometry": { "type": "LineString", "coordinates": [ [ -82.363460777777775, 27.314122138888891 ], [ -82.363894416666668, 27.321725 ], [ -82.360945305555546, 27.321859166666666 ], [ -82.360134166666654, 27.321776027777776 ], [ -82.359788805555553, 27.321611666666666 ], [ -82.35922869444444, 27.321217 ], [ -82.358386888888887, 27.320595027777777 ], [ -82.357806333333329, 27.319841166666667 ], [ -82.357638166666661, 27.31924861111111 ], [ -82.3575256111111, 27.317273055555557 ], [ -82.357628944444443, 27.316728166666667 ], [ -82.35799013888888, 27.3159915 ], [ -82.358435416666666, 27.315551111111112 ], [ -82.358873861111107, 27.314991 ], [ -82.359520194444443, 27.314541472222224 ], [ -82.360314222222215, 27.314325305555556 ], [ -82.360779944444445, 27.314244083333335 ], [ -82.363460777777775, 27.314122138888891 ] ] } },
{ "type": "Feature", "properties": { "style": "solid", "thickness": 1 }, "geometry": { "type": "LineString", "coordinates": [ [ -82.350288194444445, 27.322343444444446 ], [ -82.35149463888888, 27.322288666666665 ], [ -82.35209447222222, 27.322201416666665 ], [ -82.353270277777767, 27.321607833333331 ], [ -82.35435175, 27.320538333333332 ], [ -82.354709555555544, 27.319741833333332 ], [ -82.354856083333331, 27.318774833333332 ], [ -82.35481175, 27.317996583333333 ], [ -82.354636805555543, 27.317284305555557 ], [ -82.35425736111111, 27.316521277777777 ], [ -82.353465583333332, 27.315596916666667 ], [ -82.353180444444433, 27.315309777777777 ], [ -82.352623833333325, 27.314974944444444 ], [ -82.351464, 27.3146675 ], [ -82.350056555555554, 27.314731416666667 ], [ -82.349393166666658, 27.314881555555555 ], [ -82.348736555555547, 27.315151444444446 ], [ -82.348344638888889, 27.315349305555557 ], [ -82.347701666666666, 27.315858638888891 ], [ -82.347139333333331, 27.316604416666667 ], [ -82.3469655, 27.317092472222221 ], [ -82.346815527777778, 27.317999583333332 ], [ -82.34689725, 27.319436333333332 ], [ -82.347582194444442, 27.32084575 ], [ -82.348011611111104, 27.321306416666665 ], [ -82.348504638888883, 27.321704166666667 ], [ -82.348990833333332, 27.321982222222221 ], [ -82.349128305555553, 27.322036 ], [ -82.350288194444445, 27.322343444444446 ] ] } },
{ "type": "Feature", "properties": { "style": "solid", "thickness": 1 }, "geometry": { "type": "LineString", "coordinates": [ [ -82.324189333333337, 27.318728861111111 ], [ -82.32427191666666, 27.319563111111112 ], [ -82.324519944444447, 27.320370777777779 ], [ -82.324925444444446, 27.321125916666666 ], [ -82.325475416666663, 27.321804222222223 ], [ -82.32615216666666, 27.322383944444443 ], [ -82.326933916666661, 27.322846416666668 ], [ -82.327795583333327, 27.32317675 ], [ -82.328709416666669, 27.323364388888887 ], [ -82.329646111111103, 27.323403222222222 ], [ -82.3305755, 27.323292083333332 ], [ -82.331467722222214, 27.323034472222222 ], [ -82.332294111111111, 27.322638722222223 ], [ -82.333028111111105, 27.322117555555554 ], [ -82.333646111111108, 27.321487666666666 ], [ -82.334128222222219, 27.320769361111111 ], [ -82.334459, 27.319985694444444 ], [ -82.334627805555556, 27.319161888888889 ], [ -82.334629194444446, 27.31832438888889 ], [ -82.334463166666666, 27.317500111111112 ], [ -82.334135, 27.316715583333334 ], [ -82.333655305555553, 27.315996 ], [ -82.333039444444438, 27.315364472222225 ], [ -82.332307277777772, 27.314841305555557 ], [ -82.331482277777781, 27.314443333333333 ], [ -82.330591, 27.314183305555556 ], [ -82.329662083333332, 27.314069638888888 ], [ -82.328725361111111, 27.314105916666666 ], [ -82.327810916666664, 27.314291027777777 ], [ -82.326948194444441, 27.314619 ], [ -82.326164888888883, 27.31507927777778 ], [ -82.325486166666664, 27.315657111111111 ], [ -82.324933861111106, 27.316333888888888 ], [ -82.324525722222219, 27.317087888888889 ], [ -82.324274861111107, 27.31789486111111 ], [ -82.324189333333337, 27.318728861111111 ] ] } },
{ "type": "Feature", "properties": { "style": "solid", "thickness": 1 }, "geometry": { "type": "LineString", "coordinates": [ [ -82.317317527777774, 27.319283333333335 ], [ -82.31962675, 27.318896388888888 ], [ -82.321816138888892, 27.318134916666665 ], [ -82.32381025, 27.317025194444444 ], [ -82.325540361111109, 27.315605416666667 ], [ -82.326946944444444, 27.3139245 ], [ -82.32798152777778, 27.312040388888889 ], [ -82.3286085, 27.310017916666666 ], [ -82.32880625, 27.307926805555557 ] ] } },
{ "type": "Feature", "properties": { "style": "solid", "thickness": 1 }, "geometry": { "type": "LineString", "coordinates": [ [ -82.32880625, 27.307926805555557 ], [ -82.329239638888879, 27.309989361111111 ], [ -82.33009225, 27.311944833333335 ], [ -82.33133475, 27.313725916666666 ], [ -82.332924333333324, 27.315271194444446 ], [ -82.334806277777773, 27.3165275 ], [ -82.336915749999989, 27.3174515 ], [ -82.339180083333332, 27.318011361111111 ], [ -82.34152125, 27.318187833333333 ] ] } },
{ "type": "Feature", "properties": { "style": "solid", "thickness": 1 }, "geometry": { "type": "LineString", "coordinates": [ [ -82.33003275, 27.329545388888889 ], [ -82.330230527777772, 27.327454277777779 ], [ -82.330857527777781, 27.325431833333333 ], [ -82.331892166666663, 27.323547666666666 ], [ -82.333298722222224, 27.321866694444445 ], [ -82.335028833333325, 27.320446805555555 ], [ -82.337022833333322, 27.319336888888888 ], [ -82.339212111111109, 27.318575166666665 ], [ -82.34152125, 27.318187833333333 ] ] } },
{ "type": "Feature", "properties": { "style": "solid", "thickness": 1 }, "geometry": { "type": "LineString", "coordinates": [ [ -82.33003275, 27.329545388888889 ], [ -82.329599277777774, 27.327482861111111 ], [ -82.328746555555554, 27.32552736111111 ], [ -82.327503972222217, 27.323746277777779 ], [ -82.32591433333333, 27.322200916666667 ], [ -82.324032388888881, 27.320944527777776 ], [ -82.321922972222225, 27.320020333333332 ], [ -82.319658694444442, 27.319460166666666 ], [ -82.317317527777774, 27.319283333333335 ] ] } },
{ "type": "Feature", "properties": { "style": "solid", "thickness": 1 }, "geometry": { "type": "LineString", "coordinates": [ [ -82.2691395, 27.190837944444446 ], [ -82.26591525, 27.187201416666667 ] ] } },
{ "type": "Feature", "properties": { "style": "solid", "thickness": 1 }, "geometry": { "type": "LineString", "coordinates": [ [ -82.271337916666667, 27.186958083333334 ], [ -82.271764777777776, 27.194561305555556 ], [ -82.268417222222226, 27.194711555555557 ], [ -82.26814269444445, 27.194603833333332 ], [ -82.267526694444442, 27.194391388888889 ], [ -82.266890555555548, 27.19381975 ], [ -82.266589166666662, 27.193233083333332 ], [ -82.266548861111104, 27.192514666666668 ], [ -82.266783083333337, 27.191903972222221 ], [ -82.267352055555548, 27.19127825 ], [ -82.267941138888887, 27.19101175 ], [ -82.268202222222214, 27.19088 ], [ -82.271549666666672, 27.19072975 ] ] } },
{ "type": "Feature", "properties": { "style": "solid", "thickness": 1 }, "geometry": { "type": "LineString", "coordinates": [ [ -82.258843166666665, 27.195140805555557 ], [ -82.260048305555557, 27.195086805555555 ], [ -82.2606475, 27.194999916666667 ], [ -82.261822444444448, 27.194407111111111 ], [ -82.262903555555553, 27.193338333333333 ], [ -82.263261611111105, 27.19254202777778 ], [ -82.26340875, 27.19157513888889 ], [ -82.263365111111113, 27.19079686111111 ], [ -82.263190944444446, 27.190084444444445 ], [ -82.262812555555556, 27.189321166666666 ], [ -82.26202244444444, 27.188396277777777 ], [ -82.261737861111115, 27.188108944444444 ], [ -82.261182166666671, 27.18777375 ], [ -82.260023916666668, 27.187465555555555 ], [ -82.258618055555559, 27.187528527777779 ], [ -82.257955277777782, 27.187678277777778 ], [ -82.257299222222215, 27.187947722222223 ], [ -82.25690758333333, 27.188145333333335 ], [ -82.256264944444439, 27.18865425 ], [ -82.255702638888891, 27.189399666666667 ], [ -82.255528611111117, 27.189887583333334 ], [ -82.255378055555553, 27.190794611111112 ], [ -82.2554585, 27.192231444444445 ], [ -82.256141527777771, 27.193641305555555 ], [ -82.256570055555557, 27.19410225 ], [ -82.257062194444444, 27.19450036111111 ], [ -82.257547611111107, 27.194778694444445 ], [ -82.257684861111116, 27.194832555555557 ], [ -82.258843166666665, 27.195140805555557 ] ] } },
{ "type": "Feature", "properties": { "style": "solid", "thickness": 1 }, "geometry": { "type": "LineString", "coordinates": [ [ -82.249091611111112, 27.194797083333334 ], [ -82.249727666666672, 27.195368805555557 ], [ -82.249864916666667, 27.195422694444446 ], [ -82.250742, 27.1955035 ], [ -82.25147177777778, 27.195350805555556 ], [ -82.251860083333327, 27.195093361111113 ], [ -82.252245027777775, 27.194776027777777 ], [ -82.252549638888894, 27.194222222222223 ], [ -82.252472555555556, 27.192845277777778 ], [ -82.252040694444446, 27.192324416666668 ], [ -82.2517595, 27.192096944444444 ], [ -82.250735166666672, 27.191782666666668 ], [ -82.24958025, 27.19153425 ], [ -82.248756777777785, 27.191210972222223 ], [ -82.248468888888894, 27.19086375 ], [ -82.248288111111108, 27.190031555555557 ], [ -82.248378472222228, 27.189247305555554 ], [ -82.248686416666672, 27.188753361111111 ], [ -82.249007777777777, 27.188498916666667 ], [ -82.2492655, 27.188307333333334 ], [ -82.249590194444451, 27.18811275 ], [ -82.25031658333333, 27.187900222222222 ], [ -82.25071825, 27.18788225 ], [ -82.251126638888891, 27.187984 ], [ -82.251675638888884, 27.1881995 ], [ -82.252023777777779, 27.188424 ], [ -82.252519194444446, 27.188881972222223 ] ] } },
{ "type": "Feature", "properties": { "style": "solid", "thickness": 1 }, "geometry": { "type": "LineString", "coordinates": [ [ -82.245787527777779, 27.195725055555556 ], [ -82.240966944444452, 27.1959405 ] ] } },
{ "type": "Feature", "properties": { "style": "solid", "thickness": 1 }, "geometry": { "type": "LineString", "coordinates": [ [ -82.24344419444445, 27.195829805555555 ], [ -82.243019277777776, 27.1882265 ] ] } },
{ "type": "Feature", "properties": { "style": "solid", "thickness": 1 }, "geometry": { "type": "LineString", "coordinates": [ [ -82.238154944444446, 27.196066083333335 ], [ -82.235012, 27.191464972222221 ], [ -82.232463944444447, 27.196320055555557 ] ] } },
{ "type": "Feature", "properties": { "style": "solid", "thickness": 1 }, "geometry": { "type": "LineString", "coordinates": [ [ -82.235012, 27.191464972222221 ], [ -82.23485494444445, 27.18865113888889 ] ] } },
{ "type": "Feature", "properties": { "style": "solid", "thickness": 1 }, "geometry": { "type": "LineString", "coordinates": [ [ -82.280390638888889, 27.176682722222225 ], [ -82.280472777777774, 27.177516972222225 ], [ -82.280720166666669, 27.178324694444445 ], [ -82.281124833333337, 27.179079944444446 ], [ -82.281673777777783, 27.179758444444445 ], [ -82.282349416666662, 27.180338361111112 ], [ -82.28312994444444, 27.180801055555555 ], [ -82.283990333333335, 27.181131694444446 ], [ -82.284902916666667, 27.181319583333334 ], [ -82.285838361111104, 27.18135875 ], [ -82.286766583333332, 27.181247916666667 ], [ -82.287657722222221, 27.180990611111113 ], [ -82.288483194444439, 27.18059513888889 ], [ -82.289216444444449, 27.180074194444444 ], [ -82.289833861111106, 27.179444527777779 ], [ -82.290315666666672, 27.178726416666667 ], [ -82.290646333333328, 27.177942861111113 ], [ -82.29081525, 27.177119111111111 ], [ -82.290816972222217, 27.176281638888891 ], [ -82.290651472222223, 27.175457333333334 ], [ -82.290324083333331, 27.174672722222223 ], [ -82.289845305555559, 27.173952972222224 ], [ -82.289230527777775, 27.173321277777777 ], [ -82.288499527777773, 27.172797888888891 ], [ -82.287675777777778, 27.172399638888891 ], [ -82.28678577777778, 27.172139361111114 ], [ -82.285858111111111, 27.172025361111114 ], [ -82.284922583333326, 27.172061361111112 ], [ -82.284009305555557, 27.172246166666667 ], [ -82.283147555555558, 27.172573833333335 ], [ -82.282365083333332, 27.173033861111112 ], [ -82.281687027777778, 27.173611444444447 ], [ -82.281135166666672, 27.174288027777777 ], [ -82.28072725, 27.175041888888892 ], [ -82.280476388888886, 27.17584875 ], [ -82.280390638888889, 27.176682722222225 ] ] } },
{ "type": "Feature", "properties": { "style": "solid", "thickness": 1 }, "geometry": { "type": "LineString", "coordinates": [ [ -82.273527638888893, 27.177234916666666 ], [ -82.275834, 27.176848722222225 ], [ -82.278020805555556, 27.176088 ], [ -82.28001275, 27.174978944444447 ], [ -82.28174119444445, 27.173559777777779 ], [ -82.283146611111107, 27.171879361111113 ], [ -82.284180611111111, 27.169995611111112 ], [ -82.284807583333333, 27.167973416666669 ], [ -82.285005944444435, 27.165882416666665 ] ] } },
{ "type": "Feature", "properties": { "style": "solid", "thickness": 1 }, "geometry": { "type": "LineString", "coordinates": [ [ -82.285005944444435, 27.165882416666665 ], [ -82.285437916666666, 27.167945055555556 ], [ -82.286288583333331, 27.16990077777778 ], [ -82.28752872222222, 27.171682194444447 ], [ -82.289115611111114, 27.173228 ], [ -82.290994555555557, 27.174484861111111 ], [ -82.293100888888887, 27.175409527777781 ], [ -82.295362, 27.175970138888889 ], [ -82.297700027777779, 27.176147361111113 ] ] } },
{ "type": "Feature", "properties": { "style": "solid", "thickness": 1 }, "geometry": { "type": "LineString", "coordinates": [ [ -82.286221944444449, 27.187500916666668 ], [ -82.286420333333325, 27.185409916666668 ], [ -82.287047333333334, 27.183387694444445 ], [ -82.288081388888884, 27.181503916666667 ], [ -82.289486805555555, 27.179823444444445 ], [ -82.291215194444447, 27.178404166666667 ], [ -82.293207055555555, 27.177294916666668 ], [ -82.29539375, 27.176533916666667 ], [ -82.297700027777779, 27.176147361111113 ] ] } },
{ "type": "Feature", "properties": { "style": "solid", "thickness": 1 }, "geometry": { "type": "LineString", "coordinates": [ [ -82.286221944444449, 27.187500916666668 ], [ -82.285789888888885, 27.185438277777777 ], [ -82.284939111111115, 27.183482555555557 ], [ -82.283698888888892, 27.181701111111114 ], [ -82.282111972222225, 27.18015525 ], [ -82.280233, 27.17889825 ], [ -82.278126722222225, 27.177973388888891 ], [ -82.275865666666661, 27.1774125 ], [ -82.273527638888893, 27.177234916666666 ] ] } }
]
}
