{
"type": "FeatureCollection",
"name": "tpa106sgp",
"features": [
{ "type": "Feature", "properties": { "style": "solid", "thickness": 1 }, "geometry": { "type": "LineString", "coordinates": [ [ -82.521223194444445, 27.986027333333336 ], [ -82.521223194444445, 27.987861555555558 ] ] } },
{ "type": "Feature", "properties": { "style": "solid", "thickness": 1 }, "geometry": { "type": "LineString", "coordinates": [ [ -82.520706611111109, 27.985843888888891 ], [ -82.520706638888882, 27.988045 ] ] } },
{ "type": "Feature", "properties": { "style": "solid", "thickness": 1 }, "geometry": { "type": "LineString", "coordinates": [ [ -82.52019005555556, 27.985843888888891 ], [ -82.52019005555556, 27.988045 ] ] } },
{ "type": "Feature", "properties": { "style": "solid", "thickness": 1 }, "geometry": { "type": "LineString", "coordinates": [ [ -82.519673472222223, 27.986027305555556 ], [ -82.519673472222223, 27.987861555555558 ] ] } },
{ "type": "Feature", "properties": { "style": "solid", "thickness": 1 }, "geometry": { "type": "LineString", "coordinates": [ [ -82.519156888888887, 27.986944444444447 ], [ -82.519164916666668, 27.987074472222222 ], [ -82.51919075, 27.98721038888889 ], [ -82.519236861111111, 27.987349666666667 ], [ -82.519305138888882, 27.987488916666667 ], [ -82.519396611111105, 27.987624222222223 ], [ -82.519511083333327, 27.987751194444446 ], [ -82.519646944444446, 27.987865333333335 ], [ -82.519801222222227, 27.987962638888892 ], [ -82.519969666666668, 27.988039833333335 ], [ -82.520147166666661, 27.988094833333335 ], [ -82.52032825, 27.988126916666669 ], [ -82.520507638888887, 27.988136694444446 ], [ -82.520680666666664, 27.988125861111111 ], [ -82.520843583333331, 27.98809702777778 ], [ -82.52099375, 27.988053222222224 ], [ -82.521129583333334, 27.987997583333335 ], [ -82.521253638888894, 27.987931305555556 ], [ -82.52137477777778, 27.98784913888889 ], [ -82.52149030555556, 27.987749833333336 ], [ -82.521596222222215, 27.987633305555555 ], [ -82.521688111111104, 27.987500416666666 ], [ -82.521761722222223, 27.987353111111112 ], [ -82.521813222222221, 27.9871945 ], [ -82.52183975, 27.987028611111111 ], [ -82.521839722222225, 27.98686025 ], [ -82.521813222222221, 27.986694388888889 ], [ -82.521761722222223, 27.986535777777778 ], [ -82.521688111111104, 27.986388472222224 ], [ -82.521596194444442, 27.986255555555555 ], [ -82.52149030555556, 27.986139027777778 ], [ -82.52137475, 27.98603975 ], [ -82.521253611111106, 27.985957555555558 ], [ -82.521129583333334, 27.985891305555558 ], [ -82.52099375, 27.985835666666667 ], [ -82.520843583333331, 27.985791861111114 ], [ -82.520680666666664, 27.985763027777779 ], [ -82.520507638888887, 27.985752194444444 ], [ -82.52032825, 27.985761972222225 ], [ -82.520147166666661, 27.985794055555555 ], [ -82.519969666666668, 27.985849055555555 ], [ -82.519801222222227, 27.98592625 ], [ -82.519646944444446, 27.986023527777778 ], [ -82.519511083333327, 27.986137694444444 ], [ -82.519396611111105, 27.98626463888889 ], [ -82.519305138888882, 27.986399944444447 ], [ -82.519236861111111, 27.986539222222223 ], [ -82.51919075, 27.986678472222223 ], [ -82.519164916666668, 27.986814388888888 ], [ -82.519156888888887, 27.986944444444447 ] ] } },
{ "type": "Feature", "properties": { "style": "solid", "thickness": 1 }, "geometry": { "type": "LineString", "coordinates": [ [ -82.47429325, 28.406015472222222 ], [ -82.43643461111111, 28.408191777777777 ] ] } },
{ "type": "Feature", "properties": { "style": "solid", "thickness": 1 }, "geometry": { "type": "LineString", "coordinates": [ [ -82.300589305555548, 28.167836777777779 ], [ -82.262810333333334, 28.170057277777779 ] ] } },
{ "type": "Feature", "properties": { "style": "solid", "thickness": 1 }, "geometry": { "type": "LineString", "coordinates": [ [ -82.47191772222223, 28.08522 ], [ -82.438515861111114, 28.086023583333333 ] ] } },
{ "type": "Feature", "properties": { "style": "solid", "thickness": 1 }, "geometry": { "type": "LineString", "coordinates": [ [ -82.59804336111111, 28.017546194444442 ], [ -82.559599611111111, 28.019756722222223 ] ] } },
{ "type": "Feature", "properties": { "style": "solid", "thickness": 1 }, "geometry": { "type": "LineString", "coordinates": [ [ -82.937818805555565, 27.983245194444443 ], [ -82.904456944444448, 27.985629277777779 ] ] } },
{ "type": "Feature", "properties": { "style": "solid", "thickness": 1 }, "geometry": { "type": "LineString", "coordinates": [ [ -82.720267277777779, 27.805954111111113 ], [ -82.685511777777776, 27.8087455 ] ] } },
{ "type": "Feature", "properties": { "style": "solid", "thickness": 1 }, "geometry": { "type": "LineString", "coordinates": [ [ -82.507097305555561, 27.731405222222222 ], [ -82.470814944444442, 27.732949527777777 ] ] } },
{ "type": "Feature", "properties": { "style": "solid", "thickness": 1 }, "geometry": { "type": "LineString", "coordinates": [ [ -82.342264805555544, 27.742358055555556 ], [ -82.309277555555553, 27.742763888888891 ] ] } },
{ "type": "Feature", "properties": { "style": "solid", "thickness": 1 }, "geometry": { "type": "LineString", "coordinates": [ [ -82.243318111111108, 27.663667972222221 ], [ -82.209217888888887, 27.665147833333332 ] ] } },
{ "type": "Feature", "properties": { "style": "solid", "thickness": 1 }, "geometry": { "type": "LineString", "coordinates": [ [ -82.989167694444447, 27.681531805555558 ], [ -82.999108583333339, 27.693605694444443 ] ] } },
{ "type": "Feature", "properties": { "style": "solid", "thickness": 1 }, "geometry": { "type": "LineString", "coordinates": [ [ -82.999108583333339, 27.693605694444443 ], [ -82.999483305555557, 27.709287777777778 ] ] } },
{ "type": "Feature", "properties": { "style": "solid", "thickness": 1 }, "geometry": { "type": "LineString", "coordinates": [ [ -82.999448944444438, 27.725704944444441 ], [ -82.99907397222222, 27.759273972222221 ] ] } },
{ "type": "Feature", "properties": { "style": "solid", "thickness": 1 }, "geometry": { "type": "LineString", "coordinates": [ [ -82.999657055555559, 27.775413888888888 ], [ -82.9994875, 27.808798666666668 ] ] } },
{ "type": "Feature", "properties": { "style": "solid", "thickness": 1 }, "geometry": { "type": "LineString", "coordinates": [ [ -82.999140944444449, 27.82457475 ], [ -82.999690416666667, 27.857223277777781 ] ] } },
{ "type": "Feature", "properties": { "style": "solid", "thickness": 1 }, "geometry": { "type": "LineString", "coordinates": [ [ -82.999563222222221, 27.876116833333334 ], [ -82.99959225, 27.907666361111108 ] ] } },
{ "type": "Feature", "properties": { "style": "solid", "thickness": 1 }, "geometry": { "type": "LineString", "coordinates": [ [ -82.999461527777783, 27.925734388888891 ], [ -82.999599611111108, 27.958659083333334 ] ] } },
{ "type": "Feature", "properties": { "style": "solid", "thickness": 1 }, "geometry": { "type": "LineString", "coordinates": [ [ -82.999364722222225, 27.976543916666664 ], [ -82.99970375, 28.008092 ] ] } },
{ "type": "Feature", "properties": { "style": "solid", "thickness": 1 }, "geometry": { "type": "LineString", "coordinates": [ [ -82.999672805555562, 28.025334055555554 ], [ -82.999611638888894, 28.060001472222222 ] ] } },
{ "type": "Feature", "properties": { "style": "solid", "thickness": 1 }, "geometry": { "type": "LineString", "coordinates": [ [ -82.99947725, 28.077243722222221 ], [ -82.999504388888894, 28.10833377777778 ] ] } },
{ "type": "Feature", "properties": { "style": "solid", "thickness": 1 }, "geometry": { "type": "LineString", "coordinates": [ [ -82.999477611111118, 28.12658436111111 ], [ -82.999817916666672, 28.158315083333331 ] ] } },
{ "type": "Feature", "properties": { "style": "solid", "thickness": 1 }, "geometry": { "type": "LineString", "coordinates": [ [ -82.999901222222221, 28.178124194444447 ], [ -83.000237166666665, 28.208754111111109 ] ] } },
{ "type": "Feature", "properties": { "style": "solid", "thickness": 1 }, "geometry": { "type": "LineString", "coordinates": [ [ -83.00000225, 28.226729888888887 ], [ -82.999624555555556, 28.260021388888887 ] ] } },
{ "type": "Feature", "properties": { "style": "solid", "thickness": 1 }, "geometry": { "type": "LineString", "coordinates": [ [ -82.9998985, 28.275886 ], [ -82.999825, 28.283039472222221 ] ] } },
{ "type": "Feature", "properties": { "style": "solid", "thickness": 1 }, "geometry": { "type": "LineString", "coordinates": [ [ -82.999825, 28.283039472222221 ], [ -82.988998166666661, 28.295455305555556 ] ] } },
{ "type": "Feature", "properties": { "style": "solid", "thickness": 1 }, "geometry": { "type": "LineString", "coordinates": [ [ -82.185751027777783, 28.375761777777779 ], [ -82.188255277777785, 28.339636111111108 ] ] } },
{ "type": "Feature", "properties": { "style": "solid", "thickness": 1 }, "geometry": { "type": "LineString", "coordinates": [ [ -82.188745833333343, 28.316619027777779 ], [ -82.188687166666668, 28.271590555555555 ] ] } },
{ "type": "Feature", "properties": { "style": "solid", "thickness": 1 }, "geometry": { "type": "LineString", "coordinates": [ [ -82.695199611111121, 27.504975305555554 ], [ -82.698698055555553, 27.505888583333334 ] ] } },
{ "type": "Feature", "properties": { "style": "solid", "thickness": 1 }, "geometry": { "type": "LineString", "coordinates": [ [ -82.478821333333329, 27.618585111111113 ], [ -82.491490666666664, 27.609144 ], [ -82.500243861111116, 27.604469666666667 ], [ -82.508791861111106, 27.595392388888889 ] ] } },
{ "type": "Feature", "properties": { "style": "solid", "thickness": 1 }, "geometry": { "type": "LineString", "coordinates": [ [ -82.147982250000013, 27.847405138888888 ], [ -82.147384722222228, 27.813377361111112 ] ] } },
{ "type": "Feature", "properties": { "style": "solid", "thickness": 1 }, "geometry": { "type": "LineString", "coordinates": [ [ -82.147233916666679, 27.798244 ], [ -82.147156777777781, 27.763025277777778 ] ] } },
{ "type": "Feature", "properties": { "style": "solid", "thickness": 1 }, "geometry": { "type": "LineString", "coordinates": [ [ -82.147737388888899, 27.74523425 ], [ -82.147960222222224, 27.712492583333333 ] ] } },
{ "type": "Feature", "properties": { "style": "solid", "thickness": 1 }, "geometry": { "type": "LineString", "coordinates": [ [ -82.147609111111123, 27.69579938888889 ], [ -82.147217194444451, 27.66213872222222 ] ] } },
{ "type": "Feature", "properties": { "style": "solid", "thickness": 1 }, "geometry": { "type": "LineString", "coordinates": [ [ -82.2693595, 27.752594666666667 ], [ -82.290975666666668, 27.722737361111111 ] ] } },
{ "type": "Feature", "properties": { "style": "solid", "thickness": 1 }, "geometry": { "type": "LineString", "coordinates": [ [ -82.3005905, 27.709456194444442 ], [ -82.321362472222219, 27.680968277777779 ] ] } },
{ "type": "Feature", "properties": { "style": "solid", "thickness": 1 }, "geometry": { "type": "LineString", "coordinates": [ [ -82.18348397222222, 27.938208111111113 ], [ -82.18678227777778, 27.90886847222222 ] ] } },
{ "type": "Feature", "properties": { "style": "solid", "thickness": 1 }, "geometry": { "type": "LineString", "coordinates": [ [ -82.172951555555557, 27.937904861111111 ], [ -82.18348397222222, 27.938208111111113 ] ] } },
{ "type": "Feature", "properties": { "style": "solid", "thickness": 1 }, "geometry": { "type": "LineString", "coordinates": [ [ -82.120078888888884, 27.937659805555555 ], [ -82.159938527777783, 27.93823586111111 ] ] } },
{ "type": "Feature", "properties": { "style": "solid", "thickness": 1 }, "geometry": { "type": "LineString", "coordinates": [ [ -82.182603944444452, 28.23223183333333 ], [ -82.188409638888899, 28.230137694444444 ], [ -82.19794244444445, 28.228144444444442 ] ] } },
{ "type": "Feature", "properties": { "style": "solid", "thickness": 1 }, "geometry": { "type": "LineString", "coordinates": [ [ -82.216784611111109, 28.229199416666663 ], [ -82.222583472222226, 28.229121388888888 ], [ -82.228802416666667, 28.2270265 ], [ -82.23388797222222, 28.222911194444443 ], [ -82.242495166666671, 28.2181615 ], [ -82.249125472222218, 28.216708555555552 ] ] } },
{ "type": "Feature", "properties": { "style": "solid", "thickness": 1 }, "geometry": { "type": "LineString", "coordinates": [ [ -82.260617305555556, 28.216916194444444 ], [ -82.264341222222228, 28.21820775 ], [ -82.268793722222227, 28.218033333333331 ], [ -82.275312333333332, 28.219697 ], [ -82.284205694444438, 28.224207861111111 ] ] } },
{ "type": "Feature", "properties": { "style": "solid", "thickness": 1 }, "geometry": { "type": "LineString", "coordinates": [ [ -82.3391605, 28.237873777777779 ], [ -82.352525111111106, 28.234499888888891 ], [ -82.353869972222213, 28.235235416666669 ], [ -82.347743972222219, 28.244214194444446 ] ] } },
{ "type": "Feature", "properties": { "style": "solid", "thickness": 1 }, "geometry": { "type": "LineString", "coordinates": [ [ -82.337568777777776, 28.25786375 ], [ -82.32770161111111, 28.271604694444445 ], [ -82.326137388888881, 28.276737861111108 ], [ -82.326730222222224, 28.290953444444447 ] ] } },
{ "type": "Feature", "properties": { "style": "solid", "thickness": 1 }, "geometry": { "type": "LineString", "coordinates": [ [ -82.325452444444437, 28.307917194444446 ], [ -82.325211055555556, 28.324699138888889 ], [ -82.349047138888878, 28.325101888888888 ] ] } },
{ "type": "Feature", "properties": { "style": "solid", "thickness": 1 }, "geometry": { "type": "LineString", "coordinates": [ [ -82.368327638888886, 28.322835277777777 ], [ -82.382836055555543, 28.323311638888889 ], [ -82.40698483333334, 28.322237444444443 ] ] } },
{ "type": "Feature", "properties": { "style": "solid", "thickness": 1 }, "geometry": { "type": "LineString", "coordinates": [ [ -82.42325575000001, 28.322161083333334 ], [ -82.435590166666671, 28.320429 ], [ -82.452584888888893, 28.32190875 ], [ -82.456420305555554, 28.320810777777776 ], [ -82.46180775, 28.322831666666666 ] ] } },
{ "type": "Feature", "properties": { "style": "solid", "thickness": 1 }, "geometry": { "type": "LineString", "coordinates": [ [ -82.477456083333337, 28.324032416666668 ], [ -82.491757888888884, 28.3244055 ], [ -82.499739583333337, 28.320648388888888 ], [ -82.506061361111108, 28.320375222222221 ], [ -82.52170944444444, 28.32349675 ] ] } },
{ "type": "Feature", "properties": { "style": "solid", "thickness": 1 }, "geometry": { "type": "LineString", "coordinates": [ [ -82.594258111111102, 28.329542555555555 ], [ -82.61323025, 28.338246555555553 ], [ -82.622764527777775, 28.33594886111111 ], [ -82.629291027777768, 28.331634861111112 ] ] } },
{ "type": "Feature", "properties": { "style": "solid", "thickness": 1 }, "geometry": { "type": "LineString", "coordinates": [ [ -82.651261583333337, 28.329418722222222 ], [ -82.660176222222233, 28.330695444444444 ], [ -82.675411083333344, 28.330039944444444 ], [ -82.687017194444451, 28.328561194444443 ] ] } },
{ "type": "Feature", "properties": { "style": "solid", "thickness": 1 }, "geometry": { "type": "LineString", "coordinates": [ [ -82.735161694444443, 28.300716111111111 ], [ -82.734107555555553, 28.290446361111112 ], [ -82.736587083333333, 28.286499527777778 ], [ -82.743309055555557, 28.279887083333332 ], [ -82.744847888888884, 28.271722916666665 ] ] } },
{ "type": "Feature", "properties": { "style": "solid", "thickness": 1 }, "geometry": { "type": "LineString", "coordinates": [ [ -82.801062722222213, 28.170291861111114 ], [ -82.793248138888885, 28.147287 ], [ -82.787329305555559, 28.137851388888887 ] ] } },
{ "type": "Feature", "properties": { "style": "solid", "thickness": 1 }, "geometry": { "type": "LineString", "coordinates": [ [ -82.783461305555548, 28.1196995 ], [ -82.784961055555556, 28.096310666666664 ], [ -82.784827972222217, 28.082921111111112 ] ] } },
{ "type": "Feature", "properties": { "style": "solid", "thickness": 1 }, "geometry": { "type": "LineString", "coordinates": [ [ -82.78685327777778, 28.063749916666666 ], [ -82.793526972222224, 28.04346975 ], [ -82.80103775, 28.028598666666667 ] ] } },
{ "type": "Feature", "properties": { "style": "solid", "thickness": 1 }, "geometry": { "type": "LineString", "coordinates": [ [ -82.811031611111105, 28.015740027777777 ], [ -82.81474325, 28.012247722222224 ], [ -82.820424083333336, 28.011135916666667 ], [ -82.828175861111106, 28.011670444444444 ], [ -82.829589333333331, 27.99901125 ], [ -82.829549583333332, 27.983878777777779 ] ] } },
{ "type": "Feature", "properties": { "style": "solid", "thickness": 1 }, "geometry": { "type": "LineString", "coordinates": [ [ -82.829095472222221, 27.968288555555553 ], [ -82.830202527777772, 27.957189 ], [ -82.842228416666657, 27.93579438888889 ], [ -82.842312305555552, 27.92873227777778 ] ] } },
{ "type": "Feature", "properties": { "style": "solid", "thickness": 1 }, "geometry": { "type": "LineString", "coordinates": [ [ -82.84763775, 27.912945972222222 ], [ -82.8513865, 27.887716416666667 ], [ -82.850718833333332, 27.870567444444443 ] ] } },
{ "type": "Feature", "properties": { "style": "solid", "thickness": 1 }, "geometry": { "type": "LineString", "coordinates": [ [ -82.845818638888886, 27.85269402777778 ], [ -82.83388838888888, 27.828782277777776 ], [ -82.822195472222219, 27.814957527777779 ] ] } },
{ "type": "Feature", "properties": { "style": "solid", "thickness": 1 }, "geometry": { "type": "LineString", "coordinates": [ [ -82.804940027777775, 27.802793277777777 ], [ -82.790161222222224, 27.789613611111111 ], [ -82.781567722222221, 27.774037222222223 ], [ -82.776093388888881, 27.76964425 ] ] } },
{ "type": "Feature", "properties": { "style": "solid", "thickness": 1 }, "geometry": { "type": "LineString", "coordinates": [ [ -82.765436944444446, 27.751777444444443 ], [ -82.754272722222225, 27.73602 ], [ -82.751176416666667, 27.73391525 ], [ -82.74373544444444, 27.723195611111109 ], [ -82.740832611111117, 27.713753138888887 ] ] } },
{ "type": "Feature", "properties": { "style": "solid", "thickness": 1 }, "geometry": { "type": "LineString", "coordinates": [ [ -82.739156194444448, 27.698347416666667 ], [ -82.738321916666663, 27.692754 ], [ -82.73829938888889, 27.680097361111113 ], [ -82.7425035, 27.669177277777781 ], [ -82.741567916666668, 27.664501138888888 ] ] } },
{ "type": "Feature", "properties": { "style": "solid", "thickness": 1 }, "geometry": { "type": "LineString", "coordinates": [ [ -82.744841388888887, 27.596076888888888 ], [ -82.747793222222228, 27.578096333333335 ], [ -82.74941588888889, 27.56525377777778 ] ] } },
{ "type": "Feature", "properties": { "style": "solid", "thickness": 1 }, "geometry": { "type": "LineString", "coordinates": [ [ -82.605276055555549, 27.829256416666666 ], [ -82.597331472222223, 27.827425388888887 ], [ -82.590824222222224, 27.80853463888889 ], [ -82.598349666666664, 27.800094194444444 ] ] } },
{ "type": "Feature", "properties": { "style": "solid", "thickness": 1 }, "geometry": { "type": "LineString", "coordinates": [ [ -82.658683972222221, 27.700730638888889 ], [ -82.662803694444449, 27.698892861111112 ], [ -82.677548305555561, 27.706858583333332 ], [ -82.692585277777781, 27.70088175 ] ] } },
{ "type": "Feature", "properties": { "style": "solid", "thickness": 1 }, "geometry": { "type": "LineString", "coordinates": [ [ -82.709677055555559, 27.692057666666667 ], [ -82.723782944444451, 27.686078527777777 ], [ -82.738504777777777, 27.679730194444446 ] ] } },
{ "type": "Feature", "properties": { "style": "solid", "thickness": 1 }, "geometry": { "type": "LineString", "coordinates": [ [ -82.357994638888883, 28.005965222222223 ], [ -82.357591944444437, 27.999819944444447 ], [ -82.36175297222222, 27.983317333333332 ], [ -82.3614595, 27.973595416666665 ] ] } },
{ "type": "Feature", "properties": { "style": "solid", "thickness": 1 }, "geometry": { "type": "LineString", "coordinates": [ [ -82.358700305555544, 27.956166305555556 ], [ -82.354596777777772, 27.940294361111111 ], [ -82.352352055555556, 27.92497513888889 ], [ -82.348441138888887, 27.917907694444445 ] ] } },
{ "type": "Feature", "properties": { "style": "solid", "thickness": 1 }, "geometry": { "type": "LineString", "coordinates": [ [ -82.347859027777773, 27.897363083333332 ], [ -82.35253675, 27.879118722222223 ], [ -82.350824361111108, 27.855545888888891 ] ] } },
{ "type": "Feature", "properties": { "style": "solid", "thickness": 1 }, "geometry": { "type": "LineString", "coordinates": [ [ -82.351998777777766, 27.833444472222222 ], [ -82.3514125, 27.815100833333332 ], [ -82.353809722222223, 27.801071916666668 ] ] } },
{ "type": "Feature", "properties": { "style": "solid", "thickness": 1 }, "geometry": { "type": "LineString", "coordinates": [ [ -82.361161277777768, 27.784114805555557 ], [ -82.366026444444444, 27.772932083333334 ], [ -82.373779472222211, 27.760468805555554 ], [ -82.375029166666664, 27.752491194444445 ] ] } },
{ "type": "Feature", "properties": { "style": "solid", "thickness": 1 }, "geometry": { "type": "LineString", "coordinates": [ [ -82.379795944444439, 27.736355222222222 ], [ -82.382180333333324, 27.727278333333331 ], [ -82.384674138888897, 27.71361575 ], [ -82.390251527777778, 27.70490925 ] ] } },
{ "type": "Feature", "properties": { "style": "solid", "thickness": 1 }, "geometry": { "type": "LineString", "coordinates": [ [ -82.407061305555558, 27.694563416666668 ], [ -82.4229395, 27.685223555555556 ], [ -82.431714472222225, 27.668355555555557 ] ] } },
{ "type": "Feature", "properties": { "style": "solid", "thickness": 1 }, "geometry": { "type": "LineString", "coordinates": [ [ -82.516928722222218, 27.578518722222221 ], [ -82.514359083333332, 27.565953166666667 ], [ -82.51240625, 27.557423222222223 ] ] } },
{ "type": "Feature", "properties": { "style": "solid", "thickness": 1 }, "geometry": { "type": "LineString", "coordinates": [ [ -82.20899847222222, 27.836012055555553 ], [ -82.230026861111114, 27.80689675 ] ] } },
{ "type": "Feature", "properties": { "style": "solid", "thickness": 1 }, "geometry": { "type": "LineString", "coordinates": [ [ -82.240792583333331, 27.793072166666668 ], [ -82.260460194444448, 27.765324833333334 ] ] } },
{ "type": "Feature", "properties": { "style": "solid", "thickness": 1 }, "geometry": { "type": "LineString", "coordinates": [ [ -82.330558555555555, 27.667317444444446 ], [ -82.342639722222216, 27.651835944444443 ], [ -82.3530665, 27.638185388888889 ], [ -82.358838583333323, 27.635258472222223 ] ] } },
{ "type": "Feature", "properties": { "style": "solid", "thickness": 1 }, "geometry": { "type": "LineString", "coordinates": [ [ -82.373268611111101, 27.62720638888889 ], [ -82.40747863888889, 27.609085388888889 ], [ -82.409747333333343, 27.60615277777778 ] ] } },
{ "type": "Feature", "properties": { "style": "solid", "thickness": 1 }, "geometry": { "type": "LineString", "coordinates": [ [ -82.418921, 27.596806583333333 ], [ -82.426553277777785, 27.583606388888889 ], [ -82.427700166666668, 27.570033527777777 ], [ -82.432233722222222, 27.565084722222224 ] ] } },
{ "type": "Feature", "properties": { "style": "solid", "thickness": 1 }, "geometry": { "type": "LineString", "coordinates": [ [ -82.442940166666673, 27.561516222222224 ], [ -82.4725895, 27.545026388888889 ] ] } },
{ "type": "Feature", "properties": { "style": "solid", "thickness": 1 }, "geometry": { "type": "LineString", "coordinates": [ [ -82.119806833333328, 28.006994 ], [ -82.119883166666654, 27.98755113888889 ], [ -82.12118502777777, 27.971688833333332 ] ] } },
{ "type": "Feature", "properties": { "style": "solid", "thickness": 1 }, "geometry": { "type": "LineString", "coordinates": [ [ -82.120215305555547, 27.955544333333332 ], [ -82.120078888888884, 27.937659805555555 ], [ -82.127578777777771, 27.920899222222225 ] ] } },
{ "type": "Feature", "properties": { "style": "solid", "thickness": 1 }, "geometry": { "type": "LineString", "coordinates": [ [ -82.131153055555544, 27.904218138888886 ], [ -82.130171611111109, 27.890916666666666 ], [ -82.12927636111111, 27.882109444444446 ], [ -82.135508027777789, 27.871856194444444 ], [ -82.144821833333339, 27.865005083333333 ], [ -82.146692222222228, 27.861525388888889 ] ] } },
{ "type": "Feature", "properties": { "style": "solid", "thickness": 1 }, "geometry": { "type": "LineString", "coordinates": [ [ -82.1572945, 28.157694861111111 ], [ -82.153125361111123, 28.137415083333334 ], [ -82.149870638888899, 28.122090111111113 ] ] } },
{ "type": "Feature", "properties": { "style": "solid", "thickness": 1 }, "geometry": { "type": "LineString", "coordinates": [ [ -82.146513083333346, 28.10685641666667 ], [ -82.14317725, 28.086028277777778 ], [ -82.140329805555567, 28.073180333333333 ] ] } },
{ "type": "Feature", "properties": { "style": "solid", "thickness": 1 }, "geometry": { "type": "LineString", "coordinates": [ [ -82.134294111111117, 28.056104055555558 ], [ -82.128473416666665, 28.037377305555559 ], [ -82.124291527777771, 28.02296575 ] ] } },
{ "type": "Feature", "properties": { "style": "solid", "thickness": 1 }, "geometry": { "type": "LineString", "coordinates": [ [ -82.188535361111121, 28.254807583333335 ], [ -82.182603944444452, 28.23223183333333 ], [ -82.179338777777787, 28.217916638888887 ] ] } },
{ "type": "Feature", "properties": { "style": "solid", "thickness": 1 }, "geometry": { "type": "LineString", "coordinates": [ [ -82.173186583333333, 28.200475416666666 ], [ -82.169793722222224, 28.193771444444444 ], [ -82.165358805555556, 28.189173805555555 ], [ -82.162376222222221, 28.183754694444445 ], [ -82.160551, 28.173111277777778 ] ] } },
{ "type": "Feature", "properties": { "style": "solid", "thickness": 1 }, "geometry": { "type": "LineString", "coordinates": [ [ -82.52190238888889, 27.906398833333331 ], [ -82.516017388888883, 27.908048555555553 ], [ -82.504347555555555, 27.917950611111113 ], [ -82.491952222222224, 27.929043666666669 ] ] } },
{ "type": "Feature", "properties": { "style": "solid", "thickness": 1 }, "geometry": { "type": "LineString", "coordinates": [ [ -82.477695, 27.940868388888887 ], [ -82.461366777777783, 27.955625166666668 ], [ -82.45609561111111, 27.960024055555554 ], [ -82.45423380555556, 27.963141083333333 ], [ -82.453093222222222, 27.968276222222222 ] ] } },
{ "type": "Feature", "properties": { "style": "solid", "thickness": 1 }, "geometry": { "type": "LineString", "coordinates": [ [ -82.363158861111103, 27.51511725 ], [ -82.327954805555549, 27.526897222222221 ] ] } },
{ "type": "Feature", "properties": { "style": "solid", "thickness": 1 }, "geometry": { "type": "LineString", "coordinates": [ [ -82.897617388888889, 27.598336833333331 ], [ -82.867910305555554, 27.578599527777776 ] ] } },
{ "type": "Feature", "properties": { "style": "solid", "thickness": 1 }, "geometry": { "type": "LineString", "coordinates": [ [ -82.357726694444437, 28.459644944444445 ], [ -82.32122691666666, 28.446843833333332 ] ] } },
{ "type": "Feature", "properties": { "style": "solid", "thickness": 1 }, "geometry": { "type": "LineString", "coordinates": [ [ -82.303396611111111, 28.439844305555557 ], [ -82.27065125, 28.424376833333334 ] ] } },
{ "type": "Feature", "properties": { "style": "solid", "thickness": 1 }, "geometry": { "type": "LineString", "coordinates": [ [ -82.3012725, 28.232034333333331 ], [ -82.30748341666667, 28.23296225 ], [ -82.316375138888887, 28.239396888888891 ], [ -82.322277083333333, 28.239773388888889 ], [ -82.325386027777768, 28.238677888888891 ], [ -82.329112555555554, 28.239417444444445 ] ] } },
{ "type": "Feature", "properties": { "style": "solid", "thickness": 1 }, "geometry": { "type": "LineString", "coordinates": [ [ -82.53766925, 28.327625333333334 ], [ -82.543576777777773, 28.329551333333335 ], [ -82.575809277777779, 28.328080611111112 ] ] } },
{ "type": "Feature", "properties": { "style": "solid", "thickness": 1 }, "geometry": { "type": "LineString", "coordinates": [ [ -82.710441527777775, 28.329360444444443 ], [ -82.726193638888887, 28.328423583333333 ], [ -82.731676666666672, 28.322638777777776 ], [ -82.73197694444444, 28.316494027777779 ] ] } },
{ "type": "Feature", "properties": { "style": "solid", "thickness": 1 }, "geometry": { "type": "LineString", "coordinates": [ [ -82.608449833333324, 27.787616777777778 ], [ -82.611644388888877, 27.783854972222223 ], [ -82.620199944444437, 27.778714555555556 ], [ -82.625447, 27.762661555555557 ], [ -82.63080155555555, 27.754128861111113 ] ] } },
{ "type": "Feature", "properties": { "style": "solid", "thickness": 1 }, "geometry": { "type": "LineString", "coordinates": [ [ -82.625223111111112, 27.738724194444444 ], [ -82.630052222222218, 27.718819194444443 ], [ -82.637876861111124, 27.709550916666664 ] ] } },
{ "type": "Feature", "properties": { "style": "solid", "thickness": 1 }, "geometry": { "type": "LineString", "coordinates": [ [ -82.148400805555568, 27.648293111111112 ], [ -82.154332388888889, 27.631342777777778 ], [ -82.155385166666676, 27.624925666666666 ], [ -82.175209777777781, 27.609022111111113 ] ] } },
{ "type": "Feature", "properties": { "style": "solid", "thickness": 1 }, "geometry": { "type": "LineString", "coordinates": [ [ -82.441512861111121, 27.655523194444442 ], [ -82.445534055555555, 27.650940416666664 ], [ -82.459757722222221, 27.63783475 ], [ -82.468102916666666, 27.632795361111111 ] ] } },
{ "type": "Feature", "properties": { "style": "solid", "thickness": 1 }, "geometry": { "type": "LineString", "coordinates": [ [ -82.7441075, 27.532610944444443 ], [ -82.734728944444441, 27.523361 ] ] } },
{ "type": "Feature", "properties": { "style": "solid", "thickness": 1 }, "geometry": { "type": "LineString", "coordinates": [ [ -82.734728944444441, 27.523361 ], [ -82.727719611111112, 27.515116166666665 ] ] } },
{ "type": "Feature", "properties": { "style": "solid", "thickness": 1 }, "geometry": { "type": "LineString", "coordinates": [ [ -82.749998805555563, 27.546909833333334 ], [ -82.747307972222217, 27.53856775 ] ] } },
{ "type": "Feature", "properties": { "style": "solid", "thickness": 1 }, "geometry": { "type": "LineString", "coordinates": [ [ -82.7441075, 27.532610944444443 ], [ -82.747307972222217, 27.53856775 ] ] } },
{ "type": "Feature", "properties": { "style": "solid", "thickness": 1 }, "geometry": { "type": "LineString", "coordinates": [ [ -82.737466777777783, 27.617181944444447 ], [ -82.736443611111113, 27.620852 ] ] } },
{ "type": "Feature", "properties": { "style": "solid", "thickness": 1 }, "geometry": { "type": "LineString", "coordinates": [ [ -82.736443611111113, 27.620852 ], [ -82.739552638888895, 27.632036861111111 ] ] } },
{ "type": "Feature", "properties": { "style": "solid", "thickness": 1 }, "geometry": { "type": "LineString", "coordinates": [ [ -82.739552638888895, 27.632036861111111 ], [ -82.739762861111117, 27.634421166666666 ] ] } },
{ "type": "Feature", "properties": { "style": "solid", "thickness": 1 }, "geometry": { "type": "LineString", "coordinates": [ [ -82.744111888888895, 27.647438472222223 ], [ -82.74482725, 27.644410833333332 ], [ -82.739762861111117, 27.634421166666666 ] ] } },
{ "type": "Feature", "properties": { "style": "solid", "thickness": 1 }, "geometry": { "type": "LineString", "coordinates": [ [ -82.758797333333334, 28.254094083333332 ], [ -82.761997694444446, 28.248953416666669 ], [ -82.76457825, 28.244730777777779 ], [ -82.7661255, 28.241701916666667 ], [ -82.766846805555559, 28.239958305555557 ], [ -82.76725858333333, 28.238765444444446 ], [ -82.767566611111107, 28.237481027777779 ], [ -82.767874833333337, 28.236288305555558 ], [ -82.768078527777774, 28.23463725 ], [ -82.768282583333331, 28.233169583333332 ], [ -82.768380444444446, 28.230418166666666 ], [ -82.768580916666664, 28.227208027777777 ], [ -82.76878325, 28.224915 ] ] } },
{ "type": "Feature", "properties": { "style": "solid", "thickness": 1 }, "geometry": { "type": "LineString", "coordinates": [ [ -82.770306583333337, 28.210605944444445 ], [ -82.782308444444439, 28.207192583333331 ], [ -82.782825666666668, 28.207008277777778 ], [ -82.783342694444443, 28.20673225 ], [ -82.783549333333326, 28.20654847222222 ], [ -82.784065944444436, 28.206089027777779 ], [ -82.784478805555551, 28.205538055555554 ], [ -82.784788166666658, 28.204987277777779 ], [ -82.785096694444448, 28.204069638888889 ], [ -82.786225222222214, 28.199482222222223 ], [ -82.786636222222214, 28.198105861111113 ], [ -82.789109222222223, 28.1930575 ], [ -82.789624694444441, 28.1921395 ], [ -82.790140388888886, 28.191313194444444 ], [ -82.790656277777771, 28.190578583333334 ], [ -82.79106927777778, 28.190119305555555 ], [ -82.791585555555557, 28.189568138888887 ], [ -82.79230886111111, 28.189016583333334 ], [ -82.799232666666668, 28.184235083333334 ] ] } },
{ "type": "Feature", "properties": { "style": "solid", "thickness": 1 }, "geometry": { "type": "LineString", "coordinates": [ [ -82.185906611111122, 27.892724555555557 ], [ -82.187280305555561, 27.883098194444443 ], [ -82.189059944444452, 27.875490583333335 ], [ -82.19445525, 27.866699916666668 ], [ -82.196324055555564, 27.86321952777778 ], [ -82.197365138888898, 27.860379055555558 ], [ -82.200909527777782, 27.849107138888886 ] ] } },
{ "type": "Feature", "properties": { "style": "solid", "thickness": 1 }, "geometry": { "type": "LineString", "coordinates": [ [ -82.976955055555564, 27.667538361111113 ], [ -82.964028138888892, 27.654463166666666 ], [ -82.952657388888895, 27.643583333333332 ] ] } },
{ "type": "Feature", "properties": { "style": "solid", "thickness": 1 }, "geometry": { "type": "LineString", "coordinates": [ [ -82.939533944444449, 27.63151527777778 ], [ -82.924352527777785, 27.618993111111113 ], [ -82.912891166666668, 27.609485972222224 ] ] } },
{ "type": "Feature", "properties": { "style": "solid", "thickness": 1 }, "geometry": { "type": "LineString", "coordinates": [ [ -82.851517555555546, 27.56891536111111 ], [ -82.834820444444446, 27.559780166666666 ], [ -82.81936375, 27.551741055555556 ] ] } },
{ "type": "Feature", "properties": { "style": "solid", "thickness": 1 }, "geometry": { "type": "LineString", "coordinates": [ [ -82.801850583333334, 27.543337194444447 ], [ -82.783517638888881, 27.535207694444445 ], [ -82.768792527777777, 27.529179333333332 ] ] } },
{ "type": "Feature", "properties": { "style": "solid", "thickness": 1 }, "geometry": { "type": "LineString", "coordinates": [ [ -82.751908666666665, 27.523152694444445 ], [ -82.731939833333328, 27.516669638888889 ], [ -82.715884583333334, 27.511737972222221 ] ] } },
{ "type": "Feature", "properties": { "style": "solid", "thickness": 1 }, "geometry": { "type": "LineString", "coordinates": [ [ -82.411521527777779, 27.502791416666668 ], [ -82.394442083333345, 27.506717444444444 ], [ -82.381167888888882, 27.510279083333334 ] ] } },
{ "type": "Feature", "properties": { "style": "solid", "thickness": 1 }, "geometry": { "type": "LineString", "coordinates": [ [ -82.310553611111104, 27.533747194444445 ], [ -82.29191275, 27.541784944444448 ], [ -82.277902777777783, 27.54854527777778 ] ] } },
{ "type": "Feature", "properties": { "style": "solid", "thickness": 1 }, "geometry": { "type": "LineString", "coordinates": [ [ -82.261933722222224, 27.556125555555557 ], [ -82.245136111111108, 27.564802777777778 ], [ -82.231321611111113, 27.573117944444444 ] ] } },
{ "type": "Feature", "properties": { "style": "solid", "thickness": 1 }, "geometry": { "type": "LineString", "coordinates": [ [ -82.215132888888888, 27.582985166666667 ], [ -82.199145361111121, 27.593401305555556 ], [ -82.1870698888889, 27.602908694444444 ] ] } },
{ "type": "Feature", "properties": { "style": "solid", "thickness": 1 }, "geometry": { "type": "LineString", "coordinates": [ [ -82.976203305555558, 28.308701777777777 ], [ -82.96330591666667, 28.323047805555554 ], [ -82.9516365, 28.3340875 ] ] } },
{ "type": "Feature", "properties": { "style": "solid", "thickness": 1 }, "geometry": { "type": "LineString", "coordinates": [ [ -82.939236388888887, 28.344394638888886 ], [ -82.923939972222229, 28.357184666666669 ], [ -82.911017111111121, 28.367765722222224 ] ] } },
{ "type": "Feature", "properties": { "style": "solid", "thickness": 1 }, "geometry": { "type": "LineString", "coordinates": [ [ -82.895708333333346, 28.378810166666668 ], [ -82.87967, 28.389671222222223 ], [ -82.865076, 28.39905975 ] ] } },
{ "type": "Feature", "properties": { "style": "solid", "thickness": 1 }, "geometry": { "type": "LineString", "coordinates": [ [ -82.84975266666666, 28.408173194444444 ], [ -82.833284527777778, 28.416828805555557 ], [ -82.817332416666659, 28.42548138888889 ] ] } },
{ "type": "Feature", "properties": { "style": "solid", "thickness": 1 }, "geometry": { "type": "LineString", "coordinates": [ [ -82.800960138888883, 28.433032444444446 ], [ -82.780749666666665, 28.441872 ], [ -82.765821055555548, 28.44749061111111 ] ] } },
{ "type": "Feature", "properties": { "style": "solid", "thickness": 1 }, "geometry": { "type": "LineString", "coordinates": [ [ -82.748920416666664, 28.453660722222221 ], [ -82.729216916666672, 28.460291055555555 ], [ -82.712932416666675, 28.46489697222222 ] ] } },
{ "type": "Feature", "properties": { "style": "solid", "thickness": 1 }, "geometry": { "type": "LineString", "coordinates": [ [ -82.693429555555554, 28.469596138888889 ], [ -82.667388083333336, 28.475490638888886 ], [ -82.655559083333344, 28.4777015 ] ] } },
{ "type": "Feature", "properties": { "style": "solid", "thickness": 1 }, "geometry": { "type": "LineString", "coordinates": [ [ -82.636673138888895, 28.4812 ], [ -82.615709527777767, 28.48378 ], [ -82.599311277777772, 28.485254666666666 ] ] } },
{ "type": "Feature", "properties": { "style": "solid", "thickness": 1 }, "geometry": { "type": "LineString", "coordinates": [ [ -82.580940444444437, 28.486636194444447 ], [ -82.559870388888882, 28.487373666666667 ], [ -82.542951888888894, 28.487466166666668 ] ] } },
{ "type": "Feature", "properties": { "style": "solid", "thickness": 1 }, "geometry": { "type": "LineString", "coordinates": [ [ -82.524268944444444, 28.486914416666668 ], [ -82.502161138888894, 28.486084 ], [ -82.485866333333334, 28.484702444444444 ] ] } },
{ "type": "Feature", "properties": { "style": "solid", "thickness": 1 }, "geometry": { "type": "LineString", "coordinates": [ [ -82.467911694444453, 28.48276783333333 ], [ -82.447882777777778, 28.479912416666664 ], [ -82.429723333333342, 28.476780555555553 ] ] } },
{ "type": "Feature", "properties": { "style": "solid", "thickness": 1 }, "geometry": { "type": "LineString", "coordinates": [ [ -82.411772611111118, 28.473554805555555 ], [ -82.39175, 28.468490388888888 ], [ -82.375463611111101, 28.464344722222222 ] ] } },
{ "type": "Feature", "properties": { "style": "solid", "thickness": 1 }, "geometry": { "type": "LineString", "coordinates": [ [ -82.221873222222229, 28.397401805555557 ], [ -82.238125861111115, 28.407801555555555 ], [ -82.2535575, 28.416088416666664 ] ] } },
{ "type": "Feature", "properties": { "style": "solid", "thickness": 1 }, "geometry": { "type": "LineString", "coordinates": [ [ -82.204583277777786, 28.388098027777776 ], [ -82.191957833333333, 28.38017963888889 ], [ -82.185751027777783, 28.375761777777779 ] ] } },
{ "type": "Feature", "properties": { "style": "solid", "thickness": 1 }, "geometry": { "type": "LineString", "coordinates": [ [ -82.593967277777779, 27.9164805 ], [ -82.607394611111104, 27.92537125 ], [ -82.616693305555543, 27.933896 ], [ -82.621447499999988, 27.93957963888889 ] ] } },
{ "type": "Feature", "properties": { "style": "solid", "thickness": 1 }, "geometry": { "type": "LineString", "coordinates": [ [ -82.633858361111123, 27.962133527777777 ], [ -82.638522861111113, 27.981114916666666 ], [ -82.638531805555559, 27.99147838888889 ], [ -82.637918500000012, 27.99918263888889 ] ] } },
{ "type": "Feature", "properties": { "style": "solid", "thickness": 1 }, "geometry": { "type": "LineString", "coordinates": [ [ -82.633384833333338, 28.014776666666666 ], [ -82.626059611111103, 28.03083075 ], [ -82.619760138888878, 28.038538111111112 ], [ -82.614492388888877, 28.044502111111111 ] ] } },
{ "type": "Feature", "properties": { "style": "solid", "thickness": 1 }, "geometry": { "type": "LineString", "coordinates": [ [ -82.450910055555553, 27.984324416666666 ], [ -82.450693277777788, 27.995971722222222 ], [ -82.452852388888886, 28.00853775 ], [ -82.456152638888895, 28.016427166666666 ] ] } },
{ "type": "Feature", "properties": { "style": "solid", "thickness": 1 }, "geometry": { "type": "LineString", "coordinates": [ [ -82.464099305555564, 28.030830805555553 ], [ -82.471017833333335, 28.040189305555558 ], [ -82.48176225, 28.049824361111114 ], [ -82.490132416666668, 28.056156055555558 ] ] } },
{ "type": "Feature", "properties": { "style": "solid", "thickness": 1 }, "geometry": { "type": "LineString", "coordinates": [ [ -82.507497444444439, 28.06478275 ], [ -82.524555861111111, 28.069188472222223 ], [ -82.537169722222217, 28.071024 ], [ -82.543993805555559, 28.07157447222222 ] ] } },
{ "type": "Feature", "properties": { "style": "solid", "thickness": 1 }, "geometry": { "type": "LineString", "coordinates": [ [ -82.564776, 28.069555416666667 ], [ -82.57935333333333, 28.065700694444445 ], [ -82.590414083333329, 28.0609285 ], [ -82.59930275, 28.055972861111112 ] ] } },
{ "type": "Feature", "properties": { "style": "solid", "thickness": 1 }, "geometry": { "type": "LineString", "coordinates": [ [ -82.57104419444444, 27.907957444444442 ], [ -82.561029583333337, 27.905574444444444 ], [ -82.550189583333335, 27.904107861111111 ], [ -82.5414145, 27.904107916666664 ] ] } },
{ "type": "Feature", "properties": { "style": "solid", "thickness": 1 }, "geometry": { "type": "LineString", "coordinates": [ [ -82.613325333333322, 27.833104638888887 ], [ -82.627050277777769, 27.837774527777775 ], [ -82.637371944444453, 27.842903944444444 ], [ -82.6438755, 27.846567972222221 ] ] } },
{ "type": "Feature", "properties": { "style": "solid", "thickness": 1 }, "geometry": { "type": "LineString", "coordinates": [ [ -82.65089575, 27.850598166666668 ], [ -82.660705305555567, 27.857101916666668 ], [ -82.673719583333337, 27.867362277777779 ], [ -82.680538305555558, 27.873317111111113 ] ] } },
{ "type": "Feature", "properties": { "style": "solid", "thickness": 1 }, "geometry": { "type": "LineString", "coordinates": [ [ -82.693043722222228, 27.886052361111112 ], [ -82.699661361111112, 27.894207583333333 ], [ -82.705039166666666, 27.900988222222221 ] ] } },
{ "type": "Feature", "properties": { "style": "solid", "thickness": 1 }, "geometry": { "type": "LineString", "coordinates": [ [ -82.717566833333336, 27.923901361111113 ], [ -82.72420122222222, 27.9396675 ], [ -82.72814175, 27.949292166666666 ], [ -82.729186222222225, 27.956169222222222 ] ] } },
{ "type": "Feature", "properties": { "style": "solid", "thickness": 1 }, "geometry": { "type": "LineString", "coordinates": [ [ -82.731488666666664, 27.97368325 ], [ -82.732445666666663, 27.9894565 ], [ -82.731844111111116, 28.000095916666666 ], [ -82.731132, 28.006608472222222 ] ] } },
{ "type": "Feature", "properties": { "style": "solid", "thickness": 1 }, "geometry": { "type": "LineString", "coordinates": [ [ -82.728061305555556, 28.023946138888888 ], [ -82.722406333333339, 28.041837361111114 ], [ -82.71550497222222, 28.057253611111111 ], [ -82.707357583333334, 28.070469888888887 ] ] } },
{ "type": "Feature", "properties": { "style": "solid", "thickness": 1 }, "geometry": { "type": "LineString", "coordinates": [ [ -82.696213138888893, 28.086348611111109 ], [ -82.684956861111118, 28.098282916666665 ], [ -82.676176055555558, 28.106545527777779 ], [ -82.670285805555565, 28.111044833333334 ] ] } },
{ "type": "Feature", "properties": { "style": "solid", "thickness": 1 }, "geometry": { "type": "LineString", "coordinates": [ [ -82.654885861111111, 28.122521777777777 ], [ -82.64144541666667, 28.130785777777778 ], [ -82.630380222222215, 28.136112277777777 ], [ -82.622106027777775, 28.139510416666667 ] ] } },
{ "type": "Feature", "properties": { "style": "solid", "thickness": 1 }, "geometry": { "type": "LineString", "coordinates": [ [ -82.60441758333333, 28.145572027777778 ], [ -82.589416611111105, 28.149704638888888 ], [ -82.577104333333324, 28.1520925 ], [ -82.567688555555549, 28.153194888888887 ] ] } },
{ "type": "Feature", "properties": { "style": "solid", "thickness": 1 }, "geometry": { "type": "LineString", "coordinates": [ [ -82.546476416666664, 28.154297277777776 ], [ -82.52950663888889, 28.153654444444442 ], [ -82.515951916666666, 28.152093166666667 ], [ -82.508916138888893, 28.150991 ] ] } },
{ "type": "Feature", "properties": { "style": "solid", "thickness": 1 }, "geometry": { "type": "LineString", "coordinates": [ [ -82.488534277777774, 28.147040611111109 ], [ -82.473121083333339, 28.14171425 ], [ -82.4617435, 28.137397472222222 ], [ -82.454297388888889, 28.133907777777779 ] ] } },
{ "type": "Feature", "properties": { "style": "solid", "thickness": 1 }, "geometry": { "type": "LineString", "coordinates": [ [ -82.437133305555562, 28.124357527777779 ], [ -82.42421175, 28.116092861111113 ], [ -82.414911555555562, 28.108380722222222 ], [ -82.408610027777783, 28.10223 ] ] } },
{ "type": "Feature", "properties": { "style": "solid", "thickness": 1 }, "geometry": { "type": "LineString", "coordinates": [ [ -82.367437361111101, 28.044955277777781 ], [ -82.363012805555556, 28.032843555555555 ], [ -82.360137388888887, 28.021926 ] ] } },
{ "type": "Feature", "properties": { "style": "solid", "thickness": 1 }, "geometry": { "type": "LineString", "coordinates": [ [ -82.615282027777766, 27.552989944444445 ], [ -82.626863722222211, 27.549037305555558 ], [ -82.638125, 27.544408027777781 ], [ -82.649016083333336, 27.539122527777778 ], [ -82.652805416666666, 27.537080972222224 ] ] } },
{ "type": "Feature", "properties": { "style": "solid", "thickness": 1 }, "geometry": { "type": "LineString", "coordinates": [ [ -82.559113472222222, 27.56204625 ], [ -82.571495, 27.561397638888888 ], [ -82.583800805555555, 27.560017694444443 ], [ -82.595976416666659, 27.557912583333334 ], [ -82.600247583333328, 27.556994694444445 ] ] } },
{ "type": "Feature", "properties": { "style": "solid", "thickness": 1 }, "geometry": { "type": "LineString", "coordinates": [ [ -82.499867972222219, 27.554855388888889 ], [ -82.511843916666663, 27.557728777777779 ], [ -82.524007805555556, 27.559887083333333 ], [ -82.53630583333333, 27.56132075 ], [ -82.542702388888884, 27.561775805555556 ] ] } },
{ "type": "Feature", "properties": { "style": "solid", "thickness": 1 }, "geometry": { "type": "LineString", "coordinates": [ [ -82.452280694444454, 27.53502275 ], [ -82.462882416666673, 27.540756138888892 ], [ -82.473888305555562, 27.545849472222223 ], [ -82.483186722222229, 27.549534694444446 ] ] } },
{ "type": "Feature", "properties": { "style": "solid", "thickness": 1 }, "geometry": { "type": "LineString", "coordinates": [ [ -82.665811333333338, 27.529188805555556 ], [ -82.675506444444451, 27.522298444444445 ], [ -82.684666555555566, 27.514849555555557 ], [ -82.693251277777776, 27.506875 ], [ -82.695143305555561, 27.504967166666667 ] ] } },
{ "type": "Feature", "properties": { "style": "solid", "thickness": 1 }, "geometry": { "type": "LineString", "coordinates": [ [ -82.405314055555564, 27.495888694444446 ], [ -82.413102638888901, 27.504488 ], [ -82.421514694444454, 27.512607361111112 ], [ -82.430513277777777, 27.52021097222222 ], [ -82.435608333333334, 27.524094833333333 ] ] } },
{ "type": "Feature", "properties": { "style": "solid", "thickness": 1 }, "geometry": { "type": "LineString", "coordinates": [ [ -82.706399916666669, 27.492236972222223 ], [ -82.713252166666663, 27.483026138888889 ], [ -82.719403472222226, 27.47343008333333 ], [ -82.724629416666673, 27.463884416666666 ] ] } },
{ "type": "Feature", "properties": { "style": "solid", "thickness": 1 }, "geometry": { "type": "LineString", "coordinates": [ [ -82.73126875, 27.448776666666667 ], [ -82.734831611111119, 27.438189888888889 ], [ -82.737599277777775, 27.427415555555555 ], [ -82.739494472222219, 27.416957361111113 ] ] } },
{ "type": "Feature", "properties": { "style": "solid", "thickness": 1 }, "geometry": { "type": "LineString", "coordinates": [ [ -82.740942361111109, 27.400824 ], [ -82.7409195, 27.38977025 ], [ -82.74007572222223, 27.378742194444445 ], [ -82.738467666666665, 27.368067777777778 ] ] } },
{ "type": "Feature", "properties": { "style": "solid", "thickness": 1 }, "geometry": { "type": "LineString", "coordinates": [ [ -82.734607361111117, 27.352252583333335 ], [ -82.730992777777786, 27.341680527777775 ], [ -82.726601916666667, 27.331345583333334 ], [ -82.721659138888896, 27.321661638888887 ] ] } },
{ "type": "Feature", "properties": { "style": "solid", "thickness": 1 }, "geometry": { "type": "LineString", "coordinates": [ [ -82.712796194444451, 27.307456027777778 ], [ -82.705908194444447, 27.298273111111111 ], [ -82.698354972222219, 27.289517972222225 ], [ -82.690459888888896, 27.281504555555554 ] ] } },
{ "type": "Feature", "properties": { "style": "solid", "thickness": 1 }, "geometry": { "type": "LineString", "coordinates": [ [ -82.677401305555563, 27.270227972222223 ], [ -82.66783380555556, 27.263221416666667 ], [ -82.657768666666669, 27.256796416666667 ], [ -82.647659222222231, 27.251191555555554 ] ] } },
{ "type": "Feature", "properties": { "style": "solid", "thickness": 1 }, "geometry": { "type": "LineString", "coordinates": [ [ -82.631486111111101, 27.243764 ], [ -82.62006091666666, 27.23953275 ], [ -82.60834775, 27.235986944444445 ], [ -82.596873027777775, 27.23324086111111 ] ] } },
{ "type": "Feature", "properties": { "style": "solid", "thickness": 1 }, "geometry": { "type": "LineString", "coordinates": [ [ -82.579075277777775, 27.230324611111108 ], [ -82.56677091666667, 27.22922458333333 ], [ -82.554412138888893, 27.228855166666666 ], [ -82.542515638888887, 27.229191138888886 ] ] } },
{ "type": "Feature", "properties": { "style": "solid", "thickness": 1 }, "geometry": { "type": "LineString", "coordinates": [ [ -82.52451691666667, 27.23100072222222 ], [ -82.512382055555562, 27.23312808333333 ], [ -82.500431138888885, 27.235968916666668 ], [ -82.489121555555556, 27.239375277777778 ] ] } },
{ "type": "Feature", "properties": { "style": "solid", "thickness": 1 }, "geometry": { "type": "LineString", "coordinates": [ [ -82.47242519444444, 27.245784833333335 ], [ -82.461498111111112, 27.25096263888889 ], [ -82.450978083333339, 27.256775777777779 ], [ -82.441311055555559, 27.262926194444443 ] ] } },
{ "type": "Feature", "properties": { "style": "solid", "thickness": 1 }, "geometry": { "type": "LineString", "coordinates": [ [ -82.427452722222228, 27.273335416666665 ], [ -82.418663444444448, 27.281114333333331 ], [ -82.410469527777778, 27.289396333333336 ], [ -82.403186, 27.297800194444445 ] ] } },
{ "type": "Feature", "properties": { "style": "solid", "thickness": 1 }, "geometry": { "type": "LineString", "coordinates": [ [ -82.393266555555556, 27.311373 ], [ -82.387370361111124, 27.321091555555554 ], [ -82.382207555555553, 27.331137722222223 ], [ -82.377949694444439, 27.341082444444442 ] ] } },
{ "type": "Feature", "properties": { "style": "solid", "thickness": 1 }, "geometry": { "type": "LineString", "coordinates": [ [ -82.372848888888882, 27.356652472222223 ], [ -82.370355916666654, 27.367479833333334 ], [ -82.36867211111111, 27.378430916666666 ], [ -82.367822583333322, 27.3890495 ] ] } },
{ "type": "Feature", "properties": { "style": "solid", "thickness": 1 }, "geometry": { "type": "LineString", "coordinates": [ [ -82.396630083333335, 28.089561527777775 ], [ -82.387751361111114, 28.07937175 ], [ -82.381354361111107, 28.070101444444443 ], [ -82.375785694444431, 28.060740166666669 ] ] } },
{ "type": "Feature", "properties": { "style": "solid", "thickness": 1 }, "geometry": { "type": "LineString", "coordinates": [ [ -82.556734722222217, 27.478962527777774 ], [ -82.565484722222223, 27.478397111111111 ], [ -82.574136833333327, 27.47710325 ], [ -82.582614888888884, 27.475092333333333 ], [ -82.590844333333322, 27.472382027777776 ], [ -82.592485722222222, 27.471745416666664 ] ] } },
{ "type": "Feature", "properties": { "style": "solid", "thickness": 1 }, "geometry": { "type": "LineString", "coordinates": [ [ -82.608291333333327, 27.463728166666666 ], [ -82.615213916666661, 27.458922972222222 ], [ -82.621601361111104, 27.453560611111111 ], [ -82.62739758333332, 27.44768825 ], [ -82.632551666666657, 27.4413575 ], [ -82.633551638888889, 27.43997 ] ] } },
{ "type": "Feature", "properties": { "style": "solid", "thickness": 1 }, "geometry": { "type": "LineString", "coordinates": [ [ -82.641696527777782, 27.425453972222222 ], [ -82.644454055555556, 27.418026444444447 ], [ -82.646420138888899, 27.410401166666666 ], [ -82.647577750000011, 27.402645138888886 ], [ -82.64791683333334, 27.394826444444444 ], [ -82.647884388888897, 27.393206305555555 ] ] } },
{ "type": "Feature", "properties": { "style": "solid", "thickness": 1 }, "geometry": { "type": "LineString", "coordinates": [ [ -82.64563050000001, 27.377146222222223 ], [ -82.643305111111118, 27.369602083333334 ], [ -82.640199444444448, 27.362285277777779 ], [ -82.636340888888896, 27.35526 ], [ -82.631763416666658, 27.348587833333333 ], [ -82.630760277777767, 27.347294888888889 ] ] } },
{ "type": "Feature", "properties": { "style": "solid", "thickness": 1 }, "geometry": { "type": "LineString", "coordinates": [ [ -82.618897638888882, 27.335030666666665 ], [ -82.612278527777775, 27.329904305555555 ], [ -82.605151861111111, 27.325353361111112 ], [ -82.5975801111111, 27.321417666666665 ], [ -82.589629666666667, 27.31813175 ], [ -82.588000777777779, 27.317555361111111 ] ] } },
{ "type": "Feature", "properties": { "style": "solid", "thickness": 1 }, "geometry": { "type": "LineString", "coordinates": [ [ -82.5705235, 27.313222277777779 ], [ -82.561834083333324, 27.312232472222224 ], [ -82.553079166666663, 27.311972888888889 ], [ -82.544335444444442, 27.312445805555555 ], [ -82.535679472222213, 27.313647055555556 ], [ -82.533980861111104, 27.313970833333332 ] ] } },
{ "type": "Feature", "properties": { "style": "solid", "thickness": 1 }, "geometry": { "type": "LineString", "coordinates": [ [ -82.5167735, 27.319003527777777 ], [ -82.508924416666673, 27.322478527777779 ], [ -82.50147336111111, 27.326593972222224 ], [ -82.494485666666662, 27.331313833333333 ], [ -82.488022611111106, 27.336596722222222 ], [ -82.486779916666663, 27.337733777777778 ] ] } },
{ "type": "Feature", "properties": { "style": "solid", "thickness": 1 }, "geometry": { "type": "LineString", "coordinates": [ [ -82.4755315, 27.350507861111112 ], [ -82.471161333333342, 27.35729 ], [ -82.467520722222218, 27.364407444444446 ], [ -82.464641777777786, 27.371797805555556 ], [ -82.462549861111114, 27.379396222222223 ], [ -82.462222166666663, 27.380962777777778 ] ] } },
{ "type": "Feature", "properties": { "style": "solid", "thickness": 1 }, "geometry": { "type": "LineString", "coordinates": [ [ -82.460809666666663, 27.397128111111112 ], [ -82.461390055555555, 27.40493547222222 ], [ -82.462786777777779, 27.412660083333332 ], [ -82.464987694444446, 27.420234083333334 ], [ -82.467973638888893, 27.427590972222223 ], [ -82.468668666666673, 27.429042361111112 ] ] } },
{ "type": "Feature", "properties": { "style": "solid", "thickness": 1 }, "geometry": { "type": "LineString", "coordinates": [ [ -82.577189138888883, 27.393344888888887 ], [ -82.538965277777777, 27.395549694444444 ] ] } },
{ "type": "Feature", "properties": { "style": "solid", "thickness": 1 }, "geometry": { "type": "LineString", "coordinates": [ [ -82.568633333333324, 27.266963833333332 ], [ -82.534045777777777, 27.26971686111111 ] ] } },
{ "type": "Feature", "properties": { "style": "solid", "thickness": 1 }, "geometry": { "type": "LineString", "coordinates": [ [ -82.367991027777776, 27.405248444444442 ], [ -82.369117749999987, 27.41625636111111 ], [ -82.371060166666666, 27.427173333333336 ], [ -82.373694305555546, 27.437556777777779 ] ] } },
{ "type": "Feature", "properties": { "style": "solid", "thickness": 1 }, "geometry": { "type": "LineString", "coordinates": [ [ -82.379117944444431, 27.453021777777778 ], [ -82.383772694444446, 27.463265916666668 ], [ -82.389179583333345, 27.473212 ], [ -82.395081388888897, 27.482476333333331 ] ] } },
{ "type": "Feature", "properties": { "style": "solid", "thickness": 1 }, "geometry": { "type": "LineString", "coordinates": [ [ -82.48496872222222, 27.451518083333333 ], [ -82.491151055555562, 27.457068333333332 ], [ -82.497889166666667, 27.46207775 ], [ -82.505123861111116, 27.466502277777778 ], [ -82.512791583333339, 27.470303 ], [ -82.520824888888882, 27.473446472222221 ], [ -82.529153194444447, 27.475905055555554 ], [ -82.53770322222222, 27.47765711111111 ], [ -82.538594944444441, 27.477797 ] ] } },
{ "type": "Feature", "properties": { "style": "solid", "thickness": 1 }, "geometry": { "type": "LineString", "coordinates": [ [ -82.473281972222225, 28.43259877777778 ], [ -82.471250194444451, 28.432683333333333 ], [ -82.470459638888897, 28.417836333333334 ] ] } },
{ "type": "Feature", "properties": { "style": "solid", "thickness": 1 }, "geometry": { "type": "LineString", "coordinates": [ [ -82.454506361111115, 28.424139194444447 ], [ -82.454697111111116, 28.42773125 ], [ -82.455211527777777, 28.429749861111112 ], [ -82.455533305555562, 28.4306965 ], [ -82.455977805555563, 28.431398027777778 ], [ -82.457679527777785, 28.432767388888891 ], [ -82.459336777777779, 28.433298555555556 ], [ -82.459878583333335, 28.433276055555556 ], [ -82.461472194444454, 28.432609888888891 ], [ -82.46288575, 28.431111166666668 ], [ -82.463389361111112, 28.43037025 ], [ -82.463609305555565, 28.429401111111112 ], [ -82.463907388888899, 28.42734875 ], [ -82.463716361111111, 28.423756722222222 ], [ -82.463201805555556, 28.421738138888891 ], [ -82.46288, 28.42079152777778 ], [ -82.462300055555559, 28.420095611111112 ], [ -82.460733888888896, 28.418720694444445 ], [ -82.459076861111114, 28.418189527777781 ], [ -82.458535138888891, 28.418212027777781 ], [ -82.456941722222226, 28.418878194444446 ], [ -82.455392805555562, 28.420382472222222 ], [ -82.455024638888887, 28.421117722222224 ], [ -82.454804611111115, 28.422086861111111 ], [ -82.454506361111115, 28.424139194444447 ] ] } },
{ "type": "Feature", "properties": { "style": "solid", "thickness": 1 }, "geometry": { "type": "LineString", "coordinates": [ [ -82.43960772222222, 28.424756611111114 ], [ -82.43979794444445, 28.428348666666668 ], [ -82.440312111111112, 28.430367333333333 ], [ -82.44063375, 28.431314 ], [ -82.441078138888898, 28.432015583333335 ], [ -82.442779722222227, 28.433385111111111 ], [ -82.444436888888887, 28.433916472222222 ], [ -82.444978694444444, 28.433894027777779 ], [ -82.446572416666669, 28.43322802777778 ], [ -82.447986194444454, 28.431729472222223 ], [ -82.448489888888886, 28.430988611111111 ], [ -82.448709972222233, 28.4300195 ], [ -82.449008361111112, 28.427967166666669 ], [ -82.448817805555564, 28.424375111111111 ], [ -82.448303527777782, 28.422356472222223 ], [ -82.447981861111117, 28.421409833333335 ], [ -82.447402, 28.420713861111111 ], [ -82.445836027777787, 28.419338777777778 ], [ -82.444179055555566, 28.418807444444447 ], [ -82.443637333333342, 28.418829861111114 ], [ -82.442043805555556, 28.419495861111113 ], [ -82.440494666666666, 28.420999972222223 ], [ -82.440126416666672, 28.421735194444445 ], [ -82.43990625, 28.422704277777779 ], [ -82.43960772222222, 28.424756611111114 ] ] } },
{ "type": "Feature", "properties": { "style": "solid", "thickness": 1 }, "geometry": { "type": "LineString", "coordinates": [ [ -82.464019361111113, 28.39871375 ], [ -82.465819555555555, 28.396838916666667 ], [ -82.46735525, 28.395095027777778 ], [ -82.468626472222226, 28.393482138888888 ], [ -82.469387916666662, 28.392490472222221 ], [ -82.47000119444445, 28.391264944444444 ], [ -82.47020825, 28.390056305555554 ], [ -82.470286305555561, 28.388973055555557 ], [ -82.47017158333334, 28.386817833333332 ], [ -82.469720805555554, 28.385996583333334 ], [ -82.469141, 28.385300722222222 ], [ -82.468554861111116, 28.384485111111111 ], [ -82.465660694444452, 28.3836455 ], [ -82.46403602777778, 28.383713083333333 ], [ -82.4623205, 28.384624388888888 ], [ -82.462062416666669, 28.384875111111111 ], [ -82.461030194444447, 28.385878027777778 ], [ -82.460907527777778, 28.386123111111111 ], [ -82.460455, 28.387821916666667 ], [ -82.460518638888885, 28.389019277777777 ], [ -82.460833972222218, 28.389846166666665 ], [ -82.461142944444447, 28.390553333333333 ], [ -82.461729083333339, 28.391368972222221 ], [ -82.462856833333333, 28.392162111111112 ], [ -82.4639655, 28.392596 ], [ -82.464648861111115, 28.392687583333334 ], [ -82.46559666666667, 28.392648194444444 ], [ -82.466267305555562, 28.392500277777778 ], [ -82.468518166666669, 28.391446638888887 ], [ -82.470214638888891, 28.390176055555553 ] ] } },
{ "type": "Feature", "properties": { "style": "solid", "thickness": 1 }, "geometry": { "type": "LineString", "coordinates": [ [ -82.445656583333331, 28.390236 ], [ -82.445846972222228, 28.393828083333332 ], [ -82.446361055555556, 28.395846777777777 ], [ -82.446682638888888, 28.396793444444445 ], [ -82.447126972222222, 28.397495 ], [ -82.448828055555566, 28.398864472222222 ], [ -82.450484722222228, 28.399395777777777 ], [ -82.451026361111118, 28.399373305555557 ], [ -82.452619527777784, 28.398707222222221 ], [ -82.454032777777783, 28.397208583333335 ], [ -82.454536277777777, 28.396467694444443 ], [ -82.45475622222223, 28.395498555555555 ], [ -82.455054388888897, 28.393446194444444 ], [ -82.454863722222228, 28.389854138888889 ], [ -82.4543495, 28.387835472222221 ], [ -82.454027861111115, 28.386888833333334 ], [ -82.453448166666675, 28.386192888888889 ], [ -82.45188258333333, 28.384817861111109 ], [ -82.450226138888894, 28.384286583333331 ], [ -82.449684583333337, 28.384309055555555 ], [ -82.44809161111111, 28.38497511111111 ], [ -82.446543055555566, 28.386479305555554 ], [ -82.446174944444451, 28.387214555555556 ], [ -82.445954916666665, 28.388183666666666 ], [ -82.445656583333331, 28.390236 ] ] } },
{ "type": "Feature", "properties": { "style": "solid", "thickness": 1 }, "geometry": { "type": "LineString", "coordinates": [ [ -82.296643777777774, 28.1923975 ], [ -82.294616388888883, 28.192479472222221 ], [ -82.293851833333335, 28.177630611111113 ] ] } },
{ "type": "Feature", "properties": { "style": "solid", "thickness": 1 }, "geometry": { "type": "LineString", "coordinates": [ [ -82.27792375, 28.183913416666666 ], [ -82.278108194444442, 28.187505888888889 ], [ -82.278618166666661, 28.189525305555556 ], [ -82.278937666666664, 28.190472388888889 ], [ -82.279380055555549, 28.191174555555556 ], [ -82.28107575, 28.19254613888889 ], [ -82.282728444444444, 28.193079472222223 ], [ -82.283269083333337, 28.193057666666668 ], [ -82.28486025, 28.192393472222221 ], [ -82.286273111111115, 28.1908965 ], [ -82.286776805555547, 28.190156194444445 ], [ -82.286997861111104, 28.189187277777776 ], [ -82.287298638888885, 28.187135166666668 ], [ -82.287113888888882, 28.183542722222221 ], [ -82.286603777777771, 28.181523333333335 ], [ -82.286284222222221, 28.18057625 ], [ -82.285706722222216, 28.179879583333335 ], [ -82.284146277777779, 28.178502583333334 ], [ -82.282493805555561, 28.17796927777778 ], [ -82.281953222222228, 28.177991083333335 ], [ -82.280362277777783, 28.178655222222222 ], [ -82.27881433333333, 28.180157611111113 ], [ -82.278445777777776, 28.180892444444446 ], [ -82.278224694444447, 28.181861333333334 ], [ -82.27792375, 28.183913416666666 ] ] } },
{ "type": "Feature", "properties": { "style": "solid", "thickness": 1 }, "geometry": { "type": "LineString", "coordinates": [ [ -82.263057222222216, 28.184511805555555 ], [ -82.26324116666666, 28.188104305555555 ], [ -82.263750861111106, 28.19012375 ], [ -82.26407025, 28.191070861111111 ], [ -82.264512527777782, 28.191773083333334 ], [ -82.266208055555552, 28.193144861111112 ], [ -82.267860694444437, 28.193678361111111 ], [ -82.26840133333333, 28.193656611111113 ], [ -82.269992583333334, 28.192992611111112 ], [ -82.271405666666666, 28.191495777777778 ], [ -82.271909444444447, 28.1907555 ], [ -82.272130638888882, 28.18978663888889 ], [ -82.27243169444445, 28.187734555555554 ], [ -82.272247444444446, 28.184142083333334 ], [ -82.271737611111107, 28.182122666666668 ], [ -82.27141819444445, 28.181175527777778 ], [ -82.270840777777778, 28.180478805555556 ], [ -82.2692805, 28.179101638888891 ], [ -82.267628111111108, 28.178568138888892 ], [ -82.267087527777775, 28.17858988888889 ], [ -82.265496472222225, 28.179253861111111 ], [ -82.263948333333332, 28.180756083333335 ], [ -82.263579666666672, 28.181490888888892 ], [ -82.263358444444449, 28.18245975 ], [ -82.263057222222216, 28.184511805555555 ] ] } },
{ "type": "Feature", "properties": { "style": "solid", "thickness": 1 }, "geometry": { "type": "LineString", "coordinates": [ [ -82.267928555555557, 28.150705444444444 ], [ -82.268112583333334, 28.154297972222221 ], [ -82.26862225, 28.156317416666667 ], [ -82.268941555555557, 28.157264527777777 ], [ -82.269383722222216, 28.15796672222222 ], [ -82.271078805555561, 28.159338444444444 ], [ -82.272730944444447, 28.159871916666667 ], [ -82.27327141666666, 28.159850138888888 ], [ -82.274862138888892, 28.159186055555555 ], [ -82.276274694444439, 28.157689166666664 ], [ -82.276778305555553, 28.156948888888888 ], [ -82.276999388888882, 28.15598 ], [ -82.27730025, 28.153927916666664 ], [ -82.277115888888886, 28.150335388888887 ], [ -82.276606111111107, 28.148315972222221 ], [ -82.27628677777777, 28.147368861111111 ], [ -82.2757095, 28.146672138888889 ], [ -82.274149666666659, 28.145295027777777 ], [ -82.27249775, 28.144761583333334 ], [ -82.271957333333333, 28.144783361111109 ], [ -82.270366805555554, 28.14544738888889 ], [ -82.26881922222222, 28.146949666666668 ], [ -82.268450722222227, 28.1476845 ], [ -82.268229583333337, 28.148653361111112 ], [ -82.267928555555557, 28.150705444444444 ] ] } },
{ "type": "Feature", "properties": { "style": "solid", "thickness": 1 }, "geometry": { "type": "LineString", "coordinates": [ [ -82.472255194444443, 28.109238027777778 ], [ -82.4702295, 28.109322583333334 ], [ -82.469441444444442, 28.0944745 ] ] } },
{ "type": "Feature", "properties": { "style": "solid", "thickness": 1 }, "geometry": { "type": "LineString", "coordinates": [ [ -82.453535805555561, 28.100777694444446 ], [ -82.45372591666667, 28.10437 ], [ -82.454238805555562, 28.106388777777781 ], [ -82.454559583333335, 28.107335472222225 ], [ -82.455002777777779, 28.108037083333336 ], [ -82.456699416666666, 28.109406527777779 ], [ -82.458351694444445, 28.10993777777778 ], [ -82.458891888888886, 28.10991527777778 ], [ -82.460480722222229, 28.109249055555559 ], [ -82.46189008333333, 28.10775025 ], [ -82.462392166666675, 28.107009277777781 ], [ -82.462611472222221, 28.106040083333333 ], [ -82.462908694444451, 28.103987555555555 ], [ -82.462718277777782, 28.100395277777778 ], [ -82.462205277777784, 28.098376527777777 ], [ -82.461884444444451, 28.097429833333333 ], [ -82.46130622222222, 28.096733888888888 ], [ -82.45974475, 28.095358861111109 ], [ -82.458092694444446, 28.094827638888887 ], [ -82.457552583333339, 28.094850138888887 ], [ -82.455963916666676, 28.095516305555556 ], [ -82.454419611111121, 28.097020694444442 ], [ -82.454052555555563, 28.097756 ], [ -82.453833166666669, 28.098725194444444 ], [ -82.453535805555561, 28.100777694444446 ] ] } },
{ "type": "Feature", "properties": { "style": "solid", "thickness": 1 }, "geometry": { "type": "LineString", "coordinates": [ [ -82.438681666666668, 28.101395055555557 ], [ -82.438871305555566, 28.104987361111114 ], [ -82.439383916666671, 28.107006194444445 ], [ -82.439704583333338, 28.107952944444445 ], [ -82.440147666666675, 28.108654583333333 ], [ -82.441844111111109, 28.110024222222222 ], [ -82.443496333333343, 28.11055563888889 ], [ -82.444036527777783, 28.110533194444447 ], [ -82.445625472222233, 28.109867138888891 ], [ -82.44703505555556, 28.108368472222224 ], [ -82.447537250000011, 28.107627555555556 ], [ -82.44775669444445, 28.106658388888889 ], [ -82.448054194444452, 28.104605916666667 ], [ -82.44786425, 28.101013611111114 ], [ -82.447351527777784, 28.098994805555556 ], [ -82.447030805555556, 28.098048083333332 ], [ -82.446452694444446, 28.097352055555554 ], [ -82.444891416666664, 28.095976861111112 ], [ -82.443239416666671, 28.09544547222222 ], [ -82.442699277777777, 28.095467916666667 ], [ -82.441110527777781, 28.096133916666666 ], [ -82.439566, 28.097638138888886 ], [ -82.439198833333336, 28.098373416666664 ], [ -82.438979333333336, 28.099342583333332 ], [ -82.438681666666668, 28.101395055555557 ] ] } },
{ "type": "Feature", "properties": { "style": "solid", "thickness": 1 }, "geometry": { "type": "LineString", "coordinates": [ [ -82.46255625, 28.078234333333334 ], [ -82.460531111111109, 28.078318722222221 ], [ -82.45974461111112, 28.063470527777778 ] ] } },
{ "type": "Feature", "properties": { "style": "solid", "thickness": 1 }, "geometry": { "type": "LineString", "coordinates": [ [ -82.453436583333342, 28.074653972222222 ], [ -82.453474611111119, 28.075372416666667 ], [ -82.453248944444454, 28.076221861111112 ], [ -82.452765944444451, 28.077322027777779 ], [ -82.452263916666666, 28.078062972222224 ], [ -82.451479194444445, 28.078575666666666 ], [ -82.450411777777774, 28.078860083333332 ], [ -82.448386638888891, 28.078944305555556 ], [ -82.446888888888893, 28.078766583333334 ], [ -82.446194833333337, 28.078435416666668 ], [ -82.4452055, 28.07763647222222 ], [ -82.444903833333342, 28.077049 ], [ -82.444583222222221, 28.07610225 ], [ -82.444482, 28.074186333333333 ], [ -82.444714055555565, 28.073456666666665 ], [ -82.445796222222228, 28.070891527777778 ], [ -82.44732761111112, 28.06914775 ], [ -82.449772277777782, 28.066765916666668 ], [ -82.452718777777775, 28.063643138888889 ], [ -82.444214361111122, 28.063996833333334 ] ] } },
{ "type": "Feature", "properties": { "style": "solid", "thickness": 1 }, "geometry": { "type": "LineString", "coordinates": [ [ -82.59396325, 28.040281888888892 ], [ -82.591938944444436, 28.040368222222224 ], [ -82.591134694444435, 28.025520666666665 ] ] } },
{ "type": "Feature", "properties": { "style": "solid", "thickness": 1 }, "geometry": { "type": "LineString", "coordinates": [ [ -82.575246277777779, 28.031838 ], [ -82.575440333333333, 28.035430166666668 ], [ -82.575955138888887, 28.03744852777778 ], [ -82.576276805555551, 28.038394944444445 ], [ -82.57672047222222, 28.039096166666667 ], [ -82.578417583333334, 28.04046413888889 ], [ -82.580069388888887, 28.040993916666668 ], [ -82.580609222222222, 28.040970944444446 ], [ -82.582196305555556, 28.040303305555558 ], [ -82.58360308333333, 28.038803222222224 ], [ -82.584104027777769, 28.038061805555557 ], [ -82.584322083333333, 28.037092416666667 ], [ -82.584616805555555, 28.035039611111113 ], [ -82.584422472222215, 28.031447444444442 ], [ -82.583907527777768, 28.029429138888887 ], [ -82.583585833333331, 28.028482722222222 ], [ -82.583007222222221, 28.027787277777776 ], [ -82.581445194444441, 28.02641361111111 ], [ -82.579793583333327, 28.025883833333332 ], [ -82.579253833333325, 28.025906805555554 ], [ -82.577666944444445, 28.026574416666666 ], [ -82.57612530555555, 28.028080166666665 ], [ -82.57575930555555, 28.028815833333333 ], [ -82.575541166666667, 28.02978522222222 ], [ -82.575246277777779, 28.031838 ] ] } },
{ "type": "Feature", "properties": { "style": "solid", "thickness": 1 }, "geometry": { "type": "LineString", "coordinates": [ [ -82.560402305555556, 28.0324685 ], [ -82.560595861111111, 28.036060694444448 ], [ -82.561110416666665, 28.038079083333336 ], [ -82.561431944444436, 28.039025555555558 ], [ -82.561875527777772, 28.039726805555556 ], [ -82.563572444444446, 28.041094972222226 ], [ -82.565224222222213, 28.041624916666667 ], [ -82.565764027777774, 28.041602 ], [ -82.567351222222214, 28.040934555555559 ], [ -82.568758194444442, 28.039434611111112 ], [ -82.56925925, 28.03869325 ], [ -82.569477472222218, 28.037723888888891 ], [ -82.569772472222212, 28.035671111111114 ], [ -82.569578611111112, 28.032078916666666 ], [ -82.569063944444437, 28.030060555555554 ], [ -82.568742361111106, 28.02911411111111 ], [ -82.56816383333333, 28.028418583333334 ], [ -82.566602, 28.02704475 ], [ -82.564950444444435, 28.026514833333334 ], [ -82.564410694444447, 28.02653775 ], [ -82.562823694444447, 28.027205166666665 ], [ -82.561281861111112, 28.02871075 ], [ -82.56091575, 28.029446361111109 ], [ -82.560697472222216, 28.03041575 ], [ -82.560402305555556, 28.0324685 ] ] } },
{ "type": "Feature", "properties": { "style": "solid", "thickness": 1 }, "geometry": { "type": "LineString", "coordinates": [ [ -82.588427444444434, 28.00987575 ], [ -82.5897065, 28.011021361111112 ], [ -82.589982833333323, 28.011129583333332 ], [ -82.591749722222218, 28.01129425 ], [ -82.593220833333334, 28.010991472222223 ], [ -82.594004388888891, 28.010477972222223 ], [ -82.594781444444436, 28.009844722222223 ], [ -82.595397638888883, 28.008738277777777 ], [ -82.595248416666664, 28.005984305555554 ], [ -82.594380555555546, 28.004941194444445 ], [ -82.593814972222219, 28.004485277777778 ], [ -82.591752416666665, 28.003853194444446 ], [ -82.589426555555548, 28.003352305555556 ], [ -82.587768777777768, 28.002702916666667 ], [ -82.587190277777779, 28.002007472222221 ], [ -82.58682977777778, 28.000342638888888 ], [ -82.587015361111099, 27.99877452777778 ], [ -82.587638027777771, 27.997787861111114 ], [ -82.588286611111101, 27.99728013888889 ], [ -82.588806777777776, 27.996897916666668 ], [ -82.589461833333331, 27.996509916666668 ], [ -82.590926277777768, 27.996087416666668 ], [ -82.591735666666665, 27.99605288888889 ], [ -82.59255802777777, 27.996257833333335 ], [ -82.593663166666659, 27.99669075 ], [ -82.594363611111106, 27.997140916666666 ], [ -82.595359805555546, 27.9980585 ] ] } },
{ "type": "Feature", "properties": { "style": "solid", "thickness": 1 }, "geometry": { "type": "LineString", "coordinates": [ [ -82.557306527777769, 28.012039111111111 ], [ -82.558141833333337, 28.012483722222221 ], [ -82.559099194444443, 28.012683138888889 ], [ -82.562337305555559, 28.01254575 ], [ -82.563538666666659, 28.012254722222224 ], [ -82.563936972222223, 28.012117805555555 ], [ -82.565902666666659, 28.010954222222221 ], [ -82.567052361111109, 28.00970525 ], [ -82.567392555555557, 28.00849063888889 ], [ -82.568220694444435, 28.006295194444444 ], [ -82.568072166666667, 28.003541194444445 ], [ -82.567731305555554, 28.0022355 ], [ -82.567268444444437, 28.001175055555557 ], [ -82.566664277777775, 28.000000555555555 ], [ -82.565244222222219, 27.998740722222223 ], [ -82.562616527777777, 27.997652166666668 ], [ -82.560843444444444, 27.997367361111113 ], [ -82.5593595, 27.997430333333334 ], [ -82.557490222222214, 27.997869666666666 ], [ -82.55683502777778, 27.9982575 ], [ -82.556308305555547, 27.998519861111113 ] ] } },
{ "type": "Feature", "properties": { "style": "solid", "thickness": 1 }, "geometry": { "type": "LineString", "coordinates": [ [ -82.938052972222224, 28.007354611111111 ], [ -82.936029555555564, 28.007446 ], [ -82.935178388888886, 27.992600444444445 ] ] } },
{ "type": "Feature", "properties": { "style": "solid", "thickness": 1 }, "geometry": { "type": "LineString", "coordinates": [ [ -82.919314944444451, 27.99895752777778 ], [ -82.919520333333338, 28.00254925 ], [ -82.920041416666677, 28.004566305555556 ], [ -82.920365972222228, 28.005511916666666 ], [ -82.92081175, 28.006212027777778 ], [ -82.922512666666677, 28.00757575 ], [ -82.924165666666667, 28.008101416666666 ], [ -82.92470525, 28.008077083333333 ], [ -82.926289722222222, 28.007405472222221 ], [ -82.927691277777782, 28.005901861111113 ], [ -82.928189722222228, 28.005159194444445 ], [ -82.928404638888892, 28.00418925 ], [ -82.92869275000001, 28.002135694444444 ], [ -82.928487055555564, 27.998544027777779 ], [ -82.927965861111119, 27.996527 ], [ -82.92764125, 27.99558138888889 ], [ -82.927060611111116, 27.994887388888891 ], [ -82.925494694444453, 27.993517638888889 ], [ -82.923841916666674, 27.992992 ], [ -82.923302416666672, 27.993016305555557 ], [ -82.921718138888892, 27.993687888888889 ], [ -82.920181750000012, 27.9951975 ], [ -82.919818194444446, 27.995934083333335 ], [ -82.919603194444448, 27.996904027777777 ], [ -82.919314944444451, 27.99895752777778 ] ] } },
{ "type": "Feature", "properties": { "style": "solid", "thickness": 1 }, "geometry": { "type": "LineString", "coordinates": [ [ -82.904477527777786, 27.999625166666668 ], [ -82.904682444444447, 28.00321688888889 ], [ -82.90520325, 28.005234 ], [ -82.905527694444444, 28.006179666666668 ], [ -82.905973361111123, 28.006879833333333 ], [ -82.90767411111112, 28.00824375 ], [ -82.909327055555565, 28.008769555555556 ], [ -82.9098666388889, 28.008745305555557 ], [ -82.911451222222226, 28.008073861111111 ], [ -82.912853, 28.006570416666666 ], [ -82.913351527777778, 28.005827777777778 ], [ -82.913566583333335, 28.004857861111113 ], [ -82.913854972222225, 28.00280436111111 ], [ -82.913649777777778, 27.999212638888888 ], [ -82.913128861111119, 27.997195555555557 ], [ -82.912804361111114, 27.996249916666667 ], [ -82.912223805555556, 27.995555833333334 ], [ -82.910658083333345, 27.994185916666666 ], [ -82.909005361111113, 27.993660111111112 ], [ -82.908465861111111, 27.993684361111111 ], [ -82.906881472222224, 27.994355777777777 ], [ -82.905344861111118, 27.995865222222225 ], [ -82.904981222222233, 27.99660175 ], [ -82.904766083333342, 27.997571694444446 ], [ -82.904477527777786, 27.999625166666668 ] ] } },
{ "type": "Feature", "properties": { "style": "solid", "thickness": 1 }, "geometry": { "type": "LineString", "coordinates": [ [ -82.929008555555555, 27.978357888888887 ], [ -82.930793694444446, 27.976476833333333 ], [ -82.932315944444454, 27.974727666666666 ], [ -82.933575277777777, 27.973110361111111 ], [ -82.9343295, 27.972116027777776 ], [ -82.934935138888889, 27.970888333333331 ], [ -82.935136222222226, 27.969678944444443 ], [ -82.93520930555556, 27.968595333333333 ], [ -82.935085805555559, 27.966440333333331 ], [ -82.93463325, 27.965620527777777 ], [ -82.934052722222219, 27.964926555555554 ], [ -82.933465333333331, 27.964112861111111 ], [ -82.930578833333342, 27.963282944444444 ], [ -82.92896075, 27.963356 ], [ -82.927255805555561, 27.964273166666665 ], [ -82.92699983333334, 27.964524777777775 ], [ -82.925975916666673, 27.96553125 ], [ -82.925854777777786, 27.965776777777776 ], [ -82.925411305555556, 27.967477222222222 ], [ -82.925479805555554, 27.968674472222222 ], [ -82.925797472222229, 27.969500361111109 ], [ -82.926108277777786, 27.970206527777776 ], [ -82.926695638888887, 27.97102025 ], [ -82.927822416666672, 27.971809638888889 ], [ -82.928928638888891, 27.97223986111111 ], [ -82.929609750000012, 27.972329138888888 ], [ -82.930553694444455, 27.972286527777776 ], [ -82.931221083333341, 27.972136361111108 ], [ -82.933458666666667, 27.971075083333332 ], [ -82.935143083333344, 27.969798666666666 ] ] } },
{ "type": "Feature", "properties": { "style": "solid", "thickness": 1 }, "geometry": { "type": "LineString", "coordinates": [ [ -82.910680777777785, 27.969941388888888 ], [ -82.910885833333339, 27.973533111111109 ], [ -82.911406611111119, 27.975550222222221 ], [ -82.911731, 27.976495861111111 ], [ -82.912176611111121, 27.977196 ], [ -82.913876972222226, 27.978559833333332 ], [ -82.915529472222232, 27.979085583333333 ], [ -82.916068916666674, 27.979061305555554 ], [ -82.917653027777789, 27.978389777777775 ], [ -82.919054333333335, 27.976886277777776 ], [ -82.919552694444448, 27.976143611111109 ], [ -82.919767638888899, 27.975173666666667 ], [ -82.920055833333336, 27.973120138888888 ], [ -82.919850472222222, 27.969528444444443 ], [ -82.919329583333337, 27.967511361111111 ], [ -82.919005138888892, 27.966565722222221 ], [ -82.918424694444454, 27.965871694444445 ], [ -82.916859305555562, 27.964501833333333 ], [ -82.915207027777782, 27.963976083333332 ], [ -82.914667638888901, 27.964000388888888 ], [ -82.913083750000013, 27.96467186111111 ], [ -82.911547666666678, 27.966181388888888 ], [ -82.911184138888899, 27.966917944444443 ], [ -82.910969111111115, 27.967887861111109 ], [ -82.910680777777785, 27.969941388888888 ] ] } },
{ "type": "Feature", "properties": { "style": "solid", "thickness": 1 }, "geometry": { "type": "LineString", "coordinates": [ [ -82.720556916666666, 27.830706222222222 ], [ -82.718536611111119, 27.830794416666667 ], [ -82.717716611111115, 27.815947222222224 ] ] } },
{ "type": "Feature", "properties": { "style": "solid", "thickness": 1 }, "geometry": { "type": "LineString", "coordinates": [ [ -82.701866277777782, 27.822279361111111 ], [ -82.702064138888886, 27.825871444444445 ], [ -82.702580305555557, 27.827889361111112 ], [ -82.702902444444447, 27.828835527777777 ], [ -82.703346083333329, 27.82953636111111 ], [ -82.7050415, 27.830902805555557 ], [ -82.70669075, 27.831431055555555 ], [ -82.7072295, 27.831407583333334 ], [ -82.70881272222222, 27.830738472222222 ], [ -82.710215027777778, 27.829237083333332 ], [ -82.710714138888889, 27.828495166666666 ], [ -82.71093066666667, 27.827525527777777 ], [ -82.711222416666672, 27.825472416666667 ], [ -82.71102425, 27.821880333333333 ], [ -82.710507944444444, 27.819862444444443 ], [ -82.710185777777781, 27.818916305555554 ], [ -82.709607472222231, 27.81822136111111 ], [ -82.708046861111114, 27.816849111111111 ], [ -82.706397833333341, 27.816320861111112 ], [ -82.705859138888897, 27.816344333333333 ], [ -82.704276111111113, 27.817013388888888 ], [ -82.702739194444447, 27.818520611111111 ], [ -82.70237475, 27.819256638888888 ], [ -82.702158166666663, 27.82022625 ], [ -82.701866277777782, 27.822279361111111 ] ] } },
{ "type": "Feature", "properties": { "style": "solid", "thickness": 1 }, "geometry": { "type": "LineString", "coordinates": [ [ -82.687051722222222, 27.822923527777778 ], [ -82.687249083333342, 27.826515638888889 ], [ -82.687765, 27.828533638888889 ], [ -82.688087, 27.829479833333334 ], [ -82.688530555555559, 27.830180694444444 ], [ -82.690225805555556, 27.831547305555556 ], [ -82.691875, 27.832075777777778 ], [ -82.69241375, 27.83205236111111 ], [ -82.693997083333343, 27.831383416666668 ], [ -82.695399583333341, 27.829882138888888 ], [ -82.695898805555558, 27.829140305555555 ], [ -82.696115472222232, 27.828170694444445 ], [ -82.6964075, 27.826117611111112 ], [ -82.696209833333342, 27.8225255 ], [ -82.695693777777777, 27.820507555555555 ], [ -82.69537175, 27.819561361111109 ], [ -82.694793527777776, 27.818866388888889 ], [ -82.69323308333334, 27.817493944444443 ], [ -82.691584111111112, 27.816965527777779 ], [ -82.691045416666668, 27.816988916666666 ], [ -82.689462277777778, 27.817657833333332 ], [ -82.687925166666673, 27.819164888888888 ], [ -82.68756061111111, 27.819900861111112 ], [ -82.687343916666677, 27.820870472222222 ], [ -82.687051722222222, 27.822923527777778 ] ] } },
{ "type": "Feature", "properties": { "style": "solid", "thickness": 1 }, "geometry": { "type": "LineString", "coordinates": [ [ -82.690335222222231, 27.792312222222225 ], [ -82.690532638888897, 27.795904333333336 ], [ -82.691048472222221, 27.797922305555556 ], [ -82.691370416666672, 27.798868472222225 ], [ -82.691813861111115, 27.799569333333334 ], [ -82.693508666666673, 27.800935944444443 ], [ -82.695157416666675, 27.801464333333335 ], [ -82.695696027777785, 27.801440916666667 ], [ -82.697278888888889, 27.800771916666669 ], [ -82.698680944444448, 27.799270638888892 ], [ -82.69918, 27.798528777777779 ], [ -82.699396583333339, 27.797559166666669 ], [ -82.699688472222221, 27.795506055555556 ], [ -82.699490722222222, 27.791913944444445 ], [ -82.698974777777778, 27.789896027777779 ], [ -82.698652805555554, 27.788949833333334 ], [ -82.698074722222231, 27.788254861111113 ], [ -82.696514694444446, 27.786882472222224 ], [ -82.694866166666671, 27.786354083333336 ], [ -82.69432761111112, 27.7863775 ], [ -82.692744944444442, 27.787046444444446 ], [ -82.691208305555563, 27.788553527777779 ], [ -82.690843888888892, 27.789289527777779 ], [ -82.690627277777779, 27.790259111111112 ], [ -82.690335222222231, 27.792312222222225 ] ] } },
{ "type": "Feature", "properties": { "style": "solid", "thickness": 1 }, "geometry": { "type": "LineString", "coordinates": [ [ -82.505895888888887, 27.75313088888889 ], [ -82.50387686111111, 27.753215944444445 ], [ -82.503086805555554, 27.738367388888889 ] ] } },
{ "type": "Feature", "properties": { "style": "solid", "thickness": 1 }, "geometry": { "type": "LineString", "coordinates": [ [ -82.487235277777785, 27.744674777777778 ], [ -82.487425888888893, 27.748267166666668 ], [ -82.487937722222227, 27.750285916666666 ], [ -82.48825775, 27.751232583333334 ], [ -82.488699694444449, 27.751934111111112 ], [ -82.490391194444442, 27.753303222222222 ], [ -82.49203822222222, 27.753834055555554 ], [ -82.492576611111119, 27.753811444444445 ], [ -82.494160055555554, 27.753144805555557 ], [ -82.495564305555561, 27.751645583333332 ], [ -82.496064527777776, 27.750904444444444 ], [ -82.496282805555552, 27.74993513888889 ], [ -82.496578416666665, 27.747882472222223 ], [ -82.4963875, 27.744290083333333 ], [ -82.495875555555557, 27.742271361111111 ], [ -82.4955555, 27.741324722222224 ], [ -82.494978972222228, 27.740628861111112 ], [ -82.493422194444449, 27.739254166666669 ], [ -82.491775388888897, 27.738723333333333 ], [ -82.491237027777785, 27.738745944444446 ], [ -82.489653805555562, 27.739412555555557 ], [ -82.488115027777781, 27.740917388888889 ], [ -82.487749388888886, 27.741652833333333 ], [ -82.48753105555555, 27.74262211111111 ], [ -82.487235277777785, 27.744674777777778 ] ] } },
{ "type": "Feature", "properties": { "style": "solid", "thickness": 1 }, "geometry": { "type": "LineString", "coordinates": [ [ -82.472430083333336, 27.74529577777778 ], [ -82.472620194444445, 27.748888222222224 ], [ -82.47313175, 27.750907 ], [ -82.473451666666662, 27.751853722222222 ], [ -82.4738935, 27.752555277777777 ], [ -82.475584833333329, 27.753924555555557 ], [ -82.477231805555562, 27.754455583333332 ], [ -82.477770222222219, 27.754433027777779 ], [ -82.47935375, 27.753766555555554 ], [ -82.480758222222221, 27.752267472222222 ], [ -82.481258527777783, 27.751526416666668 ], [ -82.481476944444452, 27.75055713888889 ], [ -82.481772833333338, 27.7485045 ], [ -82.481582416666669, 27.744912083333336 ], [ -82.481070722222228, 27.742893305555558 ], [ -82.480750777777786, 27.741946611111111 ], [ -82.480174361111111, 27.741250722222222 ], [ -82.47861775, 27.739875833333333 ], [ -82.476971, 27.739344833333334 ], [ -82.476432666666668, 27.739367388888891 ], [ -82.474849333333339, 27.740033833333335 ], [ -82.47331033333333, 27.7415385 ], [ -82.47294458333333, 27.742273888888889 ], [ -82.472726111111115, 27.743243166666666 ], [ -82.472430083333336, 27.74529577777778 ] ] } },
{ "type": "Feature", "properties": { "style": "solid", "thickness": 1 }, "geometry": { "type": "LineString", "coordinates": [ [ -82.494981111111116, 27.72487925 ], [ -82.492962611111111, 27.724964138888886 ], [ -82.492174222222218, 27.7101155 ] ] } },
{ "type": "Feature", "properties": { "style": "solid", "thickness": 1 }, "geometry": { "type": "LineString", "coordinates": [ [ -82.485890083333331, 27.721300888888887 ], [ -82.485928166666667, 27.722019361111109 ], [ -82.4857035, 27.722868888888886 ], [ -82.485222388888886, 27.72396922222222 ], [ -82.484722222222217, 27.724710305555554 ], [ -82.483940222222216, 27.725223194444442 ], [ -82.48287636111111, 27.725507888888888 ], [ -82.480857833333332, 27.725592611111111 ], [ -82.479364916666668, 27.725415222222221 ], [ -82.478673027777774, 27.725084194444442 ], [ -82.477686666666671, 27.724285472222221 ], [ -82.477385805555556, 27.723698027777775 ], [ -82.477065944444448, 27.722751333333331 ], [ -82.4769645, 27.72083536111111 ], [ -82.477195583333341, 27.720105611111109 ], [ -82.47827344444444, 27.717540111111109 ], [ -82.479799333333332, 27.715795888888888 ], [ -82.482235333333335, 27.713413416666665 ], [ -82.485171305555554, 27.710289777777778 ], [ -82.476694666666674, 27.710645527777778 ] ] } },
{ "type": "Feature", "properties": { "style": "solid", "thickness": 1 }, "geometry": { "type": "LineString", "coordinates": [ [ -82.341856444444446, 27.763349777777776 ], [ -82.339837111111109, 27.763432388888887 ], [ -82.339069416666661, 27.748582944444447 ] ] } },
{ "type": "Feature", "properties": { "style": "solid", "thickness": 1 }, "geometry": { "type": "LineString", "coordinates": [ [ -82.32320688888889, 27.754871333333334 ], [ -82.323392111111104, 27.758463972222224 ], [ -82.323900916666659, 27.760483305555557 ], [ -82.324219555555558, 27.76143036111111 ], [ -82.32466047222222, 27.762132416666667 ], [ -82.326350055555551, 27.763503527777779 ], [ -82.327996444444437, 27.76403636111111 ], [ -82.328534944444442, 27.764014361111112 ], [ -82.3301195, 27.76334961111111 ], [ -82.331526166666663, 27.761852083333334 ], [ -82.332027555555555, 27.761111555555555 ], [ -82.332247333333328, 27.760142527777777 ], [ -82.332546055555554, 27.758090194444446 ], [ -82.332360555555553, 27.754497583333332 ], [ -82.331851611111105, 27.75247825 ], [ -82.331532944444447, 27.751531222222223 ], [ -82.330957416666664, 27.750834694444446 ], [ -82.329402583333334, 27.74945813888889 ], [ -82.327756416666659, 27.748925333333336 ], [ -82.327218, 27.748947305555557 ], [ -82.325633583333328, 27.749612027777779 ], [ -82.324092416666659, 27.751115 ], [ -82.323725611111101, 27.75185 ], [ -82.323505777777768, 27.752819027777779 ], [ -82.32320688888889, 27.754871333333334 ] ] } },
{ "type": "Feature", "properties": { "style": "solid", "thickness": 1 }, "geometry": { "type": "LineString", "coordinates": [ [ -82.308399388888887, 27.755474638888888 ], [ -82.308584111111102, 27.759067277777778 ], [ -82.309092638888885, 27.761086694444444 ], [ -82.309411166666663, 27.762033777777777 ], [ -82.309851972222219, 27.762735861111111 ], [ -82.311541388888884, 27.764107166666665 ], [ -82.313187694444437, 27.764640166666666 ], [ -82.313726194444442, 27.76461825 ], [ -82.315310888888888, 27.763953666666666 ], [ -82.31671775, 27.762456277777776 ], [ -82.31721925, 27.761715805555557 ], [ -82.317439138888886, 27.760746805555556 ], [ -82.317738166666658, 27.7586945 ], [ -82.317553138888883, 27.755101861111111 ], [ -82.317044472222221, 27.7530825 ], [ -82.31672591666667, 27.752135444444445 ], [ -82.316150472222219, 27.751438833333335 ], [ -82.314595805555555, 27.750062111111109 ], [ -82.312949722222214, 27.749529138888889 ], [ -82.31241127777777, 27.749551055555557 ], [ -82.31082680555555, 27.750215611111113 ], [ -82.309285388888881, 27.751718416666666 ], [ -82.3089185, 27.752453361111112 ], [ -82.308698555555551, 27.753422361111109 ], [ -82.308399388888887, 27.755474638888888 ] ] } },
{ "type": "Feature", "properties": { "style": "solid", "thickness": 1 }, "geometry": { "type": "LineString", "coordinates": [ [ -82.314565305555547, 27.727261638888887 ], [ -82.31475016666667, 27.730854305555553 ], [ -82.315258694444438, 27.732873666666666 ], [ -82.315577166666671, 27.73382075 ], [ -82.316017916666667, 27.734522833333333 ], [ -82.317706972222211, 27.735894055555555 ], [ -82.319352888888886, 27.736426972222223 ], [ -82.31989125, 27.736405027777778 ], [ -82.321475472222218, 27.735740388888889 ], [ -82.322881888888887, 27.734242916666666 ], [ -82.323383222222219, 27.733502416666667 ], [ -82.323603, 27.732533416666666 ], [ -82.323901833333323, 27.730481111111111 ], [ -82.323716638888882, 27.726888472222221 ], [ -82.323208, 27.724869111111108 ], [ -82.322889472222215, 27.723922055555555 ], [ -82.322314138888885, 27.7232255 ], [ -82.320759805555554, 27.721848833333333 ], [ -82.319114111111105, 27.721315916666665 ], [ -82.318575805555554, 27.721337888888886 ], [ -82.316991777777773, 27.7220025 ], [ -82.315450861111103, 27.723505361111108 ], [ -82.315084111111105, 27.724240361111111 ], [ -82.314864277777772, 27.725209361111109 ], [ -82.314565305555547, 27.727261638888887 ] ] } },
{ "type": "Feature", "properties": { "style": "solid", "thickness": 1 }, "geometry": { "type": "LineString", "coordinates": [ [ -82.242581083333334, 27.684933944444445 ], [ -82.240563111111115, 27.68501511111111 ], [ -82.239809555555553, 27.670165027777777 ] ] } },
{ "type": "Feature", "properties": { "style": "solid", "thickness": 1 }, "geometry": { "type": "LineString", "coordinates": [ [ -82.223952722222222, 27.676441972222225 ], [ -82.224134527777778, 27.68003475 ], [ -82.224641111111112, 27.682054472222223 ], [ -82.224958666666666, 27.683001777777779 ], [ -82.225398611111117, 27.683704138888888 ], [ -82.227085722222228, 27.6850765 ], [ -82.228730444444452, 27.6856105 ], [ -82.229268555555564, 27.685588916666667 ], [ -82.230852611111118, 27.684925305555556 ], [ -82.232259611111118, 27.683428777777777 ], [ -82.232761333333329, 27.682688611111111 ], [ -82.232981833333341, 27.68171975 ], [ -82.233282222222229, 27.679667611111114 ], [ -82.233100138888886, 27.676074861111111 ], [ -82.232593388888887, 27.674055166666669 ], [ -82.23227580555556, 27.67310788888889 ], [ -82.231701333333334, 27.672410944444447 ], [ -82.230148888888891, 27.67103325 ], [ -82.228504388888894, 27.67049925 ], [ -82.227966333333342, 27.670520833333335 ], [ -82.226382472222227, 27.671184416666669 ], [ -82.224841027777785, 27.672686277777778 ], [ -82.224473833333334, 27.673421027777778 ], [ -82.224253277777777, 27.674389888888889 ], [ -82.223952722222222, 27.676441972222225 ] ] } },
{ "type": "Feature", "properties": { "style": "solid", "thickness": 1 }, "geometry": { "type": "LineString", "coordinates": [ [ -82.209155361111115, 27.677034583333334 ], [ -82.209336666666672, 27.68062738888889 ], [ -82.209843, 27.682647166666669 ], [ -82.210160416666668, 27.683594472222222 ], [ -82.210600277777786, 27.684296888888888 ], [ -82.21228722222223, 27.685669416666666 ], [ -82.213931861111121, 27.686203611111111 ], [ -82.214469972222219, 27.686182055555555 ], [ -82.21605411111112, 27.68551863888889 ], [ -82.217461333333333, 27.68402225 ], [ -82.217963138888891, 27.683282138888892 ], [ -82.218183777777782, 27.682313305555557 ], [ -82.218484444444442, 27.680261222222224 ], [ -82.218302861111113, 27.676668416666669 ], [ -82.217796388888885, 27.674648666666666 ], [ -82.217478944444451, 27.67370138888889 ], [ -82.216904555555558, 27.673004361111111 ], [ -82.215352277777782, 27.6716265 ], [ -82.213707833333331, 27.671092333333334 ], [ -82.213169777777779, 27.671113861111113 ], [ -82.211585833333331, 27.671777277777778 ], [ -82.210044166666663, 27.673278972222224 ], [ -82.209676888888893, 27.674013666666667 ], [ -82.209456194444442, 27.674982527777779 ], [ -82.209155361111115, 27.677034583333334 ] ] } },
{ "type": "Feature", "properties": { "style": "solid", "thickness": 1 }, "geometry": { "type": "LineString", "coordinates": [ [ -82.234668388888892, 27.658644638888887 ], [ -82.23646027777778, 27.656772583333332 ], [ -82.237989222222225, 27.655031055555554 ], [ -82.239255166666666, 27.65342011111111 ], [ -82.2400135, 27.652429583333333 ], [ -82.240625194444448, 27.651204944444444 ], [ -82.240833416666661, 27.649996527777777 ], [ -82.240913222222218, 27.648913277777776 ], [ -82.240803833333331, 27.646757638888889 ], [ -82.240357861111107, 27.645935555555557 ], [ -82.239783472222229, 27.645238638888888 ], [ -82.239203027777776, 27.644421972222222 ], [ -82.236330361111115, 27.643577444444443 ], [ -82.234716611111111, 27.643642333333332 ], [ -82.233010833333338, 27.644550888888887 ], [ -82.232754027777773, 27.64480122222222 ], [ -82.231726694444447, 27.645802527777779 ], [ -82.231604333333337, 27.646047444444445 ], [ -82.231151333333329, 27.647745666666665 ], [ -82.231212, 27.648943277777779 ], [ -82.231523416666676, 27.649770777777778 ], [ -82.231828805555551, 27.650478527777775 ], [ -82.23240922222223, 27.65129522222222 ], [ -82.233527611111114, 27.652090305555554 ], [ -82.234627805555562, 27.652526111111111 ], [ -82.235306333333341, 27.652618861111108 ], [ -82.236247777777777, 27.652581 ], [ -82.236914166666665, 27.652434222222222 ], [ -82.239151888888884, 27.651384194444443 ], [ -82.2408395, 27.650116277777776 ] ] } },
{ "type": "Feature", "properties": { "style": "solid", "thickness": 1 }, "geometry": { "type": "LineString", "coordinates": [ [ -82.216448638888892, 27.650135444444444 ], [ -82.216630138888888, 27.65372825 ], [ -82.2171365, 27.655748 ], [ -82.217453888888897, 27.656695305555555 ], [ -82.217893694444442, 27.657397694444445 ], [ -82.219580305555553, 27.658770138888887 ], [ -82.221224583333338, 27.659304222222222 ], [ -82.221762555555557, 27.659282666666666 ], [ -82.223346277777779, 27.658619138888888 ], [ -82.224753055555553, 27.657122694444443 ], [ -82.225254666666672, 27.656382555555552 ], [ -82.225475194444442, 27.655413694444444 ], [ -82.225775638888891, 27.653361611111109 ], [ -82.225593833333335, 27.649768805555556 ], [ -82.225087361111107, 27.647749083333334 ], [ -82.224769944444446, 27.646801805555555 ], [ -82.224195638888887, 27.646104833333332 ], [ -82.22264366666667, 27.644727055555556 ], [ -82.220999611111111, 27.644192972222221 ], [ -82.220461666666665, 27.644214527777777 ], [ -82.21887816666667, 27.644878 ], [ -82.217336972222228, 27.646379805555554 ], [ -82.216969833333337, 27.647114527777777 ], [ -82.21674925, 27.648083361111112 ], [ -82.216448638888892, 27.650135444444444 ] ] } },
{ "type": "Feature", "properties": { "style": "solid", "thickness": 1 }, "geometry": { "type": "LineString", "coordinates": [ [ -82.567629777777768, 27.385672722222221 ], [ -82.568901277777769, 27.386818555555553 ], [ -82.569176, 27.386926833333334 ], [ -82.57093275, 27.387091777777776 ], [ -82.5723955, 27.386789222222223 ], [ -82.573174638888887, 27.386275833333332 ], [ -82.573947388888882, 27.385642666666666 ], [ -82.57456025, 27.384536305555557 ], [ -82.574412388888888, 27.381782194444444 ], [ -82.573549722222225, 27.380738944444445 ], [ -82.572987472222223, 27.380282916666665 ], [ -82.570936861111107, 27.379650472222224 ], [ -82.568624416666665, 27.37914925 ], [ -82.566976277777769, 27.378499555555557 ], [ -82.566401222222225, 27.377804027777778 ], [ -82.566043083333327, 27.376139055555555 ], [ -82.566227916666662, 27.374570916666666 ], [ -82.566847194444435, 27.373584333333334 ], [ -82.567492166666668, 27.373076694444446 ], [ -82.568009416666669, 27.372694527777778 ], [ -82.568660805555552, 27.37230663888889 ], [ -82.570116944444436, 27.371884333333334 ], [ -82.570921694444436, 27.371849944444445 ], [ -82.571739305555553, 27.37205502777778 ], [ -82.572838027777777, 27.37248811111111 ], [ -82.573534388888888, 27.37293838888889 ], [ -82.574524694444435, 27.373856166666666 ] ] } },
{ "type": "Feature", "properties": { "style": "solid", "thickness": 1 }, "geometry": { "type": "LineString", "coordinates": [ [ -82.536686833333334, 27.387831472222221 ], [ -82.537517277777781, 27.38827622222222 ], [ -82.538469111111112, 27.388475805555554 ], [ -82.541688666666658, 27.388338888888889 ], [ -82.542883222222216, 27.388048027777778 ], [ -82.543279277777771, 27.387911166666665 ], [ -82.54523391666666, 27.386747833333335 ], [ -82.54637725, 27.385498972222223 ], [ -82.546715694444444, 27.384284416666667 ], [ -82.547539527777772, 27.382089027777777 ], [ -82.547392361111108, 27.379334888888888 ], [ -82.547053694444443, 27.378029111111111 ], [ -82.546593722222227, 27.376968555555557 ], [ -82.545993194444449, 27.375793944444446 ], [ -82.54458152777778, 27.374533861111111 ], [ -82.541969083333328, 27.373444861111111 ], [ -82.540206222222224, 27.373159805555556 ], [ -82.538730777777772, 27.373222555555557 ], [ -82.536872111111109, 27.37366161111111 ], [ -82.536220638888892, 27.374049361111112 ], [ -82.535696861111106, 27.374311666666667 ] ] } },
{ "type": "Feature", "properties": { "style": "solid", "thickness": 1 }, "geometry": { "type": "LineString", "coordinates": [ [ -82.55913075, 27.260718222222224 ], [ -82.557120888888889, 27.260804055555557 ], [ -82.556327138888889, 27.24595588888889 ] ] } },
{ "type": "Feature", "properties": { "style": "solid", "thickness": 1 }, "geometry": { "type": "LineString", "coordinates": [ [ -82.55007630555555, 27.25714413888889 ], [ -82.550114666666659, 27.257862611111111 ], [ -82.549891472222214, 27.25871225 ], [ -82.549413055555547, 27.259812777777778 ], [ -82.548915444444447, 27.260554111111112 ], [ -82.548137055555557, 27.26106736111111 ], [ -82.547077916666666, 27.261352555555554 ], [ -82.545068027777774, 27.261438194444445 ], [ -82.543581333333336, 27.2612615 ], [ -82.542892222222221, 27.260930833333333 ], [ -82.541909583333336, 27.260132555555554 ], [ -82.541609666666659, 27.25954525 ], [ -82.541290611111108, 27.258598722222221 ], [ -82.541188444444444, 27.256682805555556 ], [ -82.541418111111113, 27.255952944444445 ], [ -82.542489888888881, 27.253386944444443 ], [ -82.54400825, 27.251642055555557 ], [ -82.546432472222222, 27.249258416666667 ], [ -82.549354138888887, 27.246133444444446 ], [ -82.54091375, 27.246493166666667 ] ] } },
{ "type": "Feature", "properties": { "style": "solid", "thickness": 1 }, "geometry": { "type": "LineString", "coordinates": [ [ -82.56304075, 27.404409166666664 ], [ -82.572432444444445, 27.404007972222221 ], [ -82.565152083333331, 27.416200833333331 ], [ -82.56435611111111, 27.401352555555555 ] ] } },
{ "type": "Feature", "properties": { "style": "solid", "thickness": 1 }, "geometry": { "type": "LineString", "coordinates": [ [ -82.548416638888881, 27.407553027777777 ], [ -82.548608694444439, 27.41114536111111 ], [ -82.549120055555548, 27.413163888888889 ], [ -82.549439638888884, 27.414110416666666 ], [ -82.549880611111107, 27.41481175 ], [ -82.551567638888883, 27.41618008333333 ], [ -82.553209861111114, 27.416710222222225 ], [ -82.553746583333336, 27.416687333333336 ], [ -82.555324722222224, 27.41602 ], [ -82.556723805555549, 27.414520138888886 ], [ -82.557222055555556, 27.413778777777775 ], [ -82.557439111111108, 27.412809388888888 ], [ -82.557732666666666, 27.410756583333331 ], [ -82.557540305555548, 27.407164222222221 ], [ -82.557028833333334, 27.40514575 ], [ -82.556709194444437, 27.404199222222221 ], [ -82.556134083333333, 27.403503638888889 ], [ -82.554581361111104, 27.402129611111111 ], [ -82.552939333333327, 27.401599527777776 ], [ -82.552402666666666, 27.401622388888889 ], [ -82.550824722222217, 27.402289694444445 ], [ -82.549291555555556, 27.403795222222222 ], [ -82.548927472222218, 27.404530833333332 ], [ -82.548710333333332, 27.405500222222219 ], [ -82.548416638888881, 27.407553027777777 ] ] } },
{ "type": "Feature", "properties": { "style": "solid", "thickness": 1 }, "geometry": { "type": "LineString", "coordinates": [ [ -82.557682305555559, 27.27710975 ], [ -82.56706305555555, 27.276708888888887 ], [ -82.559790611111112, 27.288901416666668 ], [ -82.558996305555553, 27.274053194444445 ] ] } },
{ "type": "Feature", "properties": { "style": "solid", "thickness": 1 }, "geometry": { "type": "LineString", "coordinates": [ [ -82.543075138888881, 27.280253 ], [ -82.543266777777774, 27.283845305555559 ], [ -82.543777444444444, 27.285863861111114 ], [ -82.544096611111115, 27.286810388888892 ], [ -82.544537027777778, 27.287511722222224 ], [ -82.546222, 27.288880138888892 ], [ -82.547862277777782, 27.289410305555556 ], [ -82.548398388888884, 27.289387472222224 ], [ -82.549974722222217, 27.288720194444448 ], [ -82.55137225, 27.28722038888889 ], [ -82.551869944444448, 27.286479055555557 ], [ -82.552086805555547, 27.28550966666667 ], [ -82.552380111111106, 27.283456888888889 ], [ -82.552188166666667, 27.279864555555555 ], [ -82.551677361111103, 27.277846055555553 ], [ -82.55135816666666, 27.276899555555556 ], [ -82.55078375, 27.276203944444443 ], [ -82.549232888888881, 27.274829888888888 ], [ -82.547592833333326, 27.274299722222221 ], [ -82.547056805555556, 27.274322555555553 ], [ -82.54548063888889, 27.274989805555556 ], [ -82.543949194444437, 27.27649525 ], [ -82.5435855, 27.277230833333331 ], [ -82.543368583333333, 27.278200222222221 ], [ -82.543075138888881, 27.280253 ] ] } },
{ "type": "Feature", "properties": { "style": "solid", "thickness": 1 }, "geometry": { "type": "LineString", "coordinates": [ [ -82.291868083333327, 28.15549986111111 ], [ -82.29178225, 28.156463333333331 ], [ -82.291542833333338, 28.157073 ], [ -82.290652444444447, 28.158188944444444 ], [ -82.289866388888882, 28.158700722222221 ], [ -82.289080333333331, 28.159212444444442 ], [ -82.287876583333329, 28.159501083333332 ], [ -82.287200972222223, 28.159528361111111 ], [ -82.285702361111106, 28.159348861111109 ], [ -82.284443222222222, 28.158559694444442 ], [ -82.283589444444445, 28.157754166666667 ], [ -82.283417416666666, 28.157041138888886 ], [ -82.283294388888891, 28.154646138888886 ], [ -82.283797916666671, 28.153905833333333 ], [ -82.284700638888893, 28.153029388888889 ], [ -82.285867388888889, 28.152022305555555 ], [ -82.286813138888888, 28.151984111111108 ] ] } },
{ "type": "Feature", "properties": { "style": "solid", "thickness": 1 }, "geometry": { "type": "LineString", "coordinates": [ [ -82.285867388888889, 28.152022305555555 ], [ -82.284203, 28.1512495 ], [ -82.283637972222223, 28.150792333333332 ], [ -82.282919361111112, 28.149981333333333 ], [ -82.282765805555556, 28.149627527777778 ], [ -82.282575333333327, 28.14855525 ], [ -82.282556888888891, 28.148196 ], [ -82.282642777777781, 28.147232527777778 ], [ -82.282876083333335, 28.146503138888889 ], [ -82.283508527777769, 28.145637611111109 ], [ -82.284288388888882, 28.145006138888888 ], [ -82.285602472222223, 28.144233111111109 ], [ -82.28870975, 28.14410761111111 ], [ -82.289673916666658, 28.144428666666666 ], [ -82.291209305555554, 28.145326611111109 ], [ -82.291491833333325, 28.145555194444444 ], [ -82.29195875, 28.146736305555557 ], [ -82.29198338888888, 28.147215305555555 ] ] } },
{ "type": "Feature", "properties": { "style": "solid", "thickness": 1 }, "geometry": { "type": "LineString", "coordinates": [ [ -82.581351472222224, 28.004056472222221 ], [ -82.573661611111106, 28.004383722222222 ] ] } },
{ "type": "Feature", "properties": { "style": "solid", "thickness": 1 }, "geometry": { "type": "LineString", "coordinates": [ [ -82.573670611111112, 28.012064277777778 ], [ -82.58176575, 28.011719777777778 ], [ -82.580943694444443, 27.996512888888891 ] ] } },
{ "type": "Feature", "properties": { "style": "solid", "thickness": 1 }, "geometry": { "type": "LineString", "coordinates": [ [ -82.714214194444452, 27.797033388888892 ], [ -82.714132388888885, 27.797997138888892 ], [ -82.713896138888899, 27.798607583333336 ], [ -82.713013055555564, 27.799726333333336 ], [ -82.712231583333335, 27.8002405 ], [ -82.71145011111112, 27.800754694444446 ], [ -82.710251472222225, 27.801047 ], [ -82.70957822222222, 27.801076361111111 ], [ -82.70808386111112, 27.800901472222222 ], [ -82.70682583333334, 27.800116138888889 ], [ -82.70597175, 27.799313194444448 ], [ -82.7057975, 27.798600638888889 ], [ -82.705665555555555, 27.796205916666668 ], [ -82.706164527777787, 27.795464027777779 ], [ -82.707060861111117, 27.794584805555559 ], [ -82.708219833333331, 27.793574083333336 ], [ -82.709162305555552, 27.793533 ] ] } },
{ "type": "Feature", "properties": { "style": "solid", "thickness": 1 }, "geometry": { "type": "LineString", "coordinates": [ [ -82.708219833333331, 27.793574083333336 ], [ -82.706557944444441, 27.792806361111111 ], [ -82.705993, 27.79235088888889 ], [ -82.70527361111111, 27.791542055555556 ], [ -82.70511919444445, 27.791188722222223 ], [ -82.704925166666669, 27.790116972222226 ], [ -82.704905388888889, 27.78975775 ], [ -82.70498725, 27.788794 ], [ -82.705216944444444, 27.788063861111112 ], [ -82.705843944444453, 27.787196361111114 ], [ -82.70661875, 27.786562472222222 ], [ -82.707925472222229, 27.785785361111113 ], [ -82.711021972222227, 27.785650333333336 ], [ -82.711984222222227, 27.785968444444446 ], [ -82.713518, 27.786861694444447 ], [ -82.713800472222232, 27.787089416666667 ], [ -82.714270444444452, 27.788269166666669 ], [ -82.714296861111109, 27.788748111111111 ] ] } },
{ "type": "Feature", "properties": { "style": "solid", "thickness": 1 }, "geometry": { "type": "LineString", "coordinates": [ [ -82.3384135, 27.732048222222222 ], [ -82.338328416666656, 27.73301175 ], [ -82.338090194444433, 27.733621527777778 ], [ -82.337203777777773, 27.73473786111111 ], [ -82.336421, 27.735249916666668 ], [ -82.335638222222215, 27.735761944444445 ], [ -82.334439277777776, 27.736051 ], [ -82.33376633333333, 27.7360785 ], [ -82.3322735, 27.7358995 ], [ -82.331018916666665, 27.735110722222224 ], [ -82.33016813888888, 27.734305444444445 ], [ -82.32999647222222, 27.733592416666667 ], [ -82.329872888888886, 27.731197333333331 ], [ -82.330374138888885, 27.730456805555555 ], [ -82.331272944444436, 27.729580055555555 ], [ -82.332434722222217, 27.7285725 ], [ -82.333376777777772, 27.728534 ] ] } },
{ "type": "Feature", "properties": { "style": "solid", "thickness": 1 }, "geometry": { "type": "LineString", "coordinates": [ [ -82.332434722222217, 27.7285725 ], [ -82.3307765, 27.727800222222221 ], [ -82.330213472222212, 27.727343194444444 ], [ -82.329497333333336, 27.726532416666664 ], [ -82.329344222222218, 27.726178666666666 ], [ -82.329154027777776, 27.725106361111109 ], [ -82.3291355, 27.72474711111111 ], [ -82.329220638888884, 27.723783555555553 ], [ -82.329452722222214, 27.723054055555554 ], [ -82.330082333333323, 27.722188277777775 ], [ -82.330858888888883, 27.7215565 ], [ -82.3321675, 27.720782972222221 ], [ -82.335262611111105, 27.720656416666664 ], [ -82.336223166666656, 27.720977166666664 ], [ -82.337752944444446, 27.721874638888888 ], [ -82.338034472222219, 27.722103138888887 ], [ -82.338500055555556, 27.723284166666666 ], [ -82.338524805555551, 27.723763166666664 ] ] } },
{ "type": "Feature", "properties": { "style": "solid", "thickness": 1 }, "geometry": { "type": "LineString", "coordinates": [ [ -82.560595472222218, 27.379852194444446 ], [ -82.552949611111103, 27.380178277777777 ] ] } },
{ "type": "Feature", "properties": { "style": "solid", "thickness": 1 }, "geometry": { "type": "LineString", "coordinates": [ [ -82.552957111111112, 27.387859083333332 ], [ -82.561005916666659, 27.387515805555555 ], [ -82.5601915, 27.372308305555556 ] ] } }
]
}
