{
"type": "FeatureCollection",
"name": "tpa260sgp",
"features": [
{ "type": "Feature", "properties": { "style": "solid", "thickness": 1 }, "geometry": { "type": "LineString", "coordinates": [ [ -82.520280833333331, 27.985842 ], [ -82.52174191666667, 27.987139 ] ] } },
{ "type": "Feature", "properties": { "style": "solid", "thickness": 1 }, "geometry": { "type": "LineString", "coordinates": [ [ -82.519769444444449, 27.986036527777777 ], [ -82.521522777777776, 27.987592944444444 ] ] } },
{ "type": "Feature", "properties": { "style": "solid", "thickness": 1 }, "geometry": { "type": "LineString", "coordinates": [ [ -82.519404194444448, 27.986360777777779 ], [ -82.5211575, 27.987917194444446 ] ] } },
{ "type": "Feature", "properties": { "style": "solid", "thickness": 1 }, "geometry": { "type": "LineString", "coordinates": [ [ -82.51918502777778, 27.98681475 ], [ -82.520646111111105, 27.98811175 ] ] } },
{ "type": "Feature", "properties": { "style": "solid", "thickness": 1 }, "geometry": { "type": "LineString", "coordinates": [ [ -82.519550277777782, 27.9877875 ], [ -82.519659527777776, 27.987874416666667 ], [ -82.519786055555556, 27.987954305555558 ], [ -82.51992961111111, 27.988023833333333 ], [ -82.520088833333332, 27.988079444444445 ], [ -82.520261277777777, 27.988117722222224 ], [ -82.520443361111106, 27.988135638888888 ], [ -82.520630361111117, 27.988131083333336 ], [ -82.520816944444448, 27.988103027777779 ], [ -82.520997555555553, 27.988051861111114 ], [ -82.521166861111112, 27.987979361111112 ], [ -82.521320472222214, 27.987888361111111 ], [ -82.521455111111109, 27.987782694444444 ], [ -82.521568833333333, 27.987666444444447 ], [ -82.521661055555555, 27.98754377777778 ], [ -82.521732333333333, 27.98741852777778 ], [ -82.52178408333333, 27.987293944444446 ], [ -82.521819, 27.987169222222224 ], [ -82.521839194444439, 27.987035083333335 ], [ -82.521841805555553, 27.986892333333333 ], [ -82.521823861111116, 27.986743444444446 ], [ -82.521783, 27.986591805555555 ], [ -82.521717694444447, 27.986441444444445 ], [ -82.52162775, 27.986296944444444 ], [ -82.521514388888889, 27.986163027777778 ], [ -82.52138027777778, 27.986043972222223 ], [ -82.521229388888884, 27.985943333333335 ], [ -82.521066638888882, 27.9858635 ], [ -82.52089725, 27.985805527777778 ], [ -82.520726416666662, 27.98576925 ], [ -82.520558694444446, 27.985753333333335 ], [ -82.520397888888894, 27.98575563888889 ], [ -82.520246777777771, 27.985773555555557 ], [ -82.520106277777771, 27.985804555555557 ], [ -82.519965944444436, 27.9858505 ], [ -82.519824833333331, 27.985913777777778 ], [ -82.519686666666672, 27.985995638888891 ], [ -82.519555722222222, 27.986096611111112 ], [ -82.519436638888891, 27.986216111111112 ], [ -82.519334166666667, 27.986352472222222 ], [ -82.51925247222222, 27.98650277777778 ], [ -82.51919483333333, 27.986663083333333 ], [ -82.51916325, 27.986828722222224 ], [ -82.519158083333338, 27.986994722222224 ], [ -82.519178277777783, 27.987156333333335 ], [ -82.519221388888894, 27.987309416666669 ], [ -82.519284027777772, 27.987450777777777 ], [ -82.519362361111106, 27.987578194444446 ], [ -82.519452361111107, 27.987690527777779 ], [ -82.519550277777782, 27.9877875 ] ] } },
{ "type": "Feature", "properties": { "style": "solid", "thickness": 1 }, "geometry": { "type": "LineString", "coordinates": [ [ -81.691886555555556, 28.84103725 ], [ -81.691896472222226, 28.839751055555553 ] ] } },
{ "type": "Feature", "properties": { "style": "solid", "thickness": 1 }, "geometry": { "type": "LineString", "coordinates": [ [ -81.69225075, 28.841168055555553 ], [ -81.692262638888892, 28.839624638888889 ] ] } },
{ "type": "Feature", "properties": { "style": "solid", "thickness": 1 }, "geometry": { "type": "LineString", "coordinates": [ [ -81.692615944444455, 28.84117025 ], [ -81.692627833333333, 28.839626805555554 ] ] } },
{ "type": "Feature", "properties": { "style": "solid", "thickness": 1 }, "geometry": { "type": "LineString", "coordinates": [ [ -81.692982138888894, 28.841043805555554 ], [ -81.692992027777777, 28.839757611111111 ] ] } },
{ "type": "Feature", "properties": { "style": "solid", "thickness": 1 }, "geometry": { "type": "LineString", "coordinates": [ [ -81.693352277777777, 28.840402888888889 ], [ -81.693347305555562, 28.840311666666665 ], [ -81.693329777777777, 28.84021625 ], [ -81.693297944444453, 28.840118416666666 ], [ -81.693250416666672, 28.840020472222221 ], [ -81.693186472222223, 28.839925194444444 ], [ -81.69310625, 28.839835694444442 ], [ -81.693010805555559, 28.839755083333333 ], [ -81.692902277777776, 28.839686194444443 ], [ -81.692783611111111, 28.83963136111111 ], [ -81.692658416666674, 28.839592055555553 ], [ -81.692530583333337, 28.839568777777778 ], [ -81.692403805555557, 28.839561166666666 ], [ -81.692281444444447, 28.839568027777776 ], [ -81.692166111111121, 28.839587555555553 ], [ -81.692059694444453, 28.839617638888889 ], [ -81.691963388888894, 28.839656083333331 ], [ -81.691875333333343, 28.839702027777776 ], [ -81.69178925, 28.839759138888887 ], [ -81.691707027777781, 28.839828277777777 ], [ -81.691631527777787, 28.839909555555554 ], [ -81.691565833333343, 28.840002333333331 ], [ -81.691513, 28.840105333333334 ], [ -81.69147575, 28.840216333333331 ], [ -81.691456111111108, 28.840332527777775 ], [ -81.691455194444444, 28.840450583333332 ], [ -81.691473027777775, 28.840567 ], [ -81.691508583333331, 28.840678444444443 ], [ -81.691559833333343, 28.840782055555554 ], [ -81.691624083333338, 28.840875638888889 ], [ -81.691698305555562, 28.840957805555554 ], [ -81.691779472222223, 28.841027916666665 ], [ -81.691864666666675, 28.841086055555554 ], [ -81.691952, 28.841133055555556 ], [ -81.692047722222227, 28.841172611111109 ], [ -81.692153638888897, 28.841203972222221 ], [ -81.692268666666664, 28.841224888888888 ], [ -81.692390916666668, 28.841233194444442 ], [ -81.692517805555553, 28.84122711111111 ], [ -81.692646, 28.841205388888888 ], [ -81.692771777777779, 28.841167555555554 ], [ -81.692891277777775, 28.841114138888887 ], [ -81.693000861111116, 28.84104658333333 ], [ -81.69309752777778, 28.840967111111109 ], [ -81.693179138888894, 28.840878555555555 ], [ -81.693244527777779, 28.840784055555556 ], [ -81.693293555555556, 28.840686694444443 ], [ -81.693326916666678, 28.84058925 ], [ -81.693345916666672, 28.840494027777776 ], [ -81.693352277777777, 28.840402888888889 ] ] } },
{ "type": "Feature", "properties": { "style": "solid", "thickness": 1 }, "geometry": { "type": "LineString", "coordinates": [ [ -81.677879527777776, 28.833249333333335 ], [ -81.692402777777787, 28.840397222222222 ], [ -81.677768777777786, 28.847369361111109 ] ] } },
{ "type": "Feature", "properties": { "style": "solid", "thickness": 1 }, "geometry": { "type": "LineString", "coordinates": [ [ -82.475292916666675, 28.481537472222222 ], [ -82.475293472222219, 28.480251083333332 ] ] } },
{ "type": "Feature", "properties": { "style": "solid", "thickness": 1 }, "geometry": { "type": "LineString", "coordinates": [ [ -82.475656861111119, 28.48166622222222 ], [ -82.4756575, 28.480122555555553 ] ] } },
{ "type": "Feature", "properties": { "style": "solid", "thickness": 1 }, "geometry": { "type": "LineString", "coordinates": [ [ -82.476020833333337, 28.481666333333333 ], [ -82.476021472222229, 28.480122666666666 ] ] } },
{ "type": "Feature", "properties": { "style": "solid", "thickness": 1 }, "geometry": { "type": "LineString", "coordinates": [ [ -82.476384888888887, 28.481537833333331 ], [ -82.476385416666673, 28.480251444444441 ] ] } },
{ "type": "Feature", "properties": { "style": "solid", "thickness": 1 }, "geometry": { "type": "LineString", "coordinates": [ [ -82.476749138888891, 28.48089475 ], [ -82.476743527777785, 28.480803555555553 ], [ -82.476725361111107, 28.480708222222219 ], [ -82.476692916666664, 28.480610527777777 ], [ -82.476644833333339, 28.480512861111109 ], [ -82.476580416666664, 28.480417944444444 ], [ -82.476499805555562, 28.480328888888888 ], [ -82.476404111111108, 28.480248777777778 ], [ -82.476295416666673, 28.480180527777776 ], [ -82.47617675, 28.480126361111111 ], [ -82.476051722222223, 28.48008775 ], [ -82.475924138888885, 28.480065194444443 ], [ -82.475797722222225, 28.480058305555556 ], [ -82.475675833333341, 28.480065861111111 ], [ -82.475561027777786, 28.480086027777777 ], [ -82.47545519444445, 28.48011672222222 ], [ -82.475359472222223, 28.480155694444441 ], [ -82.475272055555564, 28.480202166666665 ], [ -82.475186666666673, 28.48025975 ], [ -82.475105222222226, 28.48032936111111 ], [ -82.475030583333336, 28.480411083333333 ], [ -82.474965777777783, 28.48050425 ], [ -82.474913861111119, 28.480607555555554 ], [ -82.474877555555551, 28.480718777777778 ], [ -82.474858805555556, 28.480835083333332 ], [ -82.47485875, 28.480953166666666 ], [ -82.474877388888885, 28.4810695 ], [ -82.474913638888893, 28.48118075 ], [ -82.47496544444445, 28.481284083333332 ], [ -82.47503016666667, 28.481377305555554 ], [ -82.47510475, 28.481459055555554 ], [ -82.475186138888887, 28.481528722222219 ], [ -82.475271472222218, 28.481586388888886 ], [ -82.475358861111118, 28.481632888888889 ], [ -82.475454555555558, 28.481671916666667 ], [ -82.475560333333334, 28.481702694444444 ], [ -82.475675138888889, 28.481722944444442 ], [ -82.475797027777773, 28.481730583333331 ], [ -82.475923444444447, 28.481723777777777 ], [ -82.476051055555558, 28.481701305555553 ], [ -82.476176138888889, 28.481662777777775 ], [ -82.476294833333341, 28.481608666666666 ], [ -82.476403583333337, 28.481540472222221 ], [ -82.476499333333336, 28.481460444444444 ], [ -82.476580027777786, 28.481371444444441 ], [ -82.476644527777779, 28.481276583333333 ], [ -82.476692666666665, 28.481178916666664 ], [ -82.476725194444441, 28.48108125 ], [ -82.476743444444452, 28.480985944444441 ], [ -82.476749138888891, 28.48089475 ] ] } },
{ "type": "Feature", "properties": { "style": "solid", "thickness": 1 }, "geometry": { "type": "LineString", "coordinates": [ [ -82.461276305555558, 28.473827888888888 ], [ -82.475802777777773, 28.480894444444441 ], [ -82.461268555555563, 28.487950055555558 ] ] } },
{ "type": "Feature", "properties": { "style": "solid", "thickness": 1 }, "geometry": { "type": "LineString", "coordinates": [ [ -82.020195277777773, 27.996830305555555 ], [ -82.020201222222227, 27.99554377777778 ] ] } },
{ "type": "Feature", "properties": { "style": "solid", "thickness": 1 }, "geometry": { "type": "LineString", "coordinates": [ [ -82.020557055555557, 27.996960277777777 ], [ -82.020564166666659, 27.995416444444444 ] ] } },
{ "type": "Feature", "properties": { "style": "solid", "thickness": 1 }, "geometry": { "type": "LineString", "coordinates": [ [ -82.020919388888885, 27.996961583333334 ], [ -82.020926527777775, 27.995417777777778 ] ] } },
{ "type": "Feature", "properties": { "style": "solid", "thickness": 1 }, "geometry": { "type": "LineString", "coordinates": [ [ -82.021282333333332, 27.99683425 ], [ -82.021288277777771, 27.99554775 ] ] } },
{ "type": "Feature", "properties": { "style": "solid", "thickness": 1 }, "geometry": { "type": "LineString", "coordinates": [ [ -82.021647666666667, 27.996192305555557 ], [ -82.021642472222226, 27.996101083333333 ], [ -82.021624777777774, 27.996005694444445 ], [ -82.02159288888889, 27.99590788888889 ], [ -82.021545444444442, 27.995810027777779 ], [ -82.021481722222219, 27.995714888888891 ], [ -82.021401833333329, 27.995625555555556 ], [ -82.021306888888887, 27.995545166666666 ], [ -82.021199, 27.995476527777779 ], [ -82.021081083333328, 27.995421944444445 ], [ -82.02095675, 27.995382916666667 ], [ -82.020829833333337, 27.995359944444445 ], [ -82.020704055555555, 27.995352638888889 ], [ -82.020582638888882, 27.995359805555555 ], [ -82.02046827777778, 27.995379611111112 ], [ -82.02036280555555, 27.995409944444447 ], [ -82.020267333333337, 27.995448611111112 ], [ -82.020180111111117, 27.995494777777779 ], [ -82.020094888888892, 27.995552111111113 ], [ -82.0200135, 27.995621472222222 ], [ -82.019938833333327, 27.995702916666669 ], [ -82.019873944444441, 27.995795888888889 ], [ -82.019821833333339, 27.995899027777778 ], [ -82.019785194444438, 27.996010138888892 ], [ -82.01976605555555, 27.996126416666666 ], [ -82.019765527777778, 27.9962445 ], [ -82.019783583333336, 27.996360916666667 ], [ -82.019819194444437, 27.996472305555557 ], [ -82.01987033333333, 27.996575805555558 ], [ -82.019934388888885, 27.99666925 ], [ -82.020008277777777, 27.99675125 ], [ -82.020089027777772, 27.996821194444447 ], [ -82.020173722222225, 27.99687913888889 ], [ -82.0202605, 27.996925944444445 ], [ -82.020355611111114, 27.996965305555555 ], [ -82.020460805555558, 27.996996416666668 ], [ -82.020575, 27.997017055555556 ], [ -82.020696333333333, 27.997025083333334 ], [ -82.020822194444449, 27.997018694444446 ], [ -82.020949333333334, 27.996996638888891 ], [ -82.021074, 27.996958527777778 ], [ -82.021192416666665, 27.996904805555555 ], [ -82.021300944444448, 27.996836972222223 ], [ -82.021396611111115, 27.99675725 ], [ -82.02147730555555, 27.9966685 ], [ -82.021541916666663, 27.996573833333333 ], [ -82.021590277777776, 27.996476333333334 ], [ -82.021623055555551, 27.996378777777778 ], [ -82.021641611111107, 27.9962835 ], [ -82.021647666666667, 27.996192305555557 ] ] } },
{ "type": "Feature", "properties": { "style": "solid", "thickness": 1 }, "geometry": { "type": "LineString", "coordinates": [ [ -82.006273888888884, 27.989073777777779 ], [ -82.020705555555551, 27.996188888888891 ], [ -82.006206833333337, 28.003197277777776 ] ] } },
{ "type": "Feature", "properties": { "style": "solid", "thickness": 1 }, "geometry": { "type": "LineString", "coordinates": [ [ -82.625886055555554, 27.768243666666667 ], [ -82.625884805555543, 27.766957111111111 ] ] } },
{ "type": "Feature", "properties": { "style": "solid", "thickness": 1 }, "geometry": { "type": "LineString", "coordinates": [ [ -82.626247777777778, 27.768372055555556 ], [ -82.626246277777767, 27.766828166666667 ] ] } },
{ "type": "Feature", "properties": { "style": "solid", "thickness": 1 }, "geometry": { "type": "LineString", "coordinates": [ [ -82.626609361111107, 27.768371777777777 ], [ -82.626607861111111, 27.766827888888887 ] ] } },
{ "type": "Feature", "properties": { "style": "solid", "thickness": 1 }, "geometry": { "type": "LineString", "coordinates": [ [ -82.626970833333331, 27.768242833333332 ], [ -82.62696958333332, 27.766956277777776 ] ] } },
{ "type": "Feature", "properties": { "style": "solid", "thickness": 1 }, "geometry": { "type": "LineString", "coordinates": [ [ -82.627331805555542, 27.767599277777776 ], [ -82.62732608333333, 27.767508055555556 ], [ -82.627307916666666, 27.76741275 ], [ -82.627275555555542, 27.767315083333333 ], [ -82.627227666666656, 27.767217444444444 ], [ -82.627163527777768, 27.767122583333332 ], [ -82.627083333333331, 27.76703361111111 ], [ -82.626988138888876, 27.766953611111109 ], [ -82.626880083333333, 27.766885444444444 ], [ -82.626762138888878, 27.766831388888889 ], [ -82.626637833333334, 27.766792916666667 ], [ -82.626511055555554, 27.7667705 ], [ -82.6263855, 27.76676375 ], [ -82.626264388888885, 27.766771444444444 ], [ -82.626150388888888, 27.76679175 ], [ -82.626045277777777, 27.766822555555553 ], [ -82.625950249999988, 27.766861638888887 ], [ -82.625863472222221, 27.766908194444444 ], [ -82.625778722222222, 27.766965888888887 ], [ -82.625697916666667, 27.767035611111112 ], [ -82.625623861111109, 27.767117416666665 ], [ -82.625559638888888, 27.767210666666667 ], [ -82.625508194444436, 27.767314027777775 ], [ -82.625472277777774, 27.767425305555555 ], [ -82.625453805555551, 27.767541666666666 ], [ -82.625453944444445, 27.767659777777776 ], [ -82.625472611111107, 27.767776083333331 ], [ -82.62550875, 27.767887333333331 ], [ -82.625560388888886, 27.767990611111109 ], [ -82.625624805555546, 27.768083777777775 ], [ -82.62569902777777, 27.768165444444442 ], [ -82.625779972222219, 27.768235027777777 ], [ -82.625864805555551, 27.768292611111111 ], [ -82.625951666666666, 27.768339027777778 ], [ -82.626046805555546, 27.768377972222222 ], [ -82.626151944444445, 27.768408611111109 ], [ -82.626266, 27.76842875 ], [ -82.626387138888887, 27.76843625 ], [ -82.626512694444443, 27.768429305555554 ], [ -82.626639416666663, 27.768406694444444 ], [ -82.626763638888889, 27.768368027777775 ], [ -82.626881472222209, 27.768313777777777 ], [ -82.62698941666666, 27.768245472222223 ], [ -82.627084444444435, 27.768165333333332 ], [ -82.627164472222219, 27.76807622222222 ], [ -82.627228416666654, 27.76798125 ], [ -82.627276111111101, 27.767883527777776 ], [ -82.627308277777772, 27.767785833333331 ], [ -82.627326277777769, 27.76769047222222 ], [ -82.627331805555542, 27.767599277777776 ] ] } },
{ "type": "Feature", "properties": { "style": "solid", "thickness": 1 }, "geometry": { "type": "LineString", "coordinates": [ [ -82.611950861111112, 27.760548388888889 ], [ -82.626391666666663, 27.7676 ], [ -82.611962777777777, 27.774672361111111 ] ] } },
{ "type": "Feature", "properties": { "style": "solid", "thickness": 1 }, "geometry": { "type": "LineString", "coordinates": [ [ -82.186002027777775, 27.357047611111113 ], [ -82.186006, 27.355761027777778 ] ] } },
{ "type": "Feature", "properties": { "style": "solid", "thickness": 1 }, "geometry": { "type": "LineString", "coordinates": [ [ -82.186361861111109, 27.35717713888889 ], [ -82.186366611111112, 27.35563327777778 ] ] } },
{ "type": "Feature", "properties": { "style": "solid", "thickness": 1 }, "geometry": { "type": "LineString", "coordinates": [ [ -82.186722111111109, 27.357178027777778 ], [ -82.186726833333339, 27.355634138888892 ] ] } },
{ "type": "Feature", "properties": { "style": "solid", "thickness": 1 }, "geometry": { "type": "LineString", "coordinates": [ [ -82.187082722222229, 27.35705025 ], [ -82.187086666666673, 27.355763694444445 ] ] } },
{ "type": "Feature", "properties": { "style": "solid", "thickness": 1 }, "geometry": { "type": "LineString", "coordinates": [ [ -82.187444916666664, 27.356407833333336 ], [ -82.187439611111117, 27.356316611111112 ], [ -82.187421888888892, 27.356221222222224 ], [ -82.187390027777781, 27.356123472222222 ], [ -82.187342694444453, 27.356025666666667 ], [ -82.18727922222223, 27.355930611111113 ], [ -82.187199666666672, 27.355841388888891 ], [ -82.187105166666669, 27.355761083333334 ], [ -82.186997777777776, 27.355692583333333 ], [ -82.1868805, 27.355638138888889 ], [ -82.186756833333334, 27.355599277777777 ], [ -82.186630638888886, 27.355576444444445 ], [ -82.186505555555556, 27.355569305555559 ], [ -82.186384888888895, 27.355576583333335 ], [ -82.186271222222231, 27.355596527777781 ], [ -82.186166416666666, 27.355627 ], [ -82.186071555555557, 27.35566577777778 ], [ -82.185984916666669, 27.355712055555557 ], [ -82.185900277777776, 27.3557695 ], [ -82.1858195, 27.355838944444447 ], [ -82.18574538888889, 27.3559205 ], [ -82.185681, 27.356013555555556 ], [ -82.185629361111111, 27.35611675 ], [ -82.185593111111118, 27.356227916666668 ], [ -82.185574277777775, 27.356344222222223 ], [ -82.185573888888896, 27.356462305555556 ], [ -82.185592027777787, 27.356578694444448 ], [ -82.185627611111116, 27.356690055555557 ], [ -82.185678611111115, 27.3567935 ], [ -82.18574241666667, 27.356886861111114 ], [ -82.185816027777776, 27.35696877777778 ], [ -82.185896388888892, 27.357038638888891 ], [ -82.185980666666666, 27.357096472222224 ], [ -82.186067027777781, 27.357143166666667 ], [ -82.18616163888889, 27.357182416666667 ], [ -82.18626625, 27.357213416666667 ], [ -82.186379805555561, 27.357233916666669 ], [ -82.186500444444448, 27.35724177777778 ], [ -82.186625555555565, 27.35723525 ], [ -82.186751888888892, 27.357213055555558 ], [ -82.186875777777786, 27.357174777777779 ], [ -82.186993416666667, 27.35712091666667 ], [ -82.187101194444452, 27.357052944444447 ], [ -82.187196194444454, 27.356973111111113 ], [ -82.187276305555557, 27.35688425 ], [ -82.187340361111112, 27.3567895 ], [ -82.187388277777785, 27.356691916666669 ], [ -82.18742075, 27.356594333333334 ], [ -82.187439055555558, 27.35649902777778 ], [ -82.187444916666664, 27.356407833333336 ] ] } },
{ "type": "Feature", "properties": { "style": "solid", "thickness": 1 }, "geometry": { "type": "LineString", "coordinates": [ [ -82.172150583333334, 27.349307666666665 ], [ -82.186508333333336, 27.356405555555558 ], [ -82.172105444444455, 27.363431638888891 ] ] } },
{ "type": "Feature", "properties": { "style": "solid", "thickness": 1 }, "geometry": { "type": "LineString", "coordinates": [ [ -81.992991777777775, 26.928730194444444 ], [ -81.992997972222227, 26.927443694444445 ] ] } },
{ "type": "Feature", "properties": { "style": "solid", "thickness": 1 }, "geometry": { "type": "LineString", "coordinates": [ [ -81.993349972222219, 26.928860222222223 ], [ -81.993357416666669, 26.927316444444447 ] ] } },
{ "type": "Feature", "properties": { "style": "solid", "thickness": 1 }, "geometry": { "type": "LineString", "coordinates": [ [ -81.993708777777783, 26.928861611111113 ], [ -81.993716222222218, 26.927317833333333 ] ] } },
{ "type": "Feature", "properties": { "style": "solid", "thickness": 1 }, "geometry": { "type": "LineString", "coordinates": [ [ -81.994068222222225, 26.928734361111111 ], [ -81.994074416666663, 26.927447861111112 ] ] } },
{ "type": "Feature", "properties": { "style": "solid", "thickness": 1 }, "geometry": { "type": "LineString", "coordinates": [ [ -81.994430138888887, 26.9280925 ], [ -81.994425, 26.928001277777778 ], [ -81.994407527777781, 26.927905861111114 ], [ -81.99437597222223, 26.927808083333336 ], [ -81.994329, 26.927710222222224 ], [ -81.994265916666663, 26.927615055555556 ], [ -81.99418683333333, 26.927525722222224 ], [ -81.994092861111113, 26.927445277777778 ], [ -81.99398602777778, 26.927376638888891 ], [ -81.993869277777776, 26.927322055555557 ], [ -81.993746166666668, 26.927283 ], [ -81.9936205, 26.92726 ], [ -81.993495944444447, 26.927252666666668 ], [ -81.993375722222225, 26.927259777777778 ], [ -81.993262472222227, 26.927279583333334 ], [ -81.993158, 26.927309888888889 ], [ -81.993063472222218, 26.927348555555557 ], [ -81.992977083333329, 26.927394694444445 ], [ -81.992892666666663, 26.927452 ], [ -81.992812083333334, 26.927521333333335 ], [ -81.992738111111109, 26.927602777777778 ], [ -81.992673833333328, 26.92769575 ], [ -81.992622222222224, 26.927798861111111 ], [ -81.99258591666667, 26.927909972222224 ], [ -81.992566916666661, 26.92802625 ], [ -81.992566361111116, 26.928144333333336 ], [ -81.99258422222222, 26.928260722222223 ], [ -81.992619444444443, 26.928372111111113 ], [ -81.99267005555555, 26.928475638888891 ], [ -81.99273344444444, 26.928569083333336 ], [ -81.992806611111106, 26.928651111111112 ], [ -81.992886555555557, 26.928721055555556 ], [ -81.992970416666665, 26.928779027777779 ], [ -81.993056333333328, 26.928825833333335 ], [ -81.9931505, 26.928865222222225 ], [ -81.993254666666672, 26.928896361111111 ], [ -81.99336775, 26.928917027777779 ], [ -81.993487888888893, 26.928925055555556 ], [ -81.9936125, 26.928918694444445 ], [ -81.993738416666673, 26.928896694444447 ], [ -81.993861888888887, 26.928858583333334 ], [ -81.993979138888889, 26.928804888888891 ], [ -81.994086638888888, 26.928737083333335 ], [ -81.99418138888889, 26.92865738888889 ], [ -81.994261333333341, 26.928568638888891 ], [ -81.994325333333336, 26.928474 ], [ -81.994373222222222, 26.9283765 ], [ -81.994405722222226, 26.928278944444447 ], [ -81.994424111111115, 26.928183666666669 ], [ -81.994430138888887, 26.9280925 ] ] } },
{ "type": "Feature", "properties": { "style": "solid", "thickness": 1 }, "geometry": { "type": "LineString", "coordinates": [ [ -81.979208222222226, 26.920971083333335 ], [ -81.993497222222217, 26.92808888888889 ], [ -81.979138361111112, 26.935094277777779 ] ] } },
{ "type": "Feature", "properties": { "style": "solid", "thickness": 1 }, "geometry": { "type": "LineString", "coordinates": [ [ -80.933364805555556, 28.833782861111111 ], [ -80.933300416666668, 28.842197555555554 ], [ -80.933356388888896, 28.850612277777778 ], [ -80.933532694444452, 28.859025666666668 ], [ -80.933829361111108, 28.867436416666667 ], [ -80.934246361111121, 28.875843194444446 ], [ -80.934783666666675, 28.884244666666667 ], [ -80.935441194444451, 28.892639472222221 ], [ -80.936218916666675, 28.901026333333331 ], [ -80.937116694444455, 28.909403861111109 ], [ -80.938134416666671, 28.91777075 ], [ -80.93927197222223, 28.926125666666668 ], [ -80.940529194444451, 28.934467305555557 ], [ -80.941905888888897, 28.942794305555555 ], [ -80.943401916666673, 28.951105361111111 ], [ -80.945017055555553, 28.959399166666667 ], [ -80.946751027777779, 28.967674361111108 ], [ -80.948603638888898, 28.975929666666666 ], [ -80.950574611111108, 28.984163777777777 ], [ -80.952663638888893, 28.992375333333335 ], [ -80.954870444444452, 29.000563083333333 ], [ -80.957194666666666, 29.008725694444443 ], [ -80.959636, 29.01686186111111 ], [ -80.962194055555557, 29.024970305555556 ], [ -80.964868472222221, 29.03304975 ], [ -80.967658833333331, 29.041098861111113 ], [ -80.97056475, 29.049116361111114 ], [ -80.973585722222225, 29.057101027777779 ], [ -80.976722444444448, 29.065054194444446 ], [ -80.97997319444444, 29.072971444444445 ], [ -80.983337388888884, 29.080851305555555 ], [ -80.9868145, 29.088692638888887 ], [ -80.990404083333331, 29.096494361111109 ], [ -80.994105638888897, 29.104255361111111 ], [ -80.997918638888891, 29.111974555555555 ], [ -81.001842583333328, 29.119650833333335 ], [ -81.005876888888892, 29.127283111111112 ], [ -81.010021055555555, 29.13487025 ], [ -81.014274472222226, 29.142411194444445 ], [ -81.018636583333333, 29.149904777777778 ], [ -81.023106805555557, 29.157349916666664 ], [ -81.0276845, 29.1647455 ], [ -81.03236722222222, 29.172087611111113 ], [ -81.03715552777777, 29.179377111111112 ], [ -81.042048666666659, 29.186612944444445 ], [ -81.047045944444449, 29.193793944444444 ], [ -81.052146527777779, 29.200919 ], [ -81.05734963888888, 29.20798688888889 ], [ -81.062654472222221, 29.214996555555555 ], [ -81.068060222222215, 29.22194686111111 ], [ -81.073566, 29.228836666666666 ], [ -81.079170944444442, 29.235664861111111 ], [ -81.084874194444438, 29.242430388888891 ], [ -81.090674861111111, 29.249132166666669 ], [ -81.096572027777768, 29.255769083333334 ], [ -81.10256475, 29.262340083333335 ], [ -81.108652111111113, 29.268844138888888 ], [ -81.11483311111111, 29.275280194444445 ], [ -81.121106833333329, 29.281647194444442 ], [ -81.12747225, 29.287944166666669 ], [ -81.133928361111117, 29.294170055555558 ], [ -81.140474138888891, 29.30032388888889 ], [ -81.147108555555562, 29.306404666666669 ], [ -81.153830555555558, 29.312411416666666 ], [ -81.160639111111124, 29.318343166666665 ], [ -81.167533083333339, 29.324198972222224 ], [ -81.174511416666675, 29.329977916666667 ], [ -81.181573, 29.335679 ], [ -81.188716722222225, 29.341301388888887 ], [ -81.19594141666667, 29.346844138888887 ], [ -81.203245944444447, 29.352306361111111 ], [ -81.210629166666664, 29.357687166666668 ], [ -81.218089888888898, 29.362985722222223 ], [ -81.22562691666667, 29.368201138888889 ], [ -81.233239083333331, 29.373332611111113 ], [ -81.24092511111111, 29.378379305555555 ], [ -81.248683833333331, 29.38334038888889 ], [ -81.256514, 29.388215083333332 ], [ -81.264414333333335, 29.393002611111111 ], [ -81.272383583333337, 29.397702166666665 ], [ -81.2804205, 29.402313027777776 ], [ -81.288523777777769, 29.406834472222222 ], [ -81.296692111111113, 29.411265694444442 ], [ -81.304924194444439, 29.415606055555553 ], [ -81.31321875, 29.419854833333336 ], [ -81.321574388888891, 29.424011333333336 ], [ -81.329989805555556, 29.42807488888889 ], [ -81.338463666666655, 29.432044861111113 ], [ -81.346994555555554, 29.435920583333335 ], [ -81.355581166666667, 29.439701444444445 ], [ -81.364222083333331, 29.443386861111112 ], [ -81.372915944444443, 29.446976194444446 ], [ -81.381661333333327, 29.450468888888889 ], [ -81.390456833333346, 29.453864388888888 ], [ -81.399301083333341, 29.45716211111111 ], [ -81.408192583333346, 29.460361583333334 ], [ -81.417129972222227, 29.463462222222223 ], [ -81.426111777777777, 29.466463583333333 ], [ -81.435136583333332, 29.469365166666666 ], [ -81.444202888888896, 29.4721665 ], [ -81.453309277777777, 29.474867111111109 ], [ -81.46245425, 29.477466583333332 ], [ -81.471636361111109, 29.4799645 ], [ -81.480854138888887, 29.482360472222222 ], [ -81.490106055555557, 29.484654083333336 ], [ -81.499390638888883, 29.486844972222222 ], [ -81.508706416666669, 29.488932805555557 ], [ -81.518051861111104, 29.490917222222222 ], [ -81.52742547222222, 29.492797888888891 ], [ -81.53682575, 29.494574555555555 ], [ -81.546251138888891, 29.496246888888891 ], [ -81.555700166666668, 29.497814611111114 ], [ -81.56517125, 29.4992775 ], [ -81.574662944444441, 29.500635333333335 ], [ -81.584173638888885, 29.501887833333335 ], [ -81.593701833333327, 29.503034861111111 ], [ -81.603245972222211, 29.504076194444444 ], [ -81.612804555555556, 29.505011666666668 ], [ -81.622376, 29.50584111111111 ], [ -81.631958777777768, 29.506564444444443 ], [ -81.641551305555566, 29.507181527777778 ], [ -81.651152083333344, 29.507692222222222 ], [ -81.660759527777785, 29.5080965 ], [ -81.670372111111121, 29.50839425 ], [ -81.679988277777781, 29.508585472222222 ], [ -81.689606444444451, 29.508670083333332 ], [ -81.69922697222222, 29.508648083333334 ], [ -81.708846888888885, 29.508519444444445 ], [ -81.718463416666665, 29.508284194444446 ], [ -81.72807516666667, 29.507942416666666 ], [ -81.73768069444445, 29.507494138888887 ], [ -81.74727858333334, 29.506939444444445 ], [ -81.756867416666665, 29.506278444444444 ], [ -81.766445833333336, 29.50551125 ], [ -81.77601241666666, 29.504637944444443 ], [ -81.785565777777776, 29.50365863888889 ], [ -81.795104555555554, 29.502573472222224 ], [ -81.804627416666662, 29.501382611111111 ], [ -81.814132916666665, 29.500086166666666 ], [ -81.823619777777779, 29.498684305555557 ], [ -81.833082388888883, 29.497177861111112 ], [ -81.842522083333336, 29.495566722222222 ], [ -81.851937555555551, 29.493851083333336 ], [ -81.861327277777775, 29.492031222222224 ], [ -81.87068972222221, 29.490107444444444 ], [ -81.880023388888887, 29.488080055555557 ], [ -81.889326805555555, 29.485949388888891 ], [ -81.898598416666673, 29.483715777777778 ], [ -81.90783675, 29.481379611111109 ], [ -81.91704030555556, 29.478941222222222 ], [ -81.926207638888897, 29.476401 ], [ -81.93533722222223, 29.473759416666667 ], [ -81.944427611111109, 29.47101683333333 ], [ -81.953477333333339, 29.468173722222222 ], [ -81.962484944444441, 29.465230555555554 ], [ -81.971449, 29.46218775 ], [ -81.980368027777786, 29.459045861111111 ], [ -81.989240611111114, 29.455805361111111 ], [ -81.998065333333329, 29.452466777777776 ], [ -82.00684075, 29.449030638888889 ], [ -82.015565472222221, 29.445497527777778 ], [ -82.02423808333333, 29.441868 ], [ -82.032857194444446, 29.438142611111111 ], [ -82.041421416666665, 29.434322 ], [ -82.049929388888884, 29.43040675 ], [ -82.058379722222213, 29.42639752777778 ], [ -82.066771083333336, 29.422294972222222 ], [ -82.075102111111107, 29.418099694444447 ], [ -82.0833715, 29.413812444444442 ], [ -82.091577888888878, 29.409433833333331 ], [ -82.099719972222218, 29.404964638888888 ], [ -82.107796472222219, 29.400405527777778 ], [ -82.115806055555552, 29.395757277777776 ], [ -82.123747444444433, 29.391020611111109 ], [ -82.131619416666666, 29.386196277777778 ], [ -82.139420666666666, 29.381285055555555 ], [ -82.147149972222223, 29.37628777777778 ], [ -82.154806083333341, 29.371205194444446 ], [ -82.162387777777781, 29.366038166666669 ], [ -82.16989386111112, 29.3607875 ], [ -82.177323138888895, 29.355454027777778 ], [ -82.184674388888894, 29.35003863888889 ], [ -82.1919465, 29.344542166666667 ], [ -82.199138277777777, 29.338965527777777 ], [ -82.206248583333334, 29.333309611111112 ], [ -82.21327627777778, 29.327575305555555 ], [ -82.22022025, 29.321763555555556 ], [ -82.227079416666669, 29.315875305555558 ], [ -82.233852694444451, 29.309911444444445 ], [ -82.240538972222225, 29.303872972222223 ], [ -82.247137194444448, 29.297760888888892 ], [ -82.253646361111109, 29.291576111111112 ], [ -82.26006538888889, 29.28531966666667 ], [ -82.26639327777778, 29.278992527777778 ], [ -82.272629638888887, 29.272595166666665 ], [ -82.278774166666665, 29.26612775 ], [ -82.28482394444444, 29.259593333333335 ], [ -82.290778194444442, 29.25299288888889 ], [ -82.296636111111113, 29.246327333333333 ], [ -82.302396861111106, 29.239597638888888 ], [ -82.308059666666665, 29.232804777777776 ], [ -82.31362375, 29.225949694444441 ], [ -82.319088305555553, 29.219033416666665 ], [ -82.324452583333326, 29.212056916666665 ], [ -82.329715777777778, 29.205021222222221 ], [ -82.334877166666658, 29.197927305555556 ], [ -82.339935972222221, 29.19077625 ], [ -82.344891444444443, 29.183569083333335 ], [ -82.349741333333327, 29.17630913888889 ], [ -82.354485777777768, 29.168996361111112 ], [ -82.359124277777767, 29.161631555555555 ], [ -82.363656111111112, 29.154215888888888 ], [ -82.368080555555551, 29.146750555555556 ], [ -82.372396972222219, 29.13923675 ], [ -82.376604638888878, 29.131675666666666 ], [ -82.38070297222221, 29.12406852777778 ], [ -82.38469127777779, 29.11641652777778 ], [ -82.388568972222231, 29.10872091666667 ], [ -82.392335472222229, 29.10098288888889 ], [ -82.395990166666678, 29.093203722222221 ], [ -82.3995325, 29.085384638888886 ], [ -82.402961972222229, 29.07752686111111 ], [ -82.406278, 29.069631694444443 ], [ -82.409480138888895, 29.061700333333334 ], [ -82.412567888888901, 29.053734111111112 ], [ -82.41554075, 29.045734277777779 ], [ -82.418398277777783, 29.037702083333336 ], [ -82.421140083333341, 29.029638805555553 ], [ -82.423765722222228, 29.021545777777778 ], [ -82.426274833333338, 29.01342425 ], [ -82.428667, 29.005275527777776 ], [ -82.430941888888896, 28.997100916666668 ], [ -82.433099166666665, 28.988901722222224 ], [ -82.435138527777781, 28.980679222222221 ], [ -82.43705966666667, 28.972434722222221 ], [ -82.43886230555556, 28.964169583333334 ], [ -82.440546166666664, 28.955885083333332 ], [ -82.442111027777784, 28.947582555555556 ], [ -82.443556666666666, 28.939263305555556 ], [ -82.444882861111111, 28.930928666666667 ], [ -82.446089472222226, 28.922579972222223 ], [ -82.447176305555558, 28.914218527777777 ], [ -82.448143222222228, 28.905845694444444 ], [ -82.448990083333342, 28.89746275 ], [ -82.449716805555553, 28.889071083333334 ], [ -82.450323277777784, 28.880672 ], [ -82.450809472222218, 28.872266833333335 ], [ -82.451175305555552, 28.86385691666667 ], [ -82.45142075, 28.855443583333336 ], [ -82.451545805555554, 28.847028166666664 ], [ -82.451550472222223, 28.838612027777778 ], [ -82.451434777777777, 28.830196444444443 ], [ -82.451198777777776, 28.821782833333334 ], [ -82.450842555555553, 28.813372444444447 ], [ -82.450366138888896, 28.804966666666669 ], [ -82.449769694444441, 28.796566833333333 ], [ -82.449053333333339, 28.788174222222224 ], [ -82.448217138888893, 28.779790222222221 ], [ -82.447261361111117, 28.771416111111112 ], [ -82.44618608333333, 28.76305325 ], [ -82.444991583333334, 28.754702972222223 ], [ -82.443678055555566, 28.746366555555557 ], [ -82.442245722222225, 28.738045333333336 ], [ -82.440694833333339, 28.729740638888888 ], [ -82.439025694444453, 28.721453777777775 ], [ -82.437238555555552, 28.713186055555553 ], [ -82.43533375, 28.704938777777777 ], [ -82.433311611111122, 28.696713277777778 ], [ -82.431172472222229, 28.688510805555556 ], [ -82.428916722222226, 28.680332666666668 ], [ -82.426544694444445, 28.672180194444447 ], [ -82.424056833333339, 28.664054638888889 ], [ -82.421453527777786, 28.655957277777777 ], [ -82.418735250000012, 28.647889416666665 ], [ -82.415902444444455, 28.639852305555554 ], [ -82.412955555555556, 28.631847194444443 ], [ -82.409895111111112, 28.623875416666667 ], [ -82.406721583333336, 28.61593816666667 ], [ -82.403435527777788, 28.608036694444447 ], [ -82.400037472222223, 28.60017227777778 ], [ -82.396527972222231, 28.592346138888889 ], [ -82.392907611111113, 28.584559527777778 ], [ -82.389177, 28.57681363888889 ], [ -82.385336722222235, 28.569109722222223 ], [ -82.381387416666655, 28.561448972222223 ], [ -82.377329749999987, 28.553832583333335 ], [ -82.373164333333321, 28.546261777777779 ], [ -82.368891888888882, 28.53873775 ], [ -82.364513111111108, 28.531261666666666 ], [ -82.360028666666665, 28.523834722222222 ], [ -82.355439333333322, 28.516458055555557 ], [ -82.350745833333335, 28.509132833333332 ], [ -82.345948694444445, 28.501859861111111 ], [ -82.341047777777774, 28.494639055555556 ], [ -82.336045388888891, 28.487473694444446 ], [ -82.33094225, 28.480364861111109 ], [ -82.325739166666665, 28.473313555555553 ], [ -82.320436916666665, 28.46632075 ], [ -82.31503625, 28.459387416666665 ], [ -82.309537972222216, 28.452514611111109 ], [ -82.303942861111111, 28.445703222222221 ], [ -82.29825175, 28.438954222222222 ], [ -82.292465388888886, 28.432268583333336 ], [ -82.286584638888883, 28.425647222222224 ], [ -82.28061025, 28.419091083333335 ], [ -82.274543111111115, 28.412601083333332 ], [ -82.26838602777778, 28.406180222222222 ], [ -82.26213930555555, 28.39982875 ], [ -82.255803388888893, 28.393547027777778 ], [ -82.249379277777777, 28.387336027777778 ], [ -82.242867972222228, 28.38119675 ], [ -82.2362705, 28.375130138888888 ], [ -82.229587944444447, 28.369137138888888 ], [ -82.222821361111116, 28.363218694444445 ], [ -82.215971777777781, 28.35737575 ], [ -82.209040333333334, 28.351609194444446 ], [ -82.202028111111119, 28.345919944444443 ], [ -82.194936194444452, 28.340308888888888 ], [ -82.187765722222224, 28.334776916666666 ], [ -82.18051783333334, 28.329324861111111 ], [ -82.173193666666677, 28.323953583333331 ], [ -82.165794388888898, 28.318663944444445 ], [ -82.158321138888894, 28.31345675 ], [ -82.150775138888889, 28.308332805555555 ], [ -82.143157527777788, 28.303292944444443 ], [ -82.135469555555559, 28.298337944444445 ], [ -82.127712388888881, 28.293468555555556 ], [ -82.119887277777778, 28.288685555555556 ], [ -82.111995416666659, 28.283989694444447 ], [ -82.104038111111109, 28.279381694444442 ], [ -82.096016555555551, 28.274862305555555 ], [ -82.087932027777768, 28.270432166666666 ], [ -82.079785777777772, 28.266092055555557 ], [ -82.071579138888879, 28.261842583333333 ], [ -82.063313333333326, 28.257684416666667 ], [ -82.054989722222217, 28.25361825 ], [ -82.046609555555548, 28.249644666666669 ], [ -82.038174138888891, 28.245764333333334 ], [ -82.029684861111107, 28.241977805555557 ], [ -82.021143, 28.238285722222223 ], [ -82.012549888888884, 28.23468861111111 ], [ -82.003906916666665, 28.231187083333332 ], [ -81.995215388888894, 28.227781638888889 ], [ -81.986476694444448, 28.22447283333333 ], [ -81.977692166666671, 28.221261166666665 ], [ -81.968863222222225, 28.218147166666665 ], [ -81.959991194444441, 28.215131305555555 ], [ -81.9510775, 28.212214027777776 ], [ -81.942123555555554, 28.209395833333332 ], [ -81.933130694444444, 28.206677111111109 ], [ -81.924100361111115, 28.204058333333332 ], [ -81.915033944444446, 28.201539861111112 ], [ -81.905932888888898, 28.199122111111112 ], [ -81.896798611111123, 28.196805472222223 ], [ -81.887632472222222, 28.194590277777777 ], [ -81.878435972222221, 28.192476888888891 ], [ -81.869210527777767, 28.190465638888888 ], [ -81.859957583333326, 28.188556833333333 ], [ -81.850678555555547, 28.186750777777778 ], [ -81.841374916666666, 28.185047722222222 ], [ -81.83204788888888, 28.183447944444445 ], [ -81.822696111111114, 28.181951222222224 ], [ -81.813325027777779, 28.180558472222224 ], [ -81.803935944444447, 28.179269861111113 ], [ -81.794530138888888, 28.178085555555558 ], [ -81.785108888888885, 28.177005694444446 ], [ -81.7756735, 28.17603038888889 ], [ -81.766225277777778, 28.175159805555555 ], [ -81.75676555555556, 28.17439402777778 ], [ -81.747295666666673, 28.173733194444445 ], [ -81.737816888888887, 28.173177388888892 ], [ -81.728330611111119, 28.172726694444446 ], [ -81.718838138888884, 28.172381222222224 ], [ -81.709340861111116, 28.172141 ], [ -81.699841416666672, 28.172006166666669 ], [ -81.690342722222226, 28.171976638888889 ], [ -81.68084433333334, 28.172052472222223 ], [ -81.671347777777783, 28.172233583333334 ], [ -81.6618545, 28.172519972222222 ], [ -81.652366, 28.172911583333335 ], [ -81.642883722222223, 28.173408388888891 ], [ -81.633409166666667, 28.174010277777779 ], [ -81.623943805555555, 28.174717166666667 ], [ -81.614489111111112, 28.175528944444444 ], [ -81.605046583333333, 28.176445472222223 ], [ -81.595617638888882, 28.177466611111111 ], [ -81.58620375, 28.178592222222225 ], [ -81.576806416666656, 28.179822138888891 ], [ -81.567427083333328, 28.181156111111111 ], [ -81.55806722222222, 28.182594 ], [ -81.548728277777769, 28.184135527777777 ], [ -81.539411694444439, 28.185780472222223 ], [ -81.530118972222226, 28.187528583333332 ], [ -81.520851472222219, 28.189379611111111 ], [ -81.511610722222215, 28.191333194444443 ], [ -81.502398111111106, 28.193389111111113 ], [ -81.493215111111112, 28.195547 ], [ -81.484063138888885, 28.197806527777779 ], [ -81.474943583333342, 28.200167333333333 ], [ -81.465857916666664, 28.202629083333331 ], [ -81.456807555555557, 28.205191361111112 ], [ -81.447793888888896, 28.207853777777778 ], [ -81.438818305555557, 28.210615888888888 ], [ -81.42988225, 28.213477333333334 ], [ -81.420987083333344, 28.216437611111111 ], [ -81.412134222222221, 28.21949625 ], [ -81.403325027777782, 28.222652833333331 ], [ -81.39456088888889, 28.225906805555553 ], [ -81.385843166666675, 28.229257694444442 ], [ -81.377173222222211, 28.232704972222219 ], [ -81.368552444444433, 28.236248111111113 ], [ -81.359982111111108, 28.239886527777777 ], [ -81.351463638888887, 28.243619666666667 ], [ -81.342998305555554, 28.247446972222225 ], [ -81.334587472222211, 28.251367805555557 ], [ -81.326232444444443, 28.255381583333332 ], [ -81.3179345, 28.259487694444445 ], [ -81.309695, 28.263685444444445 ], [ -81.301515194444448, 28.267974222222222 ], [ -81.293396361111107, 28.272353333333331 ], [ -81.285339805555552, 28.276822138888889 ], [ -81.27734677777778, 28.281379861111109 ], [ -81.269418527777773, 28.286025861111113 ], [ -81.261556305555558, 28.29075938888889 ], [ -81.25376133333333, 28.295579722222225 ], [ -81.246034861111113, 28.300486055555556 ], [ -81.23837808333333, 28.305477694444445 ], [ -81.23079222222222, 28.310553777777777 ], [ -81.223278472222219, 28.315713583333334 ], [ -81.215838, 28.320956277777778 ], [ -81.208471972222227, 28.326281055555555 ], [ -81.201181583333337, 28.331687055555555 ], [ -81.193967972222225, 28.337173444444442 ], [ -81.18683225, 28.342739361111111 ], [ -81.179775583333338, 28.348383944444443 ], [ -81.172799083333345, 28.354106333333334 ], [ -81.165903833333346, 28.359905583333333 ], [ -81.159090916666671, 28.365780805555556 ], [ -81.152361444444452, 28.37173111111111 ], [ -81.145716444444446, 28.377755527777779 ], [ -81.139157, 28.383853138888888 ], [ -81.132684166666664, 28.390022972222223 ], [ -81.126298944444443, 28.396264083333332 ], [ -81.120002333333332, 28.402575472222221 ], [ -81.113795361111102, 28.408956166666666 ], [ -81.107679027777777, 28.415405166666666 ], [ -81.101654277777769, 28.421921444444447 ], [ -81.095722083333328, 28.428503972222224 ], [ -81.089883388888879, 28.43515175 ], [ -81.084139111111099, 28.441863722222223 ], [ -81.078490222222214, 28.44863886111111 ], [ -81.072937555555555, 28.455476055555554 ], [ -81.067482055555558, 28.46237425 ], [ -81.062124555555556, 28.46933236111111 ], [ -81.056865944444439, 28.476349333333332 ], [ -81.051707055555553, 28.483424027777779 ], [ -81.046648722222216, 28.490555333333333 ], [ -81.041691722222225, 28.497742138888889 ], [ -81.036836861111112, 28.504983416666665 ], [ -81.032083583333332, 28.512280027777777 ], [ -81.027434472222225, 28.519628166666667 ], [ -81.02289016666667, 28.527026722222221 ], [ -81.018451361111104, 28.534474638888891 ], [ -81.014118694444448, 28.541970805555557 ], [ -81.009892777777779, 28.549514194444445 ], [ -81.005774222222229, 28.557103722222223 ], [ -81.001763638888889, 28.564738305555558 ], [ -80.997861638888892, 28.572416861111112 ], [ -80.99406875, 28.580138333333334 ], [ -80.990385583333335, 28.587901638888887 ], [ -80.986812694444438, 28.59570572222222 ], [ -80.983350611111106, 28.60354952777778 ], [ -80.980000027777777, 28.611431555555559 ], [ -80.976762777777779, 28.619347444444443 ], [ -80.973638277777781, 28.627298555555555 ], [ -80.970627055555553, 28.635283666666666 ], [ -80.967729555555565, 28.6433015 ], [ -80.964946305555557, 28.651350805555555 ], [ -80.962277777777786, 28.659430305555553 ], [ -80.959724361111114, 28.66753875 ], [ -80.957286555555555, 28.675674833333336 ], [ -80.954964722222229, 28.68383725 ], [ -80.952759277777787, 28.692024777777778 ], [ -80.950670555555561, 28.700236055555553 ], [ -80.948698972222232, 28.708469833333332 ], [ -80.946844861111117, 28.716724777777777 ], [ -80.9451085, 28.724999611111109 ], [ -80.94349019444445, 28.733293027777776 ], [ -80.941990277777776, 28.741603694444446 ], [ -80.940608944444449, 28.749930305555555 ], [ -80.9393465, 28.758271555555556 ], [ -80.938203138888895, 28.766626111111112 ], [ -80.937179111111121, 28.774992666666666 ], [ -80.936274555555556, 28.783369888888892 ], [ -80.935489638888896, 28.791756444444445 ], [ -80.934824555555565, 28.80015102777778 ], [ -80.934279444444442, 28.808552277777778 ], [ -80.933854361111116, 28.816958916666668 ], [ -80.933549472222225, 28.825369555555554 ], [ -80.933364805555556, 28.833782861111111 ] ] } },
{ "type": "Feature", "properties": { "style": "solid", "thickness": 1 }, "geometry": { "type": "LineString", "coordinates": [ [ -81.719248166666674, 28.478577416666663 ], [ -81.719245527777787, 28.486993833333333 ], [ -81.719362833333335, 28.495409638888891 ], [ -81.71960011111112, 28.503823416666666 ], [ -81.719957305555553, 28.51223388888889 ], [ -81.72043444444445, 28.520639694444444 ], [ -81.721031472222222, 28.5290395 ], [ -81.721748277777778, 28.537431972222222 ], [ -81.722584833333329, 28.545815805555556 ], [ -81.723541, 28.554189638888889 ], [ -81.724616638888889, 28.56255213888889 ], [ -81.725811638888885, 28.570902 ], [ -81.727125833333332, 28.579237888888887 ], [ -81.728559027777777, 28.5875585 ], [ -81.730111055555554, 28.595862444444442 ], [ -81.73178163888889, 28.604148472222224 ], [ -81.733570583333332, 28.61241525 ], [ -81.735477638888895, 28.620661416666668 ], [ -81.7375025, 28.628885722222222 ], [ -81.739644861111117, 28.637086833333331 ], [ -81.741904444444444, 28.645263416666666 ], [ -81.744280916666668, 28.653414222222221 ], [ -81.746773888888896, 28.661537916666664 ], [ -81.749383027777782, 28.669633222222224 ], [ -81.752107944444447, 28.677698833333334 ], [ -81.754948194444438, 28.685733472222221 ], [ -81.757903388888892, 28.693735861111112 ], [ -81.760973055555553, 28.701704722222221 ], [ -81.764157777777783, 28.709641305555554 ], [ -81.76745594444445, 28.717541472222219 ], [ -81.770866916666662, 28.725403555555555 ], [ -81.774390166666663, 28.733226472222221 ], [ -81.778025222222226, 28.741009166666668 ], [ -81.781771583333338, 28.748750472222223 ], [ -81.785628722222214, 28.756449361111112 ], [ -81.789596138888882, 28.764104694444445 ], [ -81.793673222222225, 28.771715361111109 ], [ -81.797859472222214, 28.779280277777776 ], [ -81.802154305555547, 28.786798361111114 ], [ -81.806557111111104, 28.794268472222225 ], [ -81.811067305555554, 28.8016895 ], [ -81.81568425, 28.809060388888888 ], [ -81.8204055, 28.816377111111112 ], [ -81.825231555555547, 28.823640694444443 ], [ -81.830161777777775, 28.83085 ], [ -81.835195333333331, 28.838003861111108 ], [ -81.840331472222218, 28.845101166666666 ], [ -81.84556938888889, 28.85214075 ], [ -81.850908249999989, 28.8591215 ], [ -81.85634725, 28.86604227777778 ], [ -81.8618855, 28.872902 ], [ -81.867522138888887, 28.879699555555558 ], [ -81.873256305555543, 28.886433861111112 ], [ -81.879087083333332, 28.893103833333331 ], [ -81.88501355555556, 28.899708388888889 ], [ -81.891034805555563, 28.9062465 ], [ -81.897149861111117, 28.91271711111111 ], [ -81.903357750000012, 28.919119166666668 ], [ -81.909657555555555, 28.925451638888891 ], [ -81.916048194444457, 28.9317135 ], [ -81.922528722222225, 28.937903805555557 ], [ -81.929098111111117, 28.9440215 ], [ -81.935755277777787, 28.950065638888887 ], [ -81.942499194444451, 28.956035222222223 ], [ -81.949328805555552, 28.961929305555554 ], [ -81.956243, 28.967746944444443 ], [ -81.963240694444451, 28.973487194444441 ], [ -81.970320805555559, 28.979149166666666 ], [ -81.977482166666675, 28.984731888888891 ], [ -81.984723638888894, 28.99023452777778 ], [ -81.992044111111113, 28.995656166666667 ], [ -81.999442361111107, 29.000995944444444 ], [ -82.006917277777774, 29.006252972222221 ], [ -82.014467611111115, 29.011426444444446 ], [ -82.022092166666667, 29.016515527777777 ], [ -82.029789777777779, 29.021519388888887 ], [ -82.037559166666668, 29.026437194444444 ], [ -82.045399083333336, 29.031268194444444 ], [ -82.053308333333334, 29.036011611111114 ], [ -82.061285611111103, 29.040666666666667 ], [ -82.069329611111101, 29.045232611111114 ], [ -82.077439111111104, 29.049708722222224 ], [ -82.085612805555556, 29.05409425 ], [ -82.093849333333324, 29.05838852777778 ], [ -82.102147416666668, 29.062590833333335 ], [ -82.110505722222214, 29.0667005 ], [ -82.118922888888889, 29.070716861111112 ], [ -82.12739758333332, 29.074639277777777 ], [ -82.135928444444446, 29.07846713888889 ], [ -82.144514111111121, 29.082199777777777 ], [ -82.153153194444457, 29.085836638888889 ], [ -82.161844305555562, 29.089377083333332 ], [ -82.17058605555556, 29.092820611111112 ], [ -82.17937702777779, 29.096166611111109 ], [ -82.188215805555558, 29.099414555555555 ], [ -82.197101, 29.102563944444444 ], [ -82.206031138888889, 29.105614222222222 ], [ -82.215004833333339, 29.108564972222222 ], [ -82.224020583333342, 29.111415638888889 ], [ -82.233076972222221, 29.114165805555558 ], [ -82.242172555555555, 29.116815027777779 ], [ -82.251305833333333, 29.11936286111111 ], [ -82.260475333333332, 29.121808916666666 ], [ -82.269679611111115, 29.124152777777777 ], [ -82.278917166666659, 29.126394083333334 ], [ -82.288186527777782, 29.128532472222222 ], [ -82.297486138888885, 29.130567555555555 ], [ -82.306814583333335, 29.132499083333332 ], [ -82.316170305555559, 29.134326666666666 ], [ -82.325551777777775, 29.136050083333334 ], [ -82.334957555555548, 29.137668972222222 ], [ -82.344386055555546, 29.139183138888889 ], [ -82.353835777777775, 29.140592333333334 ], [ -82.363305222222223, 29.141896305555555 ], [ -82.372792833333321, 29.143094833333333 ], [ -82.382297083333327, 29.14418775 ], [ -82.391816416666671, 29.145174861111112 ], [ -82.401349333333343, 29.146056027777778 ], [ -82.410894277777786, 29.146831083333332 ], [ -82.42044972222223, 29.147499916666668 ], [ -82.43001411111112, 29.148062444444445 ], [ -82.439585888888899, 29.148518527777778 ], [ -82.4491635, 29.14886811111111 ], [ -82.458745444444446, 29.149111138888887 ], [ -82.468330111111115, 29.149247583333334 ], [ -82.477916027777781, 29.149277416666667 ], [ -82.487503444444442, 29.149200611111112 ], [ -82.497089472222228, 29.149017138888887 ], [ -82.50667133333333, 29.148727055555554 ], [ -82.516247611111112, 29.148330444444444 ], [ -82.52581686111111, 29.147827388888889 ], [ -82.535377722222222, 29.147217916666666 ], [ -82.54492875, 29.146502194444444 ], [ -82.554468583333332, 29.145680305555555 ], [ -82.56399586111111, 29.144752361111109 ], [ -82.57350913888888, 29.1437185 ], [ -82.583007111111101, 29.142578833333332 ], [ -82.592488388888881, 29.141333555555555 ], [ -82.601951611111105, 29.13998275 ], [ -82.61139544444444, 29.138526638888887 ], [ -82.620814277777768, 29.136966111111111 ], [ -82.630209527777765, 29.135300944444445 ], [ -82.639579833333343, 29.133531444444444 ], [ -82.648923694444449, 29.131657861111112 ], [ -82.658239611111114, 29.1296805 ], [ -82.667526083333343, 29.127599666666669 ], [ -82.676781583333337, 29.12541575 ], [ -82.686004638888889, 29.123129027777779 ], [ -82.695193777777789, 29.120739944444445 ], [ -82.704347472222224, 29.118248805555556 ], [ -82.713464305555561, 29.115656083333334 ], [ -82.72254275, 29.112962166666669 ], [ -82.731581416666671, 29.110167472222223 ], [ -82.740578777777785, 29.1072725 ], [ -82.749533416666665, 29.104277666666668 ], [ -82.758443916666664, 29.101183472222225 ], [ -82.767308805555558, 29.097990444444441 ], [ -82.77612666666667, 29.094699055555555 ], [ -82.784896083333336, 29.091309833333334 ], [ -82.79361563888888, 29.087823361111109 ], [ -82.802283972222213, 29.084240194444444 ], [ -82.810899638888884, 29.08056088888889 ], [ -82.819461277777776, 29.076786027777779 ], [ -82.827967527777773, 29.072916277777779 ], [ -82.836417, 29.068952194444446 ], [ -82.844808361111106, 29.064894472222225 ], [ -82.85314025, 29.060743722222224 ], [ -82.861411305555549, 29.056500638888888 ], [ -82.86962027777777, 29.05216588888889 ], [ -82.877765777777768, 29.047740166666667 ], [ -82.885846527777787, 29.043224222222225 ], [ -82.89386125, 29.03861875 ], [ -82.901808638888895, 29.033924472222225 ], [ -82.909687416666671, 29.029142194444443 ], [ -82.91749636111112, 29.024272666666665 ], [ -82.925234194444442, 29.019316638888888 ], [ -82.932899694444444, 29.014274972222221 ], [ -82.940491638888886, 29.009148416666665 ], [ -82.948008833333333, 29.003937833333332 ], [ -82.955450027777786, 28.998644055555555 ], [ -82.962814083333342, 28.993267916666667 ], [ -82.970099805555563, 28.987810305555556 ], [ -82.977306055555559, 28.982272083333331 ], [ -82.984431638888893, 28.976654138888886 ], [ -82.9914755, 28.970957388888888 ], [ -82.998436444444451, 28.96518272222222 ], [ -83.005313416666667, 28.959331111111112 ], [ -83.012105305555551, 28.953403444444444 ], [ -83.01881105555556, 28.947400694444443 ], [ -83.025429583333334, 28.941323833333332 ], [ -83.031959833333332, 28.935173833333334 ], [ -83.038400777777781, 28.928951694444446 ], [ -83.044751416666671, 28.922658388888891 ], [ -83.051010722222216, 28.916294944444441 ], [ -83.057178388888886, 28.909861666666664 ], [ -83.063253972222213, 28.903358972222222 ], [ -83.069234666666659, 28.89678986111111 ], [ -83.075119666666666, 28.890155222222223 ], [ -83.08090822222222, 28.883456055555556 ], [ -83.086599472222218, 28.876693277777779 ], [ -83.092192694444435, 28.869867916666667 ], [ -83.0976871111111, 28.862980916666668 ], [ -83.10308188888888, 28.856033277777779 ], [ -83.108376333333325, 28.849026 ], [ -83.113569611111103, 28.841960083333333 ], [ -83.118661055555549, 28.834836583333331 ], [ -83.123649861111105, 28.8276565 ], [ -83.128535305555545, 28.820420916666666 ], [ -83.133315222222222, 28.813133055555557 ], [ -83.137989638888897, 28.805793083333334 ], [ -83.142558111111114, 28.798401666666667 ], [ -83.147019944444452, 28.79096 ], [ -83.151374444444457, 28.783469305555556 ], [ -83.155620944444451, 28.77593072222222 ], [ -83.159758777777782, 28.7683455 ], [ -83.163787305555559, 28.760714861111111 ], [ -83.167705916666677, 28.75304 ], [ -83.171514, 28.745322138888891 ], [ -83.175210972222231, 28.7375625 ], [ -83.178796277777778, 28.72976236111111 ], [ -83.182269361111111, 28.721922944444444 ], [ -83.185629694444444, 28.714045527777778 ], [ -83.18887675, 28.706131305555555 ], [ -83.192010055555556, 28.698181583333334 ], [ -83.195029138888899, 28.69019763888889 ], [ -83.197933555555565, 28.682180722222224 ], [ -83.200722805555557, 28.674132111111113 ], [ -83.203396555555557, 28.666053111111111 ], [ -83.205954333333338, 28.657945 ], [ -83.208395805555554, 28.649809055555554 ], [ -83.210720611111114, 28.641646583333333 ], [ -83.212928361111111, 28.633458861111112 ], [ -83.215018777777786, 28.625247222222221 ], [ -83.216991527777779, 28.617012972222224 ], [ -83.218846333333332, 28.60875741666667 ], [ -83.220582916666672, 28.600481861111113 ], [ -83.222201055555558, 28.592187638888888 ], [ -83.2237005, 28.583876055555553 ], [ -83.225081055555563, 28.575548416666667 ], [ -83.2263425, 28.567206083333332 ], [ -83.227484694444442, 28.558850333333336 ], [ -83.228507444444446, 28.550482555555558 ], [ -83.229410666666666, 28.542104027777778 ], [ -83.230194194444451, 28.533716111111112 ], [ -83.230857972222225, 28.52532011111111 ], [ -83.23140191666667, 28.516917361111108 ], [ -83.231825944444452, 28.508509222222223 ], [ -83.232130027777785, 28.500097027777777 ], [ -83.232314166666669, 28.491682083333334 ], [ -83.23237833333333, 28.48326575 ], [ -83.232322555555555, 28.474849333333331 ], [ -83.232146888888892, 28.466434194444442 ], [ -83.231851361111111, 28.458021666666667 ], [ -83.231436055555562, 28.449613055555556 ], [ -83.230901083333336, 28.441209722222222 ], [ -83.23024652777778, 28.432813 ], [ -83.229472527777773, 28.424424166666668 ], [ -83.22857925, 28.416044611111111 ], [ -83.227566861111114, 28.407675638888886 ], [ -83.226435527777781, 28.399318583333333 ], [ -83.225185472222222, 28.39097475 ], [ -83.223816944444451, 28.382645444444446 ], [ -83.222330138888893, 28.374332027777779 ], [ -83.220725333333334, 28.366035777777778 ], [ -83.219002833333334, 28.357758027777781 ], [ -83.217162916666666, 28.349500055555556 ], [ -83.215205916666676, 28.341263194444444 ], [ -83.213132138888895, 28.33304875 ], [ -83.21094197222223, 28.324858 ], [ -83.20863575, 28.316692222222223 ], [ -83.206213888888897, 28.30855275 ], [ -83.20367680555556, 28.300440861111113 ], [ -83.201024916666668, 28.292357777777781 ], [ -83.198258666666675, 28.284304861111114 ], [ -83.1953785, 28.276283305555555 ], [ -83.192384916666668, 28.268294416666667 ], [ -83.189278416666667, 28.260339444444444 ], [ -83.186059472222226, 28.252419638888888 ], [ -83.182728666666677, 28.24453625 ], [ -83.179286527777776, 28.236690527777778 ], [ -83.1757336388889, 28.228883694444441 ], [ -83.172070555555564, 28.221117 ], [ -83.168297861111114, 28.21339163888889 ], [ -83.164416222222229, 28.205708833333333 ], [ -83.16042625, 28.198069805555555 ], [ -83.156328611111121, 28.19047575 ], [ -83.152123944444455, 28.182927888888891 ], [ -83.147812944444453, 28.175427361111112 ], [ -83.143396305555555, 28.167975388888891 ], [ -83.138874750000014, 28.160573111111109 ], [ -83.134249027777784, 28.153221694444444 ], [ -83.129519861111106, 28.145922305555555 ], [ -83.12468772222222, 28.138675666666668 ], [ -83.11975261111111, 28.131481833333332 ], [ -83.114716777777772, 28.124344027777777 ], [ -83.109580944444446, 28.117263277777777 ], [ -83.104345888888886, 28.110240583333336 ], [ -83.09901244444444, 28.103276944444445 ], [ -83.093581333333333, 28.096373361111109 ], [ -83.088053388888881, 28.089530777777778 ], [ -83.082429388888883, 28.082750194444444 ], [ -83.076710111111112, 28.076032527777777 ], [ -83.070896416666656, 28.069378722222222 ], [ -83.06498908333333, 28.062789722222224 ], [ -83.058988888888891, 28.056266472222223 ], [ -83.052896722222215, 28.049809833333335 ], [ -83.046715305555551, 28.043422777777778 ], [ -83.040445166666672, 28.037105666666669 ], [ -83.034086611111107, 28.030858805555553 ], [ -83.027640638888883, 28.024683166666666 ], [ -83.02110827777777, 28.018579722222221 ], [ -83.014490583333327, 28.012549416666666 ], [ -83.007788583333337, 28.006593194444445 ], [ -83.00100333333333, 28.000712 ], [ -82.994135944444452, 27.99490675 ], [ -82.987187472222217, 27.989178361111112 ], [ -82.980159027777773, 27.983527722222224 ], [ -82.973051722222223, 27.977955694444443 ], [ -82.96586666666667, 27.972463166666664 ], [ -82.958605027777779, 27.967051027777774 ], [ -82.951267916666666, 27.961720083333333 ], [ -82.94385650000001, 27.956471166666667 ], [ -82.936371944444446, 27.951305111111111 ], [ -82.928815444444453, 27.94622275 ], [ -82.921188194444454, 27.941224833333333 ], [ -82.913491361111113, 27.936312166666667 ], [ -82.905726194444455, 27.9314855 ], [ -82.897893888888902, 27.926745611111112 ], [ -82.889995694444451, 27.92209325 ], [ -82.882032833333326, 27.917529083333335 ], [ -82.874006555555553, 27.913053888888886 ], [ -82.86591816666666, 27.908668333333331 ], [ -82.857768861111111, 27.904373083333333 ], [ -82.84956, 27.900168861111108 ], [ -82.841292805555554, 27.896056277777777 ], [ -82.832968583333326, 27.892036 ], [ -82.824588666666656, 27.888108666666668 ], [ -82.816154361111103, 27.884274833333333 ], [ -82.807666972222222, 27.880535166666668 ], [ -82.799127861111103, 27.876890222222222 ], [ -82.790538305555557, 27.873340527777778 ], [ -82.781899722222221, 27.869886722222223 ], [ -82.773213388888891, 27.86652925 ], [ -82.764480722222217, 27.863268722222223 ], [ -82.755703055555557, 27.860105583333336 ], [ -82.74688175, 27.857040361111114 ], [ -82.738018222222223, 27.854073527777778 ], [ -82.729113861111117, 27.851205527777779 ], [ -82.72017, 27.848436833333331 ], [ -82.71118808333334, 27.845767833333333 ], [ -82.7021695, 27.843199 ], [ -82.693115638888898, 27.840730694444442 ], [ -82.684027944444452, 27.838363333333334 ], [ -82.674907833333336, 27.83609725 ], [ -82.665756694444454, 27.833932833333332 ], [ -82.656575972222228, 27.831870388888888 ], [ -82.647367083333336, 27.82991025 ], [ -82.6381315, 27.828052722222221 ], [ -82.628870666666657, 27.826298083333334 ], [ -82.619585972222211, 27.82464663888889 ], [ -82.610278722222219, 27.823098583333334 ], [ -82.600947472222217, 27.82165375 ], [ -82.591597722222218, 27.820313027777779 ], [ -82.58223075, 27.819076555555554 ], [ -82.572847805555554, 27.8179445 ], [ -82.563450222222215, 27.816916972222224 ], [ -82.55403925, 27.815994111111113 ], [ -82.544616222222217, 27.815176055555558 ], [ -82.535182472222218, 27.814462916666667 ], [ -82.525739277777774, 27.81385475 ], [ -82.516288, 27.813351694444446 ], [ -82.506829944444448, 27.812953833333335 ], [ -82.497366444444452, 27.812661222222221 ], [ -82.487898916666666, 27.812473944444445 ], [ -82.478429944444443, 27.812392055555556 ], [ -82.46896241666667, 27.81241552777778 ], [ -82.459495972222228, 27.812544333333335 ], [ -82.450032055555553, 27.812778444444444 ], [ -82.440572166666669, 27.813117833333333 ], [ -82.43111775, 27.813562444444447 ], [ -82.421670277777778, 27.81411225 ], [ -82.41223125, 27.814767083333333 ], [ -82.402802111111114, 27.815526916666666 ], [ -82.393384333333344, 27.816391583333335 ], [ -82.383979416666676, 27.817360972222222 ], [ -82.374588749999987, 27.818434916666668 ], [ -82.365213861111101, 27.819613277777776 ], [ -82.355856194444442, 27.820895861111111 ], [ -82.346517194444445, 27.822282444444443 ], [ -82.337198333333333, 27.823772805555556 ], [ -82.32790102777777, 27.82536675 ], [ -82.31862677777778, 27.827064027777777 ], [ -82.309377, 27.828864361111112 ], [ -82.300153111111115, 27.830767444444444 ], [ -82.290956583333326, 27.832773027777776 ], [ -82.28178886111111, 27.83488075 ], [ -82.272651333333329, 27.837090333333332 ], [ -82.263545472222219, 27.839401388888888 ], [ -82.254472638888885, 27.841813583333334 ], [ -82.245434305555563, 27.844326527777778 ], [ -82.236431861111114, 27.84693986111111 ], [ -82.227466694444445, 27.84965311111111 ], [ -82.218540222222231, 27.852465916666667 ], [ -82.209653833333334, 27.855377833333336 ], [ -82.200808916666674, 27.858388361111114 ], [ -82.192006861111111, 27.861497083333333 ], [ -82.183249027777777, 27.864703472222224 ], [ -82.174536805555562, 27.868007083333335 ], [ -82.165871527777782, 27.871407333333334 ], [ -82.157254555555568, 27.87490375 ], [ -82.148687277777782, 27.87849575 ], [ -82.140170972222222, 27.882182777777778 ], [ -82.131707027777765, 27.885964277777777 ], [ -82.12329675, 27.889839638888887 ], [ -82.11494144444444, 27.893808277777776 ], [ -82.106642416666659, 27.897869555555555 ], [ -82.098400972222223, 27.902022833333334 ], [ -82.090218444444446, 27.9062675 ], [ -82.082096055555553, 27.910602861111109 ], [ -82.074035111111101, 27.91502825 ], [ -82.066036888888888, 27.919542972222224 ], [ -82.05810261111111, 27.924146333333333 ], [ -82.050233527777777, 27.928837583333333 ], [ -82.04243091666666, 27.933616027777777 ], [ -82.034695972222224, 27.93848088888889 ], [ -82.027029916666663, 27.943431444444446 ], [ -82.019433944444444, 27.948466888888888 ], [ -82.011909277777775, 27.953586416666667 ], [ -82.004457083333335, 27.958789277777775 ], [ -81.997078555555561, 27.964074638888889 ], [ -81.989774805555555, 27.969441666666665 ], [ -81.982547055555557, 27.974889527777776 ], [ -81.975396416666669, 27.980417388888888 ], [ -81.968324, 27.986024333333333 ], [ -81.961330944444441, 27.991709527777779 ], [ -81.954418361111109, 27.997472083333335 ], [ -81.947587333333331, 28.003311083333333 ], [ -81.940838944444451, 28.009225583333333 ], [ -81.93417425, 28.015214722222222 ], [ -81.927594333333332, 28.021277527777777 ], [ -81.921100222222222, 28.027413055555556 ], [ -81.914692972222227, 28.033620333333335 ], [ -81.908373555555556, 28.03989841666667 ], [ -81.902143, 28.046246305555556 ], [ -81.896002305555555, 28.052662972222222 ], [ -81.889952416666674, 28.059147472222222 ], [ -81.883994361111121, 28.06569875 ], [ -81.878129027777774, 28.072315805555554 ], [ -81.872357388888886, 28.078997555555556 ], [ -81.866680333333321, 28.085743 ], [ -81.861098805555557, 28.092551055555553 ], [ -81.855613666666656, 28.099420666666667 ], [ -81.850225833333326, 28.10635075 ], [ -81.844936138888883, 28.113340222222224 ], [ -81.839745416666659, 28.120388 ], [ -81.834654555555545, 28.127492916666668 ], [ -81.829664333333326, 28.134653916666664 ], [ -81.824775555555547, 28.141869861111111 ], [ -81.81998897222222, 28.149139694444443 ], [ -81.815304027777771, 28.156464333333332 ], [ -81.810723333333328, 28.163839888888887 ], [ -81.806247472222225, 28.171265305555558 ], [ -81.801877138888884, 28.178739472222222 ], [ -81.797612944444438, 28.186261361111111 ], [ -81.79345552777778, 28.193829833333332 ], [ -81.789405472222214, 28.201443833333332 ], [ -81.785463388888886, 28.209102305555554 ], [ -81.781629861111114, 28.216804166666666 ], [ -81.77790541666667, 28.224548305555555 ], [ -81.774290638888885, 28.232333694444442 ], [ -81.770786111111107, 28.240159222222225 ], [ -81.76739230555556, 28.248023861111111 ], [ -81.76411, 28.255925972222222 ], [ -81.760940888888882, 28.263861416666668 ], [ -81.757884388888883, 28.271831472222221 ], [ -81.754941055555562, 28.279834916666665 ], [ -81.752111361111105, 28.287870444444447 ], [ -81.749395777777778, 28.295936805555556 ], [ -81.74679475, 28.304032722222225 ], [ -81.744308694444442, 28.312156916666666 ], [ -81.741938083333338, 28.320308083333334 ], [ -81.739683277777772, 28.328485 ], [ -81.737544666666665, 28.336686305555553 ], [ -81.735522638888895, 28.34491075 ], [ -81.7336175, 28.35315702777778 ], [ -81.731829583333337, 28.361423805555557 ], [ -81.73015925, 28.369709833333335 ], [ -81.728606722222224, 28.37801375 ], [ -81.727172305555555, 28.386334277777777 ], [ -81.72585625, 28.394670055555554 ], [ -81.724658777777776, 28.403019833333332 ], [ -81.723580138888892, 28.411382222222223 ], [ -81.722620527777778, 28.419755944444447 ], [ -81.721780083333329, 28.428139666666667 ], [ -81.721059, 28.436532055555556 ], [ -81.720457416666662, 28.444931777777779 ], [ -81.719975444444444, 28.4533375 ], [ -81.719613194444449, 28.461747888888887 ], [ -81.71937075, 28.470161638888886 ], [ -81.719248166666674, 28.478577416666663 ] ] } },
{ "type": "Feature", "properties": { "style": "solid", "thickness": 1 }, "geometry": { "type": "LineString", "coordinates": [ [ -81.874803277777772, 27.766121305555554 ], [ -81.874813055555549, 27.774539055555554 ], [ -81.874942, 27.782956055555555 ], [ -81.875190083333322, 27.791370888888892 ], [ -81.875557361111106, 27.799782305555556 ], [ -81.876043722222221, 27.808188916666669 ], [ -81.87664919444444, 27.81658938888889 ], [ -81.877373666666657, 27.824982416666668 ], [ -81.878217055555552, 27.833366666666667 ], [ -81.87917925, 27.841740777777776 ], [ -81.880260138888886, 27.850103444444446 ], [ -81.881459555555551, 27.858453333333333 ], [ -81.88277736111111, 27.86678911111111 ], [ -81.884213388888895, 27.875109444444444 ], [ -81.885767388888894, 27.883413027777777 ], [ -81.887439166666667, 27.891698555555553 ], [ -81.889228472222229, 27.899964666666666 ], [ -81.891135083333339, 27.908210083333334 ], [ -81.893158694444452, 27.9164335 ], [ -81.895299, 27.924633583333335 ], [ -81.897555694444449, 27.932809027777779 ], [ -81.899928444444456, 27.940958527777777 ], [ -81.902416916666667, 27.949080805555557 ], [ -81.90502075, 27.957174583333334 ], [ -81.9077395, 27.965238527777778 ], [ -81.91057280555556, 27.973271361111109 ], [ -81.913520222222232, 27.981271805555554 ], [ -81.916581305555567, 27.989238611111112 ], [ -81.919756583333339, 27.997172916666667 ], [ -81.923044555555563, 28.00507075 ], [ -81.9264445, 28.01293038888889 ], [ -81.929955916666671, 28.02075075 ], [ -81.933578361111117, 28.02853075 ], [ -81.937311277777781, 28.03626925 ], [ -81.941154194444451, 28.043965194444446 ], [ -81.945106555555554, 28.051617472222222 ], [ -81.949167805555561, 28.059224972222221 ], [ -81.95333741666667, 28.066786583333332 ], [ -81.957614805555565, 28.074301222222221 ], [ -81.961999388888898, 28.081767805555554 ], [ -81.966490583333339, 28.089185166666667 ], [ -81.971087722222222, 28.09655225 ], [ -81.975788361111114, 28.103865083333336 ], [ -81.980593083333332, 28.111124611111112 ], [ -81.985501138888893, 28.118329777777777 ], [ -81.990511777777783, 28.125479388888888 ], [ -81.995624222222219, 28.132572305555556 ], [ -82.000837666666669, 28.139607388888887 ], [ -82.006151333333335, 28.146583527777778 ], [ -82.01156433333334, 28.153499583333332 ], [ -82.017075833333337, 28.16035447222222 ], [ -82.022685, 28.167147055555557 ], [ -82.028390916666666, 28.173876305555556 ], [ -82.034192722222215, 28.180541083333335 ], [ -82.04008947222222, 28.187140361111112 ], [ -82.04608025, 28.193673083333334 ], [ -82.052164111111111, 28.200138166666665 ], [ -82.058340111111107, 28.206534583333333 ], [ -82.06460725, 28.212861333333333 ], [ -82.070964555555548, 28.219117388888886 ], [ -82.077411027777771, 28.22530175 ], [ -82.083945611111105, 28.231413388888889 ], [ -82.090567333333325, 28.237451388888889 ], [ -82.097275083333329, 28.243414722222223 ], [ -82.104067861111105, 28.249302444444446 ], [ -82.110944527777775, 28.25511363888889 ], [ -82.117904027777769, 28.260847333333334 ], [ -82.124945222222209, 28.266502638888888 ], [ -82.132067055555552, 28.272078638888889 ], [ -82.139268333333334, 28.277574416666667 ], [ -82.14654794444445, 28.28298911111111 ], [ -82.153904722222222, 28.288321833333335 ], [ -82.1613375, 28.29357175 ], [ -82.168845055555565, 28.298738 ], [ -82.17642625, 28.30381975 ], [ -82.184079833333342, 28.308816194444447 ], [ -82.19180461111111, 28.313726527777778 ], [ -82.199599333333339, 28.318549944444445 ], [ -82.20746275, 28.323285666666667 ], [ -82.215393611111111, 28.327932972222222 ], [ -82.223390666666674, 28.332491055555554 ], [ -82.231452611111109, 28.33695925 ], [ -82.239578166666661, 28.34133675 ], [ -82.247766027777786, 28.345622944444443 ], [ -82.256014888888885, 28.349817083333331 ], [ -82.26432341666667, 28.3539185 ], [ -82.272690277777784, 28.357926527777778 ], [ -82.281114166666669, 28.36184052777778 ], [ -82.289593666666661, 28.365659888888889 ], [ -82.2981275, 28.369384 ], [ -82.306714222222226, 28.373012194444446 ], [ -82.3153525, 28.376543972222223 ], [ -82.324040916666661, 28.379978722222223 ], [ -82.332778083333324, 28.383315861111111 ], [ -82.341562611111101, 28.386554916666665 ], [ -82.35039308333333, 28.389695333333332 ], [ -82.359268055555546, 28.392736583333331 ], [ -82.368186138888888, 28.395678222222223 ], [ -82.377145861111103, 28.398519722222222 ], [ -82.386145805555557, 28.401260666666666 ], [ -82.395184527777786, 28.403900611111109 ], [ -82.40426052777778, 28.406439111111109 ], [ -82.413372388888888, 28.408875777777777 ], [ -82.422518638888889, 28.411210194444443 ], [ -82.431697777777785, 28.41344197222222 ], [ -82.440908361111113, 28.415570805555554 ], [ -82.450148861111117, 28.417596305555556 ], [ -82.459417833333333, 28.419518166666666 ], [ -82.46871375, 28.421336055555557 ], [ -82.478035111111112, 28.423049722222224 ], [ -82.48738044444444, 28.424658833333336 ], [ -82.496748222222223, 28.426163166666669 ], [ -82.506136916666662, 28.427562472222224 ], [ -82.515545027777776, 28.428856527777778 ], [ -82.524971055555554, 28.430045111111113 ], [ -82.534413444444439, 28.431128055555558 ], [ -82.543870694444436, 28.43210513888889 ], [ -82.553341277777776, 28.43297625 ], [ -82.562823638888887, 28.43374125 ], [ -82.572316277777773, 28.434399972222224 ], [ -82.581817666666666, 28.434952333333335 ], [ -82.591326222222222, 28.43539825 ], [ -82.600840444444444, 28.435737666666668 ], [ -82.610358805555549, 28.435970472222223 ], [ -82.61987975, 28.436096694444444 ], [ -82.62940175, 28.436116277777778 ], [ -82.638925138888894, 28.436029194444444 ], [ -82.648446944444444, 28.435835416666666 ], [ -82.657964472222233, 28.435535055555555 ], [ -82.667476305555567, 28.435128111111112 ], [ -82.676981027777785, 28.434614722222221 ], [ -82.68647725000001, 28.433994944444446 ], [ -82.695963583333338, 28.433268861111113 ], [ -82.705438638888893, 28.432436638888891 ], [ -82.714901055555558, 28.431498333333334 ], [ -82.724349472222229, 28.430454111111111 ], [ -82.7337825, 28.429304111111112 ], [ -82.743198805555551, 28.428048444444446 ], [ -82.752597027777782, 28.426687305555557 ], [ -82.761975861111111, 28.425220861111111 ], [ -82.77132972222222, 28.423649972222222 ], [ -82.78066, 28.4219745 ], [ -82.789965361111115, 28.420194694444447 ], [ -82.799244333333334, 28.418310805555556 ], [ -82.808495388888886, 28.416323138888888 ], [ -82.817717055555548, 28.414232055555555 ], [ -82.826907833333323, 28.412037861111109 ], [ -82.836066222222215, 28.409740916666664 ], [ -82.845190805555546, 28.407341611111111 ], [ -82.854280055555549, 28.404840277777776 ], [ -82.863332527777771, 28.402237388888889 ], [ -82.87234675, 28.399533333333334 ], [ -82.881321305555545, 28.396728527777778 ], [ -82.890254750000011, 28.393823472222223 ], [ -82.899145583333336, 28.390818583333331 ], [ -82.907992444444446, 28.387714388888888 ], [ -82.91679388888889, 28.384511361111112 ], [ -82.9255485, 28.381210027777779 ], [ -82.934254833333341, 28.377810916666668 ], [ -82.942911555555554, 28.374314555555557 ], [ -82.951517222222222, 28.370721555555555 ], [ -82.9600705, 28.367032472222224 ], [ -82.968569972222227, 28.363247916666669 ], [ -82.977014277777783, 28.359368444444446 ], [ -82.985402083333341, 28.35539475 ], [ -82.993732055555554, 28.351327416666667 ], [ -83.002002833333336, 28.347167138888889 ], [ -83.010213083333326, 28.342914583333332 ], [ -83.0183615, 28.338570388888886 ], [ -83.026446805555551, 28.334135333333332 ], [ -83.034467666666671, 28.329610055555555 ], [ -83.04242280555556, 28.324995333333334 ], [ -83.050310972222221, 28.320291888888889 ], [ -83.058130888888883, 28.315500472222222 ], [ -83.065881333333337, 28.310621888888889 ], [ -83.073561027777771, 28.30565688888889 ], [ -83.081168749999989, 28.300606277777778 ], [ -83.088703333333328, 28.29547088888889 ], [ -83.096163527777776, 28.29025152777778 ], [ -83.103548166666656, 28.284949027777781 ], [ -83.110856055555544, 28.279564277777776 ], [ -83.118086055555551, 28.274098083333332 ], [ -83.125237, 28.268551388888888 ], [ -83.132307777777768, 28.262925055555556 ], [ -83.139297222222226, 28.257219972222224 ], [ -83.146204250000011, 28.251437083333332 ], [ -83.15302775, 28.24557727777778 ], [ -83.15976666666667, 28.239641555555558 ], [ -83.166419916666669, 28.233630833333333 ], [ -83.172986444444447, 28.227546055555553 ], [ -83.179465194444447, 28.22138825 ], [ -83.18585516666667, 28.215158388888888 ], [ -83.192155361111119, 28.208857444444444 ], [ -83.19836475000001, 28.202486472222223 ], [ -83.204483111111117, 28.196045666666667 ], [ -83.210509833333333, 28.189535611111111 ], [ -83.216442222222227, 28.182959222222223 ], [ -83.2222795, 28.176317416666667 ], [ -83.228020888888892, 28.169611194444446 ], [ -83.233665583333334, 28.162841472222222 ], [ -83.239212805555553, 28.15600922222222 ], [ -83.244661805555552, 28.149115472222221 ], [ -83.250011805555559, 28.142161166666668 ], [ -83.255262055555562, 28.135147305555556 ], [ -83.260411777777776, 28.128074944444446 ], [ -83.265460222222217, 28.120945083333332 ], [ -83.270406694444446, 28.113758777777779 ], [ -83.275250444444438, 28.10651702777778 ], [ -83.279989333333333, 28.099223083333332 ], [ -83.284623333333329, 28.091877166666666 ], [ -83.289152055555547, 28.084479944444443 ], [ -83.293574805555551, 28.077032583333335 ], [ -83.297890888888887, 28.069536277777779 ], [ -83.302099611111103, 28.061992222222223 ], [ -83.306200361111109, 28.054401638888891 ], [ -83.3101925, 28.04676575 ], [ -83.314075416666668, 28.039085722222225 ], [ -83.317848472222224, 28.031362833333333 ], [ -83.32151113888888, 28.023598305555556 ], [ -83.325062833333334, 28.015793361111111 ], [ -83.328503, 28.00794925 ], [ -83.33183116666666, 28.00006725 ], [ -83.335046749999989, 27.992148583333336 ], [ -83.338149333333334, 27.984194527777777 ], [ -83.341138388888879, 27.97620636111111 ], [ -83.344013527777776, 27.968185361111111 ], [ -83.34677425, 27.960132777777776 ], [ -83.349420194444434, 27.952049916666667 ], [ -83.35195094444444, 27.943938055555556 ], [ -83.354366111111105, 27.9357985 ], [ -83.356665333333325, 27.927632527777778 ], [ -83.358848305555554, 27.919441444444445 ], [ -83.360914694444432, 27.911226555555555 ], [ -83.362864166666654, 27.902989166666664 ], [ -83.364696472222221, 27.894730583333335 ], [ -83.366411361111105, 27.886452138888888 ], [ -83.368008527777775, 27.878155138888889 ], [ -83.369487777777778, 27.869840916666668 ], [ -83.37084891666666, 27.86151075 ], [ -83.37209175, 27.853166 ], [ -83.373216111111105, 27.844808 ], [ -83.37422180555555, 27.836438055555554 ], [ -83.375108777777768, 27.8280575 ], [ -83.375876833333322, 27.819667666666668 ], [ -83.376525916666665, 27.811269861111111 ], [ -83.377055972222209, 27.802865472222223 ], [ -83.377466916666663, 27.794455805555558 ], [ -83.377758694444438, 27.786042166666668 ], [ -83.377931333333322, 27.777625944444445 ], [ -83.377984805555542, 27.769208416666665 ], [ -83.377919138888885, 27.760790972222221 ], [ -83.377734361111109, 27.752374916666668 ], [ -83.377430527777776, 27.743961583333334 ], [ -83.377007722222217, 27.735552277777778 ], [ -83.376466055555554, 27.727148388888889 ], [ -83.375805611111105, 27.71875122222222 ], [ -83.375026527777777, 27.71036211111111 ], [ -83.374128972222209, 27.70198236111111 ], [ -83.373113083333322, 27.693613305555555 ], [ -83.371979083333329, 27.685256305555555 ], [ -83.370727166666654, 27.67691263888889 ], [ -83.369357527777765, 27.66858363888889 ], [ -83.367870444444435, 27.660270611111109 ], [ -83.366266194444435, 27.651974916666664 ], [ -83.364545, 27.643697805555554 ], [ -83.362707222222213, 27.635440611111111 ], [ -83.360753138888882, 27.627204666666668 ], [ -83.358683083333332, 27.618991222222224 ], [ -83.356497416666656, 27.610801611111114 ], [ -83.354196527777773, 27.602637111111111 ], [ -83.351780777777776, 27.594499 ], [ -83.34925058333333, 27.586388583333331 ], [ -83.3466063611111, 27.578307111111112 ], [ -83.343848555555553, 27.570255916666667 ], [ -83.340977638888887, 27.562236194444445 ], [ -83.337994083333328, 27.554249277777778 ], [ -83.334898388888888, 27.546296361111114 ], [ -83.331691055555552, 27.53837875 ], [ -83.328372611111106, 27.530497666666665 ], [ -83.324943583333337, 27.522654361111112 ], [ -83.321404583333333, 27.514850055555556 ], [ -83.317756166666669, 27.507086 ], [ -83.313998916666662, 27.499363416666668 ], [ -83.310133472222219, 27.491683472222224 ], [ -83.306160444444444, 27.484047444444446 ], [ -83.3020805, 27.4764565 ], [ -83.297894277777772, 27.468911805555553 ], [ -83.293602472222219, 27.46141461111111 ], [ -83.289205777777781, 27.453966055555554 ], [ -83.284704916666669, 27.446567305555554 ], [ -83.280100583333336, 27.439219555555557 ], [ -83.275393555555553, 27.431923916666669 ], [ -83.27058425, 27.424681083333333 ], [ -83.26567275, 27.417491222222225 ], [ -83.260661194444438, 27.41035747222222 ], [ -83.255550388888892, 27.403280916666667 ], [ -83.250341083333339, 27.3962625 ], [ -83.245034027777777, 27.38930325 ], [ -83.239630055555551, 27.382404166666667 ], [ -83.234129944444447, 27.375566194444446 ], [ -83.228534444444449, 27.368790305555557 ], [ -83.222844388888888, 27.362077444444445 ], [ -83.217060555555562, 27.355428555555559 ], [ -83.211183777777777, 27.348844583333332 ], [ -83.205214833333329, 27.342326416666666 ], [ -83.199154555555566, 27.335875 ], [ -83.193005611111118, 27.329493166666666 ], [ -83.186768666666666, 27.32318147222222 ], [ -83.180443944444448, 27.316940111111112 ], [ -83.174032472222223, 27.310770055555555 ], [ -83.167535222222227, 27.304672305555556 ], [ -83.160953277777779, 27.298647805555557 ], [ -83.154287638888889, 27.292697472222223 ], [ -83.147539388888902, 27.28682225 ], [ -83.140709583333333, 27.281023083333331 ], [ -83.133799333333343, 27.275300833333333 ], [ -83.126809694444432, 27.269656444444443 ], [ -83.119741777777776, 27.264090777777778 ], [ -83.112596694444434, 27.258604694444443 ], [ -83.1053756111111, 27.253199083333332 ], [ -83.09807963888889, 27.24787475 ], [ -83.090709944444441, 27.242632527777779 ], [ -83.083267638888884, 27.237473277777777 ], [ -83.075753972222216, 27.232397777777777 ], [ -83.068170083333328, 27.227406833333333 ], [ -83.060517166666671, 27.22250122222222 ], [ -83.052796416666666, 27.217681694444444 ], [ -83.045009083333326, 27.212949 ], [ -83.037156361111116, 27.208303916666665 ], [ -83.0292395, 27.20374713888889 ], [ -83.021259722222226, 27.19927938888889 ], [ -83.013218305555554, 27.194901361111111 ], [ -83.005116527777773, 27.19061375 ], [ -82.996955611111119, 27.186417222222222 ], [ -82.988736861111107, 27.182312388888889 ], [ -82.980461555555564, 27.178299972222224 ], [ -82.972131027777777, 27.174380527777778 ], [ -82.963746555555559, 27.170554694444444 ], [ -82.955309444444453, 27.166823083333334 ], [ -82.946821027777787, 27.16318625 ], [ -82.93828261111112, 27.159644777777775 ], [ -82.929695583333341, 27.15619922222222 ], [ -82.921061222222221, 27.152850138888887 ], [ -82.91238094444445, 27.149598 ], [ -82.903656055555558, 27.146443333333334 ], [ -82.894887944444449, 27.143386638888888 ], [ -82.886077972222225, 27.140428388888889 ], [ -82.877227527777777, 27.137569083333332 ], [ -82.868338, 27.134809083333334 ], [ -82.859410722222222, 27.132148888888889 ], [ -82.850447166666655, 27.129588916666666 ], [ -82.841448666666665, 27.127129527777779 ], [ -82.83241666666666, 27.124771111111112 ], [ -82.823352555555559, 27.122514055555556 ], [ -82.81425775, 27.120358694444445 ], [ -82.805133666666663, 27.118305361111112 ], [ -82.79598175, 27.116354416666667 ], [ -82.786803416666672, 27.114506111111112 ], [ -82.777600083333326, 27.11276075 ], [ -82.76837319444445, 27.11111863888889 ], [ -82.759124027777773, 27.109579972222225 ], [ -82.749851138888886, 27.108144555555558 ], [ -82.74056, 27.106813305555558 ], [ -82.731251833333332, 27.105586333333335 ], [ -82.721927944444445, 27.104463833333334 ], [ -82.712589638888886, 27.103445888888892 ], [ -82.703238194444452, 27.102532666666669 ], [ -82.693874888888899, 27.10172427777778 ], [ -82.684501027777785, 27.101020833333333 ], [ -82.675117944444452, 27.100422416666667 ], [ -82.665726944444444, 27.099929138888889 ], [ -82.656329361111119, 27.099541083333332 ], [ -82.646926527777779, 27.099258333333331 ], [ -82.637519777777783, 27.099080916666665 ], [ -82.628111722222215, 27.099008888888889 ], [ -82.618705277777778, 27.099042277777777 ], [ -82.609300027777778, 27.099181027777778 ], [ -82.599897444444437, 27.09942511111111 ], [ -82.590498972222221, 27.0997745 ], [ -82.581106083333324, 27.100229138888892 ], [ -82.57172025, 27.100788944444446 ], [ -82.562342944444438, 27.101453861111114 ], [ -82.552975583333335, 27.102223722222224 ], [ -82.543619666666672, 27.103098472222225 ], [ -82.534276638888883, 27.104077944444445 ], [ -82.524947972222222, 27.105162 ], [ -82.515635083333336, 27.106350472222225 ], [ -82.50633944444445, 27.107643166666669 ], [ -82.4970625, 27.109039861111114 ], [ -82.48780572222222, 27.110540361111113 ], [ -82.4785705, 27.112144444444446 ], [ -82.469358305555559, 27.113851861111112 ], [ -82.460170583333337, 27.115662305555556 ], [ -82.45100875, 27.117575527777777 ], [ -82.44187425, 27.119591222222223 ], [ -82.432768472222222, 27.121709083333332 ], [ -82.423692861111121, 27.12392875 ], [ -82.414648861111118, 27.126249916666666 ], [ -82.405637833333344, 27.128672222222221 ], [ -82.396661194444448, 27.13119525 ], [ -82.387720388888894, 27.13381863888889 ], [ -82.37881675, 27.136541944444446 ], [ -82.369951722222211, 27.139364777777779 ], [ -82.361126638888877, 27.142286694444444 ], [ -82.352342916666657, 27.14530725 ], [ -82.343601944444444, 27.148425916666667 ], [ -82.334905027777779, 27.151642277777775 ], [ -82.326253583333326, 27.154955777777776 ], [ -82.31764891666667, 27.158365944444444 ], [ -82.309092416666658, 27.161872194444442 ], [ -82.300585416666664, 27.165474027777776 ], [ -82.292129222222215, 27.169170861111112 ], [ -82.28372516666667, 27.172962138888892 ], [ -82.275374555555558, 27.176847222222225 ], [ -82.26707875, 27.180825555555558 ], [ -82.258838972222222, 27.184896472222224 ], [ -82.250656583333338, 27.189059388888889 ], [ -82.242532833333328, 27.193313611111112 ], [ -82.234469, 27.197658472222223 ], [ -82.226466361111108, 27.202093333333334 ], [ -82.21852613888889, 27.2066175 ], [ -82.210649611111108, 27.21123022222222 ], [ -82.202838027777787, 27.215930805555555 ], [ -82.195092583333334, 27.2207185 ], [ -82.187414527777776, 27.225592583333331 ], [ -82.179805027777789, 27.230552305555555 ], [ -82.172265305555555, 27.235596833333336 ], [ -82.164796583333342, 27.240725416666667 ], [ -82.157399972222223, 27.24593725 ], [ -82.150076666666678, 27.251231527777779 ], [ -82.142827861111115, 27.256607416666668 ], [ -82.135654638888894, 27.262064055555555 ], [ -82.128558138888877, 27.26760061111111 ], [ -82.12153952777777, 27.273216222222221 ], [ -82.11459988888889, 27.27891 ], [ -82.107740305555552, 27.284681027777779 ], [ -82.100961888888889, 27.290528444444448 ], [ -82.094265666666658, 27.296451333333334 ], [ -82.087652777777777, 27.302448722222223 ], [ -82.081124194444442, 27.308519722222222 ], [ -82.074681, 27.314663361111112 ], [ -82.068324194444443, 27.320878694444446 ], [ -82.062054805555547, 27.327164722222221 ], [ -82.055873805555549, 27.333520444444442 ], [ -82.049782194444447, 27.339944916666667 ], [ -82.043780944444435, 27.346437111111111 ], [ -82.037871, 27.352995972222224 ], [ -82.03205330555555, 27.359620527777778 ], [ -82.026328777777778, 27.366309722222223 ], [ -82.020698388888889, 27.373062472222223 ], [ -82.015162972222228, 27.379877777777779 ], [ -82.009723416666674, 27.386754527777779 ], [ -82.00438063888889, 27.393691638888889 ], [ -81.999135472222221, 27.400688055555555 ], [ -81.99398875, 27.407742666666664 ], [ -81.988941305555556, 27.414854333333331 ], [ -81.98399394444445, 27.422021972222222 ], [ -81.979147472222223, 27.429244444444446 ], [ -81.97440263888889, 27.436520666666667 ], [ -81.969758861111117, 27.443851638888891 ], [ -81.965218722222218, 27.451233444444444 ], [ -81.960782861111113, 27.45866497222222 ], [ -81.956451888888893, 27.466145138888887 ], [ -81.952226472222222, 27.473672916666665 ], [ -81.948107194444447, 27.481247166666666 ], [ -81.944094666666672, 27.488866861111113 ], [ -81.940189472222229, 27.496530888888891 ], [ -81.936392194444451, 27.504238166666667 ], [ -81.932703388888896, 27.511987666666666 ], [ -81.929123611111109, 27.51977825 ], [ -81.92565338888889, 27.527608888888889 ], [ -81.922293277777783, 27.5354785 ], [ -81.919044027777787, 27.543385361111113 ], [ -81.91590725, 27.551325555555557 ], [ -81.912882416666676, 27.55930025 ], [ -81.909970055555561, 27.567308194444443 ], [ -81.9071706388889, 27.575348111111111 ], [ -81.904484638888889, 27.58341872222222 ], [ -81.9019125, 27.591518777777775 ], [ -81.899454666666671, 27.599647 ], [ -81.897111527777781, 27.607802083333336 ], [ -81.8948835, 27.61598275 ], [ -81.89277094444445, 27.624187722222224 ], [ -81.890774222222234, 27.632415666666667 ], [ -81.888893694444448, 27.640665333333335 ], [ -81.887129666666667, 27.648935416666667 ], [ -81.885482444444449, 27.657224555555555 ], [ -81.883952305555567, 27.6655315 ], [ -81.882539555555553, 27.673854916666667 ], [ -81.881244388888888, 27.682193472222224 ], [ -81.88006708333333, 27.690545861111111 ], [ -81.879007833333333, 27.69891075 ], [ -81.878066833333321, 27.707286861111111 ], [ -81.87724425, 27.715672805555556 ], [ -81.87654025, 27.724067305555554 ], [ -81.875955, 27.732469027777775 ], [ -81.875488583333322, 27.740876611111112 ], [ -81.875141083333332, 27.749288722222222 ], [ -81.874912638888887, 27.757704055555557 ], [ -81.874803277777772, 27.766121305555554 ] ] } },
{ "type": "Feature", "properties": { "style": "solid", "thickness": 1 }, "geometry": { "type": "LineString", "coordinates": [ [ -81.267560166666669, 27.991387722222225 ], [ -81.267522666666665, 27.999804833333336 ], [ -81.26760455555555, 28.008221666666667 ], [ -81.267805861111114, 28.016636944444443 ], [ -81.268126583333327, 28.02504925 ], [ -81.268566694444445, 28.033457305555558 ], [ -81.269126138888893, 28.04185977777778 ], [ -81.269804888888885, 28.050255305555556 ], [ -81.270602833333328, 28.058642555555558 ], [ -81.271519861111116, 28.06702025 ], [ -81.272555888888888, 28.075386972222223 ], [ -81.273710777777779, 28.083741472222222 ], [ -81.274984333333336, 28.09208236111111 ], [ -81.276376444444438, 28.100408361111114 ], [ -81.277886861111114, 28.108718138888889 ], [ -81.279515388888882, 28.117010361111113 ], [ -81.281261777777772, 28.125283694444445 ], [ -81.283125805555557, 28.133536861111111 ], [ -81.285107222222223, 28.1417685 ], [ -81.287205666666665, 28.149977361111112 ], [ -81.289420916666671, 28.15816211111111 ], [ -81.291752583333334, 28.166321416666666 ], [ -81.294200333333336, 28.174454027777777 ], [ -81.29676383333333, 28.182558638888889 ], [ -81.299442666666664, 28.190633916666666 ], [ -81.302236444444446, 28.198678611111113 ], [ -81.30514475, 28.206691444444445 ], [ -81.308167138888891, 28.214671138888889 ], [ -81.311304166666659, 28.222618888888888 ], [ -81.314554305555546, 28.23053061111111 ], [ -81.317916833333328, 28.238404666666668 ], [ -81.321391333333324, 28.246239916666667 ], [ -81.324977249999989, 28.254035277777778 ], [ -81.328674111111113, 28.261789666666665 ], [ -81.33248144444444, 28.269501944444443 ], [ -81.336398666666668, 28.277171083333332 ], [ -81.340425277777769, 28.284795916666667 ], [ -81.344560722222212, 28.292375333333336 ], [ -81.34880444444444, 28.299908277777778 ], [ -81.353155833333332, 28.30739363888889 ], [ -81.357614305555543, 28.31483027777778 ], [ -81.36217925, 28.322217083333332 ], [ -81.366848194444444, 28.329550111111111 ], [ -81.371621749999989, 28.336830333333332 ], [ -81.376499138888889, 28.34405661111111 ], [ -81.381479638888877, 28.351227805555556 ], [ -81.386562500000011, 28.358342777777779 ], [ -81.391746888888889, 28.365400361111114 ], [ -81.397032, 28.372399444444444 ], [ -81.402417, 28.379338888888888 ], [ -81.407901083333343, 28.38621761111111 ], [ -81.413483361111119, 28.3930345 ], [ -81.419162944444452, 28.399788444444443 ], [ -81.424938972222222, 28.406478388888889 ], [ -81.43081052777778, 28.41310325 ], [ -81.436776666666674, 28.419661972222222 ], [ -81.4428365, 28.426153472222225 ], [ -81.448989, 28.43257675 ], [ -81.455233277777779, 28.43893075 ], [ -81.461568277777786, 28.445214444444446 ], [ -81.46799302777778, 28.451426861111109 ], [ -81.474506527777777, 28.457566972222221 ], [ -81.48110772222222, 28.463633805555556 ], [ -81.487795583333337, 28.469626416666664 ], [ -81.494569027777786, 28.475543777777776 ], [ -81.501427, 28.481384972222219 ], [ -81.50836841666667, 28.487149083333335 ], [ -81.515392166666672, 28.492835138888889 ], [ -81.522497166666668, 28.49844225 ], [ -81.52968222222222, 28.503969527777777 ], [ -81.53694625, 28.509416083333335 ], [ -81.544288055555555, 28.514781 ], [ -81.5517065, 28.520063472222223 ], [ -81.55920036111111, 28.52526261111111 ], [ -81.5667685, 28.530377583333333 ], [ -81.574409666666668, 28.535407583333335 ], [ -81.582122666666663, 28.540351805555556 ], [ -81.58990625, 28.545209444444446 ], [ -81.597759194444436, 28.549979694444445 ], [ -81.605680222222219, 28.554661805555558 ], [ -81.613668083333323, 28.559255055555557 ], [ -81.62172147222222, 28.563758666666669 ], [ -81.629839138888883, 28.568171916666667 ], [ -81.638019777777785, 28.572494111111112 ], [ -81.64626208333334, 28.576724555555554 ], [ -81.654564694444446, 28.580862527777779 ], [ -81.662926305555558, 28.584907416666667 ], [ -81.671345583333334, 28.588858555555554 ], [ -81.679821194444443, 28.592715277777778 ], [ -81.688351722222222, 28.596477 ], [ -81.696935861111115, 28.600143083333336 ], [ -81.705572194444443, 28.603712944444446 ], [ -81.714259333333331, 28.607186027777779 ], [ -81.722995916666662, 28.610561777777779 ], [ -81.7317805, 28.613839611111114 ], [ -81.740611694444439, 28.617019027777779 ], [ -81.74948805555556, 28.6200995 ], [ -81.758408194444442, 28.623080555555557 ], [ -81.767370638888892, 28.625961694444445 ], [ -81.776373972222217, 28.628742444444445 ], [ -81.78541675, 28.63142238888889 ], [ -81.794497472222218, 28.634001055555554 ], [ -81.803614722222221, 28.636478055555553 ], [ -81.812767027777781, 28.638852972222221 ], [ -81.821952888888887, 28.641125416666664 ], [ -81.831170833333331, 28.643295055555555 ], [ -81.84041938888889, 28.645361527777776 ], [ -81.849697055555552, 28.647324472222223 ], [ -81.859002333333322, 28.649183611111109 ], [ -81.868333722222218, 28.650938611111108 ], [ -81.877689722222215, 28.652589194444442 ], [ -81.887068833333345, 28.65413511111111 ], [ -81.896469527777782, 28.655576083333333 ], [ -81.905890277777786, 28.656911916666665 ], [ -81.915329583333346, 28.658142361111111 ], [ -81.924785916666664, 28.65926725 ], [ -81.934257722222227, 28.660286388888888 ], [ -81.943743527777784, 28.661199583333332 ], [ -81.953241777777777, 28.66200672222222 ], [ -81.962750916666664, 28.662707666666666 ], [ -81.972269416666663, 28.663302277777778 ], [ -81.981795777777776, 28.6637905 ], [ -81.991328416666661, 28.66417225 ], [ -82.000865777777776, 28.664447444444441 ], [ -82.010406388888896, 28.664616027777775 ], [ -82.019948666666664, 28.664678 ], [ -82.029492944444442, 28.664633333333331 ], [ -82.039036277777782, 28.664481972222219 ], [ -82.048575944444437, 28.664224 ], [ -82.0581105, 28.663859444444444 ], [ -82.067638555555547, 28.663388388888887 ], [ -82.077158722222222, 28.662810944444445 ], [ -82.086669583333332, 28.662127166666664 ], [ -82.096169777777774, 28.661337166666666 ], [ -82.105657916666658, 28.660441055555555 ], [ -82.115132611111108, 28.659438972222222 ], [ -82.1245925, 28.658331027777777 ], [ -82.134036277777781, 28.657117388888889 ], [ -82.143462527777785, 28.655798194444444 ], [ -82.152869944444447, 28.654373555555555 ], [ -82.162252972222234, 28.652844416666664 ], [ -82.171612944444448, 28.651210583333331 ], [ -82.180948583333333, 28.649472305555555 ], [ -82.190258333333333, 28.647629833333333 ], [ -82.19954075, 28.64568347222222 ], [ -82.208794277777784, 28.643633555555557 ], [ -82.218017472222229, 28.641480388888887 ], [ -82.227208805555563, 28.639224333333331 ], [ -82.236366833333335, 28.63686575 ], [ -82.24549005555555, 28.634405027777778 ], [ -82.254577, 28.631842555555558 ], [ -82.263626222222229, 28.62917875 ], [ -82.27263625, 28.626414055555557 ], [ -82.281605638888891, 28.623548861111111 ], [ -82.290532944444436, 28.620583694444445 ], [ -82.299416722222219, 28.617519 ], [ -82.308255555555547, 28.614355277777779 ], [ -82.317048, 28.611093055555557 ], [ -82.325792694444445, 28.607732805555557 ], [ -82.334488166666659, 28.604275138888891 ], [ -82.343133055555555, 28.600720583333334 ], [ -82.351725972222212, 28.597069694444443 ], [ -82.360265555555543, 28.593323055555555 ], [ -82.368750361111111, 28.589481305555555 ], [ -82.377179111111104, 28.585545055555553 ], [ -82.385550416666675, 28.581514916666666 ], [ -82.393862916666677, 28.577391555555554 ], [ -82.402115305555554, 28.573175638888888 ], [ -82.410306277777778, 28.568867861111112 ], [ -82.418434472222231, 28.564468861111113 ], [ -82.426498611111114, 28.559979388888891 ], [ -82.434497416666673, 28.555400166666669 ], [ -82.442429611111109, 28.550731916666667 ], [ -82.450293888888893, 28.545975388888891 ], [ -82.458089027777774, 28.541131388888889 ], [ -82.465813777777782, 28.536200638888889 ], [ -82.473466888888893, 28.531183944444443 ], [ -82.481047138888897, 28.526082138888889 ], [ -82.488553361111116, 28.520896055555554 ], [ -82.495984305555552, 28.515626472222223 ], [ -82.503338805555558, 28.510274277777778 ], [ -82.510615694444439, 28.504840305555554 ], [ -82.517813833333335, 28.499325444444445 ], [ -82.52493202777778, 28.493730611111111 ], [ -82.531969194444443, 28.488056638888889 ], [ -82.538924194444448, 28.4823045 ], [ -82.545795944444436, 28.47647508333333 ], [ -82.552583305555558, 28.47056933333333 ], [ -82.55928525, 28.464588194444445 ], [ -82.565900694444437, 28.458532638888887 ], [ -82.572428583333334, 28.452403638888889 ], [ -82.57886788888888, 28.446202166666666 ], [ -82.585217611111105, 28.439929222222222 ], [ -82.591476722222211, 28.433585833333332 ], [ -82.597644916666667, 28.42717225 ], [ -82.60372175, 28.420688972222223 ], [ -82.609704388888886, 28.414138916666666 ], [ -82.615592083333325, 28.407523 ], [ -82.621384, 28.40084222222222 ], [ -82.627079388888887, 28.394097527777777 ], [ -82.63267744444444, 28.387289888888887 ], [ -82.638177361111119, 28.38042025 ], [ -82.643578388888898, 28.373489638888888 ], [ -82.648879777777779, 28.366499027777778 ], [ -82.65408075, 28.359449444444447 ], [ -82.659180555555565, 28.352341916666667 ], [ -82.664178444444445, 28.345177444444442 ], [ -82.669073666666677, 28.337957111111109 ], [ -82.673864055555555, 28.330684166666668 ], [ -82.678549638888896, 28.323358694444444 ], [ -82.68313, 28.315981444444446 ], [ -82.687604416666673, 28.308553583333335 ], [ -82.691972166666673, 28.301076305555558 ], [ -82.696232611111114, 28.293550777777778 ], [ -82.70038508333333, 28.28597825 ], [ -82.704428916666672, 28.27835988888889 ], [ -82.708363527777777, 28.270696944444442 ], [ -82.712188277777784, 28.262990638888891 ], [ -82.715902583333332, 28.255242166666665 ], [ -82.719505916666662, 28.247452805555557 ], [ -82.722997666666672, 28.23962377777778 ], [ -82.726377333333332, 28.23175636111111 ], [ -82.729644416666673, 28.223851777777774 ], [ -82.732798388888895, 28.215911277777778 ], [ -82.735838777777772, 28.207936166666666 ], [ -82.738765111111107, 28.199927694444444 ], [ -82.741577, 28.191887166666667 ], [ -82.744273972222217, 28.183815833333334 ], [ -82.746855638888889, 28.175714972222224 ], [ -82.749321611111114, 28.16758588888889 ], [ -82.751671527777773, 28.159429888888887 ], [ -82.753905027777776, 28.151248277777775 ], [ -82.756021805555562, 28.143042305555554 ], [ -82.758021555555558, 28.134813333333334 ], [ -82.759903944444446, 28.126562666666668 ], [ -82.761668722222225, 28.118291611111111 ], [ -82.763315666666671, 28.110001444444446 ], [ -82.764844472222222, 28.10169352777778 ], [ -82.766254972222228, 28.093369194444442 ], [ -82.76754697222222, 28.08502972222222 ], [ -82.768720277777774, 28.076676472222221 ], [ -82.76977475, 28.06831075 ], [ -82.77071022222222, 28.059933888888889 ], [ -82.771526583333326, 28.051547222222222 ], [ -82.772223722222222, 28.043152111111112 ], [ -82.772801583333333, 28.034749833333336 ], [ -82.773260083333327, 28.02634175 ], [ -82.773599166666671, 28.017929194444445 ], [ -82.773818833333337, 28.009513527777777 ], [ -82.773919055555552, 28.001096055555557 ], [ -82.773899861111104, 27.992678083333335 ], [ -82.77376125, 27.984261 ], [ -82.773503333333338, 27.975846138888887 ], [ -82.773126111111111, 27.967434777777775 ], [ -82.772629694444447, 27.959028305555556 ], [ -82.772014194444438, 27.950628027777778 ], [ -82.77127975, 27.94223527777778 ], [ -82.7704265, 27.93385138888889 ], [ -82.769454583333328, 27.925477694444446 ], [ -82.768364194444445, 27.917115527777778 ], [ -82.767155555555561, 27.908766166666666 ], [ -82.76582883333333, 27.900430972222221 ], [ -82.764384305555552, 27.89211125 ], [ -82.762822222222226, 27.883808305555554 ], [ -82.761142861111111, 27.875523472222223 ], [ -82.7593465, 27.867258055555556 ], [ -82.757433444444445, 27.859013333333333 ], [ -82.755404027777772, 27.850790666666668 ], [ -82.753258611111107, 27.842591305555555 ], [ -82.750997555555557, 27.834416555555553 ], [ -82.748621222222226, 27.826267694444443 ], [ -82.746130027777781, 27.818146027777779 ], [ -82.743524416666673, 27.81005286111111 ], [ -82.740804777777782, 27.801989416666668 ], [ -82.737971583333334, 27.793957 ], [ -82.735025305555553, 27.785956861111114 ], [ -82.731966444444453, 27.777990277777779 ], [ -82.7287955, 27.7700585 ], [ -82.725513, 27.762162777777778 ], [ -82.722119472222218, 27.754304333333334 ], [ -82.7186155, 27.746484444444445 ], [ -82.71500161111112, 27.738704333333335 ], [ -82.711278444444446, 27.730965194444444 ], [ -82.707446583333336, 27.723268277777777 ], [ -82.703506666666669, 27.715614777777777 ], [ -82.699459333333337, 27.708005916666664 ], [ -82.69530525, 27.70044286111111 ], [ -82.691045083333336, 27.692926833333335 ], [ -82.6866795, 27.685459 ], [ -82.68220925, 27.678040555555558 ], [ -82.677635055555555, 27.670672638888892 ], [ -82.672957611111116, 27.663356388888886 ], [ -82.668177444444453, 27.656092555555553 ], [ -82.6632945, 27.648881222222222 ], [ -82.658311, 27.641725555555556 ], [ -82.653227694444453, 27.634626666666666 ], [ -82.648045361111116, 27.6275855 ], [ -82.642764777777785, 27.620603111111112 ], [ -82.637386694444444, 27.613680416666668 ], [ -82.631911916666667, 27.606818472222223 ], [ -82.62634125, 27.600018166666668 ], [ -82.620675444444444, 27.5932805 ], [ -82.614915333333329, 27.586606388888889 ], [ -82.609061694444435, 27.579996805555556 ], [ -82.603115361111108, 27.573452666666668 ], [ -82.597077111111105, 27.56697486111111 ], [ -82.590949694444433, 27.560566333333334 ], [ -82.584733666666665, 27.554227472222223 ], [ -82.578429277777772, 27.547958611111113 ], [ -82.572037555555553, 27.541760694444445 ], [ -82.5655595, 27.535634666666667 ], [ -82.558996138888887, 27.529581555555556 ], [ -82.552348527777781, 27.52360225 ], [ -82.545617722222218, 27.517697694444443 ], [ -82.53880477777777, 27.511868861111111 ], [ -82.531910805555555, 27.506116611111111 ], [ -82.524936833333328, 27.50044186111111 ], [ -82.517884027777782, 27.4948455 ], [ -82.51075347222222, 27.489328416666666 ], [ -82.503546277777772, 27.483891444444446 ], [ -82.496263638888891, 27.478535444444443 ], [ -82.488906638888892, 27.47326125 ], [ -82.481476472222226, 27.468069722222221 ], [ -82.473974305555558, 27.462961611111112 ], [ -82.466401333333337, 27.457937777777776 ], [ -82.45875875, 27.452998944444445 ], [ -82.451047722222228, 27.448145944444445 ], [ -82.443269472222227, 27.4433795 ], [ -82.435425277777782, 27.43870036111111 ], [ -82.427516305555557, 27.43410925 ], [ -82.419543833333336, 27.429606916666668 ], [ -82.411509083333343, 27.425194027777778 ], [ -82.40341336111112, 27.420871277777778 ], [ -82.395257916666679, 27.416639361111109 ], [ -82.38704402777779, 27.412498916666664 ], [ -82.378772972222222, 27.40845061111111 ], [ -82.37044608333332, 27.40449508333333 ], [ -82.362064611111109, 27.400632916666666 ], [ -82.353629916666662, 27.396864722222222 ], [ -82.34514327777778, 27.393191083333331 ], [ -82.336606083333322, 27.389612611111112 ], [ -82.328019611111102, 27.386129833333332 ], [ -82.319385222222223, 27.382743277777777 ], [ -82.310704305555547, 27.379453527777777 ], [ -82.301978138888884, 27.37626102777778 ], [ -82.293208166666659, 27.373166333333334 ], [ -82.284395722222214, 27.370169888888888 ], [ -82.275542194444441, 27.367272166666666 ], [ -82.266648944444441, 27.364473638888889 ], [ -82.257717361111105, 27.36177475 ], [ -82.248748888888883, 27.359175861111112 ], [ -82.239744861111106, 27.356677444444447 ], [ -82.230706722222223, 27.354279833333333 ], [ -82.221635888888898, 27.351983444444446 ], [ -82.21253375, 27.349788638888889 ], [ -82.203401722222225, 27.347695694444443 ], [ -82.19424125, 27.345705027777775 ], [ -82.185053777777782, 27.343816861111112 ], [ -82.175840694444446, 27.342031555555554 ], [ -82.166603472222235, 27.340349361111109 ], [ -82.157343333333344, 27.338770527777775 ], [ -82.14805891666667, 27.337294833333331 ], [ -82.138755638888895, 27.335923194444444 ], [ -82.129434749999987, 27.334655805555553 ], [ -82.120097583333333, 27.33349275 ], [ -82.1107453611111, 27.332434222222222 ], [ -82.10137941666666, 27.331480333333332 ], [ -82.092001055555556, 27.330631222222223 ], [ -82.082611555555545, 27.329887 ], [ -82.073212222222224, 27.32924775 ], [ -82.06380441666667, 27.328713611111112 ], [ -82.054389444444439, 27.328284638888888 ], [ -82.044968638888889, 27.327960944444445 ], [ -82.03554336111111, 27.327742555555556 ], [ -82.02611625, 27.327629583333334 ], [ -82.01669013888889, 27.327621972222222 ], [ -82.007264666666671, 27.327719722222223 ], [ -81.997841277777781, 27.327922805555556 ], [ -81.988421472222228, 27.328231222222222 ], [ -81.97900669444445, 27.328644888888888 ], [ -81.969598444444443, 27.32916375 ], [ -81.960198138888899, 27.329787722222221 ], [ -81.95080725, 27.330516694444444 ], [ -81.94142725, 27.331350583333332 ], [ -81.932059611111114, 27.33228925 ], [ -81.922705805555566, 27.333332555555554 ], [ -81.91336725, 27.334480305555555 ], [ -81.904045388888889, 27.335732361111109 ], [ -81.89474175, 27.3370885 ], [ -81.885457694444455, 27.3385485 ], [ -81.876194722222209, 27.340112166666664 ], [ -81.866954277777765, 27.341779222222222 ], [ -81.85773775, 27.343549444444442 ], [ -81.848546638888891, 27.345422527777778 ], [ -81.839382333333333, 27.347398194444445 ], [ -81.830246305555548, 27.349476138888889 ], [ -81.821139916666667, 27.351656027777778 ], [ -81.812064638888884, 27.353937527777781 ], [ -81.803021888888892, 27.35632027777778 ], [ -81.79401302777778, 27.35880388888889 ], [ -81.785039527777769, 27.361388 ], [ -81.77610272222222, 27.364072222222223 ], [ -81.767204055555553, 27.366856111111112 ], [ -81.758344916666672, 27.369739222222222 ], [ -81.749526638888895, 27.372721111111112 ], [ -81.740750666666671, 27.375801361111112 ], [ -81.732018305555556, 27.378979416666667 ], [ -81.723331, 27.382254833333334 ], [ -81.714690027777777, 27.385627083333333 ], [ -81.706096777777788, 27.389095666666666 ], [ -81.697552611111121, 27.39266 ], [ -81.689058805555561, 27.396319527777777 ], [ -81.680616777777786, 27.400073722222221 ], [ -81.672227777777778, 27.403921972222221 ], [ -81.663893138888895, 27.407863666666664 ], [ -81.655614166666666, 27.411898194444444 ], [ -81.64739219444445, 27.416024944444445 ], [ -81.639228444444456, 27.42024325 ], [ -81.63112425, 27.424552472222224 ], [ -81.623080861111106, 27.428951916666669 ], [ -81.615099555555545, 27.433440916666665 ], [ -81.607181555555556, 27.43801875 ], [ -81.599328138888879, 27.442684722222221 ], [ -81.591540527777767, 27.447438111111111 ], [ -81.583819944444443, 27.452278138888889 ], [ -81.576167611111103, 27.457204083333334 ], [ -81.568584722222212, 27.462215166666667 ], [ -81.561072444444449, 27.467310583333333 ], [ -81.55363202777778, 27.472489555555555 ], [ -81.546264583333326, 27.477751277777777 ], [ -81.538971333333336, 27.483094916666666 ], [ -81.531753361111114, 27.488519638888889 ], [ -81.524611833333338, 27.494024611111112 ], [ -81.517547888888885, 27.499608944444446 ], [ -81.510562638888885, 27.505271805555555 ], [ -81.503657194444443, 27.511012277777777 ], [ -81.49683263888889, 27.516829444444443 ], [ -81.490090055555555, 27.522722444444444 ], [ -81.4834305, 27.528690305555553 ], [ -81.476855027777773, 27.534732138888891 ], [ -81.470364694444442, 27.540846972222223 ], [ -81.463960555555559, 27.547033861111114 ], [ -81.457643583333336, 27.553291805555556 ], [ -81.451414777777785, 27.559619861111113 ], [ -81.445275166666676, 27.566017027777779 ], [ -81.439225694444445, 27.572482305555557 ], [ -81.43326736111112, 27.579014666666666 ], [ -81.427401083333336, 27.585613083333332 ], [ -81.421627805555559, 27.592276555555554 ], [ -81.415948472222226, 27.599004 ], [ -81.410363944444455, 27.605794388888889 ], [ -81.40487516666667, 27.612646666666667 ], [ -81.399482972222231, 27.619559694444444 ], [ -81.394188250000013, 27.626532472222223 ], [ -81.388991861111123, 27.633563833333334 ], [ -81.383894611111117, 27.640652722222221 ], [ -81.378897333333327, 27.647798 ], [ -81.374000833333326, 27.654998555555554 ], [ -81.369205833333325, 27.662253305555556 ], [ -81.364511833333324, 27.669563222222223 ], [ -81.359921361111105, 27.676924416666669 ], [ -81.355435083333333, 27.684335777777779 ], [ -81.351053638888885, 27.69179627777778 ], [ -81.346777694444441, 27.699304805555556 ], [ -81.342607833333332, 27.706860305555555 ], [ -81.338544666666664, 27.714461694444445 ], [ -81.334588805555555, 27.722107861111109 ], [ -81.33074080555555, 27.729797805555553 ], [ -81.32700125, 27.737530388888889 ], [ -81.323370722222222, 27.745304583333333 ], [ -81.31984975, 27.753119277777778 ], [ -81.316438861111109, 27.760973416666666 ], [ -81.313138805555553, 27.768865388888887 ], [ -81.30995127777777, 27.776791111111109 ], [ -81.30687575, 27.784751833333335 ], [ -81.303912694444435, 27.79274625 ], [ -81.301062666666667, 27.800773166666666 ], [ -81.298326083333336, 27.808831277777777 ], [ -81.295703416666669, 27.816919305555555 ], [ -81.29319508333333, 27.825036027777777 ], [ -81.290801555555561, 27.833180083333332 ], [ -81.288523222222224, 27.84135025 ], [ -81.286360444444441, 27.849545222222222 ], [ -81.284313611111102, 27.857763694444447 ], [ -81.282383027777783, 27.866004388888889 ], [ -81.280569083333333, 27.874265972222222 ], [ -81.278872083333326, 27.882547166666669 ], [ -81.277292277777775, 27.890846666666665 ], [ -81.27583, 27.899163138888888 ], [ -81.274485444444437, 27.907495305555553 ], [ -81.273258916666663, 27.915841805555555 ], [ -81.272150583333328, 27.924201333333336 ], [ -81.27116066666666, 27.932572583333336 ], [ -81.270289361111111, 27.940954222222221 ], [ -81.269536833333333, 27.949344888888888 ], [ -81.268903222222221, 27.957743333333333 ], [ -81.268388638888894, 27.966148138888887 ], [ -81.267993222222216, 27.974558055555555 ], [ -81.267717027777778, 27.982971666666664 ], [ -81.267560166666669, 27.991387722222225 ] ] } },
{ "type": "Feature", "properties": { "style": "solid", "thickness": 1 }, "geometry": { "type": "LineString", "coordinates": [ [ -81.437775361111122, 27.352524694444448 ], [ -81.437751527777777, 27.360942333333334 ], [ -81.437846388888886, 27.369359527777778 ], [ -81.43805997222222, 27.37777502777778 ], [ -81.43839225, 27.386187416666665 ], [ -81.438843194444445, 27.394595416666665 ], [ -81.439412805555563, 27.402997666666664 ], [ -81.440100944444453, 27.411392833333331 ], [ -81.440907611111115, 27.419779611111114 ], [ -81.441832638888897, 27.42815663888889 ], [ -81.442875944444452, 27.436522611111112 ], [ -81.444037388888887, 27.444876166666667 ], [ -81.445316777777776, 27.453216 ], [ -81.446713972222227, 27.461540777777778 ], [ -81.448228777777786, 27.469849194444443 ], [ -81.449860972222226, 27.478139916666667 ], [ -81.451610305555562, 27.486411611111112 ], [ -81.453476555555554, 27.494663 ], [ -81.45545941666667, 27.50289275 ], [ -81.457558611111111, 27.511099527777777 ], [ -81.459773861111117, 27.519282055555554 ], [ -81.462104805555555, 27.527439055555554 ], [ -81.46455111111112, 27.535569166666669 ], [ -81.467112444444453, 27.54367113888889 ], [ -81.469788361111114, 27.551743694444447 ], [ -81.4725785, 27.559785472222224 ], [ -81.475482416666665, 27.567795277777776 ], [ -81.478499722222224, 27.575771777777778 ], [ -81.481630861111114, 27.583716138888889 ], [ -81.484874416666671, 27.591624416666665 ], [ -81.488229638888896, 27.599494861111111 ], [ -81.491696083333338, 27.60732638888889 ], [ -81.49527325, 27.615117916666669 ], [ -81.498960638888889, 27.622868305555556 ], [ -81.50275775, 27.6305765 ], [ -81.506664055555561, 27.63824136111111 ], [ -81.510679, 27.645861805555555 ], [ -81.514802055555549, 27.65343675 ], [ -81.519032666666661, 27.660965055555554 ], [ -81.523370222222226, 27.66844563888889 ], [ -81.527814166666673, 27.675877361111112 ], [ -81.532363861111108, 27.683259166666669 ], [ -81.537016833333325, 27.690587027777777 ], [ -81.541773694444444, 27.697861944444444 ], [ -81.546633722222225, 27.705082833333332 ], [ -81.551596138888883, 27.7122485 ], [ -81.556660194444447, 27.719357805555553 ], [ -81.561825083333332, 27.726409638888889 ], [ -81.56709, 27.733402805555556 ], [ -81.572454138888887, 27.74033625 ], [ -81.57791663888888, 27.747208833333335 ], [ -81.583476638888882, 27.754019472222222 ], [ -81.589133277777776, 27.760767055555554 ], [ -81.594885694444443, 27.7674505 ], [ -81.600732916666658, 27.77406875 ], [ -81.606674111111104, 27.78062075 ], [ -81.61270827777777, 27.78710541666667 ], [ -81.618834472222218, 27.79352175 ], [ -81.62505175, 27.799868694444445 ], [ -81.631359111111109, 27.806145222222224 ], [ -81.637755583333345, 27.812350361111111 ], [ -81.64424013888889, 27.81848311111111 ], [ -81.65081175, 27.824542444444443 ], [ -81.657469388888899, 27.830527444444446 ], [ -81.664212, 27.83643711111111 ], [ -81.671038472222222, 27.8422705 ], [ -81.677947805555561, 27.848026694444442 ], [ -81.684938805555561, 27.85370475 ], [ -81.692010444444449, 27.85930375 ], [ -81.699161555555563, 27.864822805555558 ], [ -81.706391027777784, 27.870261055555556 ], [ -81.713697666666675, 27.875617583333334 ], [ -81.721080361111106, 27.880891527777777 ], [ -81.728537916666667, 27.886082083333331 ], [ -81.736069111111107, 27.891188388888889 ], [ -81.743672777777775, 27.896209611111111 ], [ -81.751347722222221, 27.901144944444443 ], [ -81.75909266666666, 27.905993638888887 ], [ -81.766906416666671, 27.910754833333332 ], [ -81.774787722222214, 27.915427833333332 ], [ -81.782735305555548, 27.920011861111114 ], [ -81.790747888888887, 27.924506194444447 ], [ -81.798824222222223, 27.928910055555559 ], [ -81.806962972222223, 27.933222805555555 ], [ -81.815162861111105, 27.937443694444443 ], [ -81.823422583333326, 27.941572083333334 ], [ -81.831740805555555, 27.945607277777778 ], [ -81.840116194444434, 27.949548638888889 ], [ -81.848547388888889, 27.953395527777776 ], [ -81.857033055555547, 27.957147361111112 ], [ -81.865571833333334, 27.960803472222221 ], [ -81.874162361111104, 27.964363305555555 ], [ -81.882803222222222, 27.967826277777775 ], [ -81.891493083333344, 27.971191833333332 ], [ -81.900230472222233, 27.974459416666665 ], [ -81.909014055555559, 27.977628555555555 ], [ -81.917842416666673, 27.980698666666665 ], [ -81.926714083333337, 27.983669305555555 ], [ -81.935627666666676, 27.986539944444445 ], [ -81.944581722222225, 27.989310194444446 ], [ -81.953574805555562, 27.991979527777779 ], [ -81.9626055, 27.994547555555556 ], [ -81.971672305555558, 27.99701386111111 ], [ -81.980773777777785, 27.999378055555557 ], [ -81.989908444444438, 28.001639722222222 ], [ -81.999074861111112, 28.003798527777779 ], [ -82.008271527777779, 28.005854138888889 ], [ -82.017496972222219, 28.007806166666665 ], [ -82.026749694444447, 28.009654333333334 ], [ -82.036028222222214, 28.011398361111112 ], [ -82.045331027777777, 28.013037916666665 ], [ -82.054656638888886, 28.01457275 ], [ -82.064003555555558, 28.016002638888889 ], [ -82.07337025, 28.017327361111111 ], [ -82.082755194444445, 28.018546638888889 ], [ -82.092156916666667, 28.019660333333331 ], [ -82.101573888888879, 28.02066825 ], [ -82.111004555555553, 28.02157022222222 ], [ -82.120447444444437, 28.022366111111111 ], [ -82.129900972222217, 28.023055777777778 ], [ -82.139363666666668, 28.023639111111109 ], [ -82.148834, 28.024116027777776 ], [ -82.158310388888893, 28.024486444444445 ], [ -82.167791361111114, 28.024750277777777 ], [ -82.177275333333341, 28.024907527777778 ], [ -82.186760833333338, 28.024958138888888 ], [ -82.196248166666678, 28.024902111111111 ], [ -82.205734361111112, 28.024739361111109 ], [ -82.21521675, 28.024470027777777 ], [ -82.224693916666666, 28.024094083333331 ], [ -82.234164472222218, 28.023611666666667 ], [ -82.243627, 28.023022833333332 ], [ -82.253080111111117, 28.022327694444442 ], [ -82.262522444444443, 28.021526333333334 ], [ -82.271952638888891, 28.020618888888887 ], [ -82.28136933333333, 28.019605444444444 ], [ -82.290771138888886, 28.018486194444442 ], [ -82.30015675, 28.017261222222221 ], [ -82.309524805555554, 28.015930722222222 ], [ -82.318873972222221, 28.014494805555554 ], [ -82.328198722222211, 28.012954416666666 ], [ -82.337500416666657, 28.011309333333333 ], [ -82.34677775, 28.009559833333334 ], [ -82.356029194444446, 28.007706166666665 ], [ -82.365253305555555, 28.005748638888889 ], [ -82.374448583333333, 28.003687583333335 ], [ -82.383613527777783, 28.001523305555555 ], [ -82.392746666666667, 27.999256194444445 ], [ -82.4018465, 27.996886583333335 ], [ -82.410911611111118, 27.99441486111111 ], [ -82.419940527777783, 27.991841444444447 ], [ -82.428931777777777, 27.989166722222222 ], [ -82.437883916666664, 27.986391111111111 ], [ -82.44679552777778, 27.983515111111114 ], [ -82.455665166666662, 27.980539166666667 ], [ -82.464491388888888, 27.977463722222222 ], [ -82.47327277777778, 27.974289333333331 ], [ -82.482007916666674, 27.971016444444444 ], [ -82.490695444444441, 27.967645638888886 ], [ -82.499333916666671, 27.964177444444445 ], [ -82.507921944444448, 27.960612416666667 ], [ -82.516458194444439, 27.95695111111111 ], [ -82.52494125, 27.95319413888889 ], [ -82.533369777777779, 27.949342111111111 ], [ -82.541742416666665, 27.94539563888889 ], [ -82.550057805555554, 27.941355361111111 ], [ -82.558314666666661, 27.937221916666665 ], [ -82.56651161111111, 27.932996 ], [ -82.574647333333331, 27.92867825 ], [ -82.582720583333327, 27.924269388888892 ], [ -82.590730027777767, 27.919770138888889 ], [ -82.598674361111108, 27.915181194444443 ], [ -82.606552388888886, 27.910503305555554 ], [ -82.614362777777771, 27.90573725 ], [ -82.622104333333326, 27.90088375 ], [ -82.629775777777766, 27.895943611111111 ], [ -82.637375888888897, 27.890917638888887 ], [ -82.644903472222225, 27.885806611111111 ], [ -82.652357361111115, 27.880611361111111 ], [ -82.659736277777782, 27.87533275 ], [ -82.667039138888896, 27.869971611111112 ], [ -82.674264722222233, 27.864528777777778 ], [ -82.681411888888888, 27.85900516666667 ], [ -82.688479527777787, 27.853401666666667 ], [ -82.6954665, 27.847719138888888 ], [ -82.702371666666664, 27.841958527777777 ], [ -82.709193972222224, 27.83612075 ], [ -82.715932333333342, 27.830206722222222 ], [ -82.722585666666674, 27.824217416666666 ], [ -82.729152916666663, 27.818153805555557 ], [ -82.735633055555553, 27.812016861111111 ], [ -82.742025027777785, 27.805807527777777 ], [ -82.748327861111107, 27.799526861111111 ], [ -82.754540527777777, 27.793175805555556 ], [ -82.760662805555555, 27.78675463888889 ], [ -82.766694083333334, 27.780263944444442 ], [ -82.772631694444442, 27.773706583333333 ], [ -82.778474805555561, 27.7670835 ], [ -82.784222638888892, 27.760395666666668 ], [ -82.789874444444436, 27.753644 ], [ -82.795429388888891, 27.746829527777777 ], [ -82.80088675, 27.739953166666666 ], [ -82.806245722222215, 27.733015972222219 ], [ -82.811505555555556, 27.726018888888888 ], [ -82.8166655, 27.718962944444442 ], [ -82.821724805555547, 27.711849166666667 ], [ -82.826682749999989, 27.70467861111111 ], [ -82.831538555555554, 27.697452277777778 ], [ -82.836290166666657, 27.690173416666667 ], [ -82.840937472222222, 27.682842222222224 ], [ -82.845480111111101, 27.675459333333336 ], [ -82.84991736111111, 27.668026 ], [ -82.854248555555543, 27.66054336111111 ], [ -82.858473, 27.653012611111109 ], [ -82.86259008333333, 27.645435 ], [ -82.8665991111111, 27.637811666666668 ], [ -82.8704995, 27.630143888888888 ], [ -82.874290666666667, 27.622432861111111 ], [ -82.877972, 27.614679833333334 ], [ -82.881542944444433, 27.606886055555556 ], [ -82.885002944444452, 27.599052722222222 ], [ -82.888351472222226, 27.591181111111108 ], [ -82.891588055555559, 27.583272472222223 ], [ -82.894712138888892, 27.575328083333332 ], [ -82.897723305555559, 27.567349222222223 ], [ -82.900621083333334, 27.559337111111113 ], [ -82.903405, 27.551293083333334 ], [ -82.906074694444456, 27.543218361111112 ], [ -82.90862972222223, 27.53511427777778 ], [ -82.911069722222223, 27.52698211111111 ], [ -82.913394333333343, 27.518823166666667 ], [ -82.915603194444444, 27.510638722222222 ], [ -82.917696, 27.50243011111111 ], [ -82.919672444444444, 27.494198583333333 ], [ -82.921532222222226, 27.4859455 ], [ -82.923275055555564, 27.477672166666665 ], [ -82.924900722222233, 27.469379888888888 ], [ -82.926408972222234, 27.46107 ], [ -82.927799583333339, 27.452743777777776 ], [ -82.929072388888898, 27.444402611111112 ], [ -82.930227194444456, 27.436047777777777 ], [ -82.93126386111112, 27.427680611111111 ], [ -82.932182222222224, 27.419302472222224 ], [ -82.932982166666676, 27.410914638888887 ], [ -82.933663611111115, 27.4025185 ], [ -82.934226472222221, 27.394115333333332 ], [ -82.934670694444449, 27.3857065 ], [ -82.934996194444452, 27.377293361111111 ], [ -82.935202972222228, 27.368877194444444 ], [ -82.935291055555552, 27.360459388888891 ], [ -82.935260388888892, 27.352041222222223 ], [ -82.935111055555566, 27.343624083333331 ], [ -82.934843111111121, 27.335209277777775 ], [ -82.934456583333343, 27.32679813888889 ], [ -82.933951583333339, 27.318392027777776 ], [ -82.933328222222229, 27.309992222222224 ], [ -82.932586638888893, 27.30160011111111 ], [ -82.931726944444449, 27.293216972222226 ], [ -82.930749305555565, 27.284844166666669 ], [ -82.929653944444453, 27.276483 ], [ -82.928441, 27.268134805555555 ], [ -82.927110750000011, 27.25980088888889 ], [ -82.925663388888893, 27.251482611111111 ], [ -82.924099166666664, 27.243181222222223 ], [ -82.9224183888889, 27.234898083333334 ], [ -82.920621361111117, 27.226634472222219 ], [ -82.918708333333342, 27.218391722222222 ], [ -82.916679666666667, 27.210171138888889 ], [ -82.914535722222226, 27.20197397222222 ], [ -82.912276833333337, 27.193801583333332 ], [ -82.909903416666666, 27.185655194444443 ], [ -82.907415833333346, 27.17753613888889 ], [ -82.904814527777788, 27.169445694444445 ], [ -82.902099916666671, 27.161385111111109 ], [ -82.899272472222222, 27.153355694444443 ], [ -82.896332638888893, 27.145358666666667 ], [ -82.893280944444456, 27.137395305555554 ], [ -82.890117833333335, 27.129466916666669 ], [ -82.88684388888889, 27.121574666666667 ], [ -82.883459611111121, 27.113719861111111 ], [ -82.87996558333333, 27.105903694444446 ], [ -82.876362333333333, 27.098127444444444 ], [ -82.8726505, 27.090392305555554 ], [ -82.868830694444441, 27.08269947222222 ], [ -82.86490347222221, 27.075050194444444 ], [ -82.860869555555553, 27.067445666666668 ], [ -82.856729527777773, 27.059887083333333 ], [ -82.85248411111111, 27.05237563888889 ], [ -82.848134, 27.0449125 ], [ -82.843679861111113, 27.037498861111114 ], [ -82.839122416666669, 27.030135861111109 ], [ -82.834462444444441, 27.022824694444445 ], [ -82.829700333333335, 27.015565972222223 ], [ -82.824836166666657, 27.00835988888889 ], [ -82.819872083333323, 27.001209638888888 ], [ -82.814808861111104, 26.994116222222225 ], [ -82.80964725, 26.987080694444444 ], [ -82.804388027777776, 26.980104 ], [ -82.799031972222224, 26.973187166666666 ], [ -82.793579861111112, 26.966331138888886 ], [ -82.78803244444444, 26.959536888888888 ], [ -82.782390583333338, 26.95280536111111 ], [ -82.776655, 26.946137527777779 ], [ -82.770826527777771, 26.939534305555554 ], [ -82.76490594444445, 26.932996638888891 ], [ -82.758894083333331, 26.926525388888891 ], [ -82.752793611111116, 26.920123472222222 ], [ -82.746605166666669, 26.913791416666665 ], [ -82.74032897222223, 26.907529416666666 ], [ -82.733966, 26.901338472222221 ], [ -82.727517333333338, 26.895219527777776 ], [ -82.720983916666668, 26.889173583333331 ], [ -82.71436683333333, 26.883201555555555 ], [ -82.707667138888894, 26.877304388888888 ], [ -82.700885888888891, 26.871483 ], [ -82.694024111111119, 26.865738305555556 ], [ -82.687082944444455, 26.860071222222224 ], [ -82.68006347222223, 26.854482611111113 ], [ -82.672966805555561, 26.848973333333333 ], [ -82.665794055555565, 26.843544277777777 ], [ -82.658546361111121, 26.838196305555556 ], [ -82.651224861111118, 26.83293022222222 ], [ -82.643830722222233, 26.827746861111113 ], [ -82.636365083333345, 26.822647027777776 ], [ -82.628829166666662, 26.817631527777777 ], [ -82.621224111111104, 26.812701166666667 ], [ -82.61355113888888, 26.807856666666666 ], [ -82.605811444444441, 26.803098833333333 ], [ -82.59800627777777, 26.79842838888889 ], [ -82.590136833333332, 26.793846027777779 ], [ -82.582204333333323, 26.78935252777778 ], [ -82.574210083333327, 26.784948555555559 ], [ -82.566155277777781, 26.780634805555554 ], [ -82.558041194444442, 26.776411944444444 ], [ -82.54986913888888, 26.772280666666667 ], [ -82.541640388888894, 26.768241555555555 ], [ -82.533356194444437, 26.764295277777777 ], [ -82.525017888888883, 26.760442472222223 ], [ -82.51662675, 26.756683694444444 ], [ -82.508184111111106, 26.753019555555557 ], [ -82.499691305555558, 26.749450638888892 ], [ -82.491149638888885, 26.745977472222222 ], [ -82.482560472222218, 26.742600611111111 ], [ -82.473925138888887, 26.739320583333335 ], [ -82.465244972222223, 26.736137888888891 ], [ -82.456521333333342, 26.733053055555555 ], [ -82.44775561111112, 26.730066527777776 ], [ -82.438949166666674, 26.727178805555553 ], [ -82.430103388888895, 26.724390305555556 ], [ -82.421219611111113, 26.721701472222222 ], [ -82.41229925, 26.71911275 ], [ -82.403343722222232, 26.7166245 ], [ -82.3943543888889, 26.714237138888887 ], [ -82.38533266666667, 26.711951055555556 ], [ -82.376279972222221, 26.709766555555554 ], [ -82.367197694444442, 26.707684027777777 ], [ -82.35808725, 26.70570375 ], [ -82.348950111111108, 26.703826083333333 ], [ -82.339787666666666, 26.702051277777777 ], [ -82.330601333333334, 26.700379638888887 ], [ -82.321392388888881, 26.698811388888888 ], [ -82.31215941666666, 26.697346333333332 ], [ -82.302907833333336, 26.695985361111113 ], [ -82.293638888888893, 26.69472863888889 ], [ -82.284353861111114, 26.693576333333333 ], [ -82.275054055555557, 26.692528555555555 ], [ -82.26574075, 26.691585472222222 ], [ -82.256415222222216, 26.690747166666668 ], [ -82.247078777777773, 26.690013777777779 ], [ -82.237732722222219, 26.689385416666667 ], [ -82.228378361111112, 26.688862166666667 ], [ -82.219017027777781, 26.68844411111111 ], [ -82.209650055555556, 26.688131333333335 ], [ -82.20027875000001, 26.687923888888889 ], [ -82.190905777777786, 26.687821888888887 ], [ -82.181533972222226, 26.68782525 ], [ -82.172162944444452, 26.687934 ], [ -82.162794166666671, 26.688148111111111 ], [ -82.153429083333336, 26.688467527777778 ], [ -82.144069138888895, 26.688892194444445 ], [ -82.134715833333345, 26.689422083333334 ], [ -82.125370583333321, 26.690057111111113 ], [ -82.116034861111103, 26.69079713888889 ], [ -82.106710138888886, 26.691642055555555 ], [ -82.097397833333332, 26.692591777777778 ], [ -82.088099416666665, 26.693646111111111 ], [ -82.078816361111109, 26.694804888888889 ], [ -82.069550055555553, 26.696067972222224 ], [ -82.06030197222222, 26.697435111111112 ], [ -82.051073583333334, 26.698906138888891 ], [ -82.041866277777771, 26.700480805555554 ], [ -82.032681527777783, 26.702158861111112 ], [ -82.023520722222216, 26.703940055555556 ], [ -82.014385333333337, 26.705824111111109 ], [ -82.00527677777778, 26.70781072222222 ], [ -81.99619644444445, 26.709899583333332 ], [ -81.987145777777783, 26.712090361111109 ], [ -81.978126194444442, 26.714382722222222 ], [ -81.969139111111119, 26.716776333333332 ], [ -81.960185888888887, 26.719270777777776 ], [ -81.951267944444453, 26.721865694444443 ], [ -81.942386666666664, 26.724560666666665 ], [ -81.933543472222226, 26.727355277777775 ], [ -81.924739722222228, 26.73024911111111 ], [ -81.91597675, 26.733241666666665 ], [ -81.907256, 26.73633252777778 ], [ -81.898578805555559, 26.739521194444446 ], [ -81.8899465, 26.742807166666669 ], [ -81.881360444444439, 26.746189916666669 ], [ -81.872822, 26.749668944444444 ], [ -81.864332499999989, 26.753243666666666 ], [ -81.85589325, 26.756913583333333 ], [ -81.847505611111103, 26.760678083333332 ], [ -81.839170833333327, 26.764536583333335 ], [ -81.830890277777769, 26.76848847222222 ], [ -81.82266525, 26.772533166666665 ], [ -81.814497, 26.77667 ], [ -81.806386805555547, 26.78089836111111 ], [ -81.798335972222219, 26.785217555555558 ], [ -81.79034575, 26.78962691666667 ], [ -81.782417388888888, 26.79412575 ], [ -81.774552138888893, 26.798713388888892 ], [ -81.766751222222226, 26.803389083333332 ], [ -81.759015888888882, 26.808152083333333 ], [ -81.751347361111115, 26.813001694444445 ], [ -81.74374680555556, 26.81793713888889 ], [ -81.73621544444444, 26.822957638888887 ], [ -81.728754472222221, 26.828062416666665 ], [ -81.721365027777779, 26.833250666666668 ], [ -81.714048305555565, 26.838521583333332 ], [ -81.706805472222229, 26.843874333333332 ], [ -81.699637638888888, 26.849308083333334 ], [ -81.69254597222222, 26.854822 ], [ -81.685531555555556, 26.860415194444446 ], [ -81.6785955, 26.866086805555558 ], [ -81.671738916666669, 26.871835944444445 ], [ -81.664962916666667, 26.877661722222221 ], [ -81.6582685, 26.883563194444445 ], [ -81.651656805555561, 26.889539472222221 ], [ -81.645128833333345, 26.895589611111109 ], [ -81.638685638888902, 26.901712666666665 ], [ -81.632328249999986, 26.907907666666667 ], [ -81.626057638888881, 26.914173638888887 ], [ -81.619874833333327, 26.920509583333335 ], [ -81.61378080555555, 26.926914583333335 ], [ -81.607776555555546, 26.933387555555555 ], [ -81.601863, 26.9399275 ], [ -81.596041083333333, 26.946533444444444 ], [ -81.59031175, 26.953204277777775 ], [ -81.584675916666669, 26.959939 ], [ -81.5791345, 26.966736555555553 ], [ -81.573688333333322, 26.973595861111111 ], [ -81.56833833333333, 26.980515861111108 ], [ -81.563085333333333, 26.987495444444445 ], [ -81.557930194444438, 26.994533527777779 ], [ -81.552873722222216, 27.001629 ], [ -81.54791675, 27.00878075 ], [ -81.543060055555557, 27.015987666666668 ], [ -81.538304416666662, 27.023248638888887 ], [ -81.53364925, 27.030564666666667 ], [ -81.529097111111113, 27.037931861111112 ], [ -81.524648638888891, 27.045349111111111 ], [ -81.5203045, 27.052815333333335 ], [ -81.516065305555557, 27.0603295 ], [ -81.511931666666669, 27.067890472222221 ], [ -81.507904222222223, 27.075497222222221 ], [ -81.5039835, 27.08314863888889 ], [ -81.500170111111117, 27.090843666666665 ], [ -81.496464638888895, 27.09858125 ], [ -81.492867583333336, 27.106360277777778 ], [ -81.489379555555558, 27.114179694444445 ], [ -81.486001027777775, 27.122038416666665 ], [ -81.482732805555557, 27.129934722222224 ], [ -81.47957647222222, 27.137864777777779 ], [ -81.47653152777778, 27.145829638888888 ], [ -81.4735985, 27.153828138888887 ], [ -81.470777861111117, 27.161858944444443 ], [ -81.468070055555557, 27.169920805555556 ], [ -81.46547558333333, 27.1780125 ], [ -81.462994861111113, 27.186132694444446 ], [ -81.460628277777786, 27.194280111111112 ], [ -81.458376277777774, 27.2024535 ], [ -81.45623919444445, 27.210651555555554 ], [ -81.454217416666665, 27.218872972222222 ], [ -81.452311277777781, 27.227116444444444 ], [ -81.450521111111115, 27.235380694444444 ], [ -81.44884725, 27.243664416666668 ], [ -81.447289944444449, 27.251966277777779 ], [ -81.445849472222221, 27.260285 ], [ -81.444526083333344, 27.26861925 ], [ -81.44332005555556, 27.276967694444444 ], [ -81.442231555555566, 27.285329027777781 ], [ -81.441260833333331, 27.293701944444447 ], [ -81.440408027777778, 27.302085083333335 ], [ -81.439673277777786, 27.310477166666669 ], [ -81.439056805555566, 27.318876805555554 ], [ -81.438558666666665, 27.327282722222222 ], [ -81.438179, 27.335693555555554 ], [ -81.437917861111117, 27.344108 ], [ -81.437775361111122, 27.352524694444448 ] ] } },
{ "type": "Feature", "properties": { "style": "solid", "thickness": 1 }, "geometry": { "type": "LineString", "coordinates": [ [ -81.247707333333338, 26.923158916666669 ], [ -81.247669166666668, 26.931576055555556 ], [ -81.247749222222225, 26.939992944444445 ], [ -81.2479475, 26.948408277777776 ], [ -81.248264055555552, 26.956820694444446 ], [ -81.248698777777776, 26.965228888888888 ], [ -81.249251694444439, 26.9736315 ], [ -81.249922722222223, 26.982027194444441 ], [ -81.250711777777781, 26.990414666666666 ], [ -81.25161875, 26.998792555555557 ], [ -81.252643555555551, 27.007159527777777 ], [ -81.253786027777778, 27.015514305555556 ], [ -81.25504602777778, 27.0238555 ], [ -81.256423361111118, 27.032181805555556 ], [ -81.25791786111111, 27.040491916666667 ], [ -81.25952930555556, 27.04878452777778 ], [ -81.261257472222226, 27.057058277777777 ], [ -81.26310211111111, 27.065311861111113 ], [ -81.265062916666665, 27.073543972222222 ], [ -81.267139666666665, 27.081753305555555 ], [ -81.269332, 27.089938555555555 ], [ -81.271639638888885, 27.098098416666666 ], [ -81.274062222222227, 27.106231583333336 ], [ -81.27659936111111, 27.11433675 ], [ -81.279250722222216, 27.122412666666666 ], [ -81.282015888888893, 27.130458027777777 ], [ -81.28489447222222, 27.138471527777778 ], [ -81.287885972222227, 27.146451888888887 ], [ -81.290990944444445, 27.15440025 ], [ -81.294207916666664, 27.162312722222222 ], [ -81.297536194444447, 27.170187527777777 ], [ -81.300975305555554, 27.178023583333335 ], [ -81.30452475, 27.185819805555557 ], [ -81.308184055555557, 27.193575055555556 ], [ -81.311952722222216, 27.20128825 ], [ -81.315830194444445, 27.208958277777779 ], [ -81.319815944444443, 27.216584055555554 ], [ -81.323909472222212, 27.2241645 ], [ -81.328110166666661, 27.231698444444444 ], [ -81.332417472222218, 27.239184833333333 ], [ -81.33683080555555, 27.246622527777777 ], [ -81.341349583333326, 27.254010444444443 ], [ -81.345971277777778, 27.261344583333333 ], [ -81.350696555555544, 27.268625944444445 ], [ -81.355524666666668, 27.275853388888887 ], [ -81.360454861111108, 27.283025805555553 ], [ -81.36548636111111, 27.290142 ], [ -81.370618388888886, 27.297200833333335 ], [ -81.375850166666666, 27.304201194444445 ], [ -81.381180833333332, 27.311141972222224 ], [ -81.386609583333339, 27.318022027777779 ], [ -81.392135555555569, 27.324840277777778 ], [ -81.39775788888889, 27.331595638888889 ], [ -81.403475694444452, 27.338287 ], [ -81.409288055555564, 27.344913305555554 ], [ -81.41519411111112, 27.351473472222224 ], [ -81.421192888888896, 27.357966472222223 ], [ -81.427283444444456, 27.364391277777781 ], [ -81.433464833333332, 27.370746833333335 ], [ -81.439736083333344, 27.377032111111113 ], [ -81.446096166666663, 27.383246138888889 ], [ -81.452544138888896, 27.389387861111111 ], [ -81.45907891666667, 27.395456361111112 ], [ -81.465699527777787, 27.401450611111109 ], [ -81.472404861111116, 27.407369694444444 ], [ -81.479193888888886, 27.41321261111111 ], [ -81.486065555555555, 27.418978444444445 ], [ -81.493018722222217, 27.424666277777778 ], [ -81.500052305555556, 27.430275194444445 ], [ -81.50716519444444, 27.435804277777777 ], [ -81.514356277777779, 27.441252666666667 ], [ -81.521624361111108, 27.446619444444444 ], [ -81.528968333333339, 27.451903777777776 ], [ -81.536386972222218, 27.457104805555556 ], [ -81.54387916666667, 27.462221722222221 ], [ -81.551443666666657, 27.467253638888888 ], [ -81.559079277777769, 27.472199833333331 ], [ -81.566784805555557, 27.477059416666666 ], [ -81.574559, 27.481831666666665 ], [ -81.582400611111112, 27.486515805555555 ], [ -81.590308416666659, 27.491111083333333 ], [ -81.598281111111106, 27.49561675 ], [ -81.606317444444443, 27.500032055555554 ], [ -81.614416138888885, 27.504356333333334 ], [ -81.622575861111102, 27.508588861111111 ], [ -81.630795333333324, 27.512728972222224 ], [ -81.63907325000001, 27.516776 ], [ -81.647408277777785, 27.52072925 ], [ -81.655799027777789, 27.524588138888888 ], [ -81.66424425000001, 27.528352027777778 ], [ -81.6727425, 27.532020305555555 ], [ -81.681292472222225, 27.53559238888889 ], [ -81.68989275, 27.539067666666668 ], [ -81.69854197222223, 27.542445638888889 ], [ -81.707238777777775, 27.545725722222222 ], [ -81.715981722222224, 27.548907388888889 ], [ -81.724769444444448, 27.551990111111113 ], [ -81.7336005, 27.554973416666666 ], [ -81.742473444444443, 27.557856833333336 ], [ -81.751386916666661, 27.56063988888889 ], [ -81.76033944444444, 27.563322111111113 ], [ -81.769329583333331, 27.565903083333335 ], [ -81.778355888888882, 27.568382388888889 ], [ -81.787416916666672, 27.570759611111111 ], [ -81.796511194444449, 27.573034416666665 ], [ -81.80563725, 27.57520636111111 ], [ -81.81479366666666, 27.577275166666666 ], [ -81.823978888888888, 27.579240472222221 ], [ -81.8331915, 27.581101944444445 ], [ -81.84243, 27.582859277777779 ], [ -81.851692861111104, 27.584512222222219 ], [ -81.860978638888881, 27.5860605 ], [ -81.870285805555554, 27.587503833333333 ], [ -81.879612888888886, 27.588842027777776 ], [ -81.888958333333335, 27.590074861111109 ], [ -81.89832069444445, 27.591202111111109 ], [ -81.907698416666676, 27.592223611111109 ], [ -81.917089972222229, 27.593139166666667 ], [ -81.926493916666672, 27.593948694444443 ], [ -81.935908666666677, 27.594652 ], [ -81.945332722222233, 27.595249 ], [ -81.954764555555556, 27.595739583333334 ], [ -81.964202666666665, 27.596123694444444 ], [ -81.9736455, 27.59640125 ], [ -81.983091555555561, 27.596572194444445 ], [ -81.992539305555553, 27.596636527777775 ], [ -82.001989083333328, 27.596594222222222 ], [ -82.011437944444438, 27.596445222222222 ], [ -82.020883222222224, 27.596189583333331 ], [ -82.030323472222221, 27.595827388888889 ], [ -82.039757305555554, 27.595358694444442 ], [ -82.049183388888892, 27.594783555555555 ], [ -82.058600277777771, 27.594102111111109 ], [ -82.068006638888889, 27.593314444444442 ], [ -82.077401111111101, 27.592420666666666 ], [ -82.086782305555545, 27.591420888888887 ], [ -82.096148916666664, 27.590315277777776 ], [ -82.105499555555554, 27.589103916666666 ], [ -82.114832944444444, 27.587787027777775 ], [ -82.124147694444432, 27.586364694444445 ], [ -82.133438305555558, 27.584837833333332 ], [ -82.14270616666667, 27.583206277777776 ], [ -82.151949972222226, 27.58147025 ], [ -82.161168194444457, 27.579630027777778 ], [ -82.17035936111111, 27.577685916666667 ], [ -82.179522027777779, 27.575638222222221 ], [ -82.188654666666665, 27.573487305555556 ], [ -82.197755805555559, 27.571233472222222 ], [ -82.206824, 27.568877083333334 ], [ -82.215857805555558, 27.566418555555558 ], [ -82.22485572222223, 27.563858277777779 ], [ -82.233816333333337, 27.561196638888891 ], [ -82.242738194444442, 27.558434111111112 ], [ -82.251619833333336, 27.555571083333334 ], [ -82.260459888888889, 27.552608055555556 ], [ -82.26925688888889, 27.549545472222224 ], [ -82.278009416666663, 27.54638388888889 ], [ -82.286716083333332, 27.54312375 ], [ -82.2953755, 27.539765611111111 ], [ -82.30398625, 27.53631 ], [ -82.312546944444435, 27.5327575 ], [ -82.321056222222225, 27.529108666666666 ], [ -82.32951275, 27.525364083333333 ], [ -82.337915111111101, 27.521524361111108 ], [ -82.346262, 27.517590111111112 ], [ -82.354552055555544, 27.513561972222224 ], [ -82.362783944444445, 27.50944061111111 ], [ -82.370956388888885, 27.505226666666665 ], [ -82.379068027777777, 27.500920805555555 ], [ -82.387117583333335, 27.496523777777778 ], [ -82.395103777777791, 27.492036222222222 ], [ -82.403025305555559, 27.487458888888892 ], [ -82.41088091666667, 27.482792555555555 ], [ -82.418669388888887, 27.478037888888888 ], [ -82.426389416666666, 27.47319575 ], [ -82.434039805555557, 27.468266833333331 ], [ -82.441619305555562, 27.463251972222221 ], [ -82.44912675, 27.458152 ], [ -82.456560888888887, 27.452967666666666 ], [ -82.463920583333334, 27.447699888888888 ], [ -82.471204638888892, 27.442349444444446 ], [ -82.478411916666673, 27.436917222222224 ], [ -82.485541222222224, 27.431404083333334 ], [ -82.49259147222223, 27.425810944444446 ], [ -82.4995615, 27.420138666666666 ], [ -82.50645025, 27.414388194444442 ], [ -82.51325658333333, 27.408560444444444 ], [ -82.519979444444445, 27.402656333333333 ], [ -82.526617777777773, 27.396676805555554 ], [ -82.5331705, 27.390622833333332 ], [ -82.539636611111106, 27.384495416666667 ], [ -82.54601502777777, 27.3782955 ], [ -82.552304805555551, 27.372024083333333 ], [ -82.558504888888891, 27.365682194444446 ], [ -82.564615138888882, 27.359270027777779 ], [ -82.57063483333333, 27.352788194444447 ], [ -82.576561333333331, 27.346239583333332 ], [ -82.582393888888888, 27.339625111111111 ], [ -82.588131638888882, 27.33294575 ], [ -82.59377383333333, 27.326202444444444 ], [ -82.599319722222219, 27.319396138888887 ], [ -82.6047685, 27.312527861111111 ], [ -82.61011938888889, 27.305598555555555 ], [ -82.615371666666661, 27.29860925 ], [ -82.620524555555548, 27.291560944444445 ], [ -82.625577333333325, 27.284454666666669 ], [ -82.630529222222222, 27.277291416666667 ], [ -82.635379500000013, 27.270072277777778 ], [ -82.640126083333342, 27.262800444444444 ], [ -82.644768888888891, 27.255476138888888 ], [ -82.649307527777779, 27.2481 ], [ -82.653741305555556, 27.24067325 ], [ -82.658069500000011, 27.233197055555554 ], [ -82.6622915, 27.225672583333331 ], [ -82.666406611111114, 27.21810108333333 ], [ -82.670414194444447, 27.210483722222222 ], [ -82.674313666666677, 27.20282175 ], [ -82.67810441666667, 27.195116388888888 ], [ -82.681785833333336, 27.187368861111111 ], [ -82.685357361111116, 27.17958038888889 ], [ -82.688818500000011, 27.17175225 ], [ -82.692168638888887, 27.163885638888889 ], [ -82.695407361111108, 27.155981888888888 ], [ -82.698534083333342, 27.148042194444443 ], [ -82.701548388888895, 27.140067833333333 ], [ -82.704449805555555, 27.132060083333332 ], [ -82.707237916666671, 27.12402025 ], [ -82.70991225, 27.115949555555556 ], [ -82.712472472222231, 27.107849361111114 ], [ -82.714918138888891, 27.099720888888889 ], [ -82.717248916666662, 27.091565472222221 ], [ -82.719464444444441, 27.083384388888888 ], [ -82.721564416666666, 27.075178944444446 ], [ -82.72354852777778, 27.066950472222221 ], [ -82.725416444444448, 27.05870025 ], [ -82.727167944444446, 27.050429611111113 ], [ -82.72880275, 27.042139861111114 ], [ -82.730320638888884, 27.033832305555556 ], [ -82.731721388888886, 27.025508277777778 ], [ -82.733004777777779, 27.017169111111109 ], [ -82.734170694444444, 27.008816111111113 ], [ -82.735218916666668, 27.000450611111113 ], [ -82.73614933333333, 26.992073944444446 ], [ -82.736961805555552, 26.983687444444445 ], [ -82.737656277777774, 26.975292444444442 ], [ -82.738232611111115, 26.966890277777775 ], [ -82.73869075, 26.95848225 ], [ -82.739030666666665, 26.95006975 ], [ -82.73925233333334, 26.941654055555556 ], [ -82.73935575, 26.93323652777778 ], [ -82.73934088888889, 26.924818472222224 ], [ -82.739207805555552, 26.916401277777776 ], [ -82.738956555555561, 26.90798625 ], [ -82.738587194444449, 26.899574722222223 ], [ -82.738099805555549, 26.891168027777777 ], [ -82.737494472222224, 26.8827675 ], [ -82.73677136111111, 26.874374444444445 ], [ -82.735930583333328, 26.86599025 ], [ -82.734972305555559, 26.857616166666666 ], [ -82.733896722222227, 26.849253583333333 ], [ -82.732704, 26.840903777777775 ], [ -82.731394361111114, 26.832568111111112 ], [ -82.72996805555556, 26.824247888888888 ], [ -82.728425333333334, 26.815944388888891 ], [ -82.726766444444451, 26.807658972222224 ], [ -82.724991666666668, 26.799392944444445 ], [ -82.723101361111119, 26.791147555555558 ], [ -82.721095777777776, 26.782924194444444 ], [ -82.718975333333333, 26.774724083333332 ], [ -82.716740333333334, 26.766548555555556 ], [ -82.714391166666672, 26.758398916666668 ], [ -82.71192825, 26.750276416666665 ], [ -82.709351972222223, 26.742182333333336 ], [ -82.70666277777778, 26.734118 ], [ -82.703861111111109, 26.726084611111109 ], [ -82.700947416666665, 26.7180835 ], [ -82.697922222222232, 26.71011588888889 ], [ -82.694786, 26.702183055555555 ], [ -82.691539277777778, 26.694286222222221 ], [ -82.688182555555557, 26.686426666666666 ], [ -82.684716444444447, 26.678605611111113 ], [ -82.681141472222222, 26.670824305555556 ], [ -82.677458222222228, 26.663083916666665 ], [ -82.673667305555554, 26.65538575 ], [ -82.669769361111122, 26.647730944444444 ], [ -82.665765, 26.640120722222221 ], [ -82.661654861111117, 26.632556305555557 ], [ -82.657439638888889, 26.625038861111111 ], [ -82.65312, 26.617569583333335 ], [ -82.64869666666668, 26.610149638888892 ], [ -82.644170333333335, 26.602780222222222 ], [ -82.63954175, 26.595462444444443 ], [ -82.634811277777786, 26.588196972222221 ], [ -82.629979083333325, 26.580984 ], [ -82.62504725, 26.573826722222222 ], [ -82.620016527777764, 26.566726138888889 ], [ -82.614887694444434, 26.559683277777779 ], [ -82.6096615, 26.55269913888889 ], [ -82.604338722222224, 26.545774722222223 ], [ -82.598920111111113, 26.538910944444446 ], [ -82.5934065, 26.532108833333332 ], [ -82.587798611111111, 26.525369333333334 ], [ -82.582097277777777, 26.518693361111112 ], [ -82.576303277777768, 26.51208186111111 ], [ -82.570417416666658, 26.505535777777776 ], [ -82.564440472222216, 26.499056 ], [ -82.558375111111104, 26.492645388888889 ], [ -82.552222, 26.486304555555556 ], [ -82.545981305555557, 26.480033638888887 ], [ -82.539654083333332, 26.473833666666664 ], [ -82.533241305555549, 26.467705555555554 ], [ -82.526744, 26.461650333333331 ], [ -82.52016319444445, 26.455668888888887 ], [ -82.513499944444447, 26.449762222222223 ], [ -82.506755305555558, 26.443931194444446 ], [ -82.499930305555552, 26.43817675 ], [ -82.493026083333334, 26.432499805555558 ], [ -82.486043666666674, 26.426901194444447 ], [ -82.478984222222223, 26.421381861111112 ], [ -82.47184883333334, 26.41594261111111 ], [ -82.464638638888886, 26.410584333333333 ], [ -82.45735475, 26.405307833333332 ], [ -82.449998361111113, 26.400113972222222 ], [ -82.442570583333335, 26.395003527777778 ], [ -82.43507261111111, 26.389977333333334 ], [ -82.427505638888888, 26.385036166666666 ], [ -82.419870833333334, 26.380180777777777 ], [ -82.412169416666671, 26.375411916666668 ], [ -82.404402583333336, 26.370730388888891 ], [ -82.396571555555568, 26.366136861111112 ], [ -82.388677583333333, 26.361632083333333 ], [ -82.380721888888885, 26.35721675 ], [ -82.372705722222221, 26.352891555555559 ], [ -82.364630333333324, 26.348657166666666 ], [ -82.356497027777777, 26.344514277777776 ], [ -82.348307055555551, 26.3404635 ], [ -82.340061694444444, 26.336505444444445 ], [ -82.331762222222224, 26.332640805555556 ], [ -82.32341, 26.328870111111112 ], [ -82.315006277777769, 26.325194 ], [ -82.306552416666662, 26.321613 ], [ -82.298049694444444, 26.318127722222222 ], [ -82.289499472222218, 26.314738666666667 ], [ -82.280903055555555, 26.311446388888889 ], [ -82.272261833333332, 26.308251361111111 ], [ -82.263577166666664, 26.305154138888888 ], [ -82.254850333333337, 26.302155194444445 ], [ -82.246082777777772, 26.299254972222222 ], [ -82.237275833333328, 26.296453916666668 ], [ -82.228430888888894, 26.2937525 ], [ -82.219549333333333, 26.291151111111112 ], [ -82.210632527777776, 26.288650166666667 ], [ -82.201681888888885, 26.286250055555556 ], [ -82.192698805555565, 26.283951166666668 ], [ -82.183684638888892, 26.281753833333333 ], [ -82.174640861111115, 26.279658416666667 ], [ -82.165568861111112, 26.27766525 ], [ -82.156470055555559, 26.27577461111111 ], [ -82.14734586111112, 26.273986833333332 ], [ -82.138197694444457, 26.272302166666666 ], [ -82.129026805555554, 26.270720861111108 ], [ -82.119831805555549, 26.26924272222222 ], [ -82.110618083333321, 26.267868666666665 ], [ -82.101386888888882, 26.266598805555557 ], [ -82.0921395, 26.265433361111111 ], [ -82.082877194444436, 26.264372416666667 ], [ -82.07360125, 26.263416111111113 ], [ -82.064312944444438, 26.26256461111111 ], [ -82.055013583333334, 26.261818 ], [ -82.045704472222226, 26.261176388888888 ], [ -82.036386888888885, 26.260639888888889 ], [ -82.02706219444444, 26.260208583333334 ], [ -82.01773169444445, 26.259882555555556 ], [ -82.008396722222216, 26.259661833333332 ], [ -81.999059888888894, 26.259546555555556 ], [ -81.989724027777783, 26.259536666666666 ], [ -81.980388777777776, 26.25963213888889 ], [ -81.971055555555552, 26.259832972222224 ], [ -81.96172586111112, 26.260139138888889 ], [ -81.952401111111115, 26.260550583333334 ], [ -81.94308275, 26.261067222222223 ], [ -81.933772277777777, 26.261689 ], [ -81.924471111111117, 26.262415833333332 ], [ -81.915180722222232, 26.263247555555555 ], [ -81.905902527777783, 26.264184083333333 ], [ -81.896638, 26.26522525 ], [ -81.88738855555556, 26.26637088888889 ], [ -81.878155666666657, 26.267620833333332 ], [ -81.86894075, 26.268974916666664 ], [ -81.859745277777776, 26.270432861111111 ], [ -81.85057061111111, 26.271994472222222 ], [ -81.84141825, 26.273659527777777 ], [ -81.832289583333335, 26.27542775 ], [ -81.823186055555553, 26.27729886111111 ], [ -81.814109083333335, 26.279272555555554 ], [ -81.805060083333331, 26.281348555555553 ], [ -81.796040444444444, 26.283526527777781 ], [ -81.78705161111111, 26.285806111111114 ], [ -81.778094944444447, 26.288186972222224 ], [ -81.769171861111104, 26.29066875 ], [ -81.760283777777772, 26.293251 ], [ -81.751432055555554, 26.295933388888891 ], [ -81.74261808333334, 26.298715472222224 ], [ -81.73384325, 26.301596805555555 ], [ -81.725108888888897, 26.304576944444445 ], [ -81.716416416666675, 26.307655416666666 ], [ -81.70776716666667, 26.31083175 ], [ -81.699162472222227, 26.314105472222224 ], [ -81.690603694444448, 26.317476027777779 ], [ -81.682092194444451, 26.320942916666667 ], [ -81.673629277777778, 26.32450561111111 ], [ -81.66521630555556, 26.328163527777779 ], [ -81.656854527777782, 26.331916083333333 ], [ -81.648545305555558, 26.33576275 ], [ -81.640289944444447, 26.33970286111111 ], [ -81.632089722222219, 26.343735833333334 ], [ -81.623945888888883, 26.347861055555555 ], [ -81.615859805555544, 26.352077833333336 ], [ -81.607832666666667, 26.356385555555558 ], [ -81.59986575, 26.36078352777778 ], [ -81.591960333333333, 26.365271083333333 ], [ -81.584117638888884, 26.369847472222222 ], [ -81.576338888888884, 26.374512027777779 ], [ -81.56862533333333, 26.379264 ], [ -81.560978138888885, 26.384102666666667 ], [ -81.553398555555546, 26.38902725 ], [ -81.545887777777779, 26.394036972222221 ], [ -81.538446944444445, 26.399131055555554 ], [ -81.531077277777783, 26.404308722222222 ], [ -81.523779888888882, 26.409569166666664 ], [ -81.516555972222221, 26.414911527777775 ], [ -81.50940663888889, 26.420335 ], [ -81.50233302777778, 26.425838722222224 ], [ -81.49533625, 26.431421861111112 ], [ -81.488417416666664, 26.4370835 ], [ -81.481577638888893, 26.442822777777778 ], [ -81.474817972222226, 26.448638777777777 ], [ -81.4681395, 26.454530638888887 ], [ -81.461543277777778, 26.460497361111109 ], [ -81.45503033333334, 26.466538083333333 ], [ -81.448601722222222, 26.47265183333333 ], [ -81.442258472222221, 26.478837611111111 ], [ -81.436001555555563, 26.485094527777779 ], [ -81.429832, 26.491421527777778 ], [ -81.423750750000011, 26.497817666666666 ], [ -81.417758805555565, 26.504281944444443 ], [ -81.411857111111118, 26.510813305555555 ], [ -81.406046611111123, 26.51741075 ], [ -81.400328222222228, 26.52407325 ], [ -81.394702861111114, 26.530799777777776 ], [ -81.389171444444457, 26.537589222222223 ], [ -81.383734805555562, 26.544440583333333 ], [ -81.378393861111107, 26.551352722222223 ], [ -81.37314947222221, 26.558324611111111 ], [ -81.368002444444443, 26.565355111111113 ], [ -81.362953611111109, 26.572443166666666 ], [ -81.358003805555555, 26.579587611111112 ], [ -81.35315380555555, 26.58678736111111 ], [ -81.348404361111108, 26.594041305555553 ], [ -81.343754916666668, 26.601350444444446 ], [ -81.339208, 26.60871088888889 ], [ -81.334764277777779, 26.616121527777779 ], [ -81.330424416666659, 26.623581305555557 ], [ -81.326189, 26.631089111111113 ], [ -81.32205863888889, 26.638643916666666 ], [ -81.318033972222224, 26.646244638888888 ], [ -81.314115583333333, 26.653890166666667 ], [ -81.310304027777775, 26.661579444444442 ], [ -81.30659986111111, 26.66931141666667 ], [ -81.303003638888882, 26.677085 ], [ -81.299515944444437, 26.684899111111111 ], [ -81.29613725, 26.692752694444444 ], [ -81.292868388888891, 26.700644 ], [ -81.289710916666664, 26.708569166666667 ], [ -81.286664333333334, 26.71652936111111 ], [ -81.283729194444447, 26.724523305555554 ], [ -81.280905916666669, 26.73254972222222 ], [ -81.278195, 26.74060738888889 ], [ -81.275596916666672, 26.748695 ], [ -81.273112055555558, 26.756811277777778 ], [ -81.270740888888895, 26.764954944444444 ], [ -81.268483777777774, 26.77312475 ], [ -81.266341111111117, 26.781319333333332 ], [ -81.264313222222228, 26.789537472222225 ], [ -81.262400527777771, 26.797777833333335 ], [ -81.260603277777776, 26.806039138888888 ], [ -81.258921833333332, 26.814320055555555 ], [ -81.257356472222227, 26.822619305555556 ], [ -81.255907472222219, 26.830935527777779 ], [ -81.254575055555549, 26.839267472222222 ], [ -81.2533595, 26.847613777777777 ], [ -81.252261, 26.855973138888892 ], [ -81.25127975, 26.864344222222222 ], [ -81.250415972222228, 26.872725722222224 ], [ -81.249669777777783, 26.881116305555555 ], [ -81.249041333333338, 26.889514638888887 ], [ -81.248530777777773, 26.897919416666667 ], [ -81.248138194444451, 26.90632925 ], [ -81.247863694444447, 26.914742861111108 ], [ -81.247707333333338, 26.923158916666669 ] ] } },
{ "type": "Feature", "properties": { "style": "solid", "thickness": 1 }, "geometry": { "type": "LineString", "coordinates": [ [ -82.716667, 28.741667 ], [ -82.868234722222212, 28.563160805555555 ] ] } },
{ "type": "Feature", "properties": { "style": "solid", "thickness": 1 }, "geometry": { "type": "LineString", "coordinates": [ [ -82.868234722222212, 28.563160805555555 ], [ -83.085317472222215, 28.305450638888889 ] ] } },
{ "type": "Feature", "properties": { "style": "solid", "thickness": 1 }, "geometry": { "type": "LineString", "coordinates": [ [ -83.085317472222215, 28.305450638888889 ], [ -83.208333, 28.158333 ] ] } },
{ "type": "Feature", "properties": { "style": "solid", "thickness": 1 }, "geometry": { "type": "LineString", "coordinates": [ [ -81.956944, 28.563889 ], [ -81.963056, 28.461667 ] ] } },
{ "type": "Feature", "properties": { "style": "solid", "thickness": 1 }, "geometry": { "type": "LineString", "coordinates": [ [ -81.963056, 28.461667 ], [ -81.968889, 28.375 ] ] } },
{ "type": "Feature", "properties": { "style": "solid", "thickness": 1 }, "geometry": { "type": "LineString", "coordinates": [ [ -81.968889, 28.375 ], [ -81.956522861111111, 28.328528694444444 ] ] } },
{ "type": "Feature", "properties": { "style": "solid", "thickness": 1 }, "geometry": { "type": "LineString", "coordinates": [ [ -81.956522861111111, 28.328528694444444 ], [ -81.954459944444451, 28.320767166666666 ] ] } },
{ "type": "Feature", "properties": { "style": "solid", "thickness": 1 }, "geometry": { "type": "LineString", "coordinates": [ [ -81.954459944444451, 28.320767166666666 ], [ -81.920735083333341, 28.193825694444445 ] ] } },
{ "type": "Feature", "properties": { "style": "solid", "thickness": 1 }, "geometry": { "type": "LineString", "coordinates": [ [ -81.920735083333341, 28.193825694444445 ], [ -81.911944444444444, 28.1625 ] ] } },
{ "type": "Feature", "properties": { "style": "solid", "thickness": 1 }, "geometry": { "type": "LineString", "coordinates": [ [ -81.983333, 27.783333 ], [ -82.066667, 27.766667 ] ] } },
{ "type": "Feature", "properties": { "style": "solid", "thickness": 1 }, "geometry": { "type": "LineString", "coordinates": [ [ -82.716667, 28.741667 ], [ -82.496613833333328, 28.707553305555553 ] ] } },
{ "type": "Feature", "properties": { "style": "solid", "thickness": 1 }, "geometry": { "type": "LineString", "coordinates": [ [ -82.496613833333328, 28.707553305555553 ], [ -82.365277777777777, 28.686944444444446 ] ] } },
{ "type": "Feature", "properties": { "style": "solid", "thickness": 1 }, "geometry": { "type": "LineString", "coordinates": [ [ -82.041666666666671, 28.633333333333333 ], [ -81.956944, 28.563889 ] ] } },
{ "type": "Feature", "properties": { "style": "solid", "thickness": 1 }, "geometry": { "type": "LineString", "coordinates": [ [ -82.365277777777777, 28.686944444444446 ], [ -82.041666666666671, 28.633333333333333 ] ] } },
{ "type": "Feature", "properties": { "style": "solid", "thickness": 1 }, "geometry": { "type": "LineString", "coordinates": [ [ -82.733333, 27.183333 ], [ -83.107244666666659, 27.500384777777779 ] ] } },
{ "type": "Feature", "properties": { "style": "solid", "thickness": 1 }, "geometry": { "type": "LineString", "coordinates": [ [ -82.066667, 27.766667 ], [ -82.16247825, 27.584537111111111 ] ] } },
{ "type": "Feature", "properties": { "style": "solid", "thickness": 1 }, "geometry": { "type": "LineString", "coordinates": [ [ -82.16247825, 27.584537111111111 ], [ -82.25, 27.416667 ] ] } },
{ "type": "Feature", "properties": { "style": "solid", "thickness": 1 }, "geometry": { "type": "LineString", "coordinates": [ [ -82.122575, 27.143469 ], [ -82.101111, 27.097222 ] ] } },
{ "type": "Feature", "properties": { "style": "solid", "thickness": 1 }, "geometry": { "type": "LineString", "coordinates": [ [ -82.101111, 27.097222 ], [ -82.088333, 27.071389 ] ] } },
{ "type": "Feature", "properties": { "style": "solid", "thickness": 1 }, "geometry": { "type": "LineString", "coordinates": [ [ -82.25, 27.416667 ], [ -82.122575, 27.143469 ] ] } },
{ "type": "Feature", "properties": { "style": "solid", "thickness": 1 }, "geometry": { "type": "LineString", "coordinates": [ [ -82.445833, 26.988333 ], [ -82.543333, 26.984444 ], [ -82.645556, 26.988889 ], [ -82.733333, 27.183333 ] ] } },
{ "type": "Feature", "properties": { "style": "solid", "thickness": 1 }, "geometry": { "type": "LineString", "coordinates": [ [ -82.26463280555555, 27.016332055555555 ], [ -82.350833, 27.000278 ], [ -82.445833, 26.988333 ] ] } },
{ "type": "Feature", "properties": { "style": "solid", "thickness": 1 }, "geometry": { "type": "LineString", "coordinates": [ [ -82.122575, 27.143469 ], [ -82.101111, 27.097222 ], [ -82.088333, 27.071389 ], [ -82.161944, 27.044722 ], [ -82.253889, 27.018333 ], [ -82.26463280555555, 27.016332055555555 ] ] } },
{ "type": "Feature", "properties": { "style": "solid", "thickness": 1 }, "geometry": { "type": "LineString", "coordinates": [ [ -83.107244666666659, 27.500384777777779 ], [ -83.148611, 27.535278 ], [ -83.171389, 27.776111 ], [ -83.179993027777783, 27.864926444444446 ] ] } },
{ "type": "Feature", "properties": { "style": "solid", "thickness": 1 }, "geometry": { "type": "LineString", "coordinates": [ [ -83.179993027777783, 27.864926444444446 ], [ -83.208333, 28.158333 ] ] } },
{ "type": "Feature", "properties": { "style": "solid", "thickness": 1 }, "geometry": { "type": "LineString", "coordinates": [ [ -81.911944444444444, 28.1625 ], [ -81.666667, 28.1 ] ] } },
{ "type": "Feature", "properties": { "style": "solid", "thickness": 1 }, "geometry": { "type": "LineString", "coordinates": [ [ -81.666667, 28.1 ], [ -81.666667, 27.95 ] ] } },
{ "type": "Feature", "properties": { "style": "solid", "thickness": 1 }, "geometry": { "type": "LineString", "coordinates": [ [ -81.666667, 27.95 ], [ -81.805556, 27.780556 ] ] } },
{ "type": "Feature", "properties": { "style": "solid", "thickness": 1 }, "geometry": { "type": "LineString", "coordinates": [ [ -81.805556, 27.780556 ], [ -81.983333, 27.783333 ] ] } },
{ "type": "Feature", "properties": { "style": "solid", "thickness": 1 }, "geometry": { "type": "LineString", "coordinates": [ [ -82.538037694444441, 28.458821194444443 ], [ -82.53947863888888, 28.460094444444444 ], [ -82.539789111111105, 28.460214 ], [ -82.54177125, 28.460389722222221 ], [ -82.543419027777773, 28.460044833333331 ], [ -82.544294583333325, 28.459467888888888 ], [ -82.545162166666671, 28.45875725 ], [ -82.545846555555556, 28.457519027777778 ], [ -82.545663, 28.45444475 ], [ -82.54468375, 28.453284083333333 ], [ -82.544046888888886, 28.45277763888889 ], [ -82.541730472222227, 28.452081388888889 ], [ -82.539119611111104, 28.451532888888888 ], [ -82.537256972222224, 28.450815416666664 ], [ -82.536604222222223, 28.450041611111111 ], [ -82.536190194444444, 28.44818438888889 ], [ -82.53638905555556, 28.446432666666666 ], [ -82.537081444444439, 28.44532813888889 ], [ -82.537805694444444, 28.44475825 ], [ -82.538386694444441, 28.444329083333333 ], [ -82.539118888888893, 28.443892861111113 ], [ -82.54075844444445, 28.44341436111111 ], [ -82.54166577777778, 28.443372055555557 ], [ -82.542589083333326, 28.44359711111111 ], [ -82.543830777777771, 28.444075361111111 ], [ -82.544618805555558, 28.44457475 ], [ -82.545741222222219, 28.445594694444445 ] ] } },
{ "type": "Feature", "properties": { "style": "solid", "thickness": 1 }, "geometry": { "type": "LineString", "coordinates": [ [ -82.53057891666667, 28.46091086111111 ], [ -82.52230902777778, 28.444272916666666 ], [ -82.516361444444442, 28.461571555555555 ] ] } },
{ "type": "Feature", "properties": { "style": "solid", "thickness": 1 }, "geometry": { "type": "LineString", "coordinates": [ [ -82.499097833333337, 28.451783166666665 ], [ -82.4993355, 28.455793166666666 ], [ -82.499923944444447, 28.4580445 ], [ -82.500289833333326, 28.459099805555553 ], [ -82.500791138888886, 28.459880805555557 ], [ -82.50270125, 28.46140075 ], [ -82.504555916666661, 28.461985 ], [ -82.505160916666668, 28.461956972222222 ], [ -82.506936277777783, 28.461204527777777 ], [ -82.50850480555556, 28.45952338888889 ], [ -82.509062194444439, 28.458693361111109 ], [ -82.509301194444447, 28.45761 ], [ -82.509620027777771, 28.455316638888888 ], [ -82.509381944444442, 28.451306666666667 ], [ -82.508793361111117, 28.44905538888889 ], [ -82.508427416666663, 28.448000083333334 ], [ -82.507774888888889, 28.44722611111111 ], [ -82.506016166666669, 28.44569925 ], [ -82.504161777777782, 28.445115 ], [ -82.503556861111107, 28.445143027777778 ], [ -82.50178175, 28.445895444444446 ], [ -82.500062083333333, 28.447583472222224 ], [ -82.499655916666669, 28.4484065 ], [ -82.499416833333328, 28.449489833333335 ], [ -82.499097833333337, 28.451783166666665 ] ] } },
{ "type": "Feature", "properties": { "style": "solid", "thickness": 1 }, "geometry": { "type": "LineString", "coordinates": [ [ -82.482461527777787, 28.45255236111111 ], [ -82.482698611111118, 28.456562388888887 ], [ -82.483286694444445, 28.458813777777777 ], [ -82.483652416666672, 28.459869166666667 ], [ -82.484153611111111, 28.460650194444444 ], [ -82.4860635, 28.462170361111109 ], [ -82.487918083333341, 28.462754833333332 ], [ -82.488523111111107, 28.462726888888888 ], [ -82.490298583333328, 28.461974666666666 ], [ -82.491867388888892, 28.460293722222222 ], [ -82.492424916666664, 28.45946375 ], [ -82.492664083333338, 28.458380444444444 ], [ -82.49298325, 28.45608711111111 ], [ -82.492745805555558, 28.452077111111109 ], [ -82.492157555555551, 28.44982575 ], [ -82.491791777777777, 28.448770388888889 ], [ -82.491139361111109, 28.447996361111112 ], [ -82.489380888888888, 28.446469277777776 ], [ -82.487526555555561, 28.445884805555554 ], [ -82.486921638888887, 28.445912777777778 ], [ -82.485146388888893, 28.446664972222223 ], [ -82.483426444444447, 28.448352805555555 ], [ -82.483020166666662, 28.44917575 ], [ -82.48278091666667, 28.450259055555556 ], [ -82.482461527777787, 28.45255236111111 ] ] } },
{ "type": "Feature", "properties": { "style": "solid", "thickness": 1 }, "geometry": { "type": "LineString", "coordinates": [ [ -82.472411305555553, 28.446716583333334 ], [ -82.470412361111116, 28.448819194444443 ], [ -82.468707916666673, 28.450774194444445 ], [ -82.467298, 28.452581555555554 ], [ -82.46645361111112, 28.453692694444445 ], [ -82.465776222222232, 28.455064222222223 ], [ -82.465552555555561, 28.456414833333334 ], [ -82.465472222222232, 28.457624805555554 ], [ -82.465614083333335, 28.460030833333331 ], [ -82.466123027777783, 28.460945611111111 ], [ -82.466775333333331, 28.46171975 ], [ -82.467435527777781, 28.462627583333333 ], [ -82.470675, 28.463550583333333 ], [ -82.472490055555554, 28.463466916666665 ], [ -82.474401138888894, 28.462440583333333 ], [ -82.474687861111107, 28.462159305555556 ], [ -82.47583475, 28.461034138888888 ], [ -82.47597022222223, 28.460759833333334 ], [ -82.476464694444445, 28.458860583333333 ], [ -82.476385722222219, 28.457523916666666 ], [ -82.476027972222226, 28.456602194444443 ], [ -82.475678111111108, 28.45581413888889 ], [ -82.475017888888885, 28.45490636111111 ], [ -82.473752694444443, 28.454026472222221 ], [ -82.472511194444451, 28.453547583333332 ], [ -82.471747111111114, 28.453448777777776 ], [ -82.470688416666675, 28.453497583333334 ], [ -82.469940083333341, 28.453666111111112 ], [ -82.467432027777775, 28.454853916666664 ], [ -82.465544666666673, 28.456281166666667 ] ] } },
{ "type": "Feature", "properties": { "style": "solid", "thickness": 1 }, "geometry": { "type": "LineString", "coordinates": [ [ -82.458993805555565, 28.4557785 ], [ -82.449616527777778, 28.456209555555557 ] ] } },
{ "type": "Feature", "properties": { "style": "solid", "thickness": 1 }, "geometry": { "type": "LineString", "coordinates": [ [ -82.43285375, 28.454834055555555 ], [ -82.433088972222222, 28.458844166666665 ], [ -82.433676027777778, 28.46109575 ], [ -82.43404127777778, 28.46215125 ], [ -82.434542111111114, 28.462932472222221 ], [ -82.436451361111111, 28.464453333333331 ], [ -82.438305722222225, 28.465038472222222 ], [ -82.43891075, 28.465010722222221 ], [ -82.440686611111119, 28.464259138888888 ], [ -82.442256222222227, 28.462578777777779 ], [ -82.442814138888892, 28.461749027777778 ], [ -82.443053833333337, 28.460665777777777 ], [ -82.443374055555566, 28.458372583333333 ], [ -82.443138444444443, 28.454362472222222 ], [ -82.442551222222221, 28.452110916666665 ], [ -82.442185916666674, 28.451055444444442 ], [ -82.441533861111111, 28.450281166666667 ], [ -82.439776027777782, 28.448753444444446 ], [ -82.437921944444454, 28.448168333333335 ], [ -82.437317, 28.448196055555556 ], [ -82.435541388888893, 28.448947611111112 ], [ -82.433820611111116, 28.450634833333332 ], [ -82.433413944444453, 28.45145763888889 ], [ -82.433174194444447, 28.45254086111111 ], [ -82.43285375, 28.454834055555555 ] ] } },
{ "type": "Feature", "properties": { "style": "solid", "thickness": 1 }, "geometry": { "type": "LineString", "coordinates": [ [ -82.425440666666674, 28.465493694444444 ], [ -82.42317175, 28.465597472222221 ], [ -82.422201055555561, 28.449022305555555 ] ] } },
{ "type": "Feature", "properties": { "style": "solid", "thickness": 1 }, "geometry": { "type": "LineString", "coordinates": [ [ -82.381135694444438, 28.46778175 ], [ -82.372888388888882, 28.451134916666668 ], [ -82.366916444444442, 28.468427 ] ] } },
{ "type": "Feature", "properties": { "style": "solid", "thickness": 1 }, "geometry": { "type": "LineString", "coordinates": [ [ -82.35088175, 28.469152861111109 ], [ -82.360067027777774, 28.460159694444442 ], [ -82.349898972222221, 28.452176222222221 ] ] } },
{ "type": "Feature", "properties": { "style": "solid", "thickness": 1 }, "geometry": { "type": "LineString", "coordinates": [ [ -82.33438533333333, 28.469763666666665 ], [ -82.341343888888886, 28.469449722222219 ], [ -82.34274175, 28.462149333333333 ], [ -82.341411305555553, 28.4627455 ], [ -82.340239833333328, 28.4634685 ], [ -82.337517055555551, 28.46359136111111 ], [ -82.33614025, 28.463385444444445 ], [ -82.334732555555547, 28.462644777777776 ], [ -82.333111861111107, 28.460841527777777 ], [ -82.33271675, 28.459251055555555 ], [ -82.332601, 28.457245944444445 ], [ -82.333423638888888, 28.455734583333331 ], [ -82.334397527777767, 28.454216416666664 ], [ -82.334828111111108, 28.453794916666666 ], [ -82.335697027777769, 28.45308561111111 ], [ -82.33719408333333, 28.452750027777778 ], [ -82.338857833333336, 28.452674944444443 ], [ -82.340083277777779, 28.452887694444442 ], [ -82.341626666666656, 28.453354111111111 ], [ -82.34304975, 28.454362027777776 ], [ -82.343224194444446, 28.454756222222223 ] ] } },
{ "type": "Feature", "properties": { "style": "solid", "thickness": 1 }, "geometry": { "type": "LineString", "coordinates": [ [ -82.316085888888892, 28.460133833333334 ], [ -82.31631675, 28.464144138888887 ], [ -82.316901416666667, 28.466396222222222 ], [ -82.317265527777778, 28.467452027777775 ], [ -82.31776552777778, 28.468233666666666 ], [ -82.319673222222221, 28.469756138888886 ], [ -82.321527027777776, 28.47034286111111 ], [ -82.322132111111102, 28.470315611111108 ], [ -82.32390888888888, 28.469565555555555 ], [ -82.325480388888892, 28.467886527777775 ], [ -82.326039222222221, 28.46705722222222 ], [ -82.32628008333333, 28.465974194444442 ], [ -82.326602833333325, 28.463681277777777 ], [ -82.326371583333326, 28.459671 ], [ -82.32578675, 28.457418944444445 ], [ -82.325422583333335, 28.456363166666666 ], [ -82.324771333333331, 28.455588361111111 ], [ -82.323015083333331, 28.454059138888887 ], [ -82.321161555555548, 28.453472444444444 ], [ -82.320556555555555, 28.453499666666666 ], [ -82.318780027777777, 28.454249722222222 ], [ -82.317057361111111, 28.455935472222222 ], [ -82.316649777777769, 28.456757916666668 ], [ -82.316408833333327, 28.457840944444445 ], [ -82.316085888888892, 28.460133833333334 ] ] } },
{ "type": "Feature", "properties": { "style": "solid", "thickness": 1 }, "geometry": { "type": "LineString", "coordinates": [ [ -82.299447055555547, 28.460880944444444 ], [ -82.299677333333335, 28.46489125 ], [ -82.300261638888884, 28.467143416666666 ], [ -82.300625583333328, 28.46819925 ], [ -82.301125472222225, 28.468980972222219 ], [ -82.303032944444439, 28.470503666666666 ], [ -82.304886666666661, 28.471090583333332 ], [ -82.305491777777775, 28.471063444444443 ], [ -82.307268666666658, 28.470313583333333 ], [ -82.308840444444442, 28.46863475 ], [ -82.309399416666665, 28.467805527777777 ], [ -82.30964044444444, 28.466722527777776 ], [ -82.309963555555555, 28.464429638888888 ], [ -82.309732888888888, 28.460419333333334 ], [ -82.309148416666659, 28.458167222222222 ], [ -82.308784416666668, 28.457111388888887 ], [ -82.30813327777777, 28.4563365 ], [ -82.30637725, 28.454807083333332 ], [ -82.304523805555547, 28.454220166666666 ], [ -82.303918777777781, 28.454247305555555 ], [ -82.302142138888883, 28.454997138888888 ], [ -82.300419194444444, 28.456682694444442 ], [ -82.300011472222224, 28.457505083333334 ], [ -82.299770361111115, 28.458588083333332 ], [ -82.299447055555547, 28.460880944444444 ] ] } },
{ "type": "Feature", "properties": { "style": "solid", "thickness": 1 }, "geometry": { "type": "LineString", "coordinates": [ [ -82.282808027777776, 28.461626027777776 ], [ -82.283037666666672, 28.465636361111109 ], [ -82.283621638888889, 28.46788858333333 ], [ -82.283985416666667, 28.468944472222219 ], [ -82.284485194444443, 28.46972625 ], [ -82.286392416666658, 28.471249166666666 ], [ -82.288246083333334, 28.471836333333332 ], [ -82.288851194444447, 28.47180925 ], [ -82.290628222222225, 28.471059611111109 ], [ -82.292200277777781, 28.469380972222222 ], [ -82.292759361111109, 28.468551805555553 ], [ -82.293000555555551, 28.467468833333331 ], [ -82.293324027777771, 28.465176 ], [ -82.293094, 28.461165666666666 ], [ -82.292509861111114, 28.458913472222221 ], [ -82.292146027777775, 28.457857611111109 ], [ -82.291495, 28.457082638888888 ], [ -82.289739194444437, 28.455553 ], [ -82.287885833333334, 28.454965861111109 ], [ -82.287280805555554, 28.454992944444445 ], [ -82.285504027777776, 28.455742555555556 ], [ -82.283780805555551, 28.457427888888887 ], [ -82.283372972222224, 28.45825025 ], [ -82.28313169444445, 28.459333194444444 ], [ -82.282808027777776, 28.461626027777776 ] ] } },
{ "type": "Feature", "properties": { "style": "solid", "thickness": 1 }, "geometry": { "type": "LineString", "coordinates": [ [ -82.263652388888886, 27.966517694444445 ], [ -82.265083555555549, 27.967793944444441 ], [ -82.265392305555551, 27.967914138888887 ], [ -82.267365, 27.968093805555554 ], [ -82.269006166666671, 27.967752194444444 ], [ -82.269879222222215, 27.967176916666666 ], [ -82.270744666666673, 27.966467944444442 ], [ -82.271429083333331, 27.965230972222223 ], [ -82.271254166666665, 27.962156027777777 ], [ -82.270282333333327, 27.960993277777778 ], [ -82.269649666666666, 27.9604855 ], [ -82.267345555555551, 27.959784583333331 ], [ -82.264747944444451, 27.959230805555556 ], [ -82.262895583333332, 27.958509555555555 ], [ -82.26224775, 27.957734361111111 ], [ -82.261840333333339, 27.95587613888889 ], [ -82.26204275, 27.954124638888889 ], [ -82.262734805555553, 27.953021361111109 ], [ -82.263457194444442, 27.952452888888889 ], [ -82.264036638888882, 27.952024833333333 ], [ -82.264766638888887, 27.951590027777776 ], [ -82.266399944444444, 27.95111475 ], [ -82.267303277777771, 27.95107425 ], [ -82.268221805555555, 27.951301166666667 ], [ -82.269456638888883, 27.951781944444445 ], [ -82.270239833333335, 27.952282944444445 ], [ -82.271354555555561, 27.95330525 ] ] } },
{ "type": "Feature", "properties": { "style": "solid", "thickness": 1 }, "geometry": { "type": "LineString", "coordinates": [ [ -82.256222194444447, 27.968592694444443 ], [ -82.248032166666661, 27.951936611111112 ], [ -82.242067666666671, 27.969225083333331 ] ] } },
{ "type": "Feature", "properties": { "style": "solid", "thickness": 1 }, "geometry": { "type": "LineString", "coordinates": [ [ -82.234071722222225, 27.969313638888888 ], [ -82.231813, 27.969414277777776 ], [ -82.230876138888888, 27.952836055555554 ] ] } },
{ "type": "Feature", "properties": { "style": "solid", "thickness": 1 }, "geometry": { "type": "LineString", "coordinates": [ [ -82.216152416666674, 27.970111111111109 ], [ -82.218147472222228, 27.968011972222222 ], [ -82.219848861111117, 27.966059888888889 ], [ -82.221256583333329, 27.964254888888888 ], [ -82.222099666666665, 27.963145138888887 ], [ -82.222777083333341, 27.961774694444443 ], [ -82.223002777777779, 27.960424333333332 ], [ -82.22308544444445, 27.959214361111112 ], [ -82.222949638888892, 27.956807833333333 ], [ -82.222445138888887, 27.955892083333332 ], [ -82.221797611111114, 27.955116694444445 ], [ -82.221142583333332, 27.954207611111109 ], [ -82.217920472222218, 27.953278638888889 ], [ -82.21611375, 27.953358972222222 ], [ -82.21420919444445, 27.954381805555556 ], [ -82.213923138888887, 27.954662583333331 ], [ -82.212778888888892, 27.955785666666667 ], [ -82.212643388888893, 27.95605975 ], [ -82.212146583333336, 27.95795825 ], [ -82.212221888888891, 27.95929522222222 ], [ -82.21257575, 27.960217722222222 ], [ -82.212922111111112, 27.9610065 ], [ -82.213577111111107, 27.96191563888889 ], [ -82.214834444444449, 27.962797972222223 ], [ -82.216069166666671, 27.96327925 ], [ -82.216829583333336, 27.963379472222222 ], [ -82.21788361111112, 27.96333261111111 ], [ -82.218628944444447, 27.963165444444442 ], [ -82.221128361111113, 27.961982055555556 ], [ -82.223010333333335, 27.960558027777775 ] ] } },
{ "type": "Feature", "properties": { "style": "solid", "thickness": 1 }, "geometry": { "type": "LineString", "coordinates": [ [ -82.202916527777774, 27.962924916666665 ], [ -82.198549861111118, 27.9631185 ], [ -82.19617102777778, 27.961079416666667 ], [ -82.19582480555556, 27.960290583333332 ], [ -82.195486111111109, 27.959635416666664 ], [ -82.195395972222229, 27.958031055555555 ], [ -82.195930638888896, 27.956801111111112 ], [ -82.196766416666676, 27.955557805555554 ], [ -82.19763975, 27.954983 ], [ -82.19821947222222, 27.954555222222222 ], [ -82.199401416666674, 27.95410075 ], [ -82.202111555555561, 27.953980583333333 ], [ -82.203338611111107, 27.954328277777776 ], [ -82.204279583333332, 27.954956666666664 ], [ -82.205085055555557, 27.955859166666666 ], [ -82.205596944444451, 27.956908694444444 ], [ -82.20580019444445, 27.957837888888889 ], [ -82.205875416666672, 27.959174861111112 ], [ -82.205762472222219, 27.959850027777776 ], [ -82.205355888888889, 27.96067225 ], [ -82.204776194444449, 27.961100055555555 ], [ -82.202916527777774, 27.962924916666665 ], [ -82.204331861111115, 27.963934388888887 ], [ -82.205144916666669, 27.964970555555556 ], [ -82.205483694444453, 27.965625694444444 ], [ -82.205604083333341, 27.96776483333333 ], [ -82.204941472222231, 27.969402583333331 ], [ -82.204512277777781, 27.96982372222222 ], [ -82.20318711111112, 27.970418611111111 ], [ -82.202306166666673, 27.97085975 ], [ -82.200348555555564, 27.970946555555553 ], [ -82.198970722222228, 27.970605527777778 ], [ -82.19693047222222, 27.969221583333333 ], [ -82.19659175000001, 27.968566444444441 ], [ -82.196456500000011, 27.966159888888889 ], [ -82.196833111111118, 27.964802916666667 ], [ -82.196976166666673, 27.964662555555556 ], [ -82.197699, 27.964094416666665 ], [ -82.198549861111118, 27.9631185 ] ] } },
{ "type": "Feature", "properties": { "style": "solid", "thickness": 1 }, "geometry": { "type": "LineString", "coordinates": [ [ -82.18949280555556, 27.963117472222223 ], [ -82.180157111111114, 27.96353025 ] ] } },
{ "type": "Feature", "properties": { "style": "solid", "thickness": 1 }, "geometry": { "type": "LineString", "coordinates": [ [ -82.163474027777781, 27.962121861111111 ], [ -82.16369819444445, 27.966132833333333 ], [ -82.164277, 27.968385777777776 ], [ -82.164637944444451, 27.96944211111111 ], [ -82.165134555555568, 27.970224388888887 ], [ -82.167031305555554, 27.971749111111109 ], [ -82.168875777777785, 27.972337944444444 ], [ -82.169478138888891, 27.972311388888887 ], [ -82.171247805555566, 27.971563194444443 ], [ -82.172814444444455, 27.969885722222219 ], [ -82.173371888888894, 27.969056972222219 ], [ -82.173613166666669, 27.967974083333331 ], [ -82.173937666666674, 27.965681277777776 ], [ -82.173713111111113, 27.961670333333334 ], [ -82.173134166666671, 27.959417416666668 ], [ -82.172773166666673, 27.95836111111111 ], [ -82.172125972222233, 27.9575855 ], [ -82.170379972222221, 27.956054194444445 ], [ -82.168535777777777, 27.955465388888889 ], [ -82.1679335, 27.955491944444443 ], [ -82.166164083333342, 27.956240111111111 ], [ -82.16444694444445, 27.957924138888888 ], [ -82.164040083333333, 27.958746222222221 ], [ -82.163798722222225, 27.959829083333332 ], [ -82.163474027777781, 27.962121861111111 ] ] } },
{ "type": "Feature", "properties": { "style": "solid", "thickness": 1 }, "geometry": { "type": "LineString", "coordinates": [ [ -82.15412950000001, 27.965079777777778 ], [ -82.149762666666675, 27.965271833333333 ], [ -82.147384722222228, 27.963231916666665 ], [ -82.14703883333334, 27.962442944444444 ], [ -82.146700444444448, 27.961787694444443 ], [ -82.14661102777778, 27.960183277777777 ], [ -82.14714625, 27.958953527777776 ], [ -82.147982611111118, 27.957710527777778 ], [ -82.148856194444448, 27.957136027777779 ], [ -82.149436111111115, 27.956708444444445 ], [ -82.150618305555568, 27.956254388888887 ], [ -82.153328527777788, 27.956135194444443 ], [ -82.154555444444455, 27.956483305555555 ], [ -82.155496166666666, 27.957112055555555 ], [ -82.156301250000013, 27.958014805555553 ], [ -82.156812666666667, 27.959064527777777 ], [ -82.1570155, 27.959993777777775 ], [ -82.15709013888889, 27.961330777777778 ], [ -82.156976888888892, 27.962005888888889 ], [ -82.156569944444456, 27.962827972222222 ], [ -82.15599, 27.963255583333332 ], [ -82.15412950000001, 27.965079777777778 ], [ -82.155544416666672, 27.96608975 ], [ -82.156357027777787, 27.96712622222222 ], [ -82.156695527777785, 27.967781444444444 ], [ -82.156814944444449, 27.969920638888887 ], [ -82.15615158333334, 27.971558166666664 ], [ -82.155722194444451, 27.971979138888887 ], [ -82.15439675, 27.972573555555552 ], [ -82.153515583333345, 27.973014388888888 ], [ -82.151557888888888, 27.973100472222221 ], [ -82.150180194444445, 27.97275897222222 ], [ -82.148140527777784, 27.971374333333333 ], [ -82.147802083333346, 27.970719055555556 ], [ -82.147667916666677, 27.96831247222222 ], [ -82.148045138888889, 27.966955638888887 ], [ -82.148188277777791, 27.966815333333333 ], [ -82.148911361111118, 27.966247444444445 ], [ -82.149762666666675, 27.965271833333333 ] ] } },
{ "type": "Feature", "properties": { "style": "solid", "thickness": 1 }, "geometry": { "type": "LineString", "coordinates": [ [ -82.1411745, 27.973690666666666 ], [ -82.140229055555565, 27.956710805555556 ], [ -82.132851138888881, 27.957034472222222 ] ] } },
{ "type": "Feature", "properties": { "style": "solid", "thickness": 1 }, "geometry": { "type": "LineString", "coordinates": [ [ -82.105332972222214, 27.975259222222221 ], [ -82.104393111111108, 27.958279166666667 ], [ -82.097015, 27.958600888888888 ] ] } },
{ "type": "Feature", "properties": { "style": "solid", "thickness": 1 }, "geometry": { "type": "LineString", "coordinates": [ [ -82.082140888888887, 27.976269194444441 ], [ -82.091306583333335, 27.967293027777774 ], [ -82.081204611111104, 27.959289 ] ] } },
{ "type": "Feature", "properties": { "style": "solid", "thickness": 1 }, "geometry": { "type": "LineString", "coordinates": [ [ -82.06571811111111, 27.976848 ], [ -82.072645722222219, 27.976547555555555 ], [ -82.074055305555547, 27.969249194444444 ], [ -82.072729444444434, 27.969842833333331 ], [ -82.071561527777774, 27.97056361111111 ], [ -82.068850861111102, 27.970681194444442 ], [ -82.067480833333335, 27.970472583333333 ], [ -82.066081361111102, 27.969729111111111 ], [ -82.064472555555554, 27.967922555555553 ], [ -82.064083166666663, 27.966331166666667 ], [ -82.063972916666657, 27.964325611111111 ], [ -82.064795555555548, 27.962815722222221 ], [ -82.06576875, 27.961299305555556 ], [ -82.066198416666666, 27.960878611111109 ], [ -82.067065111111106, 27.960170916666666 ], [ -82.06855619444444, 27.959838194444444 ], [ -82.07021252777777, 27.959766361111111 ], [ -82.071431861111108, 27.9599815 ], [ -82.072967083333324, 27.960450944444442 ], [ -82.074381194444442, 27.96146175 ], [ -82.074553861111113, 27.961856305555553 ] ] } },
{ "type": "Feature", "properties": { "style": "solid", "thickness": 1 }, "geometry": { "type": "LineString", "coordinates": [ [ -82.047525888888885, 27.96718175 ], [ -82.047745777777777, 27.97119286111111 ], [ -82.048322194444438, 27.973446305555555 ], [ -82.04868205555556, 27.974502916666665 ], [ -82.049177861111104, 27.975285611111108 ], [ -82.051073055555548, 27.976811916666666 ], [ -82.052916972222221, 27.977402277777777 ], [ -82.053519388888887, 27.977376222222219 ], [ -82.055289888888879, 27.976629527777778 ], [ -82.056858416666657, 27.974953388888888 ], [ -82.05741675, 27.97412511111111 ], [ -82.05765919444444, 27.973042444444442 ], [ -82.057986138888893, 27.970749916666666 ], [ -82.057765861111108, 27.966738833333331 ], [ -82.05718927777778, 27.964485416666665 ], [ -82.056829388888886, 27.963428833333332 ], [ -82.056183, 27.962652666666667 ], [ -82.054438527777776, 27.961119916666664 ], [ -82.052594888888891, 27.960529583333333 ], [ -82.05199258333333, 27.960555638888888 ], [ -82.05022230555555, 27.961302305555556 ], [ -82.048503305555556, 27.96298486111111 ], [ -82.048095555555548, 27.96380661111111 ], [ -82.047853027777776, 27.96488925 ], [ -82.047525888888885, 27.96718175 ] ] } },
{ "type": "Feature", "properties": { "style": "solid", "thickness": 1 }, "geometry": { "type": "LineString", "coordinates": [ [ -82.030961027777778, 27.967896638888888 ], [ -82.031180333333339, 27.971907777777776 ], [ -82.031756416666667, 27.974161277777775 ], [ -82.032116111111108, 27.975217944444442 ], [ -82.032611777777774, 27.976000694444444 ], [ -82.034506777777779, 27.977527222222221 ], [ -82.036350611111104, 27.978117805555552 ], [ -82.03695302777777, 27.97809183333333 ], [ -82.038723666666669, 27.977345333333332 ], [ -82.040292444444447, 27.975669388888889 ], [ -82.04085091666667, 27.974841166666664 ], [ -82.041093527777775, 27.973758527777775 ], [ -82.041420833333333, 27.971466055555553 ], [ -82.04120113888888, 27.967454944444444 ], [ -82.040624916666658, 27.965201472222223 ], [ -82.040265166666671, 27.964144833333332 ], [ -82.039618888888882, 27.963368611111111 ], [ -82.037874666666667, 27.961835638888889 ], [ -82.036031111111114, 27.961245083333331 ], [ -82.035428777777781, 27.961271083333333 ], [ -82.033658361111108, 27.962017527777778 ], [ -82.031939111111114, 27.96369988888889 ], [ -82.031531222222227, 27.964521583333333 ], [ -82.031288527777775, 27.965604194444445 ], [ -82.030961027777778, 27.967896638888888 ] ] } },
{ "type": "Feature", "properties": { "style": "solid", "thickness": 1 }, "geometry": { "type": "LineString", "coordinates": [ [ -82.014396, 27.968609555555553 ], [ -82.014614694444447, 27.972620722222221 ], [ -82.015190444444443, 27.974874277777776 ], [ -82.015549972222217, 27.975930972222219 ], [ -82.016045527777777, 27.976713805555555 ], [ -82.017940305555555, 27.978240555555555 ], [ -82.019784055555562, 27.978831361111109 ], [ -82.020386472222228, 27.978805444444443 ], [ -82.02215725, 27.978059166666664 ], [ -82.023726277777783, 27.976383416666664 ], [ -82.024284861111113, 27.97555525 ], [ -82.024527666666671, 27.974472666666664 ], [ -82.024855305555548, 27.972180222222221 ], [ -82.024636222222227, 27.968169083333333 ], [ -82.024060333333338, 27.965915555555554 ], [ -82.02370075, 27.964858888888887 ], [ -82.023054611111107, 27.964082583333333 ], [ -82.021310583333332, 27.962549388888888 ], [ -82.019467111111112, 27.961958611111111 ], [ -82.018864777777779, 27.961984527777776 ], [ -82.01709425, 27.96273075 ], [ -82.015374722222219, 27.964412916666667 ], [ -82.014966694444439, 27.965234555555554 ], [ -82.014723833333335, 27.966317166666666 ], [ -82.014396, 27.968609555555553 ] ] } },
{ "type": "Feature", "properties": { "style": "solid", "thickness": 1 }, "geometry": { "type": "LineString", "coordinates": [ [ -82.6540345, 27.741804083333335 ], [ -82.655467277777788, 27.743076305555558 ], [ -82.655775805555564, 27.743195611111112 ], [ -82.657745055555566, 27.743369722222223 ], [ -82.659381583333342, 27.743023416666666 ], [ -82.66025075, 27.742445666666669 ], [ -82.661111833333337, 27.741734222222224 ], [ -82.661790388888889, 27.740495277777779 ], [ -82.661604805555555, 27.737420777777778 ], [ -82.660630805555556, 27.73626077777778 ], [ -82.659997611111123, 27.735754777777778 ], [ -82.657695777777789, 27.73506038888889 ], [ -82.655101583333334, 27.734513972222224 ], [ -82.6532505, 27.733797972222224 ], [ -82.65260125, 27.733024611111109 ], [ -82.652188, 27.7311675 ], [ -82.652383694444453, 27.729415388888889 ], [ -82.653070333333332, 27.728310138888887 ], [ -82.653789194444457, 27.727739583333332 ], [ -82.654365916666677, 27.727309888888886 ], [ -82.655092805555554, 27.726873 ], [ -82.656721027777778, 27.726393083333331 ], [ -82.657622333333336, 27.726350027777777 ], [ -82.65853975, 27.726574333333332 ], [ -82.65977375, 27.727051611111108 ], [ -82.660557111111117, 27.727550416666666 ], [ -82.661673194444447, 27.728569555555556 ] ] } },
{ "type": "Feature", "properties": { "style": "solid", "thickness": 1 }, "geometry": { "type": "LineString", "coordinates": [ [ -82.646627222222236, 27.743900222222223 ], [ -82.638394388888898, 27.727267055555554 ], [ -82.632504416666663, 27.744572805555556 ] ] } },
{ "type": "Feature", "properties": { "style": "solid", "thickness": 1 }, "geometry": { "type": "LineString", "coordinates": [ [ -82.615344472222219, 27.734797583333336 ], [ -82.61558483333333, 27.738807888888889 ], [ -82.616171777777765, 27.741059 ], [ -82.616536361111102, 27.742114166666667 ], [ -82.617035194444441, 27.742894833333335 ], [ -82.618934305555555, 27.744413361111111 ], [ -82.620777333333322, 27.74499613888889 ], [ -82.621378305555552, 27.744967611111111 ], [ -82.623141138888883, 27.744213583333334 ], [ -82.624697527777769, 27.742530944444447 ], [ -82.625250333333327, 27.741700333333334 ], [ -82.6254866111111, 27.740616638888891 ], [ -82.625800888888875, 27.738322722222222 ], [ -82.625560166666659, 27.734312444444445 ], [ -82.624973055555543, 27.732061361111111 ], [ -82.624608416666661, 27.73100622222222 ], [ -82.623959388888878, 27.730232722222219 ], [ -82.62221066666666, 27.728707138888886 ], [ -82.620367916666666, 27.72812436111111 ], [ -82.619767027777769, 27.728152916666666 ], [ -82.618004416666665, 27.728906888888886 ], [ -82.61629788888888, 27.73059658333333 ], [ -82.615895305555554, 27.731420027777776 ], [ -82.615658944444434, 27.732503694444443 ], [ -82.615344472222219, 27.734797583333336 ] ] } },
{ "type": "Feature", "properties": { "style": "solid", "thickness": 1 }, "geometry": { "type": "LineString", "coordinates": [ [ -82.601838305555546, 27.745760166666667 ], [ -82.603821777777767, 27.743655388888889 ], [ -82.605512694444442, 27.7416985 ], [ -82.60691108333333, 27.7398895 ], [ -82.607748472222212, 27.738777361111111 ], [ -82.60841963888889, 27.737404972222222 ], [ -82.608640055555554, 27.736053972222223 ], [ -82.60871825, 27.73484375 ], [ -82.608574194444444, 27.732437555555553 ], [ -82.608067472222217, 27.731523194444442 ], [ -82.607418555555554, 27.730749611111108 ], [ -82.606761638888884, 27.72984233333333 ], [ -82.603542916666655, 27.728922388888886 ], [ -82.601740222222219, 27.729007777777777 ], [ -82.599843277777779, 27.730036 ], [ -82.599558805555546, 27.730317583333331 ], [ -82.598420916666669, 27.731443888888887 ], [ -82.598286666666667, 27.73171836111111 ], [ -82.597797638888878, 27.733618277777779 ], [ -82.597877527777769, 27.734955055555556 ], [ -82.598233944444445, 27.735876583333333 ], [ -82.598582361111113, 27.736664444444447 ], [ -82.59923925, 27.737571722222224 ], [ -82.60049711111111, 27.738450583333336 ], [ -82.601730972222214, 27.73892838888889 ], [ -82.602490166666655, 27.7390265 ], [ -82.603541833333324, 27.738976666666666 ], [ -82.604285027777777, 27.738807416666667 ], [ -82.606775055555545, 27.737617 ], [ -82.608648055555548, 27.736187638888889 ] ] } },
{ "type": "Feature", "properties": { "style": "solid", "thickness": 1 }, "geometry": { "type": "LineString", "coordinates": [ [ -82.580923805555557, 27.7336115 ], [ -82.59144, 27.733114694444442 ], [ -82.583365722222212, 27.746767666666667 ], [ -82.582377083333327, 27.730191527777777 ] ] } },
{ "type": "Feature", "properties": { "style": "solid", "thickness": 1 }, "geometry": { "type": "LineString", "coordinates": [ [ -82.574908694444446, 27.738855333333333 ], [ -82.565593777777778, 27.739294305555557 ] ] } },
{ "type": "Feature", "properties": { "style": "solid", "thickness": 1 }, "geometry": { "type": "LineString", "coordinates": [ [ -82.548940277777774, 27.737932666666669 ], [ -82.549178222222224, 27.741943083333336 ], [ -82.54976383333333, 27.7441945 ], [ -82.550127777777774, 27.745249805555556 ], [ -82.550626138888887, 27.746030722222223 ], [ -82.552524388888884, 27.747550166666667 ], [ -82.554367111111105, 27.748133833333334 ], [ -82.554968138888881, 27.748105583333334 ], [ -82.556731472222225, 27.747352388888888 ], [ -82.558288916666669, 27.7456705 ], [ -82.55884225, 27.744840166666666 ], [ -82.559079194444436, 27.743756583333333 ], [ -82.559394888888889, 27.741462833333333 ], [ -82.559156555555546, 27.737452416666667 ], [ -82.558570805555547, 27.735201055555557 ], [ -82.55820677777777, 27.73414575 ], [ -82.557558194444439, 27.733371944444446 ], [ -82.555810361111114, 27.7318455 ], [ -82.553967888888891, 27.731261861111108 ], [ -82.553366972222221, 27.731290111111111 ], [ -82.551603888888891, 27.73204325 ], [ -82.549896277777776, 27.733732111111113 ], [ -82.549493166666664, 27.734555361111113 ], [ -82.549256166666666, 27.735638944444446 ], [ -82.548940277777774, 27.737932666666669 ] ] } },
{ "type": "Feature", "properties": { "style": "solid", "thickness": 1 }, "geometry": { "type": "LineString", "coordinates": [ [ -82.541587555555552, 27.74859988888889 ], [ -82.539333722222224, 27.748705611111113 ], [ -82.538351722222217, 27.732129138888887 ] ] } },
{ "type": "Feature", "properties": { "style": "solid", "thickness": 1 }, "geometry": { "type": "LineString", "coordinates": [ [ -82.523019138888884, 27.747995194444446 ], [ -82.52445044444444, 27.749268722222222 ], [ -82.52475886111111, 27.749388361111112 ], [ -82.526728027777779, 27.749564305555555 ], [ -82.528365027777781, 27.749219583333335 ], [ -82.52923494444444, 27.748642638888889 ], [ -82.530096944444438, 27.747932 ], [ -82.530777027777773, 27.746693694444446 ], [ -82.530595083333338, 27.743619027777779 ], [ -82.529622416666669, 27.742458111111112 ], [ -82.528989805555554, 27.741951527777779 ], [ -82.526688666666672, 27.741254944444446 ], [ -82.524094972222215, 27.740706055555556 ], [ -82.522244638888893, 27.739988305555556 ], [ -82.521596277777775, 27.739214333333333 ], [ -82.521185222222215, 27.737356833333333 ], [ -82.521383027777773, 27.735604916666666 ], [ -82.52207102777777, 27.734500333333333 ], [ -82.522790611111105, 27.733930444444447 ], [ -82.523367861111112, 27.73350127777778 ], [ -82.524095333333335, 27.733065083333333 ], [ -82.525724222222223, 27.732586722222219 ], [ -82.526625611111115, 27.732544527777776 ], [ -82.527542833333328, 27.732769694444443 ], [ -82.528776333333326, 27.733248138888886 ], [ -82.529559138888885, 27.733747694444446 ], [ -82.530674055555551, 27.734767888888889 ] ] } },
{ "type": "Feature", "properties": { "style": "solid", "thickness": 1 }, "geometry": { "type": "LineString", "coordinates": [ [ -82.514606833333332, 27.733106611111108 ], [ -82.515608916666665, 27.750084277777777 ], [ -82.508095972222222, 27.750435111111113 ], [ -82.50747916666667, 27.750195805555556 ], [ -82.506095305555561, 27.749724166666667 ], [ -82.504664194444445, 27.748450444444444 ], [ -82.503984388888895, 27.747141638888891 ], [ -82.503889861111105, 27.745537444444444 ], [ -82.504412083333335, 27.744172583333334 ], [ -82.505685555555559, 27.742772666666667 ], [ -82.507006277777776, 27.742174833333333 ], [ -82.507591527777777, 27.741879416666666 ], [ -82.515103888888888, 27.741528611111111 ] ] } },
{ "type": "Feature", "properties": { "style": "solid", "thickness": 1 }, "geometry": { "type": "LineString", "coordinates": [ [ -82.483169361111109, 27.74931736111111 ], [ -82.4838175, 27.7500915 ], [ -82.485216972222219, 27.750830722222222 ], [ -82.486134277777779, 27.751056166666668 ], [ -82.488712305555552, 27.75133838888889 ], [ -82.48961386111111, 27.751296444444446 ], [ -82.491401277777783, 27.750945138888888 ], [ -82.492880305555559, 27.75047413888889 ], [ -82.493172972222226, 27.750326472222223 ], [ -82.494185472222227, 27.749609083333333 ], [ -82.495190083333341, 27.748757972222222 ], [ -82.496859416666666, 27.746401361111111 ], [ -82.497484777777785, 27.744227444444444 ], [ -82.497311638888888, 27.741286388888891 ], [ -82.496916722222224, 27.739696194444445 ], [ -82.496244944444442, 27.738521055555555 ], [ -82.495280555555553, 27.737493583333336 ], [ -82.494474277777783, 27.73659277777778 ], [ -82.493201583333331, 27.735445611111111 ], [ -82.491968194444439, 27.734966833333335 ], [ -82.490734861111108, 27.734488055555556 ], [ -82.48966744444445, 27.73426963888889 ], [ -82.486963166666669, 27.734395472222221 ], [ -82.485476472222217, 27.73473275 ], [ -82.484305972222216, 27.73532338888889 ], [ -82.482993055555553, 27.736054666666668 ], [ -82.482130861111116, 27.736765 ], [ -82.480722611111119, 27.738439055555556 ], [ -82.47989175, 27.739684111111114 ], [ -82.479638361111114, 27.740500166666667 ], [ -82.47976391666667, 27.74263913888889 ], [ -82.486074416666668, 27.74234575 ] ] } },
{ "type": "Feature", "properties": { "style": "solid", "thickness": 1 }, "geometry": { "type": "LineString", "coordinates": [ [ -82.464519833333341, 27.752461916666668 ], [ -82.473634972222229, 27.74346 ], [ -82.463525611111109, 27.73548388888889 ] ] } },
{ "type": "Feature", "properties": { "style": "solid", "thickness": 1 }, "geometry": { "type": "LineString", "coordinates": [ [ -82.448133, 27.7530865 ], [ -82.45504525, 27.752766722222223 ], [ -82.456426194444447, 27.745464222222225 ], [ -82.455105166666669, 27.746061583333333 ], [ -82.453942166666664, 27.746785638888891 ], [ -82.451237527777778, 27.746910777777778 ], [ -82.449869583333339, 27.746705972222223 ], [ -82.448470388888893, 27.745966388888888 ], [ -82.4468585, 27.74416425 ], [ -82.446464333333338, 27.742573916666668 ], [ -82.446347222222229, 27.740568611111112 ], [ -82.447162833333337, 27.739056388888891 ], [ -82.448128666666676, 27.737537222222223 ], [ -82.448555972222223, 27.737115305555555 ], [ -82.449418416666674, 27.736405194444444 ], [ -82.450905222222218, 27.736068305555555 ], [ -82.452557916666663, 27.735991861111113 ], [ -82.453775472222219, 27.736203611111112 ], [ -82.455309194444453, 27.736668805555556 ], [ -82.456723944444448, 27.737675666666668 ], [ -82.45689763888889, 27.738069777777778 ] ] } },
{ "type": "Feature", "properties": { "style": "solid", "thickness": 1 }, "geometry": { "type": "LineString", "coordinates": [ [ -82.429944194444445, 27.743470638888891 ], [ -82.430177805555559, 27.74748125 ], [ -82.430760972222231, 27.749733166666669 ], [ -82.431123805555558, 27.750788777777778 ], [ -82.431621333333339, 27.751570111111111 ], [ -82.433518027777779, 27.753091194444444 ], [ -82.435360222222229, 27.753676444444444 ], [ -82.435961277777778, 27.753648694444443 ], [ -82.437725527777786, 27.752897055555554 ], [ -82.439284888888892, 27.7512165 ], [ -82.4398391388889, 27.750386638888887 ], [ -82.440077277777775, 27.74930325 ], [ -82.440395472222221, 27.74700977777778 ], [ -82.440161472222229, 27.742999166666667 ], [ -82.439578138888891, 27.740747333333335 ], [ -82.43921525, 27.739691694444446 ], [ -82.438567472222232, 27.738917333333333 ], [ -82.436821222222221, 27.737389388888889 ], [ -82.434979277777785, 27.736804166666669 ], [ -82.434378305555555, 27.73683188888889 ], [ -82.43261430555556, 27.73758352777778 ], [ -82.430904805555556, 27.739270916666669 ], [ -82.43050077777778, 27.740093833333333 ], [ -82.430262555555558, 27.741177194444447 ], [ -82.429944194444445, 27.743470638888891 ] ] } },
{ "type": "Feature", "properties": { "style": "solid", "thickness": 1 }, "geometry": { "type": "LineString", "coordinates": [ [ -82.413416, 27.744231722222224 ], [ -82.41364902777778, 27.748242361111114 ], [ -82.414231861111119, 27.750494333333332 ], [ -82.41459452777778, 27.75155 ], [ -82.415091944444455, 27.752331388888887 ], [ -82.416988444444456, 27.753852694444443 ], [ -82.418830555555559, 27.754438166666667 ], [ -82.419431611111122, 27.7544105 ], [ -82.421196, 27.753659055555556 ], [ -82.422755611111114, 27.751978694444446 ], [ -82.42331, 27.751148888888888 ], [ -82.423548305555556, 27.750065555555555 ], [ -82.423866833333335, 27.747772083333334 ], [ -82.423633444444448, 27.743761472222221 ], [ -82.423050444444456, 27.741509555555556 ], [ -82.422687722222221, 27.74045388888889 ], [ -82.422040055555556, 27.739679444444445 ], [ -82.420294, 27.738151277777778 ], [ -82.418452166666668, 27.737565833333335 ], [ -82.417851166666665, 27.7375935 ], [ -82.416087027777778, 27.738344916666669 ], [ -82.41437725, 27.740032111111113 ], [ -82.413973111111119, 27.740854972222223 ], [ -82.41373475, 27.741938305555557 ], [ -82.413416, 27.744231722222224 ] ] } },
{ "type": "Feature", "properties": { "style": "solid", "thickness": 1 }, "geometry": { "type": "LineString", "coordinates": [ [ -82.396887611111111, 27.744990833333333 ], [ -82.397120027777788, 27.7490015 ], [ -82.397702527777781, 27.751253527777777 ], [ -82.398065055555563, 27.75230925 ], [ -82.398562361111118, 27.753090694444445 ], [ -82.400458611111119, 27.754612222222221 ], [ -82.402300638888889, 27.75519788888889 ], [ -82.402901722222225, 27.755170305555556 ], [ -82.404666222222232, 27.754419083333332 ], [ -82.40622611111111, 27.752738888888889 ], [ -82.40678063888889, 27.751909166666668 ], [ -82.407019083333338, 27.75082586111111 ], [ -82.407337972222223, 27.748532444444447 ], [ -82.407105194444455, 27.744521805555557 ], [ -82.406522527777781, 27.742269805555555 ], [ -82.406159944444454, 27.741214083333336 ], [ -82.405512388888894, 27.740439583333334 ], [ -82.403766555555563, 27.738911222222224 ], [ -82.401924805555566, 27.738325555555555 ], [ -82.401323805555563, 27.73835313888889 ], [ -82.399559555555555, 27.739104333333334 ], [ -82.3978495, 27.740791333333334 ], [ -82.397445222222231, 27.741614138888888 ], [ -82.397206694444449, 27.742697444444445 ], [ -82.396887611111111, 27.744990833333333 ] ] } },
{ "type": "Feature", "properties": { "style": "solid", "thickness": 1 }, "geometry": { "type": "LineString", "coordinates": [ [ -82.354800583333329, 27.313731583333333 ], [ -82.35622422222221, 27.315006888888888 ], [ -82.356531222222216, 27.315126916666667 ], [ -82.35849225, 27.315305305555555 ], [ -82.360123305555547, 27.314962611111113 ], [ -82.360990638888879, 27.31438675 ], [ -82.361850305555549, 27.313677194444445 ], [ -82.362529638888887, 27.312439722222223 ], [ -82.36235325, 27.309364833333333 ], [ -82.36138625, 27.308202694444446 ], [ -82.360756944444432, 27.307695333333335 ], [ -82.358466055555553, 27.306995888888888 ], [ -82.35588355555555, 27.306443805555556 ], [ -82.354041694444433, 27.30572375 ], [ -82.35339713888888, 27.304948972222224 ], [ -82.35299061111111, 27.303090972222222 ], [ -82.353190361111103, 27.301339277777778 ], [ -82.353877361111103, 27.300235555555556 ], [ -82.354594972222216, 27.299666583333334 ], [ -82.355170611111106, 27.299238138888892 ], [ -82.355895861111108, 27.298802833333333 ], [ -82.357519, 27.298326472222225 ], [ -82.358416888888883, 27.298285416666669 ], [ -82.359330083333333, 27.298511722222223 ], [ -82.360557944444437, 27.298991694444446 ], [ -82.361336833333326, 27.299492222222224 ], [ -82.362445722222219, 27.300513805555557 ] ] } },
{ "type": "Feature", "properties": { "style": "solid", "thickness": 1 }, "geometry": { "type": "LineString", "coordinates": [ [ -82.3474166111111, 27.315811472222222 ], [ -82.339261916666658, 27.29916038888889 ], [ -82.333347416666669, 27.316453166666669 ] ] } },
{ "type": "Feature", "properties": { "style": "solid", "thickness": 1 }, "geometry": { "type": "LineString", "coordinates": [ [ -82.325399472222216, 27.316546944444447 ], [ -82.323154361111108, 27.316649083333335 ], [ -82.322209361111106, 27.300071111111112 ] ] } },
{ "type": "Feature", "properties": { "style": "solid", "thickness": 1 }, "geometry": { "type": "LineString", "coordinates": [ [ -82.307588194444435, 27.31735625 ], [ -82.309569555555555, 27.31525575 ], [ -82.311259111111113, 27.3133025 ], [ -82.312656916666668, 27.311496527777777 ], [ -82.313494027777779, 27.310386194444444 ], [ -82.31416625, 27.30901525 ], [ -82.314389472222217, 27.307664722222224 ], [ -82.314470638888892, 27.306454694444444 ], [ -82.314333638888883, 27.304048194444444 ], [ -82.313831388888886, 27.303132722222223 ], [ -82.313187111111105, 27.30235775 ], [ -82.31253525, 27.301449083333335 ], [ -82.309331666666665, 27.300522222222224 ], [ -82.307535833333333, 27.30060375 ], [ -82.305643527777775, 27.301627861111111 ], [ -82.305359416666661, 27.301908833333336 ], [ -82.30422297222222, 27.303032694444447 ], [ -82.3040885, 27.30330686111111 ], [ -82.30359625, 27.30520575 ], [ -82.303672222222218, 27.306542694444445 ], [ -82.304024722222223, 27.307464972222224 ], [ -82.304369666666659, 27.308253555555556 ], [ -82.3050215, 27.30916227777778 ], [ -82.30627202777778, 27.310043805555555 ], [ -82.307499777777778, 27.310524277777777 ], [ -82.308255694444441, 27.310624 ], [ -82.309303361111105, 27.310576444444447 ], [ -82.310044111111111, 27.310408805555557 ], [ -82.312527555555548, 27.309223722222224 ], [ -82.314397083333333, 27.307798416666667 ] ] } },
{ "type": "Feature", "properties": { "style": "solid", "thickness": 1 }, "geometry": { "type": "LineString", "coordinates": [ [ -82.294425611111109, 27.310178611111112 ], [ -82.29008525, 27.310375083333334 ], [ -82.287718972222223, 27.308337527777777 ], [ -82.287374166666666, 27.307548916666669 ], [ -82.287036972222225, 27.306893972222223 ], [ -82.286946027777773, 27.30528963888889 ], [ -82.287476472222224, 27.304059305555555 ], [ -82.288306194444445, 27.302815416666668 ], [ -82.289173833333336, 27.30224 ], [ -82.289749722222226, 27.301811833333335 ], [ -82.290924222222216, 27.301356583333334 ], [ -82.293618, 27.301234611111113 ], [ -82.294838, 27.3015815 ], [ -82.295773861111115, 27.302209305555557 ], [ -82.296575277777777, 27.303111277777777 ], [ -82.297084972222223, 27.3041605 ], [ -82.29728775, 27.305089555555558 ], [ -82.297363666666669, 27.306426527777777 ], [ -82.29725194444444, 27.307101777777778 ], [ -82.2968485, 27.307924277777779 ], [ -82.296272611111107, 27.308352472222222 ], [ -82.294425611111109, 27.310178611111112 ], [ -82.295833305555547, 27.311187194444447 ], [ -82.296642361111111, 27.312222833333333 ], [ -82.296979666666658, 27.31287775 ], [ -82.297101111111104, 27.315016861111111 ], [ -82.296443805555555, 27.31665511111111 ], [ -82.296017555555551, 27.317076527777779 ], [ -82.294700833333337, 27.317672305555554 ], [ -82.29382552777777, 27.318114055555554 ], [ -82.29187972222222, 27.318202138888889 ], [ -82.290509861111104, 27.317862 ], [ -82.288480666666658, 27.31647938888889 ], [ -82.288143416666671, 27.315824444444445 ], [ -82.28800697222222, 27.313417944444446 ], [ -82.288380194444443, 27.312060694444444 ], [ -82.288522277777773, 27.311920222222223 ], [ -82.289240305555552, 27.311351583333334 ], [ -82.29008525, 27.310375083333334 ] ] } },
{ "type": "Feature", "properties": { "style": "solid", "thickness": 1 }, "geometry": { "type": "LineString", "coordinates": [ [ -82.281082472222224, 27.310380055555555 ], [ -82.271803027777779, 27.310799027777779 ] ] } },
{ "type": "Feature", "properties": { "style": "solid", "thickness": 1 }, "geometry": { "type": "LineString", "coordinates": [ [ -82.255218694444451, 27.309401694444446 ], [ -82.255444888888888, 27.313412611111112 ], [ -82.256022111111108, 27.31566525 ], [ -82.256381777777776, 27.316721333333334 ], [ -82.256876083333339, 27.317503305555555 ], [ -82.25876275, 27.319026805555556 ], [ -82.260596666666672, 27.319614416666667 ], [ -82.261195388888893, 27.319587472222221 ], [ -82.262953805555554, 27.318838083333333 ], [ -82.264509666666669, 27.317159527777779 ], [ -82.265063083333331, 27.31633038888889 ], [ -82.265302, 27.315247305555555 ], [ -82.265622638888885, 27.31295425 ], [ -82.265396083333329, 27.308943361111112 ], [ -82.264818694444443, 27.30669075 ], [ -82.264458972222229, 27.305634694444446 ], [ -82.263815027777781, 27.304859472222223 ], [ -82.262078166666669, 27.303329305555557 ], [ -82.260244527777772, 27.302741722222223 ], [ -82.259645888888883, 27.302768666666669 ], [ -82.257887694444449, 27.303518027777777 ], [ -82.256182277777782, 27.305203222222222 ], [ -82.255778527777778, 27.30602561111111 ], [ -82.255539527777785, 27.307108638888888 ], [ -82.255218694444451, 27.309401694444446 ] ] } },
{ "type": "Feature", "properties": { "style": "solid", "thickness": 1 }, "geometry": { "type": "LineString", "coordinates": [ [ -82.245286111111113, 27.303548638888891 ], [ -82.243303722222223, 27.305648222222224 ], [ -82.241613083333334, 27.307600638888889 ], [ -82.240214194444448, 27.30940588888889 ], [ -82.239376361111113, 27.310515777777777 ], [ -82.23870319444444, 27.311886333333334 ], [ -82.238479055555558, 27.31323675 ], [ -82.238397055555552, 27.31444675 ], [ -82.238532416666672, 27.316853305555554 ], [ -82.239034083333337, 27.317769027777778 ], [ -82.239677944444452, 27.318544333333332 ], [ -82.240329305555562, 27.319453361111112 ], [ -82.243532861111106, 27.320381805555556 ], [ -82.245329055555558, 27.32030111111111 ], [ -82.24722222222222, 27.319277805555554 ], [ -82.247506527777773, 27.318996972222223 ], [ -82.248643722222226, 27.317873583333334 ], [ -82.248778333333334, 27.317599444444443 ], [ -82.249271583333339, 27.315700777777778 ], [ -82.24919625, 27.314363805555555 ], [ -82.248844166666672, 27.31344138888889 ], [ -82.248499638888887, 27.312652666666668 ], [ -82.247848222222217, 27.311743694444445 ], [ -82.246598166666672, 27.310861638888891 ], [ -82.245370666666673, 27.310380638888891 ], [ -82.244614805555557, 27.310280555555558 ], [ -82.243567111111119, 27.310327611111113 ], [ -82.24282627777778, 27.310494916666666 ], [ -82.240342055555558, 27.31167875 ], [ -82.238471527777776, 27.313103055555555 ] ] } },
{ "type": "Feature", "properties": { "style": "solid", "thickness": 1 }, "geometry": { "type": "LineString", "coordinates": [ [ -82.223983833333335, 27.319649944444443 ], [ -82.22540602777778, 27.320926611111112 ], [ -82.225712888888893, 27.321046888888887 ], [ -82.227673805555554, 27.32122713888889 ], [ -82.229305333333329, 27.320885972222221 ], [ -82.230173416666673, 27.320310944444444 ], [ -82.231033944444448, 27.319602194444442 ], [ -82.23171475, 27.318365388888889 ], [ -82.231542, 27.315290333333333 ], [ -82.230576333333332, 27.314127305555555 ], [ -82.229947583333342, 27.313619333333335 ], [ -82.227657416666673, 27.31291775 ], [ -82.225075444444442, 27.312363222222224 ], [ -82.223234361111111, 27.311641444444444 ], [ -82.222590666666662, 27.310866055555557 ], [ -82.222186305555553, 27.309007666666666 ], [ -82.222388138888888, 27.307256194444445 ], [ -82.223076472222218, 27.306153111111112 ], [ -82.223794805555556, 27.305584833333334 ], [ -82.224370944444445, 27.305156916666668 ], [ -82.22509675, 27.304722305555558 ], [ -82.226720555555559, 27.304247472222222 ], [ -82.227618527777778, 27.30420725 ], [ -82.2285315, 27.304434416666666 ], [ -82.229758833333335, 27.304915555555556 ], [ -82.230537194444452, 27.305416805555556 ], [ -82.23164494444444, 27.306439444444447 ] ] } },
{ "type": "Feature", "properties": { "style": "solid", "thickness": 1 }, "geometry": { "type": "LineString", "coordinates": [ [ -82.164804388888896, 27.324029027777776 ], [ -82.173908361111117, 27.315047083333333 ], [ -82.163860722222225, 27.307049 ] ] } },
{ "type": "Feature", "properties": { "style": "solid", "thickness": 1 }, "geometry": { "type": "LineString", "coordinates": [ [ -82.148480361111112, 27.324617833333335 ], [ -82.15536630555556, 27.324313166666666 ], [ -82.156761833333334, 27.31701375 ], [ -82.155444361111122, 27.317608194444443 ], [ -82.154283972222231, 27.318329722222224 ], [ -82.151589638888893, 27.318448972222221 ], [ -82.150227638888893, 27.318241166666667 ], [ -82.148836, 27.317498555555556 ], [ -82.147235416666675, 27.315692916666666 ], [ -82.146847138888901, 27.314101722222222 ], [ -82.146736, 27.312096194444447 ], [ -82.147552555555563, 27.310585777777778 ], [ -82.14851875, 27.309068722222221 ], [ -82.148945555555557, 27.30864775 ], [ -82.149806527777784, 27.3079395 ], [ -82.151288416666674, 27.30760588888889 ], [ -82.152934777777787, 27.307533027777779 ], [ -82.154147, 27.307747416666668 ], [ -82.1556733888889, 27.308215972222222 ], [ -82.157079805555554, 27.309225916666666 ], [ -82.157251722222227, 27.309620388888888 ] ] } },
{ "type": "Feature", "properties": { "style": "solid", "thickness": 1 }, "geometry": { "type": "LineString", "coordinates": [ [ -82.130389583333326, 27.314962444444443 ], [ -82.130611277777774, 27.3189735 ], [ -82.131186, 27.321226638888888 ], [ -82.1315445, 27.322283055555555 ], [ -82.132037916666661, 27.323065472222222 ], [ -82.133922972222223, 27.324590666666666 ], [ -82.13575630555556, 27.325179916666666 ], [ -82.136355083333342, 27.3251535 ], [ -82.138114416666667, 27.324405694444444 ], [ -82.13967225, 27.322728555555557 ], [ -82.140226611111117, 27.321899916666666 ], [ -82.140466777777789, 27.320817083333335 ], [ -82.14079, 27.318524305555556 ], [ -82.140567944444456, 27.31451325 ], [ -82.139993083333337, 27.312260138888888 ], [ -82.139634527777787, 27.31120375 ], [ -82.13899141666667, 27.310427972222222 ], [ -82.137256222222234, 27.308896222222224 ], [ -82.135423166666669, 27.308307 ], [ -82.134824472222235, 27.308333416666667 ], [ -82.133065361111107, 27.309081194444445 ], [ -82.131357944444431, 27.310764833333334 ], [ -82.13095325, 27.311586861111113 ], [ -82.130713027777773, 27.312669694444445 ], [ -82.130389583333326, 27.314962444444443 ] ] } },
{ "type": "Feature", "properties": { "style": "solid", "thickness": 1 }, "geometry": { "type": "LineString", "coordinates": [ [ -82.113924444444436, 27.315687472222223 ], [ -82.114145555555552, 27.319698583333334 ], [ -82.114719916666658, 27.321951805555557 ], [ -82.115078277777769, 27.32300825 ], [ -82.115571583333335, 27.32379072222222 ], [ -82.117456416666656, 27.325316138888887 ], [ -82.11928966666666, 27.325905611111111 ], [ -82.119888444444442, 27.32587925 ], [ -82.12164791666666, 27.325131666666667 ], [ -82.123206, 27.323454722222223 ], [ -82.123760499999989, 27.322626138888889 ], [ -82.124000805555553, 27.321543305555554 ], [ -82.12432438888888, 27.319250583333332 ], [ -82.124102916666658, 27.3152395 ], [ -82.123528388888886, 27.312986333333335 ], [ -82.12317, 27.311929888888891 ], [ -82.122527, 27.311154055555555 ], [ -82.120792027777767, 27.309622111111111 ], [ -82.118959027777777, 27.309032666666667 ], [ -82.118360333333328, 27.309059 ], [ -82.116601083333322, 27.309806555555557 ], [ -82.114893416666661, 27.311490027777779 ], [ -82.114488611111099, 27.312311972222222 ], [ -82.114248222222216, 27.313394777777777 ], [ -82.113924444444436, 27.315687472222223 ] ] } },
{ "type": "Feature", "properties": { "style": "solid", "thickness": 1 }, "geometry": { "type": "LineString", "coordinates": [ [ -82.097459111111107, 27.316410583333333 ], [ -82.097679611111104, 27.320421722222221 ], [ -82.098253638888878, 27.322674972222224 ], [ -82.098611833333322, 27.323731472222221 ], [ -82.099105027777767, 27.324514 ], [ -82.100989666666663, 27.32603963888889 ], [ -82.102822833333335, 27.326629333333333 ], [ -82.103421611111102, 27.326603055555555 ], [ -82.105181222222214, 27.325855666666666 ], [ -82.106739555555549, 27.324178916666668 ], [ -82.107294166666662, 27.323350388888887 ], [ -82.107534666666666, 27.322267611111112 ], [ -82.107858583333325, 27.319974916666666 ], [ -82.107637694444435, 27.315963805555555 ], [ -82.1070635, 27.313710583333336 ], [ -82.10670525, 27.312654083333335 ], [ -82.1060623611111, 27.311878166666666 ], [ -82.104327611111103, 27.310346027777779 ], [ -82.102494694444445, 27.309756361111113 ], [ -82.101896, 27.30978263888889 ], [ -82.100136638888884, 27.310529972222223 ], [ -82.098428694444436, 27.312213222222223 ], [ -82.098023777777769, 27.313035166666669 ], [ -82.097783194444446, 27.314117916666667 ], [ -82.097459111111107, 27.316410583333333 ] ] } },
{ "type": "Feature", "properties": { "style": "solid", "thickness": 1 }, "geometry": { "type": "LineString", "coordinates": [ [ -82.012329055555554, 26.892582694444442 ], [ -82.013743222222217, 26.893861527777776 ], [ -82.014048666666667, 26.893982305555554 ], [ -82.016001583333335, 26.894165611111109 ], [ -82.01762741666667, 26.893827027777778 ], [ -82.01849325, 26.893253388888887 ], [ -82.019351833333332, 26.892546055555556 ], [ -82.020032416666666, 26.89131036111111 ], [ -82.019866361111113, 26.888235194444444 ], [ -82.01890675, 26.887070722222223 ], [ -82.01828144444444, 26.886561777777779 ], [ -82.016001583333335, 26.885856638888889 ], [ -82.01343075, 26.885298083333332 ], [ -82.01159825, 26.884573444444445 ], [ -82.010958583333334, 26.883797083333334 ], [ -82.010559444444439, 26.881938166666668 ], [ -82.010763944444449, 26.880187083333333 ], [ -82.01145175, 26.87908513888889 ], [ -82.012168388888895, 26.878518 ], [ -82.012743138888894, 26.878091027777778 ], [ -82.013466972222218, 26.877657611111111 ], [ -82.015085361111105, 26.877185333333333 ], [ -82.015979916666666, 26.877146527777779 ], [ -82.016888916666659, 26.87737511111111 ], [ -82.018110527777779, 26.877858166666666 ], [ -82.018884861111104, 26.878360611111113 ], [ -82.019986277777775, 26.879384916666666 ] ] } },
{ "type": "Feature", "properties": { "style": "solid", "thickness": 1 }, "geometry": { "type": "LineString", "coordinates": [ [ -82.004967, 26.894643916666666 ], [ -81.996895888888886, 26.877973305555557 ], [ -81.990949944444452, 26.89525022222222 ] ] } },
{ "type": "Feature", "properties": { "style": "solid", "thickness": 1 }, "geometry": { "type": "LineString", "coordinates": [ [ -81.973980777777783, 26.88539525 ], [ -81.97419575, 26.88940638888889 ], [ -81.974764888888885, 26.891660111111111 ], [ -81.975120444444443, 26.892716888888888 ], [ -81.975610805555561, 26.893499833333333 ], [ -81.977486222222225, 26.895027166666665 ], [ -81.9793115, 26.895618527777778 ], [ -81.979908, 26.895592805555555 ], [ -81.981661555555561, 26.894847111111112 ], [ -81.983215722222226, 26.893171888888887 ], [ -81.983769138888889, 26.892343944444445 ], [ -81.984009944444452, 26.891261416666666 ], [ -81.984335277777774, 26.888969138888889 ], [ -81.984119944444444, 26.884958027777778 ], [ -81.983550638888886, 26.882704361111113 ], [ -81.983195027777782, 26.881647583333333 ], [ -81.982555583333337, 26.880871111111112 ], [ -81.980829416666666, 26.879337416666669 ], [ -81.979004388888896, 26.878746055555556 ], [ -81.978408, 26.878771777777779 ], [ -81.976654694444449, 26.879517444444446 ], [ -81.9749515, 26.881199 ], [ -81.97454719444444, 26.8820205 ], [ -81.974306305555558, 26.883103 ], [ -81.973980777777783, 26.88539525 ] ] } },
{ "type": "Feature", "properties": { "style": "solid", "thickness": 1 }, "geometry": { "type": "LineString", "coordinates": [ [ -81.958285527777775, 26.896523583333334 ], [ -81.965145111111113, 26.896228666666666 ], [ -81.966548111111109, 26.888931611111111 ], [ -81.96523472222222, 26.889524166666668 ], [ -81.964077611111108, 26.890244027777776 ], [ -81.96139355555556, 26.890359444444442 ], [ -81.96003725, 26.890149722222223 ], [ -81.95865236111112, 26.889405166666666 ], [ -81.957061194444449, 26.887597361111112 ], [ -81.95667725, 26.886005722222222 ], [ -81.95657011111112, 26.88400013888889 ], [ -81.957386138888893, 26.882490944444445 ], [ -81.95835125, 26.880975333333335 ], [ -81.958777111111118, 26.880554972222221 ], [ -81.95963597222223, 26.879848 ], [ -81.961112666666665, 26.8795165 ], [ -81.96275275, 26.879445972222221 ], [ -81.963959833333334, 26.879662083333333 ], [ -81.965479444444441, 26.88013275 ], [ -81.96687858333334, 26.881144638888891 ], [ -81.967049166666669, 26.881539333333333 ] ] } },
{ "type": "Feature", "properties": { "style": "solid", "thickness": 1 }, "geometry": { "type": "LineString", "coordinates": [ [ -81.94680625, 26.880264888888888 ], [ -81.944825805555553, 26.88236 ], [ -81.943136333333342, 26.884308611111109 ], [ -81.941737916666668, 26.886110694444444 ], [ -81.940900277777786, 26.887218666666666 ], [ -81.940225972222223, 26.888587666666666 ], [ -81.939999, 26.8899375 ], [ -81.939914, 26.89114725 ], [ -81.94004225, 26.893553972222222 ], [ -81.940539472222227, 26.89447075 ], [ -81.941178694444446, 26.895247416666667 ], [ -81.941825083333342, 26.896157805555553 ], [ -81.945013666666668, 26.897093222222221 ], [ -81.946803138888896, 26.8970165 ], [ -81.948691777777782, 26.895997416666667 ], [ -81.94897575, 26.895717194444444 ], [ -81.950111638888899, 26.894596361111109 ], [ -81.950246472222219, 26.894322555555554 ], [ -81.950743027777776, 26.892425083333332 ], [ -81.950671666666665, 26.891088027777776 ], [ -81.950323472222223, 26.89016488888889 ], [ -81.949982416666671, 26.889375444444443 ], [ -81.949336027777775, 26.88846511111111 ], [ -81.948093194444454, 26.887580333333332 ], [ -81.946871777777787, 26.887096694444445 ], [ -81.946119111111116, 26.886994944444442 ], [ -81.945075333333335, 26.887039722222223 ], [ -81.944336916666671, 26.887205388888887 ], [ -81.941859083333341, 26.888383694444443 ], [ -81.93999186111111, 26.889803805555555 ] ] } },
{ "type": "Feature", "properties": { "style": "solid", "thickness": 1 }, "geometry": { "type": "LineString", "coordinates": [ [ -81.933537277777788, 26.889276111111112 ], [ -81.92429225, 26.889671416666665 ] ] } },
{ "type": "Feature", "properties": { "style": "solid", "thickness": 1 }, "geometry": { "type": "LineString", "coordinates": [ [ -81.907776250000012, 26.888231972222222 ], [ -81.907988833333334, 26.892243194444443 ], [ -81.908556666666669, 26.894497166666667 ], [ -81.908911611111122, 26.89555411111111 ], [ -81.9094015, 26.896337305555555 ], [ -81.911276055555561, 26.8978655 ], [ -81.913101027777785, 26.89845775 ], [ -81.913697527777785, 26.898432305555556 ], [ -81.915451583333336, 26.897687444444443 ], [ -81.917006777777786, 26.896012972222223 ], [ -81.917560694444447, 26.895185277777777 ], [ -81.917802138888888, 26.894102888888888 ], [ -81.918128833333341, 26.891810777777778 ], [ -81.917915888888899, 26.887799555555556 ], [ -81.917347888888898, 26.885545638888889 ], [ -81.916992888888899, 26.884488722222223 ], [ -81.916353888888892, 26.883711916666666 ], [ -81.914628611111112, 26.882177416666668 ], [ -81.912803888888888, 26.881585194444444 ], [ -81.912207472222221, 26.88161063888889 ], [ -81.910453666666669, 26.882355472222223 ], [ -81.908749444444453, 26.884036222222221 ], [ -81.908344638888892, 26.884857527777779 ], [ -81.908103111111117, 26.885939888888888 ], [ -81.907776250000012, 26.888231972222222 ] ] } },
{ "type": "Feature", "properties": { "style": "solid", "thickness": 1 }, "geometry": { "type": "LineString", "coordinates": [ [ -81.900418194444455, 26.898864 ], [ -81.89818127777778, 26.898959166666668 ], [ -81.897304111111112, 26.882379388888889 ] ] } },
{ "type": "Feature", "properties": { "style": "solid", "thickness": 1 }, "geometry": { "type": "LineString", "coordinates": [ [ -81.889543527777789, 26.882575277777779 ], [ -81.89044075000001, 26.899556194444443 ], [ -81.882984305555553, 26.89987275 ], [ -81.882373666666666, 26.899630638888887 ], [ -81.881003305555552, 26.899152722222222 ], [ -81.879590611111098, 26.897872555555555 ], [ -81.878923583333332, 26.896560777777776 ], [ -81.878838972222212, 26.894956277777776 ], [ -81.879364944444433, 26.893593888888887 ], [ -81.8806365, 26.892199888888889 ], [ -81.881950333333322, 26.891608138888888 ], [ -81.882532694444436, 26.891315416666668 ], [ -81.889988583333334, 26.890998888888888 ] ] } },
{ "type": "Feature", "properties": { "style": "solid", "thickness": 1 }, "geometry": { "type": "LineString", "coordinates": [ [ -81.858258305555552, 26.898641444444443 ], [ -81.858896972222212, 26.8994185 ], [ -81.860281333333333, 26.900164055555553 ], [ -81.86119016666666, 26.900393638888886 ], [ -81.8637465, 26.900687583333333 ], [ -81.864641277777778, 26.90064975 ], [ -81.866416777777772, 26.900306638888889 ], [ -81.867886972222209, 26.899842416666665 ], [ -81.86817819444444, 26.899696083333332 ], [ -81.869186888888876, 26.89898336111111 ], [ -81.870188555555544, 26.898136916666665 ], [ -81.871858333333321, 26.895788083333333 ], [ -81.87249125, 26.893617166666665 ], [ -81.87233630555555, 26.890675583333334 ], [ -81.87195355555555, 26.889083694444444 ], [ -81.871293694444432, 26.887905583333332 ], [ -81.870342694444432, 26.886873777777776 ], [ -81.869547833333328, 26.885969388888888 ], [ -81.868291611111104, 26.8848165 ], [ -81.86707058333333, 26.884332166666667 ], [ -81.865849555555556, 26.883847805555554 ], [ -81.864791722222222, 26.883624527777776 ], [ -81.862107777777766, 26.883738055555554 ], [ -81.86063075, 26.8840685 ], [ -81.85946597222221, 26.88465375 ], [ -81.858159111111107, 26.885379027777777 ], [ -81.857299583333329, 26.88608536111111 ], [ -81.85589275, 26.88775286111111 ], [ -81.85506125, 26.888994027777777 ], [ -81.854805166666665, 26.88980888888889 ], [ -81.854917527777772, 26.89194825 ], [ -81.861180555555549, 26.891683638888889 ] ] } },
{ "type": "Feature", "properties": { "style": "solid", "thickness": 1 }, "geometry": { "type": "LineString", "coordinates": [ [ -81.848389694444435, 26.884317416666665 ], [ -81.849280694444445, 26.901298555555552 ], [ -81.842718833333322, 26.901575194444444 ], [ -81.840915222222222, 26.901383166666665 ], [ -81.840148555555544, 26.901013444444445 ], [ -81.838906444444433, 26.900127722222219 ], [ -81.837039833333336, 26.89873225 ], [ -81.83575580555555, 26.89704422222222 ], [ -81.835387555555556, 26.895719666666665 ], [ -81.835156555555557, 26.89130725 ], [ -81.835391805555545, 26.890091305555554 ], [ -81.8362025, 26.888449111111111 ], [ -81.837197305555549, 26.887469194444446 ], [ -81.838178083333332, 26.88622186111111 ], [ -81.839620194444436, 26.885223083333333 ], [ -81.8413885, 26.884746583333332 ], [ -81.842425277777778, 26.884568888888889 ], [ -81.848389694444435, 26.884317416666665 ] ] } },
{ "type": "Feature", "properties": { "style": "solid", "thickness": 1 }, "geometry": { "type": "LineString", "coordinates": [ [ -81.820050388888887, 26.902528472222222 ], [ -81.8291475, 26.893570083333334 ], [ -81.819163833333334, 26.885547194444445 ] ] } },
{ "type": "Feature", "properties": { "style": "solid", "thickness": 1 }, "geometry": { "type": "LineString", "coordinates": [ [ -81.803787555555559, 26.903076111111108 ], [ -81.810647861111107, 26.902788805555556 ], [ -81.812060972222213, 26.895493388888887 ], [ -81.81074672222222, 26.8960845 ], [ -81.80958855555555, 26.896803027777779 ], [ -81.806904222222215, 26.896915472222222 ], [ -81.805548138888881, 26.896704277777776 ], [ -81.804164222222212, 26.895958194444443 ], [ -81.802575472222216, 26.89414863888889 ], [ -81.802193722222214, 26.892556583333334 ], [ -81.802089305555555, 26.890550916666665 ], [ -81.802907472222216, 26.889042638888888 ], [ -81.803874722222218, 26.887528111111109 ], [ -81.804301166666662, 26.88710825 ], [ -81.805161055555558, 26.88640225 ], [ -81.806638277777779, 26.886072361111111 ], [ -81.808278527777773, 26.886003666666667 ], [ -81.809485388888888, 26.886221111111112 ], [ -81.81100438888889, 26.886693444444443 ], [ -81.812402222222218, 26.887706888888889 ], [ -81.81257225, 26.888101777777777 ] ] } },
{ "type": "Feature", "properties": { "style": "solid", "thickness": 1 }, "geometry": { "type": "LineString", "coordinates": [ [ -81.785797027777775, 26.893375777777777 ], [ -81.78600525, 26.897387166666665 ], [ -81.78657063888889, 26.899641583333334 ], [ -81.786924444444438, 26.900698833333333 ], [ -81.7874135, 26.901482444444444 ], [ -81.789286472222216, 26.903012277777776 ], [ -81.791110861111108, 26.90360611111111 ], [ -81.791707416666668, 26.903581194444442 ], [ -81.793462333333338, 26.902837861111109 ], [ -81.795019416666662, 26.901164777777776 ], [ -81.795574222222214, 26.900337583333332 ], [ -81.795816861111106, 26.899255416666666 ], [ -81.796146055555553, 26.896963611111111 ], [ -81.795937472222221, 26.89295225 ], [ -81.795371916666667, 26.890697861111111 ], [ -81.795018083333332, 26.889640638888888 ], [ -81.794379888888884, 26.888863277777777 ], [ -81.792656194444447, 26.887327277777779 ], [ -81.790832083333328, 26.886733472222222 ], [ -81.790235611111115, 26.886758388888889 ], [ -81.788480944444444, 26.887501666666665 ], [ -81.786774833333325, 26.889180916666668 ], [ -81.786369111111114, 26.890001861111109 ], [ -81.786126388888889, 26.891084 ], [ -81.785797027777775, 26.893375777777777 ] ] } },
{ "type": "Feature", "properties": { "style": "solid", "thickness": 1 }, "geometry": { "type": "LineString", "coordinates": [ [ -81.769393194444447, 26.894059361111111 ], [ -81.769600833333328, 26.898070722222222 ], [ -81.770165888888883, 26.900325222222222 ], [ -81.770519555555552, 26.901382527777777 ], [ -81.7710085, 26.902166166666664 ], [ -81.77288125, 26.903696222222219 ], [ -81.774705555555556, 26.904290277777775 ], [ -81.775302111111117, 26.904265444444444 ], [ -81.777057138888892, 26.903522305555555 ], [ -81.778614472222216, 26.901849416666664 ], [ -81.779169416666662, 26.901022277777777 ], [ -81.77941222222222, 26.899940138888887 ], [ -81.77974175, 26.897648388888889 ], [ -81.779533777777772, 26.893637 ], [ -81.778968527777778, 26.891382555555555 ], [ -81.778614833333336, 26.890325277777777 ], [ -81.777976777777781, 26.889547861111112 ], [ -81.776253305555556, 26.888011666666667 ], [ -81.77442925, 26.887417638888888 ], [ -81.77383277777777, 26.8874425 ], [ -81.77207797222222, 26.888185555555555 ], [ -81.770371611111116, 26.889864611111111 ], [ -81.76996577777777, 26.8906855 ], [ -81.769722916666666, 26.89176761111111 ], [ -81.769393194444447, 26.894059361111111 ] ] } },
{ "type": "Feature", "properties": { "style": "solid", "thickness": 1 }, "geometry": { "type": "LineString", "coordinates": [ [ -81.752989194444439, 26.894740972222223 ], [ -81.75319625, 26.898752388888887 ], [ -81.753761, 26.901006944444443 ], [ -81.754114472222227, 26.902064277777775 ], [ -81.754603305555563, 26.902847972222222 ], [ -81.756475861111113, 26.90437825 ], [ -81.758300083333339, 26.9049725 ], [ -81.758896638888885, 26.90494775 ], [ -81.760651777777781, 26.904204833333331 ], [ -81.762209388888891, 26.90253211111111 ], [ -81.762764444444443, 26.901705055555553 ], [ -81.763007416666667, 26.900622944444443 ], [ -81.763337277777779, 26.898331222222222 ], [ -81.763129861111111, 26.894319833333334 ], [ -81.762564972222222, 26.892065305555555 ], [ -81.762211416666673, 26.891008 ], [ -81.761573472222224, 26.8902305 ], [ -81.759850222222227, 26.888694111111111 ], [ -81.75802625, 26.888099888888888 ], [ -81.75742975, 26.88812463888889 ], [ -81.755674861111117, 26.888867527777776 ], [ -81.75396825, 26.89054636111111 ], [ -81.753562277777775, 26.891367194444445 ], [ -81.75331925, 26.892449277777779 ], [ -81.752989194444439, 26.894740972222223 ] ] } },
{ "type": "Feature", "properties": { "style": "solid", "thickness": 1 }, "geometry": { "type": "LineString", "coordinates": [ [ -81.710324583333332, 28.810610194444447 ], [ -81.711760416666664, 28.811891861111111 ], [ -81.712070972222222, 28.81201327777778 ], [ -81.71405825, 28.812200833333335 ], [ -81.715714055555551, 28.811865888888889 ], [ -81.716596916666674, 28.81129425 ], [ -81.717472777777786, 28.810588916666667 ], [ -81.718168944444443, 28.809354972222224 ], [ -81.71800844444445, 28.806280027777778 ], [ -81.717034916666663, 28.805113666666667 ], [ -81.716399888888887, 28.804603472222222 ], [ -81.71408127777778, 28.803893472222224 ], [ -81.711466111111108, 28.803329388888891 ], [ -81.709602916666668, 28.80260088888889 ], [ -81.708954, 28.801823277777778 ], [ -81.708552916666676, 28.799963833333337 ], [ -81.708765916666664, 28.798213555555556 ], [ -81.709469055555559, 28.797113333333336 ], [ -81.710200055555561, 28.796547861111112 ], [ -81.710786222222225, 28.796122222222223 ], [ -81.711524194444451, 28.795690472222223 ], [ -81.71317275, 28.795221833333336 ], [ -81.714083388888895, 28.795185 ], [ -81.715007944444451, 28.795415527777781 ], [ -81.716250027777775, 28.79590113888889 ], [ -81.717036777777778, 28.796405194444446 ], [ -81.718155027777783, 28.797431722222225 ] ] } },
{ "type": "Feature", "properties": { "style": "solid", "thickness": 1 }, "geometry": { "type": "LineString", "coordinates": [ [ -81.70282536111111, 28.812654861111113 ], [ -81.694656583333341, 28.795969777777778 ], [ -81.688556472222231, 28.81323027777778 ] ] } },
{ "type": "Feature", "properties": { "style": "solid", "thickness": 1 }, "geometry": { "type": "LineString", "coordinates": [ [ -81.680497305555562, 28.813286666666666 ], [ -81.678220333333343, 28.813378222222223 ], [ -81.677361333333337, 28.796800138888891 ] ] } },
{ "type": "Feature", "properties": { "style": "solid", "thickness": 1 }, "geometry": { "type": "LineString", "coordinates": [ [ -81.662433222222234, 28.814011916666669 ], [ -81.66445475, 28.811921305555558 ], [ -81.666179527777786, 28.809976527777778 ], [ -81.667607583333336, 28.808177611111113 ], [ -81.668463, 28.8070715 ], [ -81.669152777777782, 28.805704083333335 ], [ -81.669387194444454, 28.804354972222225 ], [ -81.669476722222228, 28.803145611111113 ], [ -81.66935222222223, 28.800739111111113 ], [ -81.668848472222223, 28.79982152777778 ], [ -81.66819986111112, 28.799043722222223 ], [ -81.667544333333339, 28.798132222222225 ], [ -81.664301722222234, 28.797190527777779 ], [ -81.662480416666668, 28.797263555555556 ], [ -81.660555666666667, 28.798278527777779 ], [ -81.660265916666674, 28.798558083333337 ], [ -81.659106944444446, 28.799676277777781 ], [ -81.658968972222226, 28.79994975 ], [ -81.6584585, 28.801845805555555 ], [ -81.658527527777778, 28.80318275 ], [ -81.658879416666679, 28.804106472222223 ], [ -81.659224416666675, 28.804896472222222 ], [ -81.659879888888895, 28.805808 ], [ -81.661142555555557, 28.806695222222224 ], [ -81.6623845, 28.807181333333332 ], [ -81.663150361111121, 28.807284583333335 ], [ -81.664212888888898, 28.807242 ], [ -81.664964916666676, 28.807077861111111 ], [ -81.667490027777788, 28.80590477777778 ], [ -81.669394111111117, 28.804488666666668 ] ] } },
{ "type": "Feature", "properties": { "style": "solid", "thickness": 1 }, "geometry": { "type": "LineString", "coordinates": [ [ -81.641417444444457, 28.801723583333334 ], [ -81.652042222222221, 28.80129886111111 ], [ -81.643768638888901, 28.81489275 ], [ -81.642914972222229, 28.7983145 ] ] } },
{ "type": "Feature", "properties": { "style": "solid", "thickness": 1 }, "geometry": { "type": "LineString", "coordinates": [ [ -81.635296888888902, 28.806924777777777 ], [ -81.625885805555555, 28.807299833333335 ] ] } },
{ "type": "Feature", "properties": { "style": "solid", "thickness": 1 }, "geometry": { "type": "LineString", "coordinates": [ [ -81.618258861111102, 28.815775416666668 ], [ -81.615981805555549, 28.815865944444447 ], [ -81.615132444444441, 28.799287583333335 ] ] } },
{ "type": "Feature", "properties": { "style": "solid", "thickness": 1 }, "geometry": { "type": "LineString", "coordinates": [ [ -81.5718855, 28.8131905 ], [ -81.57192625, 28.813992694444444 ], [ -81.571670222222224, 28.814940555555555 ], [ -81.571124138888891, 28.81616775 ], [ -81.570557694444446, 28.816993888888888 ], [ -81.569674, 28.817564555555556 ], [ -81.568473111111103, 28.817879805555556 ], [ -81.566195972222218, 28.8179695 ], [ -81.5645125, 28.817767861111111 ], [ -81.563733111111105, 28.817396638888887 ], [ -81.562622944444442, 28.816502583333335 ], [ -81.562285416666668, 28.815846055555557 ], [ -81.561927555555556, 28.814788416666666 ], [ -81.561819027777773, 28.81264925 ], [ -81.562081944444444, 28.811835111111112 ], [ -81.563305666666665, 28.808973666666667 ], [ -81.565032222222214, 28.807030194444444 ], [ -81.567787305555555, 28.804376333333334 ], [ -81.571108611111114, 28.800896277777777 ], [ -81.561546138888886, 28.801272944444445 ] ] } },
{ "type": "Feature", "properties": { "style": "solid", "thickness": 1 }, "geometry": { "type": "LineString", "coordinates": [ [ -81.529160833333336, 28.81955688888889 ], [ -81.538444611111103, 28.810619833333334 ], [ -81.52830475, 28.802577083333333 ] ] } },
{ "type": "Feature", "properties": { "style": "solid", "thickness": 1 }, "geometry": { "type": "LineString", "coordinates": [ [ -81.512606416666671, 28.820069333333333 ], [ -81.519589861111115, 28.819796888888888 ], [ -81.521048111111114, 28.812506 ], [ -81.519708805555553, 28.813094138888889 ], [ -81.518528, 28.813810055555557 ], [ -81.5157955, 28.813916694444444 ], [ -81.514415805555558, 28.813702583333335 ], [ -81.51300925, 28.812953666666669 ], [ -81.511397138888896, 28.811141055555556 ], [ -81.511012916666672, 28.8095485 ], [ -81.510912138888884, 28.807543 ], [ -81.511749, 28.806036805555557 ], [ -81.512737638888893, 28.804524666666666 ], [ -81.513172833333329, 28.804105805555555 ], [ -81.514049972222224, 28.803401777777779 ], [ -81.515554444444447, 28.803075166666666 ], [ -81.517224111111105, 28.80301 ], [ -81.51845188888889, 28.80323 ], [ -81.519996722222217, 28.803705555555556 ], [ -81.52141669444444, 28.804721777777779 ], [ -81.521588666666659, 28.805116944444446 ] ] } },
{ "type": "Feature", "properties": { "style": "solid", "thickness": 1 }, "geometry": { "type": "LineString", "coordinates": [ [ -81.494321583333331, 28.810332083333336 ], [ -81.494522527777775, 28.814343111111111 ], [ -81.49509180555556, 28.816598305555555 ], [ -81.495449027777781, 28.817656111111109 ], [ -81.495944666666674, 28.818440611111111 ], [ -81.497846833333341, 28.819974194444445 ], [ -81.499702138888892, 28.820571833333332 ], [ -81.500309416666667, 28.820548222222222 ], [ -81.502097638888884, 28.819808833333333 ], [ -81.503687083333332, 28.818139472222221 ], [ -81.504254083333336, 28.817313611111111 ], [ -81.504504, 28.816232194444446 ], [ -81.504845361111109, 28.813941583333335 ], [ -81.504644027777772, 28.809930583333333 ], [ -81.504074555555562, 28.807675416666669 ], [ -81.503717305555554, 28.806617638888891 ], [ -81.503069861111115, 28.805839055555555 ], [ -81.501319638888887, 28.804299638888889 ], [ -81.499464611111108, 28.803702 ], [ -81.49885744444444, 28.803725638888888 ], [ -81.497069444444449, 28.804464972222224 ], [ -81.495328333333333, 28.806140194444446 ], [ -81.49491313888889, 28.806960083333333 ], [ -81.494663111111109, 28.8080415 ], [ -81.494321583333331, 28.810332083333336 ] ] } },
{ "type": "Feature", "properties": { "style": "solid", "thickness": 1 }, "geometry": { "type": "LineString", "coordinates": [ [ -81.477623388888887, 28.810979972222224 ], [ -81.477823694444453, 28.814990972222223 ], [ -81.478392638888891, 28.81724625 ], [ -81.478749694444446, 28.818304083333334 ], [ -81.479245194444445, 28.819088638888889 ], [ -81.481147138888886, 28.820622444444446 ], [ -81.483002361111119, 28.821220333333333 ], [ -81.483609611111106, 28.821196777777779 ], [ -81.485398, 28.82045763888889 ], [ -81.486987694444451, 28.818788444444444 ], [ -81.487554805555561, 28.817962666666666 ], [ -81.487804916666661, 28.816881305555555 ], [ -81.488146611111105, 28.814590722222224 ], [ -81.487945916666661, 28.810579694444446 ], [ -81.487376805555556, 28.808324472222225 ], [ -81.487019694444442, 28.80726663888889 ], [ -81.486372388888896, 28.806488 ], [ -81.484622416666667, 28.804948361111112 ], [ -81.482767472222221, 28.804350527777778 ], [ -81.482160305555553, 28.804374055555556 ], [ -81.480372194444442, 28.805113194444445 ], [ -81.478630777777781, 28.806788194444444 ], [ -81.478215444444444, 28.807608027777778 ], [ -81.477965277777784, 28.808689416666667 ], [ -81.477623388888887, 28.810979972222224 ] ] } },
{ "type": "Feature", "properties": { "style": "solid", "thickness": 1 }, "geometry": { "type": "LineString", "coordinates": [ [ -81.460925, 28.811625805555558 ], [ -81.46112469444445, 28.815636833333333 ], [ -81.461693277777783, 28.817892166666667 ], [ -81.462050166666671, 28.818950055555554 ], [ -81.462545555555565, 28.819734666666665 ], [ -81.464447277777779, 28.821268694444445 ], [ -81.466302388888892, 28.821866805555555 ], [ -81.466909666666666, 28.821843333333334 ], [ -81.46869816666667, 28.821104388888887 ], [ -81.47028813888889, 28.819435388888888 ], [ -81.470855388888893, 28.818609694444444 ], [ -81.471105666666674, 28.817528361111112 ], [ -81.471447722222223, 28.815237805555558 ], [ -81.47124766666667, 28.81122677777778 ], [ -81.470678888888884, 28.8089715 ], [ -81.47032194444445, 28.807913638888891 ], [ -81.46967475, 28.807134916666666 ], [ -81.467925, 28.805595083333333 ], [ -81.466070166666668, 28.804997 ], [ -81.465462972222227, 28.805020472222221 ], [ -81.46367475000001, 28.805759361111111 ], [ -81.461933083333335, 28.80743413888889 ], [ -81.46151761111112, 28.808253944444445 ], [ -81.46126725, 28.80933527777778 ], [ -81.460925, 28.811625805555558 ] ] } },
{ "type": "Feature", "properties": { "style": "solid", "thickness": 1 }, "geometry": { "type": "LineString", "coordinates": [ [ -82.414328805555556, 28.44924811111111 ], [ -82.415321722222231, 28.466224361111109 ], [ -82.408968638888894, 28.466514416666666 ], [ -82.407607250000012, 28.466576555555555 ], [ -82.406501555555565, 28.465822833333334 ], [ -82.405690583333339, 28.464921611111109 ], [ -82.40565936111112, 28.464386944444446 ], [ -82.405503222222222, 28.4617135 ], [ -82.40563105555556, 28.461305583333331 ], [ -82.406022361111113, 28.460215527777777 ], [ -82.407456833333342, 28.458809805555553 ], [ -82.405897444444449, 28.458076777777777 ], [ -82.40511775, 28.45771025 ], [ -82.404322472222233, 28.45707638888889 ], [ -82.403798472222235, 28.455894027777777 ], [ -82.403595555555555, 28.452418555555553 ], [ -82.403994666666676, 28.451462166666666 ], [ -82.405006527777786, 28.45061186111111 ], [ -82.405731527777789, 28.450042666666665 ], [ -82.406464305555559, 28.449607166666667 ], [ -82.414328805555556, 28.44924811111111 ] ] } },
{ "type": "Feature", "properties": { "style": "solid", "thickness": 1 }, "geometry": { "type": "LineString", "coordinates": [ [ -82.414868222222225, 28.458471444444445 ], [ -82.407456833333342, 28.458809805555553 ] ] } },
{ "type": "Feature", "properties": { "style": "solid", "thickness": 1 }, "geometry": { "type": "LineString", "coordinates": [ [ -82.39807755555556, 28.467011 ], [ -82.397087333333346, 28.450034638888887 ] ] } },
{ "type": "Feature", "properties": { "style": "solid", "thickness": 1 }, "geometry": { "type": "LineString", "coordinates": [ [ -82.387632388888889, 28.467352416666664 ], [ -82.397578527777782, 28.458456 ], [ -82.386500361111118, 28.450516527777776 ] ] } },
{ "type": "Feature", "properties": { "style": "solid", "thickness": 1 }, "geometry": { "type": "LineString", "coordinates": [ [ -82.126828333333322, 27.957298388888887 ], [ -82.119489, 27.974640805555556 ], [ -82.11071716666666, 27.958003055555555 ] ] } },
{ "type": "Feature", "properties": { "style": "solid", "thickness": 1 }, "geometry": { "type": "LineString", "coordinates": [ [ -82.124422444444434, 27.962898777777777 ], [ -82.11358075, 27.963372972222221 ] ] } },
{ "type": "Feature", "properties": { "style": "solid", "thickness": 1 }, "geometry": { "type": "LineString", "coordinates": [ [ -82.210729138888894, 27.313407 ], [ -82.203522638888899, 27.305284694444445 ] ] } },
{ "type": "Feature", "properties": { "style": "solid", "thickness": 1 }, "geometry": { "type": "LineString", "coordinates": [ [ -82.215645472222221, 27.304743138888888 ], [ -82.21659702777778, 27.321722861111112 ], [ -82.20911266666667, 27.322057333333333 ], [ -82.20849897222223, 27.321816666666667 ], [ -82.207121833333332, 27.321342027777778 ], [ -82.205699861111114, 27.320065166666666 ], [ -82.205026305555563, 27.318754916666666 ], [ -82.204936555555562, 27.317150527777777 ], [ -82.205460472222228, 27.315786805555557 ], [ -82.206732777777788, 27.314389666666667 ], [ -82.208049944444454, 27.313794722222223 ], [ -82.208633694444444, 27.313500583333333 ], [ -82.216117472222223, 27.313166166666669 ] ] } },
{ "type": "Feature", "properties": { "style": "solid", "thickness": 1 }, "geometry": { "type": "LineString", "coordinates": [ [ -82.187707166666669, 27.32301163888889 ], [ -82.19040158333334, 27.322891694444444 ], [ -82.19174133333334, 27.322698 ], [ -82.194368527777783, 27.321374694444444 ], [ -82.196786222222229, 27.31898838888889 ], [ -82.197587222222225, 27.317210277777779 ], [ -82.197916722222232, 27.315051055555557 ], [ -82.197819611111115, 27.313312972222224 ], [ -82.197430611111116, 27.311721916666666 ], [ -82.196585138888892, 27.310017194444445 ], [ -82.194819277777782, 27.307951361111112 ], [ -82.194183277777782, 27.307309555555555 ], [ -82.192941138888898, 27.306560694444446 ], [ -82.190352027777777, 27.305871833333335 ], [ -82.187209, 27.30601175 ], [ -82.18572725, 27.306345777777778 ], [ -82.184260388888887, 27.306947166666667 ], [ -82.183384722222229, 27.307388194444446 ], [ -82.1819476388889, 27.308524361111111 ], [ -82.18069, 27.310188666666669 ], [ -82.180300583333334, 27.31127825 ], [ -82.17996330555556, 27.313303694444446 ], [ -82.180142083333337, 27.3165125 ], [ -82.181668055555562, 27.319661416666666 ], [ -82.182625777777787, 27.320691083333333 ], [ -82.183725777777781, 27.32158038888889 ], [ -82.184810861111117, 27.322202277777777 ], [ -82.185117694444443, 27.322322666666665 ], [ -82.187707166666669, 27.32301163888889 ] ] } },
{ "type": "Feature", "properties": { "style": "solid", "thickness": 1 }, "geometry": { "type": "LineString", "coordinates": [ [ -82.185591944444454, 27.3093005 ], [ -82.180482111111118, 27.30376438888889 ] ] } },
{ "type": "Feature", "properties": { "style": "solid", "thickness": 1 }, "geometry": { "type": "LineString", "coordinates": [ [ -81.60713058333333, 28.81233236111111 ], [ -81.6070335, 28.813407972222222 ], [ -81.606764083333331, 28.8140885 ], [ -81.605763, 28.815333916666667 ], [ -81.604879527777769, 28.815904833333335 ], [ -81.603996055555555, 28.816475722222222 ], [ -81.602643472222212, 28.816797305555557 ], [ -81.601884416666664, 28.816827388888889 ], [ -81.600200888888878, 28.816626194444446 ], [ -81.598786833333335, 28.815744444444444 ], [ -81.597828222222219, 28.814844638888889 ], [ -81.597635444444435, 28.814048472222222 ], [ -81.597498916666666, 28.811374555555556 ], [ -81.598065138888884, 28.810548305555557 ], [ -81.599079916666668, 28.809570333333333 ], [ -81.600391416666668, 28.808446611111112 ], [ -81.601454, 28.8084045 ] ] } },
{ "type": "Feature", "properties": { "style": "solid", "thickness": 1 }, "geometry": { "type": "LineString", "coordinates": [ [ -81.600391416666668, 28.808446611111112 ], [ -81.598522083333322, 28.807582916666668 ], [ -81.597887611111105, 28.807072194444444 ], [ -81.59708086111111, 28.80616638888889 ], [ -81.596908611111104, 28.805771305555556 ], [ -81.596695361111102, 28.804574027777779 ], [ -81.596674888888884, 28.804172944444446 ], [ -81.596772083333335, 28.80309736111111 ], [ -81.597034694444446, 28.802283138888889 ], [ -81.597745833333335, 28.801317194444444 ], [ -81.598622388888884, 28.800612638888889 ], [ -81.60009925, 28.799750305555555 ], [ -81.603590222222223, 28.79961188888889 ], [ -81.604673222222218, 28.799970833333337 ], [ -81.606397527777773, 28.800974166666666 ], [ -81.60671475, 28.801229527777778 ], [ -81.6072385, 28.802548416666667 ], [ -81.607265861111102, 28.803083194444444 ] ] } },
{ "type": "Feature", "properties": { "style": "solid", "thickness": 1 }, "geometry": { "type": "LineString", "coordinates": [ [ -81.59068875, 28.800122972222223 ], [ -81.578347472222219, 28.817624416666668 ] ] } },
{ "type": "Feature", "properties": { "style": "solid", "thickness": 1 }, "geometry": { "type": "LineString", "coordinates": [ [ -81.591099333333332, 28.817120527777778 ], [ -81.576876444444437, 28.80066877777778 ] ] } },
{ "type": "Feature", "properties": { "style": "solid", "thickness": 1 }, "geometry": { "type": "LineString", "coordinates": [ [ -81.554910638888884, 28.814394527777779 ], [ -81.554813027777769, 28.815470083333334 ], [ -81.554543277777782, 28.8161505 ], [ -81.553541583333327, 28.817395527777776 ], [ -81.552657805555555, 28.817966111111112 ], [ -81.551774027777782, 28.818536666666667 ], [ -81.550421277777772, 28.818857722222223 ], [ -81.549662222222224, 28.818887527777779 ], [ -81.54797875, 28.818685666666667 ], [ -81.546565111111107, 28.817803416666667 ], [ -81.545606916666671, 28.81690325 ], [ -81.54541452777778, 28.816107027777779 ], [ -81.545279305555553, 28.813433055555556 ], [ -81.545845944444437, 28.81260702777778 ], [ -81.546861222222219, 28.811629444444446 ], [ -81.548173305555551, 28.81050625 ], [ -81.549235888888887, 28.810464527777778 ] ] } },
{ "type": "Feature", "properties": { "style": "solid", "thickness": 1 }, "geometry": { "type": "LineString", "coordinates": [ [ -81.548173305555551, 28.81050625 ], [ -81.546304361111112, 28.809641833333334 ], [ -81.54567013888888, 28.809130861111111 ], [ -81.544863805555551, 28.80822475 ], [ -81.544691722222225, 28.80782961111111 ], [ -81.544479083333329, 28.80663227777778 ], [ -81.54445880555555, 28.806231194444447 ], [ -81.544556527777772, 28.805155638888891 ], [ -81.544819555555549, 28.80434152777778 ], [ -81.545531166666663, 28.80337586111111 ], [ -81.546408083333333, 28.802671638888889 ], [ -81.547885388888886, 28.801809861111114 ], [ -81.551376472222216, 28.801672777777778 ], [ -81.552459305555558, 28.80203213888889 ], [ -81.554183138888888, 28.803036111111112 ], [ -81.55450025, 28.803291583333333 ], [ -81.555023361111111, 28.804610666666669 ], [ -81.555050444444447, 28.805145472222222 ] ] } }
]
}
